feature_0,feature_1,feature_2,feature_3,feature_4,feature_5,feature_6,feature_7,feature_8,feature_9,feature_10,feature_11,feature_12,feature_13,feature_14,feature_15,feature_16,feature_17,feature_18,feature_19,feature_20,feature_21,feature_22,feature_23,feature_24,feature_25,feature_26,feature_27,feature_28,feature_29,feature_30,feature_31,feature_32,feature_33,feature_34,feature_35,feature_36,feature_37,feature_38,feature_39,feature_40,feature_41,feature_42,feature_43,feature_44,feature_45,feature_46,feature_47,feature_48,feature_49,feature_50,feature_51,feature_52,feature_53,feature_54,feature_55,feature_56,feature_57,feature_58,feature_59,feature_60,feature_61,feature_62
0.0,0.0,0.0,0.4277743697166443,-0.14454497396945953,0.13008329272270203,0.6986129879951477,-0.35843560099601746,0.15621840953826904,0.9176135063171387,-0.4993632137775421,0.10888340324163437,1.0283787250518799,-0.691561222076416,0.06824371218681335,0.44937628507614136,-0.8608920574188232,0.3040051758289337,0.7023890018463135,-1.1392947435379028,0.22156085073947906,0.8890432119369507,-1.0067620277404785,0.11684345453977585,0.9314780831336975,-0.8215898275375366,0.06491629779338837,0.35552138090133667,-0.9206422567367554,0.1613146960735321,0.6800241470336914,-1.2341663837432861,0.07636862248182297,0.8784214854240417,-1.0466889142990112,-0.020171551033854485,0.8941212892532349,-0.8208162188529968,-0.06507981568574905,0.2699773609638214,-0.933761477470398,0.000738679722417146,0.630993664264679,-1.2546443939208984,-0.08310852199792862,0.8492761850357056,-1.0635818243026733,-0.12226644903421402,0.880722165107727,-0.8345060348510742,-0.12427195906639099,0.22268161177635193,-0.8859691619873047,-0.1563355028629303,0.5808817148208618,-1.1285568475723267,-0.22065795958042145,0.8112391829490662,-1.0228594541549683,-0.22163048386573792,0.8975812792778015,-0.8543068766593933,-0.2047867625951767
0.0,0.0,0.0,0.4413902759552002,-0.12657733261585236,0.1422966569662094,0.708126962184906,-0.32904791831970215,0.18458347022533417,0.9316061735153198,-0.46721312403678894,0.14859868586063385,1.0360772609710693,-0.6579654216766357,0.1192520260810852,0.43865689635276794,-0.8518494963645935,0.35675761103630066,0.7166879177093506,-1.1098443269729614,0.2851579487323761,0.8987917900085449,-0.9686540961265564,0.18214043974876404,0.9330956935882568,-0.7774897217750549,0.1319224089384079,0.35599786043167114,-0.9097899794578552,0.21341899037361145,0.697092592716217,-1.2115293741226196,0.13965560495853424,0.8889091610908508,-1.0180461406707764,0.041668761521577835,0.9002065658569336,-0.7897046208381653,-0.003693504026159644,0.29054322838783264,-0.9231378436088562,0.05047450587153435,0.666365921497345,-1.2377667427062988,-0.031465597450733185,0.8740429282188416,-1.032723307609558,-0.07548297196626663,0.8930432200431824,-0.7947742342948914,-0.0771528035402298,0.26546987891197205,-0.8798279166221619,-0.10805618017911911,0.6310703158378601,-1.1266294717788696,-0.16694572567939758,0.8446359634399414,-1.0009195804595947,-0.16374273598194122,0.9121208786964417,-0.8134746551513672,-0.14253179728984833
0.0,0.0,0.0,0.45455819368362427,-0.1018046960234642,0.16131748259067535,0.7074344158172607,-0.2825668752193451,0.2171153724193573,0.9339619278907776,-0.4151054322719574,0.18470735847949982,1.018587350845337,-0.5932127237319946,0.15380261838436127,0.4781152009963989,-0.8091284036636353,0.4183967411518097,0.741197943687439,-1.040801763534546,0.36553794145584106,0.904303252696991,-0.907288134098053,0.27089232206344604,0.9278245568275452,-0.7210228443145752,0.22468000650405884,0.40997228026390076,-0.8724908232688904,0.2658618092536926,0.7292695641517639,-1.1563775539398193,0.1992696225643158,0.9094929099082947,-0.9606775045394897,0.09839849174022675,0.9155996441841125,-0.728339433670044,0.0535123236477375,0.3517213463783264,-0.8997128009796143,0.09152976423501968,0.7078162431716919,-1.1954411268234253,0.004449971951544285,0.8962256908416748,-0.9649422764778137,-0.04926013574004173,0.8984376192092896,-0.716796875,-0.051414232701063156,0.3224800229072571,-0.874406099319458,-0.07674277573823929,0.6549873948097229,-1.1383460760116577,-0.13648276031017303,0.8487550020217896,-0.9956268668174744,-0.13590116798877716,0.9032229781150818,-0.7874121069908142,-0.11513716727495193
0.0,0.0,0.0,0.44591569900512695,-0.08786915987730026,0.14427576959133148,0.710957407951355,-0.29783016443252563,0.21332214772701263,0.921913206577301,-0.44706666469573975,0.20028838515281677,0.9911413192749023,-0.6005999445915222,0.19008256494998932,0.4817178547382355,-0.8041636943817139,0.41459208726882935,0.7214261889457703,-1.0745298862457275,0.3698750138282776,0.8866194486618042,-0.9510864615440369,0.28142040967941284,0.9079884886741638,-0.7784280180931091,0.23719696700572968,0.41257280111312866,-0.8682424426078796,0.2755700349807739,0.6986166834831238,-1.186977744102478,0.21028530597686768,0.8793106079101562,-0.9966944456100464,0.10446179658174515,0.8805112242698669,-0.7726141214370728,0.05602903291583061,0.3411109447479248,-0.9010186195373535,0.1139143854379654,0.6567501425743103,-1.235500693321228,0.031333278864622116,0.8561831116676331,-1.0251790285110474,-0.035097021609544754,0.8655092716217041,-0.7849098443984985,-0.048034243285655975,0.2863920032978058,-0.8890858292579651,-0.043028831481933594,0.6099425554275513,-1.1644428968429565,-0.10560774803161621,0.8152639865875244,-1.0275958776474,-0.11901769787073135,0.872309148311615,-0.8237102031707764,-0.11004658043384552
0.0,0.0,0.0,0.4457452595233917,-0.12465481460094452,0.1119994968175888,0.7267591953277588,-0.33520030975341797,0.14089161157608032,0.9440459609031677,-0.5040165781974792,0.0936785340309143,0.983718752861023,-0.7127498388290405,0.053819168359041214,0.45678696036338806,-0.8471419811248779,0.3422136604785919,0.7113088369369507,-1.1444646120071411,0.2491573691368103,0.905205488204956,-1.0025883913040161,0.1284884363412857,0.9464201331138611,-0.806238055229187,0.06911329925060272,0.3695940375328064,-0.9057769179344177,0.20728829503059387,0.6745859384536743,-1.2419511079788208,0.11022786051034927,0.8949460983276367,-1.039634108543396,-0.0022708196192979813,0.9203886389732361,-0.80055832862854,-0.0536855086684227,0.28914526104927063,-0.9312517642974854,0.047528572380542755,0.6210809946060181,-1.275099754333496,-0.04905817285180092,0.8558444976806641,-1.0630308389663696,-0.1011088415980339,0.887391984462738,-0.8193567991256714,-0.10643772780895233,0.23541563749313354,-0.9069007039070129,-0.11175675690174103,0.5765283703804016,-1.1709667444229126,-0.17799033224582672,0.7849642634391785,-1.0276622772216797,-0.17906130850315094,0.8359923362731934,-0.8245625495910645,-0.16161338984966278
0.0,0.0,0.0,0.4276863634586334,-0.1476495862007141,0.07894822210073471,0.7057006359100342,-0.38084423542022705,0.08752455562353134,0.9202739596366882,-0.5628910660743713,0.028129354119300842,0.9752619862556458,-0.7771118879318237,-0.020033789798617363,0.4171247184276581,-0.8884188532829285,0.2832978069782257,0.6618360877037048,-1.1889060735702515,0.17125879228115082,0.8513401746749878,-1.0416913032531738,0.04517374932765961,0.8892228007316589,-0.8439892530441284,-0.014686237089335918,0.3189708888530731,-0.9335096478462219,0.16376005113124847,0.6168439388275146,-1.2605260610580444,0.05457198992371559,0.8358122706413269,-1.0607916116714478,-0.05387089401483536,0.8688637614250183,-0.8343853950500488,-0.10073110461235046,0.22930139303207397,-0.9418056011199951,0.01825016736984253,0.5600356459617615,-1.282644271850586,-0.09027215093374252,0.7961794137954712,-1.0806419849395752,-0.1394633650779724,0.8402444124221802,-0.8424370288848877,-0.13935218751430511,0.17227326333522797,-0.898343026638031,-0.12872113287448883,0.5143487453460693,-1.160794734954834,-0.20517031848430634,0.7317127585411072,-1.0331803560256958,-0.21056656539440155,0.7996950149536133,-0.8420608639717102,-0.19296541810035706
0.0,0.0,0.0,0.39047864079475403,-0.17767785489559174,0.09800746291875839,0.6554469466209412,-0.37935903668403625,0.08828234672546387,0.8683328032493591,-0.5236579775810242,0.016944753006100655,0.9107832312583923,-0.6947208642959595,-0.0392746664583683,0.3241713345050812,-0.9528021812438965,0.18403151631355286,0.6350563764572144,-1.2035095691680908,0.06250844150781631,0.8056423664093018,-0.9898985624313354,-0.04953799024224281,0.793519914150238,-0.7716491222381592,-0.10016583651304245,0.22324234247207642,-0.9732508063316345,0.05427439138293266,0.6123061776161194,-1.2226167917251587,-0.037658095359802246,0.7938845753669739,-0.9799872040748596,-0.10491488128900528,0.7618916034698486,-0.766236424446106,-0.13448955118656158,0.1614765077829361,-0.9400185346603394,-0.09146511554718018,0.5643566250801086,-1.2160141468048096,-0.18230831623077393,0.7572751045227051,-0.9905205368995667,-0.18093471229076385,0.7522521018981934,-0.7790566086769104,-0.15745455026626587,0.1455986052751541,-0.8390080332756042,-0.23605476319789886,0.5170447826385498,-1.0607945919036865,-0.3039868175983429,0.705929696559906,-0.9246544241905212,-0.27806445956230164,0.7443214654922485,-0.758865475654602,-0.24046674370765686
0.0,0.0,0.0,0.39172032475471497,-0.17929892241954803,0.09552975744009018,0.6620715260505676,-0.39158064126968384,0.08617960661649704,0.8747721314430237,-0.538477897644043,0.01421043835580349,0.9473269581794739,-0.7131543755531311,-0.04518194496631622,0.34845438599586487,-0.9450270533561707,0.194720059633255,0.651419997215271,-1.1968374252319336,0.06783878058195114,0.8428325653076172,-1.0170224905014038,-0.052498411387205124,0.8584704995155334,-0.815170407295227,-0.10884907841682434,0.2461179941892624,-0.9670827388763428,0.06462857872247696,0.634749174118042,-1.2216105461120605,-0.037685345858335495,0.8350635170936584,-0.9937291145324707,-0.11354580521583557,0.8218931555747986,-0.7811757326126099,-0.14627933502197266,0.17087721824645996,-0.937774121761322,-0.08270807564258575,0.5756346583366394,-1.2103769779205322,-0.18324629962444305,0.7827056050300598,-0.9887838363647461,-0.18793213367462158,0.791523814201355,-0.774800181388855,-0.16533362865447998,0.13453836739063263,-0.8444724678993225,-0.22923138737678528,0.5089803338050842,-1.055910348892212,-0.30418944358825684,0.7075474262237549,-0.9231924414634705,-0.28225159645080566,0.7549125552177429,-0.7603716254234314,-0.24549557268619537
0.0,0.0,0.0,0.42695847153663635,-0.14922915399074554,0.10184485465288162,0.7071815133094788,-0.34811878204345703,0.11400657892227173,0.9292303323745728,-0.4887048602104187,0.06129838898777962,0.970844566822052,-0.6784456372261047,0.018736733123660088,0.42933958768844604,-0.898629903793335,0.2368442416191101,0.7218416333198547,-1.1649092435836792,0.12479570508003235,0.9063988924026489,-0.9958447217941284,0.0069800871424376965,0.9267087578773499,-0.8040884733200073,-0.04833138734102249,0.33186963200569153,-0.9368909001350403,0.10999079048633575,0.7021342515945435,-1.1983914375305176,0.012973036617040634,0.8948491811752319,-0.9754423499107361,-0.07509643584489822,0.8884426951408386,-0.762691080570221,-0.11500173062086105,0.2534860074520111,-0.926527738571167,-0.0361812487244606,0.6457682847976685,-1.1961266994476318,-0.13201308250427246,0.8509031534194946,-0.9868234395980835,-0.16253554821014404,0.8644458651542664,-0.7686396837234497,-0.15655827522277832,0.20712292194366455,-0.857127845287323,-0.18141920864582062,0.5741937160491943,-1.0781745910644531,-0.25233379006385803,0.7762988805770874,-0.9466907382011414,-0.24849919974803925,0.8337108492851257,-0.7689265608787537,-0.22641496360301971
0.0,0.0,0.0,0.4413127899169922,-0.10088382661342621,0.10445267707109451,0.7439690232276917,-0.30204328894615173,0.13936443626880646,0.9759582877159119,-0.4314591586589813,0.1033899113535881,1.038761854171753,-0.5875324606895447,0.07508011907339096,0.49639561772346497,-0.8385422229766846,0.306868314743042,0.7626780867576599,-1.110703945159912,0.20331677794456482,0.9490715265274048,-0.937030017375946,0.0787898451089859,0.9807584285736084,-0.7322052121162415,0.01795167662203312,0.41679269075393677,-0.8912385702133179,0.17882302403450012,0.7327154874801636,-1.177091121673584,0.07055778056383133,0.9434876441955566,-0.9554781317710876,-0.04649884253740311,0.9644522666931152,-0.7206054329872131,-0.0999581590294838,0.3415013253688812,-0.9096079468727112,0.026542451232671738,0.6900014877319336,-1.2026245594024658,-0.08155152946710587,0.919485330581665,-0.9936697483062744,-0.15167635679244995,0.9534262418746948,-0.7570248246192932,-0.16542679071426392,0.2926100492477417,-0.8817139267921448,-0.12520655989646912,0.6365982294082642,-1.1140620708465576,-0.20530284941196442,0.8567903637886047,-0.9841956496238708,-0.22981230914592743,0.9295979738235474,-0.7958551049232483,-0.22645054757595062
0.0,0.0,0.0,0.44174924492836,-0.08252266049385071,0.09028018265962601,0.7537235617637634,-0.2653835117816925,0.12001302093267441,0.9823951125144958,-0.40373724699020386,0.07934218645095825,1.0161874294281006,-0.6007582545280457,0.044243182986974716,0.5572839379310608,-0.7961542010307312,0.31296318769454956,0.7974932193756104,-1.0965622663497925,0.2110757976770401,0.9779922366142273,-0.9336435198783875,0.08564478904008865,1.0160924196243286,-0.7390145659446716,0.02346477098762989,0.4801422953605652,-0.8564490675926208,0.1896265745162964,0.757037341594696,-1.1873234510421753,0.07440661638975143,0.9605977535247803,-0.9670457243919373,-0.05565479025244713,0.9839861989021301,-0.7314307689666748,-0.11579849570989609,0.3869243264198303,-0.8992315530776978,0.04094589874148369,0.6912121176719666,-1.2400972843170166,-0.07193829864263535,0.9167912602424622,-1.0236022472381592,-0.14736922085285187,0.9521790742874146,-0.7785460948944092,-0.16216914355754852,0.29908156394958496,-0.9023770689964294,-0.10822667181491852,0.6116753816604614,-1.1697739362716675,-0.1897822618484497,0.8259370923042297,-1.0324912071228027,-0.21282391250133514,0.8921047449111938,-0.8323060870170593,-0.20735344290733337
0.0,0.0,0.0,0.4289024770259857,-0.0712769404053688,0.12034066021442413,0.7163534760475159,-0.2451462298631668,0.15964391827583313,0.9375203251838684,-0.36686792969703674,0.12322627007961273,1.014397144317627,-0.5642540454864502,0.0928991287946701,0.5258930921554565,-0.7994557023048401,0.35741138458251953,0.7752130627632141,-1.0917582511901855,0.2850550413131714,0.945044219493866,-0.9199849963188171,0.1781764030456543,0.9599012136459351,-0.7228056788444519,0.1261548399925232,0.4595271348953247,-0.8593928813934326,0.22422930598258972,0.7464256286621094,-1.175294280052185,0.14853522181510925,0.9318909645080566,-0.9557314515113831,0.03587295114994049,0.9255450367927551,-0.7294780611991882,-0.02119327150285244,0.38041600584983826,-0.8991873264312744,0.06818622350692749,0.6961588859558105,-1.2245378494262695,-0.007601204328238964,0.9040939807891846,-1.0045360326766968,-0.06313613802194595,0.9091519117355347,-0.7677141427993774,-0.07481333613395691,0.3118622303009033,-0.8985667824745178,-0.08665750175714493,0.6239571571350098,-1.1736363172531128,-0.14127324521541595,0.828282356262207,-1.0241695642471313,-0.142757847905159,0.8691096305847168,-0.8133051991462708,-0.12678839266300201
0.0,0.0,0.0,0.44098958373069763,-0.08613351732492447,0.14595310389995575,0.7059247493743896,-0.23520153760910034,0.1864977926015854,0.9248261451721191,-0.3554689884185791,0.14549581706523895,0.9984534382820129,-0.5619368553161621,0.11028667539358139,0.4825841188430786,-0.8132181763648987,0.38374239206314087,0.7507991194725037,-1.0687302350997925,0.3282049000263214,0.9168136715888977,-0.9195136427879333,0.23598790168762207,0.9296026825904846,-0.730121910572052,0.19283875823020935,0.41437360644340515,-0.8758914470672607,0.2472018003463745,0.7200527787208557,-1.1798357963562012,0.19434070587158203,0.9010850787162781,-0.9710467457771301,0.09864923357963562,0.8944743275642395,-0.7414436340332031,0.050443314015865326,0.3537009358406067,-0.9105710387229919,0.09054560959339142,0.6915976405143738,-1.2276018857955933,0.023385891690850258,0.8896166086196899,-1.0047918558120728,-0.02194279432296753,0.8872519731521606,-0.7611202597618103,-0.026501759886741638,0.3208845555782318,-0.8969687819480896,-0.061099544167518616,0.6540300250053406,-1.1616533994674683,-0.10493899881839752,0.8454177975654602,-1.0109373331069946,-0.09651171416044235,0.8740376234054565,-0.7969273924827576,-0.07371393591165543
0.0,0.0,0.0,0.41725224256515503,-0.09327433258295059,0.12520505487918854,0.6767563819885254,-0.24791556596755981,0.1532966047525406,0.8864668607711792,-0.3663147985935211,0.10564208775758743,0.996889054775238,-0.5718305706977844,0.06880549341440201,0.38331490755081177,-0.8624389171600342,0.3581768870353699,0.6643404364585876,-1.1044321060180664,0.28794723749160767,0.8478108644485474,-0.9491272568702698,0.18699610233306885,0.8795021176338196,-0.7475449442863464,0.14101499319076538,0.3240050673484802,-0.9172364473342896,0.23172838985919952,0.6555448174476624,-1.2150039672851562,0.17246662080287933,0.8541628122329712,-1.0163960456848145,0.08116239309310913,0.8696041107177734,-0.7847909927368164,0.03665141388773918,0.28415900468826294,-0.936150848865509,0.0831061527132988,0.6567038893699646,-1.247134804725647,0.005144601222127676,0.8611843585968018,-1.025288701057434,-0.03738446906208992,0.8711920380592346,-0.7752842903137207,-0.0366777628660202,0.28515109419822693,-0.9088744521141052,-0.06119276583194733,0.6435631513595581,-1.1513986587524414,-0.11133287101984024,0.8372118473052979,-0.9981010556221008,-0.10038341581821442,0.870438814163208,-0.7864809036254883,-0.07270617038011551
0.0,0.0,0.0,0.4326206147670746,-0.06824321299791336,0.10647615045309067,0.6627492308616638,-0.21709230542182922,0.10385013371706009,0.8623179197311401,-0.3419691324234009,0.0328059159219265,1.001656413078308,-0.5394511818885803,-0.019752206280827522,0.2630075216293335,-0.9143033623695374,0.2683750092983246,0.659304678440094,-1.1098872423171997,0.17153596878051758,0.8538997769355774,-0.9006255269050598,0.0668424442410469,0.8595256805419922,-0.6721304059028625,0.023984981700778008,0.21483676135540009,-0.9645021557807922,0.15356016159057617,0.6920468211174011,-1.1769685745239258,0.10382097214460373,0.8825519680976868,-0.9320940375328064,0.04253489524126053,0.8759422898292542,-0.7063462138175964,0.013735940679907799,0.23016199469566345,-0.952883243560791,0.020664764568209648,0.7310501337051392,-1.1908822059631348,-0.04053395614027977,0.9081614017486572,-0.9294008016586304,-0.03610732778906822,0.890606701374054,-0.6886639595031738,-0.007512589916586876,0.3095661699771881,-0.8812347650527954,-0.11010482162237167,0.7481530904769897,-1.0718530416488647,-0.12755125761032104,0.907559871673584,-0.8982966542243958,-0.07514272630214691,0.9096845388412476,-0.6966601014137268,-0.020460354164242744
0.0,0.0,0.0,0.4424576461315155,-0.0399402379989624,0.018941868096590042,0.6886728405952454,-0.18820588290691376,-0.0369780957698822,0.9126642346382141,-0.32762107253074646,-0.1361348181962967,1.079418420791626,-0.5068937540054321,-0.20840030908584595,0.28066733479499817,-0.9258291125297546,0.07643616944551468,0.7697890400886536,-1.116702675819397,-0.06472364068031311,0.9583607912063599,-0.8911448121070862,-0.17692747712135315,0.934577226638794,-0.6656607389450073,-0.22241909801959991,0.2305343747138977,-0.9730612635612488,0.0023702301550656557,0.794821560382843,-1.1780979633331299,-0.08561020344495773,0.984220564365387,-0.9085281491279602,-0.13133272528648376,0.9474139213562012,-0.6963425874710083,-0.14902076125144958,0.2672133147716522,-0.9502558708190918,-0.08823522180318832,0.8449233770370483,-1.1802446842193604,-0.18126046657562256,1.0088059902191162,-0.8944314122200012,-0.15741969645023346,0.9606630206108093,-0.6638051271438599,-0.11516458541154861,0.37389740347862244,-0.8669337630271912,-0.18144167959690094,0.8605551719665527,-1.0315147638320923,-0.22331289947032928,0.9967461228370667,-0.8371254205703735,-0.17074863612651825,0.9641283750534058,-0.6427620649337769,-0.11457473039627075
0.0,0.0,0.0,0.4491591453552246,-0.02846108004450798,0.010950814001262188,0.7073290348052979,-0.14301706850528717,-0.05863256752490997,0.9250190854072571,-0.26729971170425415,-0.1707962453365326,1.0926430225372314,-0.4376465082168579,-0.2532843053340912,0.2710413634777069,-0.930869460105896,0.050546519458293915,0.8013650178909302,-1.100687026977539,-0.10858860611915588,0.956400990486145,-0.830292820930481,-0.22496631741523743,0.8825153112411499,-0.5961318016052246,-0.27184799313545227,0.22167207300662994,-0.9747777581214905,-0.025882847607135773,0.8427833914756775,-1.1385167837142944,-0.13314960896968842,0.9935457706451416,-0.8220856785774231,-0.17895416915416718,0.9011051654815674,-0.6099367737770081,-0.19322296977043152,0.26954659819602966,-0.9540183544158936,-0.11934513598680496,0.9061033725738525,-1.1385573148727417,-0.23869942128658295,1.0343828201293945,-0.8106752634048462,-0.2084008753299713,0.9399425983428955,-0.5853739976882935,-0.1539444923400879,0.3845321238040924,-0.8754172921180725,-0.2148931920528412,0.9114776849746704,-1.0137887001037598,-0.2747586667537689,1.023474097251892,-0.7869633436203003,-0.21811896562576294,0.9591772556304932,-0.5928475856781006,-0.1541486382484436
0.0,0.0,0.0,0.4431532919406891,-0.011397388763725758,-0.011989990249276161,0.7139763236045837,-0.1409049928188324,-0.08314495533704758,0.9107550978660583,-0.27949586510658264,-0.18354959785938263,1.0887172222137451,-0.4264719784259796,-0.2557413876056671,0.3065856993198395,-0.9099471569061279,-0.019973257556557655,0.8546113967895508,-1.075847864151001,-0.15284517407417297,0.9954655766487122,-0.8216420412063599,-0.23869688808918,0.9194075465202332,-0.6152966022491455,-0.27338412404060364,0.2391318380832672,-0.9679961800575256,-0.07615362852811813,0.8705955743789673,-1.1372257471084595,-0.16855761408805847,1.015172004699707,-0.8425295948982239,-0.19659902155399323,0.9238079786300659,-0.6407570838928223,-0.20586232841014862,0.27704083919525146,-0.9488056302070618,-0.14314846694469452,0.9193098545074463,-1.1429588794708252,-0.2499590367078781,1.0500491857528687,-0.8300735354423523,-0.21595095098018646,0.9595702886581421,-0.6037825345993042,-0.16757521033287048,0.38273417949676514,-0.8674734234809875,-0.21209345757961273,0.9214544296264648,-1.0203235149383545,-0.27216100692749023,1.0519664287567139,-0.8040231466293335,-0.22329184412956238,1.005691409111023,-0.6079569458961487,-0.16960430145263672
0.0,0.0,0.0,0.41094598174095154,0.011569512076675892,-0.05762374401092529,0.6790212988853455,-0.10576203465461731,-0.15106065571308136,0.8978331685066223,-0.2540530264377594,-0.2607439160346985,1.0984108448028564,-0.400147408246994,-0.33510032296180725,0.31985995173454285,-0.888793408870697,-0.08248337358236313,0.8839611411094666,-1.0484236478805542,-0.2339954674243927,0.9934040307998657,-0.7837207317352295,-0.3278059661388397,0.8826674818992615,-0.5903329253196716,-0.3672967553138733,0.26567894220352173,-0.9570605754852295,-0.11597320437431335,0.9041250348091125,-1.1044293642044067,-0.231255441904068,1.0240472555160522,-0.7969173192977905,-0.26436594128608704,0.9026457667350769,-0.6191849112510681,-0.2753613591194153,0.3098158538341522,-0.9474929571151733,-0.1623980849981308,0.96211838722229,-1.1122440099716187,-0.2790505290031433,1.0621641874313354,-0.7949999570846558,-0.2379450649023056,0.9465072751045227,-0.6038637757301331,-0.1868763566017151,0.4145143926143646,-0.8692278265953064,-0.21438217163085938,0.9765883088111877,-0.9745773673057556,-0.280268132686615,1.065366268157959,-0.7452436685562134,-0.2304084151983261,0.975012481212616,-0.5722972750663757,-0.17711007595062256
0.0,0.0,0.0,0.3988419473171234,0.03256044536828995,-0.08471976220607758,0.6618264317512512,-0.07387266308069229,-0.20095783472061157,0.8900083303451538,-0.2090766578912735,-0.33446794748306274,1.1010098457336426,-0.35719114542007446,-0.4374106228351593,0.3332226872444153,-0.8777762651443481,-0.12537533044815063,0.9120149612426758,-1.015776515007019,-0.3085739314556122,1.0252845287322998,-0.7446435689926147,-0.42399707436561584,0.9147858619689941,-0.5377504229545593,-0.47205376625061035,0.2763497531414032,-0.9489662051200867,-0.1519671231508255,0.9322192072868347,-1.0776658058166504,-0.2963269054889679,1.0525199174880981,-0.7579036951065063,-0.3434668481349945,0.9275897741317749,-0.5585814714431763,-0.35819724202156067,0.3245096206665039,-0.9460983872413635,-0.19353602826595306,1.0000354051589966,-1.0917991399765015,-0.3460659980773926,1.0962871313095093,-0.7421318292617798,-0.3165173828601837,0.9684087038040161,-0.5167950391769409,-0.26172003149986267,0.43566226959228516,-0.8847069144248962,-0.24165350198745728,1.0126738548278809,-0.9874462485313416,-0.3361552953720093,1.11008882522583,-0.7484744191169739,-0.29476556181907654,1.014854907989502,-0.5543848276138306,-0.23925942182540894
0.0,0.0,0.0,0.3799890875816345,0.014300082810223103,0.01479462068527937,0.6201679110527039,-0.10207061469554901,-0.048417337238788605,0.8624832034111023,-0.22682781517505646,-0.15233160555362701,1.073854684829712,-0.3748317360877991,-0.23151053488254547,0.3154972493648529,-0.8898629546165466,0.042705219238996506,0.8681764602661133,-0.9855396151542664,-0.09476950764656067,0.9576759338378906,-0.7184374332427979,-0.19932040572166443,0.828857958316803,-0.5294049978256226,-0.24862763285636902,0.28609538078308105,-0.9577518701553345,-0.02934044599533081,0.9141767024993896,-1.033601999282837,-0.12355514615774155,1.0095510482788086,-0.7284561395645142,-0.16901567578315735,0.8684853315353394,-0.5525141358375549,-0.19351309537887573,0.35207581520080566,-0.9439533948898315,-0.11423919349908829,1.0040887594223022,-1.0423225164413452,-0.22866947948932648,1.0841015577316284,-0.6990902423858643,-0.20363636314868927,0.933861494064331,-0.4932606816291809,-0.16135825216770172,0.48205727338790894,-0.8757676482200623,-0.19974154233932495,1.0509889125823975,-0.9384127259254456,-0.2716379463672638,1.1410526037216187,-0.7011169195175171,-0.22675153613090515,1.0271424055099487,-0.5259807705879211,-0.17427469789981842
0.0,0.0,0.0,0.37587153911590576,0.006325672380626202,0.05618755519390106,0.6107389330863953,-0.10036975145339966,0.008937337435781956,0.8698588609695435,-0.19484415650367737,-0.09356074035167694,1.0796582698822021,-0.33012232184410095,-0.17336684465408325,0.30303049087524414,-0.9009250998497009,0.1006215512752533,0.8671181797981262,-0.9761290550231934,-0.05919855833053589,0.9535412192344666,-0.7112734317779541,-0.18115326762199402,0.816980242729187,-0.5125200152397156,-0.23190204799175262,0.2894562780857086,-0.9571877717971802,0.002569532487541437,0.957267701625824,-1.0171444416046143,-0.11365966498851776,1.0292088985443115,-0.6886717081069946,-0.16463807225227356,0.8616793155670166,-0.49622195959091187,-0.1798238456249237,0.37579941749572754,-0.9428885579109192,-0.11039388179779053,1.0580155849456787,-1.0145841836929321,-0.23853495717048645,1.1058138608932495,-0.6446685791015625,-0.2096867859363556,0.9366189241409302,-0.43294385075569153,-0.15218034386634827,0.5282272696495056,-0.8768713474273682,-0.2215859442949295,1.1184709072113037,-0.9317232966423035,-0.28104424476623535,1.1885906457901,-0.6871739029884338,-0.2196427434682846,1.0655081272125244,-0.5168203711509705,-0.15121762454509735
0.0,0.0,0.0,0.3941873013973236,0.032090216875076294,0.0808243602514267,0.6260025501251221,-0.04972837492823601,0.05778934434056282,0.8805519342422485,-0.13977116346359253,-0.027880802750587463,1.064698338508606,-0.2927749752998352,-0.09208957850933075,0.30606651306152344,-0.8891008496284485,0.1871115267276764,0.8621149659156799,-0.9384985566139221,0.054236482828855515,0.9561821222305298,-0.6518353223800659,-0.060131821781396866,0.8298227787017822,-0.4259868860244751,-0.10432224720716476,0.29787516593933105,-0.950767993927002,0.08550243824720383,0.9442034959793091,-0.9933218955993652,-0.009741999208927155,1.0285639762878418,-0.6463794708251953,-0.06839653849601746,0.8777950406074524,-0.41359183192253113,-0.0851857140660286,0.38796302676200867,-0.9458211660385132,-0.03165116906166077,1.0560998916625977,-1.012162208557129,-0.13998661935329437,1.10753333568573,-0.6277866959571838,-0.12153846025466919,0.9428797960281372,-0.38082700967788696,-0.06639455258846283,0.536408007144928,-0.8904374241828918,-0.1452561616897583,1.0917739868164062,-0.9607465863227844,-0.18017078936100006,1.1625771522521973,-0.7158074378967285,-0.11414951086044312,1.045027732849121,-0.5238957405090332,-0.04105965793132782
0.0,0.0,0.0,0.39571964740753174,0.05719660222530365,0.03167339786887169,0.6459156274795532,-0.02520051971077919,-0.012681407853960991,0.8870437145233154,-0.13340148329734802,-0.10780292004346848,1.0807180404663086,-0.3078940510749817,-0.17811211943626404,0.3136577308177948,-0.8722655177116394,0.1277557909488678,0.8521112203598022,-0.9304549098014832,-0.01480020023882389,0.9514802694320679,-0.6465123295783997,-0.13278992474079132,0.8317580819129944,-0.4283486008644104,-0.179735466837883,0.2950790226459503,-0.9540908932685852,0.05137002468109131,0.9412750601768494,-0.9938923716545105,-0.05174025893211365,1.0329352617263794,-0.6543288826942444,-0.112752266228199,0.8825600147247314,-0.43561580777168274,-0.1335480958223343,0.3826139271259308,-0.9671570658683777,-0.04354151338338852,1.0568578243255615,-1.022693395614624,-0.15748023986816406,1.1017651557922363,-0.6548993587493896,-0.14393366873264313,0.9264969229698181,-0.4248126149177551,-0.09674201905727386,0.5374554395675659,-0.9355961680412292,-0.13875210285186768,1.1085115671157837,-0.9743847846984863,-0.18272656202316284,1.1551860570907593,-0.7256683707237244,-0.12851428985595703,1.006778597831726,-0.5439496040344238,-0.06707801669836044
0.0,0.0,0.0,0.4133765995502472,0.04639941453933716,0.013055882416665554,0.6635705232620239,-0.03280116617679596,-0.04836343228816986,0.8963846564292908,-0.1359802782535553,-0.15945422649383545,1.0855101346969604,-0.3177177906036377,-0.2450771927833557,0.30141139030456543,-0.8786967396736145,0.1018158495426178,0.8375582695007324,-0.9775115847587585,-0.04969094693660736,0.9891136884689331,-0.7167525887489319,-0.170745849609375,0.9173158407211304,-0.4836658239364624,-0.21836626529693604,0.27898648381233215,-0.9599470496177673,0.025849228724837303,0.9195693135261536,-1.0369114875793457,-0.08897889405488968,1.0627615451812744,-0.7052598595619202,-0.15405741333961487,0.9516997337341309,-0.46597030758857727,-0.17866024374961853,0.3538404405117035,-0.9776607751846313,-0.0700240358710289,1.0312236547470093,-1.0837645530700684,-0.19239315390586853,1.1225005388259888,-0.7229257822036743,-0.17871655523777008,0.9816505908966064,-0.46699976921081543,-0.13198404014110565,0.4939126670360565,-0.9443545341491699,-0.16854019463062286,1.067646861076355,-1.030364990234375,-0.22373726963996887,1.1631898880004883,-0.791211724281311,-0.17187371850013733,1.0557150840759277,-0.5898488163948059,-0.1107587069272995
0.0,0.0,0.0,0.4198526442050934,0.110427126288414,-0.06851813197135925,0.7024450302124023,0.0588078498840332,-0.1724366843700409,0.9669931530952454,-0.05839330330491066,-0.31098672747612,1.1640734672546387,-0.2807484269142151,-0.41898247599601746,0.34362900257110596,-0.8481979966163635,0.016530245542526245,0.8843348622322083,-0.9285644888877869,-0.17273497581481934,1.0676548480987549,-0.6681375503540039,-0.3146965503692627,1.0143343210220337,-0.4232900142669678,-0.3693011999130249,0.32804426550865173,-0.9442427158355713,-0.028152860701084137,0.9796724915504456,-0.9941908121109009,-0.18307316303253174,1.1405692100524902,-0.6547430753707886,-0.26513001322746277,1.032666802406311,-0.4005349278450012,-0.29235222935676575,0.40487655997276306,-0.9776144027709961,-0.09935080260038376,1.094498872756958,-1.0408120155334473,-0.26204073429107666,1.1884610652923584,-0.6629427671432495,-0.2591259777545929,1.0415512323379517,-0.39532896876335144,-0.20805788040161133,0.5423481464385986,-0.9563532471656799,-0.1788879930973053,1.1243481636047363,-1.0250186920166016,-0.2608976662158966,1.2301961183547974,-0.7726112604141235,-0.21711957454681396,1.1240273714065552,-0.5538267493247986,-0.15430554747581482
0.0,0.0,0.0,0.39418426156044006,0.053649283945560455,0.01589241996407509,0.6602950096130371,-0.04191609099507332,-0.024955281987786293,0.8901440501213074,-0.1601671427488327,-0.11204370856285095,1.0578280687332153,-0.3633521497249603,-0.17414894700050354,0.299927681684494,-0.8811812400817871,0.15469886362552643,0.8045363426208496,-1.0376390218734741,0.05435739457607269,1.0052638053894043,-0.794438898563385,-0.03826790675520897,0.9846131801605225,-0.5649553537368774,-0.07184503972530365,0.27067816257476807,-0.958264946937561,0.09198717772960663,0.8481147885322571,-1.079763650894165,0.01714850403368473,1.0431100130081177,-0.7736250758171082,-0.05266396328806877,0.9829567670822144,-0.5201085805892944,-0.08446113765239716,0.33051085472106934,-0.9692493081092834,0.011128113605082035,0.9318656921386719,-1.116111397743225,-0.08108632266521454,1.0910288095474243,-0.7763687968254089,-0.0898783802986145,1.011121153831482,-0.5032876133918762,-0.06251698732376099,0.4595021903514862,-0.9291831851005554,-0.07069438695907593,0.9801907539367676,-1.0795906782150269,-0.11259794980287552,1.1114405393600464,-0.8423581719398499,-0.07209070771932602,1.0389580726623535,-0.604450523853302,-0.02118593640625477
0.0,0.0,0.0,0.4062626361846924,0.011641503311693668,0.030269715934991837,0.6639794111251831,-0.11044763773679733,-0.003577461466193199,0.8612530827522278,-0.2541685998439789,-0.07273603230714798,1.0347299575805664,-0.40731558203697205,-0.11767100542783737,0.32486575841903687,-0.9010276794433594,0.06473056226968765,0.8446767330169678,-1.0708681344985962,-0.020598597824573517,1.0000503063201904,-0.8020032048225403,-0.08608289062976837,0.9495151042938232,-0.5856080055236816,-0.11017604917287827,0.2605094015598297,-0.9654546976089478,0.0056640468537807465,0.8628053069114685,-1.1139200925827026,-0.04401212930679321,1.02265202999115,-0.8062455654144287,-0.0706605538725853,0.9492245316505432,-0.5851170420646667,-0.08217058330774307,0.3031178414821625,-0.9444808959960938,-0.060350630432367325,0.9143864512443542,-1.1169946193695068,-0.12900623679161072,1.047622799873352,-0.7929649353027344,-0.09999319911003113,0.9620093703269958,-0.5503140091896057,-0.05951497703790665,0.411480188369751,-0.8668204545974731,-0.12488402426242828,0.9310551285743713,-1.0099142789840698,-0.15672773122787476,1.0357693433761597,-0.776664137840271,-0.10424262285232544,0.9682388305664062,-0.5641292333602905,-0.05113207548856735
0.0,0.0,0.0,0.4231187701225281,0.04856741800904274,-0.1383485198020935,0.7346328496932983,-0.07361055165529251,-0.24535690248012543,0.9303225874900818,-0.24458549916744232,-0.34281519055366516,1.0987462997436523,-0.40786513686180115,-0.4041559100151062,0.4013773798942566,-0.8537810444831848,-0.20798633992671967,0.9464339017868042,-1.05831778049469,-0.33731549978256226,1.1116429567337036,-0.7838091850280762,-0.39465829730033875,1.0536348819732666,-0.5662739276885986,-0.40383562445640564,0.31094902753829956,-0.9325016140937805,-0.18371577560901642,0.933296263217926,-1.1121383905410767,-0.28925439715385437,1.1023569107055664,-0.7923572063446045,-0.3118796944618225,1.0199016332626343,-0.5695973634719849,-0.309947669506073,0.33405113220214844,-0.9311130046844482,-0.16684064269065857,0.945930004119873,-1.120178461074829,-0.27621451020240784,1.0885177850723267,-0.7991400957107544,-0.244523823261261,1.0105596780776978,-0.5593234896659851,-0.1946798861026764,0.4092114567756653,-0.8749839663505554,-0.1590021699666977,0.9240275621414185,-1.0443956851959229,-0.2261994630098343,1.0481401681900024,-0.8209502696990967,-0.18783089518547058,0.9959320425987244,-0.6080747842788696,-0.13838505744934082
0.0,0.0,0.0,0.48166993260383606,-0.04490932822227478,0.04893215745687485,0.6977413296699524,-0.19907346367835999,0.021277934312820435,0.8908709287643433,-0.308397501707077,-0.056058917194604874,1.0570603609085083,-0.4147077798843384,-0.10571829229593277,0.29914066195487976,-0.9380913376808167,0.10662171244621277,0.8451510071754456,-1.0502337217330933,-0.026443960145115852,0.9781160950660706,-0.7860824465751648,-0.13885602355003357,0.9082963466644287,-0.5676167011260986,-0.19114424288272858,0.2549763321876526,-0.9668039083480835,0.016651637852191925,0.8816277980804443,-1.0806957483291626,-0.07747672498226166,1.0052942037582397,-0.7794622778892517,-0.13037589192390442,0.9159526228904724,-0.5842145085334778,-0.1526777744293213,0.3146235942840576,-0.9245837926864624,-0.08691403269767761,0.9309883713722229,-1.0657540559768677,-0.17829176783561707,1.0452333688735962,-0.7534518837928772,-0.15642911195755005,0.9490107893943787,-0.5388193130493164,-0.11680956929922104,0.44170793890953064,-0.8291834592819214,-0.19243645668029785,0.9470017552375793,-0.9383764863014221,-0.2278456687927246,1.0439295768737793,-0.7255678772926331,-0.17440161108970642,0.9806004762649536,-0.5491958260536194,-0.12212855368852615
0.0,0.0,0.0,0.444484144449234,-0.0337078794836998,-0.02990748919546604,0.7014186978340149,-0.1848784238100052,-0.10010313242673874,0.8869877457618713,-0.30023589730262756,-0.20091618597507477,0.993566632270813,-0.38409581780433655,-0.2706933915615082,0.26805219054222107,-0.9369105100631714,0.0015990047249943018,0.8210792541503906,-1.0507835149765015,-0.13181902468204498,0.9662109017372131,-0.7614562511444092,-0.23370575904846191,0.9260383248329163,-0.5454676151275635,-0.28412872552871704,0.22698582708835602,-0.9720672965049744,-0.05968716740608215,0.8367725014686584,-1.0892764329910278,-0.1630207598209381,0.962162435054779,-0.781869113445282,-0.2051214724779129,0.895440936088562,-0.5790037512779236,-0.21805661916732788,0.2818736732006073,-0.9325242638587952,-0.13679644465446472,0.8888692259788513,-1.0562037229537964,-0.23819583654403687,1.004315972328186,-0.7578502297401428,-0.2191709578037262,0.9477330446243286,-0.5472809076309204,-0.18006394803524017,0.4073188304901123,-0.8307997584342957,-0.2213158756494522,0.9051134586334229,-0.9265226721763611,-0.2671293616294861,1.0076311826705933,-0.7201882600784302,-0.22135141491889954,0.9743669033050537,-0.5466522574424744,-0.17289544641971588
0.0,0.0,0.0,0.44985082745552063,-0.03483777865767479,0.05936906859278679,0.71391761302948,-0.16100093722343445,0.020245453342795372,0.9465358257293701,-0.28186723589897156,-0.07926835864782333,1.0428366661071777,-0.4314115345478058,-0.16177332401275635,0.3053378164768219,-0.9205582737922668,0.17449535429477692,0.8108693957328796,-1.0342018604278564,0.06094743683934212,1.0362179279327393,-0.8089640140533447,-0.0440230630338192,1.0894628763198853,-0.5827369689941406,-0.08934485167264938,0.25114089250564575,-0.9654437303543091,0.06961802393198013,0.844316303730011,-1.1069647073745728,-0.018660306930541992,1.0199079513549805,-0.8199529647827148,-0.07193664461374283,1.0163187980651855,-0.5720932483673096,-0.08448892086744308,0.2797534167766571,-0.9387694001197815,-0.05182614549994469,0.8840463161468506,-1.089165210723877,-0.14370524883270264,1.0351903438568115,-0.7874091267585754,-0.12711994349956512,1.0117038488388062,-0.520801842212677,-0.07911590486764908,0.38512542843818665,-0.8410764336585999,-0.17551299929618835,0.8859244585037231,-0.9874465465545654,-0.21568608283996582,1.0627641677856445,-0.8145426511764526,-0.16679298877716064,1.1059502363204956,-0.6228467226028442,-0.1076900064945221
0.0,0.0,0.0,0.4513697326183319,-0.045023951679468155,0.0707487091422081,0.730384886264801,-0.1786407083272934,0.05680207535624504,0.9516401290893555,-0.2986147403717041,-0.019098758697509766,1.0364023447036743,-0.47036343812942505,-0.08264505118131638,0.44735032320022583,-0.8691098093986511,0.19707220792770386,0.8595467805862427,-1.0784595012664795,0.10381750762462616,1.1022670269012451,-0.908060610294342,0.009587659500539303,1.1580770015716553,-0.7198330163955688,-0.0373590812087059,0.36156928539276123,-0.9286292195320129,0.08315838128328323,0.849006712436676,-1.174804925918579,-0.004126186948269606,1.0672544240951538,-0.9204699993133545,-0.06989458203315735,1.0605021715164185,-0.6897024512290955,-0.09766688197851181,0.3263312876224518,-0.9250409007072449,-0.04791667312383652,0.845710813999176,-1.1606566905975342,-0.15071067214012146,1.022280216217041,-0.8852766752243042,-0.1560080200433731,0.987115204334259,-0.6423916816711426,-0.12954166531562805,0.3512069582939148,-0.8511784672737122,-0.17906343936920166,0.825805127620697,-1.0416072607040405,-0.24228325486183167,0.9776209592819214,-0.8708709478378296,-0.2103796750307083,0.9526298642158508,-0.6741711497306824,-0.16870471835136414
0.0,0.0,0.0,0.4531787633895874,-0.0684385895729065,0.12335533648729324,0.7346357703208923,-0.21385586261749268,0.13823077082633972,1.000314474105835,-0.350206583738327,0.07053550332784653,1.1116430759429932,-0.5597323775291443,0.01359428372234106,0.3734886646270752,-0.8546748161315918,0.34496623277664185,0.7529723048210144,-1.0332187414169312,0.26432275772094727,0.941841185092926,-0.8274082541465759,0.15835672616958618,0.9455057978630066,-0.6103931069374084,0.10751194506883621,0.30722248554229736,-0.928923487663269,0.20667748153209686,0.771889328956604,-1.144039511680603,0.13685260713100433,0.9401102066040039,-0.8761937022209167,0.049666937440633774,0.8886975646018982,-0.636610209941864,0.008449036628007889,0.29970982670783997,-0.9430088996887207,0.046656906604766846,0.80561363697052,-1.18613600730896,-0.05424896627664566,0.9651099443435669,-0.8855109810829163,-0.08505707234144211,0.9199361205101013,-0.6235491633415222,-0.07067333906888962,0.3551914393901825,-0.8870077729225159,-0.10881311446428299,0.8358950018882751,-1.0867489576339722,-0.17410211265087128,1.0008879899978638,-0.887477457523346,-0.1536695808172226,0.9969479441642761,-0.6585338711738586,-0.11759019643068314
0.0,0.0,0.0,0.4351290762424469,-0.07003109157085419,0.12171056866645813,0.7143455147743225,-0.21698473393917084,0.12472405284643173,0.9569845199584961,-0.34104761481285095,0.054194722324609756,0.993316113948822,-0.5264499187469482,-0.00316093722358346,0.3672643005847931,-0.9045097231864929,0.26090437173843384,0.7700299024581909,-1.104824185371399,0.1667908877134323,0.9431695342063904,-0.8627561926841736,0.059229061007499695,0.9178845882415771,-0.631232500076294,0.0077043757773935795,0.29217562079429626,-0.9479590654373169,0.12651871144771576,0.7642200589179993,-1.1644498109817505,0.0719001516699791,0.9321722388267517,-0.8908158540725708,0.005350996274501085,0.8826560378074646,-0.6711294054985046,-0.031390558928251266,0.282884806394577,-0.9303000569343567,-0.023671213537454605,0.779119074344635,-1.163813829421997,-0.09291666746139526,0.9370983242988586,-0.8799546360969543,-0.09754576534032822,0.8912287950515747,-0.6457585096359253,-0.08079808205366135,0.3395766019821167,-0.8399888277053833,-0.17078444361686707,0.7806708812713623,-1.0398879051208496,-0.20873762667179108,0.9240983724594116,-0.842711329460144,-0.17094993591308594,0.9096446633338928,-0.6275476813316345,-0.13110262155532837
0.0,0.0,0.0,0.455199271440506,-0.12235923111438751,0.09962459653615952,0.712748110294342,-0.28775742650032043,0.08241645246744156,0.9274469017982483,-0.3791012167930603,0.002911282004788518,0.9670844078063965,-0.5352884531021118,-0.061093367636203766,0.29261887073516846,-0.960202157497406,0.16397979855537415,0.7283161878585815,-1.098692536354065,0.045679278671741486,0.8976376056671143,-0.8574992418289185,-0.06631023436784744,0.8837497234344482,-0.6370490193367004,-0.11911077797412872,0.2171178013086319,-0.9755628705024719,0.03372049331665039,0.7342300415039062,-1.1259710788726807,-0.04923637583851814,0.9009754657745361,-0.8475936651229858,-0.10988515615463257,0.8643884062767029,-0.6249287128448486,-0.1367606520652771,0.21793971955776215,-0.9290134906768799,-0.10806956887245178,0.7341001033782959,-1.1214966773986816,-0.19080130755901337,0.9033355116844177,-0.8574787378311157,-0.18037652969360352,0.8811429142951965,-0.6341528296470642,-0.14928118884563446,0.29136186838150024,-0.8152552843093872,-0.24845844507217407,0.7164626121520996,-1.0089384317398071,-0.2894432544708252,0.8688532710075378,-0.842492401599884,-0.23986952006816864,0.8799351453781128,-0.6565635800361633,-0.18786782026290894
0.0,0.0,0.0,0.44774192571640015,-0.0959007740020752,0.10669871419668198,0.7127176523208618,-0.2588184177875519,0.09537859261035919,0.9358848333358765,-0.3525752127170563,0.022803673520684242,1.0636130571365356,-0.4732252061367035,-0.03348429501056671,0.2867119312286377,-0.9547197818756104,0.15328308939933777,0.7339319586753845,-1.1312958002090454,0.025737814605236053,0.9254971146583557,-0.8865153789520264,-0.08458063751459122,0.924507737159729,-0.6478530764579773,-0.13250458240509033,0.22199894487857819,-0.9747824668884277,0.022707512602210045,0.7874466776847839,-1.171844482421875,-0.06908629089593887,0.968721866607666,-0.8928608298301697,-0.12320899218320847,0.9340922832489014,-0.6494461297988892,-0.1428464949131012,0.24088740348815918,-0.9284246563911438,-0.11873555928468704,0.8225374221801758,-1.1327406167984009,-0.21102720499038696,0.9820345044136047,-0.8554177284240723,-0.19915825128555298,0.9530212879180908,-0.6191533207893372,-0.16434217989444733,0.33623531460762024,-0.8098584413528442,-0.2567724883556366,0.8261717557907104,-0.9698648452758789,-0.2991678714752197,0.9663362503051758,-0.7782956957817078,-0.2495691031217575,0.963196873664856,-0.5760642290115356,-0.1981242597103119
0.0,0.0,0.0,0.44962307810783386,-0.1178881898522377,0.09629685431718826,0.686707079410553,-0.26753801107406616,0.06573957204818726,0.8847108483314514,-0.3443329930305481,-0.018610134720802307,1.0075252056121826,-0.4334271550178528,-0.08700617402791977,0.29778173565864563,-0.9792121648788452,0.08485820889472961,0.799418568611145,-1.0777416229248047,-0.04989473149180412,0.9730616211891174,-0.8209424018859863,-0.16348329186439514,0.9594805836677551,-0.5911355018615723,-0.2187788188457489,0.24418599903583527,-0.9687826037406921,-0.04281935840845108,0.8406375050544739,-1.0943279266357422,-0.1371525675058365,1.0080897808074951,-0.8095208406448364,-0.1858101189136505,0.9702675342559814,-0.5846477150917053,-0.20928367972373962,0.2644912004470825,-0.8826249837875366,-0.17663851380348206,0.8415647745132446,-1.0384117364883423,-0.257681280374527,0.9906406402587891,-0.7649973630905151,-0.2276109904050827,0.952025294303894,-0.5457460284233093,-0.18917356431484222,0.3448903262615204,-0.7275481820106506,-0.3074852526187897,0.803376317024231,-0.885026752948761,-0.3318059742450714,0.9324952363967896,-0.7126712203025818,-0.26380643248558044,0.9183088541030884,-0.5369855761528015,-0.20533229410648346
0.0,0.0,0.0,0.43041086196899414,-0.09568944573402405,0.0394163578748703,0.6640681028366089,-0.234304279088974,-0.026741860434412956,0.8578916192054749,-0.31281548738479614,-0.1325075775384903,0.9937149286270142,-0.3889825940132141,-0.21959039568901062,0.2792010009288788,-0.97767573595047,0.01238850224763155,0.7797839641571045,-1.0386531352996826,-0.12284290045499802,0.9582222104072571,-0.7924285531044006,-0.23513102531433105,0.9643452167510986,-0.5641575455665588,-0.29214078187942505,0.23272091150283813,-0.9688041806221008,-0.08520281314849854,0.8056861758232117,-1.051188349723816,-0.17295564711093903,0.9707633852958679,-0.7912929058074951,-0.22094348073005676,0.958658754825592,-0.5757577419281006,-0.2493242621421814,0.26282456517219543,-0.8816898465156555,-0.18936282396316528,0.8222986459732056,-1.0001978874206543,-0.26703914999961853,0.9670844078063965,-0.7577005624771118,-0.24697431921958923,0.9484663605690002,-0.548198401927948,-0.21899013221263885,0.3580594062805176,-0.728527307510376,-0.2946750223636627,0.8067669868469238,-0.852621853351593,-0.32219362258911133,0.9344339966773987,-0.6932114362716675,-0.2682695984840393,0.9378597736358643,-0.5293738842010498,-0.21992330253124237
0.0,0.0,0.0,0.48321211338043213,-0.09147253632545471,0.03567824140191078,0.7493329048156738,-0.25942936539649963,-0.014748579822480679,0.939206063747406,-0.3695947825908661,-0.1034531369805336,1.0529600381851196,-0.43401607871055603,-0.1699744015932083,0.3213604688644409,-0.9520569443702698,0.02801203541457653,0.852440595626831,-1.021499514579773,-0.09951002150774002,1.026814579963684,-0.7722920775413513,-0.2023351788520813,1.0344778299331665,-0.5562511086463928,-0.25228485465049744,0.2662356197834015,-0.961725652217865,-0.06482502818107605,0.8819078207015991,-1.0814110040664673,-0.1557309925556183,1.0286049842834473,-0.8045337796211243,-0.19583405554294586,1.0017067193984985,-0.5873673558235168,-0.20808278024196625,0.3012183606624603,-0.8875678181648254,-0.16485944390296936,0.8787575960159302,-1.0517196655273438,-0.24220508337020874,1.018083930015564,-0.8028939962387085,-0.21711207926273346,0.9940869808197021,-0.5886635184288025,-0.17928095161914825,0.4092126190662384,-0.742458164691925,-0.26742565631866455,0.8621541261672974,-0.8793514370918274,-0.3013054132461548,1.0076603889465332,-0.7242316007614136,-0.2521025538444519,1.032525658607483,-0.561320424079895,-0.2026538848876953
0.0,0.0,0.0,0.48683610558509827,-0.056673187762498856,0.06929462403059006,0.7250396609306335,-0.2323819249868393,0.048481378704309464,0.9068573713302612,-0.36111658811569214,-0.010423264466226101,1.0446553230285645,-0.45087945461273193,-0.05021665245294571,0.27941614389419556,-0.9610862731933594,0.06782142072916031,0.8229600191116333,-1.0283583402633667,-0.022555174306035042,1.0342999696731567,-0.8282904624938965,-0.10059528797864914,1.070602536201477,-0.6254871487617493,-0.13684649765491486,0.22697432339191437,-0.9736005663871765,-0.02417876571416855,0.8494873046875,-1.0944116115570068,-0.08269089460372925,1.0364031791687012,-0.8578329086303711,-0.11682761460542679,1.0407490730285645,-0.6526911854743958,-0.13065244257450104,0.27363547682762146,-0.9042066931724548,-0.11792568862438202,0.869369626045227,-1.0519899129867554,-0.1744273155927658,1.0407276153564453,-0.8247816562652588,-0.1540362536907196,1.03458571434021,-0.6201697587966919,-0.1239752545952797,0.3921580910682678,-0.765907347202301,-0.20893004536628723,0.8629096746444702,-0.9056040644645691,-0.22887574136257172,1.0187023878097534,-0.7625731825828552,-0.1786811649799347,1.0507844686508179,-0.6086157560348511,-0.12955263257026672
0.0,0.0,0.0,0.46411916613578796,-0.05459226667881012,0.06129038333892822,0.7263765335083008,-0.2315155267715454,0.03518955036997795,0.9308081269264221,-0.37238115072250366,-0.024675317108631134,1.0473859310150146,-0.4708712697029114,-0.0649450495839119,0.31499022245407104,-0.9320765137672424,0.018401602283120155,0.8697431087493896,-0.9997032284736633,-0.06257407367229462,1.057307481765747,-0.7807183861732483,-0.115269735455513,1.0665309429168701,-0.5808912515640259,-0.13425084948539734,0.25761038064956665,-0.9637531638145447,-0.06940287351608276,0.9006090760231018,-1.0809407234191895,-0.12088868021965027,1.0605937242507935,-0.8221879601478577,-0.13335086405277252,1.033860206604004,-0.6223840117454529,-0.1326771378517151,0.29548177123069763,-0.9012778401374817,-0.15482662618160248,0.9139504432678223,-1.0435611009597778,-0.20917923748493195,1.0599660873413086,-0.7928434014320374,-0.17665401101112366,1.0287399291992188,-0.5893576741218567,-0.1398323029279709,0.40064239501953125,-0.7664793729782104,-0.2368542104959488,0.8939543962478638,-0.893455445766449,-0.2585754990577698,1.0462309122085571,-0.7318383455276489,-0.20425669848918915,1.069220781326294,-0.5729415416717529,-0.15247759222984314
0.0,0.0,0.0,0.44247522950172424,-0.08137122541666031,0.1161629781126976,0.677081823348999,-0.26280641555786133,0.108062244951725,0.8867874145507812,-0.3942902088165283,0.04794328287243843,1.0197595357894897,-0.4869841933250427,0.00257129711098969,0.2543051242828369,-0.9619881510734558,0.11746605485677719,0.7647354006767273,-1.031618356704712,0.05665326490998268,0.9393510222434998,-0.8132165670394897,0.0005312970606610179,0.930688202381134,-0.6074910163879395,-0.028957432135939598,0.24202029407024384,-0.9702616930007935,-0.004281033296138048,0.8434835076332092,-1.0709959268569946,-0.03307625278830528,0.9912793040275574,-0.8099662065505981,-0.06136308237910271,0.9517298340797424,-0.6161512732505798,-0.0810508131980896,0.3143492341041565,-0.8938968777656555,-0.1226453185081482,0.9009713530540466,-1.0395673513412476,-0.1588091403245926,1.0392097234725952,-0.777844250202179,-0.12988445162773132,0.9933639168739319,-0.5766124725341797,-0.10386833548545837,0.4446457624435425,-0.7464727759361267,-0.235000878572464,0.9068447947502136,-0.8779200315475464,-0.24518297612667084,1.0554276704788208,-0.7068193554878235,-0.18612976372241974,1.0697699785232544,-0.540414571762085,-0.1370106190443039
0.0,0.0,0.0,0.4686221480369568,-0.07955235242843628,0.08884462714195251,0.7091006636619568,-0.2504217326641083,0.06479696184396744,0.9255970120429993,-0.3833831250667572,-0.007321516517549753,1.0305691957473755,-0.5020454525947571,-0.06325384229421616,0.2482442855834961,-0.9630446434020996,0.08059331029653549,0.7816603183746338,-1.05021071434021,0.008747746236622334,0.9579904675483704,-0.8239848613739014,-0.04578991234302521,0.9435988068580627,-0.6186639666557312,-0.07069772481918335,0.2323964387178421,-0.9721152186393738,-0.03136823698878288,0.8590202331542969,-1.084395408630371,-0.0698712095618248,1.0086321830749512,-0.820578396320343,-0.09108368307352066,0.9690510630607605,-0.6326044797897339,-0.10331207513809204,0.30182865262031555,-0.8938787579536438,-0.14262303709983826,0.9129074811935425,-1.0344083309173584,-0.1916790008544922,1.0585981607437134,-0.7720142006874084,-0.159992054104805,1.0136370658874512,-0.5725790858268738,-0.12797148525714874,0.4348403215408325,-0.7423028349876404,-0.24982909858226776,0.9063328504562378,-0.8886151909828186,-0.27082470059394836,1.0666694641113281,-0.7207784652709961,-0.21200400590896606,1.0909439325332642,-0.5525233745574951,-0.15998651087284088
0.0,0.0,0.0,0.4635566174983978,-0.002482557436451316,-0.11932651698589325,0.7813814878463745,-0.1522730439901352,-0.20083922147750854,0.9913297891616821,-0.31386998295783997,-0.25347599387168884,1.0980850458145142,-0.4138926565647125,-0.2713445723056793,0.42209160327911377,-0.7945590019226074,-0.24908562004566193,0.9904053211212158,-0.921526312828064,-0.34267982840538025,1.1576851606369019,-0.7024461030960083,-0.35391026735305786,1.142196536064148,-0.5016129612922668,-0.33204150199890137,0.3099200427532196,-0.9265174269676208,-0.21334263682365417,0.9427174925804138,-1.0705116987228394,-0.2868856191635132,1.0964916944503784,-0.8342217803001404,-0.266114741563797,1.076393961906433,-0.6337231993675232,-0.2313939929008484,0.2886848747730255,-0.9631063938140869,-0.17558011412620544,0.8735821843147278,-1.0845918655395508,-0.2183292806148529,1.0095832347869873,-0.8871882557868958,-0.17903023958206177,0.9931153059005737,-0.7100301384925842,-0.13999620079994202,0.3228859305381775,-0.9174367189407349,-0.1467892974615097,0.7695773243904114,-1.005789041519165,-0.17010189592838287,0.9025341272354126,-0.8780033588409424,-0.1414387971162796,0.9180187582969666,-0.7502972483634949,-0.10523112118244171
0.0,0.0,0.0,0.4927619695663452,-0.08752775937318802,0.08475219458341599,0.7566165328025818,-0.25802943110466003,0.06132839620113373,0.9427992701530457,-0.3525095283985138,-0.011483250185847282,1.042947769165039,-0.43008625507354736,-0.06805696338415146,0.3263077437877655,-0.951450765132904,0.07663406431674957,0.8428431153297424,-1.0568463802337646,-0.047067057341337204,1.0164083242416382,-0.8167223930358887,-0.14979137480258942,1.0191911458969116,-0.5906963348388672,-0.19731338322162628,0.2669619619846344,-0.9629334211349487,-0.03860726207494736,0.8722226023674011,-1.1167669296264648,-0.12845002114772797,1.023695468902588,-0.8549253344535828,-0.17537590861320496,0.9961931109428406,-0.6314694285392761,-0.19262108206748962,0.29903843998908997,-0.8995510339736938,-0.15889276564121246,0.880966305732727,-1.080318570137024,-0.23572300374507904,1.0199462175369263,-0.8392130732536316,-0.22136270999908447,0.991411030292511,-0.6261857151985168,-0.1925048679113388,0.4098758101463318,-0.765894889831543,-0.2774042785167694,0.8694197535514832,-0.9155372977256775,-0.3113672137260437,1.0120608806610107,-0.7571461200714111,-0.2671021521091461,1.0328556299209595,-0.59101802110672,-0.2233004868030548
0.0,0.0,0.0,0.44949275255203247,-0.10777026414871216,0.12748309969902039,0.7244759798049927,-0.3016999363899231,0.12870241701602936,0.9364286661148071,-0.4029392898082733,0.06806378811597824,1.0195722579956055,-0.5321241021156311,0.01968802884221077,0.29450932145118713,-0.9711514115333557,0.15154126286506653,0.7181706428527832,-1.2022303342819214,0.011681747622787952,0.9849857091903687,-0.9870272278785706,-0.10969255864620209,1.0434530973434448,-0.7337250709533691,-0.1602722853422165,0.22117772698402405,-0.9751623868942261,0.01178586296737194,0.7638879418373108,-1.2075530290603638,-0.09365800768136978,1.0161257982254028,-0.9583947658538818,-0.1535225361585617,1.028100848197937,-0.7102341651916504,-0.17507192492485046,0.22550749778747559,-0.9121279120445251,-0.1371508538722992,0.7837526202201843,-1.1321008205413818,-0.23286445438861847,1.0100511312484741,-0.890021800994873,-0.21791154146194458,1.0268142223358154,-0.658349335193634,-0.18092413246631622,0.30496734380722046,-0.7832908034324646,-0.28140735626220703,0.7559855580329895,-0.9799529910087585,-0.3252810835838318,0.9424841403961182,-0.8262145519256592,-0.2729525566101074,0.9804638624191284,-0.636509358882904,-0.21781083941459656
0.0,0.0,0.0,0.42748984694480896,-0.15618650615215302,0.15512067079544067,0.6806452870368958,-0.3251064419746399,0.15798966586589813,0.8847865462303162,-0.42486438155174255,0.08823711425065994,0.9539563059806824,-0.5758704543113708,0.027421217411756516,0.3027655780315399,-0.9622483253479004,0.1832621991634369,0.6949504017829895,-1.2022408246994019,0.05769357457756996,0.8906499147415161,-0.9765870571136475,-0.052270952612161636,0.8930488228797913,-0.7428094148635864,-0.09949932992458344,0.23370546102523804,-0.9720199108123779,0.02364276349544525,0.7533968687057495,-1.1937005519866943,-0.06488583981990814,0.9267275929450989,-0.9241971969604492,-0.1158592477440834,0.8803988695144653,-0.6929298639297485,-0.13536471128463745,0.2271159589290619,-0.9180987477302551,-0.14422950148582458,0.7535978555679321,-1.1414679288864136,-0.22798675298690796,0.9205641746520996,-0.8809686303138733,-0.20302216708660126,0.8975421786308289,-0.6549390554428101,-0.16378171741962433,0.2822636067867279,-0.7932158708572388,-0.30584633350372314,0.6982458829879761,-0.9937440156936646,-0.349867045879364,0.8760903477668762,-0.8383417129516602,-0.2948438823223114,0.9149147272109985,-0.6594644784927368,-0.2393450289964676
0.0,0.0,0.0,0.42648956179618835,-0.136105477809906,0.13069400191307068,0.6958893537521362,-0.3033750355243683,0.11971330642700195,0.9099981188774109,-0.4054327607154846,0.038572635501623154,0.9460568428039551,-0.5551222562789917,-0.033319443464279175,0.35441282391548157,-0.9551677107810974,0.16022703051567078,0.7400216460227966,-1.1810888051986694,0.03426533192396164,0.9185662865638733,-0.9259709119796753,-0.07778526097536087,0.8961503505706787,-0.6985551118850708,-0.12987101078033447,0.2730790674686432,-0.9619616270065308,0.007596989627927542,0.7551404237747192,-1.1809922456741333,-0.08438672125339508,0.9199697971343994,-0.884873628616333,-0.14813558757305145,0.852414608001709,-0.6604105830192566,-0.17830489575862885,0.24897877871990204,-0.9112745523452759,-0.15343810617923737,0.7339257597923279,-1.152533769607544,-0.2472793012857437,0.9031115174293518,-0.8707992434501648,-0.23708778619766235,0.8654054403305054,-0.6456262469291687,-0.20746873319149017,0.282758891582489,-0.7907599806785583,-0.3088695704936981,0.6859613060951233,-1.0048611164093018,-0.3686252236366272,0.8622903227806091,-0.8319715261459351,-0.3259168565273285,0.8824945092201233,-0.6427021622657776,-0.27869001030921936
0.0,0.0,0.0,0.42967453598976135,-0.14316143095493317,0.12263078987598419,0.6925848722457886,-0.3035607933998108,0.10380304604768753,0.9059979915618896,-0.3978957533836365,0.019532758742570877,0.9586674571037292,-0.55903160572052,-0.054398663341999054,0.33570435643196106,-0.9616341590881348,0.13852089643478394,0.7557505369186401,-1.155340552330017,0.008372143842279911,0.9198914170265198,-0.8950099349021912,-0.106465183198452,0.8833850622177124,-0.6779595017433167,-0.16029086709022522,0.2552184760570526,-0.9668325781822205,-0.009914162568747997,0.769037663936615,-1.1624807119369507,-0.10544264316558838,0.9332108497619629,-0.8656079173088074,-0.17163249850273132,0.8689802885055542,-0.6487715244293213,-0.203065887093544,0.23397193849086761,-0.9095922708511353,-0.16483306884765625,0.7435067892074585,-1.123090386390686,-0.2556244134902954,0.9104499816894531,-0.8416237235069275,-0.24191778898239136,0.8687725067138672,-0.6259427070617676,-0.21075479686260223,0.26683467626571655,-0.7789009213447571,-0.3144659101963043,0.6874939799308777,-0.9776421785354614,-0.3671650290489197,0.8515477776527405,-0.8007087707519531,-0.31662967801094055,0.8573012351989746,-0.6180476546287537,-0.2638683319091797
0.0,0.0,0.0,0.42284199595451355,-0.15196381509304047,0.1175079196691513,0.6888243556022644,-0.32311782240867615,0.10555128008127213,0.8850759267807007,-0.4195807874202728,0.029893524944782257,0.9664608240127563,-0.5569957494735718,-0.032670460641384125,0.30081114172935486,-0.9602270126342773,0.15416604280471802,0.7125555872917175,-1.1497554779052734,0.023371493443846703,0.9112193584442139,-0.9051905870437622,-0.09317462146282196,0.9095139503479004,-0.6847279071807861,-0.14799170196056366,0.22699429094791412,-0.9738451242446899,0.009961597621440887,0.7320447564125061,-1.1662580966949463,-0.08435732871294022,0.9265957474708557,-0.8953271508216858,-0.14438572525978088,0.8982998728752136,-0.6670235991477966,-0.17055942118167877,0.21597830951213837,-0.9197673201560974,-0.14481396973133087,0.7309746742248535,-1.1225618124008179,-0.23271748423576355,0.9134070873260498,-0.8645062446594238,-0.2142423540353775,0.901847779750824,-0.6449649930000305,-0.17914314568042755,0.2663116753101349,-0.7916601300239563,-0.2967297434806824,0.6854610443115234,-0.9742609262466431,-0.33777308464050293,0.8476494550704956,-0.8169803023338318,-0.2817324101924896,0.863101601600647,-0.6396942138671875,-0.22701013088226318
0.0,0.0,0.0,0.4215428829193115,-0.12756972014904022,0.07608481496572495,0.6823064684867859,-0.31533676385879517,0.05208655446767807,0.8882988691329956,-0.4176819622516632,-0.02119535580277443,1.0043448209762573,-0.5393308401107788,-0.07743639498949051,0.28369012475013733,-0.9611204862594604,0.09216602891683578,0.7559733986854553,-1.1188241243362427,-0.035827647894620895,0.9324838519096375,-0.8717072010040283,-0.1400691568851471,0.9214545488357544,-0.6548224687576294,-0.18560738861560822,0.20728370547294617,-0.978099524974823,-0.018835708498954773,0.770866334438324,-1.1494665145874023,-0.11377501487731934,0.9457032680511475,-0.8782557249069214,-0.15890717506408691,0.9148153066635132,-0.6531324982643127,-0.17255964875221252,0.20659483969211578,-0.9253369569778442,-0.13935500383377075,0.7632725834846497,-1.1260629892349243,-0.2284041941165924,0.9249220490455627,-0.8715453147888184,-0.2058800607919693,0.9060072302818298,-0.6549690961837769,-0.16475871205329895,0.2725382149219513,-0.8033058643341064,-0.25814563035964966,0.7251694202423096,-0.9895684719085693,-0.3021489977836609,0.8668035268783569,-0.8289132118225098,-0.25032466650009155,0.8689781427383423,-0.6535256505012512,-0.19528567790985107
0.0,0.0,0.0,0.42937785387039185,-0.14508675038814545,0.12510725855827332,0.6824607253074646,-0.3283054828643799,0.12330502271652222,0.8820033669471741,-0.42399418354034424,0.05959029868245125,0.9961462020874023,-0.5377380847930908,0.00954762939363718,0.2987874150276184,-0.9600881934165955,0.14285233616828918,0.7655010223388672,-1.1357303857803345,0.02091745287179947,0.9376655220985413,-0.8745485544204712,-0.08130461722612381,0.9222829341888428,-0.6593326330184937,-0.12778916954994202,0.23198628425598145,-0.9727098345756531,0.004241382237523794,0.7889741659164429,-1.178381085395813,-0.08633768558502197,0.9584331512451172,-0.877244234085083,-0.13200877606868744,0.9196258783340454,-0.6495062708854675,-0.1463817059993744,0.23675064742565155,-0.9178628325462341,-0.1410023719072342,0.785226047039032,-1.1518346071243286,-0.22601205110549927,0.9398015141487122,-0.8580915927886963,-0.19764237105846405,0.9070867896080017,-0.6305494904518127,-0.1531669646501541,0.30596205592155457,-0.7894822955131531,-0.28128984570503235,0.7447032332420349,-0.9967544674873352,-0.3229866623878479,0.8898951411247253,-0.8220487833023071,-0.268282026052475,0.8890076875686646,-0.645966112613678,-0.21354016661643982
0.0,0.0,0.0,0.4275391101837158,-0.1508847028017044,0.1526595801115036,0.6764053106307983,-0.3296826183795929,0.15998855233192444,0.8769980072975159,-0.4226204752922058,0.09772142767906189,0.9788262844085693,-0.5025126934051514,0.0437224879860878,0.29876017570495605,-0.961643636226654,0.173541858792305,0.7519670724868774,-1.1465152502059937,0.06638666987419128,0.9316114783287048,-0.8925712704658508,-0.03210039436817169,0.9223403334617615,-0.6776742339134216,-0.08014027774333954,0.23068374395370483,-0.9728397130966187,0.019178876653313637,0.7775065302848816,-1.176328182220459,-0.056234076619148254,0.9612718820571899,-0.8892779350280762,-0.10760956257581711,0.9339173436164856,-0.661444902420044,-0.1313297003507614,0.23272621631622314,-0.9164913892745972,-0.13903309404850006,0.7682237029075623,-1.1532422304153442,-0.21004582941532135,0.9388895630836487,-0.8674925565719604,-0.18908663094043732,0.9219238758087158,-0.6378931403160095,-0.15552672743797302,0.3031272888183594,-0.7896085977554321,-0.29060596227645874,0.7300684452056885,-0.997447669506073,-0.3247755467891693,0.8918741941452026,-0.8282812237739563,-0.27306801080703735,0.9153401851654053,-0.6519162654876709,-0.22409650683403015
0.0,0.0,0.0,0.44395115971565247,-0.1625427007675171,0.13287560641765594,0.6889459490776062,-0.3355715274810791,0.12890881299972534,0.8829015493392944,-0.4443506896495819,0.060060206800699234,0.904990553855896,-0.5091951489448547,0.0022541929502040148,0.28525617718696594,-0.9670655131340027,0.15174002945423126,0.7227532267570496,-1.1322933435440063,0.052050236612558365,0.8614866733551025,-0.8794313073158264,-0.03903763368725777,0.8114180564880371,-0.681285560131073,-0.0868770033121109,0.2104368507862091,-0.9775965213775635,0.004627260845154524,0.738625705242157,-1.1641285419464111,-0.06479648500680923,0.879392683506012,-0.8742438554763794,-0.10616014897823334,0.8059413433074951,-0.671870768070221,-0.12652739882469177,0.20889051258563995,-0.9172308444976807,-0.14697949588298798,0.7286948561668396,-1.1489392518997192,-0.21524322032928467,0.8698663711547852,-0.8726314902305603,-0.1873779445886612,0.8177570700645447,-0.6682364344596863,-0.15243755280971527,0.27577969431877136,-0.7838894128799438,-0.29408028721809387,0.7012462019920349,-1.0012024641036987,-0.32861605286598206,0.8543660640716553,-0.8360743522644043,-0.2754041254520416,0.8638682961463928,-0.6669552326202393,-0.2281426042318344
0.0,0.0,0.0,0.44819214940071106,-0.17544329166412354,0.1517752707004547,0.6824670433998108,-0.35210901498794556,0.16139382123947144,0.8650962114334106,-0.4494237005710602,0.10235558450222015,0.9217016100883484,-0.5155138373374939,0.05354834720492363,0.27951088547706604,-0.9674290418624878,0.18286089599132538,0.7073554396629333,-1.138594627380371,0.08961869776248932,0.8561221957206726,-0.8986543416976929,0.001204649219289422,0.8168972730636597,-0.7024463415145874,-0.0445714145898819,0.21127773821353912,-0.9769871830940247,0.029285000637173653,0.7310317754745483,-1.1769264936447144,-0.03381817042827606,0.8865681886672974,-0.9030122756958008,-0.07326658070087433,0.8294968008995056,-0.695608377456665,-0.09236554056406021,0.21106493473052979,-0.9196144342422485,-0.12899284064769745,0.7292957305908203,-1.1535781621932983,-0.18894849717617035,0.8766748905181885,-0.887319028377533,-0.1587953269481659,0.8313078880310059,-0.6804801821708679,-0.1234164834022522,0.27488699555397034,-0.7912206053733826,-0.281950980424881,0.7014912366867065,-1.003552794456482,-0.30602625012397766,0.8429086804389954,-0.8412203192710876,-0.24781259894371033,0.8390347957611084,-0.6730367541313171,-0.19844816625118256
0.0,0.0,0.0,0.44338029623031616,-0.16692964732646942,0.11947289109230042,0.6792387366294861,-0.3519743084907532,0.1131758838891983,0.8603296875953674,-0.4507701098918915,0.045017924159765244,0.9548681378364563,-0.5238566994667053,-0.009805533103644848,0.2702021300792694,-0.9709512591362,0.13429132103919983,0.727743923664093,-1.1317821741104126,0.025035208091139793,0.8772252798080444,-0.8775039911270142,-0.0654425323009491,0.8383487462997437,-0.6752126812934875,-0.11018592119216919,0.19540059566497803,-0.980697751045227,-0.007106881123036146,0.7498379945755005,-1.1869585514068604,-0.09514587372541428,0.9021596908569336,-0.8985355496406555,-0.13604973256587982,0.8409211039543152,-0.6860731840133667,-0.1498296856880188,0.20213623344898224,-0.9252751469612122,-0.1545640528202057,0.7463318705558777,-1.1668603420257568,-0.24127942323684692,0.8895601630210876,-0.8904977440834045,-0.21309329569339752,0.8432087302207947,-0.6796782612800598,-0.17163372039794922,0.279986172914505,-0.7992421388626099,-0.29742342233657837,0.7364113330841064,-1.0073654651641846,-0.3382575809955597,0.8641149997711182,-0.8344151973724365,-0.28156745433807373,0.8435266017913818,-0.6631531715393066,-0.22982357442378998
0.0,0.0,0.0,0.43911322951316833,-0.15652337670326233,0.1147356703877449,0.6831150054931641,-0.3383425772190094,0.1002303883433342,0.8663326501846313,-0.43365737795829773,0.02267780900001526,0.954407274723053,-0.5217853784561157,-0.04068763926625252,0.2754722833633423,-0.9698800444602966,0.11754119396209717,0.7392725944519043,-1.1575450897216797,-0.011942032724618912,0.9076834917068481,-0.8806820511817932,-0.1141086295247078,0.8880810737609863,-0.6507123112678528,-0.16167564690113068,0.2030474841594696,-0.9788527488708496,-0.024879325181245804,0.768290638923645,-1.2034550905227661,-0.12518420815467834,0.931787371635437,-0.8904751539230347,-0.16739530861377716,0.8826128244400024,-0.6631395220756531,-0.18012326955795288,0.21050149202346802,-0.9247079491615295,-0.17508704960346222,0.7661657929420471,-1.1875957250595093,-0.27582594752311707,0.9166237711906433,-0.8847434520721436,-0.24563781917095184,0.8773357272148132,-0.6545846462249756,-0.19930586218833923,0.2907073497772217,-0.7998601794242859,-0.3208467364311218,0.7542266845703125,-1.0141969919204712,-0.3729064166545868,0.8927974700927734,-0.8290945887565613,-0.31793534755706787,0.8792414665222168,-0.649073600769043,-0.2649580240249634
0.0,0.0,0.0,0.4829244017601013,-0.14375078678131104,0.10846427083015442,0.7282261848449707,-0.3115934431552887,0.09257924556732178,0.9146163463592529,-0.40129974484443665,0.010681221261620522,0.9495812058448792,-0.4884447157382965,-0.05773518607020378,0.3067071735858917,-0.9687740802764893,0.14459310472011566,0.7391747832298279,-1.1443196535110474,0.01818062923848629,0.8966355919837952,-0.8932065367698669,-0.09221133589744568,0.8728539347648621,-0.6683552265167236,-0.14574658870697021,0.22474142909049988,-0.9744033813476562,0.005420609377324581,0.7638843059539795,-1.166128158569336,-0.08743362873792648,0.9127247929573059,-0.8858419060707092,-0.14000245928764343,0.8514317870140076,-0.6664959192276001,-0.16296473145484924,0.21996426582336426,-0.9188970327377319,-0.1448024958372116,0.7546327710151672,-1.1525920629501343,-0.22967985272407532,0.8961703777313232,-0.8817853331565857,-0.20570766925811768,0.8466396331787109,-0.6623706817626953,-0.1692340224981308,0.28696712851524353,-0.7931559681892395,-0.294048011302948,0.7327179908752441,-0.9959397315979004,-0.3339678943157196,0.8740512728691101,-0.8207082152366638,-0.28056156635284424,0.8694412112236023,-0.6378633379936218,-0.2313709557056427
0.0,0.0,0.0,0.4665851593017578,-0.1471405029296875,0.11120359599590302,0.7217857241630554,-0.3306766748428345,0.0949593335390091,0.9330804944038391,-0.4427402913570404,0.008782760240137577,0.9321804642677307,-0.5478798747062683,-0.06640682369470596,0.29875099658966064,-0.9725754857063293,0.1854255050420761,0.6998380422592163,-1.1671212911605835,0.060503724962472916,0.8836575746536255,-0.9389235973358154,-0.0571635477244854,0.8762565851211548,-0.7051289081573486,-0.11235250532627106,0.21886810660362244,-0.9746956825256348,0.04544362053275108,0.7081802487373352,-1.1989905834197998,-0.03743791952729225,0.8950653672218323,-0.9388901591300964,-0.0946885421872139,0.8660734295845032,-0.7091090679168701,-0.11959663033485413,0.2083691954612732,-0.9222745299339294,-0.10896771401166916,0.7009573578834534,-1.178525447845459,-0.1875317245721817,0.8856905698776245,-0.9327355027198792,-0.17324693500995636,0.8663162589073181,-0.704266369342804,-0.14213036000728607,0.2672322690486908,-0.8030123114585876,-0.26268118619918823,0.6863895654678345,-1.0266165733337402,-0.3032917380332947,0.8595830202102661,-0.8732879757881165,-0.2579212188720703,0.8803423643112183,-0.6862888932228088,-0.21176350116729736
0.0,0.0,0.0,0.43700993061065674,-0.13533346354961395,0.1460265964269638,0.7003049254417419,-0.3318588435649872,0.16788454353809357,0.9093525409698486,-0.43485143780708313,0.11710584908723831,0.9413406252861023,-0.5450859665870667,0.07448618113994598,0.35769572854042053,-0.9444303512573242,0.2205623984336853,0.721717357635498,-1.1683754920959473,0.11419688910245895,0.8749161958694458,-0.921271800994873,0.012101056054234505,0.8410242199897766,-0.6963362693786621,-0.03512855991721153,0.26201844215393066,-0.9625316858291626,0.06985064595937729,0.7142135500907898,-1.1937581300735474,-0.0138277318328619,0.8767563700675964,-0.9029092192649841,-0.07718239724636078,0.8203586935997009,-0.6802853941917419,-0.10554837435483932,0.2217250019311905,-0.9315873384475708,-0.09203168749809265,0.6892634034156799,-1.1971487998962402,-0.18191242218017578,0.8681182265281677,-0.9235364198684692,-0.1838987022638321,0.8393233418464661,-0.6934384107589722,-0.16112425923347473,0.23294895887374878,-0.8334943652153015,-0.24771642684936523,0.6270378828048706,-1.075675129890442,-0.3195636570453644,0.8166784048080444,-0.9069474339485168,-0.29845812916755676,0.8494473099708557,-0.7098134756088257,-0.26534828543663025
0.0,0.0,0.0,0.4275881052017212,-0.14162254333496094,0.10996966063976288,0.7071630358695984,-0.3376889228820801,0.11081849783658981,0.9254326224327087,-0.46611636877059937,0.04472536966204643,0.9230954051017761,-0.6196645498275757,-0.013108803890645504,0.3601424992084503,-0.9436597228050232,0.18518300354480743,0.7106309533119202,-1.181296467781067,0.0559898279607296,0.888628363609314,-0.9496292471885681,-0.06448055058717728,0.8874379396438599,-0.7251805663108826,-0.12087853252887726,0.2572260797023773,-0.9651414155960083,0.048340924084186554,0.6814858913421631,-1.213539958000183,-0.057300418615341187,0.8748088479042053,-0.9386945962905884,-0.13887043297290802,0.8608731627464294,-0.7117511630058289,-0.17709466814994812,0.20394952595233917,-0.931504487991333,-0.1029728576540947,0.6369544863700867,-1.2063015699386597,-0.21027548611164093,0.8508889675140381,-0.955910325050354,-0.23385325074195862,0.8651112914085388,-0.722344160079956,-0.22421301901340485,0.20278148353099823,-0.8289966583251953,-0.2505432367324829,0.5882954001426697,-1.0736654996871948,-0.3339686691761017,0.7970634698867798,-0.9293420314788818,-0.3302897810935974,0.8620957732200623,-0.7456279993057251,-0.3095092177391052
0.0,0.0,0.0,0.43126532435417175,-0.1599915623664856,0.05370406061410904,0.7210565805435181,-0.3552415668964386,0.021333128213882446,0.9446405172348022,-0.5155560970306396,-0.06943719834089279,1.0106154680252075,-0.7450830936431885,-0.14512619376182556,0.36505478620529175,-0.9361494779586792,0.1577952355146408,0.7042371034622192,-1.2004910707473755,0.01986280083656311,0.878407895565033,-0.9722352623939514,-0.10478580743074417,0.8703234791755676,-0.7533088326454163,-0.16067221760749817,0.25783491134643555,-0.9649373888969421,0.04916347190737724,0.6766724586486816,-1.2262502908706665,-0.05725356191396713,0.8569586873054504,-0.9616509079933167,-0.13864043354988098,0.8316114544868469,-0.7430707216262817,-0.17687372863292694,0.19298608601093292,-0.939487099647522,-0.08027737587690353,0.6228311061859131,-1.208906888961792,-0.18315544724464417,0.8172581195831299,-0.9716927409172058,-0.2028622180223465,0.8187916874885559,-0.7416228652000427,-0.19118696451187134,0.18188174068927765,-0.8499114513397217,-0.2112061083316803,0.5640124678611755,-1.0909210443496704,-0.28273889422416687,0.7699741125106812,-0.960840106010437,-0.27167126536369324,0.8314882516860962,-0.7826080918312073,-0.2457640916109085
0.0,0.0,0.0,0.42991024255752563,-0.1593143790960312,0.0967259481549263,0.7282845973968506,-0.3730001747608185,0.0799136683344841,0.970615029335022,-0.5197387337684631,-0.0021378579549491405,1.0325281620025635,-0.6973641514778137,-0.07305972278118134,0.3899988532066345,-0.9408477544784546,0.17363451421260834,0.7003074884414673,-1.2227427959442139,0.053268078714609146,0.8812475204467773,-0.9958102107048035,-0.05711650475859642,0.8683140873908997,-0.7756866216659546,-0.1085345596075058,0.28191813826560974,-0.9586023092269897,0.040048204362392426,0.6797444820404053,-1.2374902963638306,-0.043810609728097916,0.8669089674949646,-0.9712631702423096,-0.11212410032749176,0.8295563459396362,-0.7561883330345154,-0.1494903415441513,0.20785100758075714,-0.9273326396942139,-0.10924721509218216,0.6192586421966553,-1.2079980373382568,-0.18978945910930634,0.8202280402183533,-0.9640263915061951,-0.19317597150802612,0.8125544786453247,-0.7395197749137878,-0.18006837368011475,0.1800682693719864,-0.8309572339057922,-0.25760501623153687,0.5416263341903687,-1.078477144241333,-0.3152851462364197,0.7599436640739441,-0.9394059777259827,-0.29214879870414734,0.8185133934020996,-0.7585429549217224,-0.26394402980804443
0.0,0.0,0.0,0.41263437271118164,-0.16043348610401154,0.09863387793302536,0.6907545924186707,-0.35283055901527405,0.07931835204362869,0.8968796133995056,-0.48141059279441833,-0.0038389088585972786,0.9445938467979431,-0.6316068172454834,-0.07953911274671555,0.4204901456832886,-0.9420072436332703,0.13645973801612854,0.7154127955436707,-1.2192462682724,0.005806934088468552,0.8891977667808533,-0.976945698261261,-0.10790528357028961,0.876188337802887,-0.7606946229934692,-0.16284489631652832,0.3019503355026245,-0.9533200860023499,-0.002631936687976122,0.6754637360572815,-1.2321559190750122,-0.1049540564417839,0.8650560975074768,-0.9527342915534973,-0.18046659231185913,0.8346448540687561,-0.7316473126411438,-0.22074347734451294,0.20686782896518707,-0.9205212593078613,-0.154262512922287,0.5906816720962524,-1.1896679401397705,-0.2520520091056824,0.7975543141365051,-0.9390990734100342,-0.2614080011844635,0.7991317510604858,-0.7148588299751282,-0.25001761317253113,0.14208881556987762,-0.8222696185112,-0.3035587668418884,0.4845781624317169,-1.0585190057754517,-0.380908727645874,0.7048826217651367,-0.9186903238296509,-0.36740362644195557,0.7694593667984009,-0.7427535057067871,-0.3435845375061035
0.0,0.0,0.0,0.4036388695240021,-0.158233642578125,0.065626360476017,0.6849361658096313,-0.34884414076805115,0.03168730437755585,0.883021891117096,-0.47710078954696655,-0.060090646147727966,0.9619867205619812,-0.6616613864898682,-0.14416633546352386,0.4370962679386139,-0.9354756474494934,0.11418136209249496,0.7161394357681274,-1.2103978395462036,-0.023960663005709648,0.9150952696800232,-0.9957784414291382,-0.14807619154453278,0.948941707611084,-0.7986677289009094,-0.21224986016750336,0.3144818842411041,-0.9492148160934448,-0.009612110443413258,0.6702401041984558,-1.2332621812820435,-0.12675510346889496,0.884567379951477,-0.9677790999412537,-0.22018146514892578,0.8888789415359497,-0.7489293217658997,-0.27065029740333557,0.21172727644443512,-0.9225236773490906,-0.1473609060049057,0.566178023815155,-1.2049176692962646,-0.2565041482448578,0.789288341999054,-0.9612275958061218,-0.27723103761672974,0.8123939633369446,-0.733202338218689,-0.27073463797569275,0.13472820818424225,-0.8302966952323914,-0.2850762903690338,0.4630204439163208,-1.060625672340393,-0.3685597777366638,0.6759394407272339,-0.9137977361679077,-0.3582827150821686,0.7333083152770996,-0.7284248471260071,-0.33447569608688354
0.0,0.0,0.0,0.42190584540367126,-0.12080962210893631,0.09344489127397537,0.7206926345825195,-0.3103004992008209,0.07330047339200974,0.9326523542404175,-0.4206888973712921,-0.008032578974962234,0.9557064771652222,-0.5894083976745605,-0.0820130929350853,0.404200941324234,-0.9493744373321533,0.11916135996580124,0.7449622750282288,-1.2128849029541016,-0.02690911665558815,0.954230785369873,-0.978752851486206,-0.15297649800777435,0.9728041887283325,-0.7632695436477661,-0.2136654406785965,0.27938687801361084,-0.9600182175636292,-0.017549309879541397,0.710224449634552,-1.2342641353607178,-0.1457083821296692,0.9315640330314636,-0.945060133934021,-0.23341578245162964,0.9191303849220276,-0.7073718309402466,-0.2737283706665039,0.20263899862766266,-0.9244144558906555,-0.16585180163383484,0.6340371370315552,-1.2041895389556885,-0.28741297125816345,0.8598380088806152,-0.9419842958450317,-0.3023396134376526,0.8689181208610535,-0.7075826525688171,-0.2852558493614197,0.17463234066963196,-0.8191768527030945,-0.31065356731414795,0.5562282800674438,-1.0529825687408447,-0.40156933665275574,0.7655767202377319,-0.897626519203186,-0.38828253746032715,0.8121025562286377,-0.7096449136734009,-0.3592482805252075
0.0,0.0,0.0,0.40829741954803467,-0.10844686627388,0.08454836905002594,0.7166836857795715,-0.2734002470970154,0.057091377675533295,0.9460755586624146,-0.38088688254356384,-0.030103329569101334,0.9508329033851624,-0.5345962643623352,-0.10743286460638046,0.4753727614879608,-0.9176347851753235,0.10776206851005554,0.8083200454711914,-1.1802031993865967,-0.03769931197166443,0.9790477156639099,-0.926336407661438,-0.1544715017080307,0.9481533765792847,-0.7003288269042969,-0.20589876174926758,0.3571380078792572,-0.9337430000305176,-0.024010078981518745,0.7735152840614319,-1.2098126411437988,-0.13394728302955627,0.9417044520378113,-0.9023634791374207,-0.20012903213500977,0.8687146306037903,-0.6743068099021912,-0.23113150894641876,0.2697239816188812,-0.9107969403266907,-0.16949619352817535,0.6889687776565552,-1.1940596103668213,-0.27454760670661926,0.869339108467102,-0.9091301560401917,-0.2654323875904083,0.8244230151176453,-0.6787117123603821,-0.23785381019115448,0.20897191762924194,-0.822953999042511,-0.31393638253211975,0.5734869241714478,-1.07131826877594,-0.3975171446800232,0.7667455673217773,-0.8918171525001526,-0.37141865491867065,0.7811947464942932,-0.6917408108711243,-0.33540526032447815
0.0,0.0,0.0,0.42991673946380615,-0.15081976354122162,0.12408309429883957,0.6840237975120544,-0.333479642868042,0.11307203024625778,0.8843347430229187,-0.42381948232650757,0.04229037091135979,0.9622105360031128,-0.5314851403236389,-0.018639318645000458,0.31377726793289185,-0.9816327691078186,0.1143893375992775,0.7414444088935852,-1.1465611457824707,-0.011286587454378605,0.9187770485877991,-0.913711428642273,-0.12096722424030304,0.9018990397453308,-0.7064990401268005,-0.17474381625652313,0.22560705244541168,-0.9737548232078552,-0.030049622058868408,0.7491709589958191,-1.1559631824493408,-0.12558136880397797,0.9325777888298035,-0.8940949440002441,-0.18467861413955688,0.8948237895965576,-0.6791805028915405,-0.21270883083343506,0.2035343497991562,-0.902535080909729,-0.17896348237991333,0.7064334154129028,-1.1367286443710327,-0.26967501640319824,0.8881298899650574,-0.886316180229187,-0.2525670826435089,0.8695578575134277,-0.6768234372138977,-0.2205398678779602,0.23794691264629364,-0.7603147029876709,-0.32190534472465515,0.6579650640487671,-0.958708643913269,-0.3775656223297119,0.8273767828941345,-0.7979235053062439,-0.32985883951187134,0.846400260925293,-0.6240768432617188,-0.2797683775424957
0.0,0.0,0.0,0.4338313043117523,-0.1560550034046173,0.0998687595129013,0.685497522354126,-0.3505142033100128,0.0832015722990036,0.8777739405632019,-0.4464488923549652,0.011173072271049023,0.9669119119644165,-0.5528201460838318,-0.04812101647257805,0.2941393256187439,-0.9835982322692871,0.1093781366944313,0.7406970858573914,-1.1484639644622803,-0.014786435291171074,0.9118876457214355,-0.9251177906990051,-0.12446022778749466,0.8949850797653198,-0.7236769199371338,-0.17948073148727417,0.21643319725990295,-0.97608882188797,-0.020178265869617462,0.7488723397254944,-1.165006399154663,-0.11559022217988968,0.9269102215766907,-0.9167961478233337,-0.17424705624580383,0.8999437093734741,-0.7054687738418579,-0.20024731755256653,0.20780335366725922,-0.9051536917686462,-0.15635918080806732,0.7200446724891663,-1.135185956954956,-0.24421030282974243,0.8927014470100403,-0.8947227597236633,-0.22634755074977875,0.8783794641494751,-0.687024712562561,-0.19337230920791626,0.2601132094860077,-0.7655962109565735,-0.28936848044395447,0.6793575286865234,-0.9502022862434387,-0.33792322874069214,0.8340786099433899,-0.7953797578811646,-0.2893504500389099,0.8517366647720337,-0.6304187178611755,-0.23930490016937256
0.0,0.0,0.0,0.44630518555641174,-0.17148041725158691,0.06513704359531403,0.7022375464439392,-0.35713499784469604,0.01801677793264389,0.8941159248352051,-0.453204482793808,-0.07959596812725067,0.9819707274436951,-0.5665649771690369,-0.16078384220600128,0.28124240040779114,-0.9898128509521484,0.058235831558704376,0.7742379307746887,-1.1389074325561523,-0.09115422517061234,0.9423054456710815,-0.8983835577964783,-0.21537040174007416,0.9296128153800964,-0.692914605140686,-0.27803781628608704,0.2151026874780655,-0.9746167659759521,-0.062072400003671646,0.7868344187736511,-1.1667827367782593,-0.17424456775188446,0.9567447900772095,-0.9018683433532715,-0.2290237843990326,0.9318794012069702,-0.6931003332138062,-0.2508235573768616,0.22441913187503815,-0.8960478901863098,-0.1918487548828125,0.7656550407409668,-1.1339997053146362,-0.2845148742198944,0.9216538667678833,-0.8826771974563599,-0.25270217657089233,0.8956857919692993,-0.6734411120414734,-0.2102852761745453,0.29827430844306946,-0.7478309869766235,-0.32260602712631226,0.7217564582824707,-0.9367436170578003,-0.361142098903656,0.8426264524459839,-0.7789973020553589,-0.29898175597190857,0.8279697299003601,-0.6163910031318665,-0.24173246324062347
0.0,0.0,0.0,0.4569500684738159,-0.17064091563224792,0.07065257430076599,0.7165451049804688,-0.355794757604599,0.03163306415081024,0.9146850109100342,-0.4604330360889435,-0.06104530766606331,1.030572772026062,-0.5864030718803406,-0.1371111422777176,0.30829596519470215,-0.9686292409896851,0.08678606152534485,0.768093466758728,-1.1281033754348755,-0.050902463495731354,0.9161977171897888,-0.8819317817687988,-0.16487698256969452,0.8936721682548523,-0.6790985465049744,-0.2205910086631775,0.22833465039730072,-0.9729914665222168,-0.03392408788204193,0.7857035398483276,-1.1543043851852417,-0.14479728043079376,0.9257304072380066,-0.8779374957084656,-0.19904863834381104,0.8816869854927063,-0.6679142117500305,-0.21716326475143433,0.22407853603363037,-0.9106420278549194,-0.16529983282089233,0.7610062956809998,-1.1451537609100342,-0.26591381430625916,0.907396137714386,-0.8877768516540527,-0.24399074912071228,0.8813931941986084,-0.6697315573692322,-0.2028556615114212,0.28747880458831787,-0.7818517088890076,-0.29647037386894226,0.7165341377258301,-0.9719010591506958,-0.3520577847957611,0.862784743309021,-0.8143829703330994,-0.3047369122505188,0.8807960748672485,-0.6476527452468872,-0.25257042050361633
0.0,0.0,0.0,0.4400750994682312,-0.12485018372535706,0.08166725933551788,0.7011753916740417,-0.3297850787639618,0.0667055994272232,0.9041282534599304,-0.4483988881111145,-0.0039469050243496895,0.9803438186645508,-0.5664424896240234,-0.05888408422470093,0.3267532289028168,-0.960652768611908,0.11891534179449081,0.7650467157363892,-1.1526442766189575,-0.011411589570343494,0.9246139526367188,-0.9161567091941833,-0.12532277405261993,0.9026698470115662,-0.7039694786071777,-0.17861074209213257,0.2501905560493469,-0.9681965708732605,0.00029074764461256564,0.7685117125511169,-1.1807516813278198,-0.09548927843570709,0.9241183996200562,-0.9121297001838684,-0.15000855922698975,0.8829324245452881,-0.7011558413505554,-0.17098163068294525,0.2463006228208542,-0.9111349582672119,-0.13011904060840607,0.7554165720939636,-1.1777480840682983,-0.22112323343753815,0.9140554070472717,-0.9256693124771118,-0.20485985279083252,0.8881895542144775,-0.7048470973968506,-0.1693817526102066,0.30640289187431335,-0.7884955406188965,-0.259927898645401,0.7316765785217285,-1.012256145477295,-0.3114711046218872,0.8830706477165222,-0.8457199335098267,-0.2666296660900116,0.892705500125885,-0.6559627056121826,-0.21731509268283844
0.0,0.0,0.0,0.4295123219490051,-0.1363997906446457,0.10004793107509613,0.6823464632034302,-0.32116302847862244,0.08992066979408264,0.8786347508430481,-0.43998095393180847,0.0138400262221694,0.941255509853363,-0.5582498908042908,-0.04785112664103508,0.31261545419692993,-0.9454652667045593,0.17912201583385468,0.7146025896072388,-1.1436975002288818,0.057228557765483856,0.8835991621017456,-0.9082618951797485,-0.05427068844437599,0.872667133808136,-0.6848470568656921,-0.10437539219856262,0.24469703435897827,-0.968332827091217,0.049546290189027786,0.7177027463912964,-1.1868082284927368,-0.0394107922911644,0.8862271904945374,-0.922595202922821,-0.09720997512340546,0.859531581401825,-0.6966159343719482,-0.11923468112945557,0.2437753975391388,-0.9278302192687988,-0.09476470947265625,0.7284641265869141,-1.2066248655319214,-0.18731003999710083,0.8980355858802795,-0.95238196849823,-0.17942893505096436,0.8860039114952087,-0.7175561785697937,-0.14623981714248657,0.30845874547958374,-0.8202610611915588,-0.23739667236804962,0.7286369800567627,-1.0478688478469849,-0.29129913449287415,0.8859710693359375,-0.8773675560951233,-0.24978752434253693,0.9018884301185608,-0.6719500422477722,-0.20030219852924347
0.0,0.0,0.0,0.42080163955688477,-0.13449755311012268,0.055598415434360504,0.6794438362121582,-0.294950932264328,0.011664994060993195,0.867696225643158,-0.39377307891845703,-0.0882587656378746,0.9487587213516235,-0.5178319215774536,-0.17016460001468658,0.27941828966140747,-0.9641503691673279,0.13093900680541992,0.6930440664291382,-1.1549001932144165,-0.005655506160110235,0.8864582180976868,-0.9318488836288452,-0.1308901160955429,0.885320782661438,-0.7111101150512695,-0.18996651470661163,0.21456998586654663,-0.9764830470085144,0.020990842953324318,0.6885313391685486,-1.196365475654602,-0.07770385593175888,0.8848673105239868,-0.9531315565109253,-0.15185454487800598,0.8717907667160034,-0.7252458333969116,-0.18658044934272766,0.21620695292949677,-0.9301663637161255,-0.10462097078561783,0.6900278329849243,-1.1982327699661255,-0.19822584092617035,0.8813436627388,-0.9583042860031128,-0.19674350321292877,0.8767982721328735,-0.7304304838180542,-0.16955937445163727,0.28366774320602417,-0.8161265850067139,-0.23170238733291626,0.7003816962242126,-1.0288141965866089,-0.28097233176231384,0.8618689179420471,-0.8700737357139587,-0.2390073537826538,0.8708071112632751,-0.6835978627204895,-0.19027502834796906
0.0,0.0,0.0,0.43157023191452026,-0.11066912114620209,0.1011972427368164,0.6887943148612976,-0.2741062641143799,0.08342104405164719,0.8860377073287964,-0.3697246313095093,0.0037711821496486664,0.9212804436683655,-0.4767591059207916,-0.06270645558834076,0.3135496973991394,-0.9571022391319275,0.15339286625385284,0.6999828219413757,-1.1592304706573486,0.031266577541828156,0.9063255190849304,-0.9376653432846069,-0.08316201716661453,0.9145269989967346,-0.7153130769729614,-0.13763701915740967,0.2433716356754303,-0.9696634411811829,0.02286985144019127,0.7082173228263855,-1.1885676383972168,-0.06737104058265686,0.9112370014190674,-0.9259111285209656,-0.13360509276390076,0.889281153678894,-0.6896264553070068,-0.16417613625526428,0.2304030805826187,-0.9183727502822876,-0.11809549480676651,0.6992509365081787,-1.1781690120697021,-0.20434542000293732,0.8996230363845825,-0.9223753809928894,-0.19716596603393555,0.8908950090408325,-0.6941990256309509,-0.16880635917186737,0.27484846115112305,-0.7931446433067322,-0.25649091601371765,0.6874110102653503,-0.9995942115783691,-0.3027660846710205,0.8657549023628235,-0.8474007844924927,-0.25978559255599976,0.8859363198280334,-0.6747769713401794,-0.2128276228904724
0.0,0.0,0.0,0.45329055190086365,-0.08856707066297531,0.13718435168266296,0.7376813292503357,-0.24945244193077087,0.14978481829166412,0.9658917784690857,-0.35217544436454773,0.08550457656383514,0.9745712280273438,-0.4862220883369446,0.028555218130350113,0.4468214809894562,-0.8919801712036133,0.2576943039894104,0.7744318246841431,-1.1379526853561401,0.15323945879936218,0.951411783695221,-0.9166014790534973,0.038061242550611496,0.9473406672477722,-0.6902831792831421,-0.017900550737977028,0.36619141697883606,-0.9241441488265991,0.108910471200943,0.7588260173797607,-1.1855601072311401,0.02548759989440441,0.9508825540542603,-0.9183176755905151,-0.056644849479198456,0.9292291402816772,-0.6870971918106079,-0.09820932149887085,0.3237976133823395,-0.9120324850082397,-0.054761193692684174,0.7422571182250977,-1.1997793912887573,-0.13333511352539062,0.9443781971931458,-0.9456561803817749,-0.14943400025367737,0.937236487865448,-0.7097673416137695,-0.13982801139354706,0.3270166516304016,-0.8365379571914673,-0.21568050980567932,0.7055913209915161,-1.0754092931747437,-0.2683912217617035,0.9044098854064941,-0.9148982763290405,-0.24982386827468872,0.9444336891174316,-0.7170047163963318,-0.2231590449810028
0.0,0.0,0.0,0.4593046009540558,-0.09367997944355011,0.17015790939331055,0.7297770380973816,-0.264557808637619,0.2144143134355545,0.9396778345108032,-0.36849528551101685,0.17758619785308838,0.9929735660552979,-0.4663864076137543,0.14386071264743805,0.4672650396823883,-0.8785349726676941,0.305365651845932,0.7699122428894043,-1.1284743547439575,0.2184709757566452,0.9461498260498047,-0.9209393858909607,0.11418163031339645,0.9547109007835388,-0.704915463924408,0.06290189921855927,0.38055726885795593,-0.9129155874252319,0.14751699566841125,0.7455368638038635,-1.1740020513534546,0.0684334859251976,0.942521870136261,-0.9185031056404114,-0.013495119288563728,0.9299886226654053,-0.6839901208877563,-0.05397346615791321,0.32306966185569763,-0.9058780074119568,-0.024241110309958458,0.7146605253219604,-1.1916923522949219,-0.10365576297044754,0.9230008125305176,-0.9445832967758179,-0.1285843551158905,0.9259016513824463,-0.7097773551940918,-0.12335477024316788,0.30467528104782104,-0.8425450921058655,-0.18945373594760895,0.6667845249176025,-1.087632179260254,-0.24734848737716675,0.8590921759605408,-0.9262946248054504,-0.23617573082447052,0.8935177326202393,-0.7237184643745422,-0.21414199471473694
0.0,0.0,0.0,0.4619671702384949,-0.08297829329967499,0.12706276774406433,0.7621909976005554,-0.26039668917655945,0.14421755075454712,1.0019246339797974,-0.38352087140083313,0.08541961014270782,0.9817615151405334,-0.4962223768234253,0.031208444386720657,0.5015424489974976,-0.8669202923774719,0.2624961733818054,0.791870653629303,-1.1661708354949951,0.15538784861564636,0.9794622659683228,-0.9552851319313049,0.0348382443189621,0.9836109280586243,-0.7331996560096741,-0.026225203648209572,0.4128493368625641,-0.9037371873855591,0.11320128291845322,0.7600311636924744,-1.2127422094345093,0.011974462307989597,0.9684401750564575,-0.9515615105628967,-0.08657734841108322,0.9478909969329834,-0.7130637764930725,-0.1365887075662613,0.33773547410964966,-0.9088869094848633,-0.0536610409617424,0.7082096338272095,-1.235823392868042,-0.147160604596138,0.9355591535568237,-0.987064778804779,-0.18242160975933075,0.9386858940124512,-0.74727863073349,-0.18404202163219452,0.2929287850856781,-0.8626823425292969,-0.21855229139328003,0.6523598432540894,-1.1228797435760498,-0.2841842770576477,0.8526900410652161,-0.9540646076202393,-0.27748557925224304,0.8783729076385498,-0.7432687282562256,-0.2602691650390625
0.0,0.0,0.0,0.4727984070777893,-0.09421595185995102,0.14514875411987305,0.7665966153144836,-0.2922133207321167,0.17863932251930237,0.9908418655395508,-0.4177857041358948,0.1353527158498764,0.9615890979766846,-0.5160667896270752,0.09617842733860016,0.5338792204856873,-0.8542277216911316,0.2636173665523529,0.7778944969177246,-1.1972930431365967,0.16040214896202087,0.9607844352722168,-0.9741325974464417,0.051776494830846786,0.9538654685020447,-0.7424106597900391,-0.00025915796868503094,0.4382229745388031,-0.8928338885307312,0.1039622575044632,0.7381315231323242,-1.2380532026290894,-0.0004405439249239862,0.9368308782577515,-0.9621135592460632,-0.09529723972082138,0.8968055844306946,-0.7189342379570007,-0.1401975452899933,0.3357488512992859,-0.9059056043624878,-0.07139439135789871,0.6570606827735901,-1.25303053855896,-0.16562780737876892,0.8835087418556213,-0.9946553111076355,-0.20051994919776917,0.8798413872718811,-0.7571284770965576,-0.20202526450157166,0.24807077646255493,-0.872465968132019,-0.24276511371135712,0.5730081796646118,-1.1541500091552734,-0.3166063725948334,0.7791804671287537,-0.9833734035491943,-0.31414830684661865,0.8033221364021301,-0.7726355791091919,-0.29953041672706604
0.0,0.0,0.0,0.45798298716545105,-0.09162431955337524,0.14370912313461304,0.7557074427604675,-0.2999313175678253,0.17304407060146332,0.9861465692520142,-0.42690199613571167,0.1267096996307373,0.9439646005630493,-0.5245904326438904,0.08107417076826096,0.5569037199020386,-0.8574714064598083,0.21867479383945465,0.7865762114524841,-1.2240384817123413,0.09741692990064621,0.9590852856636047,-0.9869838356971741,-0.020667916163802147,0.9423255920410156,-0.7564353346824646,-0.07956505566835403,0.453622043132782,-0.8896577954292297,0.05230744555592537,0.7347196936607361,-1.2607847452163696,-0.06838881224393845,0.9223313331604004,-0.9627571105957031,-0.1669529527425766,0.8724755644798279,-0.7234567999839783,-0.2143450379371643,0.33673590421676636,-0.8982712626457214,-0.127554789185524,0.6197496652603149,-1.26644766330719,-0.23207654058933258,0.836246907711029,-0.9927507042884827,-0.26379236578941345,0.8268479108810425,-0.7594441771507263,-0.26424214243888855,0.22664770483970642,-0.8607197403907776,-0.3036312162876129,0.5139082074165344,-1.1706669330596924,-0.3941391706466675,0.7214420437812805,-1.0014145374298096,-0.39764323830604553,0.7545145750045776,-0.7949421405792236,-0.38717198371887207
0.0,0.0,0.0,0.4510093927383423,-0.09870872646570206,0.15845035016536713,0.73445725440979,-0.3002975583076477,0.1920686811208725,0.9512040019035339,-0.4216405153274536,0.14563226699829102,0.9360798001289368,-0.5150710344314575,0.10005103051662445,0.5324054956436157,-0.864344596862793,0.2538248598575592,0.7735611200332642,-1.2244415283203125,0.14063291251659393,0.9490087628364563,-0.9880636930465698,0.020725209265947342,0.9417462348937988,-0.7502834796905518,-0.04076024889945984,0.43303388357162476,-0.8976030945777893,0.08240412920713425,0.7182785868644714,-1.2606481313705444,-0.033944662660360336,0.917616069316864,-0.9635652303695679,-0.1402369737625122,0.8824465274810791,-0.7125789523124695,-0.19393792748451233,0.32738029956817627,-0.9115690588951111,-0.10226662456989288,0.61850506067276,-1.2789479494094849,-0.19873133301734924,0.8454286456108093,-1.004393219947815,-0.23774263262748718,0.8472912311553955,-0.7557908892631531,-0.2454032450914383,0.23554576933383942,-0.8833818435668945,-0.2823198139667511,0.5264555811882019,-1.1793462038040161,-0.3641529977321625,0.729328989982605,-1.0061051845550537,-0.370002418756485,0.7583374977111816,-0.7916133999824524,-0.36287811398506165
0.0,0.0,0.0,0.4687632620334625,-0.11625909805297852,0.1526937037706375,0.7450811266899109,-0.291715532541275,0.16911529004573822,0.9617741107940674,-0.405577689409256,0.10777217894792557,0.925687313079834,-0.5108802318572998,0.05147969722747803,0.43312108516693115,-0.9149934649467468,0.23038555681705475,0.7313130497932434,-1.1991475820541382,0.11870559304952621,0.9213189482688904,-0.9725213646888733,0.009069432504475117,0.9234306216239929,-0.7409676909446716,-0.041944779455661774,0.3283930718898773,-0.9418714046478271,0.07096612453460693,0.6946227550506592,-1.2295548915863037,-0.02500913292169571,0.9049317240715027,-0.9538214802742004,-0.09886953234672546,0.8887217044830322,-0.7130441665649414,-0.13293948769569397,0.26253798604011536,-0.9256661534309387,-0.10087300091981888,0.649809718132019,-1.2370887994766235,-0.18892061710357666,0.8761342763900757,-0.9862734079360962,-0.20114858448505402,0.8891011476516724,-0.7475055456161499,-0.1889265775680542,0.24126817286014557,-0.8489243984222412,-0.267989844083786,0.6006840467453003,-1.1091645956039429,-0.33284130692481995,0.8103767037391663,-0.9598022699356079,-0.3188352584838867,0.8650075197219849,-0.7646529674530029,-0.2957148551940918
0.0,0.0,0.0,0.4635084867477417,-0.08694896847009659,0.1344517022371292,0.7614004015922546,-0.26428595185279846,0.15228590369224548,0.9904764294624329,-0.3905666470527649,0.0915142148733139,0.9215250015258789,-0.48424670100212097,0.03539542481303215,0.5250455737113953,-0.8597108721733093,0.26449698209762573,0.790678083896637,-1.1994272470474243,0.14981961250305176,0.9680862426757812,-0.9773457050323486,0.028868835419416428,0.955361008644104,-0.7370820641517639,-0.0285528302192688,0.4336962401866913,-0.8940838575363159,0.11189991235733032,0.7419952750205994,-1.244730830192566,0.007019272074103355,0.9397346377372742,-0.9678811430931091,-0.08931414783000946,0.9109552502632141,-0.7216796278953552,-0.13475295901298523,0.35089054703712463,-0.904556930065155,-0.058417391031980515,0.6773605942726135,-1.2722123861312866,-0.1499730348587036,0.9005625247955322,-1.0162593126296997,-0.18231046199798584,0.903477132320404,-0.7651786804199219,-0.18106749653816223,0.2877546548843384,-0.8697823286056519,-0.22691380977630615,0.604446291923523,-1.1591778993606567,-0.2928096055984497,0.8119125962257385,-0.9973013401031494,-0.2903177738189697,0.8532963991165161,-0.7832326292991638,-0.27600130438804626
0.0,0.0,0.0,0.4470609426498413,-0.05436454713344574,0.11061660945415497,0.7516480088233948,-0.22257892787456512,0.12077697366476059,0.9854087233543396,-0.3425532281398773,0.05721523240208626,0.9565871953964233,-0.4795575439929962,-0.0007248218753375113,0.5416236519813538,-0.8431771993637085,0.25079336762428284,0.8243671655654907,-1.1695126295089722,0.1438126415014267,0.9959308505058289,-0.9363972544670105,0.027719760313630104,0.9860787391662598,-0.7088969349861145,-0.029069148004055023,0.45137283205986023,-0.8855588436126709,0.1097642183303833,0.7839449048042297,-1.2159210443496704,0.004022499546408653,0.9690338373184204,-0.9194929003715515,-0.09941644966602325,0.9362410306930542,-0.6767640113830566,-0.1493440866470337,0.3687590956687927,-0.9070397615432739,-0.04935977980494499,0.718300461769104,-1.2511980533599854,-0.13715218007564545,0.9326115250587463,-0.980764627456665,-0.17585419118404388,0.9243808388710022,-0.7301090955734253,-0.17876079678535461,0.3064604103565216,-0.882692277431488,-0.20902805030345917,0.6331495642662048,-1.168469786643982,-0.2711993157863617,0.8376612663269043,-0.9965218305587769,-0.2706778049468994,0.8651607632637024,-0.7764435410499573,-0.25724276900291443
0.0,0.0,0.0,0.43595704436302185,-0.02383791096508503,0.10452102869749069,0.7451434135437012,-0.16589891910552979,0.10583099722862244,1.0067552328109741,-0.265949547290802,0.029368719086050987,0.9984035491943359,-0.41680702567100525,-0.042593203485012054,0.5689355731010437,-0.822428286075592,0.2541944086551666,0.8729450106620789,-1.1532129049301147,0.13242921233177185,1.0429878234863281,-0.9151434302330017,0.004418311640620232,1.0289006233215332,-0.6773284673690796,-0.05750549957156181,0.48133036494255066,-0.8699256777763367,0.10747312009334564,0.8359422087669373,-1.2081207036972046,-0.010818216018378735,1.0153290033340454,-0.9075711965560913,-0.12105449289083481,0.9848636388778687,-0.6589259505271912,-0.17335370182991028,0.39881354570388794,-0.903420090675354,-0.0606689527630806,0.7695019841194153,-1.2555360794067383,-0.16172266006469727,0.9769787788391113,-0.9754249453544617,-0.20078203082084656,0.9671922922134399,-0.7162125110626221,-0.20113444328308105,0.3338649570941925,-0.8923213481903076,-0.23076198995113373,0.6816218495368958,-1.1760964393615723,-0.30246612429618835,0.8837970495223999,-0.9949127435684204,-0.3017175495624542,0.9121263027191162,-0.7662219405174255,-0.286368191242218
0.0,0.0,0.0,0.42335888743400574,-0.022539226338267326,0.09695356339216232,0.7275141477584839,-0.15035375952720642,0.08764608204364777,0.9757492542266846,-0.24518847465515137,0.0038547932635992765,0.9707784652709961,-0.40563419461250305,-0.07196647673845291,0.5507906079292297,-0.8311396241188049,0.22591954469680786,0.8836669921875,-1.1350176334381104,0.10019359737634659,1.0536376237869263,-0.8887646794319153,-0.020815275609493256,1.0277870893478394,-0.6445590257644653,-0.07434994727373123,0.4714358448982239,-0.8779770731925964,0.08309300988912582,0.8485733866691589,-1.206215262413025,-0.0274445042014122,1.0299232006072998,-0.8991828560829163,-0.12425021082162857,0.9961382746696472,-0.6492342948913574,-0.16823461651802063,0.3991452157497406,-0.8989655375480652,-0.07993977516889572,0.7946182489395142,-1.2352573871612549,-0.18017148971557617,0.9976291060447693,-0.9432275891304016,-0.20797862112522125,0.9796004295349121,-0.6850723028182983,-0.20079994201660156,0.34264567494392395,-0.8604646921157837,-0.24389952421188354,0.7089497447013855,-1.1363774538040161,-0.3125089406967163,0.906654953956604,-0.947492778301239,-0.30041423439979553,0.9291737675666809,-0.7203959226608276,-0.27637434005737305
0.0,0.0,0.0,0.43963515758514404,-0.07611062377691269,0.13702605664730072,0.7187185883522034,-0.21038253605365753,0.13535846769809723,0.9266970753669739,-0.2797154486179352,0.05847311019897461,0.9552656412124634,-0.40074265003204346,-0.008178946562111378,0.4111049473285675,-0.9095219969749451,0.2177647203207016,0.8008126616477966,-1.0924831628799438,0.1022535115480423,0.9678773880004883,-0.835006833076477,-0.00615948811173439,0.9459117650985718,-0.5952244997024536,-0.052639275789260864,0.3352414071559906,-0.939946711063385,0.06413616240024567,0.8004204630851746,-1.1258410215377808,-0.030306652188301086,0.9668565392494202,-0.8172623515129089,-0.10134649276733398,0.9150009155273438,-0.5698568224906921,-0.12836407124996185,0.3117869794368744,-0.9163273572921753,-0.10090073198080063,0.793890655040741,-1.1421973705291748,-0.1980106234550476,0.961793839931488,-0.8386247158050537,-0.19917963445186615,0.9212480187416077,-0.5923736095428467,-0.1685774326324463,0.34134745597839355,-0.8218485713005066,-0.26052576303482056,0.7508901953697205,-1.035664439201355,-0.3185315430164337,0.9177327752113342,-0.8377977609634399,-0.27645984292030334,0.9203143119812012,-0.624812126159668,-0.2247287929058075
0.0,0.0,0.0,0.4125950336456299,-0.07648567110300064,0.04455330967903137,0.6713948845863342,-0.22105072438716888,-0.009895414113998413,0.8738076686859131,-0.31411486864089966,-0.11274054646492004,1.0290405750274658,-0.36635512113571167,-0.19831112027168274,0.3362903296947479,-0.9520989656448364,0.07544918358325958,0.7956018447875977,-1.0736314058303833,-0.05589853227138519,0.9369369745254517,-0.8116849064826965,-0.16784876585006714,0.8906404972076416,-0.5935489535331726,-0.22174207866191864,0.2783830463886261,-0.9600748419761658,-0.02755219116806984,0.7994945049285889,-1.0892841815948486,-0.12382492423057556,0.9398762583732605,-0.8043097257614136,-0.18220122158527374,0.8862895369529724,-0.5828542113304138,-0.20712673664093018,0.2806975245475769,-0.8991592526435852,-0.14115281403064728,0.7909332513809204,-1.0814820528030396,-0.23150378465652466,0.9280819296836853,-0.803467333316803,-0.21536703407764435,0.8850555419921875,-0.5796663165092468,-0.1794222593307495,0.3341132700443268,-0.7677273154258728,-0.255485475063324,0.7608686089515686,-0.9278939366340637,-0.29504311084747314,0.8861681222915649,-0.7502367496490479,-0.23956716060638428,0.8647934794425964,-0.5737168192863464,-0.18289783596992493
0.0,0.0,0.0,0.42507216334342957,-0.042441826313734055,-0.01945302076637745,0.7317377924919128,-0.17587772011756897,-0.08851978182792664,0.9182294607162476,-0.2972790598869324,-0.18747512996196747,0.9017776250839233,-0.44001731276512146,-0.26546913385391235,0.3942200541496277,-0.8997230529785156,-0.02562571130692959,0.8868966102600098,-0.9868953824043274,-0.16490447521209717,1.0155601501464844,-0.7064383029937744,-0.2689639925956726,0.9643396139144897,-0.5083625316619873,-0.3182377219200134,0.3274769186973572,-0.9401100873947144,-0.09461475908756256,0.8891339302062988,-1.0185140371322632,-0.20851141214370728,0.9914376735687256,-0.6901222467422485,-0.25821202993392944,0.9040703773498535,-0.4865930378437042,-0.2743483781814575,0.3244270086288452,-0.8995566368103027,-0.1755167841911316,0.8898460268974304,-1.0405359268188477,-0.3008422255516052,0.9930061101913452,-0.735213041305542,-0.2928679883480072,0.9266051054000854,-0.5189826488494873,-0.2556111216545105,0.3754948377609253,-0.7853054404258728,-0.2590882480144501,0.845980703830719,-0.9110056757926941,-0.3376516103744507,0.9489758014678955,-0.70653235912323,-0.3034496009349823,0.9130305051803589,-0.5247842669487,-0.2574278712272644
0.0,0.0,0.0,0.44011572003364563,-0.05351095646619797,0.07125856727361679,0.724896252155304,-0.18547099828720093,0.035844914615154266,0.9470178484916687,-0.2616773843765259,-0.049370016902685165,1.0004290342330933,-0.3581003248691559,-0.1168355718255043,0.4044574201107025,-0.9201952815055847,0.0740266963839531,0.9023528099060059,-1.0044528245925903,-0.039766330271959305,1.0081768035888672,-0.738824188709259,-0.1416323333978653,0.9186023473739624,-0.549111545085907,-0.19613300263881683,0.3405355215072632,-0.9394049644470215,-0.039419688284397125,0.9077231884002686,-1.0367215871810913,-0.11852999031543732,1.0079952478408813,-0.7377274036407471,-0.1712936908006668,0.9023120403289795,-0.5556623935699463,-0.20255348086357117,0.35171759128570557,-0.8847017884254456,-0.15799260139465332,0.91690593957901,-1.0531219244003296,-0.23690524697303772,1.004859209060669,-0.7567265033721924,-0.21563105285167694,0.910492479801178,-0.565092921257019,-0.18673250079154968,0.42600977420806885,-0.7524027228355408,-0.27476203441619873,0.909441351890564,-0.8741626739501953,-0.30855458974838257,0.9810552000999451,-0.6784957051277161,-0.2538274824619293,0.9052066802978516,-0.525454580783844,-0.20700538158416748
0.0,0.0,0.0,0.4385857582092285,-0.06791888922452927,0.07157501578330994,0.7128382921218872,-0.21134695410728455,0.031790927052497864,0.9238512516021729,-0.276289701461792,-0.058357998728752136,0.985889196395874,-0.32067349553108215,-0.13091842830181122,0.3741838037967682,-0.9473577737808228,0.06262055784463882,0.8860757350921631,-1.0388189554214478,-0.06729885935783386,1.012170672416687,-0.762275755405426,-0.17753082513809204,0.9398866891860962,-0.550420343875885,-0.2340514361858368,0.3122914433479309,-0.9483669996261597,-0.055444661527872086,0.9007925987243652,-1.070942997932434,-0.14766408503055573,1.0255556106567383,-0.7616297006607056,-0.2012910693883896,0.9380870461463928,-0.5523324012756348,-0.22907337546348572,0.3268807828426361,-0.8789162039756775,-0.17945393919944763,0.8970674872398376,-1.0609610080718994,-0.2630091905593872,1.0080376863479614,-0.7600857019424438,-0.23819425702095032,0.9298785924911499,-0.5512152910232544,-0.20367515087127686,0.40041834115982056,-0.7332059741020203,-0.3021507263183594,0.8783766031265259,-0.8766624331474304,-0.3313639163970947,0.9723565578460693,-0.6828819513320923,-0.2715204358100891,0.913326621055603,-0.5195595622062683,-0.22122915089130402
0.0,0.0,0.0,0.4332035779953003,-0.03519899770617485,0.03812375292181969,0.736000657081604,-0.17641334235668182,-0.01221639197319746,0.9535894393920898,-0.2469901293516159,-0.10197656601667404,1.0328575372695923,-0.30635759234428406,-0.17112553119659424,0.4186400771141052,-0.9124155044555664,0.00024767688591964543,0.9656654596328735,-0.9960244297981262,-0.1370162069797516,1.0933109521865845,-0.7093656659126282,-0.23870721459388733,1.0254639387130737,-0.49815040826797485,-0.28593599796295166,0.34447726607322693,-0.9339167475700378,-0.09557721018791199,0.974306583404541,-1.0510090589523315,-0.19920383393764496,1.0912888050079346,-0.7305862903594971,-0.23636700212955475,0.9946996569633484,-0.5219194293022156,-0.24794206023216248,0.35716935992240906,-0.8823773264884949,-0.19783546030521393,0.9782223105430603,-1.0545827150344849,-0.2954769730567932,1.0669631958007812,-0.7444441318511963,-0.2647291123867035,0.9736431241035461,-0.5400787591934204,-0.22118644416332245,0.4375918507575989,-0.7519534826278687,-0.2998370826244354,0.9543788433074951,-0.8863146901130676,-0.3438381254673004,1.0138126611709595,-0.6781461834907532,-0.28900811076164246,0.9182729125022888,-0.5147495865821838,-0.23850081861019135
0.0,0.0,0.0,0.4275522232055664,-0.03467408940196037,0.011961590498685837,0.7233728170394897,-0.15680523216724396,-0.04725860804319382,0.9209116697311401,-0.23355713486671448,-0.1448068767786026,0.9865750670433044,-0.33881640434265137,-0.2204713076353073,0.41294750571250916,-0.902906060218811,0.015971878543496132,0.9189298748970032,-0.9684026837348938,-0.11885982751846313,1.019843339920044,-0.6834194660186768,-0.2243366688489914,0.9391043186187744,-0.4830973744392395,-0.2731817960739136,0.3472883999347687,-0.9353857040405273,-0.06666562706232071,0.926602303981781,-1.005344271659851,-0.16730687022209167,1.00725257396698,-0.6808095574378967,-0.21182739734649658,0.9004877805709839,-0.48253485560417175,-0.22739820182323456,0.35207757353782654,-0.8931218385696411,-0.16068442165851593,0.9294702410697937,-1.026943564414978,-0.265475869178772,1.0023257732391357,-0.7125634551048279,-0.2425178587436676,0.9082529544830322,-0.5007128715515137,-0.2005026936531067,0.4115552604198456,-0.7717396020889282,-0.2566329836845398,0.8936187028884888,-0.8879897594451904,-0.31048738956451416,0.9620065093040466,-0.6761234998703003,-0.2588329613208771,0.8900919556617737,-0.500688910484314,-0.20565828680992126
0.0,0.0,0.0,0.43514949083328247,0.0018740787636488676,-0.08512385934591293,0.7522746920585632,-0.13972914218902588,-0.16599677503108978,0.9586039781570435,-0.27098557353019714,-0.25146469473838806,1.013269066810608,-0.4158893823623657,-0.3098020851612091,0.4200766086578369,-0.8567643165588379,-0.13670502603054047,0.9528574347496033,-0.9435089826583862,-0.27979445457458496,1.0886600017547607,-0.6597566604614258,-0.3714345097541809,1.0531870126724243,-0.4601389765739441,-0.40832990407943726,0.34388503432273865,-0.9262965321540833,-0.15400584042072296,0.9501356482505798,-1.0046601295471191,-0.2749648690223694,1.0645519495010376,-0.6783660054206848,-0.3180947005748749,0.9944966435432434,-0.46907252073287964,-0.3253752887248993,0.3492550849914551,-0.90464186668396,-0.17995810508728027,0.9398094415664673,-1.0201798677444458,-0.29535967111587524,1.034531593322754,-0.7136708498001099,-0.28491640090942383,0.9714488983154297,-0.4968063533306122,-0.24815958738327026,0.4134947955608368,-0.8067265748977661,-0.21274326741695404,0.8854011297225952,-0.8918901085853577,-0.28666552901268005,0.9668831825256348,-0.683236837387085,-0.2613500654697418,0.922039270401001,-0.5076566934585571,-0.22094406187534332
0.0,0.0,0.0,0.40267524123191833,-0.04389682039618492,6.069650407880545e-05,0.6911985278129578,-0.18055957555770874,-0.055770665407180786,0.9003747701644897,-0.2946852743625641,-0.1423942744731903,0.9505636692047119,-0.43611574172973633,-0.20507709681987762,0.3643205463886261,-0.9242790341377258,0.022413168102502823,0.8672329187393188,-1.0049549341201782,-0.10346654057502747,0.9755197763442993,-0.7383034825325012,-0.20594656467437744,0.8960400223731995,-0.5434750914573669,-0.255696564912796,0.30849239230155945,-0.9499917030334473,-0.04845820367336273,0.8645949959754944,-1.0448960065841675,-0.13765698671340942,0.9637317657470703,-0.7650063633918762,-0.1752959042787552,0.8762868642807007,-0.5754508376121521,-0.18959522247314453,0.3144976794719696,-0.8975967764854431,-0.13272862136363983,0.861260175704956,-1.0415631532669067,-0.21826161444187164,0.9440040588378906,-0.7831276059150696,-0.19531475007534027,0.8647412657737732,-0.5929768085479736,-0.16085366904735565,0.3702990710735321,-0.7750173807144165,-0.22145149111747742,0.8231462240219116,-0.8734675645828247,-0.26202207803726196,0.884183943271637,-0.6911598443984985,-0.2162981927394867,0.8162814974784851,-0.5318657755851746,-0.17109425365924835
0.0,0.0,0.0,0.4270841181278229,-0.06138992682099342,0.05416502803564072,0.7134425044059753,-0.19046224653720856,0.005537332035601139,0.931935727596283,-0.27116575837135315,-0.091036856174469,0.9600748419761658,-0.39697253704071045,-0.16997329890727997,0.4002164900302887,-0.9158053398132324,0.04676669463515282,0.8876915574073792,-1.032505989074707,-0.08252260088920593,0.9895532131195068,-0.7395169138908386,-0.18430659174919128,0.9069729447364807,-0.5306784510612488,-0.2336319386959076,0.3307860493659973,-0.941287100315094,-0.06752178817987442,0.8953667879104614,-1.0670591592788696,-0.16662761569023132,0.9862919449806213,-0.7433416843414307,-0.214582622051239,0.8814182877540588,-0.5369570255279541,-0.2343074232339859,0.32307350635528564,-0.89346843957901,-0.1899920552968979,0.8966564536094666,-1.069071888923645,-0.29030749201774597,0.9913474917411804,-0.7586988210678101,-0.26652762293815613,0.9098120927810669,-0.5458461046218872,-0.22755198180675507,0.373905211687088,-0.7638397812843323,-0.3114733397960663,0.8527413010597229,-0.9130659699440002,-0.3682195544242859,0.9491841793060303,-0.70639568567276,-0.3156591057777405,0.8998766541481018,-0.5261192917823792,-0.262986421585083
0.0,0.0,0.0,0.4209883213043213,-0.051057349890470505,0.03536131605505943,0.7181807160377502,-0.17555254697799683,-0.01732460968196392,0.9528583288192749,-0.26398521661758423,-0.11414539813995361,0.9753221273422241,-0.3909640908241272,-0.19082175195217133,0.40317636728286743,-0.9113701581954956,0.03664524480700493,0.9027515649795532,-1.0027375221252441,-0.10577379167079926,0.9781869649887085,-0.7094550728797913,-0.20954430103302002,0.8754835724830627,-0.501868486404419,-0.25438016653060913,0.3286362886428833,-0.9422146677970886,-0.06503640115261078,0.9158169627189636,-1.0393648147583008,-0.17574132978916168,0.9794340133666992,-0.7124534845352173,-0.21412311494350433,0.8638204336166382,-0.5125018358230591,-0.22195054590702057,0.31328409910202026,-0.8992084860801697,-0.17872436344623566,0.9038463830947876,-1.0289689302444458,-0.28708013892173767,0.9643073081970215,-0.7093725800514221,-0.25138095021247864,0.8669207096099854,-0.4948536157608032,-0.19879013299942017,0.3478940725326538,-0.7783809900283813,-0.29396405816078186,0.8415617942810059,-0.9105665683746338,-0.34977343678474426,0.9172860383987427,-0.7063326835632324,-0.29275229573249817,0.8614823222160339,-0.5320130586624146,-0.2342103123664856
0.0,0.0,0.0,0.46671396493911743,-0.05562125891447067,0.10641857981681824,0.7501755356788635,-0.1681649535894394,0.06834258884191513,0.984893798828125,-0.2388773411512375,-0.03676163777709007,0.975688099861145,-0.3490961492061615,-0.13342395424842834,0.4576476514339447,-0.9124107956886292,0.12061847746372223,0.9351553320884705,-1.0044976472854614,-0.027817213907837868,1.075006127357483,-0.7201419472694397,-0.15850289165973663,1.0295497179031372,-0.4936482906341553,-0.22216318547725677,0.3810149133205414,-0.9242190718650818,-0.025432400405406952,0.9520672559738159,-1.0178393125534058,-0.1295134425163269,1.064411997795105,-0.7033585906028748,-0.19539768993854523,0.9779561161994934,-0.495090514421463,-0.22720585763454437,0.364687979221344,-0.868339478969574,-0.18153421580791473,0.9339455962181091,-1.0004512071609497,-0.2784578204154968,1.0426509380340576,-0.6941683292388916,-0.2621138095855713,0.9681365489959717,-0.4761412739753723,-0.22752626240253448,0.40214699506759644,-0.736687958240509,-0.3349103331565857,0.8672046065330505,-0.8800520300865173,-0.3783639073371887,0.9848954677581787,-0.6770793795585632,-0.3221692144870758,0.9577038288116455,-0.48169848322868347,-0.2680564224720001
0.0,0.0,0.0,0.456522136926651,-0.05513128265738487,0.11375867575407028,0.7534254789352417,-0.16523371636867523,0.082990363240242,0.9981676340103149,-0.2278687208890915,-0.01756463199853897,1.044232964515686,-0.3702605664730072,-0.10780098289251328,0.4668514132499695,-0.9000155925750732,0.14313285052776337,0.9215167760848999,-1.0358000993728638,-0.0019696136005222797,1.0910447835922241,-0.7667422890663147,-0.13078531622886658,1.0521749258041382,-0.5349410176277161,-0.19061341881752014,0.3846935033798218,-0.9230347871780396,-0.0042197005823254585,0.9334354996681213,-1.0452388525009155,-0.10706201940774918,1.0676990747451782,-0.7284367680549622,-0.17719131708145142,0.9719289541244507,-0.5127347111701965,-0.21269898116588593,0.3637513816356659,-0.8819506764411926,-0.16290788352489471,0.9148171544075012,-1.0416395664215088,-0.26287001371383667,1.0392024517059326,-0.7334532141685486,-0.2511173486709595,0.95772385597229,-0.513149619102478,-0.22010979056358337,0.39443710446357727,-0.7671683430671692,-0.3180353045463562,0.8639863729476929,-0.9119158387184143,-0.36924147605895996,0.9865492582321167,-0.7062520384788513,-0.31813111901283264,0.9434827566146851,-0.5121485590934753,-0.2672760486602783
0.0,0.0,0.0,0.4506857991218567,-0.06337401270866394,0.0963006392121315,0.745905876159668,-0.1728280931711197,0.06291650980710983,0.9883081912994385,-0.23486575484275818,-0.03769730031490326,1.0354913473129272,-0.38256123661994934,-0.12564721703529358,0.4754127860069275,-0.8891955614089966,0.15440449118614197,0.9090679883956909,-0.999244749546051,0.011321266181766987,1.0509991645812988,-0.7341481447219849,-0.12051250785589218,1.0015974044799805,-0.5058228969573975,-0.1831478476524353,0.3883435130119324,-0.9213802814483643,0.015737757086753845,0.900831401348114,-1.0361602306365967,-0.08547340333461761,1.0307188034057617,-0.7318478226661682,-0.1596928834915161,0.9535732269287109,-0.5137820839881897,-0.19699954986572266,0.3633508086204529,-0.8888129591941833,-0.13763180375099182,0.8827300071716309,-1.0530486106872559,-0.237398162484169,1.014465093612671,-0.76195228099823,-0.23362308740615845,0.9551637768745422,-0.5375529527664185,-0.20785383880138397,0.3948409855365753,-0.7776919603347778,-0.2896251678466797,0.8597648739814758,-0.9249629974365234,-0.3462422788143158,0.9814205169677734,-0.7228512763977051,-0.30240556597709656,0.941238284111023,-0.5204134583473206,-0.2553490996360779
0.0,0.0,0.0,0.4384858012199402,-0.05820860713720322,0.07526397705078125,0.725685179233551,-0.17277970910072327,0.028907015919685364,0.9490600824356079,-0.2397109419107437,-0.07716769725084305,0.982282280921936,-0.3720951974391937,-0.16879521310329437,0.43164846301078796,-0.9147087335586548,0.08002988249063492,0.8816519379615784,-1.0252538919448853,-0.06325995177030563,1.0058852434158325,-0.7337608337402344,-0.17687121033668518,0.9510458707809448,-0.5033330917358398,-0.2281632274389267,0.34889188408851624,-0.9358228445053101,-0.05009948089718819,0.8994340896606445,-1.034911870956421,-0.15256422758102417,1.008604884147644,-0.7184412479400635,-0.20551860332489014,0.9273441433906555,-0.5033494830131531,-0.22819006443023682,0.3269557058811188,-0.8858137726783752,-0.1914953738451004,0.879194974899292,-1.0078610181808472,-0.2912072539329529,0.9803663492202759,-0.6988700032234192,-0.26709046959877014,0.9100140929222107,-0.47356978058815,-0.22763170301914215,0.36085397005081177,-0.7547656297683716,-0.3331115245819092,0.8180140256881714,-0.8847665190696716,-0.38214221596717834,0.9363307952880859,-0.6861412525177002,-0.3267504870891571,0.9174482822418213,-0.49405384063720703,-0.27286359667778015
0.0,0.0,0.0,0.4737597405910492,-0.07270295917987823,0.07676539570093155,0.7604438066482544,-0.18742839992046356,0.03223993629217148,0.9792396426200867,-0.2611619532108307,-0.06899898499250412,0.954689085483551,-0.36886346340179443,-0.15460547804832458,0.4237223267555237,-0.9241418242454529,0.0801040306687355,0.8947617411613464,-1.0117708444595337,-0.05917897820472717,1.005156397819519,-0.7207929491996765,-0.171221524477005,0.9525395631790161,-0.5000040531158447,-0.22377914190292358,0.3446738123893738,-0.9375278949737549,-0.04734453931450844,0.9124357104301453,-1.033686876296997,-0.14758267998695374,1.0049700736999512,-0.7176488041877747,-0.1891656070947647,0.9238659739494324,-0.5080457925796509,-0.20075665414333344,0.3320748507976532,-0.8735674619674683,-0.18501362204551697,0.8944617509841919,-1.0056627988815308,-0.2659773528575897,0.984336256980896,-0.7164035439491272,-0.22833602130413055,0.9137921333312988,-0.5069710612297058,-0.18229329586029053,0.37722739577293396,-0.725416362285614,-0.3244931995868683,0.8275547623634338,-0.8530839085578918,-0.3531677722930908,0.9110933542251587,-0.6674304604530334,-0.2891831696033478,0.8677650690078735,-0.49064335227012634,-0.23254917562007904
0.0,0.0,0.0,0.4912472069263458,-0.09443347901105881,0.09688976407051086,0.7633134126663208,-0.23149897158145905,0.07520002871751785,0.9635279178619385,-0.3014126121997833,-0.002301434986293316,0.9811644554138184,-0.39137956500053406,-0.06287449598312378,0.41446352005004883,-0.9333961009979248,0.09817462414503098,0.8876644968986511,-1.0183931589126587,-0.02508745901286602,1.00014328956604,-0.7442497611045837,-0.128587543964386,0.9472656846046448,-0.5428599715232849,-0.1807439625263214,0.3395359218120575,-0.9400147199630737,-0.03298139572143555,0.9050504565238953,-1.0443828105926514,-0.12056105583906174,1.0127208232879639,-0.7459484934806824,-0.15909460186958313,0.9388328194618225,-0.5419298410415649,-0.17364779114723206,0.32986560463905334,-0.8707566857337952,-0.17207369208335876,0.8852661848068237,-1.0072137117385864,-0.23966164886951447,0.9900810122489929,-0.7320189476013184,-0.20281797647476196,0.9244049787521362,-0.5340355634689331,-0.16272670030593872,0.3776978552341461,-0.7215399146080017,-0.3116666376590729,0.8196974992752075,-0.8502951264381409,-0.3317473828792572,0.9122160077095032,-0.6777868270874023,-0.26961058378219604,0.8697146773338318,-0.5155654549598694,-0.21838143467903137
0.0,0.0,0.0,0.4759044945240021,-0.06431622803211212,0.08969645202159882,0.7516762614250183,-0.18081988394260406,0.05485799163579941,0.973047137260437,-0.24771583080291748,-0.03971248120069504,1.071118712425232,-0.37960362434387207,-0.11660367995500565,0.4437715411186218,-0.9068741798400879,0.11497092992067337,0.9092274904251099,-0.9839974641799927,-0.014405711553990841,1.010093092918396,-0.7070340514183044,-0.12077676504850388,0.9509451389312744,-0.4878090023994446,-0.16915848851203918,0.3654446601867676,-0.9306952953338623,-0.016014350578188896,0.9294737577438354,-1.0117459297180176,-0.10846679657697678,1.0067460536956787,-0.7194557189941406,-0.14740510284900665,0.9182937145233154,-0.5146582126617432,-0.15895219147205353,0.3564695715904236,-0.8789358735084534,-0.15936926007270813,0.9256198406219482,-0.9988958239555359,-0.24105526506900787,0.9989003539085388,-0.7261908650398254,-0.20647157728672028,0.9196975827217102,-0.5236406326293945,-0.1644594967365265,0.4087873697280884,-0.7483804225921631,-0.3031458556652069,0.8805697560310364,-0.844083845615387,-0.3404648005962372,0.945765495300293,-0.6481763124465942,-0.2816360294818878,0.884287416934967,-0.47028636932373047,-0.22776176035404205
0.0,0.0,0.0,0.451326459646225,-0.05354376509785652,0.09310520440340042,0.7381912469863892,-0.1667013317346573,0.060797616839408875,0.9898768067359924,-0.23314860463142395,-0.03343160077929497,1.0643235445022583,-0.4014265835285187,-0.11061796545982361,0.45403343439102173,-0.8984715342521667,0.12380042672157288,0.9243889451026917,-0.9964630603790283,-0.01184547133743763,1.044121265411377,-0.7125487327575684,-0.12739093601703644,0.972500741481781,-0.4876970648765564,-0.178360253572464,0.37541455030441284,-0.9268198609352112,-0.008294585160911083,0.9287198185920715,-1.0202299356460571,-0.09594292938709259,1.0327064990997314,-0.6994423866271973,-0.14634783565998077,0.9360870122909546,-0.4903813600540161,-0.17011694610118866,0.3614228069782257,-0.8822564482688904,-0.15279948711395264,0.9261524081230164,-1.0304747819900513,-0.23953117430210114,1.0291105508804321,-0.7266570329666138,-0.21238578855991364,0.9436900615692139,-0.5086005330085754,-0.17365026473999023,0.4025011956691742,-0.757169783115387,-0.2962438464164734,0.8911077380180359,-0.9059275388717651,-0.3425164818763733,0.9997903108596802,-0.6997167468070984,-0.2852887213230133,0.9491792917251587,-0.5037504434585571,-0.22961021959781647
0.0,0.0,0.0,0.4392830431461334,-0.05208437144756317,0.06021950766444206,0.7287451028823853,-0.16405655443668365,0.014132846146821976,0.9770914912223816,-0.23847155272960663,-0.08604193478822708,1.0398691892623901,-0.4016832411289215,-0.1679670661687851,0.4488234221935272,-0.894340455532074,0.08809187263250351,0.9130500555038452,-0.9945027828216553,-0.039959777146577835,1.0289230346679688,-0.7166829705238342,-0.14768055081367493,0.950247585773468,-0.5053050518035889,-0.19861312210559845,0.3709954619407654,-0.928268313407898,-0.026084505021572113,0.9128321409225464,-1.0272705554962158,-0.11243603378534317,1.019338846206665,-0.7069871425628662,-0.16641974449157715,0.919096052646637,-0.5062603950500488,-0.19569848477840424,0.35443392395973206,-0.8878452777862549,-0.1523454636335373,0.8979774117469788,-1.0389196872711182,-0.23796723783016205,0.9988066554069519,-0.7339757084846497,-0.21806064248085022,0.9092110991477966,-0.5213763117790222,-0.1877450793981552,0.39036837220191956,-0.7649146914482117,-0.27953410148620605,0.8621627688407898,-0.9027091264724731,-0.32827919721603394,0.9659616947174072,-0.6995421648025513,-0.2810440957546234,0.9105618000030518,-0.5131993293762207,-0.23546867072582245
0.0,0.0,0.0,0.4397387206554413,-0.05340670421719551,0.09757619351148605,0.7293894290924072,-0.19699804484844208,0.08571027219295502,0.9583964347839355,-0.2812855541706085,0.009524264372885227,1.036919355392456,-0.43737053871154785,-0.05194048210978508,0.46996793150901794,-0.887770414352417,0.16995716094970703,0.8797634840011597,-1.0288687944412231,0.050089891999959946,0.9768890738487244,-0.7633465528488159,-0.05760742351412773,0.8885488510131836,-0.5531843304634094,-0.10583044588565826,0.38344770669937134,-0.9227015376091003,0.03987221047282219,0.8847551941871643,-1.0606300830841064,-0.04677290841937065,0.9786862134933472,-0.7606649994850159,-0.10445792227983475,0.8686171174049377,-0.5589762926101685,-0.1301075518131256,0.3446502685546875,-0.892625629901886,-0.10506505519151688,0.8621262311935425,-1.073220133781433,-0.19718530774116516,0.9682245254516602,-0.7791484594345093,-0.18611063063144684,0.8797778487205505,-0.561620831489563,-0.15481171011924744,0.34782591462135315,-0.7872374653816223,-0.24794764816761017,0.7912136912345886,-0.9453844428062439,-0.3137747347354889,0.9445838332176208,-0.7558432817459106,-0.2793096899986267,0.9404512643814087,-0.5688428282737732,-0.2358829230070114
0.0,0.0,0.0,0.45341888070106506,-0.07467274367809296,0.11451476812362671,0.7483261823654175,-0.2189313769340515,0.11601543426513672,0.9784466624259949,-0.3038058280944824,0.048983070999383926,1.0778851509094238,-0.4747195243835449,-0.005517056677490473,0.47905585169792175,-0.8773026466369629,0.21528896689414978,0.8457609415054321,-1.038753867149353,0.09867947548627853,0.9846999645233154,-0.786552369594574,-0.014544505625963211,0.9629830121994019,-0.5587171912193298,-0.06722202897071838,0.3923739790916443,-0.916558027267456,0.07722711563110352,0.8548208475112915,-1.077048897743225,-0.014143266715109348,0.9953956007957458,-0.7974598407745361,-0.08619557321071625,0.9496760964393616,-0.5667787790298462,-0.1193024218082428,0.3469647169113159,-0.8912627100944519,-0.07708998024463654,0.8354079723358154,-1.0721502304077148,-0.17275457084178925,0.9850868582725525,-0.7981722354888916,-0.17993250489234924,0.9527335166931152,-0.5604434609413147,-0.16010332107543945,0.34368935227394104,-0.787318229675293,-0.2286107838153839,0.7762447595596313,-0.9316835403442383,-0.30028823018074036,0.9406598806381226,-0.7493191361427307,-0.2798904478549957,0.9593990445137024,-0.5528612732887268,-0.2459850311279297
0.0,0.0,0.0,0.4646357595920563,-0.0824146568775177,0.12854601442813873,0.7741613388061523,-0.23511956632137299,0.14316816627979279,1.0224119424819946,-0.33183762431144714,0.08349569886922836,1.0784099102020264,-0.4745144546031952,0.03322247043251991,0.535204291343689,-0.8474008440971375,0.24550285935401917,0.8759825825691223,-1.0647681951522827,0.135585755109787,1.0016282796859741,-0.8141124248504639,0.023171650245785713,0.958053469657898,-0.5921909213066101,-0.030902612954378128,0.44411906599998474,-0.8904157280921936,0.09958948940038681,0.8587048649787903,-1.0985649824142456,0.010254459455609322,0.9896588325500488,-0.8152851462364197,-0.06696809083223343,0.9262246489524841,-0.5990118980407715,-0.10405920445919037,0.3811792731285095,-0.8796593546867371,-0.06327304244041443,0.8250148296356201,-1.1081613302230835,-0.1555609405040741,0.970452606678009,-0.8371127843856812,-0.16992473602294922,0.9308561682701111,-0.6071034073829651,-0.15587353706359863,0.35416746139526367,-0.8005319237709045,-0.22312620282173157,0.7500296831130981,-0.9878671765327454,-0.2938253879547119,0.922974705696106,-0.8106620907783508,-0.28132593631744385,0.9511055946350098,-0.6128788590431213,-0.2551833987236023
0.0,0.0,0.0,0.46080663800239563,-0.06432347744703293,0.12498181313276291,0.7691565752029419,-0.2316930741071701,0.14742815494537354,1.0173393487930298,-0.3397878408432007,0.09450630843639374,1.0795282125473022,-0.4778570234775543,0.049415472894907,0.5548468828201294,-0.8254773616790771,0.2603549361228943,0.8796809911727905,-1.0748155117034912,0.15548348426818848,1.015249490737915,-0.8377457857131958,0.045286137610673904,0.9759097695350647,-0.626468300819397,-0.007918651215732098,0.46628808975219727,-0.8767998814582825,0.11746258288621902,0.8599132299423218,-1.1167463064193726,0.029468467459082603,1.001305103302002,-0.8301311731338501,-0.05154646188020706,0.9380646347999573,-0.6184083223342896,-0.09096545726060867,0.3946323096752167,-0.8819367289543152,-0.04403793066740036,0.8154674172401428,-1.133418083190918,-0.135038822889328,0.9769112467765808,-0.8564032316207886,-0.15525516867637634,0.9375878572463989,-0.6260038614273071,-0.14518412947654724,0.3474239706993103,-0.8239331245422363,-0.2032957822084427,0.7328811287879944,-1.029787540435791,-0.2725726068019867,0.917567789554596,-0.8432220816612244,-0.2622191905975342,0.9402289986610413,-0.637910783290863,-0.23920638859272003
0.0,0.0,0.0,0.4543924927711487,-0.07591325789690018,0.11400851607322693,0.7592340707778931,-0.23520855605602264,0.1161700040102005,1.0051008462905884,-0.34689968824386597,0.04733709618449211,1.0290474891662598,-0.4875337481498718,-0.012807704508304596,0.5095936059951782,-0.8622942566871643,0.22826658189296722,0.8463988304138184,-1.075958490371704,0.11724597215652466,0.9859767556190491,-0.8365445733070374,0.007077332120388746,0.9517933130264282,-0.6218483448028564,-0.04477943852543831,0.4136162996292114,-0.906226396560669,0.08760847896337509,0.8235342502593994,-1.1017770767211914,-0.001719730906188488,0.9655892252922058,-0.8198420405387878,-0.07434601336717606,0.9090595841407776,-0.6103795170783997,-0.10680928081274033,0.3410781919956207,-0.894661545753479,-0.07006090879440308,0.775715708732605,-1.101383924484253,-0.15837658941745758,0.9322935938835144,-0.828148603439331,-0.1681499183177948,0.8943347334861755,-0.6070955991744995,-0.15160946547985077,0.2975822389125824,-0.8128620982170105,-0.22648416459560394,0.6915491223335266,-0.9862688779830933,-0.2905016839504242,0.8672172427177429,-0.8059963583946228,-0.27117833495140076,0.8871803283691406,-0.6130084991455078,-0.2406783103942871
0.0,0.0,0.0,0.4499361217021942,-0.07090942561626434,0.10831485688686371,0.7614947557449341,-0.22179129719734192,0.10259053856134415,0.9961358308792114,-0.3034750521183014,0.03028988279402256,1.0298049449920654,-0.4420892298221588,-0.033920902758836746,0.5061690807342529,-0.8879314064979553,0.15793468058109283,0.8715455532073975,-1.1022899150848389,0.02085243910551071,1.0188428163528442,-0.834560751914978,-0.10115405172109604,0.9730791449546814,-0.616845428943634,-0.1606772392988205,0.401709645986557,-0.9156509637832642,0.014581341296434402,0.846572756767273,-1.123213291168213,-0.10071280598640442,1.00498628616333,-0.8119519352912903,-0.187665194272995,0.9399470686912537,-0.5927518010139465,-0.23207269608974457,0.3280639052391052,-0.8922503590583801,-0.14181292057037354,0.7829050421714783,-1.1079288721084595,-0.25349166989326477,0.9584378600120544,-0.8223409056663513,-0.27273863554000854,0.9227784872055054,-0.5973391532897949,-0.2623193860054016,0.28522196412086487,-0.7988280653953552,-0.2946910858154297,0.6901456713676453,-0.9781692028045654,-0.3807608187198639,0.8820149302482605,-0.8002921938896179,-0.37197330594062805,0.9045628309249878,-0.6090154051780701,-0.3490886390209198
0.0,0.0,0.0,0.4312177300453186,-0.09899518638849258,0.1164863184094429,0.7247197031974792,-0.23391540348529816,0.10442955046892166,0.9460892081260681,-0.31067052483558655,0.02399115264415741,1.0041192770004272,-0.47085338830947876,-0.04711765795946121,0.4932132065296173,-0.8936389088630676,0.1862649768590927,0.841890275478363,-1.0944489240646362,0.05592366307973862,1.007806658744812,-0.8527022004127502,-0.06828758120536804,0.9903625845909119,-0.6348006725311279,-0.13012786209583282,0.4059588611125946,-0.9131430387496948,0.03697494789958,0.8377082943916321,-1.1170088052749634,-0.06514199823141098,1.011569619178772,-0.8431650400161743,-0.15415044128894806,0.9641940593719482,-0.6178202629089355,-0.20218433439731598,0.3445509374141693,-0.8832594752311707,-0.12610653042793274,0.7809348106384277,-1.0981426239013672,-0.2248295694589615,0.9645810723304749,-0.8348235487937927,-0.24098771810531616,0.9410313963890076,-0.6125316023826599,-0.23204955458641052,0.3111870288848877,-0.780860185623169,-0.28581729531288147,0.7073902487754822,-0.9367526769638062,-0.3555983006954193,0.8810713291168213,-0.7564517855644226,-0.33478155732154846,0.8883675336837769,-0.5646902918815613,-0.30474475026130676
0.0,0.0,0.0,0.42392975091934204,-0.0738007202744484,0.10477760434150696,0.7271958589553833,-0.21347467601299286,0.09320229291915894,0.9529178142547607,-0.28187689185142517,0.016725964844226837,1.0302557945251465,-0.4000486731529236,-0.049350906163454056,0.501996636390686,-0.8861508369445801,0.17425502836704254,0.8583132028579712,-1.0557910203933716,0.04006345942616463,1.017554759979248,-0.8120414018630981,-0.0818975567817688,0.9995725750923157,-0.5882791876792908,-0.13954421877861023,0.40290161967277527,-0.9145756959915161,0.03495291247963905,0.8437605500221252,-1.0777710676193237,-0.0797683373093605,1.0058012008666992,-0.7950599193572998,-0.16211403906345367,0.9590862393379211,-0.5583296418190002,-0.19878418743610382,0.33547189831733704,-0.8890157341957092,-0.11935397982597351,0.7858573794364929,-1.0791071653366089,-0.23522837460041046,0.9594250321388245,-0.8040274381637573,-0.24891288578510284,0.9370108842849731,-0.5677105188369751,-0.22908107936382294,0.29977431893348694,-0.7888579964637756,-0.2703742980957031,0.714137077331543,-0.9279773831367493,-0.3572944104671478,0.8936359286308289,-0.7511478662490845,-0.3436422646045685,0.9162260293960571,-0.5631380677223206,-0.3119088113307953
0.0,0.0,0.0,0.42776885628700256,-0.052636340260505676,0.07409069687128067,0.7536159157752991,-0.17863233387470245,0.04805818945169449,1.0148438215255737,-0.26559922099113464,-0.04225286468863487,1.0499581098556519,-0.4469509422779083,-0.11897072941064835,0.5576278567314148,-0.8499783277511597,0.1671183705329895,0.9016140103340149,-1.0681601762771606,0.019463099539279938,1.0223987102508545,-0.7982074618339539,-0.10914146155118942,0.9587239027023315,-0.5622218251228333,-0.1646987646818161,0.4534769654273987,-0.8903697729110718,0.040004998445510864,0.8717312812805176,-1.1070082187652588,-0.07930611819028854,1.0000590085983276,-0.7955993413925171,-0.16373153030872345,0.9243671298027039,-0.5638368725776672,-0.20031575858592987,0.3744708001613617,-0.8853601217269897,-0.10755157470703125,0.8138736486434937,-1.1202448606491089,-0.22450026869773865,0.9644632935523987,-0.8256080150604248,-0.23415184020996094,0.9120123982429504,-0.5822694301605225,-0.2109709233045578,0.3162268400192261,-0.8098641037940979,-0.2558703124523163,0.7310971617698669,-1.0027207136154175,-0.3428281843662262,0.9078689217567444,-0.8154787421226501,-0.32725024223327637,0.9150394201278687,-0.6146572828292847,-0.29473066329956055
0.0,0.0,0.0,0.4244650602340698,-0.032254595309495926,0.07940412312746048,0.7502666115760803,-0.1617513746023178,0.05374953895807266,1.0126146078109741,-0.24238449335098267,-0.037681255489587784,1.0465633869171143,-0.4120790362358093,-0.11685968190431595,0.5671406984329224,-0.8423848152160645,0.1530999392271042,0.9404816627502441,-1.039637804031372,0.011143118143081665,1.044377326965332,-0.7632471323013306,-0.1089358702301979,0.9569200277328491,-0.5379706025123596,-0.16097328066825867,0.46528756618499756,-0.8849373459815979,0.019833477213978767,0.9097533226013184,-1.0765422582626343,-0.09430743753910065,1.006351351737976,-0.7527217268943787,-0.16959522664546967,0.8966573476791382,-0.5448459982872009,-0.2018158882856369,0.3931402266025543,-0.8780857920646667,-0.13147467374801636,0.8648182153701782,-1.1058249473571777,-0.24716933071613312,0.9853766560554504,-0.7901008725166321,-0.24369701743125916,0.9029746651649475,-0.5625712275505066,-0.2131742537021637,0.3451828360557556,-0.7988752722740173,-0.2828187048435211,0.7775722146034241,-0.9935507774353027,-0.3698717951774597,0.9357820153236389,-0.7898358702659607,-0.34338346123695374,0.9211992621421814,-0.5900802612304688,-0.3034449517726898
0.0,0.0,0.0,0.4379628002643585,-0.05991137772798538,0.08177710324525833,0.739096999168396,-0.1828499734401703,0.03737728297710419,0.9786696434020996,-0.2531609833240509,-0.06396980583667755,1.0257678031921387,-0.39335304498672485,-0.15192562341690063,0.4589703679084778,-0.9148142337799072,0.07204580307006836,0.8983192443847656,-1.061476469039917,-0.08486217260360718,1.0856282711029053,-0.7956689596176147,-0.21052928268909454,1.0559015274047852,-0.5635607838630676,-0.2673211693763733,0.3783717453479767,-0.9234353303909302,-0.06404781341552734,0.9146862030029297,-1.0629189014434814,-0.17654144763946533,1.0711252689361572,-0.7625787258148193,-0.2440180629491806,0.9847421646118164,-0.5478004217147827,-0.278513103723526,0.34425532817840576,-0.8734689950942993,-0.21092262864112854,0.8852890729904175,-1.0285476446151733,-0.3165590763092041,1.0266821384429932,-0.7383165955543518,-0.3028393089771271,0.9537931680679321,-0.5295665264129639,-0.27255725860595703,0.35486823320388794,-0.7494302988052368,-0.3557928800582886,0.816859245300293,-0.8876817226409912,-0.41287893056869507,0.9444642066955566,-0.6873928308486938,-0.36015528440475464,0.8947953581809998,-0.4989604949951172,-0.30783623456954956
0.0,0.0,0.0,0.4542473256587982,-0.0869893878698349,0.09273221343755722,0.7264617681503296,-0.21101467311382294,0.05743354186415672,0.9530072808265686,-0.2821129560470581,-0.03368309140205383,1.0047869682312012,-0.41770055890083313,-0.11005926877260208,0.42212188243865967,-0.9230409860610962,0.08465176820755005,0.8844616413116455,-1.0038096904754639,-0.04321091249585152,1.0019468069076538,-0.7457313537597656,-0.14445124566555023,0.9351071715354919,-0.5426995754241943,-0.19268718361854553,0.34199970960617065,-0.9383399486541748,-0.050541408360004425,0.9013631343841553,-1.0233986377716064,-0.14150799810886383,1.0087001323699951,-0.7293270230293274,-0.18549005687236786,0.9161298871040344,-0.5314827561378479,-0.2063131183385849,0.3168501853942871,-0.8770825266838074,-0.19333361089229584,0.8746233582496643,-1.0135751962661743,-0.2782924771308899,0.9719839096069336,-0.7250814437866211,-0.24260146915912628,0.8852087259292603,-0.5296460390090942,-0.20315198600292206,0.33877381682395935,-0.7312415242195129,-0.3343845307826996,0.811940610408783,-0.8425033092498779,-0.37983620166778564,0.9075836539268494,-0.6480087637901306,-0.31905680894851685,0.8515599966049194,-0.48377999663352966,-0.2641780972480774
0.0,0.0,0.0,0.4592764377593994,-0.0965605154633522,0.07338991016149521,0.7272794246673584,-0.22281090915203094,0.03101065382361412,0.9419203996658325,-0.2924642264842987,-0.061427079141139984,1.0036053657531738,-0.4280574917793274,-0.13444431126117706,0.39357173442840576,-0.9338580369949341,0.06044158712029457,0.8740713596343994,-1.0010156631469727,-0.0674627497792244,0.9572226405143738,-0.7199909090995789,-0.16660229861736298,0.8616463541984558,-0.5217442512512207,-0.21570612490177155,0.3243875801563263,-0.9437959790229797,-0.06341838091611862,0.8920084238052368,-1.0230226516723633,-0.15493451058864594,0.9713271856307983,-0.7134118676185608,-0.1943574845790863,0.8610499501228333,-0.5217286348342896,-0.21285775303840637,0.3152153789997101,-0.8760663866996765,-0.19524367153644562,0.877740204334259,-1.013048768043518,-0.2797508239746094,0.9544898867607117,-0.7172147035598755,-0.2408321648836136,0.8545680642127991,-0.5265241861343384,-0.19978418946266174,0.3575543165206909,-0.7236930727958679,-0.32648196816444397,0.8278266191482544,-0.8338255286216736,-0.36893483996391296,0.8980088233947754,-0.6387360095977783,-0.30734771490097046,0.8209047913551331,-0.483468621969223,-0.25363487005233765
0.0,0.0,0.0,0.45783641934394836,-0.08310718089342117,-0.007805997971445322,0.771923303604126,-0.22223567962646484,-0.07791312783956528,0.9931755661964417,-0.33897989988327026,-0.17984169721603394,1.064963936805725,-0.5213411450386047,-0.25209346413612366,0.39872950315475464,-0.923003613948822,0.0009826800087466836,0.9110375642776489,-1.0211410522460938,-0.14204421639442444,0.9656884670257568,-0.744846522808075,-0.2446790635585785,0.8528574705123901,-0.5611957907676697,-0.29288238286972046,0.324078232049942,-0.9430024027824402,-0.07562895864248276,0.9154205322265625,-1.0677638053894043,-0.19312618672847748,0.9719504117965698,-0.7661864757537842,-0.23371094465255737,0.8571487069129944,-0.579402506351471,-0.24271860718727112,0.32596859335899353,-0.8872779011726379,-0.1665097177028656,0.9070156216621399,-1.044203281402588,-0.2738553583621979,0.9637256264686584,-0.7627637982368469,-0.24414828419685364,0.8666752576828003,-0.5771339535713196,-0.20076462626457214,0.39367201924324036,-0.7542051076889038,-0.2622988522052765,0.883744478225708,-0.8522405028343201,-0.3188735842704773,0.9291149377822876,-0.6583377718925476,-0.274451345205307,0.8484794497489929,-0.5092930793762207,-0.22836560010910034
0.0,0.0,0.0,0.4606458842754364,-0.07064662128686905,0.010555394925177097,0.7536713480949402,-0.20137980580329895,-0.05397922545671463,1.004193663597107,-0.3043327033519745,-0.15778475999832153,1.0996590852737427,-0.4916279911994934,-0.23405592143535614,0.3953292667865753,-0.9217818379402161,0.05183587223291397,0.9007273316383362,-1.0152431726455688,-0.09282677620649338,1.033324122428894,-0.7598472833633423,-0.20988216996192932,0.9690295457839966,-0.549849271774292,-0.2620585262775421,0.33075860142707825,-0.9432905912399292,-0.028314867988228798,0.8976462483406067,-1.0636640787124634,-0.13413026928901672,1.0233104228973389,-0.7779930830001831,-0.18482743203639984,0.9495848417282104,-0.5641845464706421,-0.20283889770507812,0.33795198798179626,-0.8884637951850891,-0.1245986819267273,0.90317302942276,-1.0521529912948608,-0.2217232584953308,1.0176342725753784,-0.7809141278266907,-0.19674080610275269,0.9494738578796387,-0.5652449131011963,-0.15582633018493652,0.4081566035747528,-0.7631299495697021,-0.22544197738170624,0.8861454725265503,-0.8633828163146973,-0.27636876702308655,0.9833081364631653,-0.688999354839325,-0.23138922452926636,0.9366415739059448,-0.5280906558036804,-0.1818833202123642
0.0,0.0,0.0,0.416676789522171,-0.04647340998053551,-0.021869517862796783,0.7277127504348755,-0.17433376610279083,-0.10230427980422974,0.9541863203048706,-0.25232312083244324,-0.2083469033241272,1.0710408687591553,-0.3266959488391876,-0.28924885392189026,0.3918803334236145,-0.8969957828521729,-0.05775570869445801,0.9219463467597961,-0.9953275322914124,-0.19779327511787415,1.0381264686584473,-0.7031511068344116,-0.287949800491333,0.9804553985595703,-0.48990216851234436,-0.3231823146343231,0.32109472155570984,-0.9395772218704224,-0.11871340125799179,0.9376155734062195,-1.0499039888381958,-0.22786040604114532,1.0412484407424927,-0.7311823964118958,-0.2549390494823456,0.964127779006958,-0.5137832164764404,-0.2528654634952545,0.3266340494155884,-0.897773027420044,-0.18921855092048645,0.9344351291656494,-1.037396788597107,-0.29007771611213684,1.033607006072998,-0.7479723691940308,-0.2619307041168213,0.9745200276374817,-0.5316290855407715,-0.2160688042640686,0.39002999663352966,-0.779220700263977,-0.2638093829154968,0.8862694501876831,-0.8704817295074463,-0.3169035315513611,0.9734494686126709,-0.6788172125816345,-0.27450892329216003,0.9330120086669922,-0.514500617980957,-0.22671857476234436
0.0,0.0,0.0,0.42716681957244873,-0.04952535405755043,-0.00256578391417861,0.7324420809745789,-0.18445824086666107,-0.06898517906665802,0.9567847847938538,-0.27241843938827515,-0.16506804525852203,1.0913692712783813,-0.3612695336341858,-0.23595944046974182,0.3881789743900299,-0.9071713089942932,-0.01389455795288086,0.902402400970459,-0.9791576266288757,-0.14328618347644806,1.0093679428100586,-0.6914161443710327,-0.23663732409477234,0.933759331703186,-0.4813399314880371,-0.27871039509773254,0.3226689100265503,-0.94270920753479,-0.08475901931524277,0.9159350991249084,-1.0344380140304565,-0.1805374026298523,1.0160455703735352,-0.7174128293991089,-0.21885617077350616,0.9312333464622498,-0.5115376710891724,-0.23062343895435333,0.3350431025028229,-0.8917381167411804,-0.16412347555160522,0.9211703538894653,-1.0445120334625244,-0.2675386071205139,1.0202244520187378,-0.7365113496780396,-0.2453952431678772,0.9512452483177185,-0.5189779996871948,-0.20460721850395203,0.40374162793159485,-0.7609162926673889,-0.2447807341814041,0.8950387239456177,-0.8557904362678528,-0.30631622672080994,0.9867180585861206,-0.6480947732925415,-0.2633504867553711,0.9416228532791138,-0.4786226749420166,-0.21397174894809723
0.0,0.0,0.0,0.4311637580394745,-0.06432197242975235,0.037764377892017365,0.7266848087310791,-0.20256754755973816,-0.014255799353122711,0.9505569934844971,-0.29912787675857544,-0.10640411823987961,1.065856695175171,-0.3841886818408966,-0.1768483966588974,0.37111344933509827,-0.9230594635009766,0.023874418810009956,0.8665988445281982,-0.9896385073661804,-0.09494894742965698,0.9477930665016174,-0.7054328322410583,-0.17872248589992523,0.8601434230804443,-0.5048360824584961,-0.21796348690986633,0.3138451874256134,-0.9467213749885559,-0.07224822044372559,0.9074738025665283,-1.0310834646224976,-0.16847696900367737,0.9717118144035339,-0.712048351764679,-0.20301520824432373,0.8635309338569641,-0.5178831219673157,-0.21071688830852509,0.3310779333114624,-0.8896303772926331,-0.17432807385921478,0.9131589531898499,-1.025418758392334,-0.27591630816459656,0.9872539043426514,-0.7162774801254272,-0.24901826679706573,0.9030371308326721,-0.5080409646034241,-0.204963818192482,0.3997417092323303,-0.7552176713943481,-0.27508634328842163,0.8867902755737305,-0.8363466262817383,-0.33048340678215027,0.9721370935440063,-0.6294041872024536,-0.2820374369621277,0.9262322187423706,-0.4646585285663605,-0.23055797815322876
0.0,0.0,0.0,0.4176030457019806,-0.03250017389655113,-0.040768835693597794,0.7232899069786072,-0.1711992770433426,-0.12709936499595642,0.9461697936058044,-0.292715847492218,-0.2368001639842987,1.0988147258758545,-0.35498374700546265,-0.3181208670139313,0.38511765003204346,-0.9039227366447449,-0.05895508825778961,0.9133684039115906,-0.9642412066459656,-0.2050328403711319,1.0066893100738525,-0.6773861050605774,-0.3018506169319153,0.928662896156311,-0.471698135137558,-0.3462284505367279,0.3259523808956146,-0.9381642937660217,-0.11663070321083069,0.937811553478241,-1.0193084478378296,-0.24164751172065735,1.0110688209533691,-0.699733316898346,-0.2809748947620392,0.9089140892028809,-0.5016368627548218,-0.2870428264141083,0.3428480923175812,-0.890731930732727,-0.18572603166103363,0.9524368047714233,-1.0171904563903809,-0.3123721778392792,1.0181427001953125,-0.7049933075904846,-0.28872308135032654,0.9274338483810425,-0.49248602986335754,-0.2411239743232727,0.40920117497444153,-0.769945502281189,-0.2595621943473816,0.9149559140205383,-0.843765377998352,-0.3340466618537903,0.9938679933547974,-0.6276353001594543,-0.2956339120864868,0.9437963366508484,-0.4545241594314575,-0.2469881772994995
0.0,0.0,0.0,0.41993263363838196,0.011061270721256733,-0.1349831223487854,0.75611811876297,-0.12168896198272705,-0.23109540343284607,0.976710855960846,-0.2757795751094818,-0.3052205741405487,1.0897177457809448,-0.3825562298297882,-0.3436545133590698,0.44793516397476196,-0.8066431283950806,-0.2455928474664688,0.9869844913482666,-0.8946369886398315,-0.36851754784584045,1.1010336875915527,-0.6276164650917053,-0.412894070148468,1.0488706827163696,-0.4300624132156372,-0.4147838056087494,0.36355772614479065,-0.9055736660957336,-0.2185458242893219,0.9911507368087769,-0.9792386889457703,-0.3287164568901062,1.0889437198638916,-0.6727225184440613,-0.333182156085968,1.0139880180358887,-0.46279197931289673,-0.3109581172466278,0.3628222346305847,-0.9073061943054199,-0.1939561516046524,0.9716201424598694,-1.0018314123153687,-0.28979015350341797,1.049109697341919,-0.7147796750068665,-0.2555495798587799,0.9810919165611267,-0.5017625093460083,-0.20556509494781494,0.4048883616924286,-0.8287854194641113,-0.17844319343566895,0.8966225385665894,-0.8797343969345093,-0.2427694946527481,0.9837608933448792,-0.6905242800712585,-0.2170070856809616,0.9575572609901428,-0.5367857813835144,-0.17505118250846863
0.0,0.0,0.0,0.41756927967071533,0.005146844312548637,-0.10014934837818146,0.7229783535003662,-0.11521122604608536,-0.1978238821029663,0.9461753964424133,-0.23758766055107117,-0.29206663370132446,1.0572433471679688,-0.3558148145675659,-0.3550860583782196,0.4280969500541687,-0.843029260635376,-0.17884498834609985,0.9631924033164978,-0.9123624563217163,-0.31191781163215637,1.0865768194198608,-0.6443455815315247,-0.3800854980945587,1.0423095226287842,-0.4455687999725342,-0.4027084410190582,0.35983598232269287,-0.9142416715621948,-0.18622608482837677,0.9852530360221863,-0.9849810600280762,-0.30243465304374695,1.0839475393295288,-0.6736359000205994,-0.32379961013793945,1.0067634582519531,-0.4618377089500427,-0.3174130320549011,0.3692813515663147,-0.891242504119873,-0.19968938827514648,0.9858588576316833,-0.9953827261924744,-0.3104704022407532,1.0673604011535645,-0.7002950310707092,-0.28287285566329956,0.9975718855857849,-0.4783761203289032,-0.23702819645404816,0.4260697364807129,-0.7877610325813293,-0.2205551564693451,0.9254553318023682,-0.8417678475379944,-0.2970680296421051,1.0194077491760254,-0.6421300768852234,-0.2719763219356537,0.9960034489631653,-0.4759891927242279,-0.23114468157291412
0.0,0.0,0.0,0.4004417061805725,0.027567826211452484,-0.1250971406698227,0.7171961069107056,-0.08551814407110214,-0.22891822457313538,0.9452651739120483,-0.2084333896636963,-0.3169975280761719,1.0782525539398193,-0.315464049577713,-0.36978262662887573,0.4424491822719574,-0.8159141540527344,-0.24159246683120728,0.9955388307571411,-0.8721729516983032,-0.37620919942855835,1.0977822542190552,-0.5913654565811157,-0.42760977149009705,1.0306836366653442,-0.39236366748809814,-0.43586400151252747,0.37018585205078125,-0.899766743183136,-0.23104573786258698,1.0165940523147583,-0.9595978260040283,-0.3551969528198242,1.0987879037857056,-0.6405932307243347,-0.3604283630847931,1.0068070888519287,-0.4376475512981415,-0.33905473351478577,0.3752840757369995,-0.8884802460670471,-0.22460705041885376,1.0172035694122314,-0.9738686680793762,-0.34111225605010986,1.0765221118927002,-0.6690222024917603,-0.300652414560318,0.9886226058006287,-0.4558858871459961,-0.24377597868442535,0.4253532290458679,-0.7943235635757446,-0.22612687945365906,0.9419229626655579,-0.831394612789154,-0.30858761072158813,1.0124602317810059,-0.6196764707565308,-0.2803000211715698,0.9655018448829651,-0.4556994140148163,-0.23513849079608917
0.0,0.0,0.0,0.4122309386730194,-0.0020000578369945288,-0.06568273156881332,0.7167603969573975,-0.11170928925275803,-0.16712459921836853,0.9567921161651611,-0.2257448434829712,-0.2768236994743347,1.0877410173416138,-0.3204093277454376,-0.3536231815814972,0.41712257266044617,-0.8599425554275513,-0.15595468878746033,0.9948614835739136,-0.9112132787704468,-0.2845349609851837,1.1125775575637817,-0.6398104429244995,-0.3394165337085724,1.0466992855072021,-0.4517737925052643,-0.3540211021900177,0.35781845450401306,-0.9134973287582397,-0.19361965358257294,1.0267964601516724,-0.9926065802574158,-0.3097058832645416,1.1161510944366455,-0.6824348568916321,-0.3168010711669922,1.0172988176345825,-0.5017261505126953,-0.30079948902130127,0.3778458535671234,-0.8768736720085144,-0.2359825074672699,1.0357224941253662,-0.985368549823761,-0.3486805558204651,1.1077018976211548,-0.6821427941322327,-0.2987916171550751,1.0095645189285278,-0.483462929725647,-0.23783425986766815,0.44892993569374084,-0.7606635093688965,-0.2835873067378998,0.9911775588989258,-0.8222877979278564,-0.3523832857608795,1.076513648033142,-0.6130480766296387,-0.30288660526275635,1.0200973749160767,-0.4542187452316284,-0.24676744639873505
0.0,0.0,0.0,0.4073735177516937,0.019470665603876114,-0.08741754293441772,0.7074002623558044,-0.0920795202255249,-0.18316254019737244,0.9358299970626831,-0.2089720368385315,-0.274844229221344,1.0971322059631348,-0.26159366965293884,-0.33675533533096313,0.46669259667396545,-0.8141363263130188,-0.1960946023464203,1.0248602628707886,-0.8590171933174133,-0.305187851190567,1.1563684940338135,-0.6191667318344116,-0.345650851726532,1.1130344867706299,-0.44889602065086365,-0.35436397790908813,0.401675283908844,-0.8922554850578308,-0.20624546706676483,1.0427966117858887,-0.9559475779533386,-0.3052612841129303,1.1577471494674683,-0.6736878156661987,-0.30971407890319824,1.0911848545074463,-0.4967203438282013,-0.2966862916946411,0.4101749062538147,-0.8698769807815552,-0.21668998897075653,1.0429582595825195,-0.9621060490608215,-0.31077879667282104,1.1370854377746582,-0.6855852007865906,-0.2735219895839691,1.0646555423736572,-0.4939670264720917,-0.22759348154067993,0.4594263434410095,-0.76588374376297,-0.2326185405254364,0.9835842847824097,-0.8017506003379822,-0.2929626405239105,1.090119481086731,-0.617500901222229,-0.25866633653640747,1.0605192184448242,-0.47478389739990234,-0.21597382426261902
0.0,0.0,0.0,0.4073196053504944,0.03373066335916519,-0.11790043115615845,0.7219187617301941,-0.05900660902261734,-0.23218251764774323,0.946560263633728,-0.18118557333946228,-0.3338850438594818,1.0904940366744995,-0.27248895168304443,-0.40180712938308716,0.48805108666419983,-0.7838964462280273,-0.2530314326286316,1.0546557903289795,-0.8332079648971558,-0.3698526620864868,1.1603318452835083,-0.5770896673202515,-0.40454214811325073,1.0910120010375977,-0.4071715772151947,-0.408111572265625,0.41984671354293823,-0.8717517256736755,-0.2525423467159271,1.0715477466583252,-0.9358780384063721,-0.3646273612976074,1.1679860353469849,-0.6422845125198364,-0.3664599061012268,1.080558180809021,-0.46700894832611084,-0.34967100620269775,0.42070111632347107,-0.8620867729187012,-0.25162070989608765,1.0658665895462036,-0.9502131342887878,-0.3512706160545349,1.13729727268219,-0.6643359661102295,-0.3026611804962158,1.0439015626907349,-0.4774230718612671,-0.2490786612033844,0.459218829870224,-0.7674290537834167,-0.2586241662502289,0.9904778599739075,-0.8016597628593445,-0.3196622133255005,1.0616964101791382,-0.604422926902771,-0.2764965891838074,0.9972208142280579,-0.45795589685440063,-0.2279796153306961
0.0,0.0,0.0,0.41378116607666016,0.04101646691560745,-0.10752297937870026,0.7267417311668396,-0.04804133623838425,-0.213126078248024,0.9458392262458801,-0.18048208951950073,-0.3034035563468933,1.0696167945861816,-0.2939612567424774,-0.36035099625587463,0.4941880702972412,-0.7685221433639526,-0.26027318835258484,1.0583906173706055,-0.8187832832336426,-0.3686789870262146,1.1712911128997803,-0.5639444589614868,-0.3970659077167511,1.1117603778839111,-0.39401355385780334,-0.39490923285484314,0.41771090030670166,-0.872111439704895,-0.25483185052871704,1.0672656297683716,-0.9336547255516052,-0.35262635350227356,1.176112174987793,-0.6484679579734802,-0.3486327826976776,1.1040260791778564,-0.472389280796051,-0.32967913150787354,0.41161033511161804,-0.8720390796661377,-0.2454870194196701,1.049464464187622,-0.9502142667770386,-0.32775717973709106,1.1358287334442139,-0.6777365207672119,-0.2802532911300659,1.0563888549804688,-0.4932127594947815,-0.2312515825033188,0.4401875138282776,-0.7861706614494324,-0.24256259202957153,0.9604626893997192,-0.8087022304534912,-0.2923656404018402,1.0572350025177002,-0.6220524907112122,-0.25015774369239807,1.0193945169448853,-0.4785011410713196,-0.20287686586380005
0.0,0.0,0.0,0.4431474506855011,0.023955101147294044,-0.050300225615501404,0.7418310046195984,-0.06851783394813538,-0.1472327709197998,0.9632522463798523,-0.19021551311016083,-0.26404592394828796,1.0751272439956665,-0.35255196690559387,-0.3513600528240204,0.4414139986038208,-0.8587712049484253,-0.07647077739238739,1.0046253204345703,-0.9144322276115417,-0.2254825383424759,1.1216906309127808,-0.6422353982925415,-0.3272227942943573,1.0351637601852417,-0.4367429316043854,-0.37034842371940613,0.39611154794692993,-0.909669041633606,-0.12489112466573715,1.0447454452514648,-0.9785006046295166,-0.2320093810558319,1.1453367471694946,-0.6627104878425598,-0.2724393904209137,1.0444947481155396,-0.4745928645133972,-0.2868936359882355,0.42401182651519775,-0.8664264678955078,-0.18388846516609192,1.0779303312301636,-0.9723148941993713,-0.28829556703567505,1.1612435579299927,-0.6664650440216064,-0.25910624861717224,1.0567694902420044,-0.4632037580013275,-0.21818293631076813,0.49583059549331665,-0.7407070398330688,-0.2490139752626419,1.0319238901138306,-0.7851158380508423,-0.3126012980937958,1.1212059259414673,-0.5654222369194031,-0.26949796080589294,1.061072587966919,-0.3901490867137909,-0.22088029980659485
0.0,0.0,0.0,0.4518876075744629,0.008657176047563553,-0.01169564388692379,0.7353227138519287,-0.07006797194480896,-0.09626767784357071,0.9599621295928955,-0.15322276949882507,-0.214633971452713,1.0500802993774414,-0.3017735779285431,-0.30812519788742065,0.42199763655662537,-0.8833744525909424,-0.008829595521092415,0.9698325991630554,-0.9515121579170227,-0.15436838567256927,1.1162714958190918,-0.6809027194976807,-0.26804235577583313,1.0599862337112427,-0.46354490518569946,-0.31987464427948,0.38859158754348755,-0.9180247783660889,-0.07891175895929337,1.0218294858932495,-0.9906445741653442,-0.17719116806983948,1.136775016784668,-0.675964891910553,-0.22959280014038086,1.0496889352798462,-0.47252357006073,-0.25378966331481934,0.42408058047294617,-0.8630010485649109,-0.16057056188583374,1.051157832145691,-0.9757523536682129,-0.2525999844074249,1.1565262079238892,-0.6791548728942871,-0.23740828037261963,1.0728758573532104,-0.46465378999710083,-0.20655928552150726,0.5094742774963379,-0.7281287312507629,-0.24664407968521118,1.0169365406036377,-0.7892493009567261,-0.2913995683193207,1.1287612915039062,-0.5861831903457642,-0.24801218509674072,1.0908117294311523,-0.41055798530578613,-0.20213250815868378
0.0,0.0,0.0,0.4250081479549408,0.008158097974956036,-0.05138620361685753,0.7221155762672424,-0.07349911332130432,-0.14734311401844025,0.9566716551780701,-0.16707460582256317,-0.26531392335891724,1.079602837562561,-0.33904561400413513,-0.35490819811820984,0.4358901381492615,-0.8690929412841797,-0.05924117565155029,0.9918688535690308,-0.9495410919189453,-0.2002870887517929,1.1282224655151367,-0.668910562992096,-0.3021653890609741,1.069674015045166,-0.4621124267578125,-0.3461027145385742,0.38832801580429077,-0.9158018231391907,-0.10251041501760483,1.018833875656128,-0.9923984408378601,-0.20207655429840088,1.1316028833389282,-0.6719237565994263,-0.24622610211372375,1.0424079895019531,-0.4699117839336395,-0.2649483382701874,0.41081780195236206,-0.874324381351471,-0.15760983526706696,1.0460344552993774,-0.9956149458885193,-0.25463244318962097,1.141340732574463,-0.6898020505905151,-0.2319307029247284,1.0559741258621216,-0.46912020444869995,-0.1938701570034027,0.486096054315567,-0.7519935965538025,-0.21898549795150757,1.0054841041564941,-0.8411914706230164,-0.26952823996543884,1.097756028175354,-0.6291295289993286,-0.22380569577217102,1.038642168045044,-0.4431234896183014,-0.17392012476921082
0.0,0.0,0.0,0.41418206691741943,0.053912803530693054,-0.047997452318668365,0.7257645726203918,-0.04005119577050209,-0.1271803081035614,0.9771453738212585,-0.15362025797367096,-0.22739575803279877,1.1072373390197754,-0.30519258975982666,-0.30008769035339355,0.462179571390152,-0.8439494371414185,-0.05139022320508957,0.9972314238548279,-0.9647765159606934,-0.18667659163475037,1.1551109552383423,-0.6931865215301514,-0.2772030532360077,1.0989185571670532,-0.4822310209274292,-0.3090498745441437,0.40406641364097595,-0.9103497862815857,-0.08940756320953369,1.0131021738052368,-1.0222638845443726,-0.19075745344161987,1.1398487091064453,-0.699443519115448,-0.2299652248620987,1.0466926097869873,-0.4835807681083679,-0.23925063014030457,0.416916161775589,-0.8867347240447998,-0.13896572589874268,1.0315027236938477,-1.0143810510635376,-0.247665137052536,1.1328439712524414,-0.6941745281219482,-0.22969214618206024,1.0444920063018799,-0.4615507423877716,-0.18761301040649414,0.4811120927333832,-0.7834702134132385,-0.1932719349861145,0.9957818984985352,-0.8766689896583557,-0.2570610046386719,1.0984503030776978,-0.6548467874526978,-0.21799814701080322,1.0443660020828247,-0.45978662371635437,-0.16761893033981323
0.0,0.0,0.0,0.4173333942890167,-0.0026727099902927876,0.0697396844625473,0.6943208575248718,-0.11382552236318588,0.03271283954381943,0.9334489703178406,-0.20022796094417572,-0.06009333208203316,1.1011053323745728,-0.30655738711357117,-0.1377505660057068,0.4337795674800873,-0.888740599155426,0.12608519196510315,0.9258619546890259,-0.9815002679824829,0.005973730236291885,1.0849583148956299,-0.7185255885124207,-0.09949354082345963,1.043351173400879,-0.49673059582710266,-0.14671318233013153,0.3893439471721649,-0.9209290742874146,0.017348578199744225,0.9555800557136536,-1.0227900743484497,-0.05992956832051277,1.0882580280303955,-0.7175294756889343,-0.10999222099781036,1.0159188508987427,-0.49674108624458313,-0.13195064663887024,0.3978425860404968,-0.8748948574066162,-0.10320762544870377,0.9667204022407532,-1.0081708431243896,-0.19140614569187164,1.0851174592971802,-0.7006758451461792,-0.17717523872852325,1.0145026445388794,-0.4724188446998596,-0.14237549901008606,0.4558052122592926,-0.7510157227516174,-0.22187384963035583,0.9394338130950928,-0.8637174367904663,-0.2648790776729584,1.0635440349578857,-0.6581580638885498,-0.21336016058921814,1.0270532369613647,-0.4738464057445526,-0.15930326282978058
0.0,0.0,0.0,0.42424070835113525,-0.0068001220934093,0.030505754053592682,0.7365366220474243,-0.11921850591897964,-0.010998200625181198,0.9789314270019531,-0.22093261778354645,-0.09170545637607574,1.063009262084961,-0.378201961517334,-0.1481051743030548,0.419683039188385,-0.884006679058075,0.04260322451591492,0.9228708744049072,-0.979046642780304,-0.06561129540205002,1.041306734085083,-0.6823606491088867,-0.14234358072280884,0.9715477824211121,-0.4801645874977112,-0.17429038882255554,0.3570576310157776,-0.9331130385398865,-0.04254259169101715,0.9362524747848511,-1.0209722518920898,-0.12419385462999344,1.0198137760162354,-0.6840965151786804,-0.15426339209079742,0.9083253741264343,-0.48086294531822205,-0.16140888631343842,0.35953569412231445,-0.8978410363197327,-0.13629770278930664,0.9429794549942017,-1.0198787450790405,-0.23735161125659943,1.0186516046524048,-0.6889426112174988,-0.21222682297229767,0.9208944439888,-0.473752498626709,-0.16770169138908386,0.4161204993724823,-0.7793666124343872,-0.22888493537902832,0.9227373600006104,-0.8919016122817993,-0.2874097228050232,0.9992318749427795,-0.667366087436676,-0.2386643886566162,0.9263617396354675,-0.482611745595932,-0.18512991070747375
0.0,0.0,0.0,0.40551021695137024,-0.014289884828031063,0.021773193031549454,0.7098273634910583,-0.12030553072690964,-0.028274506330490112,0.9439495801925659,-0.2229066640138626,-0.12174815684556961,1.063887119293213,-0.3662770986557007,-0.19160188734531403,0.43795648217201233,-0.8732699751853943,0.08003495633602142,0.9119019508361816,-0.971420168876648,-0.03320422023534775,1.0007896423339844,-0.6859527826309204,-0.12315144389867783,0.9017513990402222,-0.4866655766963959,-0.16315166652202606,0.378142386674881,-0.9257298707962036,-0.00569524709135294,0.9193640947341919,-1.0223299264907837,-0.09421581029891968,0.9996917843818665,-0.6918116807937622,-0.1398928463459015,0.885834276676178,-0.48712003231048584,-0.155131995677948,0.3782666325569153,-0.900989830493927,-0.10549493879079819,0.9264090061187744,-1.031282663345337,-0.2129479944705963,1.0091207027435303,-0.7034332156181335,-0.20148822665214539,0.9190102219581604,-0.4797552227973938,-0.1640816628932953,0.4265785217285156,-0.796109139919281,-0.20582085847854614,0.9056906700134277,-0.8898258805274963,-0.26832762360572815,1.000758171081543,-0.6738763451576233,-0.2295178771018982,0.9523307681083679,-0.489134818315506,-0.18250970542430878
0.0,0.0,0.0,0.44186365604400635,-0.01878828927874565,0.07720610499382019,0.7439605593681335,-0.1254686415195465,0.0500672347843647,0.9821038842201233,-0.18641908466815948,-0.036251626908779144,1.0667434930801392,-0.29448655247688293,-0.10625896602869034,0.4888298809528351,-0.8639581799507141,0.13443037867546082,0.9258069396018982,-0.9667826890945435,0.013103763572871685,1.0358189344406128,-0.6857982277870178,-0.09100215882062912,0.9553028345108032,-0.4708831012248993,-0.13827607035636902,0.4189697802066803,-0.9078749418258667,0.015077541582286358,0.939582347869873,-1.0074434280395508,-0.07835734635591507,1.0395605564117432,-0.6783362030982971,-0.129792720079422,0.9351935982704163,-0.4592441916465759,-0.1484665870666504,0.40016084909439087,-0.874677836894989,-0.11781081557273865,0.9399195313453674,-1.01959228515625,-0.22125554084777832,1.0368677377700806,-0.6961473822593689,-0.20638853311538696,0.9480732083320618,-0.46892058849334717,-0.16860593855381012,0.42342981696128845,-0.7578448057174683,-0.24898147583007812,0.9014263153076172,-0.8570313453674316,-0.3124851584434509,1.0106966495513916,-0.645501971244812,-0.27131038904190063,0.9692203998565674,-0.4617978036403656,-0.22350367903709412
0.0,0.0,0.0,0.4580499231815338,-0.039536383002996445,0.10924002528190613,0.7454091906547546,-0.1573602259159088,0.07731617242097855,0.9904429912567139,-0.21901489794254303,-0.023115133866667747,1.0775052309036255,-0.3576662838459015,-0.11076176166534424,0.4588361084461212,-0.8919342160224915,0.1537761241197586,0.9038209915161133,-1.0334168672561646,0.027025286108255386,1.0556808710098267,-0.7617774605751038,-0.08973751962184906,0.993549644947052,-0.5350920557975769,-0.14615550637245178,0.3830403685569763,-0.9236965179443359,0.008046898059546947,0.9162527918815613,-1.0532840490341187,-0.08415818214416504,1.054439663887024,-0.7320610284805298,-0.1559056043624878,0.9641110897064209,-0.517317533493042,-0.19478961825370789,0.3557472229003906,-0.8852110505104065,-0.14769338071346283,0.8958542943000793,-1.0646311044692993,-0.23258572816848755,1.0440950393676758,-0.755337119102478,-0.2241232842206955,0.9726049900054932,-0.5347721576690674,-0.20276112854480743,0.3717604875564575,-0.7642135620117188,-0.30035439133644104,0.8512818813323975,-0.8770110011100769,-0.3512575626373291,1.007946252822876,-0.6764068007469177,-0.30843234062194824,0.9862138628959656,-0.49497535824775696,-0.2660997807979584
0.0,0.0,0.0,0.426193505525589,-0.05498987063765526,0.11283159255981445,0.7073258757591248,-0.1865302175283432,0.0961548238992691,0.9282625317573547,-0.2409706711769104,0.02105334959924221,1.0638445615768433,-0.3362479507923126,-0.04042833298444748,0.4505298435688019,-0.8985170722007751,0.1109934002161026,0.9223241806030273,-0.9661938548088074,-0.007598251104354858,1.0220931768417358,-0.689898669719696,-0.10295949876308441,0.9381791949272156,-0.4744897484779358,-0.14641410112380981,0.3746136426925659,-0.9268208146095276,-0.025843070819973946,0.9277214407920837,-1.0016849040985107,-0.11535539478063583,1.0272589921951294,-0.6939917802810669,-0.15781629085540771,0.9263738989830017,-0.48144665360450745,-0.17429058253765106,0.3499760925769806,-0.8777544498443604,-0.16870169341564178,0.9081918001174927,-1.0165711641311646,-0.25665777921676636,0.9999877214431763,-0.7117862701416016,-0.22346974909305573,0.9118250608444214,-0.5039893984794617,-0.180240198969841,0.37106776237487793,-0.7466216683387756,-0.3064592480659485,0.8458634614944458,-0.8553570508956909,-0.3540860116481781,0.9318439960479736,-0.6553055644035339,-0.29621827602386475,0.8672770261764526,-0.4865531921386719,-0.2403768002986908
0.0,0.0,0.0,0.43645596504211426,-0.055208656936883926,0.078900545835495,0.7424976825714111,-0.1760575771331787,0.04343324527144432,0.9869624972343445,-0.2517050504684448,-0.048718396574258804,1.0652904510498047,-0.3822476863861084,-0.12433813512325287,0.475861132144928,-0.8893749713897705,0.08300993591547012,0.9718484282493591,-0.9725081920623779,-0.05137725919485092,1.095497965812683,-0.6950665712356567,-0.15175774693489075,1.025441288948059,-0.4784906804561615,-0.19710443913936615,0.3880906105041504,-0.9206786155700684,-0.0416724756360054,0.9432862401008606,-1.0102794170379639,-0.1475856602191925,1.0264116525650024,-0.6950799226760864,-0.18976202607154846,0.9061203598976135,-0.49461281299591064,-0.20538663864135742,0.35774853825569153,-0.8797692060470581,-0.1772392839193344,0.9156379103660583,-1.0233315229415894,-0.2826020121574402,0.9882243871688843,-0.718993067741394,-0.2502039670944214,0.8831384778022766,-0.5196861028671265,-0.20659150183200836,0.3799647390842438,-0.757072389125824,-0.3106206953525543,0.8789517283439636,-0.8579652309417725,-0.37188050150871277,0.9434318542480469,-0.6569174528121948,-0.3199499249458313,0.8532531261444092,-0.4914817214012146,-0.26780736446380615
0.0,0.0,0.0,0.42337000370025635,-0.0531906858086586,0.10728951543569565,0.7098855376243591,-0.20034877955913544,0.08852867782115936,0.9393323659896851,-0.27173280715942383,0.011457257904112339,1.0487033128738403,-0.3639397621154785,-0.05122322589159012,0.4441007375717163,-0.9163660407066345,0.09427166730165482,0.8864912390708923,-1.0420212745666504,-0.030381176620721817,1.0068634748458862,-0.7580245137214661,-0.12667173147201538,0.9311131238937378,-0.5393873453140259,-0.17104999721050262,0.36692023277282715,-0.9291539788246155,-0.045192085206508636,0.9035464525222778,-1.0644611120224,-0.14419884979724884,1.0203996896743774,-0.742857813835144,-0.1892569363117218,0.9191134572029114,-0.5279387831687927,-0.20683763921260834,0.3383302092552185,-0.8762397170066833,-0.1911034882068634,0.8722953796386719,-1.0440654754638672,-0.2854245603084564,0.9904674291610718,-0.7388880848884583,-0.2558608949184418,0.9078351259231567,-0.5281025767326355,-0.2160765677690506,0.3499992787837982,-0.7444601058959961,-0.33267873525619507,0.81217360496521,-0.8707219958305359,-0.388063907623291,0.9360490441322327,-0.6698729991912842,-0.3370589017868042,0.8953912854194641,-0.49515870213508606,-0.28730514645576477
0.0,0.0,0.0,0.42554908990859985,-0.08169042319059372,0.11003417521715164,0.7151011228561401,-0.21734130382537842,0.09100703150033951,0.9370980858802795,-0.28977352380752563,0.007479829713702202,1.052224040031433,-0.45466524362564087,-0.06097815930843353,0.48419755697250366,-0.8877883553504944,0.13680362701416016,0.8722394704818726,-1.0586352348327637,0.009348358027637005,0.9774774312973022,-0.7750197052955627,-0.0896601527929306,0.8940922617912292,-0.5530188679695129,-0.13353434205055237,0.3991048336029053,-0.9168100357055664,-0.013216862455010414,0.8869251608848572,-1.0767818689346313,-0.11735827475786209,0.9879894852638245,-0.7541557550430298,-0.17416757345199585,0.8716199994087219,-0.5374035835266113,-0.1981135457754135,0.3502461612224579,-0.88284832239151,-0.17456364631652832,0.8532916903495789,-1.0800509452819824,-0.2806849479675293,0.961689829826355,-0.7672877907752991,-0.25655460357666016,0.8744282722473145,-0.5488997101783752,-0.21702013909816742,0.33501359820365906,-0.7648402452468872,-0.33183249831199646,0.7908886671066284,-0.9083274006843567,-0.40223756432533264,0.9059043526649475,-0.6935039162635803,-0.3523187041282654,0.8515418767929077,-0.5034170150756836,-0.299439936876297
0.0,0.0,0.0,0.4048313498497009,-0.0780557319521904,0.06476355344057083,0.7103796005249023,-0.2076127827167511,0.02314762957394123,0.9407263994216919,-0.2913456857204437,-0.07141837477684021,0.9699655771255493,-0.45535147190093994,-0.1497572362422943,0.4930603504180908,-0.8995667695999146,0.09297847747802734,0.8593072295188904,-1.0662821531295776,-0.04109003767371178,0.994857132434845,-0.8072353005409241,-0.14766409993171692,0.9382596015930176,-0.5911251902580261,-0.194246307015419,0.3893081247806549,-0.9206868410110474,-0.02783677913248539,0.8397443890571594,-1.087438702583313,-0.13090264797210693,0.9764006733894348,-0.7975691556930542,-0.19354841113090515,0.8995883464813232,-0.5821021199226379,-0.22242169082164764,0.3200530409812927,-0.883711576461792,-0.16203799843788147,0.7841153144836426,-1.0742231607437134,-0.2631883919239044,0.9276279807090759,-0.7983414530754089,-0.2548954486846924,0.872960090637207,-0.5835000276565552,-0.22800150513648987,0.28265509009361267,-0.7696553468704224,-0.2960030734539032,0.7106747031211853,-0.9079676866531372,-0.36496663093566895,0.8480405211448669,-0.722615122795105,-0.3319200575351715,0.8213621377944946,-0.5444849133491516,-0.29209908843040466
0.0,0.0,0.0,0.43551909923553467,-0.06887872517108917,0.0866445004940033,0.743224561214447,-0.20031775534152985,0.041636861860752106,0.9863017797470093,-0.2722529172897339,-0.06231449916958809,1.0196163654327393,-0.4255194067955017,-0.15427447855472565,0.4750356376171112,-0.9144408702850342,0.06355098634958267,0.8818538188934326,-1.097869634628296,-0.08067608624696732,1.0486173629760742,-0.8278074264526367,-0.19237473607063293,0.9986564517021179,-0.6000840663909912,-0.24161027371883392,0.3733138144016266,-0.9245501756668091,-0.07644437998533249,0.878206729888916,-1.1151669025421143,-0.18565700948238373,1.040847897529602,-0.8026935458183289,-0.25318577885627747,0.9572420120239258,-0.5781861543655396,-0.28820210695266724,0.32015568017959595,-0.8797078132629395,-0.22450007498264313,0.8210300207138062,-1.0984580516815186,-0.32035714387893677,0.9885295629501343,-0.8086411356925964,-0.31008002161979675,0.9273313283920288,-0.5880163908004761,-0.28695765137672424,0.30860888957977295,-0.758671224117279,-0.37069252133369446,0.7457203269004822,-0.9344415664672852,-0.4287849962711334,0.9066125750541687,-0.7515156269073486,-0.3887374699115753,0.8867541551589966,-0.5689908862113953,-0.34923049807548523
0.0,0.0,0.0,0.45019757747650146,-0.08005978167057037,0.1273730844259262,0.7305588126182556,-0.2252831757068634,0.11421843618154526,0.9516444802284241,-0.2976270318031311,0.034309301525354385,1.0027310848236084,-0.42746052145957947,-0.038168732076883316,0.4738898277282715,-0.9125165939331055,0.120123490691185,0.8647898435592651,-1.0967031717300415,-0.007805550936609507,1.0197938680648804,-0.8427003622055054,-0.11271766573190689,0.9745438098907471,-0.6204158067703247,-0.16048438847064972,0.37891829013824463,-0.9248117208480835,-0.03382748365402222,0.8594495058059692,-1.1120941638946533,-0.13472411036491394,1.0190682411193848,-0.8170327544212341,-0.2009512484073639,0.9425454139709473,-0.5973567366600037,-0.2353733628988266,0.3243182599544525,-0.8745477199554443,-0.1943434476852417,0.7987167835235596,-1.1057621240615845,-0.29084041714668274,0.9730023741722107,-0.8199548125267029,-0.2880406677722931,0.9235683083534241,-0.5984350442886353,-0.269063800573349,0.3074318468570709,-0.7477865219116211,-0.3485763669013977,0.7211084961891174,-0.9313191771507263,-0.42355918884277344,0.900968611240387,-0.7457072138786316,-0.3966742753982544,0.9084477424621582,-0.5536321997642517,-0.36311477422714233
0.0,0.0,0.0,0.43706902861595154,-0.11595404893159866,0.10920482873916626,0.7028304934501648,-0.2682039439678192,0.08934186398983002,0.9005300998687744,-0.33530086278915405,0.011102317832410336,0.975451648235321,-0.4349523186683655,-0.056710030883550644,0.3792575001716614,-0.9507464170455933,0.09146423637866974,0.8223294019699097,-1.0730364322662354,-0.028878673911094666,0.9427627325057983,-0.8223470449447632,-0.12569116055965424,0.8854286670684814,-0.6284685730934143,-0.17428915202617645,0.30257776379585266,-0.951788604259491,-0.05044823884963989,0.8343179225921631,-1.093240737915039,-0.1453711837530136,0.9641295075416565,-0.8085305094718933,-0.1979297399520874,0.8945444226264954,-0.6007428169250488,-0.22282518446445465,0.28091052174568176,-0.8808592557907104,-0.1967724710702896,0.7997671365737915,-1.0799871683120728,-0.2900520861148834,0.9369754195213318,-0.8034396171569824,-0.2732149362564087,0.8879242539405823,-0.5947675704956055,-0.24295707046985626,0.3106864094734192,-0.7283933162689209,-0.3380659222602844,0.7408632040023804,-0.8864447474479675,-0.39764413237571716,0.8832656145095825,-0.7105793952941895,-0.354690283536911,0.879695475101471,-0.5417283773422241,-0.31034937500953674
0.0,0.0,0.0,0.45953047275543213,-0.10854472219944,0.0788135752081871,0.726828396320343,-0.25043001770973206,0.03732171654701233,0.919203519821167,-0.3099486827850342,-0.056720055639743805,0.9584585428237915,-0.4034815728664398,-0.13495296239852905,0.38247939944267273,-0.9478702545166016,0.04497623071074486,0.8808803558349609,-1.0298993587493896,-0.0852893590927124,0.9572939872741699,-0.7432088851928711,-0.18858985602855682,0.8633672595024109,-0.5570279359817505,-0.24589116871356964,0.31054407358169556,-0.9465781450271606,-0.08690322935581207,0.8984200358390808,-1.0593770742416382,-0.18282394111156464,0.9846018552780151,-0.7446357011795044,-0.22983363270759583,0.8841403126716614,-0.557162344455719,-0.2561545968055725,0.30262812972068787,-0.8702356815338135,-0.2243243008852005,0.8761532306671143,-1.047286868095398,-0.31374064087867737,0.9690241813659668,-0.7464168071746826,-0.28675445914268494,0.8815576434135437,-0.5516809225082397,-0.25513240694999695,0.3532038629055023,-0.7112271189689636,-0.35987067222595215,0.820147693157196,-0.840725302696228,-0.405798077583313,0.914557695388794,-0.6475297808647156,-0.352750301361084,0.859500527381897,-0.4901215434074402,-0.30835095047950745
0.0,0.0,0.0,0.4607510566711426,-0.10622166842222214,0.10393166542053223,0.7302181124687195,-0.2479310780763626,0.07114309817552567,0.9387816190719604,-0.30418723821640015,-0.018487339839339256,0.9610676765441895,-0.39265739917755127,-0.09517393261194229,0.368247389793396,-0.964164674282074,0.06769245117902756,0.8651788830757141,-1.0368189811706543,-0.06903848052024841,1.0035033226013184,-0.782701849937439,-0.1837664246559143,0.9682489037513733,-0.5806535482406616,-0.2433093637228012,0.3034785985946655,-0.9500066637992859,-0.07340339571237564,0.8926746249198914,-1.0488675832748413,-0.16976594924926758,1.0215084552764893,-0.762416422367096,-0.22507856786251068,0.956025242805481,-0.5582117438316345,-0.2552146017551422,0.30916327238082886,-0.8558872938156128,-0.21856926381587982,0.8690434694290161,-1.0210790634155273,-0.30251947045326233,0.9958301186561584,-0.7470658421516418,-0.2801433503627777,0.9400160908699036,-0.5469791889190674,-0.2504126727581024,0.3796613812446594,-0.6859925985336304,-0.36050233244895935,0.8362093567848206,-0.823488712310791,-0.3994539678096771,0.9721182584762573,-0.6604794859886169,-0.34719356894493103,0.9620530009269714,-0.5084930062294006,-0.30170738697052
0.0,0.0,0.0,0.48919224739074707,-0.09027175605297089,0.09234501421451569,0.7621041536331177,-0.2285366803407669,0.05325130373239517,0.9754881858825684,-0.29323238134384155,-0.041673652827739716,0.9758687615394592,-0.37965524196624756,-0.12553946673870087,0.3983861804008484,-0.9499187469482422,0.06508787721395493,0.8738628625869751,-1.0304458141326904,-0.062405332922935486,1.0081440210342407,-0.8042019009590149,-0.1679517924785614,0.9588258266448975,-0.6158022880554199,-0.22261318564414978,0.33152076601982117,-0.9408529996871948,-0.06992587447166443,0.9103477597236633,-1.0456387996673584,-0.15820056200027466,1.0389666557312012,-0.7863645553588867,-0.20705458521842957,0.9725947976112366,-0.6107182502746582,-0.233392134308815,0.3321110010147095,-0.8470203280448914,-0.20962683856487274,0.8925216197967529,-1.0104376077651978,-0.28514930605888367,1.0253561735153198,-0.7622974514961243,-0.25809794664382935,0.9697455167770386,-0.5901047587394714,-0.22888785600662231,0.3918434977531433,-0.6699164509773254,-0.3474684953689575,0.867723286151886,-0.7907451391220093,-0.3773635923862457,0.9998199343681335,-0.6472055315971375,-0.3216150403022766,0.9860276579856873,-0.5279730558395386,-0.27696317434310913
0.0,0.0,0.0,0.45504480600357056,-0.11873883754014969,0.10029679536819458,0.7126753926277161,-0.26726216077804565,0.07751646637916565,0.8949359655380249,-0.3313249349594116,0.0023983668070286512,0.9972201585769653,-0.38909804821014404,-0.058361127972602844,0.39388251304626465,-0.9518382549285889,0.0749419704079628,0.8714703321456909,-1.0215386152267456,-0.04255814850330353,0.9771504402160645,-0.76120924949646,-0.1397586613893509,0.915932297706604,-0.5753095149993896,-0.19209036231040955,0.3310829997062683,-0.941942036151886,-0.055939558893442154,0.8981171250343323,-1.0368309020996094,-0.13805240392684937,1.00469970703125,-0.7646374106407166,-0.17425616085529327,0.9265829920768738,-0.581487238407135,-0.19362032413482666,0.3276611268520355,-0.8475155830383301,-0.19149209558963776,0.8764755725860596,-0.9973899126052856,-0.26359739899635315,0.9702239632606506,-0.7381992936134338,-0.22833415865898132,0.8968601226806641,-0.5601451396942139,-0.1930728405714035,0.3767966330051422,-0.6713617444038391,-0.3241044282913208,0.8247876167297363,-0.785835325717926,-0.35037368535995483,0.9011219143867493,-0.6146758198738098,-0.28968995809555054,0.8442794680595398,-0.46932339668273926,-0.24166850745677948
0.0,0.0,0.0,0.4534822404384613,-0.12346015125513077,0.11123277246952057,0.7308166027069092,-0.27448052167892456,0.08966919034719467,0.9353381991386414,-0.3478745222091675,0.010190308094024658,0.9602364301681519,-0.42094212770462036,-0.059465132653713226,0.39634615182876587,-0.9534384608268738,0.09655679017305374,0.8264802694320679,-1.0766448974609375,-0.02724204957485199,0.9601967334747314,-0.8275672793388367,-0.1345623880624771,0.9134365916252136,-0.6283324956893921,-0.19058367609977722,0.32873761653900146,-0.9433399438858032,-0.045182276517152786,0.8514333963394165,-1.091621994972229,-0.13230162858963013,0.9917483925819397,-0.824135959148407,-0.1861477494239807,0.9263181686401367,-0.629612386226654,-0.21587860584259033,0.3173863887786865,-0.8546856641769409,-0.19120480120182037,0.829309344291687,-1.0436955690383911,-0.2702021598815918,0.9662901759147644,-0.7871761322021484,-0.2521651089191437,0.9141309261322021,-0.5967581272125244,-0.2270890176296234,0.3554859161376953,-0.6881760358810425,-0.33322298526763916,0.7748737931251526,-0.8337723016738892,-0.3723008930683136,0.9025441408157349,-0.6618469953536987,-0.3220053017139435,0.8865033984184265,-0.4998883306980133,-0.2783912122249603
0.0,0.0,0.0,0.45218080282211304,-0.1299448162317276,0.13741926848888397,0.7335605025291443,-0.29688122868537903,0.1274012178182602,0.9605852365493774,-0.3840223252773285,0.05280584469437599,1.0364186763763428,-0.5094112753868103,-0.014675424434244633,0.3892929255962372,-0.9493353366851807,0.12510068714618683,0.8091620206832886,-1.10254967212677,0.008028698153793812,0.9729417562484741,-0.8528050780296326,-0.09537617862224579,0.9412245154380798,-0.6490529775619507,-0.14930717647075653,0.3153976798057556,-0.948465883731842,-0.03060656227171421,0.8363364338874817,-1.1150509119033813,-0.1202058494091034,1.0087209939956665,-0.8312152028083801,-0.18254710733890533,0.9501088261604309,-0.6328108310699463,-0.21798034012317657,0.2888001501560211,-0.8734577894210815,-0.18917039036750793,0.7978910207748413,-1.0634543895721436,-0.2723359763622284,0.9703604578971863,-0.7944989800453186,-0.2636525332927704,0.9233888983726501,-0.5999285578727722,-0.24466046690940857,0.3018234372138977,-0.7228758335113525,-0.34039634466171265,0.7264374494552612,-0.8799387812614441,-0.3870686888694763,0.8814470171928406,-0.7107844948768616,-0.34370657801628113,0.8698620200157166,-0.5468708872795105,-0.3043989837169647
0.0,0.0,0.0,0.44483327865600586,-0.15119659900665283,0.11310313642024994,0.7244824767112732,-0.3147280812263489,0.08433596789836884,0.9434827566146851,-0.4012850224971771,-0.004400747362524271,1.0192062854766846,-0.5360183715820312,-0.08524008095264435,0.3856693506240845,-0.95236736536026,0.09310683608055115,0.8008957505226135,-1.098738670349121,-0.03901999443769455,0.9799245595932007,-0.8594813346862793,-0.15306025743484497,0.9657409191131592,-0.6599079966545105,-0.21278710663318634,0.30703702569007874,-0.9500039219856262,-0.056752365082502365,0.8140482902526855,-1.1084260940551758,-0.15843084454536438,1.0050578117370605,-0.8339105248451233,-0.2300609052181244,0.9676781892776489,-0.6307390928268433,-0.2697891294956207,0.2739294171333313,-0.8718440532684326,-0.2101617306470871,0.7646434307098389,-1.0637407302856445,-0.3017946779727936,0.9526599645614624,-0.8000880479812622,-0.29258275032043457,0.927087128162384,-0.6039482355117798,-0.27116134762763977,0.284655898809433,-0.7138394713401794,-0.3582007586956024,0.6979255676269531,-0.8721356987953186,-0.4105693995952606,0.8526812791824341,-0.7067905068397522,-0.36227476596832275,0.8446910381317139,-0.5460996031761169,-0.3161427080631256
0.0,0.0,0.0,0.44612929224967957,-0.1388012170791626,0.12987305223941803,0.7160837054252625,-0.2958683669567108,0.11753743141889572,0.9216793775558472,-0.36294931173324585,0.04584590718150139,0.9749544858932495,-0.4304560422897339,-0.019540244713425636,0.383836030960083,-0.967876136302948,0.09376276284456253,0.8070605397224426,-1.1032885313034058,-0.03916549310088158,0.9990275502204895,-0.87090003490448,-0.1523682177066803,1.0067225694656372,-0.6712278723716736,-0.21078328788280487,0.3046824038028717,-0.9507284760475159,-0.05730720981955528,0.8220248818397522,-1.102592945098877,-0.1621253341436386,1.0265321731567383,-0.8341912627220154,-0.22593078017234802,1.0077245235443115,-0.6240313053131104,-0.257526695728302,0.27716702222824097,-0.8600086569786072,-0.21004323661327362,0.7748359441757202,-1.04240083694458,-0.3032129406929016,0.9693122506141663,-0.7814344167709351,-0.2908404767513275,0.9583098292350769,-0.5810477137565613,-0.2634515166282654,0.29695209860801697,-0.6947970986366272,-0.35631757974624634,0.702476978302002,-0.8426701426506042,-0.4060370922088623,0.8580238819122314,-0.6826819777488708,-0.35873398184776306,0.8621577620506287,-0.5213660597801208,-0.3120879530906677
0.0,0.0,0.0,0.445116251707077,-0.12473199516534805,0.12933088839054108,0.7132188081741333,-0.27175718545913696,0.12361060827970505,0.9069569110870361,-0.32855647802352905,0.06011663004755974,1.0020654201507568,-0.36952394247055054,0.006059492938220501,0.3931087851524353,-0.9523466229438782,0.1133364662528038,0.836293637752533,-1.0539944171905518,-0.0029798017349094152,0.9648318290710449,-0.8071842193603516,-0.10040900856256485,0.9164235591888428,-0.6214691400527954,-0.15051482617855072,0.3242380917072296,-0.9454702734947205,-0.03091314807534218,0.8629398941993713,-1.0608848333358765,-0.11859920620918274,0.9940459728240967,-0.7971218228340149,-0.1657859981060028,0.9265698790550232,-0.6061457395553589,-0.18806259334087372,0.307222455739975,-0.8593779802322388,-0.1781623661518097,0.8248144388198853,-1.0094623565673828,-0.25867000222206116,0.9609935879707336,-0.7581366300582886,-0.23730234801769257,0.9194020628929138,-0.5709712505340576,-0.20563450455665588,0.33627352118492126,-0.6957157850265503,-0.31928732991218567,0.7509380578994751,-0.8258653283119202,-0.3684830963611603,0.9025895595550537,-0.675361156463623,-0.325619637966156,0.920505166053772,-0.5286404490470886,-0.2825450003147125
0.0,0.0,0.0,0.431975781917572,-0.09367342293262482,0.09248222410678864,0.7015308737754822,-0.24779507517814636,0.06443601846694946,0.8929638862609863,-0.3095731735229492,-0.01735621690750122,0.9930246472358704,-0.3631529211997986,-0.08692994713783264,0.43952760100364685,-0.9342203736305237,0.07909270375967026,0.8865736722946167,-1.0105946063995361,-0.05512193217873573,1.0192140340805054,-0.7425609230995178,-0.16611577570438385,0.9723995327949524,-0.5453872084617615,-0.2242058962583542,0.36563968658447266,-0.9291947484016418,-0.053895656019449234,0.90336012840271,-1.0244948863983154,-0.150215744972229,1.0371731519699097,-0.7329735159873962,-0.19774921238422394,0.9691260457038879,-0.5333814024925232,-0.2217981219291687,0.33861127495765686,-0.8471599221229553,-0.19441983103752136,0.8611318469047546,-0.9973046779632568,-0.2834230363368988,0.9861341714859009,-0.7169942259788513,-0.25177934765815735,0.926855206489563,-0.5152900218963623,-0.21399694681167603,0.35342854261398315,-0.6876906156539917,-0.3331102132797241,0.7754068970680237,-0.8004606366157532,-0.3838614821434021,0.8991771936416626,-0.6318987607955933,-0.331926167011261,0.8741958141326904,-0.4806259274482727,-0.28396475315093994
0.0,0.0,0.0,0.4497106075286865,-0.10659628361463547,0.09712007641792297,0.7323024868965149,-0.2535932958126068,0.07001691311597824,0.9513176679611206,-0.3267171382904053,-0.013730064034461975,1.0139139890670776,-0.4153280556201935,-0.08257594704627991,0.3824918866157532,-0.9435634016990662,0.08455875515937805,0.8170750737190247,-1.0832704305648804,-0.053789906203746796,0.9695846438407898,-0.7978829741477966,-0.16528132557868958,0.9336363673210144,-0.5664927959442139,-0.21928898990154266,0.31090670824050903,-0.9491126537322998,-0.05022084712982178,0.8552865982055664,-1.1053595542907715,-0.1458938717842102,1.0102286338806152,-0.7954286932945251,-0.1955454796552658,0.9486084580421448,-0.5804168581962585,-0.22150002419948578,0.3047621250152588,-0.8733178973197937,-0.19406406581401825,0.8440689444541931,-1.0848222970962524,-0.2937777638435364,0.9858894944190979,-0.7874393463134766,-0.2777222990989685,0.9322095513343811,-0.5666199922561646,-0.24756626784801483,0.3547023832798004,-0.7178438305854797,-0.33397525548934937,0.8044806122779846,-0.8800340294837952,-0.3914540410041809,0.9397791624069214,-0.6921504139900208,-0.34966185688972473,0.9205642938613892,-0.507799506187439,-0.3092465102672577
0.0,0.0,0.0,0.4654705226421356,-0.12508288025856018,0.1012074276804924,0.7336348295211792,-0.268033504486084,0.06781350821256638,0.934096097946167,-0.3343968689441681,-0.026781562715768814,0.9952283501625061,-0.42784884572029114,-0.10893112421035767,0.3458159267902374,-0.9546382427215576,0.08784414827823639,0.8339289426803589,-1.0629141330718994,-0.057465821504592896,0.9866321682929993,-0.7766312956809998,-0.17580237984657288,0.9539753794670105,-0.5462402701377869,-0.23319090902805328,0.27171337604522705,-0.9609287977218628,-0.052798110991716385,0.864417314529419,-1.0928205251693726,-0.16318385303020477,1.0185859203338623,-0.7743397951126099,-0.2216830998659134,0.9588111042976379,-0.5419725179672241,-0.24797184765338898,0.271857351064682,-0.8928492665290833,-0.20084017515182495,0.8497806787490845,-1.0999890565872192,-0.3070845901966095,0.9880684018135071,-0.7895802855491638,-0.28634512424468994,0.9327040314674377,-0.5539767742156982,-0.24860602617263794,0.33943185210227966,-0.7495570778846741,-0.34536799788475037,0.8124982714653015,-0.9138521552085876,-0.40432360768318176,0.948891818523407,-0.7205813527107239,-0.3537605106830597,0.9314505457878113,-0.5365349054336548,-0.30344051122665405
0.0,0.0,0.0,0.4690357446670532,-0.08703801035881042,0.06732451170682907,0.7551844120025635,-0.24737651646137238,0.020024897530674934,0.976049542427063,-0.3327981233596802,-0.07932061702013016,1.0150365829467773,-0.43040862679481506,-0.16246670484542847,0.3516329228878021,-0.9486429691314697,0.04916274920105934,0.8593357801437378,-1.0650967359542847,-0.10009255260229111,1.0266122817993164,-0.785879373550415,-0.2133719027042389,0.9841243624687195,-0.5564804673194885,-0.2662695646286011,0.2664961814880371,-0.9609261155128479,-0.0748387798666954,0.864098846912384,-1.1281039714813232,-0.18704983592033386,1.031777024269104,-0.8054283261299133,-0.23056022822856903,0.9694507122039795,-0.5731101632118225,-0.24632012844085693,0.25584760308265686,-0.9022334814071655,-0.20975488424301147,0.8454552292823792,-1.1192787885665894,-0.3234005570411682,0.9993677735328674,-0.8105583190917969,-0.29942572116851807,0.9397258162498474,-0.5797913074493408,-0.260198175907135,0.3190014660358429,-0.7685765624046326,-0.34311914443969727,0.8216105699539185,-0.9278579354286194,-0.4107743203639984,0.9617581963539124,-0.7414126992225647,-0.36686357855796814,0.9292821288108826,-0.5710287094116211,-0.32299965620040894
0.0,0.0,0.0,0.460842102766037,-0.08783621340990067,0.10279829800128937,0.7310002446174622,-0.24197231233119965,0.06560497730970383,0.9426272511482239,-0.3214230239391327,-0.03369493409991264,1.0141758918762207,-0.4243618845939636,-0.12424308806657791,0.34124305844306946,-0.9563993215560913,0.06718632578849792,0.814519464969635,-1.1254303455352783,-0.10067292302846909,1.0478737354278564,-0.8643579483032227,-0.23536920547485352,1.0705265998840332,-0.6157223582267761,-0.2972505986690521,0.2640039920806885,-0.961404025554657,-0.07748617231845856,0.8638514876365662,-1.1394438743591309,-0.20392076671123505,1.0871673822402954,-0.8349817991256714,-0.2675776183605194,1.0643069744110107,-0.5865033864974976,-0.2946777939796448,0.2558581829071045,-0.8922483325004578,-0.23010830581188202,0.8474625945091248,-1.1055724620819092,-0.34634003043174744,1.045365810394287,-0.8054326176643372,-0.32756826281547546,1.0222539901733398,-0.5593296885490417,-0.2890931963920593,0.31500598788261414,-0.7492697238922119,-0.37931108474731445,0.7971903681755066,-0.9198694229125977,-0.4405563771724701,0.9851047396659851,-0.7535474896430969,-0.3899679183959961,1.0073668956756592,-0.5777360200881958,-0.33830496668815613
0.0,0.0,0.0,0.47988513112068176,-0.09001906216144562,0.10808425396680832,0.7486473321914673,-0.23358853161334991,0.07581216841936111,0.9664143919944763,-0.3131089210510254,-0.020561611279845238,1.0024712085723877,-0.4212287366390228,-0.10742837935686111,0.35574474930763245,-0.9501907229423523,0.09917454421520233,0.8078210949897766,-1.0911837816238403,-0.032587092369794846,0.9965149760246277,-0.8293286561965942,-0.1442417949438095,0.9742622971534729,-0.5965314507484436,-0.19750899076461792,0.2884232699871063,-0.9564304351806641,-0.045307449996471405,0.8528748154640198,-1.0902231931686401,-0.13135038316249847,1.0268250703811646,-0.7933336496353149,-0.18402226269245148,0.966672956943512,-0.5703181028366089,-0.21347849071025848,0.28573253750801086,-0.8875769972801208,-0.19695986807346344,0.848590612411499,-1.061536431312561,-0.27922242879867554,1.0086307525634766,-0.7704643607139587,-0.25566235184669495,0.9564177989959717,-0.5507832765579224,-0.22494599223136902,0.34948670864105225,-0.7385327816009521,-0.3458807170391083,0.8196192979812622,-0.9044795632362366,-0.37964528799057007,0.9730429649353027,-0.7284799218177795,-0.31846627593040466,0.9658752679824829,-0.5550920367240906,-0.26708218455314636
0.0,0.0,0.0,0.481658011674881,-0.10474827885627747,0.11336494237184525,0.7579185962677002,-0.2523708939552307,0.09115663170814514,0.9685041904449463,-0.3336656987667084,0.0014130418421700597,1.0012494325637817,-0.4475545883178711,-0.07608789205551147,0.38107407093048096,-0.9471836090087891,0.13678313791751862,0.7982763051986694,-1.109649658203125,0.0017296797595918179,0.9746719598770142,-0.836973249912262,-0.11769353598356247,0.9580963850021362,-0.5956709980964661,-0.1754724681377411,0.30177775025367737,-0.9533370733261108,-0.008860722184181213,0.8365650773048401,-1.0954164266586304,-0.09880280494689941,0.9900586009025574,-0.7970547676086426,-0.15526118874549866,0.9235227108001709,-0.5845937728881836,-0.18592114746570587,0.2917401194572449,-0.8828118443489075,-0.1649446189403534,0.8300377726554871,-1.0641441345214844,-0.24870826303958893,0.9644502401351929,-0.7718633413314819,-0.2226513773202896,0.9065191745758057,-0.5554555058479309,-0.18879613280296326,0.3516535758972168,-0.7338074445724487,-0.3192363381385803,0.8142448663711548,-0.8996231555938721,-0.35460665822029114,0.9327202439308167,-0.7083407044410706,-0.2926742434501648,0.9068955779075623,-0.5244007706642151,-0.2397272288799286
0.0,0.0,0.0,0.4772568643093109,-0.10522394627332687,0.11205390840768814,0.7671844363212585,-0.26743650436401367,0.09022607654333115,1.0059128999710083,-0.3451012969017029,0.00353036867454648,1.0680371522903442,-0.43893203139305115,-0.07178031653165817,0.397145539522171,-0.9532222747802734,0.10916074365377426,0.8393566608428955,-1.1374517679214478,-0.03842068836092949,1.0434112548828125,-0.8701494932174683,-0.16300015151500702,1.0402681827545166,-0.6360729932785034,-0.22174908220767975,0.3084145188331604,-0.9505050182342529,-0.03769172728061676,0.8649622797966003,-1.1175299882888794,-0.14387620985507965,1.0278664827346802,-0.8108166456222534,-0.20463761687278748,0.9461831450462341,-0.5977820754051208,-0.23334065079689026,0.2844320833683014,-0.8826373219490051,-0.19342194497585297,0.8397480249404907,-1.076033115386963,-0.2911361753940582,0.9816865921020508,-0.7723913192749023,-0.26619231700897217,0.9117039442062378,-0.5613301992416382,-0.22747467458248138,0.3269948959350586,-0.7419226765632629,-0.3460083603858948,0.790238618850708,-0.9220874309539795,-0.39528927206993103,0.9097445011138916,-0.7239208221435547,-0.3343062698841095,0.8617015480995178,-0.5389236807823181,-0.2772733271121979
0.0,0.0,0.0,0.45255404710769653,-0.08913049101829529,0.09809143096208572,0.7511419057846069,-0.26172953844070435,0.07235153764486313,0.9864175319671631,-0.35956239700317383,-0.02044905163347721,0.989060640335083,-0.4772219657897949,-0.105242520570755,0.43199190497398376,-0.9466419816017151,0.12553022801876068,0.8280860781669617,-1.149318814277649,-0.020109854638576508,1.0698480606079102,-0.9579240679740906,-0.14780327677726746,1.1137288808822632,-0.7592349052429199,-0.21197785437107086,0.3309113383293152,-0.9434807300567627,-0.018488485366106033,0.8231369853019714,-1.1466959714889526,-0.13641883432865143,0.999600887298584,-0.8759615421295166,-0.20761336386203766,0.9404517412185669,-0.6667677164077759,-0.24165965616703033,0.29145678877830505,-0.8850522041320801,-0.1751849204301834,0.8034646511077881,-1.1084007024765015,-0.2955862283706665,0.959369421005249,-0.8328425288200378,-0.28734090924263,0.9027164578437805,-0.6168821454048157,-0.25517839193344116,0.3136185109615326,-0.7555240988731384,-0.3295525312423706,0.7771694660186768,-0.935457170009613,-0.3998059332370758,0.9146034717559814,-0.7504772543907166,-0.35622748732566833,0.8819628953933716,-0.5554136633872986,-0.30925750732421875
0.0,0.0,0.0,0.4415574371814728,-0.10415773838758469,0.11185310781002045,0.7196084856987,-0.27488580346107483,0.09927920252084732,0.9407978057861328,-0.3691779673099518,0.022662581875920296,0.9467740654945374,-0.472866028547287,-0.04199068248271942,0.38914328813552856,-0.9503950476646423,0.1473216712474823,0.7770293951034546,-1.109956979751587,0.01774546317756176,0.9410228133201599,-0.8620153069496155,-0.09477177262306213,0.9041668772697449,-0.6346312761306763,-0.14734892547130585,0.30027681589126587,-0.9538297653198242,0.006519572343677282,0.791486382484436,-1.1120092868804932,-0.08463907986879349,0.936319887638092,-0.8312650322914124,-0.14222611486911774,0.849513590335846,-0.6277677416801453,-0.17069140076637268,0.26504263281822205,-0.8967676758766174,-0.14599084854125977,0.7567524909973145,-1.0873370170593262,-0.2383824586868286,0.898375928401947,-0.8151057958602905,-0.22534237802028656,0.829177737236023,-0.613049328327179,-0.1970565766096115,0.27773886919021606,-0.7672253847122192,-0.29535943269729614,0.715676486492157,-0.9311141967773438,-0.3529321253299713,0.8518862128257751,-0.7422196269035339,-0.3105736970901489,0.8234411478042603,-0.5586333274841309,-0.266902357339859
0.0,0.0,0.0,0.4393700063228607,-0.12264808267354965,0.13303369283676147,0.7102419137954712,-0.28071677684783936,0.12906889617443085,0.9192556142807007,-0.3650006353855133,0.06122477725148201,0.9675617218017578,-0.47975561022758484,0.004168419633060694,0.40808770060539246,-0.9447258114814758,0.1499338001012802,0.7800600528717041,-1.1286373138427734,0.027795642614364624,0.9544229507446289,-0.8794613480567932,-0.07794718444347382,0.9248256087303162,-0.6550337076187134,-0.12715217471122742,0.3229905068874359,-0.9463998079299927,0.0021434836089611053,0.7962083220481873,-1.1300184726715088,-0.08961930125951767,0.9681432247161865,-0.8461012244224548,-0.14839182794094086,0.8988398313522339,-0.6307258009910583,-0.1782195270061493,0.2811025083065033,-0.8892493844032288,-0.15342769026756287,0.7533348798751831,-1.09207284450531,-0.2438659369945526,0.9291422367095947,-0.8261452913284302,-0.23319043219089508,0.881591796875,-0.6162136793136597,-0.2074279934167862,0.27573326230049133,-0.7628421187400818,-0.30290189385414124,0.6848260164260864,-0.9403666257858276,-0.3676234781742096,0.8569669723510742,-0.7691808938980103,-0.33242538571357727,0.85661381483078,-0.5877966284751892,-0.2924290895462036
0.0,0.0,0.0,0.42597532272338867,-0.122637540102005,0.14988046884536743,0.7025464773178101,-0.2866864800453186,0.14745700359344482,0.9103983044624329,-0.3713463246822357,0.07676936686038971,0.9919125437736511,-0.4910238981246948,0.012543627060949802,0.410124272108078,-0.9427962899208069,0.1506962925195694,0.781505286693573,-1.1662259101867676,0.030913885682821274,0.9716547131538391,-0.9143962264060974,-0.07366523146629333,0.9575961232185364,-0.6944469213485718,-0.12384938448667526,0.31681811809539795,-0.9484409093856812,-0.009278576821088791,0.7865006327629089,-1.161537528038025,-0.10188600420951843,0.9801102876663208,-0.8656109571456909,-0.16449187695980072,0.9247536659240723,-0.6418759822845459,-0.19742892682552338,0.2642822265625,-0.8985381722450256,-0.17443840205669403,0.7300299406051636,-1.1209694147109985,-0.262323260307312,0.9303923845291138,-0.8463382720947266,-0.25582095980644226,0.9025425910949707,-0.6272531747817993,-0.23527885973453522,0.25013527274131775,-0.7802993059158325,-0.33187195658683777,0.6451845765113831,-0.971802294254303,-0.39813220500946045,0.8378588557243347,-0.7964690327644348,-0.3675011098384857,0.8556501865386963,-0.6065546870231628,-0.33195605874061584
0.0,0.0,0.0,0.4330363869667053,-0.1317635178565979,0.1426318734884262,0.7088186740875244,-0.2951159179210663,0.13375863432884216,0.91309654712677,-0.37938687205314636,0.05867431312799454,0.9833196401596069,-0.49780917167663574,-0.00788183230906725,0.4105456471443176,-0.9462417960166931,0.1247367188334465,0.7855594754219055,-1.1639262437820435,0.000569589959923178,0.9733043313026428,-0.9100125432014465,-0.09867788851261139,0.9516465067863464,-0.6864340901374817,-0.14373114705085754,0.31162363290786743,-0.9495509266853333,-0.03526537865400314,0.7914118766784668,-1.1619741916656494,-0.13957439363002777,0.9767743945121765,-0.8631780743598938,-0.2014613002538681,0.9126513600349426,-0.6400588750839233,-0.23116882145404816,0.2576679289340973,-0.9001915454864502,-0.1993420124053955,0.7354305386543274,-1.128248929977417,-0.2978684902191162,0.920259952545166,-0.8426573276519775,-0.28627151250839233,0.8786959648132324,-0.6244230270385742,-0.2594565153121948,0.24315717816352844,-0.7808651328086853,-0.3557807505130768,0.6577857732772827,-0.9636384844779968,-0.42548418045043945,0.8309343457221985,-0.783494234085083,-0.3898894786834717,0.8288379907608032,-0.6033262610435486,-0.3499097526073456
0.0,0.0,0.0,0.43500223755836487,-0.12917616963386536,0.1434537023305893,0.703596293926239,-0.29240164160728455,0.1377858966588974,0.906623363494873,-0.3766624629497528,0.0672580897808075,0.9851642847061157,-0.48660653829574585,0.007386146113276482,0.404264897108078,-0.9451467394828796,0.13563752174377441,0.7826629877090454,-1.1413793563842773,0.021985087543725967,0.9562821388244629,-0.888216495513916,-0.06980229169130325,0.9212425351142883,-0.6665788292884827,-0.11044701188802719,0.31499382853507996,-0.9488736987113953,-0.020437126979231834,0.7947828769683838,-1.1430351734161377,-0.11155462265014648,0.9689185619354248,-0.8527554273605347,-0.16547298431396484,0.8966695070266724,-0.6340312957763672,-0.1912134736776352,0.2709815800189972,-0.8968375325202942,-0.18035008013248444,0.748563826084137,-1.118300199508667,-0.26799431443214417,0.9211838841438293,-0.8376033306121826,-0.2489767223596573,0.8679019808769226,-0.6247249245643616,-0.2183041274547577,0.26471471786499023,-0.7747625708580017,-0.33283621072769165,0.6820415258407593,-0.9543432593345642,-0.3920137882232666,0.8433931469917297,-0.7752301692962646,-0.347778856754303,0.8262669444084167,-0.5977930426597595,-0.3020935356616974
0.0,0.0,0.0,0.43327489495277405,-0.12871728837490082,0.14271265268325806,0.7043805718421936,-0.2893557846546173,0.1330139935016632,0.9110773801803589,-0.3734275996685028,0.05637526884675026,0.9963496923446655,-0.4839025139808655,-0.0113721564412117,0.4086630046367645,-0.9452083110809326,0.14317671954631805,0.7854765057563782,-1.1478177309036255,0.022974763065576553,0.9714996218681335,-0.8984962701797485,-0.07859165221452713,0.949557363986969,-0.6748783588409424,-0.1252497285604477,0.3188396394252777,-0.9476964473724365,-0.014588533900678158,0.7962465882301331,-1.1496917009353638,-0.11017131060361862,0.9815752506256104,-0.8616501092910767,-0.1705402135848999,0.9196248054504395,-0.6360469460487366,-0.1999533772468567,0.2713671624660492,-0.8951761722564697,-0.17766423523426056,0.7436431050300598,-1.1193351745605469,-0.26712170243263245,0.9324811697006226,-0.8462488651275635,-0.25515273213386536,0.893261730670929,-0.6277239322662354,-0.22901563346385956,0.2601179778575897,-0.7742477059364319,-0.3337538242340088,0.6677574515342712,-0.9573760032653809,-0.39430907368659973,0.8453646302223206,-0.7858597636222839,-0.35565853118896484,0.8460031151771545,-0.6059776544570923,-0.31411588191986084
0.0,0.0,0.0,0.4394679069519043,-0.12923525273799896,0.1387014389038086,0.7107048630714417,-0.29051125049591064,0.12585565447807312,0.9199261665344238,-0.37659549713134766,0.046880315989255905,0.9896066188812256,-0.4875693619251251,-0.023150961846113205,0.40358904004096985,-0.9448791146278381,0.1281764954328537,0.7788660526275635,-1.146662950515747,0.0036409390158951283,0.9752820730209351,-0.8980198502540588,-0.09806626290082932,0.9587065577507019,-0.6715015172958374,-0.1448192000389099,0.31504204869270325,-0.9485402703285217,-0.03193466737866402,0.7980555891990662,-1.1530730724334717,-0.12985587120056152,0.9905155301094055,-0.8661929965019226,-0.1903553605079651,0.9267074465751648,-0.6407240033149719,-0.22018396854400635,0.27094781398773193,-0.8946484923362732,-0.19702018797397614,0.7488647699356079,-1.1291650533676147,-0.2898920178413391,0.9419697523117065,-0.8562725782394409,-0.2749346196651459,0.9014507532119751,-0.6410277485847473,-0.2467038780450821,0.26644280552864075,-0.7679563760757446,-0.35540980100631714,0.6813643574714661,-0.9556481242179871,-0.41846588253974915,0.8633812069892883,-0.7819825410842896,-0.37563779950141907,0.8630807399749756,-0.5988709330558777,-0.330873042345047
0.0,0.0,0.0,0.4578205347061157,-0.11254052072763443,0.11696790158748627,0.7360414266586304,-0.2687019109725952,0.09169507026672363,0.966202974319458,-0.3593638241291046,0.0006301405956037343,0.97732013463974,-0.48191022872924805,-0.08154257386922836,0.3952898681163788,-0.9526666402816772,0.12930260598659515,0.7946769595146179,-1.1303040981292725,-0.004426504950970411,0.9778791069984436,-0.8827404975891113,-0.12215109169483185,0.9499735832214355,-0.6528822183609009,-0.17825458943843842,0.3055078685283661,-0.9520029425621033,-0.018853001296520233,0.803203284740448,-1.1340606212615967,-0.11443281918764114,0.9784374237060547,-0.8567249774932861,-0.1810639649629593,0.913236141204834,-0.6404533386230469,-0.21695297956466675,0.27155977487564087,-0.8903958201408386,-0.1757824718952179,0.7659698724746704,-1.1064478158950806,-0.26384657621383667,0.9412872195243835,-0.8475081324577332,-0.2566896677017212,0.893585741519928,-0.6377958655357361,-0.23582221567630768,0.2882309556007385,-0.7557909488677979,-0.3286745250225067,0.7152811884880066,-0.9365638494491577,-0.38322150707244873,0.877876341342926,-0.7664635181427002,-0.3438526690006256,0.8719779849052429,-0.5842757821083069,-0.3041743040084839
0.0,0.0,0.0,0.46016454696655273,-0.10676292330026627,0.12405111640691757,0.7388463616371155,-0.2640518248081207,0.10207784175872803,0.9681326746940613,-0.34981125593185425,0.012436281889677048,0.9937701225280762,-0.46381959319114685,-0.06793487817049026,0.40693753957748413,-0.944973349571228,0.13401955366134644,0.813932478427887,-1.1239960193634033,-0.003681884380057454,0.9891210198402405,-0.8647030591964722,-0.12538385391235352,0.9530888199806213,-0.6299877166748047,-0.1833082139492035,0.31542548537254333,-0.9487584829330444,-0.019081175327301025,0.8275646567344666,-1.1275745630264282,-0.12081672996282578,0.9966816902160645,-0.8374739289283752,-0.1886117309331894,0.9222047924995422,-0.6187215447425842,-0.2239232361316681,0.28195127844810486,-0.8932416439056396,-0.1811424046754837,0.7915125489234924,-1.109114646911621,-0.27392542362213135,0.9639443159103394,-0.8387193083763123,-0.26526492834091187,0.9118198752403259,-0.624570906162262,-0.2419222891330719,0.2999720275402069,-0.7665985226631165,-0.3389255106449127,0.741513192653656,-0.9480739235877991,-0.39586544036865234,0.9103718996047974,-0.7735674977302551,-0.35614028573036194,0.9088084101676941,-0.591174840927124,-0.3158992528915405
0.0,0.0,0.0,0.46853017807006836,-0.10804495960474014,0.1338232457637787,0.7443085312843323,-0.266414612531662,0.11706583946943283,0.9770424365997314,-0.3525635302066803,0.030433818697929382,1.0037704706192017,-0.467183917760849,-0.046938538551330566,0.406959593296051,-0.9475833773612976,0.13649317622184753,0.836196780204773,-1.114774227142334,0.00040093439747579396,0.9968969821929932,-0.8487858176231384,-0.11834363639354706,0.9454859495162964,-0.6174306869506836,-0.17529770731925964,0.31779927015304565,-0.9478704929351807,-0.023348547518253326,0.8552133440971375,-1.132082223892212,-0.12395641952753067,1.0061858892440796,-0.8323155641555786,-0.18797454237937927,0.9152606129646301,-0.6266100406646729,-0.22181589901447296,0.28835296630859375,-0.8897608518600464,-0.1910710334777832,0.8212770819664001,-1.1103098392486572,-0.28115519881248474,0.9733979105949402,-0.8287757635116577,-0.2641095817089081,0.9003323316574097,-0.6235533952713013,-0.23624205589294434,0.3100525140762329,-0.7597926259040833,-0.3538271486759186,0.7763316035270691,-0.9487866163253784,-0.40154942870140076,0.9246259927749634,-0.7675386071205139,-0.3512445092201233,0.8965739011764526,-0.5913145542144775,-0.30636724829673767
0.0,0.0,0.0,0.4576456844806671,-0.09860362112522125,0.10222505033016205,0.7252579927444458,-0.24829807877540588,0.06808313727378845,0.9640442728996277,-0.34541383385658264,-0.028283966705203056,1.0024155378341675,-0.47624099254608154,-0.11188195645809174,0.400358647108078,-0.9417330622673035,0.10282687097787857,0.840433657169342,-1.1037724018096924,-0.03301684558391571,0.9864395260810852,-0.8435925245285034,-0.1497490406036377,0.920783281326294,-0.6254422068595886,-0.20545130968093872,0.3182865083217621,-0.9472509622573853,-0.03754136711359024,0.8629679679870605,-1.111132264137268,-0.12539304792881012,1.0019338130950928,-0.8250386714935303,-0.17819547653198242,0.9043198823928833,-0.6227415800094604,-0.20727482438087463,0.2924366593360901,-0.8908979892730713,-0.18684571981430054,0.8417545557022095,-1.0792587995529175,-0.2655797600746155,0.9691477417945862,-0.8043145537376404,-0.23976098001003265,0.881740927696228,-0.6054725050926208,-0.20891498029232025,0.3172617256641388,-0.7597983479499817,-0.3343399465084076,0.787484347820282,-0.9181500673294067,-0.371783971786499,0.9048740863800049,-0.7329286336898804,-0.3132593631744385,0.8498339056968689,-0.5599285960197449,-0.26274818181991577
0.0,0.0,0.0,0.4589821994304657,-0.08997505158185959,0.10382819175720215,0.7333583235740662,-0.23331600427627563,0.07652350515127182,0.957071840763092,-0.3128172755241394,-0.010426588356494904,1.035632610321045,-0.4142945408821106,-0.08407192677259445,0.4259722828865051,-0.9285494089126587,0.0940110832452774,0.8744627833366394,-1.0744178295135498,-0.035171423107385635,1.002336025238037,-0.7918944358825684,-0.1426931470632553,0.9369920492172241,-0.5760678052902222,-0.19434842467308044,0.345024973154068,-0.9375660419464111,-0.04390641301870346,0.8963900208473206,-1.0777662992477417,-0.12793530523777008,1.0219303369522095,-0.7668074369430542,-0.17213614284992218,0.929635226726532,-0.5680486559867859,-0.1959143429994583,0.3228701651096344,-0.8726688623428345,-0.18902422487735748,0.8771476745605469,-1.044294834136963,-0.2643423080444336,0.9881038665771484,-0.7462441921234131,-0.2287902683019638,0.903745710849762,-0.5479198694229126,-0.1911972016096115,0.3542245924472809,-0.726457953453064,-0.33202552795410156,0.8229279518127441,-0.8884745836257935,-0.3623923659324646,0.9306305646896362,-0.6955282092094421,-0.29727843403816223,0.8817087411880493,-0.5296854376792908,-0.24359484016895294
0.0,0.0,0.0,0.4563226103782654,-0.11327740550041199,0.12893334031105042,0.7218084931373596,-0.2521514892578125,0.12206657230854034,0.9367436766624451,-0.3217424750328064,0.05146476998925209,1.0277462005615234,-0.41449615359306335,-0.005177265033125877,0.4099883437156677,-0.932839572429657,0.1352008730173111,0.8592684268951416,-1.051060438156128,0.013228589668869972,0.9785103797912598,-0.7815992832183838,-0.08833149820566177,0.9193196296691895,-0.5643475651741028,-0.1345769613981247,0.33820563554763794,-0.9410308003425598,-0.008827381767332554,0.8928804397583008,-1.0543396472930908,-0.0972934439778328,0.9954462051391602,-0.7571919560432434,-0.14104633033275604,0.8986241221427917,-0.5550054311752319,-0.15836089849472046,0.32876119017601013,-0.876308262348175,-0.15967798233032227,0.8752245903015137,-1.031008243560791,-0.24069015681743622,0.9599657654762268,-0.7380738258361816,-0.20629721879959106,0.8734856843948364,-0.5376020073890686,-0.1642543226480484,0.3740602135658264,-0.7362764477729797,-0.30600249767303467,0.8356940746307373,-0.8681742548942566,-0.3413749933242798,0.9120267033576965,-0.6753048896789551,-0.27877095341682434,0.8526710271835327,-0.5145549774169922,-0.2234119176864624
0.0,0.0,0.0,0.46555906534194946,-0.10437551140785217,0.11032907664775848,0.7304061651229858,-0.26476651430130005,0.10149236023426056,0.9414107203483582,-0.34026962518692017,0.03357281908392906,1.0383251905441284,-0.43902066349983215,-0.019873401150107384,0.41117218136787415,-0.9362439513206482,0.12521155178546906,0.84405118227005,-1.060939073562622,0.00857857707887888,0.9863004684448242,-0.8091446161270142,-0.09486926347017288,0.938687801361084,-0.6052939891815186,-0.14724591374397278,0.34115344285964966,-0.9399573802947998,-0.009719518013298512,0.8731678128242493,-1.0767806768417358,-0.0920717790722847,1.0178722143173218,-0.7906603217124939,-0.14166408777236938,0.9446113109588623,-0.5885838270187378,-0.16686710715293884,0.33288878202438354,-0.86318439245224,-0.1518070101737976,0.85271155834198,-1.0524656772613525,-0.2282731682062149,0.9760244488716125,-0.76717609167099,-0.1975463330745697,0.9031051397323608,-0.5662971138954163,-0.162153959274292,0.3770197629928589,-0.7068517208099365,-0.2911156415939331,0.8191623091697693,-0.8393287062644958,-0.3280225396156311,0.9090020656585693,-0.6489744782447815,-0.2686922252178192,0.8499748706817627,-0.4831480085849762,-0.2176319658756256
0.0,0.0,0.0,0.4693085849285126,-0.11415702104568481,0.12872831523418427,0.7340219020843506,-0.28262999653816223,0.13161583244800568,0.9386122822761536,-0.3610294461250305,0.07252108305692673,1.0160595178604126,-0.44495052099227905,0.027620241045951843,0.4288773238658905,-0.9360654950141907,0.14899545907974243,0.8478872179985046,-1.0569963455200195,0.04154495149850845,0.9712759256362915,-0.7950767874717712,-0.05214889347553253,0.9103794693946838,-0.5856507420539856,-0.09935543686151505,0.3485676944255829,-0.9372574687004089,0.006995613686740398,0.8752985000610352,-1.0692965984344482,-0.07039579004049301,1.0017472505569458,-0.7805365920066833,-0.11438111960887909,0.917183518409729,-0.5826168656349182,-0.13602282106876373,0.3319372534751892,-0.8638114929199219,-0.14156974852085114,0.8508605360984802,-1.0353330373764038,-0.21760976314544678,0.9592034816741943,-0.7504062652587891,-0.18770571053028107,0.8780567646026611,-0.557033360004425,-0.15320193767547607,0.36709916591644287,-0.7110636234283447,-0.2856568694114685,0.8131168484687805,-0.8303040266036987,-0.3237426280975342,0.8924038410186768,-0.6305336356163025,-0.26831209659576416,0.828866183757782,-0.46391990780830383,-0.22098569571971893
0.0,0.0,0.0,0.4766433835029602,-0.11747822910547256,0.14625510573387146,0.7310266494750977,-0.26834744215011597,0.14725780487060547,0.9397891163825989,-0.34186244010925293,0.08028151094913483,1.0176194906234741,-0.4364316761493683,0.025181006640195847,0.43360576033592224,-0.936439573764801,0.16470131278038025,0.8555887937545776,-1.052107572555542,0.05260609835386276,0.9915921688079834,-0.7991459965705872,-0.04602866247296333,0.9426716566085815,-0.5921879410743713,-0.09383715689182281,0.3535695970058441,-0.9353376626968384,0.011493990197777748,0.8973171710968018,-1.0534403324127197,-0.06780286133289337,1.0222785472869873,-0.7672007083892822,-0.11356115341186523,0.9364508986473083,-0.5739220976829529,-0.13424286246299744,0.3327048420906067,-0.8572570085525513,-0.14729219675064087,0.8617964386940002,-1.001644492149353,-0.2170059084892273,0.9764110445976257,-0.7228440642356873,-0.18412433564662933,0.8895108103752136,-0.53425133228302,-0.14683912694454193,0.35523030161857605,-0.7080317735671997,-0.30110853910446167,0.7958211898803711,-0.8172327876091003,-0.32758376002311707,0.8925893902778625,-0.6276217699050903,-0.2640615403652191,0.8371843099594116,-0.46456968784332275,-0.21012729406356812
0.0,0.0,0.0,0.4635806977748871,-0.1160963848233223,0.13032802939414978,0.7198551893234253,-0.2631933391094208,0.12306208908557892,0.9262088537216187,-0.33673661947250366,0.052646294236183167,1.0129529237747192,-0.4233539402484894,-0.006306137889623642,0.4256596863269806,-0.9359669089317322,0.14222949743270874,0.8467298746109009,-1.0488616228103638,0.026550056412816048,0.9885869026184082,-0.8079347610473633,-0.07193643599748611,0.9428532719612122,-0.5960550308227539,-0.11854340136051178,0.3499373495578766,-0.9367607235908508,-0.004807208199054003,0.8825047612190247,-1.0499567985534668,-0.08888403326272964,1.009565830230713,-0.7743012309074402,-0.13867603242397308,0.9239586591720581,-0.5736108422279358,-0.16139061748981476,0.32703104615211487,-0.8593260645866394,-0.15747851133346558,0.8411228060722351,-1.0020060539245605,-0.2357393354177475,0.9594011306762695,-0.7347317337989807,-0.2101314812898636,0.8830782175064087,-0.5445946455001831,-0.17623023688793182,0.3432995676994324,-0.7057539820671082,-0.3049984872341156,0.7759475111961365,-0.8171675801277161,-0.3426476716995239,0.8854883313179016,-0.6286516785621643,-0.2833402454853058,0.8447122573852539,-0.45937180519104004,-0.22978372871875763
0.0,0.0,0.0,0.4735858738422394,-0.1076507493853569,0.13566648960113525,0.7227370738983154,-0.25772231817245483,0.12813182175159454,0.9284864664077759,-0.3244017958641052,0.057870686054229736,1.0220783948898315,-0.41653984785079956,-0.0032157939858734608,0.4207093119621277,-0.9444128274917603,0.12083952128887177,0.8474426865577698,-1.0693345069885254,-0.0009823119034990668,1.016647458076477,-0.8424690365791321,-0.10392903536558151,0.9903507232666016,-0.6419215202331543,-0.15459467470645905,0.3367907702922821,-0.9410748481750488,-0.030823564156889915,0.8842353820800781,-1.0552775859832764,-0.12495380640029907,1.0278749465942383,-0.777038037776947,-0.17929746210575104,0.9445273280143738,-0.5813549757003784,-0.20504599809646606,0.3095046281814575,-0.8562310338020325,-0.1852717399597168,0.8357031941413879,-1.0015071630477905,-0.2717704176902771,0.9664285182952881,-0.7268986701965332,-0.24313472211360931,0.8865704536437988,-0.5393669605255127,-0.2061602920293808,0.32235878705978394,-0.6976295709609985,-0.33343538641929626,0.7626274228096008,-0.8113613128662109,-0.3781162202358246,0.8796285390853882,-0.6260741949081421,-0.3164152503013611,0.8368386030197144,-0.4618106484413147,-0.25976499915122986
0.0,0.0,0.0,0.4572959840297699,-0.09609239548444748,0.11125978827476501,0.7294394373893738,-0.2477399706840515,0.09661713242530823,0.9394450783729553,-0.31966692209243774,0.02409546636044979,1.0049433708190918,-0.42289626598358154,-0.03610241413116455,0.42307236790657043,-0.9420579075813293,0.10258873552083969,0.8584659099578857,-1.0686339139938354,-0.023066723719239235,0.9917112588882446,-0.8181186318397522,-0.12519517540931702,0.9420361518859863,-0.6054783463478088,-0.1718730330467224,0.3335748612880707,-0.9420520067214966,-0.035579148679971695,0.8715858459472656,-1.0757806301116943,-0.12689918279647827,0.9908558130264282,-0.8054773807525635,-0.1726459562778473,0.9148778915405273,-0.6041419506072998,-0.19042165577411652,0.301492303609848,-0.8732979893684387,-0.18040907382965088,0.8258095383644104,-1.0359052419662476,-0.26548054814338684,0.9363981485366821,-0.7733468413352966,-0.2378518283367157,0.8731465935707092,-0.5737877488136292,-0.20075289905071259,0.31833869218826294,-0.7247871160507202,-0.32152852416038513,0.7517397999763489,-0.8517072200775146,-0.3676166832447052,0.8581587076187134,-0.6562173962593079,-0.3118043541908264,0.8350081443786621,-0.4691382944583893,-0.258460134267807
0.0,0.0,0.0,0.43953341245651245,-0.08513250201940536,0.0969543606042862,0.7362605333328247,-0.23261043429374695,0.072028249502182,0.9691259264945984,-0.31366845965385437,-0.0142847690731287,1.0129625797271729,-0.46836987137794495,-0.0868319571018219,0.4725298285484314,-0.9087775945663452,0.12369352579116821,0.888815701007843,-1.0731794834136963,-0.020985759794712067,1.0303559303283691,-0.8025107383728027,-0.14283327758312225,0.959324061870575,-0.5811957120895386,-0.19734132289886475,0.37646347284317017,-0.9263241291046143,-0.01410264428704977,0.8951426148414612,-1.0836849212646484,-0.1249924898147583,1.0136041641235352,-0.7720369100570679,-0.19167472422122955,0.896588921546936,-0.5624386668205261,-0.2211584895849228,0.3222053050994873,-0.8885668516159058,-0.16456811130046844,0.8475273251533508,-1.08034348487854,-0.2702160179615021,0.962177574634552,-0.7839191555976868,-0.2565421164035797,0.8635938167572021,-0.5746456980705261,-0.22385834157466888,0.30379751324653625,-0.7795363068580627,-0.3126722276210785,0.7686374187469482,-0.9225768446922302,-0.3801533877849579,0.8763957023620605,-0.7183679342269897,-0.3360472023487091,0.8066809773445129,-0.5358898043632507,-0.2875420153141022
0.0,0.0,0.0,0.42479631304740906,-0.0753721296787262,0.06934009492397308,0.7265409231185913,-0.20764800906181335,0.030494365841150284,0.9559999704360962,-0.29536011815071106,-0.069061279296875,1.0366815328598022,-0.4710974395275116,-0.15288323163986206,0.5439443588256836,-0.8583295941352844,0.1200670599937439,0.9231263399124146,-1.0654933452606201,-0.03812744468450546,1.0237300395965576,-0.7780137658119202,-0.16772565245628357,0.9246849417686462,-0.5425150990486145,-0.22218057513237,0.44471073150634766,-0.89565110206604,-0.006436869502067566,0.916349470615387,-1.0863800048828125,-0.12936927378177643,1.0014044046401978,-0.7605955004692078,-0.20459704101085663,0.8718166947364807,-0.5446295738220215,-0.2374352365732193,0.37064316868782043,-0.886836051940918,-0.15110710263252258,0.8606734871864319,-1.1127034425735474,-0.26908576488494873,0.9540939927101135,-0.8037206530570984,-0.2603066861629486,0.8455095887184143,-0.573197603225708,-0.22834666073322296,0.3143203556537628,-0.8131572604179382,-0.2958453893661499,0.7618333697319031,-0.9598348736763,-0.37876349687576294,0.8686944246292114,-0.7548896670341492,-0.34426310658454895,0.7993738055229187,-0.5660983324050903,-0.3000885546207428
0.0,0.0,0.0,0.4215080738067627,-0.05092799291014671,0.08436225354671478,0.7399554252624512,-0.204203799366951,0.05635735020041466,0.9811809062957764,-0.30146002769470215,-0.03306711092591286,1.008947491645813,-0.46891462802886963,-0.10792293399572372,0.5138818621635437,-0.8828051090240479,0.11716964095830917,0.8955904245376587,-1.1006379127502441,-0.027973560616374016,1.0283302068710327,-0.8194175362586975,-0.14720898866653442,0.9434600472450256,-0.5958510041236877,-0.19979235529899597,0.4183160960674286,-0.9081194400787354,-0.01818557269871235,0.8930305242538452,-1.1235692501068115,-0.13407640159130096,1.0225679874420166,-0.794153094291687,-0.2039022445678711,0.906566858291626,-0.5798332095146179,-0.23587706685066223,0.35433730483055115,-0.8882759809494019,-0.1680547297000885,0.8566365838050842,-1.1197770833969116,-0.2805843949317932,0.9914904832839966,-0.804902195930481,-0.2698034942150116,0.8949453830718994,-0.5802404880523682,-0.2386629730463028,0.3163131773471832,-0.8029125928878784,-0.31664443016052246,0.7736458778381348,-0.97386634349823,-0.38949546217918396,0.9125348925590515,-0.7821590900421143,-0.35191696882247925,0.8562549352645874,-0.6047868132591248,-0.3100215196609497
0.0,0.0,0.0,0.41834911704063416,-0.044580262154340744,0.08350678533315659,0.7216084599494934,-0.21018248796463013,0.07664165645837784,0.9676752090454102,-0.30423086881637573,0.0063779642805457115,1.0488511323928833,-0.4550679922103882,-0.04783721640706062,0.5130921006202698,-0.8671548962593079,0.19082307815551758,0.8443465232849121,-1.1339335441589355,0.07619865238666534,0.9726841449737549,-0.8850052356719971,-0.03122592344880104,0.9022451639175415,-0.668258786201477,-0.08013077825307846,0.4337102472782135,-0.898614227771759,0.06624145805835724,0.8416595458984375,-1.1657801866531372,-0.01686081476509571,0.9662870168685913,-0.8765197992324829,-0.08429460972547531,0.8644509315490723,-0.6672447919845581,-0.1190793439745903,0.36935359239578247,-0.8900501132011414,-0.07767545431852341,0.8218549489974976,-1.1520215272903442,-0.16839441657066345,0.9528157114982605,-0.8627550005912781,-0.16712424159049988,0.8651391863822937,-0.6394197940826416,-0.1461384892463684,0.32662153244018555,-0.8180155754089355,-0.22172272205352783,0.7541983127593994,-0.9988357424736023,-0.28858742117881775,0.8845139145851135,-0.7980960011482239,-0.2599463164806366,0.8257091045379639,-0.6062446236610413,-0.22587808966636658
0.0,0.0,0.0,0.42774662375450134,-0.04078226536512375,0.07682601362466812,0.7465212345123291,-0.20746132731437683,0.06600424647331238,0.9979262351989746,-0.3098898231983185,-0.006666615139693022,1.0814367532730103,-0.46402403712272644,-0.06361617892980576,0.5549240708351135,-0.8393049240112305,0.1672326922416687,0.9204185605049133,-1.0813539028167725,0.03653869405388832,1.0697113275527954,-0.8532942533493042,-0.07785739749670029,1.019280195236206,-0.6403558850288391,-0.12907704710960388,0.46246835589408875,-0.8855840563774109,0.043174050748348236,0.8854694962501526,-1.1499615907669067,-0.06871645897626877,1.0037463903427124,-0.8614523410797119,-0.14100728929042816,0.8931064605712891,-0.6502615809440613,-0.17129702866077423,0.3970862329006195,-0.8919844627380371,-0.10027189552783966,0.8564938306808472,-1.1794565916061401,-0.2213951051235199,0.9820423126220703,-0.8872560262680054,-0.222738578915596,0.8909053206443787,-0.6618070006370544,-0.19512686133384705,0.36153122782707214,-0.8383669257164001,-0.24279165267944336,0.8029288053512573,-1.014998435974121,-0.3361268937587738,0.9251964688301086,-0.8099328875541687,-0.3143956959247589,0.8577158451080322,-0.6158815026283264,-0.27887672185897827
0.0,0.0,0.0,0.4347696304321289,-0.04433533549308777,0.1101849153637886,0.7309650778770447,-0.2213750183582306,0.11605013906955719,0.9728413820266724,-0.32452261447906494,0.053067050874233246,1.0776569843292236,-0.436712384223938,0.004119571764022112,0.5007426142692566,-0.8661515116691589,0.20503614842891693,0.8627496361732483,-1.0947396755218506,0.09457939863204956,0.9973292350769043,-0.8604692220687866,-0.008495373651385307,0.9386260509490967,-0.6465372443199158,-0.0562875010073185,0.41791412234306335,-0.9058501124382019,0.06916172057390213,0.8445074558258057,-1.1523882150650024,-0.022541938349604607,0.9824647903442383,-0.8640486598014832,-0.09183060377836227,0.8902640342712402,-0.6453801393508911,-0.12505188584327698,0.37257733941078186,-0.8988230228424072,-0.08237907290458679,0.8300742506980896,-1.1885260343551636,-0.18456467986106873,0.9704440236091614,-0.8880726099014282,-0.18536357581615448,0.8888511061668396,-0.6572045087814331,-0.16295795142650604,0.3663347065448761,-0.8291869163513184,-0.2306211292743683,0.7997544407844543,-1.0134081840515137,-0.30936476588249207,0.9127267599105835,-0.7983709573745728,-0.2826768755912781,0.8354274034500122,-0.5954925417900085,-0.2478572577238083
0.0,0.0,0.0,0.4414816200733185,-0.05594656616449356,0.09731092303991318,0.734870195388794,-0.2157687097787857,0.08681543171405792,0.9629945755004883,-0.305806040763855,0.007828090339899063,1.0450891256332397,-0.43864116072654724,-0.05522089824080467,0.48271554708480835,-0.8756624460220337,0.18607604503631592,0.8281064033508301,-1.112087607383728,0.05212197080254555,0.9663169384002686,-0.8521204590797424,-0.06821592152118683,0.9041270613670349,-0.6094138622283936,-0.1223568245768547,0.40755051374435425,-0.9117324948310852,0.05144441872835159,0.8225425481796265,-1.1608284711837769,-0.05481370538473129,0.9722772836685181,-0.8586934804916382,-0.13439184427261353,0.8834734559059143,-0.617682933807373,-0.1729244738817215,0.370813250541687,-0.9012892842292786,-0.10153692960739136,0.8233974575996399,-1.190988302230835,-0.21770450472831726,0.9843822121620178,-0.885063886642456,-0.22915075719356537,0.9141456484794617,-0.6370413899421692,-0.21114861965179443,0.3739610016345978,-0.8224388957023621,-0.2516917288303375,0.8070228695869446,-1.003329873085022,-0.3393329679965973,0.9468653798103333,-0.7814352512359619,-0.3186091482639313,0.8886591792106628,-0.5639707446098328,-0.28619125485420227
0.0,0.0,0.0,0.42217928171157837,-0.06563267856836319,0.1208898201584816,0.7058132886886597,-0.235724076628685,0.11773058772087097,0.9339205026626587,-0.31479084491729736,0.04720000922679901,1.0391749143600464,-0.4126591384410858,-0.009032231755554676,0.43316373229026794,-0.9095633029937744,0.166494220495224,0.8482859134674072,-1.0966087579727173,0.04957473278045654,0.9799781441688538,-0.8246875405311584,-0.05751928314566612,0.9001957774162292,-0.6040951013565063,-0.1096230000257492,0.3495517671108246,-0.9366477131843567,0.022464333102107048,0.8289567232131958,-1.1310712099075317,-0.06591566652059555,0.9619521498680115,-0.82148677110672,-0.1280118077993393,0.8518964052200317,-0.6062345504760742,-0.16104254126548767,0.318569153547287,-0.9078625440597534,-0.13241982460021973,0.8204637765884399,-1.1592046022415161,-0.2205866128206253,0.9522209167480469,-0.8551398515701294,-0.20449204742908478,0.859321117401123,-0.6367642879486084,-0.17619115114212036,0.33728212118148804,-0.8090602159500122,-0.28335124254226685,0.7992900609970093,-0.9814016222953796,-0.3420625627040863,0.9039127230644226,-0.7721449732780457,-0.2975093126296997,0.8178438544273376,-0.5826276540756226,-0.2543450593948364
0.0,0.0,0.0,0.4502039849758148,-0.06369559466838837,0.12428751587867737,0.7391563653945923,-0.2132222056388855,0.12366878986358643,0.9725253582000732,-0.2968916893005371,0.047526367008686066,1.0584321022033691,-0.43090522289276123,-0.01646534912288189,0.5245064496994019,-0.8502238392829895,0.21358364820480347,0.9011427164077759,-1.065223217010498,0.0911511480808258,1.0301331281661987,-0.8110502362251282,-0.02426154538989067,0.9651371836662292,-0.581204891204834,-0.07939288765192032,0.4432155191898346,-0.8942334055900574,0.06250346451997757,0.8699747323989868,-1.1310813426971436,-0.03883075714111328,0.9958619475364685,-0.8343464732170105,-0.11934150010347366,0.8961387276649475,-0.6073430180549622,-0.16200225055217743,0.39647626876831055,-0.895385205745697,-0.10416117310523987,0.853872537612915,-1.1920188665390015,-0.2112213671207428,0.9833985567092896,-0.8883242607116699,-0.21608185768127441,0.8946576714515686,-0.647288978099823,-0.19729265570640564,0.38684794306755066,-0.8331014513969421,-0.26676028966903687,0.8248666524887085,-1.0294588804244995,-0.34609708189964294,0.9437984824180603,-0.8129352927207947,-0.3181683421134949,0.8751308917999268,-0.6002511978149414,-0.2833422124385834
0.0,0.0,0.0,0.4322875738143921,-0.05988864600658417,0.11044678092002869,0.6998376846313477,-0.20911018550395966,0.10807932913303375,0.9234104752540588,-0.2936958074569702,0.03338678181171417,1.0022478103637695,-0.4208398163318634,-0.02772359363734722,0.445828914642334,-0.8843148350715637,0.2135172188282013,0.8200205564498901,-1.0760539770126343,0.09845180064439774,0.953853964805603,-0.826730489730835,-0.014747949317097664,0.8908286094665527,-0.6192585825920105,-0.06977878510951996,0.372626930475235,-0.924864649772644,0.07599017769098282,0.8040387630462646,-1.134175419807434,-0.010048246011137962,0.9376594424247742,-0.8447712659835815,-0.08043741434812546,0.8469886779785156,-0.6329969763755798,-0.1178111582994461,0.3407975435256958,-0.910126268863678,-0.07817580550909042,0.8041738271713257,-1.1741639375686646,-0.1759580373764038,0.948522686958313,-0.8847783207893372,-0.17824320495128632,0.8717021346092224,-0.6586596965789795,-0.15755897760391235,0.35175102949142456,-0.8292977809906006,-0.2295699417591095,0.8006083369255066,-1.0018078088760376,-0.3015385866165161,0.9393242597579956,-0.8069724440574646,-0.2725367248058319,0.8864840865135193,-0.6156885027885437,-0.2362447828054428
0.0,0.0,0.0,0.4406189024448395,-0.04763483628630638,0.13092157244682312,0.7119629383087158,-0.1860550045967102,0.14496926963329315,0.9362795352935791,-0.2631281912326813,0.08009009808301926,1.0386008024215698,-0.3815063238143921,0.02548135630786419,0.488191157579422,-0.8562799096107483,0.2568407654762268,0.861755907535553,-1.0699280500411987,0.14374983310699463,0.9952348470687866,-0.8163179755210876,0.02740846574306488,0.9389355778694153,-0.5947941541671753,-0.027881121262907982,0.4210057258605957,-0.9001439213752747,0.11178109794855118,0.8464612364768982,-1.1346373558044434,0.019214807078242302,0.9783642888069153,-0.8375582695007324,-0.06198865547776222,0.8900622725486755,-0.6090953946113586,-0.10216624289751053,0.3888631761074066,-0.9043037295341492,-0.050736140459775925,0.8407408595085144,-1.2006282806396484,-0.15432168543338776,0.9832900166511536,-0.9034102559089661,-0.16782571375370026,0.9083359837532043,-0.6616299152374268,-0.14916397631168365,0.3904247581958771,-0.8524655699729919,-0.208740234375,0.8140904307365417,-1.0698771476745605,-0.2815561890602112,0.9569149017333984,-0.8697584867477417,-0.2581324279308319,0.9143157601356506,-0.6629092693328857,-0.22411194443702698
0.0,0.0,0.0,0.4697270095348358,-0.05034405365586281,0.13476423919200897,0.750268280506134,-0.18105633556842804,0.13642562925815582,0.9911365509033203,-0.2664918899536133,0.05772434547543526,1.0014076232910156,-0.38946059346199036,-0.01023400854319334,0.47413986921310425,-0.871587872505188,0.2504710257053375,0.8451984524726868,-1.0701316595077515,0.1433347910642624,0.9706708192825317,-0.8178009390830994,0.029771413654088974,0.8924767971038818,-0.5962229371070862,-0.02628524973988533,0.3947811424732208,-0.9139814972877502,0.09373203665018082,0.8403076529502869,-1.1346415281295776,0.005564895458519459,0.9637253284454346,-0.8402485251426697,-0.0782574936747551,0.8502297401428223,-0.6308316588401794,-0.12257833033800125,0.368696391582489,-0.9093207716941833,-0.07711026072502136,0.8339399695396423,-1.1885061264038086,-0.167992502450943,0.9716284275054932,-0.8852879405021667,-0.17031964659690857,0.8771252036094666,-0.6642493009567261,-0.15019598603248596,0.38521212339401245,-0.8419156074523926,-0.24427156150341034,0.8238250613212585,-1.049465298652649,-0.3011779189109802,0.9565685987472534,-0.8395248055458069,-0.2595405578613281,0.8964970111846924,-0.6379165649414062,-0.21683013439178467
0.0,0.0,0.0,0.4230440855026245,-0.054395098239183426,0.07978281378746033,0.6995531916618347,-0.20067475736141205,0.054579414427280426,0.9228420257568359,-0.29350048303604126,-0.03362813591957092,0.9996429681777954,-0.46453920006752014,-0.10389068722724915,0.3725798726081848,-0.9198514223098755,0.17691351473331451,0.7604622840881348,-1.1335391998291016,0.0557834766805172,0.9209649562835693,-0.8742783069610596,-0.060430921614170074,0.8658601641654968,-0.6424135565757751,-0.11582037806510925,0.30634555220603943,-0.950363039970398,0.05442837253212929,0.770755410194397,-1.1721038818359375,-0.02323603443801403,0.9283101558685303,-0.8784126043319702,-0.09564946591854095,0.8518358469009399,-0.6627094745635986,-0.13746055960655212,0.2918313145637512,-0.9179425835609436,-0.084785595536232,0.7772356271743774,-1.174389362335205,-0.1700531244277954,0.9485516548156738,-0.8865567445755005,-0.17012017965316772,0.8893957138061523,-0.6592465043067932,-0.15315908193588257,0.3251693844795227,-0.8123073577880859,-0.22338609397411346,0.7726464867591858,-0.9782586693763733,-0.27850204706192017,0.9378775358200073,-0.782856822013855,-0.24276737868785858,0.9143001437187195,-0.5876854062080383,-0.20484040677547455
