feature_0,feature_1,feature_2,feature_3,feature_4,feature_5,feature_6,feature_7,feature_8,feature_9,feature_10,feature_11,feature_12,feature_13,feature_14,feature_15,feature_16,feature_17,feature_18,feature_19,feature_20,feature_21,feature_22,feature_23,feature_24,feature_25,feature_26,feature_27,feature_28,feature_29,feature_30,feature_31,feature_32,feature_33,feature_34,feature_35,feature_36,feature_37,feature_38,feature_39,feature_40,feature_41,feature_42,feature_43,feature_44,feature_45,feature_46,feature_47,feature_48,feature_49,feature_50,feature_51,feature_52,feature_53,feature_54,feature_55,feature_56,feature_57,feature_58,feature_59,feature_60,feature_61,feature_62
0.0,0.0,0.0,0.3009463846683502,-0.20049598813056946,-0.1799672394990921,0.4811592996120453,-0.5766915082931519,-0.26053401827812195,0.3971711993217468,-0.9045060873031616,-0.3357226252555847,0.28597962856292725,-1.1522972583770752,-0.4031809866428375,0.3725966513156891,-1.0262155532836914,-0.1335754692554474,0.47550031542778015,-1.485569953918457,-0.27993443608283997,0.5401791334152222,-1.7823535203933716,-0.3470170795917511,0.5457269549369812,-2.0330724716186523,-0.3911826014518738,0.09576013684272766,-0.985948920249939,-0.13687486946582794,0.15524303913116455,-1.2117518186569214,-0.3887318968772888,0.20597147941589355,-0.8158555626869202,-0.4093949794769287,0.18705402314662933,-0.6144452095031738,-0.35236412286758423,-0.14627330005168915,-0.8847394585609436,-0.16464608907699585,-0.06605196744203568,-1.0217912197113037,-0.4547825753688812,0.030335890129208565,-0.6383327841758728,-0.3802427053451538,0.024337727576494217,-0.4979799687862396,-0.24769337475299835,-0.38282883167266846,-0.7497878670692444,-0.20347969233989716,-0.27367597818374634,-0.8770676255226135,-0.3962845206260681,-0.16112130880355835,-0.6146925687789917,-0.3239705562591553,-0.15968658030033112,-0.5080264806747437,-0.21976026892662048
0.0,0.0,0.0,0.2975541353225708,-0.19342978298664093,-0.18949520587921143,0.4766983389854431,-0.5659966468811035,-0.2728407680988312,0.3877190947532654,-0.8964390754699707,-0.34836462140083313,0.2805067002773285,-1.1536210775375366,-0.4146474599838257,0.3812365233898163,-1.0192745923995972,-0.13384687900543213,0.48777276277542114,-1.4733176231384277,-0.27837610244750977,0.5516923069953918,-1.7657909393310547,-0.3425373136997223,0.5595408082008362,-2.0117156505584717,-0.3842465579509735,0.1039297804236412,-0.9860755801200867,-0.12982138991355896,0.1607201099395752,-1.2096734046936035,-0.374496191740036,0.20934206247329712,-0.8182253837585449,-0.3916498124599457,0.1946129947900772,-0.6242385506629944,-0.33261772990226746,-0.13887903094291687,-0.8906229138374329,-0.15170970559120178,-0.06664103269577026,-1.0187427997589111,-0.4346819519996643,0.025538122281432152,-0.6423457860946655,-0.36153268814086914,0.020345358178019524,-0.5099939703941345,-0.23136553168296814,-0.3771927058696747,-0.7596201300621033,-0.18579554557800293,-0.2746639549732208,-0.8733275532722473,-0.37425392866134644,-0.16499191522598267,-0.6156371235847473,-0.3050077259540558,-0.16323408484458923,-0.5149440765380859,-0.20358800888061523
0.0,0.0,0.0,0.30651000142097473,-0.18113689124584198,-0.19015198945999146,0.49506381154060364,-0.5550894141197205,-0.27522504329681396,0.39485299587249756,-0.8866593241691589,-0.35319575667381287,0.2862856090068817,-1.1437029838562012,-0.423259973526001,0.390285462141037,-1.024598479270935,-0.1447938084602356,0.4959419071674347,-1.4895095825195312,-0.2953285872936249,0.5623871684074402,-1.786953091621399,-0.3658908009529114,0.5683537721633911,-2.034536123275757,-0.4129507839679718,0.10644317418336868,-0.9841679334640503,-0.14171552658081055,0.150440514087677,-1.2054669857025146,-0.4021587669849396,0.2034841775894165,-0.8100447058677673,-0.4289015531539917,0.19573302567005157,-0.6068716645240784,-0.3754135072231293,-0.14054493606090546,-0.8815959692001343,-0.16318242251873016,-0.07857692986726761,-1.0105780363082886,-0.45718058943748474,0.01986798271536827,-0.6303607821464539,-0.38399696350097656,0.02453630231320858,-0.4874551594257355,-0.2523716688156128,-0.38176801800727844,-0.7458835244178772,-0.19663769006729126,-0.28880876302719116,-0.8656279444694519,-0.39480745792388916,-0.1765235960483551,-0.6027604341506958,-0.3266865909099579,-0.1652933806180954,-0.49728161096572876,-0.22431239485740662
0.0,0.0,0.0,0.3142489492893219,-0.18002335727214813,-0.1804511845111847,0.501129150390625,-0.5451261401176453,-0.2693447470664978,0.4039926826953888,-0.8641713261604309,-0.3562048375606537,0.29612666368484497,-1.111080527305603,-0.4357653558254242,0.3861723244190216,-1.0294171571731567,-0.13872578740119934,0.48960891366004944,-1.4910234212875366,-0.2923497259616852,0.5524683594703674,-1.788084626197815,-0.36536261439323425,0.5578595995903015,-2.0327322483062744,-0.4147011935710907,0.10425368696451187,-0.9841305017471313,-0.1435910016298294,0.15606892108917236,-1.1820666790008545,-0.40969353914260864,0.20873837172985077,-0.7867684960365295,-0.44206976890563965,0.19744566082954407,-0.5933539271354675,-0.3945927023887634,-0.1400047391653061,-0.8766761422157288,-0.17194145917892456,-0.0740184485912323,-0.9954978823661804,-0.46762824058532715,0.0262447502464056,-0.6226858496665955,-0.39554139971733093,0.028664100915193558,-0.4811277985572815,-0.2671200633049011,-0.38052117824554443,-0.7346706390380859,-0.21202413737773895,-0.2794802784919739,-0.8455473184585571,-0.4132232666015625,-0.16291259229183197,-0.5883738994598389,-0.34798935055732727,-0.1512547731399536,-0.48628178238868713,-0.2480734884738922
0.0,0.0,0.0,0.32162660360336304,-0.15879112482070923,-0.1693798452615738,0.5226196050643921,-0.536160945892334,-0.2570301592350006,0.44077402353286743,-0.8795389533042908,-0.34515079855918884,0.3256968557834625,-1.1362918615341187,-0.4277857542037964,0.39308053255081177,-1.023247241973877,-0.14592677354812622,0.4970187544822693,-1.4963488578796387,-0.2994426488876343,0.5621536374092102,-1.7954121828079224,-0.36779460310935974,0.5668423771858215,-2.0450327396392822,-0.41542428731918335,0.11225703358650208,-0.9814437627792358,-0.15545594692230225,0.19463345408439636,-1.1723867654800415,-0.4143594205379486,0.2423851191997528,-0.7673197984695435,-0.43678706884384155,0.21107403934001923,-0.5989258885383606,-0.38799798488616943,-0.12756291031837463,-0.8761926889419556,-0.18637332320213318,-0.03438642993569374,-0.9997469186782837,-0.4778054654598236,0.05787116661667824,-0.6196135878562927,-0.39497047662734985,0.03539033979177475,-0.49333593249320984,-0.26542893052101135,-0.36742350459098816,-0.7381296753883362,-0.22793307900428772,-0.24090516567230225,-0.8406768441200256,-0.427414208650589,-0.1284000128507614,-0.5809752345085144,-0.3572227656841278,-0.1383567601442337,-0.4901829957962036,-0.257710725069046
0.0,0.0,0.0,0.295124351978302,-0.1618211716413498,-0.14160053431987762,0.47659245133399963,-0.49365395307540894,-0.23833172023296356,0.4671633243560791,-0.792921245098114,-0.3425307869911194,0.35206741094589233,-1.0178605318069458,-0.43991100788116455,0.37257376313209534,-1.0008091926574707,-0.15036295354366302,0.47294706106185913,-1.443255066871643,-0.31648874282836914,0.5371410846710205,-1.7323466539382935,-0.39140164852142334,0.5437498092651367,-1.9716849327087402,-0.4392251968383789,0.10274866223335266,-0.9785401225090027,-0.1786109358072281,0.20880430936813354,-1.116514801979065,-0.4279448688030243,0.24698422849178314,-0.7264412641525269,-0.43651649355888367,0.2063574641942978,-0.5882964730262756,-0.3814714252948761,-0.12768076360225677,-0.8884666562080383,-0.22751270234584808,0.0015935463597998023,-0.9520862698554993,-0.4986967444419861,0.08326538652181625,-0.5955659747123718,-0.4094335734844208,0.0547684021294117,-0.49450230598449707,-0.28272491693496704,-0.34018632769584656,-0.7558488845825195,-0.28761765360832214,-0.18403221666812897,-0.7923970222473145,-0.46711671352386475,-0.08846946060657501,-0.5494328737258911,-0.39383774995803833,-0.1065562516450882,-0.4765230119228363,-0.29571548104286194
0.0,0.0,0.0,0.2826317548751831,-0.16877542436122894,-0.13799816370010376,0.4686321020126343,-0.4959951937198639,-0.23149563372135162,0.46982264518737793,-0.7842830419540405,-0.33221638202667236,0.3691921532154083,-1.006906270980835,-0.42920130491256714,0.3768395781517029,-1.006750226020813,-0.14684535562992096,0.48892486095428467,-1.4382840394973755,-0.3014661371707916,0.5565939545631409,-1.7171657085418701,-0.3728346526622772,0.5623424649238586,-1.953478217124939,-0.41999438405036926,0.10580869764089584,-0.9788146615028381,-0.1752893179655075,0.22908274829387665,-1.1237235069274902,-0.40871065855026245,0.2668542265892029,-0.7381003499031067,-0.4186491370201111,0.21434617042541504,-0.5996542572975159,-0.3683994710445404,-0.12301143258810043,-0.883890688419342,-0.22279682755470276,0.025538550689816475,-0.951066255569458,-0.48574817180633545,0.09907006472349167,-0.5945640802383423,-0.4041849672794342,0.05072497949004173,-0.4941205382347107,-0.28495773673057556,-0.33597368001937866,-0.7453223466873169,-0.2801026701927185,-0.15915973484516144,-0.795894205570221,-0.4576110243797302,-0.06646442413330078,-0.5458419322967529,-0.38426971435546875,-0.0982685312628746,-0.46134987473487854,-0.2872069776058197
0.0,0.0,0.0,0.29320794343948364,-0.1617874801158905,-0.15240229666233063,0.5079099535942078,-0.4878139793872833,-0.25019532442092896,0.48518043756484985,-0.7906087636947632,-0.3514862060546875,0.3874049484729767,-1.0294146537780762,-0.4481830298900604,0.4051531255245209,-0.9951919317245483,-0.15026900172233582,0.5278584957122803,-1.4238625764846802,-0.30623626708984375,0.602459192276001,-1.7021124362945557,-0.38097262382507324,0.6147635579109192,-1.9399818181991577,-0.431088387966156,0.13003534078598022,-0.9769561886787415,-0.16925576329231262,0.25085270404815674,-1.1166293621063232,-0.40323182940483093,0.2710478901863098,-0.7322975397109985,-0.4172392785549164,0.21081246435642242,-0.5945022106170654,-0.3703773319721222,-0.10130750387907028,-0.8892573118209839,-0.20816819369792938,0.041099708527326584,-0.9527199268341064,-0.4714203476905823,0.09993808716535568,-0.5973204970359802,-0.3886290490627289,0.04725468158721924,-0.4983980357646942,-0.26888731122016907,-0.32262516021728516,-0.757086455821991,-0.257778137922287,-0.14921410381793976,-0.8089765310287476,-0.43628498911857605,-0.066197969019413,-0.5561346411705017,-0.36124593019485474,-0.10378849506378174,-0.4741920232772827,-0.26234495639801025
0.0,0.0,0.0,0.30275779962539673,-0.15673018991947174,-0.16933509707450867,0.5070574283599854,-0.5024367570877075,-0.2607438564300537,0.4594477117061615,-0.8120404481887817,-0.35046008229255676,0.3528338372707367,-1.0593328475952148,-0.43579086661338806,0.3936626613140106,-1.0063894987106323,-0.15124216675758362,0.5175267457962036,-1.443908929824829,-0.29928144812583923,0.5965260863304138,-1.724678874015808,-0.37228697538375854,0.6124942898750305,-1.966399073600769,-0.42197445034980774,0.12298086285591125,-0.9793214201927185,-0.16064025461673737,0.23085612058639526,-1.1489380598068237,-0.4060586392879486,0.257950097322464,-0.7685434818267822,-0.43474042415618896,0.2086542248725891,-0.5957499146461487,-0.39281442761421204,-0.110820472240448,-0.8846452832221985,-0.1903645098209381,0.018288876861333847,-0.9856445789337158,-0.4681914746761322,0.08744943886995316,-0.6184331774711609,-0.3979168236255646,0.050637029111385345,-0.4901489317417145,-0.27843910455703735,-0.3374602496623993,-0.7523024082183838,-0.230301171541214,-0.17641083896160126,-0.8533212542533875,-0.41917097568511963,-0.08460759371519089,-0.5962349772453308,-0.3494887948036194,-0.10809417814016342,-0.4943391680717468,-0.25051265954971313
0.0,0.0,0.0,0.30338379740715027,-0.18656885623931885,-0.16075971722602844,0.46680063009262085,-0.5517404079437256,-0.23716606199741364,0.385714590549469,-0.8625889420509338,-0.310575008392334,0.26208218932151794,-1.0975279808044434,-0.37883293628692627,0.37684839963912964,-1.022930383682251,-0.14409904181957245,0.4841930866241455,-1.4873569011688232,-0.28661778569221497,0.5586040019989014,-1.7824578285217285,-0.3566506803035736,0.5673878192901611,-2.031092882156372,-0.4058658182621002,0.09874634444713593,-0.9827245473861694,-0.15653006732463837,0.13733060657978058,-1.1864293813705444,-0.4016929864883423,0.19550511240959167,-0.8120113015174866,-0.4295698404312134,0.1798841804265976,-0.6181262135505676,-0.38660889863967896,-0.14550665020942688,-0.8721770644187927,-0.18886853754520416,-0.07735922187566757,-0.9971998929977417,-0.4629676640033722,0.030031869187951088,-0.6361374855041504,-0.39281606674194336,0.023386070504784584,-0.5029070973396301,-0.2739972472190857,-0.37954315543174744,-0.7223448753356934,-0.23122376203536987,-0.28011760115623474,-0.8453380465507507,-0.4156244695186615,-0.16226951777935028,-0.5974853038787842,-0.34612035751342773,-0.159958153963089,-0.49793002009391785,-0.24950477480888367
0.0,0.0,0.0,0.3009483516216278,-0.1666334718465805,-0.17956510186195374,0.4844837188720703,-0.5212688446044922,-0.2816992998123169,0.38037610054016113,-0.8405711054801941,-0.38231152296066284,0.23798631131649017,-1.0714085102081299,-0.4748922288417816,0.375783771276474,-1.0157285928726196,-0.16741026937961578,0.46839630603790283,-1.4876141548156738,-0.33483949303627014,0.5293042659759521,-1.7891751527786255,-0.4138433039188385,0.5335645079612732,-2.036080837249756,-0.46904271841049194,0.0905611589550972,-0.9799741506576538,-0.17733941972255707,0.13969983160495758,-1.1538684368133545,-0.44874775409698486,0.18989531695842743,-0.7637611627578735,-0.4775354564189911,0.17665742337703705,-0.5979465246200562,-0.43320101499557495,-0.15502722561359406,-0.8745163679122925,-0.20976172387599945,-0.08961743861436844,-0.9632937908172607,-0.5003511905670166,0.016661223024129868,-0.6108521819114685,-0.4227723479270935,0.020006630569696426,-0.49604299664497375,-0.300336629152298,-0.3905891180038452,-0.7290129065513611,-0.2553820013999939,-0.2849702537059784,-0.7800111770629883,-0.451577365398407,-0.16143055260181427,-0.5408282279968262,-0.39023295044898987,-0.14867566525936127,-0.47163116931915283,-0.2992376387119293
0.0,0.0,0.0,0.3032665550708771,-0.17279182374477386,-0.17986910045146942,0.48419395089149475,-0.5064615607261658,-0.28235578536987305,0.3905671238899231,-0.7969951033592224,-0.38200145959854126,0.2550880014896393,-1.0223004817962646,-0.4722640812397003,0.36044594645500183,-1.0191526412963867,-0.1624770313501358,0.458572119474411,-1.479119896888733,-0.32608404755592346,0.516664981842041,-1.7780436277389526,-0.40103471279144287,0.5216780304908752,-2.0247461795806885,-0.44991642236709595,0.08340121060609818,-0.9815531373023987,-0.17203983664512634,0.15228503942489624,-1.1726523637771606,-0.44471338391304016,0.20279830694198608,-0.7880749106407166,-0.4767873287200928,0.188751220703125,-0.6078164577484131,-0.4287264943122864,-0.15336093306541443,-0.8765829205513,-0.2034653127193451,-0.0621725469827652,-0.9744532108306885,-0.49691420793533325,0.03794499859213829,-0.6166636347770691,-0.4241997003555298,0.03801698237657547,-0.4918173849582672,-0.2971683740615845,-0.37618881464004517,-0.7318340539932251,-0.246859610080719,-0.254058837890625,-0.8138917684555054,-0.4381992220878601,-0.13883952796459198,-0.5706447958946228,-0.37043246626853943,-0.13592547178268433,-0.4875602722167969,-0.2709447741508484
0.0,0.0,0.0,0.2882438600063324,-0.1749706119298935,-0.1390571892261505,0.4558350741863251,-0.49726322293281555,-0.2227664440870285,0.38738149404525757,-0.7415337562561035,-0.30971458554267883,0.230458602309227,-0.9190969467163086,-0.3880617320537567,0.3646305203437805,-1.0120444297790527,-0.1471070945262909,0.45983797311782837,-1.466386318206787,-0.3053688406944275,0.5170734524726868,-1.7527048587799072,-0.3846382796764374,0.5221534967422485,-1.9939228296279907,-0.43915998935699463,0.09100489318370819,-0.9798290729522705,-0.177913099527359,0.16304145753383636,-1.124718427658081,-0.4324011504650116,0.21531839668750763,-0.7640831470489502,-0.4694494903087616,0.20074395835399628,-0.6092550754547119,-0.4355071485042572,-0.14333787560462952,-0.8768765330314636,-0.22647108137607574,-0.05701746419072151,-0.9170230031013489,-0.4846733510494232,0.04941239207983017,-0.590241014957428,-0.4208085536956787,0.053776659071445465,-0.49243009090423584,-0.3155490756034851,-0.35160598158836365,-0.7251865267753601,-0.2868880331516266,-0.24289068579673767,-0.7334122657775879,-0.44670534133911133,-0.13158850371837616,-0.5138757824897766,-0.3826678395271301,-0.12615026533603668,-0.45323094725608826,-0.2963433861732483
0.0,0.0,0.0,0.2784874737262726,-0.15832316875457764,-0.1360582858324051,0.4352750778198242,-0.46934282779693604,-0.21707533299922943,0.36050617694854736,-0.701161801815033,-0.30233821272850037,0.19846558570861816,-0.8487160801887512,-0.38115260004997253,0.347301721572876,-1.0146000385284424,-0.13905489444732666,0.4305444061756134,-1.4460965394973755,-0.29078561067581177,0.4880392253398895,-1.7231981754302979,-0.3780365288257599,0.49490174651145935,-1.9554816484451294,-0.4424270689487457,0.07742354273796082,-0.9819508790969849,-0.1725633591413498,0.13853414356708527,-1.0853569507598877,-0.42783984541893005,0.1920548528432846,-0.7406867146492004,-0.48345428705215454,0.1780817061662674,-0.5700369477272034,-0.4644421339035034,-0.1482522189617157,-0.8661178946495056,-0.2228139489889145,-0.06637841463088989,-0.8624059557914734,-0.47350630164146423,0.044088784605264664,-0.5572955012321472,-0.4315262734889984,0.05655934661626816,-0.4522329270839691,-0.3444565534591675,-0.34039217233657837,-0.7015863656997681,-0.2852155268192291,-0.23919211328029633,-0.6723917126655579,-0.44617652893066406,-0.13253478705883026,-0.47023361921310425,-0.40227848291397095,-0.11361125856637955,-0.4143168032169342,-0.3313640058040619
0.0,0.0,0.0,0.24549533426761627,-0.16853272914886475,-0.14453770220279694,0.424091100692749,-0.4547729790210724,-0.24410636723041534,0.321054071187973,-0.6354583501815796,-0.34624674916267395,0.1105659008026123,-0.7190683484077454,-0.4415298104286194,0.30031877756118774,-1.019651174545288,-0.15681803226470947,0.3753555417060852,-1.4406137466430664,-0.31136906147003174,0.42256250977516174,-1.7150667905807495,-0.3914380669593811,0.4199279546737671,-1.9360389709472656,-0.44880324602127075,0.029884418472647667,-0.98103266954422,-0.19152486324310303,0.09539380669593811,-1.0651847124099731,-0.4238708019256592,0.15638409554958344,-0.7089646458625793,-0.45570117235183716,0.14291642606258392,-0.5775161385536194,-0.4258742332458496,-0.19065642356872559,-0.863288164138794,-0.24577926099300385,-0.11374185234308243,-0.8461297154426575,-0.4859412610530853,0.005519738420844078,-0.536989152431488,-0.4318350553512573,0.013429145328700542,-0.464979887008667,-0.34158843755722046,-0.3835013508796692,-0.6949711441993713,-0.3131111264228821,-0.29197612404823303,-0.6592419743537903,-0.46146419644355774,-0.1766454577445984,-0.45827406644821167,-0.4034195840358734,-0.1642824113368988,-0.4190253019332886,-0.32664820551872253
0.0,0.0,0.0,0.24411731958389282,-0.15552885830402374,-0.1457907110452652,0.426330029964447,-0.44218549132347107,-0.24749888479709625,0.32424473762512207,-0.6283707022666931,-0.3541383445262909,0.10681715607643127,-0.7086923718452454,-0.45677241683006287,0.30472350120544434,-1.0143327713012695,-0.15829074382781982,0.38471654057502747,-1.437912106513977,-0.31962957978248596,0.4423695504665375,-1.7093912363052368,-0.41358593106269836,0.4509814381599426,-1.9332572221755981,-0.480377197265625,0.033078741282224655,-0.9809600114822388,-0.19137203693389893,0.09417286515235901,-1.054282546043396,-0.4500603973865509,0.1575966626405716,-0.7185424566268921,-0.5123423933982849,0.14734654128551483,-0.5626078844070435,-0.4981798231601715,-0.1916409581899643,-0.8644381761550903,-0.24042567610740662,-0.12394590675830841,-0.8424214124679565,-0.48966673016548157,-0.005529985297471285,-0.5471732020378113,-0.4473668336868286,0.012884818948805332,-0.4490342438220978,-0.3603875935077667,-0.3852510452270508,-0.6968639492988586,-0.3024653494358063,-0.29140907526016235,-0.6579535007476807,-0.4555681049823761,-0.1714855581521988,-0.45789381861686707,-0.4021244943141937,-0.14168791472911835,-0.4005598723888397,-0.3236733675003052
0.0,0.0,0.0,0.25444090366363525,-0.1532486081123352,-0.1537303775548935,0.4346998333930969,-0.43562185764312744,-0.24487623572349548,0.3718765676021576,-0.6439403891563416,-0.3364894390106201,0.19597776234149933,-0.7834957838058472,-0.4186073839664459,0.3708879351615906,-0.9985507130622864,-0.141383558511734,0.4460926651954651,-1.4242733716964722,-0.2908196747303009,0.4996054768562317,-1.6916277408599854,-0.36928877234458923,0.5008808374404907,-1.9152474403381348,-0.4242030084133148,0.1085498183965683,-0.9804456830024719,-0.16414369642734528,0.1565166413784027,-1.0896764993667603,-0.41200631856918335,0.20411628484725952,-0.7411773204803467,-0.4575802981853485,0.1968410611152649,-0.5820884108543396,-0.42684847116470337,-0.11836053431034088,-0.8869422078132629,-0.2069173902273178,-0.05573907867074013,-0.8664215803146362,-0.4490334987640381,0.04327401891350746,-0.5656739473342896,-0.4061692953109741,0.05951685830950737,-0.48243841528892517,-0.3163742125034332,-0.3157031238079071,-0.7452731728553772,-0.26425132155418396,-0.2262926548719406,-0.6894051432609558,-0.41294005513191223,-0.12950004637241364,-0.48752081394195557,-0.36797282099723816,-0.10921457409858704,-0.4479697346687317,-0.29588690400123596
0.0,0.0,0.0,0.2668493986129761,-0.17670735716819763,-0.14605548977851868,0.44680383801460266,-0.46393296122550964,-0.23417237401008606,0.38359254598617554,-0.6783674359321594,-0.32435163855552673,0.20993243157863617,-0.8322014808654785,-0.4080806374549866,0.36115142703056335,-1.008972406387329,-0.13148677349090576,0.44477608799934387,-1.4363014698028564,-0.27762892842292786,0.5011923313140869,-1.7058842182159424,-0.35540542006492615,0.5065678358078003,-1.9338027238845825,-0.4076969027519226,0.10141143947839737,-0.9825200438499451,-0.1561092883348465,0.16054843366146088,-1.1309003829956055,-0.4054240584373474,0.21323558688163757,-0.781743586063385,-0.45512107014656067,0.204397514462471,-0.5917652249336243,-0.4233189523220062,-0.12961998581886292,-0.880630612373352,-0.19864796102046967,-0.057842567563056946,-0.9001191258430481,-0.45184800028800964,0.04306047782301903,-0.5860136151313782,-0.4110207259654999,0.05963525548577309,-0.47302109003067017,-0.31448665261268616,-0.33775338530540466,-0.7342746257781982,-0.25217464566230774,-0.24132117629051208,-0.7432782053947449,-0.40767526626586914,-0.14004552364349365,-0.5300007462501526,-0.35378196835517883,-0.12045726180076599,-0.4614751636981964,-0.27069777250289917
0.0,0.0,0.0,0.2940085828304291,-0.16318324208259583,-0.1291351616382599,0.5014462471008301,-0.48217886686325073,-0.2113219052553177,0.43492382764816284,-0.7327529788017273,-0.29660752415657043,0.2191149890422821,-0.86744624376297,-0.3769979178905487,0.3744247853755951,-1.000087857246399,-0.14929550886154175,0.4567318856716156,-1.4333539009094238,-0.29709553718566895,0.5070250630378723,-1.7059532403945923,-0.37017539143562317,0.5049566626548767,-1.943122148513794,-0.42288073897361755,0.10463316738605499,-0.977449357509613,-0.18342480063438416,0.21525707840919495,-1.1076600551605225,-0.41605591773986816,0.2588007152080536,-0.73514324426651,-0.4442799985408783,0.2136491984128952,-0.5920584201812744,-0.409324586391449,-0.1240755170583725,-0.881506085395813,-0.23282229900360107,-0.011721236631274223,-0.9081276655197144,-0.4816685616970062,0.08391164988279343,-0.571672260761261,-0.42084646224975586,0.059797998517751694,-0.4796321988105774,-0.31995394825935364,-0.335382878780365,-0.7396997213363647,-0.2915690839290619,-0.19914770126342773,-0.7514572143554688,-0.4446861743927002,-0.09506780654191971,-0.5297309756278992,-0.3774789571762085,-0.1165061965584755,-0.4675479531288147,-0.291747510433197
0.0,0.0,0.0,0.28334933519363403,-0.15940968692302704,-0.1287727952003479,0.47042790055274963,-0.4635523855686188,-0.227530837059021,0.4263952076435089,-0.7164175510406494,-0.3335047960281372,0.24210135638713837,-0.8857690691947937,-0.4356738030910492,0.34844592213630676,-0.9889432787895203,-0.16361995041370392,0.4302402436733246,-1.4026107788085938,-0.31884342432022095,0.470846951007843,-1.673252820968628,-0.399563729763031,0.4734293520450592,-1.9049254655838013,-0.45770129561424255,0.07771335542201996,-0.9781874418258667,-0.19263935089111328,0.1950685828924179,-1.009995937347412,-0.4283493459224701,0.23229418694972992,-0.6644269824028015,-0.4619641900062561,0.19774433970451355,-0.5417355298995972,-0.4381210505962372,-0.1500266194343567,-0.8803504705429077,-0.23533141613006592,-0.021124258637428284,-0.8562881350517273,-0.47724050283432007,0.06810735166072845,-0.5532933473587036,-0.41213157773017883,0.05404718592762947,-0.46527016162872314,-0.31753870844841003,-0.3548946678638458,-0.7372397780418396,-0.2886180877685547,-0.20581677556037903,-0.718295156955719,-0.446357786655426,-0.10226400941610336,-0.5040067434310913,-0.3849183917045593,-0.10994695127010345,-0.44196954369544983,-0.303611695766449
0.0,0.0,0.0,0.2749849855899811,-0.16347691416740417,-0.14611010253429413,0.4602145254611969,-0.47406911849975586,-0.25073084235191345,0.43026241660118103,-0.7502013444900513,-0.3599235713481903,0.3198879361152649,-0.9772351980209351,-0.46327149868011475,0.33827322721481323,-0.9895044565200806,-0.17658650875091553,0.4235346019268036,-1.4213656187057495,-0.3467574119567871,0.4700855314731598,-1.7055954933166504,-0.4288690388202667,0.470847487449646,-1.942456603050232,-0.4814437925815582,0.06500797718763351,-0.978348433971405,-0.19648995995521545,0.1894012838602066,-1.0411248207092285,-0.4473600387573242,0.22154812514781952,-0.6669284105300903,-0.4685860574245453,0.17979814112186432,-0.5250040888786316,-0.427342027425766,-0.16519804298877716,-0.8852438926696777,-0.23406663537025452,-0.017080940306186676,-0.8751285672187805,-0.5022990107536316,0.05527890473604202,-0.5442931652069092,-0.4258091151714325,0.02655329741537571,-0.44297924637794495,-0.31064340472221375,-0.37836602330207825,-0.7491725087165833,-0.2820676565170288,-0.20775678753852844,-0.7526624202728271,-0.4567481577396393,-0.10898780822753906,-0.5186413526535034,-0.3868595063686371,-0.12765894830226898,-0.44107258319854736,-0.29111504554748535
0.0,0.0,0.0,0.27623388171195984,-0.15811225771903992,-0.15632440149784088,0.4623040556907654,-0.4704498052597046,-0.26485171914100647,0.4293249845504761,-0.754315197467804,-0.37620076537132263,0.32917606830596924,-0.987324595451355,-0.48056459426879883,0.3470272421836853,-0.9938095808029175,-0.1796245127916336,0.4319247305393219,-1.429052710533142,-0.35169297456741333,0.4798651337623596,-1.714139699935913,-0.43424397706985474,0.4812145233154297,-1.9507994651794434,-0.487430602312088,0.07002123445272446,-0.9781038761138916,-0.19598428905010223,0.18696768581867218,-1.050585389137268,-0.4506404995918274,0.2212722897529602,-0.6763001084327698,-0.4726972281932831,0.18097950518131256,-0.5398987531661987,-0.4311504065990448,-0.16388705372810364,-0.8833203315734863,-0.23134469985961914,-0.02529883198440075,-0.8808801770210266,-0.5036743879318237,0.05072950944304466,-0.5471424460411072,-0.4251677393913269,0.023796385154128075,-0.4493236839771271,-0.30795106291770935,-0.3820343315601349,-0.7462450265884399,-0.2782040536403656,-0.2201470136642456,-0.7555072903633118,-0.4576916992664337,-0.11929253488779068,-0.5185507535934448,-0.38827916979789734,-0.1375628411769867,-0.4431471526622772,-0.29204148054122925
0.0,0.0,0.0,0.2744404077529907,-0.1583031713962555,-0.16528752446174622,0.4565351903438568,-0.4739922285079956,-0.28395769000053406,0.4408911466598511,-0.775757372379303,-0.40700453519821167,0.3665129244327545,-1.03630530834198,-0.5223904848098755,0.345633864402771,-1.0017181634902954,-0.1800418496131897,0.4452723562717438,-1.4405137300491333,-0.3614429831504822,0.5036856532096863,-1.7347638607025146,-0.4403320848941803,0.5073366165161133,-1.9712857007980347,-0.48729532957077026,0.06118810549378395,-0.9783411026000977,-0.19774913787841797,0.1968298703432083,-1.0896918773651123,-0.464076966047287,0.23850205540657043,-0.6896320581436157,-0.4744701385498047,0.1875009834766388,-0.5541398525238037,-0.4169563949108124,-0.1752556413412094,-0.883658766746521,-0.2375251054763794,-0.022707324475049973,-0.8984264135360718,-0.5276445746421814,0.05246124044060707,-0.5453716516494751,-0.4368029534816742,0.005826547276228666,-0.45126041769981384,-0.30362647771835327,-0.3972146511077881,-0.7452374696731567,-0.2889520525932312,-0.22558674216270447,-0.7705406546592712,-0.4786023795604706,-0.12145531177520752,-0.5209247469902039,-0.400220662355423,-0.15533879399299622,-0.444266676902771,-0.29393184185028076
0.0,0.0,0.0,0.2746138572692871,-0.16195419430732727,-0.15303020179271698,0.4616565704345703,-0.4730044901371002,-0.2592299282550812,0.40930643677711487,-0.7599160075187683,-0.36782702803611755,0.2727682590484619,-0.9738608598709106,-0.4692884087562561,0.36107245087623596,-0.9792341589927673,-0.17877349257469177,0.4411638379096985,-1.4068512916564941,-0.34141603112220764,0.488016277551651,-1.6826539039611816,-0.4185684323310852,0.49093809723854065,-1.9180471897125244,-0.4711311459541321,0.08396797627210617,-0.9772307872772217,-0.19485720992088318,0.19312749803066254,-1.0161529779434204,-0.4299587309360504,0.22141294181346893,-0.6596224904060364,-0.44814780354499817,0.18196968734264374,-0.5421880483627319,-0.4116954207420349,-0.14770221710205078,-0.8900668621063232,-0.22923165559768677,-0.016303900629281998,-0.8538500666618347,-0.4815347194671631,0.05582756549119949,-0.5399532318115234,-0.40810850262641907,0.030945632606744766,-0.4592553973197937,-0.30345332622528076,-0.36044901609420776,-0.7585616707801819,-0.2759920060634613,-0.20288518071174622,-0.7269949913024902,-0.4429127871990204,-0.108238585293293,-0.502647876739502,-0.3808841407299042,-0.12422802299261093,-0.44209545850753784,-0.29552605748176575
0.0,0.0,0.0,0.2761402428150177,-0.1626698225736618,-0.14924971759319305,0.4587765634059906,-0.4752531051635742,-0.2526593804359436,0.40314990282058716,-0.7577885389328003,-0.3589409291744232,0.2511540651321411,-0.9611404538154602,-0.4588426351547241,0.3551674485206604,-0.9821975827217102,-0.17610187828540802,0.44290563464164734,-1.409621000289917,-0.3352469801902771,0.49331727623939514,-1.6837855577468872,-0.41135770082473755,0.5000761151313782,-1.9172717332839966,-0.46324655413627625,0.08051036298274994,-0.9778324961662292,-0.19329170882701874,0.18606267869472504,-1.0192257165908813,-0.4264490306377411,0.21458539366722107,-0.6649866104125977,-0.44542667269706726,0.17991305887699127,-0.5446175932884216,-0.4101381003856659,-0.15179474651813507,-0.8875340223312378,-0.22771677374839783,-0.03138820827007294,-0.8664286732673645,-0.477702796459198,0.04854665324091911,-0.5504291653633118,-0.4033025801181793,0.03518006205558777,-0.45901864767074585,-0.29809027910232544,-0.3662078380584717,-0.7528707981109619,-0.2742067277431488,-0.2227872610092163,-0.738483190536499,-0.4407707452774048,-0.12040988355875015,-0.5142548680305481,-0.3768114447593689,-0.12483412772417068,-0.44471749663352966,-0.2895958423614502
0.0,0.0,0.0,0.2789117693901062,-0.16532909870147705,-0.17533546686172485,0.4699983298778534,-0.4964428246021271,-0.28258180618286133,0.4137088656425476,-0.7987633943557739,-0.38845542073249817,0.2602805495262146,-1.0257844924926758,-0.4877920150756836,0.37321874499320984,-0.9996157288551331,-0.1813971847295761,0.46442723274230957,-1.4569166898727417,-0.3501133918762207,0.5204710364341736,-1.7473217248916626,-0.4296944737434387,0.5224928855895996,-1.9927703142166138,-0.4812949001789093,0.09399394690990448,-0.9771960377693176,-0.19040192663669586,0.19361615180969238,-1.1011523008346558,-0.4468693137168884,0.22839751839637756,-0.7145066261291504,-0.46671316027641296,0.1941833347082138,-0.5598785281181335,-0.42004942893981934,-0.14627915620803833,-0.885923445224762,-0.22081851959228516,-0.0326039083302021,-0.921724259853363,-0.4995775520801544,0.04211977496743202,-0.5712705850601196,-0.4188249111175537,0.02022092044353485,-0.45960646867752075,-0.29583489894866943,-0.3801403045654297,-0.7567912936210632,-0.26357629895210266,-0.23885886371135712,-0.797405481338501,-0.44482988119125366,-0.13674025237560272,-0.5514129996299744,-0.36993181705474854,-0.14523561298847198,-0.4650219678878784,-0.2689048647880554
0.0,0.0,0.0,0.30261993408203125,-0.1556483954191208,-0.17539234459400177,0.49904000759124756,-0.4924759268760681,-0.27954888343811035,0.4206816256046295,-0.7976795434951782,-0.38065004348754883,0.2750435471534729,-1.0294438600540161,-0.4757571518421173,0.3950459659099579,-1.0048918724060059,-0.17783722281455994,0.48463502526283264,-1.4660711288452148,-0.34056881070137024,0.5410189628601074,-1.7624521255493164,-0.4192936420440674,0.5435895323753357,-2.0084595680236816,-0.47295624017715454,0.11161026358604431,-0.9762313365936279,-0.1857837289571762,0.2107553482055664,-1.1104344129562378,-0.433521568775177,0.24647317826747894,-0.7188274264335632,-0.45098409056663513,0.205266073346138,-0.5741462707519531,-0.40480348467826843,-0.1311035305261612,-0.8820659518241882,-0.21529103815555573,-0.02407398633658886,-0.9465298056602478,-0.48952120542526245,0.05496690422296524,-0.5905765295028687,-0.40796804428100586,0.021444212645292282,-0.4904307723045349,-0.28808149695396423,-0.36817148327827454,-0.7509647011756897,-0.2571831941604614,-0.22632117569446564,-0.7989458441734314,-0.4416401982307434,-0.1278890073299408,-0.5471336245536804,-0.36892184615135193,-0.15314574539661407,-0.46974819898605347,-0.27181756496429443
0.0,0.0,0.0,0.2993907034397125,-0.1570112556219101,-0.16562239825725555,0.4999693036079407,-0.49432840943336487,-0.26487818360328674,0.42674851417541504,-0.8020532131195068,-0.3616470694541931,0.2716083526611328,-1.027539610862732,-0.45356789231300354,0.3878394663333893,-0.9971233010292053,-0.17693085968494415,0.48638832569122314,-1.4428380727767944,-0.33827605843544006,0.5438709855079651,-1.7286986112594604,-0.41575753688812256,0.5511770844459534,-1.9740756750106812,-0.46867454051971436,0.10337366163730621,-0.9768400192260742,-0.18734319508075714,0.23119448125362396,-1.092690110206604,-0.43070900440216064,0.25249186158180237,-0.6963077783584595,-0.4450889825820923,0.1925821155309677,-0.549473226070404,-0.3987658619880676,-0.13549959659576416,-0.8874752521514893,-0.21800407767295837,-0.0017915177159011364,-0.9360728859901428,-0.4940052628517151,0.06145014986395836,-0.5753452181816101,-0.41557615995407104,0.011547443456947803,-0.4738272428512573,-0.29751747846603394,-0.36727994680404663,-0.75699782371521,-0.25904715061187744,-0.20256751775741577,-0.8000727891921997,-0.44728806614875793,-0.11080534756183624,-0.5435147285461426,-0.3770754337310791,-0.1477625072002411,-0.4620031416416168,-0.2815341055393219
0.0,0.0,0.0,0.3033885061740875,-0.13862642645835876,-0.15957985818386078,0.494846373796463,-0.4829416573047638,-0.25855937600135803,0.4278123676776886,-0.7948847413063049,-0.3563670516014099,0.25126686692237854,-1.0028966665267944,-0.44696396589279175,0.3775433599948883,-0.996426522731781,-0.18319018185138702,0.47160667181015015,-1.4413740634918213,-0.3467722535133362,0.5338773727416992,-1.724470615386963,-0.4225028455257416,0.5388626456260681,-1.9748353958129883,-0.47646257281303406,0.09750952571630478,-0.9747057557106018,-0.20109815895557404,0.21564990282058716,-1.07933509349823,-0.43863198161125183,0.2541610598564148,-0.6858989596366882,-0.446835458278656,0.19698528945446014,-0.5689728856086731,-0.40245527029037476,-0.13839147984981537,-0.881097674369812,-0.23908653855323792,-0.0075070979073643684,-0.9240125417709351,-0.5095999240875244,0.07861825078725815,-0.5650200247764587,-0.42619314789772034,0.0323638878762722,-0.4835210144519806,-0.31128251552581787,-0.3601664900779724,-0.7489013671875,-0.2881675064563751,-0.19668105244636536,-0.7825862169265747,-0.47336775064468384,-0.09553899616003036,-0.5349860191345215,-0.4041213393211365,-0.13511741161346436,-0.46890681982040405,-0.3136737048625946
0.0,0.0,0.0,0.32566988468170166,-0.1447632610797882,-0.13568264245986938,0.52556312084198,-0.494900107383728,-0.2241739183664322,0.47860392928123474,-0.7888466119766235,-0.31732872128486633,0.28859397768974304,-0.9597338438034058,-0.4081796109676361,0.3843218684196472,-1.0048484802246094,-0.18118518590927124,0.48879575729370117,-1.4700607061386108,-0.34101080894470215,0.5567862391471863,-1.7596957683563232,-0.42004239559173584,0.5658396482467651,-2.0131585597991943,-0.47781065106391907,0.1059211790561676,-0.9718881249427795,-0.21027176082134247,0.2263946831226349,-1.0727431774139404,-0.44267499446868896,0.2669837176799774,-0.6920821666717529,-0.455865740776062,0.21591296792030334,-0.5711923241615295,-0.42033839225769043,-0.12979842722415924,-0.8715808391571045,-0.2553359568119049,0.004943118430674076,-0.9244793057441711,-0.5133791565895081,0.09201034158468246,-0.574697732925415,-0.43088433146476746,0.050505153834819794,-0.48108258843421936,-0.32295793294906616,-0.3484472632408142,-0.7330837249755859,-0.31040751934051514,-0.1838635951280594,-0.7785151600837708,-0.4850795269012451,-0.0787273719906807,-0.5338994264602661,-0.41140592098236084,-0.10785095393657684,-0.4522313177585602,-0.32153749465942383
0.0,0.0,0.0,0.3296293616294861,-0.12344726175069809,-0.1395658701658249,0.5442677140235901,-0.46403077244758606,-0.23654258251190186,0.5438111424446106,-0.7832991480827332,-0.33885473012924194,0.36281633377075195,-0.9893797039985657,-0.4381014108657837,0.41941118240356445,-0.9848767518997192,-0.18713811039924622,0.5279229283332825,-1.4581965208053589,-0.35467150807380676,0.5982547402381897,-1.7537667751312256,-0.43349194526672363,0.6087636947631836,-2.013876438140869,-0.4896470606327057,0.14615115523338318,-0.965003490447998,-0.21773427724838257,0.2862207889556885,-1.0914548635482788,-0.4498520493507385,0.3090309798717499,-0.6856323480606079,-0.448086142539978,0.23916929960250854,-0.5724388360977173,-0.401061087846756,-0.08890074491500854,-0.8764792084693909,-0.2665789723396301,0.07169225066900253,-0.9637206196784973,-0.5335940718650818,0.13620302081108093,-0.5909350514411926,-0.43634599447250366,0.06803234666585922,-0.5052287578582764,-0.3171297609806061,-0.3128059506416321,-0.7485268115997314,-0.32532253861427307,-0.11980938911437988,-0.8114081621170044,-0.5079544186592102,-0.03412846848368645,-0.5529372096061707,-0.42624250054359436,-0.09282635897397995,-0.47415679693222046,-0.3311179280281067
0.0,0.0,0.0,0.33512622117996216,-0.12898017466068268,-0.15181037783622742,0.5452949404716492,-0.4474082589149475,-0.2658133804798126,0.5806741714477539,-0.7654538750648499,-0.3870263397693634,0.40527915954589844,-0.9885663390159607,-0.5044921040534973,0.39034441113471985,-0.9759671092033386,-0.1867852807044983,0.5078181624412537,-1.4352021217346191,-0.36646950244903564,0.5935837626457214,-1.7298418283462524,-0.44779208302497864,0.6155587434768677,-1.9892476797103882,-0.5011922121047974,0.1299050897359848,-0.9684457182884216,-0.21269118785858154,0.30624184012413025,-1.0827594995498657,-0.45641592144966125,0.3263460695743561,-0.6698185205459595,-0.44972988963127136,0.2415938675403595,-0.5585237741470337,-0.39333510398864746,-0.09509547054767609,-0.8876784443855286,-0.26026418805122375,0.11030054837465286,-0.9543794989585876,-0.5412033200263977,0.15099076926708221,-0.5818428993225098,-0.44077232480049133,0.058046258985996246,-0.5005463361740112,-0.3121697008609772,-0.3128699064254761,-0.7692605257034302,-0.31823697686195374,-0.08475665003061295,-0.8187782168388367,-0.5097699165344238,-0.013606078922748566,-0.5606274008750916,-0.42940765619277954,-0.0931624323129654,-0.484745591878891,-0.3303413689136505
0.0,0.0,0.0,0.34745776653289795,-0.13154159486293793,-0.14227090775966644,0.5680812001228333,-0.4561043083667755,-0.24852526187896729,0.5855684876441956,-0.7768765091896057,-0.36414191126823425,0.4237543046474457,-0.9999426007270813,-0.47530803084373474,0.4072456955909729,-0.9755025506019592,-0.16087982058525085,0.5271860361099243,-1.4186158180236816,-0.33693134784698486,0.6138511300086975,-1.703608751296997,-0.41857171058654785,0.638308048248291,-1.9590266942977905,-0.472164511680603,0.1461886316537857,-0.9709159731864929,-0.18960751593112946,0.3428748548030853,-1.07278573513031,-0.4328043460845947,0.3550512492656708,-0.6644406318664551,-0.4314941167831421,0.25895172357559204,-0.5587902069091797,-0.3774213194847107,-0.07235115021467209,-0.8975398540496826,-0.24002361297607422,0.14811867475509644,-0.954754650592804,-0.5211691856384277,0.18078137934207916,-0.5780481100082397,-0.423806756734848,0.08156420290470123,-0.4973817467689514,-0.29557090997695923,-0.2831888198852539,-0.7837074995040894,-0.30001193284988403,-0.03940480574965477,-0.8257542252540588,-0.49025577306747437,0.019059432670474052,-0.5609855651855469,-0.4103202521800995,-0.06844159215688705,-0.48575881123542786,-0.3103967308998108
0.0,0.0,0.0,0.3517443835735321,-0.1441308856010437,-0.15175984799861908,0.5756489634513855,-0.4809941053390503,-0.24490268528461456,0.5787814259529114,-0.8000123500823975,-0.3415068984031677,0.4361986219882965,-1.0469188690185547,-0.43276113271713257,0.43193382024765015,-0.986022412776947,-0.16250324249267578,0.5562864542007446,-1.4484834671020508,-0.3360787332057953,0.6413890719413757,-1.742266297340393,-0.41886377334594727,0.6645539402961731,-2.0068013668060303,-0.47347643971443176,0.16816578805446625,-0.9680157899856567,-0.18618746101856232,0.3602900505065918,-1.1232407093048096,-0.4408482015132904,0.37852194905281067,-0.69855135679245,-0.45093098282814026,0.29180848598480225,-0.5563409328460693,-0.3988361954689026,-0.061042942106723785,-0.8942780494689941,-0.23205909132957458,0.1479751318693161,-0.9937100410461426,-0.5295844078063965,0.1856347918510437,-0.5902920961380005,-0.4381971061229706,0.09354659914970398,-0.4885745644569397,-0.30418044328689575,-0.29065069556236267,-0.785415530204773,-0.28664687275886536,-0.05210883170366287,-0.8756531476974487,-0.48645421862602234,0.0151694780215621,-0.5992820858955383,-0.40313342213630676,-0.06832297891378403,-0.5082388520240784,-0.2962990701198578
0.0,0.0,0.0,0.33812639117240906,-0.15156804025173187,-0.15142019093036652,0.5489470958709717,-0.4987947940826416,-0.24819085001945496,0.5495368838310242,-0.8249929547309875,-0.3515411615371704,0.41905656456947327,-1.0802212953567505,-0.45205119252204895,0.4062288999557495,-1.0050841569900513,-0.15256823599338531,0.5163837671279907,-1.4863111972808838,-0.3168032467365265,0.5947973728179932,-1.7964320182800293,-0.39587366580963135,0.6065036654472351,-2.0624637603759766,-0.44913554191589355,0.14112739264965057,-0.9743708372116089,-0.17517004907131195,0.310121089220047,-1.1668506860733032,-0.4244880676269531,0.34164342284202576,-0.7463803291320801,-0.4330536425113678,0.2627565264701843,-0.5847867131233215,-0.3785301148891449,-0.09023712575435638,-0.8890942335128784,-0.2190995067358017,0.09631699323654175,-1.0327990055084229,-0.5097444653511047,0.15116459131240845,-0.625603437423706,-0.40925610065460205,0.07148496806621552,-0.5008826851844788,-0.26894235610961914,-0.32517746090888977,-0.7723329663276672,-0.2719765305519104,-0.10837054997682571,-0.8998185396194458,-0.468450665473938,-0.03286944702267647,-0.620280921459198,-0.3784051835536957,-0.10332117229700089,-0.516315221786499,-0.26670295000076294
0.0,0.0,0.0,0.3537180423736572,-0.1571396142244339,-0.1595749855041504,0.5689876675605774,-0.5226196050643921,-0.25319135189056396,0.5464733242988586,-0.8746297955513,-0.35263457894325256,0.4014345705509186,-1.1468777656555176,-0.4490698575973511,0.42191362380981445,-1.0062192678451538,-0.14319907128810883,0.5354968309402466,-1.4814207553863525,-0.3027038276195526,0.6121652722358704,-1.7902220487594604,-0.3692702054977417,0.6245617270469666,-2.0562751293182373,-0.41107499599456787,0.15016956627368927,-0.9757876396179199,-0.15902067720890045,0.31663405895233154,-1.1720861196517944,-0.4079352021217346,0.3307448923587799,-0.7443009614944458,-0.4106864929199219,0.2439122349023819,-0.5899474620819092,-0.3483313024044037,-0.08146051317453384,-0.8928177952766418,-0.19782136380672455,0.10521180927753448,-1.0459777116775513,-0.4994421899318695,0.14676538109779358,-0.6274217367172241,-0.4003969132900238,0.05840574949979782,-0.5075883865356445,-0.2553396224975586,-0.31808972358703613,-0.7843164801597595,-0.24452246725559235,-0.09441918879747391,-0.9298774003982544,-0.4442976117134094,-0.03226950019598007,-0.6433895826339722,-0.35334718227386475,-0.11497489362955093,-0.5405969619750977,-0.2394300401210785
0.0,0.0,0.0,0.3525877892971039,-0.14501520991325378,-0.15301157534122467,0.5414193272590637,-0.5098413228988647,-0.23398494720458984,0.5306664109230042,-0.859093427658081,-0.31857192516326904,0.42156982421875,-1.1316787004470825,-0.3978082239627838,0.393839031457901,-1.0088878870010376,-0.13617044687271118,0.5026403069496155,-1.4747754335403442,-0.29433512687683105,0.5768652558326721,-1.7793537378311157,-0.35834813117980957,0.5881876945495605,-2.0434906482696533,-0.3982110321521759,0.13182975351810455,-0.9789893627166748,-0.1555655598640442,0.3174276351928711,-1.1719738245010376,-0.39977267384529114,0.33485347032546997,-0.7378731369972229,-0.3964465260505676,0.23659707605838776,-0.5901111364364624,-0.32958903908729553,-0.0966629907488823,-0.8989639282226562,-0.199292853474617,0.106700100004673,-1.0367019176483154,-0.5049892067909241,0.14531472325325012,-0.6141345500946045,-0.41182640194892883,0.04049598053097725,-0.5106603503227234,-0.2691238820552826,-0.32659029960632324,-0.7860916256904602,-0.2499888837337494,-0.09728054702281952,-0.9216561913490295,-0.4564540684223175,-0.030329938977956772,-0.6370006203651428,-0.37137922644615173,-0.12518729269504547,-0.5418872237205505,-0.26077839732170105
0.0,0.0,0.0,0.33439695835113525,-0.14585940539836884,-0.14910386502742767,0.5328078866004944,-0.5052960515022278,-0.23781631886959076,0.5182652473449707,-0.8478655219078064,-0.33183860778808594,0.39142921566963196,-1.1089165210723877,-0.423273503780365,0.38971060514450073,-1.005542516708374,-0.13937227427959442,0.49539557099342346,-1.4593040943145752,-0.2911560535430908,0.5696406364440918,-1.763892412185669,-0.35482972860336304,0.5795779824256897,-2.020656108856201,-0.3958487808704376,0.12975572049617767,-0.978564441204071,-0.15992194414138794,0.2986046373844147,-1.1713625192642212,-0.40168246626853943,0.318098783493042,-0.7528529763221741,-0.4050670564174652,0.2289215475320816,-0.5983966588973999,-0.3431073725223541,-0.0930144190788269,-0.8938156366348267,-0.20138177275657654,0.09542685002088547,-1.0220638513565063,-0.4953571856021881,0.1416465938091278,-0.6217418909072876,-0.4047064483165741,0.051634036004543304,-0.5096128582954407,-0.26633352041244507,-0.3178979158401489,-0.7758788466453552,-0.24954260885715485,-0.10182861983776093,-0.9038995504379272,-0.44922342896461487,-0.03244110196828842,-0.6312307715415955,-0.364936500787735,-0.10976243764162064,-0.5333899855613708,-0.2548966705799103
0.0,0.0,0.0,0.3279605507850647,-0.14399467408657074,-0.13614395260810852,0.5286648869514465,-0.49107417464256287,-0.2263433337211609,0.48576098680496216,-0.802463173866272,-0.32015180587768555,0.31237858533859253,-1.0126231908798218,-0.41116076707839966,0.3534872829914093,-1.0025793313980103,-0.1697736233472824,0.4614212214946747,-1.444132924079895,-0.3225328028202057,0.525897741317749,-1.726391077041626,-0.38763627409935,0.534482479095459,-1.9716790914535522,-0.4333159029483795,0.07752284407615662,-0.9778238534927368,-0.1945526897907257,0.23337724804878235,-1.0710428953170776,-0.42383772134780884,0.25848063826560974,-0.6830816864967346,-0.4297763407230377,0.18792946636676788,-0.5618761777877808,-0.38520604372024536,-0.1465851068496704,-0.8786066174507141,-0.23603349924087524,0.04871620610356331,-0.9073137640953064,-0.5023731589317322,0.10748212784528732,-0.5551980137825012,-0.4237155020236969,0.03943431377410889,-0.4783948063850403,-0.3134666085243225,-0.351144015789032,-0.7421228885650635,-0.2851465940475464,-0.13399407267570496,-0.7638251185417175,-0.4646551311016083,-0.058302417397499084,-0.5188959240913391,-0.39737582206726074,-0.1153026819229126,-0.4573829770088196,-0.31043872237205505
0.0,0.0,0.0,0.2907358407974243,-0.16506758332252502,-0.13526417315006256,0.47210371494293213,-0.49000972509384155,-0.2367749661207199,0.4331611692905426,-0.7780117988586426,-0.34494489431381226,0.2626408636569977,-0.9739167094230652,-0.4487846791744232,0.32119444012641907,-1.0002695322036743,-0.15909546613693237,0.41188398003578186,-1.4126166105270386,-0.31631144881248474,0.4703463912010193,-1.686870813369751,-0.3846432864665985,0.4777739346027374,-1.918378233909607,-0.42977166175842285,0.04897110536694527,-0.9813857078552246,-0.18569821119308472,0.20572635531425476,-1.0744080543518066,-0.41276711225509644,0.24599340558052063,-0.691236674785614,-0.4154277443885803,0.18554699420928955,-0.5693798661231995,-0.3660842180252075,-0.17021730542182922,-0.8861125707626343,-0.23034071922302246,0.012177086435258389,-0.9083812236785889,-0.49065229296684265,0.08341305702924728,-0.5659946799278259,-0.409313440322876,0.028118271380662918,-0.4776144027709961,-0.2947901487350464,-0.3723779320716858,-0.7489230632781982,-0.2836436629295349,-0.1713917851448059,-0.7725839018821716,-0.4579722583293915,-0.07457589358091354,-0.5356260538101196,-0.38883256912231445,-0.11080468446016312,-0.46504268050193787,-0.2979559898376465
0.0,0.0,0.0,0.283862829208374,-0.15423059463500977,-0.14596985280513763,0.4683993458747864,-0.4819406270980835,-0.2525184750556946,0.44234421849250793,-0.7806663513183594,-0.3644852340221405,0.2802288234233856,-0.992271363735199,-0.472324013710022,0.32117411494255066,-1.005561113357544,-0.16216059029102325,0.40787509083747864,-1.4237231016159058,-0.3236096203327179,0.4626676142215729,-1.6985821723937988,-0.39607101678848267,0.4673391878604889,-1.9297113418579102,-0.4427202641963959,0.050675876438617706,-0.9811309576034546,-0.18658511340618134,0.20961956679821014,-1.0991642475128174,-0.4228874444961548,0.2502066195011139,-0.7091655135154724,-0.4289267063140869,0.1889193207025528,-0.5759649276733398,-0.3776288628578186,-0.17179177701473236,-0.8861908912658691,-0.2304796576499939,0.010490672662854195,-0.938798725605011,-0.4997446835041046,0.07756979018449783,-0.5817346572875977,-0.41477933526039124,0.019494343549013138,-0.4785138666629791,-0.29391422867774963,-0.3808882236480713,-0.749504804611206,-0.283657968044281,-0.1776748150587082,-0.796600341796875,-0.4637904167175293,-0.08535470068454742,-0.5467780232429504,-0.38992342352867126,-0.12327717244625092,-0.46265390515327454,-0.2933867275714874
0.0,0.0,0.0,0.2988293766975403,-0.17092901468276978,-0.1406693160533905,0.4908638000488281,-0.5185434818267822,-0.2348015010356903,0.44660937786102295,-0.8413351774215698,-0.3345751464366913,0.2953121066093445,-1.0666966438293457,-0.4314614534378052,0.3430703282356262,-1.0111531019210815,-0.13966938853263855,0.42721065878868103,-1.4331358671188354,-0.29239070415496826,0.48241010308265686,-1.7116258144378662,-0.3600635826587677,0.4877009391784668,-1.9461755752563477,-0.4051446318626404,0.067946657538414,-0.9841454029083252,-0.16383230686187744,0.22074154019355774,-1.127734899520874,-0.3927697241306305,0.2564321458339691,-0.7351390719413757,-0.39786866307258606,0.18749381601810455,-0.6014087796211243,-0.3450601100921631,-0.15417048335075378,-0.8906091451644897,-0.20760709047317505,0.022110411897301674,-0.9592421650886536,-0.4750352203845978,0.08247385174036026,-0.6028348803520203,-0.3904079794883728,0.010336896404623985,-0.5096633434295654,-0.2693141996860504,-0.36756864190101624,-0.7540881633758545,-0.2597782611846924,-0.1703924536705017,-0.8143290281295776,-0.4415126144886017,-0.08656007796525955,-0.5638560056686401,-0.36695531010627747,-0.13909193873405457,-0.48871129751205444,-0.26985618472099304
0.0,0.0,0.0,0.3183700442314148,-0.1882954090833664,-0.16485820710659027,0.515308678150177,-0.5393449664115906,-0.2613934874534607,0.4623974859714508,-0.8820153474807739,-0.35887154936790466,0.30712056159973145,-1.1373807191848755,-0.4544333517551422,0.37153559923171997,-1.009298324584961,-0.14908362925052643,0.47594326734542847,-1.4493427276611328,-0.30447298288345337,0.5385971665382385,-1.7340772151947021,-0.3763722777366638,0.5501549243927002,-1.9833475351333618,-0.4232536256313324,0.09441519528627396,-0.9826391935348511,-0.159706249833107,0.19808261096477509,-1.1527018547058105,-0.39371922612190247,0.24070370197296143,-0.7637792229652405,-0.4063163101673126,0.20066912472248077,-0.6128758192062378,-0.3574610948562622,-0.138689786195755,-0.8909967541694641,-0.1918763518333435,-0.0168188214302063,-1.0009187459945679,-0.4653761386871338,0.060831643640995026,-0.640540361404419,-0.3805307149887085,0.022402388975024223,-0.5224654078483582,-0.2549112141132355,-0.37051767110824585,-0.753820538520813,-0.23413041234016418,-0.22019997239112854,-0.8658893704414368,-0.42035117745399475,-0.11751335859298706,-0.6065571308135986,-0.3406146466732025,-0.13955706357955933,-0.4956483840942383,-0.23625028133392334
0.0,0.0,0.0,0.3353939652442932,-0.18613944947719574,-0.1867981106042862,0.5141099095344543,-0.5833325386047363,-0.27024874091148376,0.40399953722953796,-0.946847140789032,-0.3468964099884033,0.25721633434295654,-1.2283129692077637,-0.4185037910938263,0.3813101649284363,-1.0094270706176758,-0.14085285365581512,0.47298330068588257,-1.4658976793289185,-0.28605759143829346,0.5270258188247681,-1.7596678733825684,-0.35183629393577576,0.5273526906967163,-2.0171027183532715,-0.3977932333946228,0.10139761865139008,-0.9854148626327515,-0.13666044175624847,0.190473273396492,-1.2062872648239136,-0.37247776985168457,0.23101584613323212,-0.802238941192627,-0.3841320872306824,0.18827523291110992,-0.6214718222618103,-0.3299063742160797,-0.1374075561761856,-0.8992552161216736,-0.15696124732494354,-0.027193918824195862,-1.0668959617614746,-0.43994835019111633,0.04479861259460449,-0.6638340353965759,-0.35255134105682373,0.003753694938495755,-0.5211847424507141,-0.21869008243083954,-0.38273295760154724,-0.7776569128036499,-0.18822087347507477,-0.24202103912830353,-0.9206345081329346,-0.38525575399398804,-0.15679441392421722,-0.6432207822799683,-0.31120535731315613,-0.18861758708953857,-0.5342897176742554,-0.20994225144386292
0.0,0.0,0.0,0.3513910472393036,-0.17974838614463806,-0.1790730208158493,0.5324866771697998,-0.5790116786956787,-0.2541597783565521,0.4373394548892975,-0.946021556854248,-0.32482007145881653,0.2804211676120758,-1.2205314636230469,-0.3898537755012512,0.40779805183410645,-1.0082554817199707,-0.12674376368522644,0.48303672671318054,-1.4711989164352417,-0.26510217785835266,0.5386728644371033,-1.7706890106201172,-0.3311191499233246,0.5465235114097595,-2.0305325984954834,-0.37874677777290344,0.13677333295345306,-0.9826511144638062,-0.12525920569896698,0.2230517864227295,-1.2208315134048462,-0.3648856580257416,0.2726641297340393,-0.8262869715690613,-0.38787761330604553,0.2337760627269745,-0.6147421002388,-0.3389304578304291,-0.10741803050041199,-0.8949910998344421,-0.14742764830589294,0.006974237505346537,-1.0693033933639526,-0.4286128580570221,0.0862790122628212,-0.6739371418952942,-0.35224658250808716,0.04898711293935776,-0.5139179229736328,-0.2251194715499878,-0.35653847455978394,-0.7760677337646484,-0.1804891973733902,-0.20211248099803925,-0.9275288581848145,-0.37713372707366943,-0.11822733283042908,-0.6615020036697388,-0.3113645017147064,-0.15699400007724762,-0.5484004616737366,-0.21657980978488922
0.0,0.0,0.0,0.3627990186214447,-0.15055705606937408,-0.15011166036128998,0.5580106973648071,-0.5591987371444702,-0.21642589569091797,0.5118601322174072,-0.9481832981109619,-0.283480703830719,0.3341524004936218,-1.2128177881240845,-0.3494223952293396,0.41321834921836853,-1.003218650817871,-0.11901500821113586,0.4981694519519806,-1.458258032798767,-0.24333059787750244,0.569361686706543,-1.759236216545105,-0.2982842028141022,0.5842606425285339,-2.0170400142669678,-0.3422209620475769,0.14533096551895142,-0.9804288148880005,-0.1328090876340866,0.2647935748100281,-1.2037239074707031,-0.3450546860694885,0.3107159435749054,-0.7975139617919922,-0.3504970073699951,0.23976080119609833,-0.6195908784866333,-0.29878872632980347,-0.09336663037538528,-0.8887704610824585,-0.1666225641965866,0.05214140564203262,-1.0655155181884766,-0.43343958258628845,0.12841998040676117,-0.6680201292037964,-0.3484534025192261,0.05193895101547241,-0.5405972599983215,-0.22526924312114716,-0.341509073972702,-0.7651267647743225,-0.20823457837104797,-0.16287733614444733,-0.9169483184814453,-0.4020415246486664,-0.07949604839086533,-0.6509629487991333,-0.33155155181884766,-0.14717917144298553,-0.5514829754829407,-0.23929496109485626
0.0,0.0,0.0,0.36486348509788513,-0.14252828061580658,-0.13078980147838593,0.5757545828819275,-0.5527715682983398,-0.1856476068496704,0.5508120656013489,-0.9377719759941101,-0.24472583830356598,0.37151235342025757,-1.191279411315918,-0.30553895235061646,0.4235416054725647,-1.0008314847946167,-0.10546679049730301,0.5181760191917419,-1.45195734500885,-0.2280520796775818,0.600987434387207,-1.7483280897140503,-0.2827018201351166,0.6326352953910828,-2.0055458545684814,-0.3251483142375946,0.1557265669107437,-0.979729950428009,-0.12601006031036377,0.300710529088974,-1.1762827634811401,-0.3414839804172516,0.32794052362442017,-0.7596997022628784,-0.34592652320861816,0.2414591759443283,-0.5711230039596558,-0.29150882363319397,-0.08514691889286041,-0.8935887217521667,-0.1652204543352127,0.08729209750890732,-1.043654441833496,-0.4377787113189697,0.14173807203769684,-0.6351616978645325,-0.3554547131061554,0.04901629313826561,-0.5042136311531067,-0.23101826012134552,-0.3350510597229004,-0.7758460640907288,-0.20939624309539795,-0.1279585063457489,-0.9289800524711609,-0.4033564329147339,-0.061882369220256805,-0.6518959999084473,-0.3286978304386139,-0.15068171918392181,-0.5479878783226013,-0.23226888477802277
0.0,0.0,0.0,0.3710404932498932,-0.1400737762451172,-0.13728691637516022,0.5801051259040833,-0.5334557294845581,-0.19842390716075897,0.6050189137458801,-0.9185040593147278,-0.2665055990219116,0.4633103907108307,-1.2022755146026611,-0.3337624669075012,0.4247332513332367,-0.9888060092926025,-0.09479618072509766,0.5275394320487976,-1.4422338008880615,-0.22200316190719604,0.6261908411979675,-1.7330693006515503,-0.2726220488548279,0.6685519814491272,-1.984766960144043,-0.308302104473114,0.17508648335933685,-0.9778780341148376,-0.11445187032222748,0.3461502492427826,-1.1801139116287231,-0.3271338939666748,0.35887038707733154,-0.7653445601463318,-0.3231113851070404,0.2597079873085022,-0.6133357286453247,-0.2604460120201111,-0.04908062145113945,-0.9094679355621338,-0.1567138433456421,0.13736294209957123,-1.07021164894104,-0.43661463260650635,0.17357589304447174,-0.6570695638656616,-0.352834016084671,0.06832052767276764,-0.5445557236671448,-0.22325453162193298,-0.2861173152923584,-0.8126623630523682,-0.2048543393611908,-0.07440172135829926,-0.9469956159591675,-0.4096875488758087,-0.01164135243743658,-0.669169008731842,-0.34174421429634094,-0.0986834466457367,-0.5761679410934448,-0.24608123302459717
0.0,0.0,0.0,0.3503294885158539,-0.1291385143995285,-0.13295206427574158,0.5826508402824402,-0.5025246739387512,-0.2080860584974289,0.6311224102973938,-0.8857998847961426,-0.2939852476119995,0.48346853256225586,-1.1693819761276245,-0.37846696376800537,0.43598437309265137,-0.9816756248474121,-0.07673472166061401,0.5363467335700989,-1.377956509590149,-0.2004431039094925,0.6377808451652527,-1.6505895853042603,-0.23418785631656647,0.6868557929992676,-1.8748499155044556,-0.2520141899585724,0.18942438066005707,-0.9771742820739746,-0.09617144614458084,0.39090079069137573,-1.1545850038528442,-0.2985425889492035,0.38644102215766907,-0.7184488773345947,-0.2726377844810486,0.27807608246803284,-0.5874488353729248,-0.18867811560630798,-0.016638869419693947,-0.9206357598304749,-0.13949470221996307,0.1880539506673813,-1.0578370094299316,-0.4159199595451355,0.20707842707633972,-0.6326227188110352,-0.31589555740356445,0.0848555713891983,-0.5298309326171875,-0.17063254117965698,-0.24073165655136108,-0.8366439938545227,-0.18767370283603668,-0.010333104059100151,-0.9657686352729797,-0.3840721845626831,0.031689584255218506,-0.6768754720687866,-0.3042961657047272,-0.07476885616779327,-0.585554301738739,-0.19792191684246063
0.0,0.0,0.0,0.33146142959594727,-0.14542968571186066,-0.11199120432138443,0.5700843334197998,-0.5160102844238281,-0.18663093447685242,0.6082103252410889,-0.8860409259796143,-0.27752718329429626,0.4431650936603546,-1.1491037607192993,-0.3683277368545532,0.39904290437698364,-0.9898567199707031,-0.03953544422984123,0.49704238772392273,-1.336309790611267,-0.1572590172290802,0.5992198586463928,-1.5937113761901855,-0.190109983086586,0.6564139723777771,-1.800188422203064,-0.20720893144607544,0.15728861093521118,-0.9850402474403381,-0.07039909809827805,0.3694469928741455,-1.160298466682434,-0.27272090315818787,0.36999332904815674,-0.720022439956665,-0.2545046806335449,0.2674662470817566,-0.5822502970695496,-0.17216837406158447,-0.03927863389253616,-0.9268091917037964,-0.12315446883440018,0.18019279837608337,-1.056471347808838,-0.3955756425857544,0.20268522202968597,-0.6325170993804932,-0.2984989881515503,0.07909556478261948,-0.5210575461387634,-0.15336935222148895,-0.25847214460372925,-0.8350690603256226,-0.17917543649673462,-0.012836042791604996,-0.9573228359222412,-0.3720315098762512,0.029969660565257072,-0.6689479351043701,-0.2929253578186035,-0.07826215773820877,-0.5733393430709839,-0.18598249554634094
0.0,0.0,0.0,0.35983747243881226,-0.15042157471179962,-0.13346515595912933,0.594403862953186,-0.5194723606109619,-0.21292035281658173,0.6308203339576721,-0.891488790512085,-0.3060275614261627,0.4709419310092926,-1.1700176000595093,-0.39734309911727905,0.42336028814315796,-0.9877457022666931,-0.06952806562185287,0.5364499092102051,-1.3890255689620972,-0.19714012742042542,0.6442335844039917,-1.6643116474151611,-0.23585955798625946,0.6995219588279724,-1.8944344520568848,-0.2585078179836273,0.1771043986082077,-0.9796693921089172,-0.09424386918544769,0.38896694779396057,-1.169121503829956,-0.31542637944221497,0.39129477739334106,-0.7269752621650696,-0.30120277404785156,0.28830891847610474,-0.5794095993041992,-0.22062277793884277,-0.02722669392824173,-0.9217240810394287,-0.14295914769172668,0.19879722595214844,-1.061976432800293,-0.4327651560306549,0.2158716320991516,-0.6291052103042603,-0.3342151939868927,0.09136559069156647,-0.5116403698921204,-0.18478374183177948,-0.24930208921432495,-0.832862913608551,-0.19715984165668488,0.0031037558801472187,-0.9636093974113464,-0.40433332324028015,0.04053989797830582,-0.6761516332626343,-0.32747817039489746,-0.07542085647583008,-0.5815141797065735,-0.21999512612819672
0.0,0.0,0.0,0.38317641615867615,-0.15884608030319214,-0.14781250059604645,0.6055017709732056,-0.5357998013496399,-0.21889182925224304,0.6427431106567383,-0.9089522361755371,-0.29823145270347595,0.49167516827583313,-1.1888259649276733,-0.3754492998123169,0.4442373216152191,-0.9839056730270386,-0.08993446081876755,0.5664816498756409,-1.4416619539260864,-0.22664426267147064,0.6759662628173828,-1.7340811491012573,-0.28252002596855164,0.7204484939575195,-1.9887795448303223,-0.3197295069694519,0.1994788497686386,-0.9740416407585144,-0.10700901597738266,0.3884967863559723,-1.184014916419983,-0.3441115617752075,0.392657995223999,-0.757621169090271,-0.34844180941581726,0.2811319828033447,-0.5899014472961426,-0.2837064266204834,-0.020429329946637154,-0.9134159684181213,-0.14901256561279297,0.19091065227985382,-1.068005084991455,-0.4458887279033661,0.20379485189914703,-0.6454391479492188,-0.3612721264362335,0.07955754548311234,-0.5254130959510803,-0.22276216745376587,-0.25507959723472595,-0.8281546235084534,-0.19789721071720123,-0.021946705877780914,-0.9571666121482849,-0.40634775161743164,0.016009345650672913,-0.680870532989502,-0.3362096846103668,-0.10232684016227722,-0.5932775139808655,-0.23556163907051086
0.0,0.0,0.0,0.3660235106945038,-0.14667092263698578,-0.14309684932231903,0.591245174407959,-0.540712296962738,-0.21761135756969452,0.6192943453788757,-0.9223085045814514,-0.30075958371162415,0.4484117925167084,-1.1986180543899536,-0.38302716612815857,0.42293041944503784,-0.9921982288360596,-0.10593274980783463,0.5414625406265259,-1.4476836919784546,-0.2402125895023346,0.6500977873802185,-1.738802433013916,-0.28833410143852234,0.6965290904045105,-1.9875727891921997,-0.31975266337394714,0.17085763812065125,-0.9771438241004944,-0.12648124992847443,0.36269134283065796,-1.1765880584716797,-0.34998568892478943,0.3615407645702362,-0.7397814989089966,-0.3387722671031952,0.24534647166728973,-0.5876688957214355,-0.26740550994873047,-0.049086589366197586,-0.9124472737312317,-0.17023858428001404,0.1571750044822693,-1.0762733221054077,-0.45871052145957947,0.1787215918302536,-0.6454167366027832,-0.36046087741851807,0.052271511405706406,-0.5295456647872925,-0.21709823608398438,-0.28540098667144775,-0.8219810128211975,-0.22034552693367004,-0.0597706101834774,-0.9731835126876831,-0.4248824119567871,-0.010107932612299919,-0.6865999102592468,-0.3432818055152893,-0.12294851988554001,-0.5854886770248413,-0.2365240454673767
0.0,0.0,0.0,0.3759159743785858,-0.15495406091213226,-0.13809233903884888,0.5889101028442383,-0.554404079914093,-0.20422250032424927,0.6170282363891602,-0.9310533404350281,-0.2801893353462219,0.46333277225494385,-1.211906909942627,-0.35631412267684937,0.42415136098861694,-0.9954752922058105,-0.08645586669445038,0.5342569351196289,-1.458592414855957,-0.2198820263147354,0.638444721698761,-1.7564783096313477,-0.2755187153816223,0.6801850199699402,-2.0154998302459717,-0.313127726316452,0.178080752491951,-0.9779669046401978,-0.10894068330526352,0.3723203241825104,-1.1916276216506958,-0.34265291690826416,0.38881218433380127,-0.7663247585296631,-0.34751346707344055,0.2759126126766205,-0.5933787822723389,-0.2834457755088806,-0.044695232063531876,-0.9078764915466309,-0.1544542908668518,0.16868822276592255,-1.0767711400985718,-0.4512101113796234,0.20179879665374756,-0.6514269709587097,-0.36507195234298706,0.08072903007268906,-0.5261253714561462,-0.22583545744419098,-0.2823702394962311,-0.8136740326881409,-0.205138698220253,-0.0342528261244297,-0.9648264646530151,-0.4135570526123047,0.019586749374866486,-0.6720863580703735,-0.3353501558303833,-0.09317563474178314,-0.5648027062416077,-0.22916404902935028
0.0,0.0,0.0,0.3468662202358246,-0.1370595097541809,-0.119458869099617,0.560329794883728,-0.535926103591919,-0.17850854992866516,0.5658990144729614,-0.8946410417556763,-0.24420906603336334,0.40108761191368103,-1.1235733032226562,-0.31192833185195923,0.40042707324028015,-1.0066487789154053,-0.1356087476015091,0.5171895623207092,-1.4952847957611084,-0.27205613255500793,0.6043524742126465,-1.7885353565216064,-0.3416924774646759,0.6314612030982971,-2.0520758628845215,-0.3946020007133484,0.13672280311584473,-0.9764222502708435,-0.16705229878425598,0.29233330488204956,-1.1788805723190308,-0.39256900548934937,0.3122316598892212,-0.781833291053772,-0.41486355662345886,0.22400251030921936,-0.6204773783683777,-0.38079312443733215,-0.09647359699010849,-0.8842326998710632,-0.21230359375476837,0.08647236973047256,-1.0332767963409424,-0.47436749935150146,0.13752096891403198,-0.6603165864944458,-0.39675867557525635,0.04913332313299179,-0.5444512963294983,-0.2844133973121643,-0.3302578032016754,-0.7583292126655579,-0.2630898952484131,-0.12192732840776443,-0.9108856320381165,-0.437668114900589,-0.041661106050014496,-0.6625131964683533,-0.35464876890182495,-0.11759786307811737,-0.5507481098175049,-0.25769707560539246
0.0,0.0,0.0,0.342878133058548,-0.17380844056606293,-0.1292271912097931,0.5266974568367004,-0.5764539837837219,-0.18083979189395905,0.49386483430862427,-0.9094891548156738,-0.23507601022720337,0.32333117723464966,-1.1258286237716675,-0.28933361172676086,0.39234548807144165,-1.0223201513290405,-0.12435784935951233,0.4833546280860901,-1.4949077367782593,-0.25175774097442627,0.5513162612915039,-1.7916371822357178,-0.3136623203754425,0.5596173405647278,-2.050330400466919,-0.35959702730178833,0.12749604880809784,-0.9809798002243042,-0.14636744558811188,0.22701360285282135,-1.198227882385254,-0.3660924434661865,0.28102073073387146,-0.8166717290878296,-0.3842068612575531,0.23291069269180298,-0.6274424195289612,-0.34253525733947754,-0.1096838191151619,-0.8771126866340637,-0.1850094497203827,0.020387807860970497,-1.0264379978179932,-0.44486314058303833,0.10332220792770386,-0.6595849394798279,-0.3751624524593353,0.04913940280675888,-0.5296240448951721,-0.26301664113998413,-0.34624171257019043,-0.7436705827713013,-0.23002421855926514,-0.19049787521362305,-0.8967800736427307,-0.4017992615699768,-0.09588003158569336,-0.6560350656509399,-0.3267532289028168,-0.14314419031143188,-0.5457556843757629,-0.233753964304924
0.0,0.0,0.0,0.34187132120132446,-0.19207994639873505,-0.16499851644039154,0.4968796968460083,-0.5900594592094421,-0.2284109890460968,0.3963899612426758,-0.9216013550758362,-0.2845291793346405,0.2479860633611679,-1.1648216247558594,-0.3328371047973633,0.39632365107536316,-1.0134682655334473,-0.14206089079380035,0.4916478991508484,-1.4836317300796509,-0.2801498472690582,0.5604081749916077,-1.7846012115478516,-0.34460121393203735,0.5660737752914429,-2.04516863822937,-0.39182499051094055,0.11930198222398758,-0.9814080595970154,-0.15035077929496765,0.19229519367218018,-1.2120097875595093,-0.3783772587776184,0.23947900533676147,-0.8274064064025879,-0.39207327365875244,0.20257872343063354,-0.6420563459396362,-0.3425191640853882,-0.12236375361680984,-0.8830487132072449,-0.1813989132642746,-0.014480083249509335,-1.0213085412979126,-0.45039650797843933,0.06923277676105499,-0.6481798887252808,-0.38087227940559387,0.03100516088306904,-0.5361485481262207,-0.2645229399204254,-0.35404157638549805,-0.7490252256393433,-0.22266748547554016,-0.21274566650390625,-0.8725777268409729,-0.4044610857963562,-0.12219036370515823,-0.6235573291778564,-0.3392143249511719,-0.16098105907440186,-0.5390722751617432,-0.25045230984687805
0.0,0.0,0.0,0.33772245049476624,-0.19675135612487793,-0.14595793187618256,0.48915550112724304,-0.5986630320549011,-0.20033004879951477,0.37091630697250366,-0.9133062958717346,-0.2513314485549927,0.20150822401046753,-1.1264194250106812,-0.29685401916503906,0.39889493584632874,-1.0204964876174927,-0.1289585679769516,0.4990377128124237,-1.4976532459259033,-0.26635318994522095,0.5687586069107056,-1.796022891998291,-0.3376747965812683,0.5800386071205139,-2.057142496109009,-0.38972407579421997,0.11505410075187683,-0.9824336767196655,-0.14692407846450806,0.18233643472194672,-1.1976960897445679,-0.39048826694488525,0.21975913643836975,-0.8250048756599426,-0.42528948187828064,0.18579891324043274,-0.6232989430427551,-0.38889211416244507,-0.1340857297182083,-0.8781840801239014,-0.1831076741218567,-0.03723932057619095,-1.0088540315628052,-0.4525538980960846,0.04018639773130417,-0.6448514461517334,-0.3905697762966156,0.01242918148636818,-0.5162299871444702,-0.27896848320961,-0.3719780743122101,-0.7380585074424744,-0.22773678600788116,-0.2434755563735962,-0.8647377490997314,-0.39819014072418213,-0.1563509851694107,-0.6187047362327576,-0.32617050409317017,-0.18509891629219055,-0.5259329676628113,-0.23309220373630524
0.0,0.0,0.0,0.3205529749393463,-0.1944841593503952,-0.16110394895076752,0.46960780024528503,-0.5774449706077576,-0.23067770898342133,0.3553125560283661,-0.9004642367362976,-0.29838070273399353,0.18925298750400543,-1.1332497596740723,-0.36185044050216675,0.3790742754936218,-1.0231983661651611,-0.13556227087974548,0.4765731990337372,-1.5071022510528564,-0.28255510330200195,0.5340278148651123,-1.813302755355835,-0.3568875789642334,0.532733142375946,-2.0740773677825928,-0.4073900580406189,0.09834641218185425,-0.984581708908081,-0.14466093480587006,0.14959675073623657,-1.1983819007873535,-0.3976241946220398,0.18633019924163818,-0.8164697289466858,-0.42758646607398987,0.16215069591999054,-0.6085317730903625,-0.38254135847091675,-0.15005119144916534,-0.8801374435424805,-0.1743924766778946,-0.07030545920133591,-1.0107998847961426,-0.4535099267959595,0.006218614522367716,-0.6416165828704834,-0.3824128210544586,-0.012500803917646408,-0.4988757073879242,-0.2587752640247345,-0.3898008465766907,-0.743713915348053,-0.21369095146656036,-0.2691410183906555,-0.8792139291763306,-0.3904326260089874,-0.18279428780078888,-0.6241908669471741,-0.3128337860107422,-0.20063550770282745,-0.5163185596466064,-0.2103397250175476
0.0,0.0,0.0,0.29682815074920654,-0.19549418985843658,-0.18684516847133636,0.43690064549446106,-0.5566781759262085,-0.2832874655723572,0.3168652653694153,-0.8629596829414368,-0.3743276000022888,0.146906316280365,-1.0811214447021484,-0.45733168721199036,0.37071067094802856,-1.0295546054840088,-0.16340893507003784,0.4501301348209381,-1.5074467658996582,-0.328744113445282,0.48826029896736145,-1.8124885559082031,-0.4086572229862213,0.4800649583339691,-2.060549020767212,-0.4592050015926361,0.09171029925346375,-0.9816856980323792,-0.16698051989078522,0.09258712828159332,-1.1960583925247192,-0.4345945417881012,0.13338921964168549,-0.8187568187713623,-0.4640391170978546,0.14516377449035645,-0.6303585171699524,-0.41457217931747437,-0.1601104885339737,-0.8734919428825378,-0.19415521621704102,-0.13567166030406952,-0.9915487170219421,-0.4836759865283966,-0.038124218583106995,-0.6295446753501892,-0.4081738591194153,-0.015599209815263748,-0.49091780185699463,-0.27774885296821594,-0.4030875265598297,-0.7295750379562378,-0.23418445885181427,-0.34726956486701965,-0.8506457209587097,-0.41789087653160095,-0.23504336178302765,-0.6008145809173584,-0.3400733768939972,-0.20918667316436768,-0.49557745456695557,-0.23342344164848328
0.0,0.0,0.0,0.29566511511802673,-0.19459304213523865,-0.18284013867378235,0.4369979202747345,-0.5530359148979187,-0.2828006148338318,0.32289841771125793,-0.8598151206970215,-0.3788638412952423,0.1428273618221283,-1.0826609134674072,-0.46735113859176636,0.36652326583862305,-1.0296101570129395,-0.17142342031002045,0.4485994279384613,-1.508241891860962,-0.3443368673324585,0.4922262132167816,-1.8158756494522095,-0.42994049191474915,0.4851129651069641,-2.067497968673706,-0.4855615198612213,0.0853351280093193,-0.9796550273895264,-0.181642547249794,0.09940481185913086,-1.1858574151992798,-0.45441895723342896,0.1433916985988617,-0.8008674383163452,-0.48787757754325867,0.14581437408924103,-0.6238919496536255,-0.44376835227012634,-0.16482040286064148,-0.8651851415634155,-0.21442671120166779,-0.12949848175048828,-0.9829224944114685,-0.505920946598053,-0.029373416677117348,-0.6180446147918701,-0.427833616733551,-0.013995724730193615,-0.48980289697647095,-0.2990358769893646,-0.4042752981185913,-0.7123950719833374,-0.2600284516811371,-0.34089547395706177,-0.8200445175170898,-0.44501376152038574,-0.22065459191799164,-0.571147620677948,-0.3661908805370331,-0.1993395835161209,-0.4754996597766876,-0.2612301707267761
0.0,0.0,0.0,0.27559366822242737,-0.17189204692840576,-0.17810538411140442,0.42976272106170654,-0.5201094150543213,-0.27649426460266113,0.3168032169342041,-0.8142883777618408,-0.3724555969238281,0.13257749378681183,-1.022692322731018,-0.460522323846817,0.36620989441871643,-1.0268710851669312,-0.16832943260669708,0.4482397735118866,-1.4991669654846191,-0.33820924162864685,0.48492297530174255,-1.7915558815002441,-0.4217228889465332,0.4766269326210022,-2.0361554622650146,-0.47761642932891846,0.08579549938440323,-0.9800713062286377,-0.17916251718997955,0.0986856147646904,-1.1133378744125366,-0.4429880380630493,0.143611878156662,-0.727628767490387,-0.47325244545936584,0.14889365434646606,-0.577043890953064,-0.4340277314186096,-0.16416878998279572,-0.8693650960922241,-0.2128087729215622,-0.14456850290298462,-0.93108069896698,-0.49472692608833313,-0.0324220210313797,-0.5736716985702515,-0.41796228289604187,-0.004509961698204279,-0.46254438161849976,-0.29891055822372437,-0.40263423323631287,-0.7203224301338196,-0.25993603467941284,-0.3501938283443451,-0.7657763361930847,-0.4433138370513916,-0.2215648740530014,-0.5171804428100586,-0.3711170554161072,-0.18527424335479736,-0.4354083240032196,-0.27326500415802
0.0,0.0,0.0,0.27197495102882385,-0.1784285008907318,-0.1713520884513855,0.412473201751709,-0.519702136516571,-0.2613964378833771,0.29591724276542664,-0.7987446784973145,-0.34822914004325867,0.11625906080007553,-0.9955730438232422,-0.42551830410957336,0.34846755862236023,-1.0274142026901245,-0.15724195539951324,0.4195708930492401,-1.4884369373321533,-0.3201369047164917,0.45148858428001404,-1.7773264646530151,-0.4017931818962097,0.4408271610736847,-2.0175998210906982,-0.4560219347476959,0.07255850732326508,-0.982632040977478,-0.17079058289527893,0.07943203300237656,-1.1096457242965698,-0.4180561900138855,0.12754568457603455,-0.743111252784729,-0.4474126398563385,0.13804832100868225,-0.5941809415817261,-0.40920230746269226,-0.1746731996536255,-0.8719565272331238,-0.20738524198532104,-0.15563008189201355,-0.9172866940498352,-0.4732082486152649,-0.04167883098125458,-0.5773428082466125,-0.4051715135574341,-0.008582498878240585,-0.47650328278541565,-0.2941088080406189,-0.40410053730010986,-0.7190791368484497,-0.2577577829360962,-0.35668739676475525,-0.7537264227867126,-0.42683473229408264,-0.23035311698913574,-0.5214183926582336,-0.356732577085495,-0.19224438071250916,-0.4458466172218323,-0.26211845874786377
0.0,0.0,0.0,0.2744300067424774,-0.2050890177488327,-0.18256905674934387,0.41407063603401184,-0.5579895973205566,-0.2716226577758789,0.2989040017127991,-0.8355304002761841,-0.3542317748069763,0.13191309571266174,-1.0358209609985352,-0.42872563004493713,0.35626575350761414,-1.0259325504302979,-0.1559637188911438,0.4312819242477417,-1.4914647340774536,-0.31690800189971924,0.4651287794113159,-1.7838423252105713,-0.40140867233276367,0.4510529935359955,-2.027523994445801,-0.4571066200733185,0.08538233488798141,-0.983590304851532,-0.158933624625206,0.07587242126464844,-1.155151605606079,-0.4171154201030731,0.12726904451847076,-0.7917393445968628,-0.45132842659950256,0.14505848288536072,-0.6113803386688232,-0.40773168206214905,-0.16196592152118683,-0.8794601559638977,-0.18558697402477264,-0.15437497198581696,-0.9502293467521667,-0.4593125581741333,-0.050196096301078796,-0.6074486374855042,-0.3945489525794983,-0.017335249111056328,-0.484390527009964,-0.2767793536186218,-0.3926559388637543,-0.7372371554374695,-0.22618931531906128,-0.3482798635959625,-0.803450882434845,-0.40397146344184875,-0.23476050794124603,-0.5636658668518066,-0.3364056646823883,-0.19690367579460144,-0.4692339599132538,-0.23780085146427155
0.0,0.0,0.0,0.2834617495536804,-0.2045685052871704,-0.18544040620326996,0.4266710579395294,-0.5597825646400452,-0.2834536135196686,0.3016126751899719,-0.8593316674232483,-0.3754017651081085,0.11447369307279587,-1.0689680576324463,-0.4613441228866577,0.3441535234451294,-1.0331250429153442,-0.16768726706504822,0.4241510331630707,-1.5102627277374268,-0.330339252948761,0.4697507917881012,-1.8078076839447021,-0.41425660252571106,0.4649169147014618,-2.0555102825164795,-0.4693460464477539,0.06593741476535797,-0.982439398765564,-0.1745428889989853,0.06216944754123688,-1.1886004209518433,-0.44448375701904297,0.1195005401968956,-0.8224929571151733,-0.4863552749156952,0.13261732459068298,-0.6266061663627625,-0.44688862562179565,-0.18255341053009033,-0.8662711381912231,-0.20259585976600647,-0.16687777638435364,-0.9805788397789001,-0.49028560519218445,-0.05577309429645538,-0.6264690160751343,-0.42176178097724915,-0.03113318607211113,-0.48084571957588196,-0.297515332698822,-0.41987866163253784,-0.710719883441925,-0.2430220991373062,-0.3765697181224823,-0.8328710198402405,-0.42838284373283386,-0.251773864030838,-0.5887551307678223,-0.3527046740055084,-0.21972337365150452,-0.47926414012908936,-0.2470974177122116
0.0,0.0,0.0,0.30049949884414673,-0.2114424854516983,-0.18541045486927032,0.44374555349349976,-0.5802488923072815,-0.27716660499572754,0.31152376532554626,-0.8949724435806274,-0.3625694215297699,0.1375562697649002,-1.1078685522079468,-0.4419934153556824,0.34687909483909607,-1.0407295227050781,-0.15072649717330933,0.4374634921550751,-1.5263047218322754,-0.3066384196281433,0.4915509819984436,-1.8303558826446533,-0.3861777186393738,0.48872607946395874,-2.0809569358825684,-0.43851563334465027,0.06593447923660278,-0.9858497977256775,-0.15411953628063202,0.07008746266365051,-1.2131274938583374,-0.4201498031616211,0.1360625922679901,-0.842583417892456,-0.46013376116752625,0.1423439085483551,-0.6443745493888855,-0.41688746213912964,-0.18421852588653564,-0.870570957660675,-0.17934022843837738,-0.16599799692630768,-1.0008100271224976,-0.46665915846824646,-0.053563207387924194,-0.6460114121437073,-0.39744138717651367,-0.03963844105601311,-0.5081117153167725,-0.27033737301826477,-0.42490530014038086,-0.7170186638832092,-0.216323584318161,-0.37821024656295776,-0.8616669178009033,-0.3989354074001312,-0.2544148862361908,-0.6160417795181274,-0.3181939721107483,-0.2339620739221573,-0.5031328797340393,-0.20845967531204224
0.0,0.0,0.0,0.3095186948776245,-0.20761963725090027,-0.18302901089191437,0.4493539035320282,-0.5805544257164001,-0.2727838456630707,0.33203309774398804,-0.9158174991607666,-0.35666683316230774,0.16075770556926727,-1.142045497894287,-0.4359329640865326,0.3590662181377411,-1.0312856435775757,-0.15059956908226013,0.4499363899230957,-1.5133384466171265,-0.3057045638561249,0.5069020390510559,-1.8159294128417969,-0.3842690885066986,0.5100650787353516,-2.064603805541992,-0.43591296672821045,0.08193324506282806,-0.985114574432373,-0.1511165052652359,0.090467669069767,-1.2127004861831665,-0.41094911098480225,0.14485184848308563,-0.8350244164466858,-0.44257768988609314,0.14917273819446564,-0.6300511360168457,-0.3954980969429016,-0.16811944544315338,-0.8770390748977661,-0.1738256812095642,-0.14731630682945251,-1.0197292566299438,-0.4607286751270294,-0.0446513295173645,-0.6561036109924316,-0.3877566456794739,-0.02921157330274582,-0.5020278692245483,-0.25884634256362915,-0.4126344919204712,-0.7302200794219971,-0.2078094631433487,-0.36320292949676514,-0.8794710636138916,-0.39763936400413513,-0.24343253672122955,-0.6281911134719849,-0.32168272137641907,-0.2179870754480362,-0.5042017698287964,-0.21509303152561188
0.0,0.0,0.0,0.3003290295600891,-0.2149249017238617,-0.18599507212638855,0.43628230690956116,-0.583382248878479,-0.28281742334365845,0.305425763130188,-0.9093441367149353,-0.37229615449905396,0.13295884430408478,-1.1258127689361572,-0.4569050669670105,0.3561585545539856,-1.0276859998703003,-0.16332599520683289,0.4502173662185669,-1.4990227222442627,-0.32486096024513245,0.5065378546714783,-1.795029878616333,-0.40815240144729614,0.5109533667564392,-2.040250062942505,-0.46246251463890076,0.07703332602977753,-0.9831311702728271,-0.16588838398456573,0.07030420750379562,-1.2132664918899536,-0.43324723839759827,0.1298264116048813,-0.8457513451576233,-0.47123128175735474,0.14607565104961395,-0.6416008472442627,-0.42794349789619446,-0.1743708848953247,-0.87624591588974,-0.1896640807390213,-0.16836145520210266,-1.0161752700805664,-0.4774485230445862,-0.06210121884942055,-0.6580115556716919,-0.4049285352230072,-0.03888127580285072,-0.49920469522476196,-0.2764807641506195,-0.416973352432251,-0.7258666157722473,-0.22530117630958557,-0.38006719946861267,-0.8738193511962891,-0.4136523902416229,-0.2606699466705322,-0.6251210570335388,-0.3359612822532654,-0.23102661967277527,-0.5003268718719482,-0.22754432260990143
0.0,0.0,0.0,0.3132924735546112,-0.2134411782026291,-0.1826038658618927,0.450553297996521,-0.5911105871200562,-0.262002557516098,0.31413453817367554,-0.925373375415802,-0.33375808596611023,0.14159515500068665,-1.1599138975143433,-0.4003082811832428,0.3755233883857727,-1.0248584747314453,-0.13257960975170135,0.47259458899497986,-1.4912925958633423,-0.2777992784976959,0.5268895030021667,-1.7789729833602905,-0.35264649987220764,0.531170666217804,-2.022287368774414,-0.4023810923099518,0.10206276178359985,-0.9861506223678589,-0.13072878122329712,0.09357068687677383,-1.2130216360092163,-0.3879433870315552,0.1404295563697815,-0.8447985649108887,-0.4289412200450897,0.14991387724876404,-0.6263279914855957,-0.3873648941516876,-0.14997848868370056,-0.8856821060180664,-0.15121416747570038,-0.14094297587871552,-1.029136061668396,-0.43723392486572266,-0.04658448323607445,-0.6630735397338867,-0.37631580233573914,-0.027785582467913628,-0.5015469193458557,-0.2535952031612396,-0.397841215133667,-0.7473996877670288,-0.18234208226203918,-0.35552889108657837,-0.9026554226875305,-0.3703947365283966,-0.24838800728321075,-0.6501436829566956,-0.30005770921707153,-0.2259705364704132,-0.5242807269096375,-0.19699600338935852
0.0,0.0,0.0,0.33994972705841064,-0.2171134203672409,-0.16731274127960205,0.46825075149536133,-0.5996982455253601,-0.2308799922466278,0.3463314175605774,-0.9402039051055908,-0.289745032787323,0.20374536514282227,-1.1960192918777466,-0.3448775112628937,0.39978349208831787,-1.015416145324707,-0.1103430986404419,0.5028151869773865,-1.4731037616729736,-0.24868841469287872,0.5545203685760498,-1.7628107070922852,-0.32077544927597046,0.5547889471054077,-2.0082058906555176,-0.3694572448730469,0.12872454524040222,-0.9854278564453125,-0.11118429899215698,0.12840601801872253,-1.226690411567688,-0.3567403256893158,0.16648776829242706,-0.8610280752182007,-0.39474940299987793,0.16623562574386597,-0.6366347670555115,-0.35257837176322937,-0.125783309340477,-0.8920875191688538,-0.13423015177249908,-0.11055541038513184,-1.0594655275344849,-0.4114952087402344,-0.019915681332349777,-0.6883445382118225,-0.3513772189617157,-0.005489263217896223,-0.5179774165153503,-0.2305399626493454,-0.3762839436531067,-0.7576197385787964,-0.16702838242053986,-0.33816981315612793,-0.9276942610740662,-0.35474056005477905,-0.22563697397708893,-0.6774835586547852,-0.28982576727867126,-0.19331058859825134,-0.543449878692627,-0.19113785028457642
0.0,0.0,0.0,0.3306591808795929,-0.2173217535018921,-0.17072664201259613,0.45468685030937195,-0.6035442352294922,-0.23381105065345764,0.32920271158218384,-0.9457430839538574,-0.2897855341434479,0.1913861781358719,-1.2086318731307983,-0.34038761258125305,0.3990512192249298,-1.0083593130111694,-0.11056631058454514,0.5046762824058533,-1.4474741220474243,-0.24239248037338257,0.5485424995422363,-1.7248554229736328,-0.3036898076534271,0.5408082008361816,-1.960496187210083,-0.3439261019229889,0.1260608583688736,-0.9862191677093506,-0.10714695602655411,0.12647756934165955,-1.2342932224273682,-0.33637505769729614,0.1634223610162735,-0.8591758608818054,-0.3590693473815918,0.16042499244213104,-0.6388519406318665,-0.3083347976207733,-0.12802834808826447,-0.8988797068595886,-0.12688292562961578,-0.11172342300415039,-1.074844479560852,-0.39729711413383484,-0.02723471261560917,-0.6886550188064575,-0.330059289932251,-0.02014313079416752,-0.51591956615448,-0.2051934003829956,-0.37890902161598206,-0.7665311694145203,-0.156068354845047,-0.3371494710445404,-0.9463547468185425,-0.3411121368408203,-0.23032443225383759,-0.6854748129844666,-0.27315065264701843,-0.20707844197750092,-0.5488533973693848,-0.17293091118335724
0.0,0.0,0.0,0.3408183753490448,-0.22482077777385712,-0.1721826195716858,0.4659230709075928,-0.6254525184631348,-0.23563648760318756,0.33227404952049255,-0.9838799238204956,-0.2918192744255066,0.1767321676015854,-1.2544200420379639,-0.34222540259361267,0.4046790599822998,-1.0051569938659668,-0.11000706255435944,0.5087342262268066,-1.450681209564209,-0.23579783737659454,0.5481393337249756,-1.730032205581665,-0.28760090470314026,0.5353734493255615,-1.9695985317230225,-0.32258325815200806,0.12842202186584473,-0.9858778715133667,-0.10748332738876343,0.1382168084383011,-1.2521677017211914,-0.33411893248558044,0.1731383055448532,-0.8598060011863708,-0.3492008149623871,0.16458731889724731,-0.648165225982666,-0.29280468821525574,-0.1266803741455078,-0.9065922498703003,-0.12770116329193115,-0.10691913217306137,-1.1143654584884644,-0.4025152921676636,-0.021746400743722916,-0.7030481696128845,-0.3244229257106781,-0.024843795225024223,-0.52595454454422,-0.1905333548784256,-0.3834030330181122,-0.7853341698646545,-0.1571604311466217,-0.34221965074539185,-0.9884617924690247,-0.34698203206062317,-0.2366279661655426,-0.714025616645813,-0.2727718651294708,-0.22605405747890472,-0.5716467499732971,-0.1676958203315735
0.0,0.0,0.0,0.3321610987186432,-0.23564478754997253,-0.1654205024242401,0.44469499588012695,-0.6244751214981079,-0.2295822948217392,0.31970158219337463,-0.9775334000587463,-0.2884606122970581,0.15376903116703033,-1.2375084161758423,-0.3425004482269287,0.39321938157081604,-1.006498098373413,-0.1014375165104866,0.49969199299812317,-1.4422203302383423,-0.22958138585090637,0.5404123067855835,-1.7260202169418335,-0.2852918803691864,0.5250163674354553,-1.9635188579559326,-0.3209152817726135,0.12185792624950409,-0.9872757196426392,-0.10216359794139862,0.11999071389436722,-1.2456445693969727,-0.3216368854045868,0.1660689264535904,-0.87242591381073,-0.33681726455688477,0.1638559103012085,-0.6677793264389038,-0.2819078862667084,-0.13119445741176605,-0.9072474241256714,-0.12582984566688538,-0.11930745095014572,-1.1034218072891235,-0.391611784696579,-0.025951888412237167,-0.7166026830673218,-0.31719133257865906,-0.02795073390007019,-0.5506736636161804,-0.18779070675373077,-0.3837890625,-0.7819430232048035,-0.15870799124240875,-0.3491002321243286,-0.9851663112640381,-0.3396773934364319,-0.23609761893749237,-0.7243121862411499,-0.2635514736175537,-0.22262616455554962,-0.5834409594535828,-0.15775440633296967
0.0,0.0,0.0,0.33398160338401794,-0.25541630387306213,-0.160634845495224,0.4349200427532196,-0.638005793094635,-0.22300465404987335,0.2949947416782379,-0.9852237701416016,-0.2838786840438843,0.12606188654899597,-1.24351966381073,-0.34133830666542053,0.389893501996994,-1.0145145654678345,-0.08642499893903732,0.48589566349983215,-1.4549692869186401,-0.22084859013557434,0.506367564201355,-1.7384179830551147,-0.286740779876709,0.47728464007377625,-1.975280523300171,-0.32870954275131226,0.11765825003385544,-0.9888298511505127,-0.09149883687496185,0.08524476736783981,-1.2594454288482666,-0.32557496428489685,0.13253600895404816,-0.8995610475540161,-0.3566336929798126,0.1492108702659607,-0.6797648072242737,-0.3092300593852997,-0.1442382037639618,-0.9028841853141785,-0.1199120581150055,-0.15391147136688232,-1.1026479005813599,-0.39273977279663086,-0.058827098459005356,-0.7206822037696838,-0.32648715376853943,-0.04273950308561325,-0.5344797968864441,-0.1982147991657257,-0.40477198362350464,-0.7716228365898132,-0.1577427089214325,-0.38877713680267334,-0.9904703497886658,-0.3378297686576843,-0.279645174741745,-0.7398540377616882,-0.26289838552474976,-0.2534768879413605,-0.5886634588241577,-0.15601399540901184
0.0,0.0,0.0,0.33303093910217285,-0.23322580754756927,-0.17378945648670197,0.4479431211948395,-0.6252683997154236,-0.24140603840351105,0.3086318075656891,-0.9776347875595093,-0.3037439286708832,0.12263231724500656,-1.2333317995071411,-0.3614749312400818,0.3987901508808136,-1.0133994817733765,-0.10466746240854263,0.48422399163246155,-1.4499764442443848,-0.23850052058696747,0.5021722316741943,-1.7308109998703003,-0.3061913251876831,0.4746842682361603,-1.9705170392990112,-0.35265395045280457,0.11818347871303558,-0.9875342845916748,-0.10396473109722137,0.10915921628475189,-1.2289196252822876,-0.33956584334373474,0.1557491272687912,-0.8593288064002991,-0.37333568930625916,0.16349966824054718,-0.6422853469848633,-0.33137327432632446,-0.14677099883556366,-0.89816814661026,-0.1262129843235016,-0.1353786587715149,-1.0844124555587769,-0.3992006182670593,-0.03908764198422432,-0.7023698091506958,-0.33234021067619324,-0.023375051096081734,-0.5203583240509033,-0.20825915038585663,-0.41053277254104614,-0.766478419303894,-0.15901684761047363,-0.3685762286186218,-0.9678776860237122,-0.3396221697330475,-0.25987106561660767,-0.7156877517700195,-0.26511940360069275,-0.23795151710510254,-0.5711366534233093,-0.1618632823228836
0.0,0.0,0.0,0.33405205607414246,-0.23292990028858185,-0.16502293944358826,0.4591222405433655,-0.6325510144233704,-0.22533252835273743,0.3362155854701996,-0.9785631895065308,-0.28118202090263367,0.16969895362854004,-1.235610008239746,-0.33191779255867004,0.39399877190589905,-1.0117539167404175,-0.09032535552978516,0.4787823557853699,-1.4341039657592773,-0.21512053906917572,0.5124486684799194,-1.7068703174591064,-0.27605104446411133,0.4966026544570923,-1.9374032020568848,-0.3183324337005615,0.12113580107688904,-0.9883452653884888,-0.09219404309988022,0.12421475350856781,-1.2459068298339844,-0.32208606600761414,0.16967608034610748,-0.8723739981651306,-0.353111207485199,0.16788803040981293,-0.6492663025856018,-0.30716270208358765,-0.13635846972465515,-0.9016779065132141,-0.11659612506628036,-0.11322479695081711,-1.0935646295547485,-0.3871801793575287,-0.021840300410985947,-0.7108650803565979,-0.3258186876773834,-0.017620854079723358,-0.5323958992958069,-0.20466336607933044,-0.39469820261001587,-0.77359539270401,-0.14985308051109314,-0.33769404888153076,-0.9535840749740601,-0.3351774513721466,-0.23096473515033722,-0.7029105424880981,-0.27133893966674805,-0.2168797254562378,-0.569314181804657,-0.17518498003482819
0.0,0.0,0.0,0.3244767487049103,-0.2357024997472763,-0.17445214092731476,0.45520517230033875,-0.6263720989227295,-0.2437000721693039,0.3443293571472168,-0.984817624092102,-0.3068413734436035,0.17651061713695526,-1.2521426677703857,-0.3645157217979431,0.3812516927719116,-1.009231448173523,-0.10168838500976562,0.482221394777298,-1.4385130405426025,-0.22882293164730072,0.5153016448020935,-1.7164926528930664,-0.2834007143974304,0.4977802336215973,-1.953064203262329,-0.319120854139328,0.11044567823410034,-0.9887973666191101,-0.10040609538555145,0.1301582008600235,-1.2618719339370728,-0.32733017206192017,0.16984163224697113,-0.8865295052528381,-0.34637126326560974,0.1631585955619812,-0.6741229891777039,-0.29142603278160095,-0.14166054129600525,-0.9071608781814575,-0.12289340049028397,-0.10273558646440506,-1.1031442880630493,-0.3943001627922058,-0.02376677095890045,-0.7173716425895691,-0.3228147625923157,-0.03248201683163643,-0.5495741367340088,-0.19399961829185486,-0.3981478810310364,-0.7874675393104553,-0.15494830906391144,-0.32712799310684204,-0.9730350375175476,-0.33793774247169495,-0.22851300239562988,-0.7113211154937744,-0.2660841643810272,-0.22718031704425812,-0.5790422558784485,-0.1640598177909851
0.0,0.0,0.0,0.31663116812705994,-0.24818463623523712,-0.1655392050743103,0.4243435561656952,-0.6341034173965454,-0.23387691378593445,0.29070767760276794,-0.9905045628547668,-0.2983359098434448,0.10323717445135117,-1.2437293529510498,-0.35841190814971924,0.3745020925998688,-1.018673300743103,-0.0938769280910492,0.4594711661338806,-1.4484692811965942,-0.21894875168800354,0.48256099224090576,-1.7257065773010254,-0.27539029717445374,0.45601266622543335,-1.9566940069198608,-0.31303709745407104,0.10185455530881882,-0.9900320768356323,-0.09727311879396439,0.08388850837945938,-1.2487332820892334,-0.3143509328365326,0.1408764123916626,-0.8905158638954163,-0.33558380603790283,0.15576443076133728,-0.6914856433868408,-0.2870025634765625,-0.153054341673851,-0.8996284604072571,-0.12341450899839401,-0.1526852399110794,-1.091516375541687,-0.38659170269966125,-0.04833062365651131,-0.7186919450759888,-0.31880107522010803,-0.035823527723550797,-0.5511893630027771,-0.195838063955307,-0.40837758779525757,-0.7654017806053162,-0.15897415578365326,-0.3811453580856323,-0.9609460234642029,-0.33834853768348694,-0.261528879404068,-0.7153149247169495,-0.26711857318878174,-0.2353087067604065,-0.5810123682022095,-0.1662837713956833
0.0,0.0,0.0,0.3194410800933838,-0.259621262550354,-0.17660894989967346,0.4217076003551483,-0.646405041217804,-0.24960023164749146,0.27631717920303345,-1.0004030466079712,-0.31591808795928955,0.08378416299819946,-1.2572706937789917,-0.37619492411613464,0.366317480802536,-1.0213195085525513,-0.11370328068733215,0.4559084177017212,-1.475970983505249,-0.24677014350891113,0.47972631454467773,-1.7625967264175415,-0.30145037174224854,0.4533894658088684,-2.0054543018341064,-0.33612215518951416,0.08981594443321228,-0.9894527792930603,-0.11365004628896713,0.07305175065994263,-1.2630351781845093,-0.3366246223449707,0.12367422878742218,-0.8805536031723022,-0.3486715257167816,0.13608397543430328,-0.6804235577583313,-0.2909281551837921,-0.16745345294475555,-0.8988268971443176,-0.13754211366176605,-0.16922442615032196,-1.108075737953186,-0.4125562906265259,-0.06514418125152588,-0.7096119523048401,-0.33249688148498535,-0.05235592648386955,-0.536996066570282,-0.19632774591445923,-0.42421242594718933,-0.7620272636413574,-0.17154398560523987,-0.4140995442867279,-0.979486882686615,-0.35791561007499695,-0.2875228226184845,-0.7210559844970703,-0.2768884301185608,-0.25590503215789795,-0.5752270817756653,-0.1659073829650879
0.0,0.0,0.0,0.33098509907722473,-0.243973046541214,-0.16020196676254272,0.43702998757362366,-0.6321514248847961,-0.22105996310710907,0.30129551887512207,-0.9871557950973511,-0.27920639514923096,0.12915174663066864,-1.2359695434570312,-0.33413857221603394,0.39146319031715393,-1.0176137685775757,-0.09770003706216812,0.4807127118110657,-1.472759485244751,-0.22734475135803223,0.5116782188415527,-1.760494351387024,-0.2939046323299408,0.49512550234794617,-2.0060641765594482,-0.34054267406463623,0.11807454377412796,-0.9875869154930115,-0.10358823090791702,0.08120136708021164,-1.261950969696045,-0.34188660979270935,0.13564294576644897,-0.9102838039398193,-0.38228893280029297,0.15669132769107819,-0.6780800223350525,-0.3430270552635193,-0.1399209350347519,-0.8941500186920166,-0.13014936447143555,-0.15579815208911896,-1.083579421043396,-0.40113693475723267,-0.04962819069623947,-0.7191662192344666,-0.3429534137248993,-0.020402276888489723,-0.5293906331062317,-0.22386017441749573,-0.3929036557674408,-0.7563706636428833,-0.16620564460754395,-0.3818841874599457,-0.951206624507904,-0.3481903374195099,-0.2660767436027527,-0.7146956920623779,-0.2831069827079773,-0.22628037631511688,-0.5693644881248474,-0.18565607070922852
0.0,0.0,0.0,0.34110307693481445,-0.24289260804653168,-0.15938545763492584,0.44972360134124756,-0.6334497928619385,-0.22046713531017303,0.3122119605541229,-0.9790675044059753,-0.2801060378551483,0.14132694900035858,-1.2313631772994995,-0.3373843729496002,0.3926115036010742,-1.0111287832260132,-0.09310987591743469,0.4878879189491272,-1.4598393440246582,-0.22572237253189087,0.5345761775970459,-1.7501368522644043,-0.29841333627700806,0.5289462804794312,-1.9990553855895996,-0.3485059440135956,0.11937075853347778,-0.9878671765327454,-0.09934327751398087,0.10675568878650665,-1.2403714656829834,-0.3405686914920807,0.15884988009929657,-0.8835811018943787,-0.38463616371154785,0.16278104484081268,-0.6518794298171997,-0.3478836417198181,-0.14085300266742706,-0.8994433283805847,-0.12678448855876923,-0.12327782064676285,-1.0776736736297607,-0.40041860938072205,-0.026919731870293617,-0.7071641087532043,-0.3441419005393982,-0.01999993994832039,-0.5193811058998108,-0.2257159948348999,-0.39899206161499023,-0.7690984010696411,-0.1632959544658661,-0.34886106848716736,-0.9592487812042236,-0.34485146403312683,-0.24294690787792206,-0.7154690623283386,-0.27729177474975586,-0.22894249856472015,-0.5694720149040222,-0.1778300404548645
0.0,0.0,0.0,0.3460162878036499,-0.22768689692020416,-0.15940245985984802,0.47132715582847595,-0.6341003179550171,-0.21950992941856384,0.3541510999202728,-0.989966630935669,-0.27841541171073914,0.19339442253112793,-1.2541826963424683,-0.3338225781917572,0.40980878472328186,-1.007589340209961,-0.09460354596376419,0.5060443878173828,-1.459677815437317,-0.22166234254837036,0.5607471466064453,-1.7494069337844849,-0.2841809391975403,0.5627927184104919,-1.9955021142959595,-0.32855650782585144,0.1358674019575119,-0.9857290983200073,-0.09938855469226837,0.14800208806991577,-1.2565600872039795,-0.33029159903526306,0.1938188225030899,-0.8815360069274902,-0.3607644736766815,0.18279984593391418,-0.653752326965332,-0.31652405858039856,-0.12112917751073837,-0.9003114104270935,-0.12553249299526215,-0.08937752991914749,-1.1043980121612549,-0.39338529109954834,0.003681401489302516,-0.7199251651763916,-0.32496967911720276,0.0008059499668888748,-0.5312410593032837,-0.20136922597885132,-0.3799804747104645,-0.7759562134742737,-0.16096371412277222,-0.32105910778045654,-0.9740985631942749,-0.34365060925483704,-0.213963583111763,-0.7264335751533508,-0.27502134442329407,-0.2051219642162323,-0.5843192934989929,-0.17715927958488464
0.0,0.0,0.0,0.33997392654418945,-0.22391174733638763,-0.17546354234218597,0.4552517831325531,-0.6310163140296936,-0.24257969856262207,0.3277636468410492,-0.9942036867141724,-0.30455154180526733,0.1652652621269226,-1.2690036296844482,-0.36185896396636963,0.3883686363697052,-1.010012149810791,-0.11744125932455063,0.4934554100036621,-1.4798754453659058,-0.25254398584365845,0.5533679723739624,-1.7787525653839111,-0.31076499819755554,0.5595906376838684,-2.0331473350524902,-0.3493273854255676,0.11209938675165176,-0.9867996573448181,-0.11687703430652618,0.13758647441864014,-1.25314462184906,-0.35664618015289307,0.17503924667835236,-0.8583875298500061,-0.3754594326019287,0.1583579182624817,-0.6366015076637268,-0.3192130923271179,-0.14164626598358154,-0.9034193158149719,-0.13979728519916534,-0.0980948880314827,-1.1077687740325928,-0.4238955080509186,-0.013888362795114517,-0.7003118991851807,-0.3452604115009308,-0.026471298187971115,-0.5194979906082153,-0.2090805172920227,-0.3963101804256439,-0.7817469239234924,-0.17248332500457764,-0.33863770961761475,-0.982603132724762,-0.3658512234687805,-0.23472140729427338,-0.71773761510849,-0.29096439480781555,-0.22936582565307617,-0.5784958600997925,-0.18489211797714233
0.0,0.0,0.0,0.3279261887073517,-0.24895045161247253,-0.15841607749462128,0.4275640547275543,-0.6423185467720032,-0.21934157609939575,0.30426719784736633,-0.9898087382316589,-0.27937036752700806,0.14038477838039398,-1.2451143264770508,-0.33702921867370605,0.370394229888916,-1.016381859779358,-0.09632085263729095,0.4679381549358368,-1.4827423095703125,-0.22813647985458374,0.5200613737106323,-1.778497338294983,-0.2926171123981476,0.5184912085533142,-2.0299124717712402,-0.33552491664886475,0.1019328162074089,-0.9894980788230896,-0.10248591750860214,0.09198708087205887,-1.2581160068511963,-0.33967435359954834,0.14847177267074585,-0.8908967971801758,-0.37154707312583923,0.15727496147155762,-0.6602270007133484,-0.3251197636127472,-0.15245577692985535,-0.8993313312530518,-0.13017703592777252,-0.1404489129781723,-1.0987333059310913,-0.40218597650527954,-0.03858226165175438,-0.7196042537689209,-0.33502596616744995,-0.02844647318124771,-0.5298437476158142,-0.20848685503005981,-0.40501725673675537,-0.7651795744895935,-0.16702769696712494,-0.3678956925868988,-0.9701672792434692,-0.34929221868515015,-0.254840612411499,-0.7231611013412476,-0.2770509719848633,-0.2349875420331955,-0.5747402906417847,-0.1731480211019516
0.0,0.0,0.0,0.32901325821876526,-0.24293914437294006,-0.1707235872745514,0.43128111958503723,-0.637546181678772,-0.23812146484851837,0.28525006771087646,-0.9906789064407349,-0.3017486035823822,0.10774388164281845,-1.2474329471588135,-0.3625856041908264,0.35842055082321167,-1.023837924003601,-0.10932677239179611,0.4516889750957489,-1.4932142496109009,-0.24704574048519135,0.49883994460105896,-1.7901428937911987,-0.3154566287994385,0.49287980794906616,-2.041069746017456,-0.3607107996940613,0.08697769790887833,-0.9900637865066528,-0.11049231886863708,0.07716412842273712,-1.2500618696212769,-0.3550986349582672,0.13235712051391602,-0.880875825881958,-0.3899933397769928,0.13959503173828125,-0.655767023563385,-0.34515702724456787,-0.16724830865859985,-0.8964089155197144,-0.13414284586906433,-0.15452978014945984,-1.082515835762024,-0.4152398407459259,-0.05387212336063385,-0.6992723345756531,-0.34983646869659424,-0.0452505461871624,-0.5174465179443359,-0.22285613417625427,-0.41975879669189453,-0.7621322274208069,-0.16732792556285858,-0.3813996911048889,-0.9602757096290588,-0.3547089993953705,-0.2682654857635498,-0.7059372663497925,-0.2821991741657257,-0.24917373061180115,-0.5615127086639404,-0.177353173494339
0.0,0.0,0.0,0.33058276772499084,-0.21723149716854095,-0.1682664006948471,0.4433419108390808,-0.612438976764679,-0.23373574018478394,0.3106664717197418,-0.9494678378105164,-0.2954806089401245,0.16785378754138947,-1.2067939043045044,-0.35174426436424255,0.38263002038002014,-1.0166586637496948,-0.10611184686422348,0.4726022481918335,-1.4765299558639526,-0.2408604621887207,0.5274707078933716,-1.7719532251358032,-0.31240516901016235,0.5302810072898865,-2.0203192234039307,-0.3620942234992981,0.10629983246326447,-0.9885147213935852,-0.10742031782865524,0.11440780758857727,-1.229983925819397,-0.3455287516117096,0.1704985350370407,-0.8669993281364441,-0.3841272294521332,0.1686430126428604,-0.6412160992622375,-0.3455958366394043,-0.14805041253566742,-0.8936878442764282,-0.13077546656131744,-0.10724668204784393,-1.0600024461746216,-0.39629194140434265,-0.009540378116071224,-0.6983487010002136,-0.33378803730010986,-0.006683350075036287,-0.5270978808403015,-0.21651388704776764,-0.3985413908958435,-0.7575607299804688,-0.1648128628730774,-0.3237922787666321,-0.9285802841186523,-0.3404180407524109,-0.21737012267112732,-0.6886237263679504,-0.27195513248443604,-0.20798303186893463,-0.5592865347862244,-0.1751396656036377
0.0,0.0,0.0,0.35145121812820435,-0.1987258642911911,-0.1495707482099533,0.4918644428253174,-0.6093860864639282,-0.19847159087657928,0.3582143187522888,-0.9500599503517151,-0.24596470594406128,0.22057263553142548,-1.2035480737686157,-0.2886621654033661,0.40723565220832825,-1.0130722522735596,-0.09246286749839783,0.5042564868927002,-1.4742094278335571,-0.2171863317489624,0.5753605365753174,-1.7682836055755615,-0.28669658303260803,0.5900501608848572,-2.0224297046661377,-0.33845189213752747,0.13818687200546265,-0.9852559566497803,-0.10087177157402039,0.1873880922794342,-1.2241121530532837,-0.3238154947757721,0.25033074617385864,-0.8856734037399292,-0.3663788139820099,0.22761327028274536,-0.6727713942527771,-0.33792176842689514,-0.1064806804060936,-0.8930732607841492,-0.12936554849147797,-0.021372856572270393,-1.054031491279602,-0.3875642418861389,0.07099340856075287,-0.7054369449615479,-0.3371979594230652,0.04959637299180031,-0.5503188967704773,-0.23470212519168854,-0.3511958718299866,-0.7647274732589722,-0.1664847731590271,-0.22202974557876587,-0.9179741740226746,-0.34446489810943604,-0.1277833729982376,-0.6792995929718018,-0.2876889705657959,-0.1460174173116684,-0.5606950521469116,-0.20346209406852722
0.0,0.0,0.0,0.38327255845069885,-0.1895320564508438,-0.14733555912971497,0.5618687868118286,-0.6054038405418396,-0.19779817759990692,0.46452999114990234,-0.9810771346092224,-0.2498796135187149,0.3150075674057007,-1.2427668571472168,-0.29918891191482544,0.4433221220970154,-1.0113353729248047,-0.08754763752222061,0.5545622706413269,-1.484930157661438,-0.21316994726657867,0.6377114653587341,-1.7821910381317139,-0.2738862931728363,0.6680083870887756,-2.0420305728912354,-0.317994087934494,0.17349949479103088,-0.9798514246940613,-0.09894018620252609,0.25807806849479675,-1.2536190748214722,-0.329560250043869,0.29575201869010925,-0.8593889474868774,-0.3554137647151947,0.24550586938858032,-0.6339136958122253,-0.3087611496448517,-0.0702868327498436,-0.8906909227371216,-0.13126198947429657,0.03872508928179741,-1.0914244651794434,-0.40177613496780396,0.09838956594467163,-0.7041475772857666,-0.32926106452941895,0.044257380068302155,-0.5381864309310913,-0.2053096741437912,-0.32837194204330444,-0.7721022963523865,-0.17155084013938904,-0.1791265308856964,-0.9623416662216187,-0.351809024810791,-0.09968529641628265,-0.7129470705986023,-0.2792346179485321,-0.14096330106258392,-0.5941746234893799,-0.18272876739501953
0.0,0.0,0.0,0.3716305196285248,-0.18792018294334412,-0.14484886825084686,0.5570773482322693,-0.608951985836029,-0.2007637768983841,0.4917360246181488,-0.9912629723548889,-0.25976648926734924,0.29147666692733765,-1.2379724979400635,-0.3183894753456116,0.4251338839530945,-1.0040591955184937,-0.09598621726036072,0.539667546749115,-1.4720737934112549,-0.21937640011310577,0.6300063729286194,-1.7660408020019531,-0.2769908010959625,0.6595876812934875,-2.026824474334717,-0.3212566077709198,0.16363506019115448,-0.9802401661872864,-0.11114320904016495,0.2517620325088501,-1.238929033279419,-0.3317553400993347,0.29815739393234253,-0.8477077484130859,-0.35164064168930054,0.24609003961086273,-0.6431586742401123,-0.306159645318985,-0.07890625298023224,-0.8930112719535828,-0.14611969888210297,0.04528509080410004,-1.091732382774353,-0.416085809469223,0.11531123518943787,-0.6925961375236511,-0.3380977511405945,0.05560571700334549,-0.5344918370246887,-0.21353743970394135,-0.3327113389968872,-0.7763559818267822,-0.18836890161037445,-0.17298917472362518,-0.9571974873542786,-0.3759975731372833,-0.09504867345094681,-0.6932568550109863,-0.30137547850608826,-0.1551215797662735,-0.5708557367324829,-0.20384757220745087
0.0,0.0,0.0,0.35889482498168945,-0.16980482637882233,-0.15391673147678375,0.5439621806144714,-0.582849383354187,-0.22650858759880066,0.5389466285705566,-0.9749051928520203,-0.3039937913417816,0.3401610851287842,-1.2379112243652344,-0.3816009759902954,0.41259074211120605,-0.9995436072349548,-0.10543522983789444,0.5288240313529968,-1.4595048427581787,-0.2364463061094284,0.6307891607284546,-1.7602232694625854,-0.29331132769584656,0.6677396297454834,-2.019779682159424,-0.3343793451786041,0.1575278788805008,-0.9799689054489136,-0.12184351682662964,0.2886147201061249,-1.2312304973602295,-0.3488712012767792,0.32967936992645264,-0.8234512209892273,-0.3593273460865021,0.2535780370235443,-0.6305315494537354,-0.30213698744773865,-0.07725917547941208,-0.8964616060256958,-0.16007781028747559,0.08589766174554825,-1.0829743146896362,-0.44351890683174133,0.1506333351135254,-0.67338627576828,-0.3607887923717499,0.0665501058101654,-0.5289021134376526,-0.22807472944259644,-0.32284480333328247,-0.7839797139167786,-0.20572710037231445,-0.1244366317987442,-0.9467840790748596,-0.4057518243789673,-0.048665620386600494,-0.6757587790489197,-0.33150604367256165,-0.12716197967529297,-0.5636232495307922,-0.2310042828321457
0.0,0.0,0.0,0.37537842988967896,-0.16792912781238556,-0.15074004232883453,0.5787726044654846,-0.5864555835723877,-0.21623757481575012,0.549744725227356,-0.97967928647995,-0.2868386209011078,0.35979127883911133,-1.2488586902618408,-0.35767269134521484,0.41705945134162903,-1.0038026571273804,-0.09552823752164841,0.5373988747596741,-1.4692965745925903,-0.2246663123369217,0.643635094165802,-1.7709757089614868,-0.2799251079559326,0.6795063614845276,-2.0331645011901855,-0.3207321763038635,0.15634509921073914,-0.981103777885437,-0.11398045718669891,0.3022632598876953,-1.2354413270950317,-0.35102376341819763,0.3386363685131073,-0.8090605735778809,-0.3663514256477356,0.24636279046535492,-0.6124791502952576,-0.30915042757987976,-0.07613804936408997,-0.8992102146148682,-0.1541445553302765,0.10019780695438385,-1.0902869701385498,-0.45089784264564514,0.1555575132369995,-0.661289393901825,-0.3695393204689026,0.05286922678351402,-0.5187456011772156,-0.23349350690841675,-0.3224572241306305,-0.7900155186653137,-0.20040814578533173,-0.1107485294342041,-0.9633750319480896,-0.4113920032978058,-0.04047032445669174,-0.6728916168212891,-0.3365652859210968,-0.1337352693080902,-0.5557767748832703,-0.23293986916542053
0.0,0.0,0.0,0.3600385785102844,-0.1599469929933548,-0.1424846053123474,0.5665554404258728,-0.549888014793396,-0.1992240995168686,0.5375977754592896,-0.8912672400474548,-0.25844547152519226,0.3724617660045624,-1.12798273563385,-0.3180267810821533,0.4064445495605469,-1.0106139183044434,-0.09848539531230927,0.5219769477844238,-1.4483288526535034,-0.2266114354133606,0.6077951192855835,-1.7395085096359253,-0.28803586959838867,0.6377796530723572,-1.997180461883545,-0.3312029540538788,0.1515011191368103,-0.9817317724227905,-0.11510918289422989,0.3008170425891876,-1.215154767036438,-0.34643229842185974,0.32423731684684753,-0.8018478155136108,-0.36937159299850464,0.24218708276748657,-0.5891850590705872,-0.3187776803970337,-0.07898196578025818,-0.8939555883407593,-0.15163804590702057,0.09463008493185043,-1.0698304176330566,-0.4346632659435272,0.1443893015384674,-0.6582704782485962,-0.3629762530326843,0.06201926991343498,-0.5105743408203125,-0.2349492311477661,-0.31809520721435547,-0.7752318382263184,-0.19356553256511688,-0.10955232381820679,-0.9573062062263489,-0.381370484828949,-0.039278656244277954,-0.6766006350517273,-0.30105456709861755,-0.11574245244264603,-0.5496529936790466,-0.1964615434408188
0.0,0.0,0.0,0.36527666449546814,-0.15174245834350586,-0.15180571377277374,0.5730075836181641,-0.5397416949272156,-0.2167118787765503,0.5270369052886963,-0.8970816135406494,-0.28239256143569946,0.3601500988006592,-1.1474053859710693,-0.34724968671798706,0.42116668820381165,-1.0110949277877808,-0.11962584406137466,0.5336899757385254,-1.4661160707473755,-0.2572875916957855,0.617067277431488,-1.7702796459197998,-0.3224540054798126,0.6434290409088135,-2.0366907119750977,-0.36888131499290466,0.15555846691131592,-0.9784408807754517,-0.13584917783737183,0.3042556643486023,-1.216834306716919,-0.3791142404079437,0.3336362838745117,-0.7879665493965149,-0.3969680368900299,0.25680258870124817,-0.5657203197479248,-0.3414483368396759,-0.08209042996168137,-0.8867342472076416,-0.17284297943115234,0.09198959916830063,-1.066340684890747,-0.46790462732315063,0.14828629791736603,-0.6402064561843872,-0.38630253076553345,0.06927251815795898,-0.4831464886665344,-0.25027838349342346,-0.3291148543357849,-0.7645947337150574,-0.21631008386611938,-0.11987970769405365,-0.9400110244750977,-0.4168263077735901,-0.04820511117577553,-0.6532816290855408,-0.3361416459083557,-0.12547925114631653,-0.5292643904685974,-0.22960896790027618
0.0,0.0,0.0,0.3617649972438812,-0.13355466723442078,-0.14867748320102692,0.5692248344421387,-0.5218207836151123,-0.2137824147939682,0.5557829141616821,-0.890134334564209,-0.27856308221817017,0.3650342524051666,-1.1328641176223755,-0.34152162075042725,0.435252845287323,-0.9929147958755493,-0.12700678408145905,0.5544599294662476,-1.452483057975769,-0.2623421847820282,0.642320990562439,-1.7492681741714478,-0.3228388726711273,0.6714785695075989,-2.0128393173217773,-0.3678063154220581,0.176299586892128,-0.9734621644020081,-0.1459106057882309,0.33108949661254883,-1.1933776140213013,-0.37387946248054504,0.3554654121398926,-0.7718300819396973,-0.3821195662021637,0.26879873871803284,-0.5883148908615112,-0.32668381929397583,-0.05974477529525757,-0.8918620347976685,-0.18517804145812988,0.11633516848087311,-1.0507047176361084,-0.4700976610183716,0.1664966195821762,-0.6303578019142151,-0.3860956132411957,0.07372232526540756,-0.5065739154815674,-0.2558225989341736,-0.30224335193634033,-0.7770299315452576,-0.2313872128725052,-0.09419751167297363,-0.9170064330101013,-0.42974814772605896,-0.027501150965690613,-0.6323440074920654,-0.3510855734348297,-0.11759992688894272,-0.53056800365448,-0.24975816905498505
0.0,0.0,0.0,0.36367687582969666,-0.12453769892454147,-0.14790888130664825,0.5703545808792114,-0.4959578216075897,-0.2175259292125702,0.5907906889915466,-0.8521506786346436,-0.2885064482688904,0.41021645069122314,-1.1057549715042114,-0.3595382571220398,0.44529542326927185,-0.9884322881698608,-0.12716655433177948,0.5752050876617432,-1.4376051425933838,-0.2602200210094452,0.6810280680656433,-1.7358438968658447,-0.3210306465625763,0.7200034856796265,-1.9973387718200684,-0.36569705605506897,0.19061578810214996,-0.970623254776001,-0.14681988954544067,0.35505765676498413,-1.1944916248321533,-0.36983221769332886,0.37163957953453064,-0.7689352631568909,-0.3753248155117035,0.2752929925918579,-0.5824406743049622,-0.31700316071510315,-0.044336337596178055,-0.889945924282074,-0.18692776560783386,0.1442633718252182,-1.0476404428482056,-0.46983349323272705,0.18561190366744995,-0.6263781189918518,-0.38781988620758057,0.08562321960926056,-0.5036618113517761,-0.2578190863132477,-0.28546589612960815,-0.7803402543067932,-0.23342932760715485,-0.06657440960407257,-0.924606204032898,-0.4328243136405945,-0.0009724490228109062,-0.6370688080787659,-0.35564160346984863,-0.08839451521635056,-0.5312047004699707,-0.25460731983184814
0.0,0.0,0.0,0.343944251537323,-0.15013761818408966,-0.14136499166488647,0.5486681461334229,-0.5197612643241882,-0.21976828575134277,0.5494900345802307,-0.874010443687439,-0.30310195684432983,0.3616101145744324,-1.1242619752883911,-0.38705864548683167,0.40376514196395874,-0.9951949119567871,-0.11569851636886597,0.5325303077697754,-1.423791527748108,-0.2525360584259033,0.6365433931350708,-1.7142568826675415,-0.3142921030521393,0.6796013712882996,-1.9681438207626343,-0.3576548993587494,0.14566682279109955,-0.9796078205108643,-0.13838204741477966,0.32139936089515686,-1.1921896934509277,-0.36670222878456116,0.33979567885398865,-0.7613616585731506,-0.3747524321079254,0.239195317029953,-0.5762118697166443,-0.31537744402885437,-0.08261965960264206,-0.8988772630691528,-0.18051810562610626,0.1098044216632843,-1.0431817770004272,-0.46437928080558777,0.15208031237125397,-0.6231276392936707,-0.3776501715183258,0.04716784507036209,-0.49729129672050476,-0.24204474687576294,-0.3194299638271332,-0.7852079272270203,-0.2282782346010208,-0.09737944602966309,-0.9248026609420776,-0.4231438636779785,-0.03234315291047096,-0.6373335719108582,-0.3390042185783386,-0.12432466447353363,-0.5293214321136475,-0.23129601776599884
0.0,0.0,0.0,0.3481033146381378,-0.17488941550254822,-0.13094782829284668,0.5200902819633484,-0.5747974514961243,-0.17854653298854828,0.46558624505996704,-0.9008071422576904,-0.22687488794326782,0.27883797883987427,-1.1103428602218628,-0.27484455704689026,0.4093310236930847,-1.0125521421432495,-0.11930327862501144,0.5295822620391846,-1.4841669797897339,-0.25008973479270935,0.6183944344520569,-1.777016520500183,-0.31788361072540283,0.6466268301010132,-2.0404579639434814,-0.3679387867450714,0.1445426195859909,-0.9789984226226807,-0.1437690258026123,0.2559371888637543,-1.222108244895935,-0.37498533725738525,0.29693734645843506,-0.8300726413726807,-0.40363574028015137,0.2438332736492157,-0.6126439571380615,-0.3647131025791168,-0.09817107021808624,-0.8798548579216003,-0.18461023271083832,0.02775806374847889,-1.0456349849700928,-0.4515474736690521,0.10450846701860428,-0.6633352041244507,-0.3825630843639374,0.05526868999004364,-0.5131465196609497,-0.26574409008026123,-0.3385874032974243,-0.7467392086982727,-0.23161867260932922,-0.18613792955875397,-0.9225878119468689,-0.40282395482063293,-0.09575629979372025,-0.6712892055511475,-0.32097524404525757,-0.1476602554321289,-0.549226701259613,-0.2212628275156021
0.0,0.0,0.0,0.3315667510032654,-0.20286932587623596,-0.15471887588500977,0.47985175251960754,-0.609360933303833,-0.2073182761669159,0.35231512784957886,-0.9399108290672302,-0.25589510798454285,0.16456814110279083,-1.1598373651504517,-0.30268594622612,0.3902781009674072,-1.0195260047912598,-0.12225686013698578,0.48782503604888916,-1.5004875659942627,-0.25111085176467896,0.554215133190155,-1.8004621267318726,-0.321719765663147,0.571609616279602,-2.070111036300659,-0.3740272521972656,0.12140295654535294,-0.9835597276687622,-0.13368453085422516,0.17387835681438446,-1.2355411052703857,-0.3699651062488556,0.22704903781414032,-0.8704378008842468,-0.4080604314804077,0.21505774557590485,-0.6276302337646484,-0.37226274609565735,-0.12364191561937332,-0.8816123008728027,-0.16342008113861084,-0.05017713084816933,-1.056341290473938,-0.42819318175315857,0.039883822202682495,-0.6832685470581055,-0.366240918636322,0.028484273701906204,-0.502800464630127,-0.25148165225982666,-0.3662113547325134,-0.7445191740989685,-0.2022361308336258,-0.263235479593277,-0.9273468255996704,-0.37442687153816223,-0.1690373569726944,-0.6770387887954712,-0.30061179399490356,-0.18065707385540009,-0.5409088730812073,-0.20343653857707977
0.0,0.0,0.0,0.329590380191803,-0.20059166848659515,-0.16184481978416443,0.4667038023471832,-0.5990581512451172,-0.22717517614364624,0.3245142698287964,-0.9304187297821045,-0.28948548436164856,0.12954171001911163,-1.1460235118865967,-0.3511330187320709,0.374838262796402,-1.0270118713378906,-0.13253283500671387,0.4599241018295288,-1.5114842653274536,-0.2716144621372223,0.5183013677597046,-1.8160789012908936,-0.34564393758773804,0.5294214487075806,-2.080988883972168,-0.39753150939941406,0.10177456587553024,-0.9848846793174744,-0.14015713334083557,0.14093786478042603,-1.2341450452804565,-0.39495721459388733,0.18432967364788055,-0.8500732779502869,-0.4348270893096924,0.17347906529903412,-0.6001428961753845,-0.3942837119102478,-0.14644160866737366,-0.8798093199729919,-0.16613800823688507,-0.08832394331693649,-1.0591169595718384,-0.4481881856918335,-0.000857107515912503,-0.6776326894760132,-0.3816300332546234,-0.0038725242484360933,-0.4848138689994812,-0.25707533955574036,-0.3940851390361786,-0.7416055202484131,-0.20070727169513702,-0.30450698733329773,-0.9357827305793762,-0.383899062871933,-0.20870165526866913,-0.6786362528800964,-0.30718889832496643,-0.21173115074634552,-0.5326457023620605,-0.20343992114067078
0.0,0.0,0.0,0.3203509747982025,-0.20973731577396393,-0.16478082537651062,0.4398235082626343,-0.599848210811615,-0.22946226596832275,0.3048854172229767,-0.9270064830780029,-0.2905310094356537,0.12394682317972183,-1.149659276008606,-0.349610835313797,0.35858628153800964,-1.0306158065795898,-0.12241391092538834,0.4435731768608093,-1.5054067373275757,-0.25418010354042053,0.501143753528595,-1.8050806522369385,-0.32357317209243774,0.5085727572441101,-2.0637476444244385,-0.37250471115112305,0.09252803772687912,-0.9875141382217407,-0.12749291956424713,0.10954111069440842,-1.23385488986969,-0.3668079674243927,0.16091278195381165,-0.8631343245506287,-0.40270760655403137,0.160417377948761,-0.6267871856689453,-0.3629642724990845,-0.15143072605133057,-0.8800119161605835,-0.15231230854988098,-0.11532099545001984,-1.0501447916030884,-0.4214816391468048,-0.024762963876128197,-0.6825440526008606,-0.3568040430545807,-0.021481817588210106,-0.5046688318252563,-0.23694373667240143,-0.3925577402114868,-0.7371779084205627,-0.1867486536502838,-0.32728826999664307,-0.9290919303894043,-0.35994765162467957,-0.2271421253681183,-0.6830790042877197,-0.2841586470603943,-0.2221752107143402,-0.5435462594032288,-0.1831502467393875
0.0,0.0,0.0,0.31527653336524963,-0.20266442000865936,-0.16447895765304565,0.4364134669303894,-0.5926637053489685,-0.2339838296175003,0.3052649199962616,-0.9258255362510681,-0.30032554268836975,0.12273229658603668,-1.157301425933838,-0.36406928300857544,0.36818069219589233,-1.0315102338790894,-0.1294177770614624,0.44638293981552124,-1.5077446699142456,-0.2651110887527466,0.4991535544395447,-1.8090509176254272,-0.33722183108329773,0.5026862621307373,-2.0683677196502686,-0.38888150453567505,0.09942276775836945,-0.9854631423950195,-0.1377587616443634,0.1130404993891716,-1.2334210872650146,-0.384353369474411,0.16682587563991547,-0.8565285205841064,-0.4228597581386566,0.16964635252952576,-0.6226571798324585,-0.3840225636959076,-0.14494596421718597,-0.8756822347640991,-0.1651044487953186,-0.10947107523679733,-1.0491820573806763,-0.4360751807689667,-0.013790625147521496,-0.681290328502655,-0.368704229593277,-0.007734662853181362,-0.5051534175872803,-0.24760350584983826,-0.3840957283973694,-0.7329453229904175,-0.20252755284309387,-0.3183261454105377,-0.9195310473442078,-0.3782113492488861,-0.21505384147167206,-0.6724985837936401,-0.30258995294570923,-0.2072499394416809,-0.5358941555023193,-0.2015785425901413
0.0,0.0,0.0,0.3201911747455597,-0.2170337289571762,-0.1503899246454239,0.4384734332561493,-0.6113826036453247,-0.2055784910917282,0.29531556367874146,-0.9246391654014587,-0.2600489854812622,0.12223171442747116,-1.1253422498703003,-0.3128134608268738,0.3581579029560089,-1.0341172218322754,-0.10770676285028458,0.43753546476364136,-1.5036674737930298,-0.23296552896499634,0.48844113945961,-1.7990723848342896,-0.30101895332336426,0.49260401725769043,-2.0521657466888428,-0.35006943345069885,0.09189008176326752,-0.9889329075813293,-0.11648178845643997,0.09898050129413605,-1.2227846384048462,-0.3504343032836914,0.15068933367729187,-0.866698145866394,-0.38858088850975037,0.15450553596019745,-0.6272265315055847,-0.35124439001083374,-0.14964042603969574,-0.8812160491943359,-0.1438683718442917,-0.1152510792016983,-1.0378453731536865,-0.39928537607192993,-0.025084584951400757,-0.6852330565452576,-0.33966901898384094,-0.019484510645270348,-0.5058561563491821,-0.22688817977905273,-0.3864666521549225,-0.7379368543624878,-0.18090787529945374,-0.32159292697906494,-0.9068343043327332,-0.3438998758792877,-0.22698506712913513,-0.6732898354530334,-0.27456778287887573,-0.21838964521884918,-0.5415305495262146,-0.1802653968334198
0.0,0.0,0.0,0.32474014163017273,-0.22227159142494202,-0.14830216765403748,0.4331536591053009,-0.6178827285766602,-0.20352354645729065,0.26749658584594727,-0.9328883290290833,-0.2595888376235962,0.08972262591123581,-1.1349470615386963,-0.31468573212623596,0.3562142848968506,-1.0389177799224854,-0.09553291648626328,0.4231927990913391,-1.5047377347946167,-0.22365649044513702,0.4641142189502716,-1.801624059677124,-0.2956337332725525,0.46058347821235657,-2.051647424697876,-0.346972793340683,0.08950997143983841,-0.9903702139854431,-0.10561655461788177,0.08257408440113068,-1.2228403091430664,-0.3454459011554718,0.13769927620887756,-0.8646239638328552,-0.38869914412498474,0.15376561880111694,-0.6230797171592712,-0.35309094190597534,-0.15386922657489777,-0.8800455331802368,-0.1345643848180771,-0.14220522344112396,-1.0508307218551636,-0.39707517623901367,-0.04518534615635872,-0.6978140473365784,-0.33736637234687805,-0.023268146440386772,-0.5061609148979187,-0.22187559306621552,-0.39565858244895935,-0.730452299118042,-0.17275042831897736,-0.3511805832386017,-0.9130605459213257,-0.344863623380661,-0.24960735440254211,-0.6775031685829163,-0.2764185965061188,-0.2254563271999359,-0.5349840521812439,-0.17961741983890533
0.0,0.0,0.0,0.3244755268096924,-0.20666059851646423,-0.15831440687179565,0.44982457160949707,-0.6037378907203674,-0.21336853504180908,0.28184157609939575,-0.9190090298652649,-0.26355820894241333,0.10933016240596771,-1.120663046836853,-0.3122965395450592,0.35262149572372437,-1.0368045568466187,-0.11259631812572479,0.4241447150707245,-1.4999324083328247,-0.23989416658878326,0.4730961322784424,-1.7951594591140747,-0.3118131160736084,0.47779831290245056,-2.048158884048462,-0.36409223079681396,0.08281991630792618,-0.9897354245185852,-0.11646799743175507,0.09319258481264114,-1.220252275466919,-0.3493206202983856,0.15010644495487213,-0.8575438857078552,-0.38725462555885315,0.1564466506242752,-0.6172519326210022,-0.35002100467681885,-0.15797139704227448,-0.8787679672241211,-0.13985423743724823,-0.12570703029632568,-1.033519983291626,-0.3993792235851288,-0.031217427924275398,-0.6744881272315979,-0.34006133675575256,-0.022970616817474365,-0.4957195818424225,-0.22693969309329987,-0.39552807807922363,-0.7282609939575195,-0.17267125844955444,-0.3346632421016693,-0.8981029987335205,-0.34333059191703796,-0.23607006669044495,-0.6520824432373047,-0.2752687335014343,-0.22501593828201294,-0.5187470316886902,-0.18079473078250885
0.0,0.0,0.0,0.31740984320640564,-0.23084230720996857,-0.161485493183136,0.4177894592285156,-0.6402149200439453,-0.21549855172634125,0.25109735131263733,-0.9663729071617126,-0.26507899165153503,0.0644633024930954,-1.183444857597351,-0.31233885884284973,0.31561100482940674,-1.0480756759643555,-0.10628290474414825,0.3817306458950043,-1.5170212984085083,-0.23439589142799377,0.42425990104675293,-1.8122754096984863,-0.29966187477111816,0.4214719831943512,-2.066089153289795,-0.34464630484580994,0.04921931400895119,-0.9927037954330444,-0.11007558554410934,0.06816906481981277,-1.2362279891967773,-0.339407354593277,0.13450905680656433,-0.8675983548164368,-0.3695458769798279,0.14202049374580383,-0.6394457817077637,-0.32558831572532654,-0.18894369900226593,-0.8804126381874084,-0.13515128195285797,-0.15049970149993896,-1.0478298664093018,-0.40757232904434204,-0.04708779603242874,-0.669751763343811,-0.34493014216423035,-0.0424196794629097,-0.492966890335083,-0.224032461643219,-0.42461347579956055,-0.7299461960792542,-0.1685253083705902,-0.3652171790599823,-0.9292239546775818,-0.3504507541656494,-0.2574034035205841,-0.6655553579330444,-0.2764221727848053,-0.24769869446754456,-0.5192534327507019,-0.17429928481578827
0.0,0.0,0.0,0.33329373598098755,-0.22154755890369415,-0.1522522270679474,0.43694743514060974,-0.6277106404304504,-0.20621348917484283,0.2598593831062317,-0.949032723903656,-0.2590648829936981,0.05704471096396446,-1.1450432538986206,-0.31155356764793396,0.33315202593803406,-1.0511635541915894,-0.10034573823213577,0.3865647315979004,-1.5188895463943481,-0.2245810627937317,0.4228628873825073,-1.8175513744354248,-0.2987164855003357,0.41520705819129944,-2.0678317546844482,-0.3531983494758606,0.06405430287122726,-0.991990327835083,-0.10886763781309128,0.06045634672045708,-1.2334928512573242,-0.3432610332965851,0.1370326429605484,-0.8909487724304199,-0.39371371269226074,0.1596905142068863,-0.6493282914161682,-0.36519837379455566,-0.17867527902126312,-0.8713549375534058,-0.13554264605045319,-0.15559153258800507,-1.0380111932754517,-0.39185893535614014,-0.03843257948756218,-0.6973076462745667,-0.3393663167953491,-0.01530108880251646,-0.5097699761390686,-0.23160366714000702,-0.4152802526950836,-0.7148619890213013,-0.17172852158546448,-0.35388392210006714,-0.8949685096740723,-0.33981332182884216,-0.24373513460159302,-0.6680212616920471,-0.2736423909664154,-0.22625774145126343,-0.5261709690093994,-0.1807427704334259
0.0,0.0,0.0,0.3334948420524597,-0.21865569055080414,-0.14768335223197937,0.4547123908996582,-0.6382246017456055,-0.19549670815467834,0.3033512234687805,-0.9703018069267273,-0.24431513249874115,0.08372131735086441,-1.1641372442245483,-0.29426857829093933,0.33895304799079895,-1.0481791496276855,-0.08206608146429062,0.3973156213760376,-1.5147881507873535,-0.19837072491645813,0.43571093678474426,-1.8110707998275757,-0.26669758558273315,0.427793025970459,-2.064042091369629,-0.31907787919044495,0.07362579554319382,-0.9930318593978882,-0.09201561659574509,0.08176406472921371,-1.2414833307266235,-0.3277108669281006,0.15436314046382904,-0.8840853571891785,-0.37896859645843506,0.16484229266643524,-0.6352664828300476,-0.34925365447998047,-0.1653742492198944,-0.8753329515457153,-0.11995325982570648,-0.1318913847208023,-1.0524171590805054,-0.3814390003681183,-0.020146969705820084,-0.7005683183670044,-0.3315630853176117,-0.00889250636100769,-0.5119619965553284,-0.22321943938732147,-0.40180498361587524,-0.7258947491645813,-0.15641967952251434,-0.334290474653244,-0.9114061594009399,-0.33129292726516724,-0.22349496185779572,-0.6757388710975647,-0.26928144693374634,-0.2101142406463623,-0.5332353115081787,-0.1786596029996872
0.0,0.0,0.0,0.3389959931373596,-0.22405479848384857,-0.1466851383447647,0.44817501306533813,-0.6384800672531128,-0.19307157397270203,0.29553860425949097,-0.9640930891036987,-0.2404165267944336,0.0920441746711731,-1.1568642854690552,-0.28789639472961426,0.32644447684288025,-1.0511118173599243,-0.08559035509824753,0.3741803765296936,-1.5225574970245361,-0.20337332785129547,0.40849390625953674,-1.824173092842102,-0.27410033345222473,0.3990914225578308,-2.076943874359131,-0.3270803391933441,0.06557035446166992,-0.9935335516929626,-0.0926910787820816,0.05852378159761429,-1.2358039617538452,-0.32278886437416077,0.14067789912223816,-0.9006664156913757,-0.3740110993385315,0.16639283299446106,-0.6592657566070557,-0.34588342905044556,-0.16893038153648376,-0.8737103939056396,-0.11759192496538162,-0.14313770830631256,-1.0454570055007935,-0.3654685318470001,-0.025080356746912003,-0.7162915468215942,-0.3163835108280182,-0.0012256753398105502,-0.5333463549613953,-0.21263457834720612,-0.3959062099456787,-0.7202314138412476,-0.15232133865356445,-0.3320945203304291,-0.8904460072517395,-0.3159629702568054,-0.22137774527072906,-0.672278106212616,-0.25674405694007874,-0.19794636964797974,-0.5387521982192993,-0.16995501518249512
0.0,0.0,0.0,0.31708529591560364,-0.22544632852077484,-0.14522790908813477,0.4335663914680481,-0.6448701024055481,-0.19255496561527252,0.276981920003891,-0.9698202013969421,-0.23988331854343414,0.059891752898693085,-1.1580126285552979,-0.2875739634037018,0.31301993131637573,-1.0539162158966064,-0.08910705894231796,0.35290464758872986,-1.521074652671814,-0.20643185079097748,0.377616822719574,-1.8160141706466675,-0.2742709815502167,0.35903140902519226,-2.066422700881958,-0.3264250159263611,0.0501534640789032,-0.9938866496086121,-0.09835633635520935,0.035154540091753006,-1.2327085733413696,-0.32423052191734314,0.12228293716907501,-0.8859124183654785,-0.36893534660339355,0.153542622923851,-0.6561446785926819,-0.33869487047195435,-0.18344423174858093,-0.8695486783981323,-0.1253248155117035,-0.16768158972263336,-1.0340989828109741,-0.3730655908584595,-0.044474780559539795,-0.6990244388580322,-0.31887996196746826,-0.017542624846100807,-0.5280745029449463,-0.21370169520378113,-0.41264742612838745,-0.7128341197967529,-0.161532461643219,-0.3599814474582672,-0.877923846244812,-0.3249978721141815,-0.24494466185569763,-0.6504971981048584,-0.26181045174598694,-0.22003614902496338,-0.5216413736343384,-0.1735282838344574
0.0,0.0,0.0,0.32052081823349,-0.22247305512428284,-0.15294013917446136,0.4335843622684479,-0.6423617005348206,-0.19757835566997528,0.26754674315452576,-0.9549100399017334,-0.23915192484855652,0.0490693598985672,-1.1242684125900269,-0.27917033433914185,0.29331088066101074,-1.0589618682861328,-0.09325137734413147,0.32963308691978455,-1.5153530836105347,-0.20508739352226257,0.34997642040252686,-1.8108031749725342,-0.2702023684978485,0.3283696174621582,-2.0582220554351807,-0.3200303912162781,0.03363051638007164,-0.9947633743286133,-0.09651289880275726,0.02228059433400631,-1.2218819856643677,-0.3104144334793091,0.11755106598138809,-0.9002249836921692,-0.35438236594200134,0.1523873507976532,-0.6746912598609924,-0.32628464698791504,-0.19301669299602509,-0.8667953014373779,-0.11826818436384201,-0.16503743827342987,-1.0099486112594604,-0.35618123412132263,-0.04112464189529419,-0.6948192119598389,-0.31299954652786255,-0.015612734481692314,-0.530678927898407,-0.21738801896572113,-0.4098404049873352,-0.7086286544799805,-0.15017659962177277,-0.3473798930644989,-0.855686366558075,-0.30670684576034546,-0.232686385512352,-0.6468209028244019,-0.25194594264030457,-0.20912739634513855,-0.5270028114318848,-0.1712222397327423
0.0,0.0,0.0,0.31689220666885376,-0.2245466709136963,-0.14617374539375305,0.4334205090999603,-0.6512566804885864,-0.19532127678394318,0.26132932305336,-0.9812148213386536,-0.24318096041679382,0.027792468667030334,-1.160232424736023,-0.2924964129924774,0.2712068259716034,-1.0636366605758667,-0.09062787145376205,0.30359306931495667,-1.5149286985397339,-0.20741905272006989,0.3245384097099304,-1.8065823316574097,-0.275003582239151,0.30248862504959106,-2.053304672241211,-0.3266350030899048,0.009031585417687893,-0.9950472116470337,-0.09899201989173889,0.014821489341557026,-1.2368637323379517,-0.3162483274936676,0.11738235503435135,-0.8880574107170105,-0.3572501838207245,0.13729991018772125,-0.6647380590438843,-0.32705211639404297,-0.21906441450119019,-0.8633795380592346,-0.12471974641084671,-0.1884152889251709,-1.0464308261871338,-0.3757326304912567,-0.04985153302550316,-0.7035366296768188,-0.3197166323661804,-0.0344758965075016,-0.5270407199859619,-0.21333424746990204,-0.4456353485584259,-0.6955974698066711,-0.1584986001253128,-0.3780340850353241,-0.8884639739990234,-0.3303599953651428,-0.25031062960624695,-0.6594270467758179,-0.2646579444408417,-0.23948386311531067,-0.5189751982688904,-0.17400938272476196
0.0,0.0,0.0,0.3168749213218689,-0.24824175238609314,-0.14394383132457733,0.4113916754722595,-0.6732462048530579,-0.1840849220752716,0.21567150950431824,-0.9772369861602783,-0.22410497069358826,-0.006332469172775745,-1.1418099403381348,-0.26444149017333984,0.2516998052597046,-1.0741184949874878,-0.08034289628267288,0.2736007571220398,-1.5394723415374756,-0.19703637063503265,0.28542274236679077,-1.8385765552520752,-0.2637891471385956,0.25797638297080994,-2.0881354808807373,-0.3136329650878906,-0.013948668725788593,-0.9959498643875122,-0.08882138133049011,-0.029412077739834785,-1.2405157089233398,-0.31619665026664734,0.07633476704359055,-0.8899292945861816,-0.3594450056552887,0.11542125791311264,-0.645680844783783,-0.32541799545288086,-0.24523116648197174,-0.858980655670166,-0.11628276109695435,-0.2275729775428772,-1.0337566137313843,-0.37318652868270874,-0.08660461008548737,-0.6903020739555359,-0.32191407680511475,-0.05536689609289169,-0.5061240792274475,-0.2133912444114685,-0.472406268119812,-0.6881643533706665,-0.1520107239484787,-0.41901180148124695,-0.8786699175834656,-0.32115960121154785,-0.2899409830570221,-0.6507650017738342,-0.25735363364219666,-0.2653926610946655,-0.5102487802505493,-0.16640575230121613
0.0,0.0,0.0,0.3219721019268036,-0.2540738880634308,-0.1564893126487732,0.3953891396522522,-0.6926456093788147,-0.19086919724941254,0.17620858550071716,-1.0046616792678833,-0.22020971775054932,-0.041437190026044846,-1.1849437952041626,-0.24872992932796478,0.23453092575073242,-1.0743308067321777,-0.07718834280967712,0.2532738447189331,-1.5367484092712402,-0.1868564784526825,0.2603529989719391,-1.8326735496520996,-0.25049883127212524,0.22762948274612427,-2.080702304840088,-0.2980978190898895,-0.03229013830423355,-0.9966496825218201,-0.07514488697052002,-0.05457163229584694,-1.2389110326766968,-0.28920677304267883,0.048189036548137665,-0.9050264358520508,-0.33103957772254944,0.08412738889455795,-0.6700397729873657,-0.2992909252643585,-0.26092052459716797,-0.8611692786216736,-0.09365405887365341,-0.24304988980293274,-1.0329759120941162,-0.34408900141716003,-0.11288962513208389,-0.6916537880897522,-0.2981245815753937,-0.09369039535522461,-0.5135658979415894,-0.19493477046489716,-0.4832609295845032,-0.6927478909492493,-0.12100748717784882,-0.43394234776496887,-0.8871181607246399,-0.2881855368614197,-0.31394824385643005,-0.655780553817749,-0.22792720794677734,-0.29820963740348816,-0.5141913890838623,-0.14032243192195892
0.0,0.0,0.0,0.3278067708015442,-0.258951872587204,-0.16162972152233124,0.4169824719429016,-0.7062996029853821,-0.1975184977054596,0.20633120834827423,-1.038102149963379,-0.22765061259269714,-0.011782849207520485,-1.2368288040161133,-0.25735393166542053,0.2537938356399536,-1.0716121196746826,-0.0754227340221405,0.27229636907577515,-1.5387359857559204,-0.19004037976264954,0.2762462794780731,-1.8402910232543945,-0.2543049454689026,0.24221450090408325,-2.0944581031799316,-0.30189424753189087,-0.011662442237138748,-0.9972987771034241,-0.07252071797847748,-0.034734755754470825,-1.2659506797790527,-0.2958005666732788,0.06891936808824539,-0.9119039177894592,-0.33673936128616333,0.10657470673322678,-0.6702261567115784,-0.29944437742233276,-0.24161691963672638,-0.8680405020713806,-0.09099825471639633,-0.2328551858663559,-1.0705074071884155,-0.3547646999359131,-0.09729323536157608,-0.7040885090827942,-0.29988813400268555,-0.07250400632619858,-0.5143093466758728,-0.18548248708248138,-0.46986421942710876,-0.7011594176292419,-0.11841285228729248,-0.42239996790885925,-0.9166490435600281,-0.29924246668815613,-0.2990055978298187,-0.6629705429077148,-0.2344941347837448,-0.28155675530433655,-0.5064800977706909,-0.1400727480649948
0.0,0.0,0.0,0.3210257589817047,-0.28148484230041504,-0.1501404196023941,0.40562179684638977,-0.7051230072975159,-0.1861685812473297,0.18528586626052856,-1.024605631828308,-0.22412893176078796,-0.029873374849557877,-1.2192856073379517,-0.2630001902580261,0.2772771120071411,-1.067767858505249,-0.042840320616960526,0.2962881624698639,-1.5383788347244263,-0.15581154823303223,0.2960566282272339,-1.849985122680664,-0.2249365597963333,0.2667449414730072,-2.1070873737335205,-0.27250951528549194,0.00826618168503046,-0.9988901019096375,-0.04637038707733154,-0.03675967827439308,-1.2791454792022705,-0.28227540850639343,0.05899360403418541,-0.9536840319633484,-0.34424352645874023,0.11826661974191666,-0.6771122217178345,-0.3136134445667267,-0.22847488522529602,-0.8739205002784729,-0.07025939226150513,-0.22919733822345734,-1.0761240720748901,-0.3347284197807312,-0.09471458941698074,-0.7365896105766296,-0.2984848916530609,-0.04533800110220909,-0.5037022233009338,-0.1888340711593628,-0.46303218603134155,-0.7099376320838928,-0.1028951033949852,-0.4267593324184418,-0.9402039647102356,-0.27780967950820923,-0.30765530467033386,-0.7160534262657166,-0.22028745710849762,-0.2708277106285095,-0.5360180735588074,-0.1258646547794342
0.0,0.0,0.0,0.28786271810531616,-0.26460665464401245,-0.1534031331539154,0.3590736389160156,-0.6626858115196228,-0.20171324908733368,0.1639011651277542,-0.9629059433937073,-0.24817605316638947,-0.06022883579134941,-1.1409183740615845,-0.2938985526561737,0.22353754937648773,-1.0659146308898926,-0.08558546006679535,0.24259428679943085,-1.5405603647232056,-0.20467180013656616,0.2398308515548706,-1.8505513668060303,-0.27276796102523804,0.20591133832931519,-2.110133409500122,-0.31961825489997864,-0.03540804237127304,-0.9953417181968689,-0.08967239409685135,-0.08205939084291458,-1.2635416984558105,-0.3221869170665741,0.014965602196753025,-0.9320008158683777,-0.3721757233142853,0.08012323081493378,-0.6675329804420471,-0.3362041115760803,-0.25996047258377075,-0.8624274730682373,-0.11204105615615845,-0.26858437061309814,-1.0472513437271118,-0.36459264159202576,-0.13203860819339752,-0.7190979719161987,-0.317079097032547,-0.07554646581411362,-0.5129331946372986,-0.20589350163936615,-0.47227513790130615,-0.6904292702674866,-0.14429615437984467,-0.44803836941719055,-0.9041957855224609,-0.305438369512558,-0.32252028584480286,-0.6855160593986511,-0.23905934393405914,-0.2759137451648712,-0.5237890481948853,-0.14169718325138092
0.0,0.0,0.0,0.27701354026794434,-0.26978275179862976,-0.14890334010124207,0.3380263149738312,-0.6524345278739929,-0.208389550447464,0.13396145403385162,-0.9428576231002808,-0.2706593871116638,-0.10930538177490234,-1.094040036201477,-0.3327457904815674,0.21366527676582336,-1.0651556253433228,-0.08052545040845871,0.21505223214626312,-1.53730309009552,-0.20791471004486084,0.20605137944221497,-1.844440221786499,-0.28503912687301636,0.172139972448349,-2.1010544300079346,-0.33760443329811096,-0.03964271396398544,-0.9948840141296387,-0.09292010962963104,-0.09831292927265167,-1.2698450088500977,-0.3370303809642792,-0.002677041105926037,-0.9587181210517883,-0.3998088538646698,0.07262399792671204,-0.7006404995918274,-0.37090927362442017,-0.2617418169975281,-0.8650243878364563,-0.1227804571390152,-0.27160966396331787,-1.0394418239593506,-0.3827251195907593,-0.1341865360736847,-0.7252373695373535,-0.34205207228660583,-0.06853687763214111,-0.5105552673339844,-0.23310238122940063,-0.468513160943985,-0.6939990520477295,-0.16243253648281097,-0.4449389576911926,-0.8980358839035034,-0.3314530849456787,-0.318220853805542,-0.6813510656356812,-0.2683735191822052,-0.2613253891468048,-0.5053337216377258,-0.17020079493522644
0.0,0.0,0.0,0.27222004532814026,-0.27423566579818726,-0.13522185385227203,0.3202612102031708,-0.6370697021484375,-0.19044899940490723,0.11742577701807022,-0.8929226398468018,-0.25003600120544434,-0.09716736525297165,-1.0502099990844727,-0.30796360969543457,0.21624110639095306,-1.0608502626419067,-0.07391399890184402,0.21816977858543396,-1.5229958295822144,-0.19814997911453247,0.20468094944953918,-1.8211723566055298,-0.27224528789520264,0.1684200018644333,-2.0714917182922363,-0.32182466983795166,-0.032846786081790924,-0.9953603744506836,-0.09043703228235245,-0.09261973202228546,-1.2552123069763184,-0.326908141374588,-0.0025823579635471106,-0.9487793445587158,-0.3849497139453888,0.07192311435937881,-0.7029974460601807,-0.3544046878814697,-0.2561381757259369,-0.8721630573272705,-0.12391729652881622,-0.2695316672325134,-1.0416635274887085,-0.3712846040725708,-0.13599351048469543,-0.7334914803504944,-0.3293919861316681,-0.06985028088092804,-0.5308734774589539,-0.22307178378105164,-0.4635498523712158,-0.7063780426979065,-0.1667429804801941,-0.4431610107421875,-0.8960715532302856,-0.32510098814964294,-0.31265562772750854,-0.6823588013648987,-0.2616637051105499,-0.2512633204460144,-0.5169283151626587,-0.16492395102977753
0.0,0.0,0.0,0.2719579041004181,-0.25027868151664734,-0.14520835876464844,0.32685521245002747,-0.6066544651985168,-0.2048320174217224,0.1195138692855835,-0.837911069393158,-0.2652558982372284,-0.1079244464635849,-0.9560819268226624,-0.3231492042541504,0.22320020198822021,-1.0733991861343384,-0.08943453431129456,0.2056085169315338,-1.5186731815338135,-0.21332699060440063,0.18620288372039795,-1.8052507638931274,-0.2885243594646454,0.1446583867073059,-2.040860652923584,-0.3389607071876526,-0.025262245908379555,-0.9943864345550537,-0.10274937003850937,-0.09358181804418564,-1.228134036064148,-0.3380213677883148,0.009016596712172031,-0.9225677847862244,-0.398867666721344,0.09049464762210846,-0.6815055012702942,-0.37201324105262756,-0.24558472633361816,-0.8617321848869324,-0.1335294246673584,-0.2677266001701355,-1.0041569471359253,-0.38219135999679565,-0.12430820614099503,-0.6995462775230408,-0.34866729378700256,-0.052405621856451035,-0.5096460580825806,-0.2489088922739029,-0.4479985237121582,-0.6908572316169739,-0.17388536036014557,-0.43488872051239014,-0.8677533268928528,-0.3331606090068817,-0.3070892095565796,-0.653831958770752,-0.27357637882232666,-0.24736131727695465,-0.49671322107315063,-0.18103019893169403
0.0,0.0,0.0,0.2651759386062622,-0.24802352488040924,-0.146810382604599,0.32590165734291077,-0.5928903818130493,-0.20905324816703796,0.11904414743185043,-0.807183027267456,-0.27277398109436035,-0.10106892883777618,-0.9252763986587524,-0.334137886762619,0.1993064284324646,-1.075103521347046,-0.090398870408535,0.1804226189851761,-1.5123579502105713,-0.21865664422512054,0.15851224958896637,-1.793504238128662,-0.2949362099170685,0.11430791765451431,-2.029475212097168,-0.3468506336212158,-0.045526355504989624,-0.9935353994369507,-0.10399460792541504,-0.11613467335700989,-1.2281793355941772,-0.34637361764907837,-0.002898065373301506,-0.9145737886428833,-0.40824365615844727,0.08692576736211777,-0.6826317310333252,-0.3810475170612335,-0.26130300760269165,-0.8563930988311768,-0.1355687528848648,-0.2891309857368469,-1.000362753868103,-0.3942137062549591,-0.13527067005634308,-0.6881784200668335,-0.3607265055179596,-0.05440646782517433,-0.5008160471916199,-0.25847506523132324,-0.46160271763801575,-0.6796504855155945,-0.17661654949188232,-0.45579516887664795,-0.8509306907653809,-0.3502175211906433,-0.31157076358795166,-0.6316264271736145,-0.29689881205558777,-0.23686383664608002,-0.47766539454460144,-0.20561689138412476
0.0,0.0,0.0,0.2580888569355011,-0.2398086041212082,-0.1541452407836914,0.3125359117984772,-0.602393388748169,-0.21872825920581818,0.0812414288520813,-0.840151846408844,-0.2807280719280243,-0.15471485257148743,-0.9640758037567139,-0.33857449889183044,0.18459247052669525,-1.074713110923767,-0.09894081205129623,0.15416499972343445,-1.5115125179290771,-0.22137773036956787,0.1323121041059494,-1.7883902788162231,-0.29344502091407776,0.08815187215805054,-2.0220248699188232,-0.3441862463951111,-0.0607449933886528,-0.9921210408210754,-0.10957197844982147,-0.12933628261089325,-1.2220226526260376,-0.3436807692050934,-0.019741922616958618,-0.9082300662994385,-0.40263181924819946,0.060269780457019806,-0.6811891794204712,-0.37726980447769165,-0.27028635144233704,-0.8550265431404114,-0.13743221759796143,-0.30927422642707825,-1.0076894760131836,-0.39136484265327454,-0.15257403254508972,-0.6969029307365417,-0.35616111755371094,-0.07357138395309448,-0.5125125646591187,-0.2565079629421234,-0.46068042516708374,-0.6758908629417419,-0.1751379668712616,-0.4724147319793701,-0.8602513670921326,-0.3489663302898407,-0.32457971572875977,-0.6390559673309326,-0.2944314777851105,-0.24501265585422516,-0.47957679629325867,-0.203879714012146
0.0,0.0,0.0,0.24891942739486694,-0.2382543683052063,-0.1580265909433365,0.2992081046104431,-0.6068122982978821,-0.2269452065229416,0.06238352507352829,-0.8535380363464355,-0.2901706397533417,-0.17809976637363434,-0.9894133806228638,-0.34740692377090454,0.17927120625972748,-1.068405032157898,-0.12147437781095505,0.1544070988893509,-1.5150243043899536,-0.25139448046684265,0.13001996278762817,-1.7920111417770386,-0.32369667291641235,0.0817248746752739,-2.032405138015747,-0.3748745322227478,-0.06332631409168243,-0.9891249537467957,-0.13274624943733215,-0.12420397251844406,-1.227738380432129,-0.36493024230003357,-0.01041154470294714,-0.9059146046638489,-0.41457852721214294,0.06315520405769348,-0.6901063323020935,-0.38631993532180786,-0.2735044062137604,-0.8543197512626648,-0.16146305203437805,-0.3029310405254364,-1.012369990348816,-0.41464462876319885,-0.14259546995162964,-0.6918478608131409,-0.3673813045024872,-0.07429574429988861,-0.5172377228736877,-0.2626901865005493,-0.46678388118743896,-0.6774253845214844,-0.20050236582756042,-0.4740159213542938,-0.8671736717224121,-0.36771711707115173,-0.3268386125564575,-0.6432855129241943,-0.30230462551116943,-0.26294809579849243,-0.48896658420562744,-0.20764285326004028
0.0,0.0,0.0,0.23873841762542725,-0.2616663873195648,-0.1662122905254364,0.28620645403862,-0.611120343208313,-0.24792465567588806,0.09910310804843903,-0.8668387532234192,-0.32571521401405334,-0.08308631181716919,-1.0652949810028076,-0.3968055546283722,0.15915490686893463,-1.0567210912704468,-0.1257236748933792,0.13677135109901428,-1.5243778228759766,-0.27067211270332336,0.11709707230329514,-1.8216933012008667,-0.3524794280529022,0.06860121339559555,-2.073126792907715,-0.4062564969062805,-0.08439318090677261,-0.9876390099525452,-0.13208752870559692,-0.12546184659004211,-1.2258249521255493,-0.3819945752620697,-0.03480390086770058,-0.8865613341331482,-0.42796987295150757,0.01433875784277916,-0.6605619788169861,-0.389730304479599,-0.29369089007377625,-0.859893798828125,-0.15840451419353485,-0.303969144821167,-1.0207828283309937,-0.4118712246417999,-0.17868094146251678,-0.7044875621795654,-0.3484356105327606,-0.13304106891155243,-0.5370911359786987,-0.23090581595897675,-0.48585376143455505,-0.6881424784660339,-0.1970871388912201,-0.4818190336227417,-0.8710033297538757,-0.35391509532928467,-0.3577660322189331,-0.6551982164382935,-0.27644792199134827,-0.31122535467147827,-0.5201431512832642,-0.1719868928194046
0.0,0.0,0.0,0.25450825691223145,-0.23895010352134705,-0.20375888049602509,0.3218325674533844,-0.5968576669692993,-0.3066420257091522,0.13946956396102905,-0.8943243622779846,-0.3992384374141693,-0.02699577435851097,-1.1462684869766235,-0.4848184287548065,0.17564618587493896,-1.0655361413955688,-0.17115908861160278,0.13214391469955444,-1.5498096942901611,-0.3309336304664612,0.102499820291996,-1.8655694723129272,-0.416725218296051,0.04500977322459221,-2.1248912811279297,-0.4724977910518646,-0.07845153659582138,-0.9838706851005554,-0.16076035797595978,-0.1046413704752922,-1.2222013473510742,-0.4208134710788727,-0.0014892668696120381,-0.8531616926193237,-0.4542468190193176,0.03875159099698067,-0.628320038318634,-0.40710344910621643,-0.29614487290382385,-0.8456645607948303,-0.1743466556072235,-0.291276216506958,-1.019346833229065,-0.4508194625377655,-0.1584939956665039,-0.6782302856445312,-0.3724532127380371,-0.12503865361213684,-0.5147508382797241,-0.24170218408107758,-0.5079222321510315,-0.6720423102378845,-0.20202305912971497,-0.47874534130096436,-0.8656212091445923,-0.3794822692871094,-0.3501569926738739,-0.6316668391227722,-0.2980317771434784,-0.3203433156013489,-0.49883201718330383,-0.18919037282466888
0.0,0.0,0.0,0.2444862723350525,-0.2653292417526245,-0.17117229104042053,0.2828720808029175,-0.6322023868560791,-0.25302889943122864,0.07593975961208344,-0.9003361463546753,-0.3290749490261078,-0.15008950233459473,-1.0821701288223267,-0.3979129493236542,0.1786823719739914,-1.0702427625656128,-0.1259976327419281,0.147955060005188,-1.5315206050872803,-0.2660447955131531,0.12884484231472015,-1.8228462934494019,-0.3442211449146271,0.07623638957738876,-2.068878173828125,-0.39837706089019775,-0.06440459936857224,-0.9893627166748047,-0.13043564558029175,-0.11554508656263351,-1.2076866626739502,-0.3597293794155121,-0.014754462987184525,-0.873298704624176,-0.398465633392334,0.02519717998802662,-0.6754186749458313,-0.36579468846321106,-0.2778548002243042,-0.8502442836761475,-0.15610915422439575,-0.2950350344181061,-0.9993711113929749,-0.4051715135574341,-0.16401173174381256,-0.6807706952095032,-0.3405762314796448,-0.13766103982925415,-0.5368838906288147,-0.2290436327457428,-0.47707512974739075,-0.6724552512168884,-0.1936403065919876,-0.46634984016418457,-0.8604230284690857,-0.34985411167144775,-0.35031428933143616,-0.6442469954490662,-0.26979556679725647,-0.33837589621543884,-0.5185907483100891,-0.16917754709720612
0.0,0.0,0.0,0.26599106192588806,-0.25849419832229614,-0.15702423453330994,0.3213892877101898,-0.6373765468597412,-0.22964924573898315,0.12454091757535934,-0.9167821407318115,-0.2997645139694214,-0.08632223308086395,-1.0949316024780273,-0.367680162191391,0.19270586967468262,-1.0657647848129272,-0.11187659204006195,0.18548619747161865,-1.5359938144683838,-0.24284793436527252,0.1781580150127411,-1.835395336151123,-0.3203093111515045,0.13633255660533905,-2.0890426635742188,-0.3748394250869751,-0.053121376782655716,-0.991590142250061,-0.11801330000162125,-0.09279868751764297,-1.239181399345398,-0.34539109468460083,0.00749189592897892,-0.9110566973686218,-0.39050400257110596,0.050102077424526215,-0.678521990776062,-0.35968461632728577,-0.2671450972557068,-0.8577162027359009,-0.1419522613286972,-0.275553822517395,-1.02541184425354,-0.38227614760398865,-0.14384233951568604,-0.7106997966766357,-0.32095617055892944,-0.10888054221868515,-0.5297197103500366,-0.21052700281143188,-0.47128012776374817,-0.6848576068878174,-0.1767141968011856,-0.4653610587120056,-0.8850919008255005,-0.33212360739707947,-0.3376854956150055,-0.6708896160125732,-0.2562927305698395,-0.29832419753074646,-0.5228358507156372,-0.1564008742570877
0.0,0.0,0.0,0.2664869725704193,-0.2478719800710678,-0.16217996180057526,0.3377465605735779,-0.6283711791038513,-0.2333652377128601,0.15827146172523499,-0.9339795708656311,-0.29906198382377625,-0.0787690207362175,-1.106745719909668,-0.3619302809238434,0.22113412618637085,-1.051769733428955,-0.11688614636659622,0.22385908663272858,-1.5176362991333008,-0.24189819395542145,0.2199937105178833,-1.814780831336975,-0.3128289580345154,0.1861426681280136,-2.0670530796051025,-0.3643997311592102,-0.022826440632343292,-0.9922670125961304,-0.12200401723384857,-0.055434949696063995,-1.2480918169021606,-0.34350520372390747,0.03351534530520439,-0.9241946935653687,-0.38540565967559814,0.07609791308641434,-0.7035697102546692,-0.35375139117240906,-0.23754848539829254,-0.8705329298973083,-0.14535556733608246,-0.24404969811439514,-1.0462863445281982,-0.38667240738868713,-0.11921001970767975,-0.7316603660583496,-0.33183401823043823,-0.084185890853405,-0.5579454302787781,-0.2269185334444046,-0.44225192070007324,-0.7058841586112976,-0.18010810017585754,-0.43808650970458984,-0.8970921635627747,-0.3427833914756775,-0.3147571086883545,-0.6846749186515808,-0.2777996063232422,-0.2699999213218689,-0.5381898880004883,-0.18625719845294952
0.0,0.0,0.0,0.25825440883636475,-0.28099963068962097,-0.17215542495250702,0.2876115143299103,-0.6576418280601501,-0.23908676207065582,0.082133449614048,-0.9358193874359131,-0.29841646552085876,-0.12672869861125946,-1.1293174028396606,-0.35077446699142456,0.20279650390148163,-1.0675928592681885,-0.11358188837766647,0.1914244443178177,-1.5383681058883667,-0.23887832462787628,0.1830829530954361,-1.835548996925354,-0.30452606081962585,0.14507102966308594,-2.084855318069458,-0.3493977189064026,-0.037936411798000336,-0.9928990602493286,-0.11274827271699905,-0.09507658332586288,-1.2323294878005981,-0.33549946546554565,-0.006391734350472689,-0.8917348980903625,-0.36803266406059265,0.044389758259058,-0.6612088680267334,-0.3261498808860779,-0.2549871504306793,-0.8613317012786865,-0.13428154587745667,-0.27498507499694824,-1.0114822387695312,-0.38388532400131226,-0.14898820221424103,-0.6778054237365723,-0.32702305912971497,-0.10934735089540482,-0.5087685585021973,-0.21457894146442413,-0.4591466188430786,-0.6918517351150513,-0.16758549213409424,-0.4605204463005066,-0.8893625140190125,-0.3270777761936188,-0.345643550157547,-0.6715837121009827,-0.2563936710357666,-0.3133369982242584,-0.533696711063385,-0.15958251059055328
0.0,0.0,0.0,0.2602142095565796,-0.28371018171310425,-0.15715034306049347,0.28707820177078247,-0.6677468419075012,-0.21467280387878418,0.07639508694410324,-0.9503939151763916,-0.2681692838668823,-0.1446618288755417,-1.129246473312378,-0.31731757521629333,0.19648237526416779,-1.065573811531067,-0.0924089178442955,0.1876761019229889,-1.5307625532150269,-0.2104681134223938,0.18183721601963043,-1.8252067565917969,-0.27282023429870605,0.14209075272083282,-2.0736985206604004,-0.3162398636341095,-0.04466792196035385,-0.9942408204078674,-0.09741632640361786,-0.10292218625545502,-1.2473132610321045,-0.3141767680644989,-0.006759332958608866,-0.90885990858078,-0.3479282557964325,0.04215211421251297,-0.6774263978004456,-0.3071376085281372,-0.2604427933692932,-0.865885853767395,-0.1233469545841217,-0.2802478075027466,-1.0338507890701294,-0.3700906038284302,-0.14682871103286743,-0.6979365348815918,-0.31581398844718933,-0.11154685169458389,-0.5229776501655579,-0.2050228863954544,-0.46427860856056213,-0.6977735757827759,-0.15935450792312622,-0.46345704793930054,-0.9061034917831421,-0.3184772729873657,-0.34231770038604736,-0.6854947209358215,-0.2484002709388733,-0.3119061589241028,-0.5396975874900818,-0.15217868983745575
0.0,0.0,0.0,0.263395756483078,-0.28319111466407776,-0.14770041406154633,0.28513994812965393,-0.6711695790290833,-0.20305135846138,0.07086089998483658,-0.9557563662528992,-0.256144642829895,-0.15666915476322174,-1.1258952617645264,-0.3072122633457184,0.1809152513742447,-1.0693206787109375,-0.09180659800767899,0.16769364476203918,-1.5353293418884277,-0.2100701481103897,0.15971194207668304,-1.832943320274353,-0.27564993500709534,0.11960175633430481,-2.081001043319702,-0.3220405876636505,-0.06283106654882431,-0.9928650259971619,-0.10134704411029816,-0.12054447084665298,-1.2397347688674927,-0.3239816725254059,-0.01746799238026142,-0.9068684577941895,-0.3642336428165436,0.03649519756436348,-0.6628410220146179,-0.32712337374687195,-0.27937254309654236,-0.8577868938446045,-0.12958887219429016,-0.3024650812149048,-1.0284665822982788,-0.37916991114616394,-0.15558931231498718,-0.6984469890594482,-0.3290840685367584,-0.10884426534175873,-0.5090723633766174,-0.2207469791173935,-0.48183563351631165,-0.6796520352363586,-0.16692887246608734,-0.4906339943408966,-0.881313145160675,-0.33470579981803894,-0.35023802518844604,-0.6666038036346436,-0.2713618874549866,-0.29689592123031616,-0.5165849924087524,-0.1775459349155426
0.0,0.0,0.0,0.2535267174243927,-0.2897159457206726,-0.15351328253746033,0.2710431218147278,-0.6714224219322205,-0.21537187695503235,0.0622444711625576,-0.9654753804206848,-0.275301456451416,-0.17770981788635254,-1.1383090019226074,-0.33230748772621155,0.1730869710445404,-1.066517949104309,-0.08383416384458542,0.16776469349861145,-1.5269135236740112,-0.20134003460407257,0.15932682156562805,-1.823285698890686,-0.26430317759513855,0.11310603469610214,-2.0687713623046875,-0.30883684754371643,-0.07093495875597,-0.9931485652923584,-0.09286656230688095,-0.13802778720855713,-1.253677248954773,-0.3094526529312134,-0.031225454062223434,-0.9173793196678162,-0.34463924169540405,0.01959451474249363,-0.6881165504455566,-0.3040659427642822,-0.28667646646499634,-0.861285924911499,-0.12192204594612122,-0.31858494877815247,-1.0383299589157104,-0.37109139561653137,-0.1726142019033432,-0.7039952278137207,-0.3130872845649719,-0.13559597730636597,-0.5269310474395752,-0.19892512261867523,-0.48801982402801514,-0.6846626996994019,-0.1605171263217926,-0.5024675726890564,-0.8938183188438416,-0.3258506655693054,-0.3691912293434143,-0.674041211605072,-0.25324636697769165,-0.33059290051460266,-0.5246641039848328,-0.1532648652791977
0.0,0.0,0.0,0.26300132274627686,-0.27072757482528687,-0.16593818366527557,0.2912689745426178,-0.6552616953849792,-0.23194989562034607,0.07412748783826828,-0.9458023905754089,-0.2932952344417572,-0.1626635044813156,-1.09628164768219,-0.3515026867389679,0.18213064968585968,-1.070555567741394,-0.0942659080028534,0.16863086819648743,-1.5251656770706177,-0.21004794538021088,0.15593601763248444,-1.8147262334823608,-0.27987539768218994,0.1102236807346344,-2.054372549057007,-0.33104535937309265,-0.05666172504425049,-0.9940658807754517,-0.09285780787467957,-0.14549848437309265,-1.2371383905410767,-0.3033459186553955,-0.03936223313212395,-0.9502767324447632,-0.3522663116455078,0.02820366993546486,-0.7304653525352478,-0.3268998861312866,-0.26706117391586304,-0.855388343334198,-0.11056529730558395,-0.30926841497421265,-0.9966449737548828,-0.34665602445602417,-0.17124371230602264,-0.701163649559021,-0.3029792904853821,-0.12044553458690643,-0.5281794667243958,-0.20439983904361725,-0.4634478688240051,-0.6794984340667725,-0.13957266509532928,-0.47258588671684265,-0.8472310900688171,-0.2973385453224182,-0.353664755821228,-0.6481150984764099,-0.23720698058605194,-0.311012327671051,-0.5088496804237366,-0.14883221685886383
0.0,0.0,0.0,0.2794172167778015,-0.26464197039604187,-0.14200754463672638,0.3431718647480011,-0.6746119260787964,-0.19629810750484467,0.12744122743606567,-0.9664891362190247,-0.2498553991317749,-0.11554477363824844,-1.1142772436141968,-0.30106714367866516,0.22639212012290955,-1.0632336139678955,-0.08961071074008942,0.22649262845516205,-1.53670072555542,-0.20847873389720917,0.22290894389152527,-1.8372883796691895,-0.2835933268070221,0.18146315217018127,-2.0890886783599854,-0.3399580717086792,-0.02183409593999386,-0.9947155117988586,-0.10032113641500473,-0.08801878988742828,-1.2542821168899536,-0.31806448101997375,0.014054333791136742,-0.9602388143539429,-0.37385091185569763,0.06322279572486877,-0.7381139397621155,-0.35430169105529785,-0.23427239060401917,-0.8685821890830994,-0.12565988302230835,-0.2660609483718872,-1.0445603132247925,-0.3539556562900543,-0.12813223898410797,-0.7487990856170654,-0.3045821189880371,-0.08821862190961838,-0.5713585615158081,-0.20793014764785767,-0.4315512180328369,-0.7032226920127869,-0.1614709198474884,-0.4186262786388397,-0.8850262761116028,-0.3143192231655121,-0.30076679587364197,-0.6764041185379028,-0.2493155151605606,-0.2718537151813507,-0.5273892879486084,-0.16030259430408478
0.0,0.0,0.0,0.3059252202510834,-0.2645203173160553,-0.14409394562244415,0.37691184878349304,-0.6830105185508728,-0.1786653697490692,0.16449300944805145,-0.987029492855072,-0.20940254628658295,-0.0741385668516159,-1.1400556564331055,-0.23974944651126862,0.25365644693374634,-1.0620040893554688,-0.06805316358804703,0.26401951909065247,-1.5282403230667114,-0.17271511256694794,0.2659492790699005,-1.8304827213287354,-0.2384926676750183,0.23210157454013824,-2.0828158855438232,-0.28804048895835876,0.002448699437081814,-0.9973160028457642,-0.07317694276571274,-0.04302646964788437,-1.2763582468032837,-0.2730221450328827,0.0507565476000309,-0.9735748767852783,-0.3197438716888428,0.09204386919736862,-0.7278228998184204,-0.2927837073802948,-0.21887308359146118,-0.8723013401031494,-0.09608171880245209,-0.22718484699726105,-1.0578467845916748,-0.324175626039505,-0.10806479305028915,-0.7431702017784119,-0.2835041284561157,-0.08466106653213501,-0.553978681564331,-0.18807215988636017,-0.4353254735469818,-0.7097242474555969,-0.12817032635211945,-0.40974733233451843,-0.9179169535636902,-0.2798713147640228,-0.30258071422576904,-0.7085046172142029,-0.21906432509422302,-0.2857239544391632,-0.555633008480072,-0.13336363434791565
0.0,0.0,0.0,0.3133997917175293,-0.25891000032424927,-0.14054672420024872,0.3995935916900635,-0.6766641139984131,-0.17410190403461456,0.17657305300235748,-0.985291600227356,-0.20620466768741608,-0.06710649281740189,-1.1485273838043213,-0.23855942487716675,0.2839948832988739,-1.0588260889053345,-0.0511227510869503,0.3027624785900116,-1.520054817199707,-0.1539468914270401,0.3100896179676056,-1.8169413805007935,-0.21974562108516693,0.2797967493534088,-2.066685914993286,-0.269493043422699,0.02789095789194107,-0.9979692101478577,-0.05726747214794159,-0.0095303263515234,-1.262386441230774,-0.26533180475234985,0.0781153067946434,-0.9416003823280334,-0.31901049613952637,0.11289538443088531,-0.6904268264770508,-0.29406121373176575,-0.1978209763765335,-0.8821088671684265,-0.08132760226726532,-0.2088664174079895,-1.0620695352554321,-0.31843939423561096,-0.09369377046823502,-0.7293990850448608,-0.27958038449287415,-0.07291332632303238,-0.5332978963851929,-0.18217334151268005,-0.4210306704044342,-0.7287337183952332,-0.11370866000652313,-0.3859618902206421,-0.9351691603660583,-0.27333196997642517,-0.2815985679626465,-0.7048234939575195,-0.21318018436431885,-0.26762402057647705,-0.5428256392478943,-0.12524056434631348
0.0,0.0,0.0,0.3281521797180176,-0.24895797669887543,-0.13539184629917145,0.42266082763671875,-0.6755911707878113,-0.16533313691616058,0.21365441381931305,-0.9974072575569153,-0.1965949684381485,-0.04019685462117195,-1.1586893796920776,-0.2291341871023178,0.3069192171096802,-1.056525707244873,-0.05054405331611633,0.32767605781555176,-1.5307613611221313,-0.1555182933807373,0.3387618362903595,-1.8338580131530762,-0.22164373099803925,0.31461724638938904,-2.092376232147217,-0.2727968096733093,0.048650167882442474,-0.9969439506530762,-0.06112177297472954,0.016174204647541046,-1.269799828529358,-0.27496275305747986,0.10315247625112534,-0.9315059185028076,-0.32827264070510864,0.13968321681022644,-0.6802790760993958,-0.3022526800632477,-0.1820075362920761,-0.8795474171638489,-0.08909953385591507,-0.190585196018219,-1.0794810056686401,-0.33317288756370544,-0.07025976479053497,-0.7357187867164612,-0.2904322147369385,-0.043301016092300415,-0.5329955220222473,-0.18824097514152527,-0.41405507922172546,-0.725533664226532,-0.12512800097465515,-0.37155187129974365,-0.9439359903335571,-0.2900086045265198,-0.26179277896881104,-0.714653491973877,-0.22813832759857178,-0.24351035058498383,-0.5490257143974304,-0.1378825157880783
0.0,0.0,0.0,0.3232773244380951,-0.22619980573654175,-0.1544078141450882,0.44475704431533813,-0.6579878330230713,-0.19811135530471802,0.24295544624328613,-0.9828094244003296,-0.23819009959697723,-0.022125912830233574,-1.1453468799591064,-0.27814099192619324,0.299419105052948,-1.0664169788360596,-0.08699091523885727,0.32224440574645996,-1.5452356338500977,-0.20051582157611847,0.3395005762577057,-1.8465217351913452,-0.2656516134738922,0.32003268599510193,-2.103454828262329,-0.31522297859191895,0.0313529446721077,-0.9950973391532898,-0.09379857778549194,0.038882337510585785,-1.2741647958755493,-0.31642404198646545,0.13182614743709564,-0.9096458554267883,-0.3603009283542633,0.15106089413166046,-0.6552281975746155,-0.32557055354118347,-0.2028636336326599,-0.8662576079368591,-0.11957400292158127,-0.1705172061920166,-1.0630918741226196,-0.3787083327770233,-0.04334482178092003,-0.7023476362228394,-0.33025771379470825,-0.0366116464138031,-0.5116787552833557,-0.22192811965942383,-0.43637046217918396,-0.7058879733085632,-0.15340156853199005,-0.3570958375930786,-0.9256736636161804,-0.32581016421318054,-0.23990286886692047,-0.6844046711921692,-0.2577756345272064,-0.24212615191936493,-0.5263294577598572,-0.1636747121810913
0.0,0.0,0.0,0.30509817600250244,-0.2483154982328415,-0.14112018048763275,0.4099217355251312,-0.6541768312454224,-0.19741471111774445,0.2256295382976532,-0.9691283702850342,-0.2574259042739868,-0.024609483778476715,-1.1490530967712402,-0.3194802701473236,0.26594072580337524,-1.0580700635910034,-0.09356482326984406,0.2907921373844147,-1.54509699344635,-0.21726486086845398,0.30702850222587585,-1.8569567203521729,-0.2884907126426697,0.28270813822746277,-2.12221097946167,-0.34046250581741333,0.003523524384945631,-0.9940939545631409,-0.10846574604511261,0.0010689343325793743,-1.2831727266311646,-0.33307939767837524,0.10326313972473145,-0.9387915134429932,-0.37607598304748535,0.13036800920963287,-0.6893575191497803,-0.3433540165424347,-0.22688841819763184,-0.8629207611083984,-0.1401093602180481,-0.18483087420463562,-1.0653042793273926,-0.3906794786453247,-0.05555419623851776,-0.7245211601257324,-0.3313978910446167,-0.044877249747514725,-0.52927565574646,-0.21881809830665588,-0.4565109610557556,-0.7008410692214966,-0.17987048625946045,-0.3739878535270691,-0.92350172996521,-0.3399222195148468,-0.25417444109916687,-0.7014737129211426,-0.26330268383026123,-0.24945920705795288,-0.5435501337051392,-0.16424010694026947
0.0,0.0,0.0,0.3007059097290039,-0.23793022334575653,-0.14826396107673645,0.40653109550476074,-0.6382026076316833,-0.20560574531555176,0.22334478795528412,-0.9381402730941772,-0.26349255442619324,-0.021915845572948456,-1.1025481224060059,-0.32025542855262756,0.2421984225511551,-1.0634045600891113,-0.11021057516336441,0.27171096205711365,-1.5605031251907349,-0.24348138272762299,0.28620439767837524,-1.8728827238082886,-0.31424760818481445,0.2590120732784271,-2.1419146060943604,-0.3651830852031708,-0.025561949238181114,-0.9918767213821411,-0.12460833042860031,-0.008962614461779594,-1.2562528848648071,-0.36070093512535095,0.08047186583280563,-0.8850778937339783,-0.39607977867126465,0.09892114251852036,-0.65964275598526,-0.35730406641960144,-0.256076842546463,-0.8601363897323608,-0.1574500948190689,-0.20731358230113983,-1.0375019311904907,-0.4209493398666382,-0.0932997465133667,-0.6807312965393066,-0.35425975918769836,-0.09357146918773651,-0.5157660245895386,-0.23603549599647522,-0.48318660259246826,-0.6959171891212463,-0.19893205165863037,-0.4023524522781372,-0.8951278328895569,-0.36168208718299866,-0.28877368569374084,-0.6573846340179443,-0.2789660692214966,-0.2942620515823364,-0.5180611610412598,-0.17611302435398102
0.0,0.0,0.0,0.30186498165130615,-0.2209160476922989,-0.159005269408226,0.4212895929813385,-0.6128866672515869,-0.23246310651302338,0.23708239197731018,-0.9040335416793823,-0.3046347498893738,0.0004977854550816119,-1.0667530298233032,-0.3746550679206848,0.23618508875370026,-1.0628983974456787,-0.13536763191223145,0.27665552496910095,-1.5533753633499146,-0.27553027868270874,0.29684847593307495,-1.8672269582748413,-0.3480234444141388,0.27001357078552246,-2.128465175628662,-0.39996859431266785,-0.033317793160676956,-0.9888151288032532,-0.1453770250082016,-0.016318179666996002,-1.22798752784729,-0.38889387249946594,0.0802602469921112,-0.8651478886604309,-0.4227644205093384,0.09712937474250793,-0.6608459949493408,-0.38418346643447876,-0.2579551637172699,-0.8546664118766785,-0.17324036359786987,-0.21564459800720215,-1.0112138986587524,-0.43574002385139465,-0.09098599851131439,-0.6677813529968262,-0.36134418845176697,-0.08702143281698227,-0.5212278962135315,-0.2417120337486267,-0.4735272526741028,-0.6872274279594421,-0.21122302114963531,-0.3978215754032135,-0.8614307641983032,-0.3723011016845703,-0.2823570966720581,-0.629957914352417,-0.2877250015735626,-0.2871754765510559,-0.511607825756073,-0.1850159764289856
0.0,0.0,0.0,0.28379547595977783,-0.23468758165836334,-0.1617000550031662,0.39361515641212463,-0.6251590847969055,-0.23517581820487976,0.21449241042137146,-0.9182079434394836,-0.3051733076572418,-0.022403066977858543,-1.0827511548995972,-0.3732438087463379,0.2180960774421692,-1.062711238861084,-0.14381878077983856,0.25554364919662476,-1.5677530765533447,-0.28608185052871704,0.2783946692943573,-1.8768054246902466,-0.36282801628112793,0.2557324767112732,-2.142509698867798,-0.4159988462924957,-0.05492231622338295,-0.9869692325592041,-0.15124593675136566,-0.026610001921653748,-1.237276554107666,-0.3983510732650757,0.07226299494504929,-0.8711097240447998,-0.43560630083084106,0.08990776538848877,-0.6368482112884521,-0.3969637453556061,-0.28447598218917847,-0.8541845083236694,-0.17663109302520752,-0.22605831921100616,-1.0252375602722168,-0.439503014087677,-0.1015995591878891,-0.6771719455718994,-0.37229424715042114,-0.09869030117988586,-0.5084102153778076,-0.2551248073577881,-0.5032778978347778,-0.686248779296875,-0.21170343458652496,-0.4189279079437256,-0.8773976564407349,-0.3737225830554962,-0.29996517300605774,-0.6446281671524048,-0.292294979095459,-0.30087295174598694,-0.5114572048187256,-0.18998827040195465
0.0,0.0,0.0,0.2867218852043152,-0.23246195912361145,-0.16765481233596802,0.39748069643974304,-0.6248829364776611,-0.24866950511932373,0.22683225572109222,-0.9259552955627441,-0.32941675186157227,-0.020134685561060905,-1.1006442308425903,-0.41024917364120483,0.22122681140899658,-1.063793420791626,-0.13769380748271942,0.25600069761276245,-1.563035011291504,-0.2875097393989563,0.286565899848938,-1.878164291381836,-0.36926642060279846,0.27281907200813293,-2.1423699855804443,-0.42343392968177795,-0.04986150190234184,-0.9882695078849792,-0.1443505436182022,-0.026017241179943085,-1.2360634803771973,-0.3995967507362366,0.0777418315410614,-0.8698980212211609,-0.44202613830566406,0.09880826622247696,-0.6406225562095642,-0.4040766656398773,-0.2804887890815735,-0.8536844849586487,-0.1699877679347992,-0.22454477846622467,-1.027333378791809,-0.44467681646347046,-0.09347911924123764,-0.6790912747383118,-0.3752155005931854,-0.08430639654397964,-0.5038535594940186,-0.2516219913959503,-0.5045934319496155,-0.685899555683136,-0.2054990530014038,-0.42059192061424255,-0.8865137696266174,-0.3783191740512848,-0.29452022910118103,-0.653131902217865,-0.29368528723716736,-0.29112508893013,-0.5097563862800598,-0.18447358906269073
0.0,0.0,0.0,0.30509284138679504,-0.22247840464115143,-0.16262072324752808,0.4216422140598297,-0.6191384196281433,-0.22332218289375305,0.25668397545814514,-0.9230128526687622,-0.2774476110935211,0.03360322490334511,-1.104198932647705,-0.3296301066875458,0.264211505651474,-1.0560160875320435,-0.12693651020526886,0.32537156343460083,-1.531598687171936,-0.255266010761261,0.3631821274757385,-1.8273231983184814,-0.3229536712169647,0.35645273327827454,-2.081429958343506,-0.3713288903236389,-0.005382501985877752,-0.9917849898338318,-0.12780232727527618,0.01475407462567091,-1.2435736656188965,-0.3436715602874756,0.11208515614271164,-0.8980705142021179,-0.371501624584198,0.13412980735301971,-0.6856192350387573,-0.3335328698158264,-0.2393484115600586,-0.8628741502761841,-0.14834776520729065,-0.18024688959121704,-1.02077317237854,-0.39391955733299255,-0.0633329451084137,-0.6819168329238892,-0.33267807960510254,-0.06496415287256241,-0.533974289894104,-0.22535111010074615,-0.4669997990131378,-0.6998116970062256,-0.1786598265171051,-0.3814954161643982,-0.8666948676109314,-0.33591586351394653,-0.2651755213737488,-0.6400178670883179,-0.26407086849212646,-0.2671164274215698,-0.5235447287559509,-0.17225077748298645
0.0,0.0,0.0,0.3093416094779968,-0.2337973564863205,-0.14786335825920105,0.4131912589073181,-0.6443842649459839,-0.20122431218624115,0.2311772257089615,-0.9472318887710571,-0.2554870843887329,-0.001796700875274837,-1.132590889930725,-0.31045156717300415,0.2739514112472534,-1.0579067468643188,-0.10803190618753433,0.3377319574356079,-1.5472042560577393,-0.24105560779571533,0.3894529640674591,-1.853279709815979,-0.3156062066555023,0.39422452449798584,-2.1187076568603516,-0.36825433373451233,-0.0016891293926164508,-0.9928891658782959,-0.11903016269207001,0.03456674888730049,-1.2396715879440308,-0.3507651388645172,0.12020991742610931,-0.8768455386161804,-0.39151206612586975,0.12127026915550232,-0.6392219066619873,-0.3598359525203705,-0.24354879558086395,-0.8637073040008545,-0.1486767828464508,-0.17467911541461945,-1.0353509187698364,-0.4129112660884857,-0.062046583741903305,-0.6782829761505127,-0.3568890690803528,-0.08086349070072174,-0.498134583234787,-0.24673613905906677,-0.48274481296539307,-0.7010307312011719,-0.18548941612243652,-0.3864178955554962,-0.9090796113014221,-0.35381174087524414,-0.28019100427627563,-0.6868626475334167,-0.27893784642219543,-0.30881187319755554,-0.5498826503753662,-0.1817767471075058
0.0,0.0,0.0,0.3072994351387024,-0.23961347341537476,-0.15900203585624695,0.4186064898967743,-0.646217942237854,-0.22991880774497986,0.24841393530368805,-0.9709007143974304,-0.3038632869720459,0.008314997889101505,-1.1803148984909058,-0.37833335995674133,0.26205068826675415,-1.058600664138794,-0.11108876764774323,0.3192513585090637,-1.5573394298553467,-0.24931129813194275,0.3712257742881775,-1.8712892532348633,-0.32020342350006104,0.3716849088668823,-2.1361591815948486,-0.36849188804626465,-0.009271768853068352,-0.9926021695137024,-0.12105786800384521,0.03290751948952675,-1.266843318939209,-0.36397743225097656,0.1271875649690628,-0.8852412700653076,-0.3958940804004669,0.1252860128879547,-0.6472479701042175,-0.3517341613769531,-0.24678905308246613,-0.865325927734375,-0.151800274848938,-0.17312969267368317,-1.0606359243392944,-0.4286080598831177,-0.051292166113853455,-0.6890550851821899,-0.3579079806804657,-0.07277539372444153,-0.5057007074356079,-0.23292507231235504,-0.48658132553100586,-0.7091029286384583,-0.19077353179454803,-0.3795334994792938,-0.9280811548233032,-0.36903268098831177,-0.2678911089897156,-0.6874896883964539,-0.28686606884002686,-0.3007330894470215,-0.5421230792999268,-0.18124769628047943
0.0,0.0,0.0,0.31735676527023315,-0.24738186597824097,-0.14798368513584137,0.4272324740886688,-0.6601514220237732,-0.20131546258926392,0.2300778180360794,-0.969502329826355,-0.257795512676239,-0.011118756607174873,-1.1478320360183716,-0.31503167748451233,0.269368052482605,-1.0652750730514526,-0.09310351312160492,0.3167664706707001,-1.57211172580719,-0.22306440770626068,0.3541683852672577,-1.890274167060852,-0.2944957911968231,0.3472049832344055,-2.1574525833129883,-0.34433838725090027,-0.006688353605568409,-0.9944356679916382,-0.10513351112604141,0.007885771803557873,-1.2697951793670654,-0.3474566340446472,0.09259498864412308,-0.9052688479423523,-0.3919433355331421,0.1086951419711113,-0.6543843150138855,-0.35602492094039917,-0.2504986822605133,-0.861785888671875,-0.13610920310020447,-0.2037782371044159,-1.0533170700073242,-0.4074629247188568,-0.08258253335952759,-0.6993874311447144,-0.3510649502277374,-0.07754500210285187,-0.5075958967208862,-0.23515763878822327,-0.4914603531360626,-0.6979149580001831,-0.1748725324869156,-0.4145466685295105,-0.9225856065750122,-0.3460010290145874,-0.2966025173664093,-0.7010849118232727,-0.2699170708656311,-0.29603123664855957,-0.5516006946563721,-0.1684979796409607
0.0,0.0,0.0,0.3237641155719757,-0.23855522274971008,-0.14761832356452942,0.45053747296333313,-0.6421363949775696,-0.1971210390329361,0.25959447026252747,-0.9337479472160339,-0.24704912304878235,0.028246305882930756,-1.0924975872039795,-0.29750531911849976,0.2760777771472931,-1.0628061294555664,-0.0951678603887558,0.33360689878463745,-1.537068247795105,-0.21774430572986603,0.37189584970474243,-1.8362009525299072,-0.2886904180049896,0.36775529384613037,-2.0885305404663086,-0.3392692804336548,0.004762712400406599,-0.994753897190094,-0.10218611359596252,0.029383143410086632,-1.228694200515747,-0.3243166506290436,0.11175435036420822,-0.9004601240158081,-0.37033581733703613,0.12786948680877686,-0.6680223345756531,-0.3434060513973236,-0.22994980216026306,-0.8643177151679993,-0.12766066193580627,-0.16567395627498627,-1.0157215595245361,-0.3758578896522522,-0.06581065058708191,-0.6890750527381897,-0.3313628137111664,-0.07008261233568192,-0.5169982314109802,-0.23299670219421387,-0.45887693762779236,-0.7007066607475281,-0.16174519062042236,-0.36288678646087646,-0.8775516748428345,-0.3210179805755615,-0.2617422044277191,-0.6621127128601074,-0.2578045427799225,-0.26822948455810547,-0.5285689234733582,-0.1699754148721695
0.0,0.0,0.0,0.3269461989402771,-0.24151676893234253,-0.15071727335453033,0.45041337609291077,-0.6442805528640747,-0.21357904374599457,0.28130558133125305,-0.9682366251945496,-0.27910858392715454,0.03161974251270294,-1.1534323692321777,-0.34511759877204895,0.28798165917396545,-1.0555328130722046,-0.0919695496559143,0.3276745080947876,-1.5344669818878174,-0.22125157713890076,0.3626631796360016,-1.8448203802108765,-0.2959844768047333,0.3532557487487793,-2.1055068969726562,-0.3492070138454437,0.024953728541731834,-0.9944142699241638,-0.10255559533834457,0.038444824516773224,-1.277883768081665,-0.3235199451446533,0.13404549658298492,-0.945503294467926,-0.3666616976261139,0.15313775837421417,-0.7207757830619812,-0.33663150668144226,-0.20903682708740234,-0.8705558180809021,-0.13203808665275574,-0.16045187413692474,-1.0672434568405151,-0.3814603090286255,-0.040422890335321426,-0.7392648458480835,-0.32197752594947815,-0.03515300899744034,-0.5606050491333008,-0.2122495323419571,-0.44527843594551086,-0.7175471186637878,-0.17093521356582642,-0.3585282564163208,-0.9202715158462524,-0.3323924243450165,-0.24545888602733612,-0.7062297463417053,-0.2584957182407379,-0.2474343180656433,-0.5640806555747986,-0.16228674352169037
0.0,0.0,0.0,0.34322187304496765,-0.19540876150131226,-0.16202564537525177,0.488738089799881,-0.62800532579422,-0.22649742662906647,0.3152958154678345,-0.9832058548927307,-0.28651735186576843,0.041304633021354675,-1.1722532510757446,-0.3482237160205841,0.287651002407074,-1.0658317804336548,-0.13780349493026733,0.3304295837879181,-1.5681625604629517,-0.2755175232887268,0.373496413230896,-1.8908201456069946,-0.3512614071369171,0.36567726731300354,-2.1641976833343506,-0.4083954393863678,0.0045965672470629215,-0.9886323809623718,-0.15028277039527893,0.05855051800608635,-1.2848936319351196,-0.38431280851364136,0.16840516030788422,-0.9043684005737305,-0.42113468050956726,0.16300831735134125,-0.673577606678009,-0.3873275816440582,-0.23905979096889496,-0.8464469313621521,-0.17985811829566956,-0.1659281700849533,-1.0579413175582886,-0.45198559761047363,-0.021202418953180313,-0.6948398351669312,-0.38140156865119934,-0.03535278141498566,-0.5252522826194763,-0.2636527717113495,-0.4852319061756134,-0.6727969646453857,-0.21738524734973907,-0.3785008192062378,-0.8885058164596558,-0.3976909816265106,-0.2373802810907364,-0.644016683101654,-0.3139095604419708,-0.24970725178718567,-0.4970328211784363,-0.211440771818161
0.0,0.0,0.0,0.32288745045661926,-0.20164531469345093,-0.1501120924949646,0.4734620153903961,-0.6120118498802185,-0.2110569179058075,0.32713261246681213,-0.9417257308959961,-0.2712033689022064,0.08586665987968445,-1.124613642692566,-0.3310825824737549,0.2677425146102905,-1.053580641746521,-0.12189389765262604,0.3225250542163849,-1.5387167930603027,-0.2552582323551178,0.36750560998916626,-1.840476632118225,-0.3291053771972656,0.36042672395706177,-2.1039462089538574,-0.3847423493862152,-0.0032526045106351376,-0.9907934069633484,-0.1353432834148407,0.06526835262775421,-1.2525156736373901,-0.3534812033176422,0.16443590819835663,-0.9090244174003601,-0.39321088790893555,0.14493530988693237,-0.7180841565132141,-0.37018513679504395,-0.24087302386760712,-0.8631455302238464,-0.16595742106437683,-0.15256281197071075,-1.043144702911377,-0.4219741225242615,-0.03047950752079487,-0.7128325700759888,-0.3659746050834656,-0.06225067749619484,-0.5716242790222168,-0.2652646005153656,-0.479327529668808,-0.7025982737541199,-0.20421281456947327,-0.3706393837928772,-0.8953151106834412,-0.3732166588306427,-0.2434249371290207,-0.6806352734565735,-0.3020096719264984,-0.26477766036987305,-0.5556324124336243,-0.2118760645389557
0.0,0.0,0.0,0.34038954973220825,-0.2000735104084015,-0.1666988581418991,0.4970751106739044,-0.6042147874832153,-0.2374882996082306,0.3427930772304535,-0.9413015246391296,-0.3041263222694397,0.11036164313554764,-1.1481409072875977,-0.370108038187027,0.2913174033164978,-1.0503952503204346,-0.13054890930652618,0.3515157997608185,-1.5185688734054565,-0.263581246137619,0.40336737036705017,-1.8151801824569702,-0.3308480381965637,0.40646034479141235,-2.0706787109375,-0.38011014461517334,0.01595815271139145,-0.9907287955284119,-0.13491420447826385,0.09085828810930252,-1.2427403926849365,-0.35772964358329773,0.18517638742923737,-0.8741821646690369,-0.3862195312976837,0.16108554601669312,-0.6639932990074158,-0.3491399586200714,-0.2182845175266266,-0.869573175907135,-0.1595994234085083,-0.11073527485132217,-1.0401816368103027,-0.42736485600471497,-0.0012767607113346457,-0.6778808832168579,-0.3649338185787201,-0.04643595963716507,-0.5261916518211365,-0.2539999783039093,-0.4539318084716797,-0.7160030007362366,-0.19236180186271667,-0.31704235076904297,-0.8967095613479614,-0.37331488728523254,-0.20763851702213287,-0.6554381847381592,-0.30492472648620605,-0.2544752061367035,-0.5339130163192749,-0.21379971504211426
0.0,0.0,0.0,0.3469903767108917,-0.1913965493440628,-0.15297695994377136,0.5348420143127441,-0.6175938844680786,-0.212926983833313,0.37331321835517883,-0.9606550931930542,-0.27039310336112976,0.11744371056556702,-1.1425399780273438,-0.32828789949417114,0.33006715774536133,-1.0513293743133545,-0.12215344607830048,0.39331507682800293,-1.5255686044692993,-0.24852173030376434,0.440448522567749,-1.8185559511184692,-0.3148229122161865,0.44362348318099976,-2.0709218978881836,-0.3655332326889038,0.05089844763278961,-0.9900006651878357,-0.13156001269817352,0.11497757583856583,-1.2417562007904053,-0.3492143750190735,0.2029927372932434,-0.8823912143707275,-0.38309285044670105,0.18756140768527985,-0.675546407699585,-0.35391560196876526,-0.18976299464702606,-0.8665738701820374,-0.15812948346138,-0.09584590047597885,-1.0494840145111084,-0.4160168170928955,0.019163312390446663,-0.6974160671234131,-0.3518507480621338,-0.008569803088903427,-0.5384602546691895,-0.24435684084892273,-0.4368472099304199,-0.7111652493476868,-0.19229011237621307,-0.301670640707016,-0.901458740234375,-0.3653624653816223,-0.18663254380226135,-0.6682722568511963,-0.2922043800354004,-0.21784959733486176,-0.5407218933105469,-0.20006482303142548
0.0,0.0,0.0,0.34824949502944946,-0.18500608205795288,-0.15920425951480865,0.548329770565033,-0.6007678508758545,-0.22921888530254364,0.4092733561992645,-0.961746871471405,-0.2983758747577667,0.15214408934116364,-1.166875958442688,-0.3680826723575592,0.3555618226528168,-1.038869023323059,-0.1196092963218689,0.4277022182941437,-1.5063740015029907,-0.24836868047714233,0.4797663390636444,-1.8018547296524048,-0.31585055589675903,0.48226532340049744,-2.0569169521331787,-0.3674033284187317,0.07541763782501221,-0.9889473915100098,-0.12765254080295563,0.1522848755121231,-1.2172297239303589,-0.3495160937309265,0.22673234343528748,-0.8327689170837402,-0.3791814148426056,0.19589625298976898,-0.6336637735366821,-0.34556862711906433,-0.16630560159683228,-0.8787575364112854,-0.15449504554271698,-0.06266859918832779,-1.0580183267593384,-0.41859129071235657,0.036445729434490204,-0.6849978566169739,-0.3479382395744324,-0.010113300755620003,-0.5260261297225952,-0.2345469892024994,-0.41693609952926636,-0.7373116612434387,-0.1895081251859665,-0.2677021026611328,-0.9192904233932495,-0.3705398142337799,-0.1614864021539688,-0.6687665581703186,-0.29656946659088135,-0.20759317278862,-0.5379027724266052,-0.2020188421010971
0.0,0.0,0.0,0.3452098071575165,-0.1886606514453888,-0.1518079787492752,0.5288112163543701,-0.610400378704071,-0.21344061195850372,0.3939491808414459,-0.9652597904205322,-0.27197325229644775,0.1291484236717224,-1.151291012763977,-0.33195608854293823,0.34101343154907227,-1.0453473329544067,-0.13841788470745087,0.42038679122924805,-1.5317392349243164,-0.26531219482421875,0.47770237922668457,-1.831786870956421,-0.3267922103404999,0.47886887192726135,-2.0934183597564697,-0.37433210015296936,0.05383926257491112,-0.9867088794708252,-0.15331999957561493,0.13643291592597961,-1.263124942779541,-0.3700888156890869,0.22150325775146484,-0.8714140057563782,-0.390412300825119,0.18562936782836914,-0.6634137630462646,-0.35093748569488525,-0.19083739817142487,-0.865868866443634,-0.18501627445220947,-0.08258579671382904,-1.065407633781433,-0.4416433274745941,0.024084771052002907,-0.6888286471366882,-0.36564284563064575,-0.03601023182272911,-0.5386542081832886,-0.2510949671268463,-0.439391553401947,-0.7121804356575012,-0.22420024871826172,-0.2977519929409027,-0.9174231886863708,-0.3884381949901581,-0.1881527304649353,-0.6783339977264404,-0.30291518568992615,-0.2506583333015442,-0.5528608560562134,-0.20595066249370575
0.0,0.0,0.0,0.328925758600235,-0.2016822248697281,-0.15109679102897644,0.5167103409767151,-0.6059069633483887,-0.22232770919799805,0.3545926511287689,-0.9482604265213013,-0.2928820848464966,0.08992903679609299,-1.1340348720550537,-0.36634206771850586,0.31632348895072937,-1.0453540086746216,-0.13532288372516632,0.3901905417442322,-1.5271446704864502,-0.2709027826786041,0.4442349374294281,-1.823278546333313,-0.3440394699573517,0.4481350779533386,-2.0824596881866455,-0.39725762605667114,0.03201467916369438,-0.9885200262069702,-0.1476588398218155,0.10014814138412476,-1.2367229461669922,-0.36949416995048523,0.1891670823097229,-0.8619086742401123,-0.39986005425453186,0.1671963483095169,-0.6436592936515808,-0.3679327368736267,-0.21348074078559875,-0.8709794282913208,-0.17687276005744934,-0.11695284396409988,-1.0658082962036133,-0.4291634261608124,-0.005060389172285795,-0.7045339941978455,-0.3566606342792511,-0.04891541600227356,-0.5318692922592163,-0.24483853578567505,-0.46606481075286865,-0.7163333892822266,-0.21417169272899628,-0.33720117807388306,-0.9221640825271606,-0.3757796883583069,-0.21876384317874908,-0.6881381273269653,-0.29222777485847473,-0.25995489954948425,-0.5448452234268188,-0.19405215978622437
0.0,0.0,0.0,0.3524242639541626,-0.2086631804704666,-0.1333201378583908,0.5209235548973083,-0.6443815231323242,-0.17055323719978333,0.3429940640926361,-0.9839541912078857,-0.2090815305709839,0.08577413111925125,-1.142303228378296,-0.2524658739566803,0.3213558793067932,-1.0561070442199707,-0.09682813286781311,0.40715131163597107,-1.54356050491333,-0.21638858318328857,0.4557456374168396,-1.8505927324295044,-0.28515058755874634,0.4561363756656647,-2.119614601135254,-0.33896586298942566,0.03428471460938454,-0.9929616451263428,-0.1133660227060318,0.10042393952608109,-1.2679803371429443,-0.3327368497848511,0.18540360033512115,-0.9181885719299316,-0.37882786989212036,0.17418426275253296,-0.6921002864837646,-0.3575274348258972,-0.207674041390419,-0.8644803166389465,-0.14434534311294556,-0.10800100117921829,-1.0590156316757202,-0.3996409773826599,-0.005062496289610863,-0.7034739851951599,-0.3429698646068573,-0.03868253156542778,-0.5317977666854858,-0.2392922043800354,-0.45315226912498474,-0.7018129825592041,-0.1812632977962494,-0.317250519990921,-0.910420298576355,-0.34232842922210693,-0.2136107236146927,-0.6776817440986633,-0.2647045850753784,-0.2525254786014557,-0.5373842716217041,-0.171575129032135
0.0,0.0,0.0,0.34458720684051514,-0.1835474967956543,-0.1346409022808075,0.5107223391532898,-0.6045631766319275,-0.18501481413841248,0.3533521294593811,-0.9248515963554382,-0.23562365770339966,0.0977601483464241,-1.072281837463379,-0.2910463809967041,0.3063446581363678,-1.0618665218353271,-0.12515857815742493,0.3816942870616913,-1.5415815114974976,-0.24780340492725372,0.42358607053756714,-1.8458765745162964,-0.31676986813545227,0.4132530689239502,-2.1061336994171143,-0.37130048871040344,0.023312291130423546,-0.989363431930542,-0.14358453452587128,0.08989432454109192,-1.2268712520599365,-0.3627234101295471,0.17829319834709167,-0.8778195381164551,-0.406282514333725,0.16339729726314545,-0.6792929172515869,-0.3871328830718994,-0.21377237141132355,-0.8502889275550842,-0.1739710420370102,-0.12569652497768402,-1.0136327743530273,-0.4210222661495209,-0.014193955808877945,-0.6745861172676086,-0.35792431235313416,-0.04386782646179199,-0.530331015586853,-0.25744393467903137,-0.4503280222415924,-0.6795307993888855,-0.21066825091838837,-0.3350626528263092,-0.8599463701248169,-0.3645522892475128,-0.21757303178310394,-0.628481924533844,-0.2800055146217346,-0.24016708135604858,-0.504572868347168,-0.1849530041217804
0.0,0.0,0.0,0.32587823271751404,-0.19877995550632477,-0.13233913481235504,0.4688225984573364,-0.5981231927871704,-0.18593965470790863,0.3287343978881836,-0.8834078311920166,-0.2399059236049652,0.08840629458427429,-1.0163673162460327,-0.29517894983291626,0.2835060954093933,-1.0574229955673218,-0.12677237391471863,0.3513883054256439,-1.5222504138946533,-0.2623126804828644,0.3971446752548218,-1.8213753700256348,-0.34190765023231506,0.39366963505744934,-2.0791025161743164,-0.4013808071613312,0.01211721170693636,-0.988679051399231,-0.14955563843250275,0.08529192209243774,-1.2072871923446655,-0.3813726603984833,0.16376622021198273,-0.8551250696182251,-0.4292353093624115,0.1469520628452301,-0.6574552655220032,-0.40942203998565674,-0.22068317234516144,-0.8585143089294434,-0.1858966201543808,-0.12452387064695358,-1.0005439519882202,-0.44159063696861267,-0.013067181222140789,-0.6644894480705261,-0.38670986890792847,-0.033241432160139084,-0.5221720337867737,-0.2868938148021698,-0.4464227259159088,-0.6931602954864502,-0.22912821173667908,-0.32168352603912354,-0.8555217981338501,-0.38952016830444336,-0.20205819606781006,-0.6296985149383545,-0.31285521388053894,-0.21664133667945862,-0.5090423822402954,-0.21979187428951263
0.0,0.0,0.0,0.31715789437294006,-0.2250448614358902,-0.13892672955989838,0.4472940266132355,-0.615559995174408,-0.20278491079807281,0.2711026668548584,-0.8853288888931274,-0.26795265078544617,0.02536488138139248,-1.023775339126587,-0.33228376507759094,0.23443858325481415,-1.0622246265411377,-0.1275366246700287,0.2943917214870453,-1.5273044109344482,-0.26921072602272034,0.3296321630477905,-1.8238909244537354,-0.3433377742767334,0.3152177631855011,-2.079699754714966,-0.39675694704055786,-0.037889983505010605,-0.9882038235664368,-0.1483832150697708,0.025139881297945976,-1.2089951038360596,-0.3888436257839203,0.11852704733610153,-0.8422080278396606,-0.42897990345954895,0.11151043325662613,-0.6507453322410583,-0.398652046918869,-0.26510295271873474,-0.8556411266326904,-0.18500807881355286,-0.16963595151901245,-1.0009238719940186,-0.45521071553230286,-0.04160727560520172,-0.6519262194633484,-0.39318156242370605,-0.05554843321442604,-0.5094143152236938,-0.28205710649490356,-0.48070645332336426,-0.6839613914489746,-0.22826026380062103,-0.34932762384414673,-0.8519430756568909,-0.4016096591949463,-0.22401414811611176,-0.6163768768310547,-0.3250998258590698,-0.2449134737253189,-0.4934917688369751,-0.22684575617313385
0.0,0.0,0.0,0.2979359030723572,-0.2132272869348526,-0.16874118149280548,0.45581597089767456,-0.5875803828239441,-0.2576455771923065,0.29129236936569214,-0.8728184103965759,-0.34327706694602966,0.042426664382219315,-1.0362749099731445,-0.4253852665424347,0.2295067459344864,-1.0500514507293701,-0.14930064976215363,0.2774357497692108,-1.5063241720199585,-0.3045062720775604,0.30446678400039673,-1.806331753730774,-0.38092339038848877,0.28687435388565063,-2.0618631839752197,-0.4319923222064972,-0.03884951025247574,-0.986504316329956,-0.1590595245361328,0.04537499323487282,-1.2147127389907837,-0.4028097987174988,0.1300990730524063,-0.8296471834182739,-0.4300711452960968,0.11415202170610428,-0.6447573900222778,-0.38488972187042236,-0.2613822817802429,-0.865587055683136,-0.18898631632328033,-0.16151875257492065,-1.0124295949935913,-0.4698512852191925,-0.034278228878974915,-0.6508142352104187,-0.3973037600517273,-0.046570729464292526,-0.5098701119422913,-0.2730388045310974,-0.479192852973938,-0.7080041766166687,-0.2278386354446411,-0.35004687309265137,-0.857657253742218,-0.40852415561676025,-0.21514859795570374,-0.6126523613929749,-0.32722458243370056,-0.224683940410614,-0.4948194921016693,-0.22127513587474823
0.0,0.0,0.0,0.2847898006439209,-0.20034156739711761,-0.14020772278308868,0.4345977306365967,-0.5509499907493591,-0.23281341791152954,0.30341118574142456,-0.8092113733291626,-0.329549640417099,0.06234617903828621,-0.9300128817558289,-0.4252672493457794,0.1755703240633011,-1.0356346368789673,-0.14783735573291779,0.23360612988471985,-1.4495463371276855,-0.29872485995292664,0.262545645236969,-1.7193191051483154,-0.3739745020866394,0.2525668442249298,-1.9527517557144165,-0.42619556188583374,-0.08810212463140488,-0.9817115664482117,-0.16876111924648285,0.03948099911212921,-1.1169174909591675,-0.40299174189567566,0.12545013427734375,-0.7558050155639648,-0.43290582299232483,0.10068640112876892,-0.5996168851852417,-0.39855098724365234,-0.2957504391670227,-0.8554185032844543,-0.2052534520626068,-0.146794393658638,-0.9115933775901794,-0.4680369794368744,-0.02910166047513485,-0.586039662361145,-0.40493321418762207,-0.046225760132074356,-0.47163110971450806,-0.29756325483322144,-0.48460447788238525,-0.6894124746322632,-0.24876728653907776,-0.3173638880252838,-0.7742308378219604,-0.41539302468299866,-0.19419851899147034,-0.5526648759841919,-0.3434283137321472,-0.20665429532527924,-0.4572528004646301,-0.24948827922344208
0.0,0.0,0.0,0.2790578007698059,-0.19711558520793915,-0.12175948917865753,0.4109918773174286,-0.5447304248809814,-0.2026195377111435,0.28314119577407837,-0.7662289142608643,-0.28824979066848755,0.04968107491731644,-0.8564741611480713,-0.37473034858703613,0.13789348304271698,-1.0408670902252197,-0.1473393738269806,0.17247836291790009,-1.4584081172943115,-0.28425541520118713,0.19790419936180115,-1.7194236516952515,-0.35789769887924194,0.18354833126068115,-1.94394052028656,-0.4126508831977844,-0.12297903746366501,-0.9771775603294373,-0.1732054203748703,-0.0064567457884550095,-1.0619447231292725,-0.39394113421440125,0.08898185938596725,-0.7163733243942261,-0.43185290694236755,0.07064256817102432,-0.5697975754737854,-0.4123370349407196,-0.32428067922592163,-0.8367595672607422,-0.2106112837791443,-0.17700089514255524,-0.865369439125061,-0.4531589448451996,-0.046482134610414505,-0.5602076053619385,-0.4011034071445465,-0.05268491059541702,-0.45370927453041077,-0.3117865025997162,-0.5012542009353638,-0.6603001952171326,-0.2543952167034149,-0.3360694646835327,-0.7149286866188049,-0.41515249013900757,-0.19304554164409637,-0.507552444934845,-0.35532745718955994,-0.17880606651306152,-0.42323037981987,-0.2736770510673523
0.0,0.0,0.0,0.2514309287071228,-0.193587064743042,-0.12160830199718475,0.3771113157272339,-0.5162245035171509,-0.2092263251543045,0.26024314761161804,-0.7282676696777344,-0.30064505338668823,0.0392489917576313,-0.8142209649085999,-0.3909749984741211,0.11046522855758667,-1.0206507444381714,-0.14981326460838318,0.13885967433452606,-1.3971853256225586,-0.28744375705718994,0.1547618806362152,-1.647403359413147,-0.3636079728603363,0.1369512379169464,-1.8648959398269653,-0.42026036977767944,-0.1569312959909439,-0.9721945524215698,-0.17381124198436737,-0.01276980061084032,-1.0190733671188354,-0.38093113899230957,0.08453138917684555,-0.6899442672729492,-0.4172677993774414,0.0608280748128891,-0.5537863969802856,-0.4000551700592041,-0.35287466645240784,-0.8360762596130371,-0.2090643346309662,-0.1735576093196869,-0.8106445670127869,-0.4325867295265198,-0.05215432122349739,-0.5279220938682556,-0.38559916615486145,-0.06695280969142914,-0.43630459904670715,-0.3050568997859955,-0.5142644047737122,-0.6598796248435974,-0.2522415220737457,-0.33156466484069824,-0.665600061416626,-0.3981315791606903,-0.19993117451667786,-0.47173672914505005,-0.3448861837387085,-0.1950463503599167,-0.40021011233329773,-0.2713473439216614
0.0,0.0,0.0,0.2518417537212372,-0.19025400280952454,-0.1386100947856903,0.3880060911178589,-0.5191770792007446,-0.23258641362190247,0.24703377485275269,-0.720920979976654,-0.3279291093349457,0.010289088822901249,-0.7975830435752869,-0.4218734800815582,0.13264904916286469,-1.0350896120071411,-0.15427842736244202,0.1533929407596588,-1.4254049062728882,-0.2976755201816559,0.1723373383283615,-1.6762007474899292,-0.3786410093307495,0.15832512080669403,-1.8875350952148438,-0.43696460127830505,-0.1386604607105255,-0.9747823476791382,-0.174850195646286,-0.02321113459765911,-1.0292425155639648,-0.3954302668571472,0.06983397156000137,-0.6922503113746643,-0.44093212485313416,0.05352351814508438,-0.5534437298774719,-0.4260523021221161,-0.3411780297756195,-0.8335466980934143,-0.20926383137702942,-0.1959904581308365,-0.8188477754592896,-0.44405338168144226,-0.07063392549753189,-0.5324199199676514,-0.40115076303482056,-0.0738549679517746,-0.44383713603019714,-0.3206126391887665,-0.5132108330726624,-0.6520911455154419,-0.25275900959968567,-0.35963892936706543,-0.6657131910324097,-0.4046265482902527,-0.22729572653770447,-0.47121602296829224,-0.35039645433425903,-0.21192966401576996,-0.40482425689697266,-0.27429550886154175
0.0,0.0,0.0,0.25537487864494324,-0.19820405542850494,-0.13691717386245728,0.36873021721839905,-0.5302008986473083,-0.22675062716007233,0.22067230939865112,-0.734906017780304,-0.318535178899765,-0.023820219561457634,-0.8142260909080505,-0.4082578718662262,0.16955877840518951,-1.0400209426879883,-0.1557418406009674,0.1721750944852829,-1.4508899450302124,-0.3003453314304352,0.17623978853225708,-1.7105731964111328,-0.3869134187698364,0.14784379303455353,-1.9361846446990967,-0.45079293847084045,-0.09662675112485886,-0.9788294434547424,-0.18043380975723267,-0.033297501504421234,-1.051013469696045,-0.4059276282787323,0.051600608974695206,-0.7293865084648132,-0.4546959102153778,0.051451440900564194,-0.577347457408905,-0.44229140877723694,-0.3058542013168335,-0.8405770659446716,-0.21878927946090698,-0.20554228127002716,-0.8496308922767639,-0.44633567333221436,-0.08228787779808044,-0.5657193064689636,-0.3972482681274414,-0.07486170530319214,-0.46051904559135437,-0.31406110525131226,-0.48339149355888367,-0.6629626750946045,-0.2682031989097595,-0.35646408796310425,-0.6923514008522034,-0.41242578625679016,-0.2364307940006256,-0.5029491782188416,-0.35371702909469604,-0.22332212328910828,-0.4308549761772156,-0.2758340835571289
0.0,0.0,0.0,0.2546364963054657,-0.20163369178771973,-0.14332807064056396,0.35766223073005676,-0.5444239974021912,-0.22530339658260345,0.17853127419948578,-0.7515720129013062,-0.30589860677719116,-0.06645739078521729,-0.8387451767921448,-0.3809311091899872,0.17759118974208832,-1.0438194274902344,-0.1557338684797287,0.18095578253269196,-1.4796077013015747,-0.29885396361351013,0.1815485805273056,-1.7508046627044678,-0.37813547253608704,0.14327575266361237,-1.980055570602417,-0.4363686144351959,-0.08882705867290497,-0.980351984500885,-0.17612408101558685,-0.06291743367910385,-1.076368808746338,-0.4025673568248749,0.03293521702289581,-0.746998131275177,-0.44259873032569885,0.05004703626036644,-0.5956335663795471,-0.4215025305747986,-0.304428368806839,-0.8513583540916443,-0.21237316727638245,-0.24148550629615784,-0.8736900091171265,-0.44347482919692993,-0.10105685889720917,-0.5789932012557983,-0.38843730092048645,-0.07538483291864395,-0.4763793647289276,-0.2990560233592987,-0.4910959005355835,-0.6807105541229248,-0.26075178384780884,-0.39451050758361816,-0.7123216390609741,-0.40688347816467285,-0.2589975595474243,-0.5171767473220825,-0.3463110029697418,-0.22828328609466553,-0.4442724883556366,-0.2660937011241913
0.0,0.0,0.0,0.26260870695114136,-0.21477216482162476,-0.1470216065645218,0.3675577640533447,-0.5601595044136047,-0.22784410417079926,0.16863131523132324,-0.7562954425811768,-0.3084702491760254,-0.08021873235702515,-0.8387306332588196,-0.38408154249191284,0.19261939823627472,-1.0526124238967896,-0.15003229677677155,0.2009422779083252,-1.5187417268753052,-0.3010173738002777,0.21128736436367035,-1.8038790225982666,-0.393984317779541,0.18440969288349152,-2.049811363220215,-0.4630188047885895,-0.07183589786291122,-0.9823749661445618,-0.17256632447242737,-0.05832583084702492,-1.0982478857040405,-0.41656801104545593,0.03492025285959244,-0.7808353304862976,-0.4762651324272156,0.05812590569257736,-0.6147350072860718,-0.4681478440761566,-0.2926037609577179,-0.8480937480926514,-0.21164600551128387,-0.25915810465812683,-0.893261730670929,-0.4485028088092804,-0.12082968652248383,-0.6097061634063721,-0.4018726646900177,-0.0855751633644104,-0.5044465065002441,-0.3183785378932953,-0.4878602921962738,-0.6723359227180481,-0.2636745870113373,-0.4230549931526184,-0.7282386422157288,-0.4084245264530182,-0.28996697068214417,-0.5375455021858215,-0.34717443585395813,-0.25146496295928955,-0.46040645241737366,-0.2680266201496124
0.0,0.0,0.0,0.25385722517967224,-0.2147645652294159,-0.1584824025630951,0.3426826000213623,-0.5631664395332336,-0.24548953771591187,0.13643446564674377,-0.75685054063797,-0.33044949173927307,-0.10478996485471725,-0.8463768362998962,-0.40957680344581604,0.16883543133735657,-1.061902403831482,-0.15320254862308502,0.1757885366678238,-1.5249568223953247,-0.3035290539264679,0.1856512725353241,-1.805401086807251,-0.3894168734550476,0.1498049944639206,-2.0407495498657227,-0.4506601393222809,-0.09003491699695587,-0.9810792803764343,-0.17139758169651031,-0.08971066027879715,-1.133439302444458,-0.4204764664173126,0.007589470595121384,-0.8073980212211609,-0.4754346013069153,0.026299819350242615,-0.6378130912780762,-0.45603492856025696,-0.3051077723503113,-0.8431714177131653,-0.20730705559253693,-0.2716701328754425,-0.9079902172088623,-0.4625380337238312,-0.12881825864315033,-0.5997278690338135,-0.4149925708770752,-0.1002660021185875,-0.48524877429008484,-0.31909283995628357,-0.49749499559402466,-0.669585645198822,-0.25479841232299805,-0.4293815791606903,-0.7475946545600891,-0.41382312774658203,-0.3004869520664215,-0.5421189665794373,-0.35095179080963135,-0.27493178844451904,-0.4621797204017639,-0.2637476623058319
0.0,0.0,0.0,0.24047443270683289,-0.24605953693389893,-0.15041004121303558,0.28747597336769104,-0.5875915288925171,-0.22742700576782227,0.06159515306353569,-0.7797669172286987,-0.30086806416511536,-0.17466776072978973,-0.8791782259941101,-0.36710086464881897,0.15047015249729156,-1.0695358514785767,-0.14757628738880157,0.1395980268716812,-1.540103554725647,-0.2936512529850006,0.13198786973953247,-1.8242944478988647,-0.378532737493515,0.08614432066679001,-2.068275213241577,-0.43895286321640015,-0.10235796868801117,-0.9802144765853882,-0.16941802203655243,-0.15267707407474518,-1.1676985025405884,-0.41072502732276917,-0.04206537455320358,-0.8567904233932495,-0.4648112952709198,0.014166002161800861,-0.6702134609222412,-0.4460017681121826,-0.3163250982761383,-0.8350447416305542,-0.2080620378255844,-0.33018797636032104,-0.9371203780174255,-0.45347023010253906,-0.17068904638290405,-0.6419865489006042,-0.405666708946228,-0.11292947083711624,-0.5146273970603943,-0.3112150728702545,-0.4986383318901062,-0.6508024334907532,-0.25825995206832886,-0.4805205464363098,-0.7733219265937805,-0.40932050347328186,-0.33476683497428894,-0.5720781087875366,-0.34083783626556396,-0.2800387144088745,-0.47093912959098816,-0.2510445713996887
0.0,0.0,0.0,0.2352321594953537,-0.2437586486339569,-0.15072673559188843,0.2762884795665741,-0.5851030945777893,-0.22521233558654785,0.05408351123332977,-0.7686598896980286,-0.29539918899536133,-0.17871375381946564,-0.868247926235199,-0.3574225604534149,0.14391690492630005,-1.0721075534820557,-0.13853754103183746,0.13437716662883759,-1.5353361368179321,-0.28430625796318054,0.1282787173986435,-1.818924903869629,-0.3689028024673462,0.08107268065214157,-2.0582823753356934,-0.4284309446811676,-0.1069534420967102,-0.9812932014465332,-0.16007719933986664,-0.1403800994157791,-1.16353178024292,-0.39868947863578796,-0.03953196108341217,-0.8415632247924805,-0.4489668607711792,-0.0017810416175052524,-0.6562562584877014,-0.4261874258518219,-0.31957143545150757,-0.8348116278648376,-0.20010767877101898,-0.3167002499103546,-0.9303909540176392,-0.4470690190792084,-0.16510522365570068,-0.6269175410270691,-0.3984624445438385,-0.12329288572072983,-0.5083774924278259,-0.30188316106796265,-0.5008671879768372,-0.6480252742767334,-0.25131332874298096,-0.47627711296081543,-0.7708784937858582,-0.4012063443660736,-0.34001216292381287,-0.5676993131637573,-0.3296475410461426,-0.30093860626220703,-0.4742441177368164,-0.2377285361289978
0.0,0.0,0.0,0.23819996416568756,-0.2230561226606369,-0.17764875292778015,0.3041985332965851,-0.5590572953224182,-0.2679559588432312,0.06998822093009949,-0.7427694797515869,-0.3484632968902588,-0.17105823755264282,-0.8506132960319519,-0.4196016490459442,0.16355526447296143,-1.0713244676589966,-0.16809900104999542,0.1538265347480774,-1.5416854619979858,-0.3237558901309967,0.14419332146644592,-1.830288290977478,-0.40943172574043274,0.09174522757530212,-2.070286989212036,-0.46719682216644287,-0.09043152630329132,-0.9796034693717957,-0.17944158613681793,-0.1356331706047058,-1.1720566749572754,-0.4318402409553528,-0.03644993528723717,-0.8327479958534241,-0.4814126193523407,0.003152633784338832,-0.6497705578804016,-0.4534444212913513,-0.30765217542648315,-0.8358824253082275,-0.2108466774225235,-0.31658148765563965,-0.9433692693710327,-0.478586345911026,-0.16346026957035065,-0.6145088076591492,-0.42466089129447937,-0.11957710236310959,-0.4901696741580963,-0.3169303834438324,-0.5012000799179077,-0.6525264978408813,-0.2542997896671295,-0.4923274517059326,-0.7858626246452332,-0.4197152256965637,-0.35028502345085144,-0.5649229288101196,-0.34374403953552246,-0.3071790337562561,-0.4637833833694458,-0.2434512972831726
0.0,0.0,0.0,0.24985647201538086,-0.2281741350889206,-0.19837868213653564,0.30581966042518616,-0.5739211440086365,-0.2926647961139679,0.0587935745716095,-0.7746585011482239,-0.3743496537208557,-0.19442620873451233,-0.875567615032196,-0.447598397731781,0.15504950284957886,-1.0827502012252808,-0.1777927279472351,0.12092310935258865,-1.5584636926651,-0.336899071931839,0.09101493656635284,-1.8424605131149292,-0.4273560047149658,0.03485795110464096,-2.0794050693511963,-0.4875418543815613,-0.0938531830906868,-0.9790144562721252,-0.18089286983013153,-0.17397600412368774,-1.1912230253219604,-0.45316267013549805,-0.07392358034849167,-0.8550262451171875,-0.5176909565925598,-0.001186894834972918,-0.6396864056587219,-0.49297061562538147,-0.3100973963737488,-0.8304709792137146,-0.20565862953662872,-0.35083407163619995,-0.9543889164924622,-0.49620532989501953,-0.1864481419324875,-0.6168577671051025,-0.4578741788864136,-0.10369105637073517,-0.4498118460178375,-0.35000500082969666,-0.5021145939826965,-0.6452853083610535,-0.24345116317272186,-0.5205137133598328,-0.7941786646842957,-0.4342624545097351,-0.3707883358001709,-0.5622838735580444,-0.37387561798095703,-0.2990333139896393,-0.42080220580101013,-0.2766847312450409
0.0,0.0,0.0,0.25378915667533875,-0.2371535301208496,-0.18501488864421844,0.3214798867702484,-0.5843497514724731,-0.2813700735569,0.06962154060602188,-0.7788918614387512,-0.36953556537628174,-0.18519359827041626,-0.8758580684661865,-0.45195505023002625,0.15685409307479858,-1.0888298749923706,-0.17039930820465088,0.10634889453649521,-1.562382459640503,-0.33075621724128723,0.0662473514676094,-1.854565978050232,-0.42369237542152405,0.004194196779280901,-2.091583490371704,-0.4860811233520508,-0.10302062332630157,-0.9784684777259827,-0.17884685099124908,-0.1928556263446808,-1.1811776161193848,-0.4604244530200958,-0.08629335463047028,-0.8412352800369263,-0.527405858039856,-0.003587205894291401,-0.6103662848472595,-0.5016687512397766,-0.322771817445755,-0.8239773511886597,-0.20713278651237488,-0.38181397318840027,-0.9387066960334778,-0.49569597840309143,-0.21353760361671448,-0.6129422187805176,-0.4549289643764496,-0.1186595931649208,-0.44212809205055237,-0.34651580452919006,-0.5171266198158264,-0.6350935697555542,-0.24751774966716766,-0.5522993206977844,-0.7658988833427429,-0.43491044640541077,-0.4004947543144226,-0.5379656553268433,-0.3747803568840027,-0.315877228975296,-0.40575653314590454,-0.2783612012863159
0.0,0.0,0.0,0.2412332445383072,-0.24665868282318115,-0.18527598679065704,0.3112458288669586,-0.5984641909599304,-0.2750985622406006,0.06317511945962906,-0.792279064655304,-0.35388845205307007,-0.1938593089580536,-0.8907580375671387,-0.4244478940963745,0.13317270576953888,-1.0904945135116577,-0.16718260943889618,0.09440135210752487,-1.5638935565948486,-0.32063931226730347,0.06074094772338867,-1.8525077104568481,-0.40280264616012573,-0.0021692607551813126,-2.092721939086914,-0.4576694965362549,-0.12336757779121399,-0.976570188999176,-0.17632684111595154,-0.20316626131534576,-1.206374168395996,-0.43799033761024475,-0.082551009953022,-0.8653324842453003,-0.4888714849948883,-0.007608969695866108,-0.6490745544433594,-0.455106258392334,-0.34130609035491943,-0.8159453272819519,-0.20675870776176453,-0.3703978359699249,-0.9380449056625366,-0.48705488443374634,-0.19725197553634644,-0.6052594184875488,-0.4391012191772461,-0.1286744624376297,-0.4568682312965393,-0.327834814786911,-0.5372354984283447,-0.6216273903846741,-0.24890707433223724,-0.5471636056900024,-0.7678231596946716,-0.42092013359069824,-0.3957899212837219,-0.5436159372329712,-0.34963715076446533,-0.3403395712375641,-0.42733392119407654,-0.25065484642982483
0.0,0.0,0.0,0.22691409289836884,-0.2595113217830658,-0.18169541656970978,0.29866451025009155,-0.6195660829544067,-0.27042722702026367,0.06195145100355148,-0.8063990473747253,-0.3488945960998535,-0.20282310247421265,-0.8912143111228943,-0.4205545485019684,0.08989658206701279,-1.0890244245529175,-0.17012432217597961,0.03797975555062294,-1.561073899269104,-0.3261135518550873,-0.005959335248917341,-1.8501046895980835,-0.4069286584854126,-0.07910920679569244,-2.0924534797668457,-0.46001505851745605,-0.16068054735660553,-0.9701550006866455,-0.181606724858284,-0.22570708394050598,-1.1975958347320557,-0.4415958523750305,-0.09480704367160797,-0.8517065644264221,-0.4872359335422516,-0.027456190437078476,-0.6489010453224182,-0.4498169720172882,-0.37331441044807434,-0.8053463697433472,-0.2140047401189804,-0.38353097438812256,-0.9299904108047485,-0.4993308186531067,-0.19555073976516724,-0.5912213325500488,-0.44584226608276367,-0.12997516989707947,-0.44680726528167725,-0.3284367024898529,-0.5671617388725281,-0.6061782240867615,-0.2574411928653717,-0.5724987387657166,-0.7574523687362671,-0.4338770806789398,-0.4050009548664093,-0.5378191471099854,-0.3580383062362671,-0.3468998372554779,-0.4233904182910919,-0.2538200318813324
0.0,0.0,0.0,0.2210114449262619,-0.25752028822898865,-0.17578645050525665,0.3069908022880554,-0.620846688747406,-0.2652830183506012,0.0940118134021759,-0.8247944712638855,-0.34925147891044617,-0.15921488404273987,-0.925957977771759,-0.42816445231437683,0.10205413401126862,-1.0768276453018188,-0.15035341680049896,0.061968304216861725,-1.5465171337127686,-0.3008580505847931,0.024568632245063782,-1.835257887840271,-0.38048768043518066,-0.04175211861729622,-2.0773727893829346,-0.43276309967041016,-0.1498483270406723,-0.9758439660072327,-0.15897789597511292,-0.19239868223667145,-1.1916792392730713,-0.42817121744155884,-0.07338143140077591,-0.8558148741722107,-0.48424577713012695,-0.011119350790977478,-0.6367640495300293,-0.44921237230300903,-0.36232876777648926,-0.8236351609230042,-0.1865033060312271,-0.3569995164871216,-0.9265943169593811,-0.4713142514228821,-0.1846379190683365,-0.6010342836380005,-0.4260188937187195,-0.1156425029039383,-0.44315671920776367,-0.3116243779659271,-0.5590025186538696,-0.6404731273651123,-0.2242213636636734,-0.534207284450531,-0.7622835040092468,-0.4039381146430969,-0.3765838146209717,-0.5421451330184937,-0.3384925127029419,-0.3137049376964569,-0.42760398983955383,-0.23766377568244934
0.0,0.0,0.0,0.23455752432346344,-0.2654910981655121,-0.17155931890010834,0.3093707859516144,-0.6490963697433472,-0.25585851073265076,0.05250556021928787,-0.8648818135261536,-0.33379462361335754,-0.2288423329591751,-0.9517820477485657,-0.40882784128189087,0.09582727402448654,-1.0849651098251343,-0.15011313557624817,0.05140354856848717,-1.5579605102539062,-0.300190806388855,0.016617730259895325,-1.8492642641067505,-0.38597047328948975,-0.04940594732761383,-2.092276096343994,-0.4450937509536743,-0.163188636302948,-0.972985565662384,-0.16330519318580627,-0.2243395447731018,-1.2001221179962158,-0.43520307540893555,-0.09297988563776016,-0.8690963387489319,-0.4996055066585541,-0.019710350781679153,-0.6383224129676819,-0.4729408025741577,-0.3754303455352783,-0.8098710775375366,-0.1939314603805542,-0.40254220366477966,-0.9393497705459595,-0.47754910588264465,-0.21229985356330872,-0.6252826452255249,-0.4341973662376404,-0.13310319185256958,-0.4574006199836731,-0.324863463640213,-0.5683889389038086,-0.6119532585144043,-0.2343888133764267,-0.5759204030036926,-0.7642132639884949,-0.41485708951950073,-0.40610653162002563,-0.5532122254371643,-0.34799662232398987,-0.33406227827072144,-0.42677319049835205,-0.24889345467090607
0.0,0.0,0.0,0.22136959433555603,-0.2721000611782074,-0.17018815875053406,0.29400554299354553,-0.6497964859008789,-0.2570646107196808,0.062327779829502106,-0.8785918354988098,-0.338514119386673,-0.21685649454593658,-0.9771822094917297,-0.4169445037841797,0.09071296453475952,-1.072381615638733,-0.15214279294013977,0.046209946274757385,-1.5488346815109253,-0.3044562339782715,0.00979867484420538,-1.840134859085083,-0.38513752818107605,-0.05446331948041916,-2.0879414081573486,-0.43803972005844116,-0.166098490357399,-0.972339928150177,-0.16421425342559814,-0.21884174644947052,-1.2105066776275635,-0.43962016701698303,-0.09466683119535446,-0.8659934997558594,-0.4961225092411041,-0.023439332842826843,-0.6321634650230408,-0.4588758945465088,-0.38102003931999207,-0.8182352781295776,-0.19352389872074127,-0.39245083928108215,-0.9453670978546143,-0.48499059677124023,-0.2114233523607254,-0.6191989183425903,-0.43763142824172974,-0.13435935974121094,-0.44881609082221985,-0.3197300434112549,-0.5782976746559143,-0.6298647522926331,-0.23172536492347717,-0.5805227160453796,-0.7774930596351624,-0.416696697473526,-0.4117366671562195,-0.5615830421447754,-0.34822800755500793,-0.33582332730293274,-0.43468353152275085,-0.24429167807102203
0.0,0.0,0.0,0.2279350310564041,-0.2699826657772064,-0.14965979754924774,0.27643969655036926,-0.6540209054946899,-0.22723613679409027,0.020324857905507088,-0.8716136813163757,-0.3033604919910431,-0.2596435248851776,-0.9527379274368286,-0.37811368703842163,0.08297915011644363,-1.0850735902786255,-0.13749174773693085,0.03363056853413582,-1.5574232339859009,-0.2818920314311981,-0.0039040260016918182,-1.8472615480422974,-0.36394616961479187,-0.072052963078022,-2.087334632873535,-0.42127200961112976,-0.17507903277873993,-0.971188485622406,-0.16167941689491272,-0.2591893672943115,-1.2194947004318237,-0.4252602159976959,-0.11976685374975204,-0.9094208478927612,-0.4896865785121918,-0.037596192210912704,-0.6856791973114014,-0.4657135605812073,-0.38775238394737244,-0.8029359579086304,-0.20001515746116638,-0.4218941926956177,-0.9395122528076172,-0.47527074813842773,-0.22550256550312042,-0.6383418440818787,-0.4297550916671753,-0.14565227925777435,-0.4712032079696655,-0.3215310871601105,-0.5790547132492065,-0.59855717420578,-0.24631267786026,-0.5938917994499207,-0.7624151110649109,-0.41900840401649475,-0.42321261763572693,-0.5575156211853027,-0.3460715711116791,-0.3538382947444916,-0.42492905259132385,-0.24487312138080597
0.0,0.0,0.0,0.21858450770378113,-0.2771655321121216,-0.16638663411140442,0.2589948773384094,-0.6564211845397949,-0.24616815149784088,-0.008255980908870697,-0.8741533160209656,-0.31961989402770996,-0.29402995109558105,-0.9608455896377563,-0.3903363049030304,0.06609337776899338,-1.0834109783172607,-0.13917553424835205,0.012241753749549389,-1.545353889465332,-0.2776336669921875,-0.0319688618183136,-1.823499321937561,-0.35287365317344666,-0.10624761879444122,-2.055959463119507,-0.404268354177475,-0.187056303024292,-0.9706008434295654,-0.15147274732589722,-0.276192843914032,-1.1971070766448975,-0.40722689032554626,-0.1338830441236496,-0.8786231279373169,-0.4685657322406769,-0.05126774683594704,-0.6629113554954529,-0.44221383333206177,-0.3963368535041809,-0.8030589818954468,-0.17955780029296875,-0.45090600848197937,-0.9395699501037598,-0.4596904516220093,-0.24405016005039215,-0.6274645328521729,-0.4187692701816559,-0.15575696527957916,-0.4583686888217926,-0.3096733093261719,-0.5827299356460571,-0.5949640870094299,-0.21591509878635406,-0.6280914545059204,-0.7696062922477722,-0.40054604411125183,-0.4456387162208557,-0.567118227481842,-0.33377137780189514,-0.36125239729881287,-0.4284578859806061,-0.23209984600543976
0.0,0.0,0.0,0.2292637974023819,-0.287690132856369,-0.15130966901779175,0.2783134877681732,-0.6668027639389038,-0.22023482620716095,0.04265907406806946,-0.8894835710525513,-0.2862931787967682,-0.2214222401380539,-0.9756265878677368,-0.3507377803325653,0.10654886811971664,-1.0777971744537354,-0.1163288801908493,0.06716522574424744,-1.5294162034988403,-0.2491307258605957,0.03479442000389099,-1.8088183403015137,-0.3220987021923065,-0.025480609387159348,-2.038769245147705,-0.37109407782554626,-0.14384880661964417,-0.9809973239898682,-0.13019898533821106,-0.22813275456428528,-1.2207025289535522,-0.3766416013240814,-0.10747873783111572,-0.8970017433166504,-0.4329957962036133,-0.035881150513887405,-0.6613755822181702,-0.40185409784317017,-0.35693755745887756,-0.8300326466560364,-0.1602114737033844,-0.4038051962852478,-0.9646510481834412,-0.42535993456840515,-0.23346459865570068,-0.6548531651496887,-0.38630205392837524,-0.1602158397436142,-0.4781644344329834,-0.2802090346813202,-0.5537728071212769,-0.6396450996398926,-0.19807840883731842,-0.5906503796577454,-0.802491307258606,-0.3685266375541687,-0.43404313921928406,-0.5999148488044739,-0.3044436275959015,-0.36018672585487366,-0.4633849263191223,-0.20748783648014069
0.0,0.0,0.0,0.23917250335216522,-0.28095459938049316,-0.148610457777977,0.30353596806526184,-0.6665330529212952,-0.21988986432552338,0.05654439330101013,-0.9105530977249146,-0.29070258140563965,-0.2220015674829483,-0.9979243278503418,-0.36120548844337463,0.12425179034471512,-1.0720603466033936,-0.10991491377353668,0.09781697392463684,-1.527518630027771,-0.2393389344215393,0.06569990515708923,-1.8159464597702026,-0.3152872622013092,0.007983522489666939,-2.049992561340332,-0.3667176365852356,-0.13718117773532867,-0.98297518491745,-0.12223362177610397,-0.2133050560951233,-1.2186757326126099,-0.3634158670902252,-0.09031781554222107,-0.9215924143791199,-0.4248313903808594,-0.010087765753269196,-0.6803135275840759,-0.400067538022995,-0.3548712432384491,-0.8368091583251953,-0.14882338047027588,-0.38700178265571594,-0.9734201431274414,-0.3953721225261688,-0.22178366780281067,-0.6840860247612,-0.3520103693008423,-0.14724241197109222,-0.49204257130622864,-0.2490738481283188,-0.5544562935829163,-0.6516935229301453,-0.1848083883523941,-0.5562384724617004,-0.8127021789550781,-0.3367737829685211,-0.4124111831188202,-0.6255690455436707,-0.2687719166278839,-0.34955981373786926,-0.48420146107673645,-0.17252056300640106
0.0,0.0,0.0,0.26064297556877136,-0.2746812403202057,-0.15049809217453003,0.33355891704559326,-0.6812700629234314,-0.21382269263267517,0.09446125477552414,-0.9371261596679688,-0.27538758516311646,-0.16921773552894592,-1.038423776626587,-0.33633953332901,0.15709689259529114,-1.082521677017212,-0.10081712901592255,0.14357833564281464,-1.5437352657318115,-0.22471611201763153,0.12453222274780273,-1.8295750617980957,-0.2916218340396881,0.0768258273601532,-2.0616095066070557,-0.33677658438682556,-0.09923344850540161,-0.9888238310813904,-0.11126641929149628,-0.1704002171754837,-1.2454534769058228,-0.35464993119239807,-0.059098802506923676,-0.918883740901947,-0.4107770323753357,0.008714523166418076,-0.6679182052612305,-0.37748342752456665,-0.31558048725128174,-0.8450626730918884,-0.13704915344715118,-0.35750871896743774,-0.9957011342048645,-0.39841338992118835,-0.19572651386260986,-0.6813874244689941,-0.35783523321151733,-0.12576502561569214,-0.48751896619796753,-0.24986901879310608,-0.5207523107528687,-0.6666158437728882,-0.170312762260437,-0.544620931148529,-0.8459941744804382,-0.3372403383255005,-0.39442160725593567,-0.6401892304420471,-0.27212226390838623,-0.32388627529144287,-0.4938274323940277,-0.17437879741191864
0.0,0.0,0.0,0.2607327997684479,-0.2860454022884369,-0.1503526270389557,0.32968688011169434,-0.6888331174850464,-0.21947081387043,0.1069096103310585,-0.9684066772460938,-0.2857508361339569,-0.1657823622226715,-1.0813640356063843,-0.35306820273399353,0.16097737848758698,-1.065006971359253,-0.12818200886249542,0.153495654463768,-1.5332669019699097,-0.2577918767929077,0.13798747956752777,-1.8236000537872314,-0.3307735025882721,0.09330321848392487,-2.0716404914855957,-0.38229355216026306,-0.10176065564155579,-0.9846181869506836,-0.14202745258808136,-0.1565903276205063,-1.248055100440979,-0.3867310881614685,-0.04068487882614136,-0.9282317161560059,-0.4405437111854553,0.026420822367072105,-0.6754642724990845,-0.4105835556983948,-0.32503756880760193,-0.8477532267570496,-0.1697312891483307,-0.3497692346572876,-1.015581727027893,-0.42663517594337463,-0.18297870457172394,-0.701799213886261,-0.3777282238006592,-0.11504978686571121,-0.4961033761501312,-0.26903611421585083,-0.5342950820922852,-0.6696597933769226,-0.20624321699142456,-0.5424526333808899,-0.8635944724082947,-0.37238776683807373,-0.38640645146369934,-0.6615987420082092,-0.30526766180992126,-0.31551045179367065,-0.5063118934631348,-0.20822031795978546
0.0,0.0,0.0,0.2550630271434784,-0.27656176686286926,-0.1701546013355255,0.31945690512657166,-0.66778963804245,-0.2469780296087265,0.0921708270907402,-0.9545771479606628,-0.3138042688369751,-0.1782761663198471,-1.082487940788269,-0.377752423286438,0.17171737551689148,-1.0611357688903809,-0.1378849595785141,0.1643195003271103,-1.5191936492919922,-0.2689497768878937,0.14558708667755127,-1.8024394512176514,-0.3390859365463257,0.09704545885324478,-2.043923854827881,-0.3870629370212555,-0.08794768899679184,-0.9862088561058044,-0.1402047723531723,-0.1508946716785431,-1.2584422826766968,-0.3754465579986572,-0.036883413791656494,-0.9251021146774292,-0.4174690544605255,0.02802122011780739,-0.6852814555168152,-0.3786085546016693,-0.3098292946815491,-0.8579983115196228,-0.159304678440094,-0.34757938981056213,-1.0262048244476318,-0.4156669080257416,-0.186313658952713,-0.7016162872314453,-0.361590176820755,-0.12602342665195465,-0.5136957168579102,-0.24847526848316193,-0.5162005424499512,-0.6881855130195618,-0.1883699595928192,-0.5310930609703064,-0.878318190574646,-0.3545723557472229,-0.38426780700683594,-0.661974310874939,-0.2834649980068207,-0.33175861835479736,-0.5096168518066406,-0.183253213763237
0.0,0.0,0.0,0.2660863995552063,-0.29002195596694946,-0.1646912395954132,0.32329756021499634,-0.6913368701934814,-0.22716505825519562,0.08492938429117203,-0.9684990048408508,-0.28070810437202454,-0.17879125475883484,-1.0953646898269653,-0.3315228223800659,0.18281418085098267,-1.06638765335083,-0.11463875323534012,0.1837141215801239,-1.5183252096176147,-0.2360779494047165,0.16900023818016052,-1.7950351238250732,-0.30237892270088196,0.12340078502893448,-2.0300304889678955,-0.3479340672492981,-0.07838132977485657,-0.9899976253509521,-0.11730746924877167,-0.1447400599718094,-1.255936622619629,-0.34401747584342957,-0.028686171397566795,-0.9315755367279053,-0.3895910382270813,0.037177424877882004,-0.6906535029411316,-0.3544379472732544,-0.30516064167022705,-0.8591269254684448,-0.13730375468730927,-0.34355559945106506,-1.0235767364501953,-0.3942360579967499,-0.17861737310886383,-0.6964252591133118,-0.3502795100212097,-0.11786168813705444,-0.5045333504676819,-0.24209371209144592,-0.5172518491744995,-0.6838273406028748,-0.16610205173492432,-0.5359201431274414,-0.8903060555458069,-0.33379441499710083,-0.3879772126674652,-0.6751874685287476,-0.26631179451942444,-0.33287957310676575,-0.5135911703109741,-0.1680547297000885
0.0,0.0,0.0,0.27270838618278503,-0.28005489706993103,-0.17193415760993958,0.3446815609931946,-0.6943683624267578,-0.23676569759845734,0.10677413642406464,-0.9853583574295044,-0.2900112271308899,-0.1682237982749939,-1.1074175834655762,-0.3404475152492523,0.1899474561214447,-1.0617527961730957,-0.11587690562009811,0.19441361725330353,-1.503894329071045,-0.23541851341724396,0.18822051584720612,-1.7774310111999512,-0.30268383026123047,0.1510150283575058,-2.012678861618042,-0.35038596391677856,-0.07029055804014206,-0.990961492061615,-0.1142568290233612,-0.12316252291202545,-1.265762209892273,-0.3413436710834503,-0.011245635338127613,-0.9429207444190979,-0.3940286636352539,0.044186532497406006,-0.6973041296005249,-0.36408141255378723,-0.2963438332080841,-0.8652413487434387,-0.12951236963272095,-0.31709930300712585,-1.0357913970947266,-0.38842836022377014,-0.1553114354610443,-0.7068052887916565,-0.3506253957748413,-0.10525400191545486,-0.5081977844238281,-0.2465958446264267,-0.5128914713859558,-0.6954491138458252,-0.1534585952758789,-0.5067500472068787,-0.8994430303573608,-0.3260910212993622,-0.35772714018821716,-0.6815016865730286,-0.2648199200630188,-0.310373991727829,-0.5176959037780762,-0.17108093202114105
0.0,0.0,0.0,0.26874133944511414,-0.282991498708725,-0.14572729170322418,0.3180108666419983,-0.6885267496109009,-0.20323097705841064,0.09309832006692886,-0.9869071245193481,-0.2566574811935425,-0.17827554047107697,-1.1171858310699463,-0.3101966083049774,0.1914294809103012,-1.058118462562561,-0.10396815091371536,0.19399619102478027,-1.5080608129501343,-0.21531696617603302,0.17791113257408142,-1.7888872623443604,-0.2774580121040344,0.13171803951263428,-2.0270698070526123,-0.3227245509624481,-0.06851950287818909,-0.9910644888877869,-0.11443915963172913,-0.13947613537311554,-1.267991065979004,-0.33372682332992554,-0.023136494681239128,-0.958296537399292,-0.382779985666275,0.04473529011011124,-0.7101125121116638,-0.35279300808906555,-0.29586443305015564,-0.8677639365196228,-0.13861171901226044,-0.3406558632850647,-1.0567182302474976,-0.3815944790840149,-0.1672874093055725,-0.741682767868042,-0.3382437527179718,-0.10029392689466476,-0.5316483974456787,-0.2350822538137436,-0.5071985721588135,-0.698636531829834,-0.1708626002073288,-0.5261634588241577,-0.9230045676231384,-0.334479421377182,-0.36999475955963135,-0.7203592658042908,-0.271349161863327,-0.3033415675163269,-0.5484653115272522,-0.17766189575195312
0.0,0.0,0.0,0.24528884887695312,-0.29369181394577026,-0.1824878454208374,0.27940893173217773,-0.6638243198394775,-0.2673536539077759,0.023003581911325455,-0.9533140659332275,-0.3413057029247284,-0.251810222864151,-1.1098304986953735,-0.4106498062610626,0.187747523188591,-1.0585532188415527,-0.13851305842399597,0.1737716645002365,-1.5152770280838013,-0.2771960198879242,0.13940466940402985,-1.798455834388733,-0.3519298732280731,0.08017095178365707,-2.037487745285034,-0.4022168815135956,-0.07875119894742966,-0.9870024919509888,-0.14008651673793793,-0.1734260767698288,-1.2477034330368042,-0.3845617175102234,-0.07009842991828918,-0.9116964936256409,-0.43287593126296997,-0.0015249615535140038,-0.6764702796936035,-0.39664363861083984,-0.3120104968547821,-0.8582253456115723,-0.16122275590896606,-0.3834401071071625,-1.028707504272461,-0.43345415592193604,-0.21474742889404297,-0.7004706859588623,-0.3849744200706482,-0.1451171338558197,-0.5110389590263367,-0.2705128788948059,-0.5259121060371399,-0.6773778796195984,-0.1928665041923523,-0.5794782638549805,-0.8920278549194336,-0.3739478290081024,-0.422309935092926,-0.6795204281806946,-0.3051471412181854,-0.35113173723220825,-0.5185147523880005,-0.20190933346748352
0.0,0.0,0.0,0.22132152318954468,-0.28993651270866394,-0.1949942409992218,0.23087625205516815,-0.6511546969413757,-0.2745198905467987,-0.039404187351465225,-0.9217633605003357,-0.34098026156425476,-0.2954504191875458,-1.0826961994171143,-0.39916497468948364,0.1629064381122589,-1.078713059425354,-0.11563932150602341,0.13095933198928833,-1.5221710205078125,-0.2520627975463867,0.07761159539222717,-1.7941062450408936,-0.32696533203125,0.007521961349993944,-2.022714376449585,-0.37747323513031006,-0.09511937946081161,-0.9890286922454834,-0.11302419006824493,-0.21543432772159576,-1.2490179538726807,-0.34974879026412964,-0.11066213995218277,-0.9311323761940002,-0.40147504210472107,-0.02496032789349556,-0.7261174917221069,-0.36936870217323303,-0.3215748369693756,-0.8448429703712463,-0.1341012865304947,-0.41773560643196106,-1.0151574611663818,-0.4107486307621002,-0.24339663982391357,-0.6927424073219299,-0.36874130368232727,-0.16008464992046356,-0.5217692852020264,-0.2574418783187866,-0.5240823030471802,-0.6484825015068054,-0.1673310399055481,-0.6100088953971863,-0.8678818941116333,-0.3580261170864105,-0.4515801966190338,-0.651972770690918,-0.29264262318611145,-0.369703471660614,-0.49398380517959595,-0.19001899659633636
0.0,0.0,0.0,0.21117107570171356,-0.30644118785858154,-0.1850782185792923,0.22084856033325195,-0.6586584448814392,-0.260422945022583,-0.05167197436094284,-0.9168973565101624,-0.3261909484863281,-0.3240664303302765,-1.0426369905471802,-0.3857876658439636,0.15059538185596466,-1.081681728363037,-0.09763055294752121,0.1191401556134224,-1.521686315536499,-0.23178476095199585,0.06859641522169113,-1.7919929027557373,-0.3130470812320709,0.0008504842990078032,-2.0231575965881348,-0.36860525608062744,-0.10225734859704971,-0.9898284673690796,-0.09890909492969513,-0.22737745940685272,-1.2356992959976196,-0.3393065333366394,-0.12128857523202896,-0.9261987805366516,-0.404743492603302,-0.025989530608057976,-0.7124961018562317,-0.3812721371650696,-0.322040319442749,-0.8431970477104187,-0.12277452647686005,-0.41808804869651794,-0.9978131055831909,-0.39893651008605957,-0.24594320356845856,-0.6913925409317017,-0.3729225695133209,-0.15089167654514313,-0.5120183229446411,-0.2707444131374359,-0.5137642621994019,-0.6427519917488098,-0.1582147628068924,-0.603860080242157,-0.8495332598686218,-0.3507085144519806,-0.4437693953514099,-0.6458700299263,-0.29617735743522644,-0.34495285153388977,-0.4795833230018616,-0.19894234836101532
0.0,0.0,0.0,0.21435870230197906,-0.2980574071407318,-0.17768046259880066,0.219949871301651,-0.6450390815734863,-0.2649686634540558,-0.055204275995492935,-0.8879688382148743,-0.3467791974544525,-0.31084510684013367,-1.032013177871704,-0.421503484249115,0.14079549908638,-1.0817906856536865,-0.10741467028856277,0.10560280829668045,-1.5302141904830933,-0.24634380638599396,0.06132844090461731,-1.8077030181884766,-0.3299271762371063,-0.00590326264500618,-2.0375256538391113,-0.38757938146591187,-0.11334651708602905,-0.9871078133583069,-0.11300744116306305,-0.23424497246742249,-1.2237919569015503,-0.3654758930206299,-0.12444683909416199,-0.9246872663497925,-0.4364214837551117,-0.03669748827815056,-0.7114067077636719,-0.41703084111213684,-0.3315615952014923,-0.8382048606872559,-0.13874118030071259,-0.42364606261253357,-0.9853399991989136,-0.40993040800094604,-0.24488313496112823,-0.693609356880188,-0.3772174119949341,-0.14867869019508362,-0.5175905823707581,-0.2753462493419647,-0.522201418876648,-0.6427778005599976,-0.17609426379203796,-0.5973219871520996,-0.8314347267150879,-0.35979047417640686,-0.43922245502471924,-0.6325843930244446,-0.30220362544059753,-0.3447895050048828,-0.4815993309020996,-0.20617035031318665
0.0,0.0,0.0,0.20916126668453217,-0.29299306869506836,-0.18025089800357819,0.22476908564567566,-0.6373260021209717,-0.2691022753715515,-0.033280838280916214,-0.876998245716095,-0.35277098417282104,-0.28823980689048767,-1.0172277688980103,-0.42801424860954285,0.14963442087173462,-1.0841951370239258,-0.10323178023099899,0.11768217384815216,-1.528134822845459,-0.24537107348442078,0.07648291438817978,-1.802695393562317,-0.330457478761673,0.012187973596155643,-2.0330638885498047,-0.38812750577926636,-0.10178617388010025,-0.988727331161499,-0.10980893671512604,-0.20966161787509918,-1.2345068454742432,-0.3675191402435303,-0.10697200149297714,-0.9258670210838318,-0.4403270483016968,-0.029198192059993744,-0.7097281217575073,-0.4184856116771698,-0.31811562180519104,-0.8408488035202026,-0.1376567780971527,-0.39642027020454407,-0.9815366268157959,-0.41648703813552856,-0.22568096220493317,-0.6776509284973145,-0.3857406973838806,-0.13768108189105988,-0.5070648193359375,-0.28075021505355835,-0.5075653791427612,-0.6519100666046143,-0.17685915529727936,-0.5695409178733826,-0.8346815705299377,-0.35849857330322266,-0.42421969771385193,-0.6298471689224243,-0.29763081669807434,-0.3458731174468994,-0.4859073758125305,-0.19882358610630035
0.0,0.0,0.0,0.2236773818731308,-0.2799818813800812,-0.16733118891716003,0.25006920099258423,-0.6351632475852966,-0.2512890100479126,0.002999098040163517,-0.8780766725540161,-0.330657035112381,-0.2554723024368286,-1.0104789733886719,-0.403085321187973,0.15541388094425201,-1.0787492990493774,-0.1254536211490631,0.12516285479068756,-1.5411795377731323,-0.2702721953392029,0.08679167926311493,-1.8240389823913574,-0.356397807598114,0.022580161690711975,-2.0627200603485107,-0.41530904173851013,-0.09593208879232407,-0.9859507083892822,-0.13674157857894897,-0.19248875975608826,-1.2224489450454712,-0.3879903256893158,-0.08163761347532272,-0.917985737323761,-0.4522636830806732,0.0005917605012655258,-0.7042236924171448,-0.43009427189826965,-0.3131393492221832,-0.8411775231361389,-0.16604205965995789,-0.3862665593624115,-0.982444167137146,-0.42744651436805725,-0.21164609491825104,-0.6882856488227844,-0.3843788206577301,-0.1188134253025055,-0.5203851461410522,-0.2801130712032318,-0.5008138418197632,-0.6553362607955933,-0.20714117586612701,-0.5447515845298767,-0.8180118203163147,-0.3771250247955322,-0.39193034172058105,-0.6162285208702087,-0.31141772866249084,-0.3092668354511261,-0.47610241174697876,-0.21374166011810303
0.0,0.0,0.0,0.23466886579990387,-0.2736778259277344,-0.17331437766551971,0.27820128202438354,-0.6334748268127441,-0.2615237534046173,0.04543871432542801,-0.8888596296310425,-0.3444066345691681,-0.19959241151809692,-1.0238267183303833,-0.4233497083187103,0.18294568359851837,-1.072575330734253,-0.1228058934211731,0.1646086871623993,-1.5288747549057007,-0.26669377088546753,0.1392606645822525,-1.819985032081604,-0.3516746163368225,0.09153846651315689,-2.0588834285736084,-0.40693745017051697,-0.06906233727931976,-0.9894516468048096,-0.12734147906303406,-0.16771522164344788,-1.2374576330184937,-0.38487058877944946,-0.07407622039318085,-0.9291887879371643,-0.4495694935321808,0.007863378152251244,-0.6907253265380859,-0.42059457302093506,-0.28723686933517456,-0.8512187600135803,-0.15024283528327942,-0.34504544734954834,-0.9822903275489807,-0.4192448556423187,-0.20199647545814514,-0.6837409138679504,-0.38250407576560974,-0.12032103538513184,-0.4972509741783142,-0.27555397152900696,-0.4829220771789551,-0.673014223575592,-0.18396995961666107,-0.5179246068000793,-0.8310895562171936,-0.35971370339393616,-0.3853168487548828,-0.6228845715522766,-0.2991935908794403,-0.30916330218315125,-0.4746932089328766,-0.20085769891738892
0.0,0.0,0.0,0.25330373644828796,-0.27193525433540344,-0.15358391404151917,0.30849456787109375,-0.6481435894966125,-0.22357387840747833,0.09505455195903778,-0.9200612902641296,-0.2920278310775757,-0.1476253718137741,-1.0609931945800781,-0.3574026823043823,0.2293960154056549,-1.0669233798980713,-0.09542852640151978,0.23463065922260284,-1.5230494737625122,-0.22053685784339905,0.2216028869152069,-1.8203870058059692,-0.29665669798851013,0.17982159554958344,-2.063642740249634,-0.34864476323127747,-0.02305462211370468,-0.9942808151245117,-0.10427912324666977,-0.10539736598730087,-1.2632359266281128,-0.3304031491279602,-0.013418519869446754,-0.976953387260437,-0.39059746265411377,0.057909637689590454,-0.7390719056129456,-0.3672419786453247,-0.24266299605369568,-0.8636139631271362,-0.1289527267217636,-0.2825627326965332,-1.0229774713516235,-0.36712056398391724,-0.14530439674854279,-0.7415487170219421,-0.32755619287490845,-0.08060136437416077,-0.5502843260765076,-0.22902821004390717,-0.44315198063850403,-0.6906078457832336,-0.16412410140037537,-0.44555506110191345,-0.8710761070251465,-0.3205934464931488,-0.32029902935028076,-0.6724993586540222,-0.25747039914131165,-0.2612541913986206,-0.514133095741272,-0.16368940472602844
0.0,0.0,0.0,0.29459601640701294,-0.24515002965927124,-0.1485331505537033,0.36839166283607483,-0.643324077129364,-0.21154488623142242,0.1626916378736496,-0.9358448386192322,-0.27388420701026917,-0.08615631610155106,-1.080989122390747,-0.3350532650947571,0.25216636061668396,-1.0647997856140137,-0.10988903045654297,0.27126097679138184,-1.5313353538513184,-0.2363557666540146,0.27558767795562744,-1.8320797681808472,-0.31069058179855347,0.246223583817482,-2.079073190689087,-0.3630254566669464,-0.005408720578998327,-0.9924523234367371,-0.122512087225914,-0.05606827884912491,-1.2435131072998047,-0.35699403285980225,0.043629132211208344,-0.9453111290931702,-0.4170118570327759,0.103152796626091,-0.69853276014328,-0.3946416974067688,-0.23360778391361237,-0.8609625697135925,-0.1499190628528595,-0.23204220831394196,-1.0104044675827026,-0.39998796582221985,-0.08249631524085999,-0.7086349129676819,-0.36191967129707336,-0.02366624027490616,-0.506151020526886,-0.2633873224258423,-0.44273436069488525,-0.6908024549484253,-0.18688388168811798,-0.398377388715744,-0.849047064781189,-0.35670262575149536,-0.2563454806804657,-0.6420184373855591,-0.3030850887298584,-0.19875216484069824,-0.48546290397644043,-0.2155899703502655
0.0,0.0,0.0,0.3055464029312134,-0.23281383514404297,-0.1627272516489029,0.42100638151168823,-0.6352185606956482,-0.22806909680366516,0.18936258554458618,-0.9339824318885803,-0.2888602912425995,-0.07486917823553085,-1.0659421682357788,-0.3504089117050171,0.2805529534816742,-1.0633430480957031,-0.11489862203598022,0.30617859959602356,-1.5355238914489746,-0.24059829115867615,0.30957749485969543,-1.8423826694488525,-0.3169342279434204,0.288625031709671,-2.0954463481903076,-0.3714814782142639,0.01595238968729973,-0.9925968647003174,-0.12040315568447113,-0.014587972313165665,-1.2677762508392334,-0.3635548949241638,0.06701835244894028,-0.9506765007972717,-0.42774468660354614,0.11733599007129669,-0.6745890378952026,-0.4031899571418762,-0.21013203263282776,-0.865859866142273,-0.14169266819953918,-0.21421518921852112,-1.0400781631469727,-0.3979627788066864,-0.08266474306583405,-0.7303144335746765,-0.3622656464576721,-0.03053778037428856,-0.5081798434257507,-0.2619396150112152,-0.42566367983818054,-0.6986836194992065,-0.17310857772827148,-0.40217334032058716,-0.8984279036521912,-0.3464088439941406,-0.2747490704059601,-0.6871214509010315,-0.29037514328956604,-0.22100824117660522,-0.5114226341247559,-0.2000066339969635
0.0,0.0,0.0,0.3000374138355255,-0.23636849224567413,-0.18110288679599762,0.41300925612449646,-0.6284100413322449,-0.25673601031303406,0.20206935703754425,-0.9380080699920654,-0.32597222924232483,-0.0630941167473793,-1.086321473121643,-0.39331164956092834,0.2842209041118622,-1.0585428476333618,-0.13074326515197754,0.3061702251434326,-1.5476356744766235,-0.2679537534713745,0.3117915689945221,-1.8554667234420776,-0.3472966253757477,0.29118162393569946,-2.115154504776001,-0.4022006690502167,0.016109125688672066,-0.991155743598938,-0.13172189891338348,-0.0195046104490757,-1.2667145729064941,-0.3987683951854706,0.06779595464468002,-0.9345564842224121,-0.46649879217147827,0.12692715227603912,-0.6593019962310791,-0.4374290704727173,-0.21633507311344147,-0.869395911693573,-0.15090125799179077,-0.22308871150016785,-1.035390853881836,-0.4293055832386017,-0.08345269411802292,-0.7078672647476196,-0.39224401116371155,-0.022178106009960175,-0.48719871044158936,-0.2827526330947876,-0.4349055886268616,-0.7126763463020325,-0.18159815669059753,-0.40664851665496826,-0.9078933000564575,-0.36756086349487305,-0.2799260914325714,-0.6808870434761047,-0.3114469647407532,-0.2278374433517456,-0.5057171583175659,-0.21636776626110077
0.0,0.0,0.0,0.31073716282844543,-0.2415359616279602,-0.15536220371723175,0.4216655194759369,-0.6471988558769226,-0.21686963737010956,0.19623903930187225,-0.9416593909263611,-0.27686962485313416,-0.05719619244337082,-1.0688769817352295,-0.33750081062316895,0.28755199909210205,-1.0622837543487549,-0.1031327173113823,0.31148335337638855,-1.5334242582321167,-0.22622227668762207,0.31857040524482727,-1.8460605144500732,-0.30228132009506226,0.2997985780239105,-2.100543260574341,-0.35595521330833435,0.024478765204548836,-0.9935116767883301,-0.11106465756893158,-0.009854678995907307,-1.262506365776062,-0.3479602634906769,0.08235343545675278,-0.9622691869735718,-0.4133102297782898,0.1396457403898239,-0.6911460161209106,-0.3914685547351837,-0.20073889195919037,-0.868323802947998,-0.13424253463745117,-0.2026340812444687,-1.0364283323287964,-0.3816170394420624,-0.06881237030029297,-0.7377985715866089,-0.34741440415382385,-0.017406567931175232,-0.5149374604225159,-0.25007110834121704,-0.4147549867630005,-0.7035887837409973,-0.16774174571037292,-0.37781837582588196,-0.8956955671310425,-0.3310015797615051,-0.2551652789115906,-0.687225878238678,-0.27378329634666443,-0.20942972600460052,-0.5106809139251709,-0.18436937034130096
