feature_0,feature_1,feature_2,feature_3,feature_4,feature_5,feature_6,feature_7,feature_8,feature_9,feature_10,feature_11,feature_12,feature_13,feature_14,feature_15,feature_16,feature_17,feature_18,feature_19,feature_20,feature_21,feature_22,feature_23,feature_24,feature_25,feature_26,feature_27,feature_28,feature_29,feature_30,feature_31,feature_32,feature_33,feature_34,feature_35,feature_36,feature_37,feature_38,feature_39,feature_40,feature_41,feature_42,feature_43,feature_44,feature_45,feature_46,feature_47,feature_48,feature_49,feature_50,feature_51,feature_52,feature_53,feature_54,feature_55,feature_56,feature_57,feature_58,feature_59,feature_60,feature_61,feature_62
0.0,0.0,0.0,0.3568764626979828,-0.20480932295322418,-0.14136166870594025,0.5834574103355408,-0.5745549201965332,-0.17362278699874878,0.7385268211364746,-0.8691573143005371,-0.21496452391147614,0.8792321085929871,-1.041640043258667,-0.25361186265945435,0.18830233812332153,-0.993779182434082,-0.06209613010287285,0.2376198172569275,-1.3962446451187134,-0.16955459117889404,0.25775524973869324,-1.6399799585342407,-0.23435886204242706,0.2548713982105255,-1.855151653289795,-0.2726230025291443,-0.06866604834794998,-0.9948188662528992,-0.07496928423643112,-0.13372060656547546,-1.414908528327942,-0.2184148132801056,-0.1872376948595047,-1.701659917831421,-0.304708868265152,-0.24988743662834167,-1.9477941989898682,-0.3370857834815979,-0.26970961689949036,-0.876045823097229,-0.10664605349302292,-0.45146989822387695,-1.062807321548462,-0.3339308500289917,-0.3719901144504547,-0.789359986782074,-0.36842891573905945,-0.28947368264198303,-0.5770241618156433,-0.3155415952205658,-0.4173832833766937,-0.6770855784416199,-0.14788968861103058,-0.5539216995239258,-0.733024537563324,-0.3337213695049286,-0.4587279260158539,-0.5579009056091309,-0.3402553200721741,-0.33537644147872925,-0.4113777279853821,-0.2910611927509308
0.0,0.0,0.0,0.3571223020553589,-0.1870422661304474,-0.15717813372612,0.602380096912384,-0.5478928685188293,-0.1986996978521347,0.7654078602790833,-0.8515470623970032,-0.24583938717842102,0.9004926681518555,-1.0462448596954346,-0.28877556324005127,0.20222580432891846,-0.9919409155845642,-0.07987520843744278,0.2582556903362274,-1.402832269668579,-0.19429664313793182,0.2853434085845947,-1.6530225276947021,-0.26102104783058167,0.28895366191864014,-1.8718655109405518,-0.2980978786945343,-0.05506967753171921,-0.9946232438087463,-0.08770324289798737,-0.11614184826612473,-1.4258296489715576,-0.23671509325504303,-0.16302673518657684,-1.714055061340332,-0.32214438915252686,-0.21972516179084778,-1.958664894104004,-0.35117244720458984,-0.2584819495677948,-0.878082811832428,-0.11583873629570007,-0.43568286299705505,-1.0651518106460571,-0.35396915674209595,-0.35989341139793396,-0.7851499319076538,-0.3878537714481354,-0.27983805537223816,-0.5675321221351624,-0.33046209812164307,-0.4104764759540558,-0.6816079616546631,-0.15441323816776276,-0.5424576997756958,-0.7345114946365356,-0.3513453006744385,-0.45014816522598267,-0.547200083732605,-0.3589279055595398,-0.33213597536087036,-0.3931404650211334,-0.30665460228919983
0.0,0.0,0.0,0.367474764585495,-0.1940360963344574,-0.14935843646526337,0.6152093410491943,-0.5574301481246948,-0.18822982907295227,0.7737513780593872,-0.8612313866615295,-0.2351440042257309,0.9089632630348206,-1.0546108484268188,-0.27810513973236084,0.21631932258605957,-0.9973710775375366,-0.07455529272556305,0.2721959352493286,-1.4057103395462036,-0.18933440744876862,0.30226224660873413,-1.6588587760925293,-0.2568095326423645,0.31159138679504395,-1.8772761821746826,-0.2929760217666626,-0.04075264558196068,-0.9953588247299194,-0.08717815577983856,-0.10658454149961472,-1.4300172328948975,-0.23584343492984772,-0.15046396851539612,-1.7219586372375488,-0.3240063190460205,-0.19949354231357574,-1.9684044122695923,-0.353725403547287,-0.24249346554279327,-0.8784540891647339,-0.11866194009780884,-0.39359307289123535,-1.048086166381836,-0.35407549142837524,-0.31005480885505676,-0.7730834484100342,-0.3896447420120239,-0.22594328224658966,-0.5562356114387512,-0.33308762311935425,-0.3940602242946625,-0.682991087436676,-0.16029714047908783,-0.5067921876907349,-0.7168676853179932,-0.34994763135910034,-0.40583929419517517,-0.5301077961921692,-0.3555905520915985,-0.2815701961517334,-0.37614819407463074,-0.30230849981307983
0.0,0.0,0.0,0.35890865325927734,-0.19222621619701385,-0.15192145109176636,0.6062460541725159,-0.560953676700592,-0.1936521828174591,0.754824697971344,-0.8625322580337524,-0.24330098927021027,0.8792490363121033,-1.058619499206543,-0.2908743619918823,0.22333721816539764,-1.0030933618545532,-0.08970829844474792,0.27980417013168335,-1.4089058637619019,-0.21031932532787323,0.3040742576122284,-1.6657718420028687,-0.28074711561203003,0.31330981850624084,-1.8865641355514526,-0.3168383240699768,-0.03404061496257782,-0.9939992427825928,-0.10395579785108566,-0.11047382652759552,-1.419045329093933,-0.2608884871006012,-0.16229569911956787,-1.7061272859573364,-0.35569673776626587,-0.21336844563484192,-1.9491311311721802,-0.387589693069458,-0.24388237297534943,-0.873395562171936,-0.1354118436574936,-0.3582576513290405,-1.0125272274017334,-0.38113120198249817,-0.25840359926223755,-0.7109816074371338,-0.4152282774448395,-0.17195558547973633,-0.4849476218223572,-0.3528524935245514,-0.40784257650375366,-0.6794568300247192,-0.17606088519096375,-0.49907732009887695,-0.7127163410186768,-0.367758572101593,-0.39128461480140686,-0.5116555690765381,-0.36431413888931274,-0.2755777835845947,-0.35575351119041443,-0.3015183210372925
0.0,0.0,0.0,0.3644861876964569,-0.1901288628578186,-0.1581052988767624,0.6225817799568176,-0.5739853382110596,-0.19952893257141113,0.7782607674598694,-0.8905202150344849,-0.24787965416908264,0.9066069722175598,-1.098496675491333,-0.2931770980358124,0.24512167274951935,-1.0059202909469604,-0.08017994463443756,0.3027530908584595,-1.413866400718689,-0.19979780912399292,0.3251532316207886,-1.6705729961395264,-0.27220600843429565,0.3359313905239105,-1.8917686939239502,-0.3117996156215668,-0.009578685276210308,-0.9955546259880066,-0.09369738399982452,-0.08010479062795639,-1.4153351783752441,-0.2562406063079834,-0.13300885260105133,-1.702629804611206,-0.35739976167678833,-0.1845676600933075,-1.9470559358596802,-0.39488473534584045,-0.2205745130777359,-0.875304102897644,-0.12649275362491608,-0.3199043571949005,-1.0277210474014282,-0.3822020888328552,-0.221268430352211,-0.722572922706604,-0.418002724647522,-0.13766524195671082,-0.4951905608177185,-0.35627850890159607,-0.3914395570755005,-0.6851341724395752,-0.16882608830928802,-0.4689570367336273,-0.7365482449531555,-0.37367016077041626,-0.36816897988319397,-0.5254817605018616,-0.3733305037021637,-0.26083850860595703,-0.36009326577186584,-0.3116892874240875
0.0,0.0,0.0,0.3683340847492218,-0.19922463595867157,-0.1366855353116989,0.6136130690574646,-0.5785133242607117,-0.16768741607666016,0.7566779255867004,-0.8719503879547119,-0.21009521186351776,0.8829860687255859,-1.044014811515808,-0.25085389614105225,0.23297595977783203,-1.0075132846832275,-0.0628088191151619,0.28428342938423157,-1.4141913652420044,-0.17689183354377747,0.3095974326133728,-1.6694072484970093,-0.2465881109237671,0.32183244824409485,-1.8900266885757446,-0.2843340039253235,-0.02523829974234104,-0.9961870908737183,-0.08351164311170578,-0.09394699335098267,-1.4103583097457886,-0.23681364953517914,-0.14896570146083832,-1.6967096328735352,-0.335538774728775,-0.2038690447807312,-1.9419276714324951,-0.3725263476371765,-0.23764710128307343,-0.878052830696106,-0.12124574184417725,-0.3414519429206848,-1.018606424331665,-0.3598596453666687,-0.24470561742782593,-0.7239323854446411,-0.3961460590362549,-0.16177381575107574,-0.5031194090843201,-0.33864882588386536,-0.4067353308200836,-0.6864673495292664,-0.16785326600074768,-0.4882594048976898,-0.7210593819618225,-0.3543482720851898,-0.38904479146003723,-0.5186641812324524,-0.3517843186855316,-0.2802311182022095,-0.3606224060058594,-0.29212090373039246
0.0,0.0,0.0,0.3658931851387024,-0.18592841923236847,-0.13900192081928253,0.6050675511360168,-0.5484979152679443,-0.1731724888086319,0.7421836853027344,-0.835871696472168,-0.21643823385238647,0.8544414043426514,-1.0177147388458252,-0.2577497661113739,0.22478580474853516,-0.9950675368309021,-0.07644785195589066,0.29000115394592285,-1.3923687934875488,-0.1907029151916504,0.32378578186035156,-1.6404825448989868,-0.2591089606285095,0.3394148349761963,-1.8576103448867798,-0.2955150306224823,-0.033644795417785645,-0.9948972463607788,-0.09511859714984894,-0.09465871006250381,-1.4227476119995117,-0.24275723099708557,-0.13534650206565857,-1.7089699506759644,-0.33217331767082214,-0.180278941988945,-1.9549802541732788,-0.36312437057495117,-0.24263793230056763,-0.8798260688781738,-0.13009478151798248,-0.3604554831981659,-1.043310284614563,-0.3634282052516937,-0.27008870244026184,-0.7481374740600586,-0.390614777803421,-0.19280388951301575,-0.5259852409362793,-0.32757100462913513,-0.4024446904659271,-0.6839421391487122,-0.17385892570018768,-0.5005126595497131,-0.7419896125793457,-0.357272744178772,-0.40555110573768616,-0.5399662256240845,-0.3473961651325226,-0.30159804224967957,-0.37571901082992554,-0.28255343437194824
0.0,0.0,0.0,0.36435210704803467,-0.18321633338928223,-0.14622530341148376,0.6138452887535095,-0.5469304919242859,-0.18554805219173431,0.7771012783050537,-0.8434439897537231,-0.2338436245918274,0.9179253578186035,-1.023982048034668,-0.27955931425094604,0.24116286635398865,-0.9961404204368591,-0.07089416682720184,0.31937795877456665,-1.3898009061813354,-0.18579398095607758,0.3517214357852936,-1.6357795000076294,-0.2559939920902252,0.3645380139350891,-1.8506982326507568,-0.29537615180015564,-0.01959839090704918,-0.9959104061126709,-0.08819557726383209,-0.08221166580915451,-1.424003005027771,-0.24113427102565765,-0.1285916119813919,-1.706379771232605,-0.33400416374206543,-0.17937345802783966,-1.9467887878417969,-0.366453617811203,-0.23262432217597961,-0.8794753551483154,-0.12341628968715668,-0.3428132236003876,-1.050492286682129,-0.368853896856308,-0.2519868016242981,-0.7477661967277527,-0.40144121646881104,-0.17581717669963837,-0.515605628490448,-0.3393174707889557,-0.39383456110954285,-0.6856608390808105,-0.16766226291656494,-0.4814779460430145,-0.7291642427444458,-0.3644704520702362,-0.3828622102737427,-0.5260288119316101,-0.36351168155670166,-0.2760220468044281,-0.3619246184825897,-0.3027656376361847
0.0,0.0,0.0,0.36826664209365845,-0.18671056628227234,-0.1549782156944275,0.6244435906410217,-0.5488868951797485,-0.20147989690303802,0.8090291023254395,-0.8554956912994385,-0.25504764914512634,0.956657886505127,-1.0510464906692505,-0.30633053183555603,0.2458025962114334,-0.9921740889549255,-0.08416110277175903,0.3271956443786621,-1.3823944330215454,-0.20732316374778748,0.36325937509536743,-1.6295230388641357,-0.2858625054359436,0.37555015087127686,-1.8489946126937866,-0.33258312940597534,-0.017618447542190552,-0.9949844479560852,-0.09846562147140503,-0.0833253413438797,-1.4150761365890503,-0.2583019435405731,-0.13511304557323456,-1.6967288255691528,-0.3551732301712036,-0.19687846302986145,-1.9424329996109009,-0.39283326268196106,-0.23142461478710175,-0.8796706795692444,-0.1316370666027069,-0.35182884335517883,-1.056944489479065,-0.3770664632320404,-0.24681517481803894,-0.7685452699661255,-0.4094817638397217,-0.1609586626291275,-0.5491830706596375,-0.3512858748435974,-0.3937622010707855,-0.6866828799247742,-0.17523176968097687,-0.47577324509620667,-0.731407642364502,-0.3760424256324768,-0.365713506937027,-0.5351484417915344,-0.37856221199035645,-0.2507176995277405,-0.37477409839630127,-0.3217126131057739
0.0,0.0,0.0,0.3798990547657013,-0.18950331211090088,-0.15385150909423828,0.6505085825920105,-0.535438060760498,-0.20144829154014587,0.8446722030639648,-0.8271157741546631,-0.25711411237716675,0.978262722492218,-1.028655767440796,-0.31019628047943115,0.26561418175697327,-0.9879955649375916,-0.07609030604362488,0.35369983315467834,-1.3745346069335938,-0.201354518532753,0.3952573239803314,-1.6154576539993286,-0.2819910943508148,0.4090438485145569,-1.8334321975708008,-0.3294328451156616,0.004500622395426035,-0.9957779049873352,-0.09168483316898346,-0.06860771030187607,-1.4133387804031372,-0.25710514187812805,-0.12561771273612976,-1.6945525407791138,-0.35742247104644775,-0.19386768341064453,-1.938961148262024,-0.3958854675292969,-0.2071101814508438,-0.8824195265769958,-0.1267748326063156,-0.33481934666633606,-1.056886076927185,-0.37857896089553833,-0.23176777362823486,-0.7605819702148438,-0.4124474823474884,-0.147933691740036,-0.5396139025688171,-0.35256022214889526,-0.3700353503227234,-0.6903142333030701,-0.17180414497852325,-0.4576595425605774,-0.7379567623138428,-0.37654995918273926,-0.35323071479797363,-0.537321925163269,-0.37777942419052124,-0.24131092429161072,-0.3739980161190033,-0.31844252347946167
0.0,0.0,0.0,0.38165369629859924,-0.18923813104629517,-0.16258950531482697,0.6550886631011963,-0.5484607219696045,-0.21300216019153595,0.8554073572158813,-0.8584941625595093,-0.2695852816104889,1.004051923751831,-1.064527153968811,-0.3231547474861145,0.26875612139701843,-0.9897887110710144,-0.08479811251163483,0.3626707196235657,-1.3824255466461182,-0.20943403244018555,0.4103315472602844,-1.6254241466522217,-0.2886853516101837,0.42869555950164795,-1.8445497751235962,-0.3359132707118988,0.0050985561683773994,-0.9952340722084045,-0.09738113731145859,-0.07191964983940125,-1.4220194816589355,-0.26205241680145264,-0.12934909760951996,-1.706635594367981,-0.36044803261756897,-0.19976747035980225,-1.9526525735855103,-0.3981485664844513,-0.20632824301719666,-0.8797478079795837,-0.13052161037921906,-0.33492016792297363,-1.0533949136734009,-0.386422336101532,-0.2307400107383728,-0.758394181728363,-0.42443978786468506,-0.14518733322620392,-0.5365097522735596,-0.3675644099712372,-0.3690347671508789,-0.6870021820068359,-0.17410190403461456,-0.45167022943496704,-0.7236026525497437,-0.38578739762306213,-0.34505295753479004,-0.5186190009117126,-0.39413121342658997,-0.22914355993270874,-0.35439005494117737,-0.34005460143089294
0.0,0.0,0.0,0.3617071509361267,-0.19610895216464996,-0.15741047263145447,0.6025798916816711,-0.5580465793609619,-0.19967618584632874,0.7204145789146423,-0.8796084523200989,-0.24803073704242706,0.8137158751487732,-1.0988701581954956,-0.2922685444355011,0.22739367187023163,-0.9973717927932739,-0.07716520875692368,0.31120163202285767,-1.3939474821090698,-0.20092011988162994,0.3528164029121399,-1.6423821449279785,-0.2757321894168854,0.37242773175239563,-1.860239028930664,-0.317160427570343,-0.03317924588918686,-0.9954749941825867,-0.08904261142015457,-0.10881946980953217,-1.4221811294555664,-0.25262144207954407,-0.16723261773586273,-1.706472635269165,-0.35141631960868835,-0.22871458530426025,-1.9494221210479736,-0.38710808753967285,-0.2417883425951004,-0.8754003643989563,-0.12021186202764511,-0.3684117794036865,-1.0439914464950562,-0.3730870187282562,-0.2685661017894745,-0.7524131536483765,-0.4070863425731659,-0.18065902590751648,-0.5329954624176025,-0.3454504609107971,-0.40174898505210876,-0.6767637133598328,-0.16118699312210083,-0.4955250918865204,-0.7188064455986023,-0.36744216084480286,-0.39298775792121887,-0.5200738310813904,-0.37120094895362854,-0.278392493724823,-0.36090847849845886,-0.3120737075805664
0.0,0.0,0.0,0.3585471510887146,-0.19766737520694733,-0.15416987240314484,0.5808612704277039,-0.5798357725143433,-0.1852702498435974,0.6655070781707764,-0.9079615473747253,-0.22184553742408752,0.7405679821968079,-1.1322057247161865,-0.2533501386642456,0.21297816932201385,-0.9932543635368347,-0.06878768652677536,0.2946784794330597,-1.3990973234176636,-0.17729665338993073,0.3337525427341461,-1.6447441577911377,-0.23743385076522827,0.3516105115413666,-1.8580362796783447,-0.26748308539390564,-0.04433099180459976,-0.9961783289909363,-0.07525637745857239,-0.11511079221963882,-1.4246001243591309,-0.22634300589561462,-0.1673005223274231,-1.7128616571426392,-0.3165415823459625,-0.22205455601215363,-1.9580104351043701,-0.34486836194992065,-0.24933062493801117,-0.8851907849311829,-0.10051676630973816,-0.39011406898498535,-1.038023591041565,-0.3476093113422394,-0.29543760418891907,-0.742046594619751,-0.385842502117157,-0.2083052396774292,-0.5199511051177979,-0.32510772347450256,-0.40799981355667114,-0.6956791877746582,-0.13426174223423004,-0.5177732706069946,-0.7336970567703247,-0.3343561291694641,-0.41440385580062866,-0.5346499085426331,-0.3403756618499756,-0.2964407205581665,-0.37765687704086304,-0.28298354148864746
0.0,0.0,0.0,0.36377060413360596,-0.19268405437469482,-0.16210077702999115,0.5980828404426575,-0.5714021325111389,-0.19578666985034943,0.6889207363128662,-0.8994181156158447,-0.23332461714744568,0.7620369791984558,-1.1283650398254395,-0.26531970500946045,0.21800343692302704,-0.9950902462005615,-0.0759546235203743,0.3024701774120331,-1.4019191265106201,-0.18764643371105194,0.3422847390174866,-1.6518936157226562,-0.24861806631088257,0.3593933582305908,-1.866255521774292,-0.27833637595176697,-0.037335965782403946,-0.9961104989051819,-0.07981178909540176,-0.10264185816049576,-1.4279016256332397,-0.23455801606178284,-0.14803683757781982,-1.7203105688095093,-0.3259384036064148,-0.1982676386833191,-1.966180682182312,-0.3537229895591736,-0.24074256420135498,-0.8819819688796997,-0.10329852998256683,-0.37400132417678833,-1.0340601205825806,-0.3561476767063141,-0.2791244685649872,-0.7374187111854553,-0.39684373140335083,-0.19440431892871857,-0.5138384103775024,-0.3355678915977478,-0.39908498525619507,-0.6899706721305847,-0.13574160635471344,-0.5018061399459839,-0.7233914136886597,-0.3410477936267853,-0.40104982256889343,-0.5247545838356018,-0.3500255346298218,-0.28910380601882935,-0.3684244453907013,-0.2932809591293335
0.0,0.0,0.0,0.35924381017684937,-0.19407816231250763,-0.15866202116012573,0.5921499729156494,-0.5750741362571716,-0.19361498951911926,0.6888619661331177,-0.899526834487915,-0.23285391926765442,0.7698110342025757,-1.125089168548584,-0.26698067784309387,0.21487565338611603,-0.9938886165618896,-0.08062128722667694,0.29211732745170593,-1.4095959663391113,-0.19202430546283722,0.32805800437927246,-1.6632957458496094,-0.25159791111946106,0.34404751658439636,-1.8805913925170898,-0.27945777773857117,-0.039536409080028534,-0.9955472946166992,-0.08557122200727463,-0.10254418849945068,-1.4291861057281494,-0.23906683921813965,-0.14456774294376373,-1.724071741104126,-0.32889652252197266,-0.19020888209342957,-1.9717390537261963,-0.3554297387599945,-0.24466076493263245,-0.885254442691803,-0.10896039009094238,-0.3777213394641876,-1.0349557399749756,-0.3595159947872162,-0.2844063341617584,-0.7313340902328491,-0.39660748839378357,-0.1990477591753006,-0.5015201568603516,-0.33314141631126404,-0.40359148383140564,-0.6981213092803955,-0.14092928171157837,-0.5090381503105164,-0.7264146208763123,-0.34343454241752625,-0.40977388620376587,-0.5175749063491821,-0.3477385342121124,-0.29702654480934143,-0.3530421555042267,-0.28743988275527954
0.0,0.0,0.0,0.35678187012672424,-0.1911349892616272,-0.15949051082134247,0.5918310284614563,-0.5648359060287476,-0.19916090369224548,0.7078896164894104,-0.8875152468681335,-0.24347518384456635,0.807685136795044,-1.109607458114624,-0.28291723132133484,0.21159841120243073,-0.995978593826294,-0.08013825863599777,0.2821584641933441,-1.4065489768981934,-0.19170226156711578,0.31379908323287964,-1.6585198640823364,-0.254050612449646,0.3262713551521301,-1.8769047260284424,-0.2858830392360687,-0.04327124357223511,-0.995307445526123,-0.08654868602752686,-0.10726284235715866,-1.424697756767273,-0.2377803921699524,-0.1475801169872284,-1.7166296243667603,-0.32755520939826965,-0.19280169904232025,-1.9648516178131104,-0.3564922511577606,-0.2505626976490021,-0.8812112212181091,-0.1118391677737236,-0.3801722824573517,-1.0381639003753662,-0.35897722840309143,-0.2840883731842041,-0.7389776110649109,-0.3945781886577606,-0.1997423619031906,-0.5125153660774231,-0.333042711019516,-0.40838226675987244,-0.6914336085319519,-0.1464346945285797,-0.5099002718925476,-0.719851016998291,-0.3483927547931671,-0.41071999073028564,-0.5126956701278687,-0.35347896814346313,-0.3010241687297821,-0.3494221568107605,-0.2954336702823639
0.0,0.0,0.0,0.3626411557197571,-0.19945937395095825,-0.15191730856895447,0.6029433012008667,-0.578170120716095,-0.18709014356136322,0.7349259257316589,-0.8955050110816956,-0.2278674840927124,0.8595511317253113,-1.1012639999389648,-0.2638092339038849,0.2107631117105484,-0.998336911201477,-0.06488905102014542,0.27520492672920227,-1.4084570407867432,-0.1686951369047165,0.3039952516555786,-1.658988356590271,-0.22685031592845917,0.31405383348464966,-1.8754713535308838,-0.2564966082572937,-0.042790692299604416,-0.9964907169342041,-0.07193871587514877,-0.10485097765922546,-1.4268293380737305,-0.2155073881149292,-0.14826184511184692,-1.7153685092926025,-0.3018370270729065,-0.1961025446653366,-1.9585267305374146,-0.32893696427345276,-0.24590431153774261,-0.8860698342323303,-0.09773125499486923,-0.38341018557548523,-1.046256184577942,-0.33935341238975525,-0.29406464099884033,-0.7507588267326355,-0.3766455352306366,-0.21004576981067657,-0.5213509202003479,-0.31680187582969666,-0.4009324014186859,-0.7009154558181763,-0.13239236176013947,-0.5088565349578857,-0.7357392907142639,-0.3297308087348938,-0.4094924330711365,-0.5311270952224731,-0.3352469503879547,-0.2925097942352295,-0.3656240403652191,-0.27830538153648376
0.0,0.0,0.0,0.37375178933143616,-0.1843118667602539,-0.16430212557315826,0.6356251239776611,-0.551742672920227,-0.21231256425380707,0.8024886250495911,-0.8723821640014648,-0.2664076089859009,0.9548799991607666,-1.0893073081970215,-0.3163074553012848,0.2597828805446625,-0.9987266063690186,-0.07662952691316605,0.32838037610054016,-1.3978471755981445,-0.1959185004234314,0.3596291244029999,-1.6477038860321045,-0.26829826831817627,0.37262535095214844,-1.8634775876998901,-0.30663442611694336,0.0019971702713519335,-0.9963313341140747,-0.08555606752634048,-0.05194040387868881,-1.4298095703125,-0.23710905015468597,-0.08702016621828079,-1.7192878723144531,-0.3301485478878021,-0.12542293965816498,-1.9668827056884766,-0.3617732524871826,-0.2113376259803772,-0.8791398406028748,-0.11547316610813141,-0.31748175621032715,-1.0432353019714355,-0.3611975312232971,-0.2297300547361374,-0.758246898651123,-0.3974655270576477,-0.1520950049161911,-0.5373045206069946,-0.3365173637866974,-0.3770304322242737,-0.6871457695960999,-0.15580128133296967,-0.4618218243122101,-0.7328757643699646,-0.34975939989089966,-0.36002403497695923,-0.538350522518158,-0.3491322100162506,-0.2508416175842285,-0.37946033477783203,-0.2881860136985779
0.0,0.0,0.0,0.38247451186180115,-0.18297329545021057,-0.17432469129562378,0.671379804611206,-0.5499120950698853,-0.22577860951423645,0.8476618528366089,-0.8704500198364258,-0.28054502606391907,0.9858303070068359,-1.1056838035583496,-0.3313423991203308,0.2919473648071289,-0.9935111403465271,-0.09726769477128983,0.3652929365634918,-1.3870424032211304,-0.2220391184091568,0.3949669599533081,-1.6383177042007446,-0.2979053854942322,0.41078850626945496,-1.8562214374542236,-0.33896616101264954,0.033068712800741196,-0.9938780665397644,-0.10541695356369019,-0.021181698888540268,-1.4206931591033936,-0.26194503903388977,-0.05640991032123566,-1.7072960138320923,-0.35916808247566223,-0.09157802164554596,-1.952408790588379,-0.39524275064468384,-0.18694432079792023,-0.8801238536834717,-0.13471201062202454,-0.26220181584358215,-1.034882664680481,-0.3848147988319397,-0.16871002316474915,-0.7379637956619263,-0.4212186932563782,-0.09129840135574341,-0.5116930603981018,-0.3620665967464447,-0.36283138394355774,-0.6937205195426941,-0.17540447413921356,-0.4193882644176483,-0.7310869097709656,-0.3753717243671417,-0.3173348009586334,-0.529978334903717,-0.37739741802215576,-0.2148599624633789,-0.37126854062080383,-0.3188243508338928
0.0,0.0,0.0,0.388427197933197,-0.16951827704906464,-0.17355436086654663,0.6832857131958008,-0.539260983467102,-0.22414515912532806,0.8510844707489014,-0.8604660630226135,-0.2780722379684448,0.9921474456787109,-1.0951670408248901,-0.32870063185691833,0.32219216227531433,-0.9957433342933655,-0.10001304000616074,0.3969351649284363,-1.3920396566390991,-0.22333747148513794,0.4266587197780609,-1.647346019744873,-0.2960672974586487,0.4494090974330902,-1.8646183013916016,-0.3325112462043762,0.0610400028526783,-0.9923072457313538,-0.10770561546087265,0.009156983345746994,-1.4185901880264282,-0.2664403021335602,-0.023543698713183403,-1.7108895778656006,-0.363452285528183,-0.05202077329158783,-1.959619164466858,-0.39687618613243103,-0.16414229571819305,-0.8793965578079224,-0.13589896261692047,-0.2241043895483017,-1.0238263607025146,-0.3923397362232208,-0.12961924076080322,-0.7147951126098633,-0.4281950891017914,-0.05486848205327988,-0.4822588562965393,-0.36428141593933105,-0.3509638011455536,-0.699589192867279,-0.17412641644477844,-0.39501523971557617,-0.7649300694465637,-0.3740260601043701,-0.293244332075119,-0.5503241419792175,-0.3677982687950134,-0.19885016977787018,-0.3799242675304413,-0.301252156496048
0.0,0.0,0.0,0.3953605890274048,-0.1660609096288681,-0.16639195382595062,0.6940748691558838,-0.5372796654701233,-0.20235008001327515,0.8567841649055481,-0.8464663624763489,-0.2427006959915161,0.9817483425140381,-1.0697394609451294,-0.2787330448627472,0.33807921409606934,-0.9933496713638306,-0.08053887635469437,0.4162029027938843,-1.3950399160385132,-0.19134044647216797,0.44797587394714355,-1.6474710702896118,-0.2568410038948059,0.4744882583618164,-1.864205002784729,-0.2900502383708954,0.08162151277065277,-0.9928231239318848,-0.08740845322608948,0.03632142394781113,-1.4103221893310547,-0.2399878203868866,0.007205075118690729,-1.7064751386642456,-0.3382153809070587,-0.015791714191436768,-1.9571468830108643,-0.37355712056159973,-0.14253520965576172,-0.8887196183204651,-0.11454648524522781,-0.18879114091396332,-1.028098702430725,-0.3683532178401947,-0.1049429327249527,-0.7155318260192871,-0.40946540236473083,-0.03828245401382446,-0.48087528347969055,-0.35033005475997925,-0.3357252776622772,-0.7197556495666504,-0.15151408314704895,-0.3673998713493347,-0.7713194489479065,-0.35488536953926086,-0.2744308412075043,-0.5485562682151794,-0.35654523968696594,-0.18507924675941467,-0.37375500798225403,-0.29592493176460266
0.0,0.0,0.0,0.38964107632637024,-0.17289233207702637,-0.15570446848869324,0.6808619499206543,-0.5381485223770142,-0.18968340754508972,0.8456056118011475,-0.8377910256385803,-0.23108159005641937,0.9672037363052368,-1.0536510944366455,-0.2685672342777252,0.33178237080574036,-0.9951326251029968,-0.06058941408991814,0.40932783484458923,-1.3896924257278442,-0.1654180884361267,0.43949079513549805,-1.6400299072265625,-0.23013603687286377,0.46426156163215637,-1.855347752571106,-0.2644192576408386,0.07786843925714493,-0.9942594766616821,-0.07338016480207443,0.02855989895761013,-1.407470464706421,-0.22255443036556244,-0.005255259573459625,-1.6998176574707031,-0.3216427266597748,-0.03130912780761719,-1.9478983879089355,-0.3590374290943146,-0.14470836520195007,-0.8887490034103394,-0.10599678009748459,-0.19243460893630981,-1.0391932725906372,-0.3553665578365326,-0.1137617751955986,-0.7267621159553528,-0.39225471019744873,-0.050179753452539444,-0.49778205156326294,-0.331831157207489,-0.3379572927951813,-0.7185102105140686,-0.14771124720573425,-0.3734000623226166,-0.7995718121528625,-0.3466058373451233,-0.2821243703365326,-0.5759710669517517,-0.34128186106681824,-0.19387061893939972,-0.3998262286186218,-0.27688154578208923
0.0,0.0,0.0,0.382192999124527,-0.16317832469940186,-0.15943211317062378,0.6722824573516846,-0.5094959139823914,-0.19776418805122375,0.8309093713760376,-0.7985315918922424,-0.24275259673595428,0.9375119209289551,-1.0119556188583374,-0.28380247950553894,0.3278058171272278,-0.9946515560150146,-0.0663011223077774,0.39859169721603394,-1.3837618827819824,-0.172725111246109,0.42436906695365906,-1.6321141719818115,-0.23960267007350922,0.44530001282691956,-1.8467496633529663,-0.2750402092933655,0.07683072984218597,-0.9940747022628784,-0.07689309120178223,0.028547462075948715,-1.399141788482666,-0.226781964302063,-0.004454000853002071,-1.688194751739502,-0.32659053802490234,-0.0280530396848917,-1.9338165521621704,-0.3656230866909027,-0.1482284814119339,-0.8909123539924622,-0.1075265184044838,-0.19861210882663727,-1.037684679031372,-0.35305139422416687,-0.1253313571214676,-0.731696605682373,-0.387814998626709,-0.06597241014242172,-0.5073809027671814,-0.32709750533103943,-0.34869247674942017,-0.7277364134788513,-0.14789195358753204,-0.3876916468143463,-0.8309404850006104,-0.34058886766433716,-0.30230283737182617,-0.6145327091217041,-0.3312385678291321,-0.22235865890979767,-0.43997323513031006,-0.2652752995491028
0.0,0.0,0.0,0.37355706095695496,-0.15709610283374786,-0.168399378657341,0.6647202372550964,-0.5055896639823914,-0.2133021056652069,0.8210410475730896,-0.7969344258308411,-0.26311954855918884,0.9339340925216675,-1.0125048160552979,-0.30940142273902893,0.32493355870246887,-0.9932209849357605,-0.08534372597932816,0.38971370458602905,-1.385738492012024,-0.19812269508838654,0.41350579261779785,-1.6381770372390747,-0.26613128185272217,0.4365607500076294,-1.8560454845428467,-0.2991510331630707,0.07132194191217422,-0.9931375980377197,-0.09268651902675629,0.017859699204564095,-1.4009757041931152,-0.24825938045978546,-0.01840481162071228,-1.6915043592453003,-0.34843939542770386,-0.042237840592861176,-1.936435341835022,-0.383862167596817,-0.155097097158432,-0.8928031921386719,-0.11992599070072174,-0.20339073240756989,-1.013845443725586,-0.3738817274570465,-0.13005460798740387,-0.7024645209312439,-0.41238120198249817,-0.06837412714958191,-0.47273460030555725,-0.34890323877334595,-0.35631972551345825,-0.734687864780426,-0.15680205821990967,-0.39203348755836487,-0.8286147713661194,-0.3516814708709717,-0.30753740668296814,-0.6054291725158691,-0.3403607904911041,-0.22569188475608826,-0.4236597716808319,-0.2698366940021515
0.0,0.0,0.0,0.37544578313827515,-0.16380593180656433,-0.1666492372751236,0.6662397980690002,-0.5184170007705688,-0.20927397906780243,0.8210493922233582,-0.8105994462966919,-0.2578645348548889,0.9365277886390686,-1.0247234106063843,-0.30276867747306824,0.3174702525138855,-0.9978153109550476,-0.07879135757684708,0.3854376971721649,-1.39274001121521,-0.19108597934246063,0.4102312922477722,-1.6458988189697266,-0.2600523829460144,0.4329688251018524,-1.865321397781372,-0.29350584745407104,0.06461184471845627,-0.9940788149833679,-0.08736460655927658,0.01310435589402914,-1.4021645784378052,-0.24344488978385925,-0.02253974787890911,-1.6951556205749512,-0.34544849395751953,-0.047182001173496246,-1.9415141344070435,-0.38222330808639526,-0.16123206913471222,-0.8934621810913086,-0.11618268489837646,-0.19826814532279968,-1.012428641319275,-0.37228643894195557,-0.12431808561086655,-0.7008800506591797,-0.41156262159347534,-0.06486451625823975,-0.4690185487270355,-0.34771203994750977,-0.3617332875728607,-0.7379435896873474,-0.154600128531456,-0.38972964882850647,-0.8454719185829163,-0.3501083254814148,-0.3061543107032776,-0.6220678687095642,-0.3362107276916504,-0.2280275672674179,-0.4338288903236389,-0.26342764496803284
0.0,0.0,0.0,0.37722858786582947,-0.1582610160112381,-0.17632052302360535,0.67030930519104,-0.5140290260314941,-0.22329181432724,0.8226069808006287,-0.8103922605514526,-0.27420201897621155,0.9444864392280579,-1.0314571857452393,-0.3207944333553314,0.3226797580718994,-0.9946919679641724,-0.08826817572116852,0.38454264402389526,-1.3912274837493896,-0.2020949274301529,0.40560537576675415,-1.6437227725982666,-0.26947107911109924,0.42596670985221863,-1.8627203702926636,-0.30086007714271545,0.06841299682855606,-0.9934319853782654,-0.09171999990940094,0.017958365380764008,-1.3983349800109863,-0.25195321440696716,-0.018195809796452522,-1.6924266815185547,-0.35420891642570496,-0.04203128442168236,-1.9393614530563354,-0.3895900249481201,-0.15954241156578064,-0.8968091607093811,-0.11636286228895187,-0.19991514086723328,-1.003800630569458,-0.37834128737449646,-0.1288769394159317,-0.6883992552757263,-0.41990792751312256,-0.06823129206895828,-0.45512694120407104,-0.35485661029815674,-0.3626280128955841,-0.7476369738578796,-0.15094321966171265,-0.3966158926486969,-0.8528497815132141,-0.3487348258495331,-0.3121417164802551,-0.627790093421936,-0.3363500237464905,-0.22826485335826874,-0.4385756254196167,-0.26360589265823364
0.0,0.0,0.0,0.37290120124816895,-0.16132709383964539,-0.1700965315103531,0.6614588499069214,-0.5177900195121765,-0.21325579285621643,0.8147971630096436,-0.8086790442466736,-0.2608812153339386,0.929388165473938,-1.0292205810546875,-0.3041571378707886,0.3158223330974579,-0.99774569272995,-0.07427982240915298,0.37364572286605835,-1.390391230583191,-0.18014265596866608,0.393125057220459,-1.6426467895507812,-0.2435179054737091,0.4132266938686371,-1.8589286804199219,-0.2727999985218048,0.06394883245229721,-0.9947629570960999,-0.07973188906908035,0.014392825774848461,-1.395930290222168,-0.23026083409786224,-0.016854673624038696,-1.6804437637329102,-0.3267412781715393,-0.036498893052339554,-1.9142056703567505,-0.3594256341457367,-0.16340261697769165,-0.8992680907249451,-0.10696330666542053,-0.20627450942993164,-1.0223928689956665,-0.36164283752441406,-0.13613075017929077,-0.7078089714050293,-0.4009651839733124,-0.0767141580581665,-0.4745662212371826,-0.33616605401039124,-0.3652697503566742,-0.7527503371238708,-0.1436661183834076,-0.4017513394355774,-0.883480966091156,-0.3363775312900543,-0.31946176290512085,-0.6621283292770386,-0.32144519686698914,-0.2369420826435089,-0.47261470556259155,-0.24822643399238586
0.0,0.0,0.0,0.3732360601425171,-0.16287539899349213,-0.17143376171588898,0.6634464859962463,-0.522211492061615,-0.21299558877944946,0.8171546459197998,-0.8111571073532104,-0.2588925063610077,0.9287149310112,-1.0326718091964722,-0.3004297614097595,0.31310054659843445,-0.9989207983016968,-0.06888719648122787,0.3702299892902374,-1.389331579208374,-0.17174352705478668,0.3900708556175232,-1.641000509262085,-0.23535172641277313,0.4111728072166443,-1.8579967021942139,-0.26570430397987366,0.06381046026945114,-0.9952694773674011,-0.07325918227434158,0.015279714949429035,-1.387139081954956,-0.2213377058506012,-0.014264567755162716,-1.6690350770950317,-0.31882748007774353,-0.0330401211977005,-1.901220440864563,-0.35365405678749084,-0.16252271831035614,-0.9019190073013306,-0.10014094412326813,-0.20428042113780975,-1.0295982360839844,-0.3535466492176056,-0.13631092011928558,-0.7132178544998169,-0.39378291368484497,-0.08067094534635544,-0.4782801568508148,-0.33048051595687866,-0.3629213571548462,-0.7594175934791565,-0.13694030046463013,-0.4020809531211853,-0.9037347435951233,-0.32981014251708984,-0.3219521641731262,-0.6831178665161133,-0.31553637981414795,-0.24104756116867065,-0.48922857642173767,-0.2433319091796875
0.0,0.0,0.0,0.37192702293395996,-0.15935631096363068,-0.17039987444877625,0.6628211140632629,-0.5157353281974792,-0.2128198891878128,0.8138759136199951,-0.8006235957145691,-0.26196417212486267,0.9319092035293579,-1.0194976329803467,-0.30751246213912964,0.320818692445755,-0.9981772303581238,-0.06488560885190964,0.3748699426651001,-1.390979290008545,-0.1709761619567871,0.3959481120109558,-1.6454459428787231,-0.23771893978118896,0.42040395736694336,-1.8655318021774292,-0.2689628601074219,0.07256273925304413,-0.9948157072067261,-0.07124888896942139,0.02765142172574997,-1.381508231163025,-0.22643734514713287,0.0032796410378068686,-1.6643537282943726,-0.3289990723133087,-0.012834764085710049,-1.8995815515518188,-0.3663930892944336,-0.15553978085517883,-0.9095199108123779,-0.10066060721874237,-0.18626625835895538,-1.0430134534835815,-0.36184605956077576,-0.1288980394601822,-0.7175983786582947,-0.4034546911716461,-0.08301878720521927,-0.47513920068740845,-0.33846229314804077,-0.36009106040000916,-0.7796486020088196,-0.13968737423419952,-0.40178871154785156,-0.9547266364097595,-0.3316308259963989,-0.3363644778728485,-0.7355939745903015,-0.3126937448978424,-0.265097439289093,-0.5339813828468323,-0.2372378408908844
0.0,0.0,0.0,0.3741873800754547,-0.15979287028312683,-0.17209257185459137,0.6662020683288574,-0.5149089694023132,-0.21457549929618835,0.8189049959182739,-0.7961830496788025,-0.26269790530204773,0.9333434104919434,-1.0135854482650757,-0.30722615122795105,0.3211086392402649,-0.996711015701294,-0.06913091242313385,0.37809517979621887,-1.3879220485687256,-0.17578516900539398,0.4007423520088196,-1.6447880268096924,-0.2416771948337555,0.4268399775028229,-1.8659694194793701,-0.2720155417919159,0.07158931344747543,-0.9945979714393616,-0.07516581565141678,0.024105286225676537,-1.3860210180282593,-0.22989951074123383,6.685277912765741e-05,-1.6675386428833008,-0.3306899964809418,-0.01458833646029234,-1.9006211757659912,-0.3661496639251709,-0.157187819480896,-0.9078806042671204,-0.10443605482578278,-0.18773777782917023,-1.0355507135391235,-0.36679115891456604,-0.12744171917438507,-0.7083491086959839,-0.4088171422481537,-0.07926250994205475,-0.4697076380252838,-0.3430190086364746,-0.3617461323738098,-0.7765309810638428,-0.14329375326633453,-0.4052667021751404,-0.9511553049087524,-0.335620641708374,-0.3378998637199402,-0.734352171421051,-0.3170035779476166,-0.26478147506713867,-0.5391647219657898,-0.24165239930152893
0.0,0.0,0.0,0.37195631861686707,-0.16538181900978088,-0.1669129878282547,0.6640197038650513,-0.518730878829956,-0.2128887176513672,0.8130736351013184,-0.8019228577613831,-0.2640950083732605,0.9310598969459534,-1.0190401077270508,-0.3113960325717926,0.3181789815425873,-0.9964095950126648,-0.08220072835683823,0.3836442530155182,-1.3884259462356567,-0.19270816445350647,0.41411513090133667,-1.6441024541854858,-0.2590303122997284,0.4418191909790039,-1.8643802404403687,-0.2885458171367645,0.0653541088104248,-0.99367755651474,-0.09128930419683456,0.01914972811937332,-1.4035049676895142,-0.24537304043769836,-0.004383388441056013,-1.6931321620941162,-0.3435439467430115,-0.02239086478948593,-1.936435580253601,-0.37688466906547546,-0.1652376651763916,-0.9012200236320496,-0.12127220630645752,-0.1965423971414566,-1.0310698747634888,-0.3757319748401642,-0.127963125705719,-0.7157069444656372,-0.4117441773414612,-0.07837110757827759,-0.4876165986061096,-0.3434109091758728,-0.36997300386428833,-0.7614499926567078,-0.16026946902275085,-0.40923187136650085,-0.9359402060508728,-0.34127795696258545,-0.33598002791404724,-0.7285179495811462,-0.3140668570995331,-0.2651602029800415,-0.5441592335700989,-0.23387311398983002
0.0,0.0,0.0,0.3893745243549347,-0.16307882964611053,-0.18706421554088593,0.6914870738983154,-0.5221823453903198,-0.23844067752361298,0.8571333885192871,-0.8219446539878845,-0.29230883717536926,0.9956516027450562,-1.0611374378204346,-0.34226909279823303,0.31928902864456177,-0.9971354007720947,-0.08284129202365875,0.3858760893344879,-1.3873095512390137,-0.19780348241329193,0.4142800569534302,-1.6431678533554077,-0.27112799882888794,0.4418635070323944,-1.8641142845153809,-0.30606722831726074,0.06549002975225449,-0.9942495822906494,-0.0847281739115715,0.010598714463412762,-1.4091849327087402,-0.24414193630218506,-0.017635637894272804,-1.704211950302124,-0.34957554936408997,-0.039543889462947845,-1.9549367427825928,-0.3884161710739136,-0.1665625274181366,-0.9002323150634766,-0.11104672402143478,-0.21145464479923248,-1.0494914054870605,-0.3762952387332916,-0.14313830435276031,-0.7324775457382202,-0.41677549481391907,-0.0944182276725769,-0.5018503069877625,-0.34964099526405334,-0.37328943610191345,-0.7614223957061768,-0.14804299175739288,-0.4229469299316406,-0.9621466398239136,-0.34078824520111084,-0.35083362460136414,-0.7581793665885925,-0.31666359305381775,-0.2814750373363495,-0.5724270939826965,-0.23733216524124146
0.0,0.0,0.0,0.387255996465683,-0.1595439910888672,-0.19012019038200378,0.6926773190498352,-0.5277180671691895,-0.2402624636888504,0.8618492484092712,-0.8360550999641418,-0.29087701439857483,1.0045990943908691,-1.0773659944534302,-0.33761924505233765,0.3148548901081085,-0.9937297701835632,-0.08537645637989044,0.37715673446655273,-1.3793318271636963,-0.19937576353549957,0.4012049436569214,-1.6294533014297485,-0.2722904086112976,0.4214740991592407,-1.8477680683135986,-0.30811500549316406,0.060058027505874634,-0.9945545792579651,-0.08517146110534668,0.0047559719532728195,-1.4104846715927124,-0.24144910275936127,-0.026430271565914154,-1.7000583410263062,-0.3445969820022583,-0.05496261268854141,-1.9489775896072388,-0.38230934739112854,-0.16867898404598236,-0.9023943543434143,-0.10978184640407562,-0.23533323407173157,-1.048069953918457,-0.37302419543266296,-0.15862800180912018,-0.7293726801872253,-0.4148476719856262,-0.10133638978004456,-0.49906855821609497,-0.3501214385032654,-0.3697952628135681,-0.7635538578033447,-0.14523965120315552,-0.43467265367507935,-0.9477073550224304,-0.3381054401397705,-0.3573850691318512,-0.7391282916069031,-0.3165279030799866,-0.28028035163879395,-0.5536366701126099,-0.23992601037025452
0.0,0.0,0.0,0.38202375173568726,-0.16622509062290192,-0.18569478392601013,0.6804094314575195,-0.5392354130744934,-0.23511303961277008,0.8589474558830261,-0.8429824113845825,-0.2870924770832062,1.0052210092544556,-1.0744012594223022,-0.3358902931213379,0.3007653057575226,-0.9971484541893005,-0.07685298472642899,0.35862770676612854,-1.3832265138626099,-0.19129511713981628,0.38045433163642883,-1.6313412189483643,-0.2655167281627655,0.4002882242202759,-1.8490113019943237,-0.30286905169487,0.048852887004613876,-0.9957278370857239,-0.07835473120212555,-0.013920779339969158,-1.4027026891708374,-0.23960189521312714,-0.0495406910777092,-1.692811131477356,-0.347215473651886,-0.08387929946184158,-1.9431287050247192,-0.38780632615089417,-0.17878445982933044,-0.9012959003448486,-0.10482873767614365,-0.2568420469760895,-1.0504077672958374,-0.37150654196739197,-0.17088615894317627,-0.7305563688278198,-0.41596803069114685,-0.10650192201137543,-0.4989093840122223,-0.3527924716472626,-0.37874728441238403,-0.7621821165084839,-0.14190562069416046,-0.44752299785614014,-0.9441379308700562,-0.33686453104019165,-0.3708702623844147,-0.7402319312095642,-0.31903088092803955,-0.29393187165260315,-0.5613850355148315,-0.2456876039505005
0.0,0.0,0.0,0.38276585936546326,-0.16172298789024353,-0.19567298889160156,0.6781331896781921,-0.5344573259353638,-0.2489847093820572,0.8440393209457397,-0.8422054648399353,-0.30324190855026245,0.993683397769928,-1.071937084197998,-0.35425272583961487,0.2959771454334259,-0.9952064752578735,-0.08851690590381622,0.35391730070114136,-1.3874367475509644,-0.2066473364830017,0.3772535026073456,-1.6394542455673218,-0.28153976798057556,0.39827364683151245,-1.8603694438934326,-0.3184897303581238,0.04367097467184067,-0.9953919649124146,-0.0853680893778801,-0.019010616466403008,-1.4042689800262451,-0.2514783442020416,-0.05724577605724335,-1.6957261562347412,-0.3605674207210541,-0.09253061562776566,-1.946251392364502,-0.4006253182888031,-0.18109241127967834,-0.9043420553207397,-0.10769202560186386,-0.2644976079463959,-1.04524564743042,-0.3805929124355316,-0.18457531929016113,-0.7225796580314636,-0.42857569456100464,-0.11998716741800308,-0.4886830747127533,-0.36548301577568054,-0.379062682390213,-0.7691096663475037,-0.14106683433055878,-0.4556463956832886,-0.9452318549156189,-0.34006717801094055,-0.3833225667476654,-0.7401148080825806,-0.32529276609420776,-0.3047606647014618,-0.5609153509140015,-0.252916544675827
0.0,0.0,0.0,0.38148632645606995,-0.1615595668554306,-0.18411657214164734,0.6679596304893494,-0.5271884799003601,-0.2288566529750824,0.8188197612762451,-0.8288954496383667,-0.2749895751476288,0.951317310333252,-1.0494991540908813,-0.3171270787715912,0.2960249185562134,-0.9912061095237732,-0.07645557075738907,0.35767194628715515,-1.376360297203064,-0.18804028630256653,0.38302916288375854,-1.626525640487671,-0.25809934735298157,0.40231865644454956,-1.8455040454864502,-0.2929236590862274,0.04775499925017357,-0.9961316585540771,-0.07376404106616974,-0.009866101667284966,-1.4058525562286377,-0.23320187628269196,-0.04727919399738312,-1.6950047016143799,-0.3365095555782318,-0.08263234049081802,-1.9401943683624268,-0.37313640117645264,-0.1713276505470276,-0.9064683318138123,-0.0950864627957344,-0.2654014527797699,-1.0522003173828125,-0.35974040627479553,-0.19274446368217468,-0.7356940507888794,-0.40536847710609436,-0.13251420855522156,-0.4998491704463959,-0.34235942363739014,-0.36129486560821533,-0.7673914432525635,-0.12671007215976715,-0.4402291476726532,-0.9249144792556763,-0.32438144087791443,-0.3698548674583435,-0.7176618576049805,-0.3135759234428406,-0.29190805554389954,-0.5368766784667969,-0.24381564557552338
0.0,0.0,0.0,0.3885333836078644,-0.16017325222492218,-0.17635774612426758,0.6786732077598572,-0.5242311954498291,-0.2146514356136322,0.8410712480545044,-0.83025723695755,-0.2554387152194977,0.9752810597419739,-1.0525660514831543,-0.29194289445877075,0.30492740869522095,-0.9918193817138672,-0.06023228541016579,0.3787429630756378,-1.371038556098938,-0.1643046736717224,0.4091220200061798,-1.6227915287017822,-0.2301967442035675,0.4308870732784271,-1.837740182876587,-0.2617105543613434,0.05448111146688461,-0.9967633485794067,-0.05911480262875557,0.0012362221023067832,-1.4108625650405884,-0.20813630521297455,-0.027044368907809258,-1.7001873254776,-0.306644469499588,-0.054942723363637924,-1.9415019750595093,-0.3407827615737915,-0.1679626852273941,-0.9068496823310852,-0.08208158612251282,-0.24297000467777252,-1.0602039098739624,-0.3345417380332947,-0.17251968383789062,-0.755652666091919,-0.3795850872993469,-0.11940804868936539,-0.5248053073883057,-0.31833094358444214,-0.3600162863731384,-0.769661009311676,-0.11499161273241043,-0.4244433641433716,-0.9380026459693909,-0.2979494035243988,-0.3566940426826477,-0.7499434947967529,-0.2833747863769531,-0.2864407002925873,-0.5801805853843689,-0.21367433667182922
0.0,0.0,0.0,0.38836169242858887,-0.1557386815547943,-0.17821429669857025,0.6862892508506775,-0.5202562808990479,-0.21824751794338226,0.8599386215209961,-0.8261273503303528,-0.26119881868362427,1.010941505432129,-1.0476534366607666,-0.3002329170703888,0.32350051403045654,-0.9888437986373901,-0.06106365844607353,0.3989773094654083,-1.3634518384933472,-0.16822262108325958,0.4306584298610687,-1.6126503944396973,-0.23668287694454193,0.4547469913959503,-1.8269140720367432,-0.2702769339084625,0.0727384090423584,-0.9954318404197693,-0.06184326112270355,0.025295915082097054,-1.4111132621765137,-0.2120642364025116,0.005243717227131128,-1.6967904567718506,-0.31044474244117737,-0.014573376625776291,-1.938330888748169,-0.34561070799827576,-0.1538107693195343,-0.9075583219528198,-0.08771423250436783,-0.21563860774040222,-1.0739108324050903,-0.3419116735458374,-0.1476055085659027,-0.7619541883468628,-0.38379231095314026,-0.09738562256097794,-0.5284481048583984,-0.32116150856018066,-0.3513507544994354,-0.7751390933990479,-0.12410852313041687,-0.4125255048274994,-0.9584255814552307,-0.3058520257472992,-0.34878820180892944,-0.7747519016265869,-0.28902751207351685,-0.28338849544525146,-0.6094870567321777,-0.21947750449180603
0.0,0.0,0.0,0.39596572518348694,-0.1489044427871704,-0.18824467062950134,0.7025011777877808,-0.5071462988853455,-0.2339649200439453,0.8752927780151367,-0.8177013397216797,-0.2804737389087677,1.0233882665634155,-1.0544281005859375,-0.3224716782569885,0.3388121426105499,-0.9833665490150452,-0.07240253686904907,0.41793081164360046,-1.3577446937561035,-0.18075406551361084,0.4485277235507965,-1.6071360111236572,-0.24938659369945526,0.47271135449409485,-1.8227647542953491,-0.28374478220939636,0.08984528481960297,-0.9935348629951477,-0.06939999759197235,0.051324523985385895,-1.4067217111587524,-0.22184312343597412,0.03340528905391693,-1.6956830024719238,-0.32210928201675415,0.017687520012259483,-1.9406118392944336,-0.35904380679130554,-0.1372433751821518,-0.9081124067306519,-0.09173925966024399,-0.1900024712085724,-1.0654572248458862,-0.3497644364833832,-0.12418323755264282,-0.7539700865745544,-0.3919031620025635,-0.07338424026966095,-0.5238698124885559,-0.3289796710014343,-0.3375841975212097,-0.7771836519241333,-0.1251324564218521,-0.3877187967300415,-0.9555532932281494,-0.31494927406311035,-0.32019731402397156,-0.7589384913444519,-0.29990988969802856,-0.25073936581611633,-0.584185779094696,-0.22963611781597137
0.0,0.0,0.0,0.39961597323417664,-0.15333515405654907,-0.18307548761367798,0.7136385440826416,-0.5169572234153748,-0.22790949046611786,0.8892384171485901,-0.8294286131858826,-0.27457961440086365,1.039750099182129,-1.0636720657348633,-0.3173845708370209,0.35527104139328003,-0.9786869287490845,-0.07811994850635529,0.4403409957885742,-1.3667231798171997,-0.1893804520368576,0.47593697905540466,-1.6161541938781738,-0.2585741877555847,0.5069767236709595,-1.8333526849746704,-0.29347535967826843,0.10355532914400101,-0.991465151309967,-0.07920344918966293,0.0653051882982254,-1.4134162664413452,-0.23643502593040466,0.0411144457757473,-1.7105885744094849,-0.33915799856185913,0.023851754143834114,-1.964633584022522,-0.3767074942588806,-0.12238289415836334,-0.9041846990585327,-0.10399352014064789,-0.18133604526519775,-1.0513639450073242,-0.36914172768592834,-0.11901596188545227,-0.7317328453063965,-0.4112429916858673,-0.06564705818891525,-0.4987536668777466,-0.34699776768684387,-0.32364991307258606,-0.762860119342804,-0.138961061835289,-0.3772139251232147,-0.917911946773529,-0.34170228242874146,-0.3027562201023102,-0.698172926902771,-0.32904061675071716,-0.2231377363204956,-0.5091901421546936,-0.25716546177864075
0.0,0.0,0.0,0.39729949831962585,-0.1447754204273224,-0.18331700563430786,0.7148651480674744,-0.5179866552352905,-0.22559644281864166,0.8848630785942078,-0.8335230350494385,-0.2696091830730438,1.0378859043121338,-1.0621967315673828,-0.3082956373691559,0.35844627022743225,-0.9807959794998169,-0.0879250094294548,0.44015008211135864,-1.3869502544403076,-0.20267705619335175,0.47479572892189026,-1.6443672180175781,-0.2670280337333679,0.5038222074508667,-1.862669825553894,-0.294351726770401,0.10208143293857574,-0.9908860325813293,-0.08788730949163437,0.054119210690259933,-1.4276567697525024,-0.25016218423843384,0.02535073459148407,-1.733008861541748,-0.34948068857192993,0.0062218718230724335,-1.9854624271392822,-0.37924256920814514,-0.12494310736656189,-0.9047439098358154,-0.11076561361551285,-0.16008396446704865,-1.0164114236831665,-0.3812197148799896,-0.09181932359933853,-0.6955846548080444,-0.42386534810066223,-0.03478742390871048,-0.4592231214046478,-0.35478055477142334,-0.32861340045928955,-0.7680578827857971,-0.1432870775461197,-0.3567933738231659,-0.8858513236045837,-0.34390518069267273,-0.28021320700645447,-0.6542851328849792,-0.3277774155139923,-0.2044520527124405,-0.4622524678707123,-0.2507202625274658
0.0,0.0,0.0,0.3984065353870392,-0.14432185888290405,-0.18328846991062164,0.7147458791732788,-0.50742506980896,-0.22385752201080322,0.8747022151947021,-0.8103335499763489,-0.2667769491672516,1.0161616802215576,-1.0353955030441284,-0.3037833869457245,0.3724699318408966,-0.9776890873908997,-0.08706513792276382,0.455697625875473,-1.391318440437317,-0.2019064724445343,0.48899438977241516,-1.6524369716644287,-0.26463034749031067,0.5165454745292664,-1.874538540840149,-0.290080189704895,0.1171223446726799,-0.9893271923065186,-0.08668409287929535,0.06910622119903564,-1.4220176935195923,-0.2555568814277649,0.03922165930271149,-1.7311711311340332,-0.3583286702632904,0.020921818912029266,-1.9849188327789307,-0.3880763053894043,-0.10987818241119385,-0.9066505432128906,-0.10918673872947693,-0.13909101486206055,-0.9953219890594482,-0.3859860897064209,-0.07188602536916733,-0.6733502745628357,-0.431973934173584,-0.014949307776987553,-0.4407603442668915,-0.3621329069137573,-0.31599265336990356,-0.7746555209159851,-0.1413118839263916,-0.3405453562736511,-0.8846642374992371,-0.3447318971157074,-0.26509711146354675,-0.6463599801063538,-0.32950448989868164,-0.18792857229709625,-0.4506441354751587,-0.2514919936656952
0.0,0.0,0.0,0.39064720273017883,-0.1438746303319931,-0.1706477254629135,0.7010607719421387,-0.4932463765144348,-0.20945389568805695,0.86275315284729,-0.7784283757209778,-0.2541031241416931,1.0003498792648315,-0.984716534614563,-0.2938026785850525,0.3768715262413025,-0.9808406829833984,-0.08097905665636063,0.4583747386932373,-1.391409158706665,-0.19499441981315613,0.4958360195159912,-1.6510320901870728,-0.2581939697265625,0.5272513031959534,-1.873735785484314,-0.2845170199871063,0.12171577662229538,-0.9885851144790649,-0.08879613131284714,0.08821946382522583,-1.4227350950241089,-0.25285604596138,0.06522931903600693,-1.7309330701828003,-0.35287898778915405,0.05142689868807793,-1.982847809791565,-0.3826042711734772,-0.10639253258705139,-0.9034252166748047,-0.11830290406942368,-0.11943143606185913,-1.003258466720581,-0.3895123302936554,-0.054956622421741486,-0.6832166314125061,-0.4325704276561737,-0.00234651705250144,-0.448848158121109,-0.36276426911354065,-0.3141348361968994,-0.7681146860122681,-0.15682987868785858,-0.3241257071495056,-0.8908964395523071,-0.35578787326812744,-0.24993669986724854,-0.65350341796875,-0.3375488519668579,-0.17931658029556274,-0.4537668824195862,-0.2588631212711334
0.0,0.0,0.0,0.39126551151275635,-0.1408972442150116,-0.16761897504329681,0.6962480545043945,-0.48875129222869873,-0.20465154945850372,0.8514103293418884,-0.7697579264640808,-0.2486688494682312,0.9817171096801758,-0.9710785746574402,-0.28783875703811646,0.36845579743385315,-0.9782906770706177,-0.07766549289226532,0.44919419288635254,-1.3867632150650024,-0.19035474956035614,0.48538634181022644,-1.6453033685684204,-0.25285792350769043,0.5176898837089539,-1.8667912483215332,-0.2782672643661499,0.11630485206842422,-0.9894992113113403,-0.08581708371639252,0.08412063121795654,-1.4173790216445923,-0.2493329644203186,0.06289195269346237,-1.7240163087844849,-0.3506113588809967,0.05168847367167473,-1.9759457111358643,-0.3809938132762909,-0.11115317791700363,-0.9096495509147644,-0.1153189018368721,-0.12510749697685242,-0.9957447052001953,-0.3829958438873291,-0.06572358310222626,-0.6733449101448059,-0.42723724246025085,-0.0161173976957798,-0.4392593801021576,-0.3588695824146271,-0.3186641335487366,-0.7799314260482788,-0.1540600061416626,-0.33960387110710144,-0.8977288007736206,-0.3477867543697357,-0.2696722149848938,-0.6661752462387085,-0.3301813304424286,-0.19760094583034515,-0.4692637026309967,-0.25286486744880676
0.0,0.0,0.0,0.39187172055244446,-0.15093308687210083,-0.17347149550914764,0.7054052948951721,-0.5146118402481079,-0.2165074646472931,0.873123288154602,-0.8172388076782227,-0.26298198103904724,1.0156177282333374,-1.0328565835952759,-0.3058583736419678,0.3611963391304016,-0.9785041809082031,-0.09368796646595001,0.449381947517395,-1.374527931213379,-0.21053685247898102,0.486845999956131,-1.632885456085205,-0.2788558602333069,0.5205838680267334,-1.8549772500991821,-0.30989131331443787,0.1026446595788002,-0.9898344874382019,-0.09844697266817093,0.05711227282881737,-1.413431167602539,-0.2641315162181854,0.02750404179096222,-1.71781325340271,-0.36761271953582764,0.009924439713358879,-1.9696177244186401,-0.4012764096260071,-0.12522615492343903,-0.904569685459137,-0.12345301359891891,-0.16470091044902802,-1.0085550546646118,-0.3923802077770233,-0.09910377860069275,-0.689551055431366,-0.4356191158294678,-0.04571967199444771,-0.45081424713134766,-0.36811763048171997,-0.3261365592479706,-0.7659921646118164,-0.15730981528759003,-0.3558340072631836,-0.8836919665336609,-0.3566989004611969,-0.28313490748405457,-0.6518529057502747,-0.3396890461444855,-0.21179267764091492,-0.4544747471809387,-0.2619202136993408
0.0,0.0,0.0,0.3899686932563782,-0.1470385044813156,-0.1829134225845337,0.702695906162262,-0.5071799159049988,-0.23033982515335083,0.8680363297462463,-0.8103693127632141,-0.2797275185585022,1.0065265893936157,-1.041016697883606,-0.32507458329200745,0.35479283332824707,-0.9808850288391113,-0.09682163596153259,0.4412789046764374,-1.3698080778121948,-0.21472977101802826,0.47865745425224304,-1.6252257823944092,-0.2835184931755066,0.5127409100532532,-1.8456848859786987,-0.3140993118286133,0.09747492522001266,-0.9903597831726074,-0.09841844439506531,0.05261838808655739,-1.4085019826889038,-0.26430946588516235,0.023199006915092468,-1.7096458673477173,-0.36775466799736023,0.005570981185883284,-1.9612398147583008,-0.4014204740524292,-0.1309511959552765,-0.9035438895225525,-0.1218300610780716,-0.16381090879440308,-1.005142092704773,-0.3941980302333832,-0.10741206258535385,-0.6812695860862732,-0.4382573068141937,-0.061292897909879684,-0.44035595655441284,-0.369995653629303,-0.33028700947761536,-0.7663969397544861,-0.15509340167045593,-0.3650481700897217,-0.8943499326705933,-0.3573997914791107,-0.2993021011352539,-0.6658254861831665,-0.3416566848754883,-0.23159894347190857,-0.4661773443222046,-0.26419663429260254
0.0,0.0,0.0,0.3892611265182495,-0.14441055059432983,-0.172003373503685,0.6989292502403259,-0.49550074338912964,-0.21415077149868011,0.8596439957618713,-0.7869629859924316,-0.26099488139152527,0.9956410527229309,-1.0022029876708984,-0.3037410080432892,0.37029072642326355,-0.9780110120773315,-0.08678598701953888,0.4573850929737091,-1.3756847381591797,-0.20186662673950195,0.49574971199035645,-1.631300926208496,-0.26818084716796875,0.531293511390686,-1.8501977920532227,-0.2968335747718811,0.11276745051145554,-0.989263117313385,-0.09296270459890366,0.07416587322950363,-1.4106719493865967,-0.25789254903793335,0.05146081745624542,-1.7152109146118164,-0.36088964343070984,0.040101755410432816,-1.9668275117874146,-0.3934672176837921,-0.11731477826833725,-0.9052724242210388,-0.1199444830417633,-0.14610502123832703,-1.0032888650894165,-0.3901959955692291,-0.08670900762081146,-0.6793708205223083,-0.4335818290710449,-0.0375605933368206,-0.43940556049346924,-0.3648262917995453,-0.32283100485801697,-0.7691316604614258,-0.15585602819919586,-0.3492310643196106,-0.8885451555252075,-0.356189101934433,-0.2800717353820801,-0.6551649570465088,-0.33893996477127075,-0.2112860530614853,-0.4544307589530945,-0.2602996528148651
0.0,0.0,0.0,0.396526038646698,-0.154215008020401,-0.19550475478172302,0.7160434126853943,-0.5248060822486877,-0.2471321076154709,0.8919075727462769,-0.8326753377914429,-0.2983950674533844,1.040916919708252,-1.0561729669570923,-0.34503495693206787,0.33984673023223877,-0.9848994016647339,-0.0996820405125618,0.42365366220474243,-1.3882544040679932,-0.22169356048107147,0.45816829800605774,-1.6447144746780396,-0.2943653464317322,0.48937368392944336,-1.8639355897903442,-0.3272464871406555,0.08127160370349884,-0.9919021725654602,-0.09759630262851715,0.0327923409640789,-1.4214961528778076,-0.2667592465877533,0.0037879247684031725,-1.7233211994171143,-0.37306588888168335,-0.01668788306415081,-1.9754966497421265,-0.4076935052871704,-0.1457931399345398,-0.904804527759552,-0.11987042427062988,-0.19774208962917328,-1.013779878616333,-0.39746013283729553,-0.1285102814435959,-0.6943084597587585,-0.4456334710121155,-0.07109612226486206,-0.45837754011154175,-0.37953194975852966,-0.3445141315460205,-0.7674494981765747,-0.15283288061618805,-0.3941701352596283,-0.9032905101776123,-0.35701608657836914,-0.32576456665992737,-0.6759746074676514,-0.3408510088920593,-0.25425106287002563,-0.4800276458263397,-0.2636362612247467
0.0,0.0,0.0,0.3740818500518799,-0.150305837392807,-0.1975904405117035,0.6772504448890686,-0.5183018445968628,-0.25190508365631104,0.8469520211219788,-0.831855058670044,-0.30512744188308716,0.9787694215774536,-1.0655314922332764,-0.35522663593292236,0.3077860474586487,-0.986859917640686,-0.10938642174005508,0.3853554427623749,-1.3847739696502686,-0.23400206863880157,0.4220319986343384,-1.6462093591690063,-0.3080369532108307,0.4557906985282898,-1.8745168447494507,-0.34202679991722107,0.05409054830670357,-0.9929838180541992,-0.10515403747558594,-0.004383171442896128,-1.4166532754898071,-0.2764769494533539,-0.04503419250249863,-1.7172579765319824,-0.3827471137046814,-0.07570160925388336,-1.970617413520813,-0.41743898391723633,-0.16786587238311768,-0.9037090539932251,-0.12432857602834702,-0.24420087039470673,-1.0150337219238281,-0.4063352048397064,-0.16988074779510498,-0.6861903071403503,-0.45412182807922363,-0.105805404484272,-0.4460892677307129,-0.38618069887161255,-0.36063775420188904,-0.7636058330535889,-0.15391762554645538,-0.42880091071128845,-0.8970602750778198,-0.36581066250801086,-0.35438278317451477,-0.6621750593185425,-0.35205528140068054,-0.2728906571865082,-0.46429362893104553,-0.27446869015693665
0.0,0.0,0.0,0.3715091049671173,-0.15829895436763763,-0.1864197701215744,0.6666572690010071,-0.5199388265609741,-0.2388397604227066,0.8283016681671143,-0.8223434686660767,-0.29226362705230713,0.9590126872062683,-1.044701099395752,-0.3427426517009735,0.2986266314983368,-0.9828404188156128,-0.11134683340787888,0.37345483899116516,-1.3841044902801514,-0.23645156621932983,0.40991243720054626,-1.642673373222351,-0.31087395548820496,0.4419477581977844,-1.870637059211731,-0.3461906313896179,0.046926550567150116,-0.9926204681396484,-0.11181451380252838,-0.005284037906676531,-1.417419195175171,-0.281393826007843,-0.042899031192064285,-1.7159714698791504,-0.3876117765903473,-0.07296162098646164,-1.9695607423782349,-0.42403268814086914,-0.17351776361465454,-0.9065394401550293,-0.1336418241262436,-0.2541344165802002,-1.016695499420166,-0.40560382604599,-0.18121425807476044,-0.694441556930542,-0.4509398937225342,-0.1172768846154213,-0.45736250281333923,-0.38584762811660767,-0.3635585904121399,-0.7665680050849915,-0.16581182181835175,-0.4373471140861511,-0.8822514414787292,-0.36922523379325867,-0.3606535792350769,-0.6557781100273132,-0.3565205931663513,-0.27632811665534973,-0.4649570882320404,-0.2825404703617096
0.0,0.0,0.0,0.38158464431762695,-0.15269745886325836,-0.19579628109931946,0.6666994690895081,-0.5274736285209656,-0.24540776014328003,0.8273672461509705,-0.8506785035133362,-0.2929094731807709,0.9691351652145386,-1.070812702178955,-0.33766859769821167,0.2930823862552643,-0.9866937398910522,-0.1098627969622612,0.3704431653022766,-1.3994532823562622,-0.22972914576530457,0.4049251079559326,-1.665979266166687,-0.2994966506958008,0.4297849237918854,-1.8962693214416504,-0.33230137825012207,0.041761867702007294,-0.9941911101341248,-0.09919673204421997,-0.017588943243026733,-1.4220761060714722,-0.2695656418800354,-0.05967482179403305,-1.7217020988464355,-0.3749483823776245,-0.09772598743438721,-1.9740614891052246,-0.40950602293014526,-0.1777186244726181,-0.9081594944000244,-0.11033553630113602,-0.28551027178764343,-1.0240191221237183,-0.3854237496852875,-0.21501918137073517,-0.6993010640144348,-0.4314080774784088,-0.15169590711593628,-0.4599633812904358,-0.36507365107536316,-0.3628823459148407,-0.7730497717857361,-0.13176923990249634,-0.4477848410606384,-0.8815878033638,-0.339804083108902,-0.3763519525527954,-0.6432797908782959,-0.330081969499588,-0.2930740416049957,-0.4473119080066681,-0.25683751702308655
0.0,0.0,0.0,0.38452473282814026,-0.15015831589698792,-0.18783511221408844,0.6812666058540344,-0.5012093782424927,-0.23436231911182404,0.843218982219696,-0.8141959309577942,-0.2794739007949829,0.9701093435287476,-1.0200157165527344,-0.3223579227924347,0.31579330563545227,-0.9742662906646729,-0.11648877710103989,0.3947875201702118,-1.3945062160491943,-0.2422289401292801,0.43153461813926697,-1.660363793373108,-0.3134443759918213,0.45719853043556213,-1.8911962509155273,-0.3441731631755829,0.05732350796461105,-0.9925575852394104,-0.10743986815214157,0.0009307075524702668,-1.4213175773620605,-0.27975529432296753,-0.04672657325863838,-1.7269060611724854,-0.38432130217552185,-0.08757397532463074,-1.9801535606384277,-0.4160752296447754,-0.16573451459407806,-0.9148125648498535,-0.11869842559099197,-0.29866907000541687,-1.0039621591567993,-0.38467124104499817,-0.24029311537742615,-0.6875467300415039,-0.43174561858177185,-0.1716405749320984,-0.44650453329086304,-0.3673290014266968,-0.35339704155921936,-0.7830356955528259,-0.14030463993549347,-0.46630990505218506,-0.8571900725364685,-0.3307282328605652,-0.4049016535282135,-0.6349872350692749,-0.31823867559432983,-0.3127046525478363,-0.45079630613327026,-0.245438814163208
0.0,0.0,0.0,0.3671773374080658,-0.14734068512916565,-0.192677840590477,0.6484842896461487,-0.49525657296180725,-0.2438926100730896,0.8131701946258545,-0.8144798874855042,-0.290859192609787,0.9572520852088928,-1.0253428220748901,-0.3350193202495575,0.28886932134628296,-0.9708983302116394,-0.13157692551612854,0.3642136752605438,-1.3990060091018677,-0.2570994794368744,0.3986121416091919,-1.6676487922668457,-0.322744756937027,0.4208337962627411,-1.8996493816375732,-0.34783482551574707,0.029163898900151253,-0.9928610324859619,-0.115656279027462,-0.03333805128931999,-1.4109293222427368,-0.2859584093093872,-0.08869986981153488,-1.7154178619384766,-0.38486048579216003,-0.13985604047775269,-1.974869728088379,-0.4112255573272705,-0.18974930047988892,-0.9192348718643188,-0.11975181102752686,-0.36788326501846313,-0.9666815996170044,-0.37954965233802795,-0.31771570444107056,-0.6569508910179138,-0.42957937717437744,-0.23984044790267944,-0.42795124650001526,-0.36785218119621277,-0.36693236231803894,-0.7908020615577698,-0.13387489318847656,-0.5150819420814514,-0.814265251159668,-0.3137242794036865,-0.45675230026245117,-0.5859664678573608,-0.30359455943107605,-0.3445088863372803,-0.4109368324279785,-0.23385746777057648
0.0,0.0,0.0,0.3615548312664032,-0.149301216006279,-0.2103041708469391,0.6341217756271362,-0.5003660321235657,-0.27964088320732117,0.8061397671699524,-0.8212206363677979,-0.3419308364391327,0.9527177810668945,-1.04422128200531,-0.4004940688610077,0.2682408392429352,-0.9711401462554932,-0.15974095463752747,0.3323238492012024,-1.410581350326538,-0.2986108362674713,0.35529619455337524,-1.68532395362854,-0.37170761823654175,0.3681938350200653,-1.9259225130081177,-0.4035533368587494,0.00401473930105567,-0.9899788498878479,-0.14115844666957855,-0.07506340742111206,-1.4155633449554443,-0.33121156692504883,-0.14845162630081177,-1.7236125469207764,-0.43495839834213257,-0.21445117890834808,-1.9886751174926758,-0.4642667770385742,-0.21701504290103912,-0.9081104397773743,-0.1435876488685608,-0.40843096375465393,-0.9947793483734131,-0.4242326319217682,-0.3493080735206604,-0.6850360631942749,-0.46430066227912903,-0.26829472184181213,-0.45934033393859863,-0.3924764096736908,-0.39623573422431946,-0.7692406177520752,-0.15668164193630219,-0.5470337867736816,-0.8407442569732666,-0.3580237329006195,-0.47752800583839417,-0.6091873049736023,-0.34176427125930786,-0.3646247684955597,-0.4330593943595886,-0.26396510004997253
0.0,0.0,0.0,0.3768429756164551,-0.15399868786334991,-0.21064552664756775,0.6701545119285583,-0.4941321015357971,-0.2825133502483368,0.827295184135437,-0.8157630562782288,-0.34646230936050415,0.9668503999710083,-1.052590012550354,-0.4055452048778534,0.2948606014251709,-0.9659988880157471,-0.16459420323371887,0.36912575364112854,-1.4179023504257202,-0.3034614324569702,0.39192429184913635,-1.6982089281082153,-0.3729512691497803,0.40810108184814453,-1.9435075521469116,-0.4012279808521271,0.019208485260605812,-0.9889767169952393,-0.14681945741176605,-0.051436785608530045,-1.4357243776321411,-0.33249762654304504,-0.12422379106283188,-1.7480453252792358,-0.4297201633453369,-0.18107269704341888,-2.0181589126586914,-0.4533293843269348,-0.20498324930667877,-0.9090631008148193,-0.1506034880876541,-0.40694528818130493,-1.0172289609909058,-0.4305000901222229,-0.37293708324432373,-0.7239893078804016,-0.473975270986557,-0.29844018816947937,-0.5050004720687866,-0.4032997488975525,-0.38771066069602966,-0.7694811820983887,-0.1644878387451172,-0.5704947710037231,-0.8582854866981506,-0.3638579249382019,-0.5168542265892029,-0.6425392627716064,-0.3505767285823822,-0.40300804376602173,-0.46774622797966003,-0.2746572196483612
0.0,0.0,0.0,0.3638814687728882,-0.1454104334115982,-0.1995527595281601,0.6311745643615723,-0.4981582760810852,-0.2548553943634033,0.8051905035972595,-0.8186779022216797,-0.30443528294563293,0.9504681825637817,-1.0361547470092773,-0.3492187261581421,0.283963143825531,-0.9638378620147705,-0.12247617542743683,0.36289647221565247,-1.3917549848556519,-0.24656449258327484,0.39712730050086975,-1.6613142490386963,-0.31080707907676697,0.4157393276691437,-1.8942739963531494,-0.33842331171035767,0.02176511101424694,-0.9942237734794617,-0.1050972267985344,-0.04695238918066025,-1.4409844875335693,-0.27781563997268677,-0.11389220505952835,-1.741999864578247,-0.3689250946044922,-0.17230938374996185,-1.994607925415039,-0.3904545307159424,-0.1946117877960205,-0.9185577630996704,-0.11057578772306442,-0.39400821924209595,-1.0605589151382446,-0.3831959664821625,-0.362349271774292,-0.7576632499694824,-0.4227777421474457,-0.29666924476623535,-0.5265345573425293,-0.351117879152298,-0.37479686737060547,-0.7826561331748962,-0.12624788284301758,-0.5311811566352844,-0.8884938359260559,-0.32729941606521606,-0.4892346262931824,-0.6723828911781311,-0.31724271178245544,-0.3966207504272461,-0.4955492615699768,-0.2449682652950287
0.0,0.0,0.0,0.3623935878276825,-0.14671041071414948,-0.2029210776090622,0.6314398646354675,-0.4846048355102539,-0.26540327072143555,0.8028666973114014,-0.798048198223114,-0.3223285377025604,0.9468152523040771,-1.0226942300796509,-0.37389010190963745,0.29281342029571533,-0.9677646160125732,-0.12639963626861572,0.36930936574935913,-1.3916661739349365,-0.25411438941955566,0.4025886356830597,-1.6543397903442383,-0.3248198628425598,0.4191194176673889,-1.88437020778656,-0.3594692349433899,0.03580910712480545,-0.9933283925056458,-0.10961931943893433,-0.027166040614247322,-1.4241116046905518,-0.2855255603790283,-0.08948897570371628,-1.7181460857391357,-0.3822425901889801,-0.14715148508548737,-1.9688467979431152,-0.4119094908237457,-0.18315571546554565,-0.9124417901039124,-0.11622020602226257,-0.36867037415504456,-1.06409752368927,-0.38360169529914856,-0.32372650504112244,-0.7657690048217773,-0.4179311990737915,-0.25350621342658997,-0.5442091822624207,-0.3488142788410187,-0.36827629804611206,-0.7732335925102234,-0.13439318537712097,-0.5155894160270691,-0.8949787616729736,-0.335228830575943,-0.4647872745990753,-0.682252824306488,-0.324801504611969,-0.36937662959098816,-0.5100926756858826,-0.2548610270023346
0.0,0.0,0.0,0.36332619190216064,-0.15603682398796082,-0.18952709436416626,0.6273085474967957,-0.5021673440933228,-0.24194617569446564,0.7935517430305481,-0.8165889382362366,-0.2914450168609619,0.9380562901496887,-1.0359547138214111,-0.3359360694885254,0.28941020369529724,-0.9694298505783081,-0.10688737779855728,0.3680579662322998,-1.389609694480896,-0.22933420538902283,0.4000912308692932,-1.6534721851348877,-0.29660090804100037,0.4140850007534027,-1.8837624788284302,-0.32939860224723816,0.03047463856637478,-0.9950305819511414,-0.09479176998138428,-0.03043460100889206,-1.4277492761611938,-0.264466255903244,-0.0963764563202858,-1.7238640785217285,-0.35768985748291016,-0.15791210532188416,-1.9752695560455322,-0.3852635324001312,-0.18803884088993073,-0.9135564565658569,-0.10565074533224106,-0.3730506896972656,-1.0722616910934448,-0.3686542510986328,-0.3278314471244812,-0.7795724272727966,-0.4041776657104492,-0.2565501928329468,-0.5576726794242859,-0.3361053466796875,-0.3732856512069702,-0.7713903784751892,-0.12698592245578766,-0.5215364694595337,-0.891913652420044,-0.32488805055618286,-0.46859902143478394,-0.6855629682540894,-0.31611907482147217,-0.3704196810722351,-0.5161595344543457,-0.24782562255859375
0.0,0.0,0.0,0.3598465919494629,-0.1566687971353531,-0.2018330693244934,0.6138466596603394,-0.5084115266799927,-0.25658032298088074,0.7805639505386353,-0.8279459476470947,-0.3063339293003082,0.9214760065078735,-1.0480198860168457,-0.3507489264011383,0.27317196130752563,-0.9696898460388184,-0.11332941800355911,0.3443939983844757,-1.3874000310897827,-0.23713482916355133,0.37457162141799927,-1.6491059064865112,-0.3069266676902771,0.38636332750320435,-1.8794516324996948,-0.3424679636955261,0.016740644350647926,-0.9952894449234009,-0.09549155831336975,-0.05546529218554497,-1.4267066717147827,-0.26792460680007935,-0.12626445293426514,-1.7232502698898315,-0.36366379261016846,-0.18973468244075775,-1.9715198278427124,-0.39371344447135925,-0.19614452123641968,-0.9133058786392212,-0.10230852663516998,-0.3949592113494873,-1.069215178489685,-0.3684183359146118,-0.3554821014404297,-0.778393030166626,-0.4082612991333008,-0.28331583738327026,-0.5558431148529053,-0.34387099742889404,-0.3779389262199402,-0.7729819416999817,-0.12108571082353592,-0.5356038212776184,-0.8878712058067322,-0.3227698802947998,-0.49056267738342285,-0.6847608089447021,-0.32047218084335327,-0.3925330340862274,-0.5175978541374207,-0.25798848271369934
0.0,0.0,0.0,0.36389946937561035,-0.15260161459445953,-0.19293242692947388,0.6132217049598694,-0.505746066570282,-0.24164481461048126,0.7800788879394531,-0.8316839337348938,-0.2869255542755127,0.9198322296142578,-1.045755386352539,-0.32822832465171814,0.2693037986755371,-0.9691711068153381,-0.11038064956665039,0.3406278192996979,-1.3836876153945923,-0.22998927533626556,0.3706623911857605,-1.6451632976531982,-0.2962029278278351,0.38084912300109863,-1.8756204843521118,-0.3297317922115326,0.013545377179980278,-0.995358943939209,-0.0952732190489769,-0.05743636563420296,-1.4292486906051636,-0.2636972665786743,-0.12801925837993622,-1.7266908884048462,-0.35958030819892883,-0.19109897315502167,-1.9748237133026123,-0.39046815037727356,-0.19706058502197266,-0.912115752696991,-0.10251178592443466,-0.38612285256385803,-1.0630388259887695,-0.3658484220504761,-0.3539315164089203,-0.7733869552612305,-0.4078678488731384,-0.28904208540916443,-0.5502253770828247,-0.34501081705093384,-0.37674185633659363,-0.7680935263633728,-0.12039270997047424,-0.5224094986915588,-0.8837490081787109,-0.3189665973186493,-0.47142449021339417,-0.6813046932220459,-0.3161393702030182,-0.3710295557975769,-0.510515034198761,-0.2533131241798401
0.0,0.0,0.0,0.35900673270225525,-0.15628653764724731,-0.16963428258895874,0.6343719959259033,-0.4992561638355255,-0.21618905663490295,0.7999267578125,-0.8077963590621948,-0.2652188837528229,0.9301832318305969,-1.0251835584640503,-0.3117659389972687,0.28023189306259155,-0.9825877547264099,-0.09696892648935318,0.35919052362442017,-1.3846735954284668,-0.21590328216552734,0.393975168466568,-1.6401785612106323,-0.28342726826667786,0.41220295429229736,-1.8622504472732544,-0.31379637122154236,0.03161965683102608,-0.9946686029434204,-0.09815546125173569,-0.03225645422935486,-1.4368414878845215,-0.2578423321247101,-0.08684824407100677,-1.7322700023651123,-0.35214775800704956,-0.1372438371181488,-1.9824035167694092,-0.3811434209346771,-0.17857980728149414,-0.9018158912658691,-0.1187744215130806,-0.325684130191803,-1.0434958934783936,-0.3779872953891754,-0.2703666388988495,-0.7513918280601501,-0.4172540605068207,-0.20429538190364838,-0.5295293927192688,-0.3500514328479767,-0.3586200177669525,-0.7521466612815857,-0.1471092849969864,-0.48118990659713745,-0.8927529454231262,-0.334397554397583,-0.4056347906589508,-0.6896541118621826,-0.3136671185493469,-0.3030582368373871,-0.5156710147857666,-0.23651984333992004
0.0,0.0,0.0,0.3858621418476105,-0.14507682621479034,-0.16219256818294525,0.6674665808677673,-0.49119895696640015,-0.20402227342128754,0.8374128341674805,-0.7936681509017944,-0.24909907579421997,0.9816665053367615,-0.993116557598114,-0.2921867370605469,0.3268260657787323,-0.9726471900939941,-0.09478951245546341,0.4174853265285492,-1.368409514427185,-0.20501509308815002,0.46318113803863525,-1.6249059438705444,-0.268586665391922,0.4930897355079651,-1.844780445098877,-0.29787591099739075,0.07540799677371979,-0.9922787547111511,-0.09847092628479004,0.02403675951063633,-1.4366533756256104,-0.24876150488853455,-0.009994441643357277,-1.7362735271453857,-0.3391043245792389,-0.04503772035241127,-1.9850963354110718,-0.36757147312164307,-0.14364555478096008,-0.9089513421058655,-0.12001492828130722,-0.2567414343357086,-1.0633494853973389,-0.3665154278278351,-0.19313393533229828,-0.7701938152313232,-0.4016561210155487,-0.13819850981235504,-0.5447397232055664,-0.3356395661830902,-0.33314552903175354,-0.76694256067276,-0.14967286586761475,-0.422477126121521,-0.9218631386756897,-0.3298373520374298,-0.34871408343315125,-0.7200155258178711,-0.30833306908607483,-0.2659962773323059,-0.5395053625106812,-0.23307083547115326
0.0,0.0,0.0,0.39356881380081177,-0.13226065039634705,-0.1663527488708496,0.690887451171875,-0.473512202501297,-0.20748262107372284,0.8669992685317993,-0.7653498649597168,-0.25334304571151733,1.0258779525756836,-0.9458124041557312,-0.29669123888015747,0.35758525133132935,-0.9694174528121948,-0.07817986607551575,0.4693974256515503,-1.358858346939087,-0.1878889799118042,0.5252056121826172,-1.6144485473632812,-0.253216028213501,0.566393256187439,-1.8329784870147705,-0.2839968502521515,0.10654041916131973,-0.9908055663108826,-0.08338773995637894,0.07909221947193146,-1.4332189559936523,-0.23847831785678864,0.06561470776796341,-1.7347301244735718,-0.3367210924625397,0.051234371960163116,-1.98722505569458,-0.36923947930336,-0.11967802792787552,-0.9129183888435364,-0.10814300179481506,-0.18651914596557617,-1.0628855228424072,-0.3680157959461212,-0.13225975632667542,-0.744223952293396,-0.4080685079097748,-0.09114021807909012,-0.5041054487228394,-0.34019359946250916,-0.31861501932144165,-0.7812477350234985,-0.14110209047794342,-0.37612783908843994,-0.9362621307373047,-0.3329624831676483,-0.3132835328578949,-0.7176942825317383,-0.3139646351337433,-0.2481461465358734,-0.5247949361801147,-0.23712745308876038
0.0,0.0,0.0,0.3948408365249634,-0.1277315616607666,-0.17429573833942413,0.721075713634491,-0.4467953145503998,-0.22456732392311096,0.9123765826225281,-0.7212469577789307,-0.2803938388824463,1.0677006244659424,-0.8988795280456543,-0.3333054780960083,0.401935875415802,-0.9582800269126892,-0.08592604845762253,0.5227156281471252,-1.3468765020370483,-0.20743872225284576,0.5812175273895264,-1.605334758758545,-0.28129127621650696,0.6287115812301636,-1.8267790079116821,-0.3160044252872467,0.15048721432685852,-0.9843077659606934,-0.0921512320637703,0.1305914670228958,-1.4223988056182861,-0.2621336579322815,0.12188968062400818,-1.7289152145385742,-0.3693985044956207,0.11922038346529007,-1.985621690750122,-0.40540415048599243,-0.08087830990552902,-0.9121971726417542,-0.11878708004951477,-0.1252540946006775,-1.0513111352920532,-0.39209437370300293,-0.07804754376411438,-0.7311156988143921,-0.4336337447166443,-0.03846321254968643,-0.4902608394622803,-0.3628738522529602,-0.2896571755409241,-0.7868808507919312,-0.15416595339775085,-0.32730305194854736,-0.9350728988647461,-0.3534836173057556,-0.26939138770103455,-0.7078310251235962,-0.33200880885124207,-0.210105299949646,-0.5115320682525635,-0.2504607141017914
0.0,0.0,0.0,0.41985082626342773,-0.10853037238121033,-0.17449823021888733,0.754828929901123,-0.4331514239311218,-0.21850499510765076,0.935753345489502,-0.726703941822052,-0.26805970072746277,1.122388482093811,-0.9140976667404175,-0.3153523802757263,0.4382587969303131,-0.9530870318412781,-0.07457464188337326,0.5575344562530518,-1.3423347473144531,-0.1911156177520752,0.6202794313430786,-1.5994036197662354,-0.260603666305542,0.6751824617385864,-1.819644808769226,-0.29324424266815186,0.18304644525051117,-0.9798516035079956,-0.07990588992834091,0.18067269027233124,-1.415210485458374,-0.2445715069770813,0.17758449912071228,-1.7197492122650146,-0.34834736585617065,0.17795723676681519,-1.976121425628662,-0.38231250643730164,-0.053747229278087616,-0.9064525365829468,-0.10730890184640884,-0.08027636259794235,-1.0466607809066772,-0.381626158952713,-0.038812145590782166,-0.7168899178504944,-0.42318296432495117,-0.00299562094733119,-0.47397345304489136,-0.35216397047042847,-0.2709115743637085,-0.7793459892272949,-0.1433553546667099,-0.29159778356552124,-0.9333730340003967,-0.34576216340065,-0.23247139155864716,-0.7014544010162354,-0.3273226022720337,-0.17344361543655396,-0.5031198859214783,-0.24831756949424744
0.0,0.0,0.0,0.41193705797195435,-0.10250449180603027,-0.17561055719852448,0.7479077577590942,-0.42466533184051514,-0.2176426202058792,0.931673526763916,-0.720153272151947,-0.26401248574256897,1.0950191020965576,-0.9213134050369263,-0.3073878288269043,0.4409792125225067,-0.9475300312042236,-0.07895037531852722,0.5656639337539673,-1.3392531871795654,-0.19193321466445923,0.6290547251701355,-1.5928810834884644,-0.25856688618659973,0.6854650378227234,-1.8116300106048584,-0.2889995276927948,0.1871442347764969,-0.9789314270019531,-0.08167144656181335,0.18696466088294983,-1.4086823463439941,-0.24439086019992828,0.1843985766172409,-1.7164833545684814,-0.3490155339241028,0.18620508909225464,-1.9758737087249756,-0.3834671676158905,-0.046860866248607635,-0.910851240158081,-0.10562446713447571,-0.08216021955013275,-1.0381457805633545,-0.37766507267951965,-0.041047073900699615,-0.7102696299552917,-0.42336225509643555,-0.0037094310391694307,-0.4667057394981384,-0.3558216989040375,-0.26092690229415894,-0.7871186137199402,-0.13820894062519073,-0.28584134578704834,-0.9245705604553223,-0.34299126267433167,-0.22653402388095856,-0.6897302269935608,-0.32912513613700867,-0.16393926739692688,-0.48800596594810486,-0.2523373067378998
0.0,0.0,0.0,0.4107554852962494,-0.087663434445858,-0.17886942625045776,0.7519335150718689,-0.4063023626804352,-0.22082316875457764,0.9335662126541138,-0.6987063884735107,-0.26559075713157654,1.0950549840927124,-0.887787401676178,-0.3076966106891632,0.47041961550712585,-0.9345857501029968,-0.08255312591791153,0.6103824973106384,-1.3176562786102295,-0.19663897156715393,0.6812416315078735,-1.5703966617584229,-0.26254627108573914,0.7438852190971375,-1.7847206592559814,-0.29266607761383057,0.21766576170921326,-0.9724279642105103,-0.08369837701320648,0.2072071135044098,-1.4103420972824097,-0.2523808479309082,0.2056698501110077,-1.7161445617675781,-0.35861995816230774,0.2111368179321289,-1.9718515872955322,-0.39275914430618286,-0.016247514635324478,-0.9096753001213074,-0.10595579445362091,-0.05515405163168907,-1.0400152206420898,-0.3881320059299469,-0.026768971234560013,-0.7069739699363708,-0.43504539132118225,0.0013023936189711094,-0.4629373252391815,-0.36485981941223145,-0.23516474664211273,-0.7949936985969543,-0.1360984742641449,-0.2598293721675873,-0.9404335618019104,-0.3482961058616638,-0.21315692365169525,-0.6988298296928406,-0.3348499834537506,-0.1592131406068802,-0.49607616662979126,-0.2565951943397522
0.0,0.0,0.0,0.4049464762210846,-0.09126207232475281,-0.18689768016338348,0.7519044280052185,-0.4052436947822571,-0.23625531792640686,0.9468031525611877,-0.6939690113067627,-0.2876652181148529,1.1232459545135498,-0.8871304988861084,-0.33556708693504333,0.4694965183734894,-0.9281625747680664,-0.09072265774011612,0.615644097328186,-1.3118109703063965,-0.21046888828277588,0.692168653011322,-1.5628502368927002,-0.2810617983341217,0.759750247001648,-1.780368685722351,-0.3148590624332428,0.22044101357460022,-0.9712894558906555,-0.0894569680094719,0.21057534217834473,-1.4047467708587646,-0.26274293661117554,0.20720434188842773,-1.708883285522461,-0.37184765934944153,0.21117869019508362,-1.965047001838684,-0.40841686725616455,-0.011492803692817688,-0.9134953022003174,-0.11028935015201569,-0.050816118717193604,-1.0382071733474731,-0.394939124584198,-0.022320032119750977,-0.7053622007369995,-0.44260531663894653,0.0073992530815303326,-0.46112769842147827,-0.37375083565711975,-0.22946153581142426,-0.8035422563552856,-0.14004787802696228,-0.2511970102787018,-0.9371398687362671,-0.35487863421440125,-0.20142360031604767,-0.6933008432388306,-0.3438180983066559,-0.14474481344223022,-0.4898712635040283,-0.26730644702911377
0.0,0.0,0.0,0.4047696590423584,-0.09267842024564743,-0.18503428995609283,0.7522450685501099,-0.4041564166545868,-0.2347162961959839,0.9493075013160706,-0.691191554069519,-0.2872469425201416,1.1266992092132568,-0.8781518340110779,-0.33610016107559204,0.4716431200504303,-0.9267060160636902,-0.08628127723932266,0.6244242787361145,-1.3088349103927612,-0.2042773962020874,0.7005251049995422,-1.5614256858825684,-0.27440229058265686,0.7661076784133911,-1.7796603441238403,-0.3085588812828064,0.22246405482292175,-0.9710216522216797,-0.08733068406581879,0.21462374925613403,-1.408474326133728,-0.25846216082572937,0.21060217916965485,-1.7166578769683838,-0.36876803636550903,0.21302184462547302,-1.9763256311416626,-0.40682998299598694,-0.011213955469429493,-0.9114897847175598,-0.11012084037065506,-0.04667750000953674,-1.0435614585876465,-0.39405766129493713,-0.014672523364424706,-0.7116751074790955,-0.44286367297172546,0.014917725697159767,-0.46592241525650024,-0.3747372329235077,-0.2317710965871811,-0.7981327176094055,-0.1414126306772232,-0.24850232899188995,-0.9382616877555847,-0.3557378351688385,-0.19450929760932922,-0.700031042098999,-0.3438670337200165,-0.1392272263765335,-0.4973033666610718,-0.26662105321884155
0.0,0.0,0.0,0.40445220470428467,-0.13648293912410736,-0.18794061243534088,0.7507166862487793,-0.45410144329071045,-0.24392180144786835,0.9498161673545837,-0.7312116026878357,-0.2981702983379364,1.1180473566055298,-0.9263778328895569,-0.3456263840198517,0.44178205728530884,-0.9491400718688965,-0.10427259653806686,0.6084390878677368,-1.3443645238876343,-0.22794736921787262,0.6950944066047668,-1.5960603952407837,-0.2992699444293976,0.7621743679046631,-1.8093112707138062,-0.329789936542511,0.16994409263134003,-0.9798864722251892,-0.10460091382265091,0.17192968726158142,-1.444364070892334,-0.27122628688812256,0.17403173446655273,-1.7517359256744385,-0.36986467242240906,0.1732160449028015,-2.0044848918914795,-0.3993675708770752,-0.07155652344226837,-0.9145767688751221,-0.1269005388021469,-0.0925607681274414,-1.0614084005355835,-0.39522331953048706,-0.0499175488948822,-0.7627085447311401,-0.4336455464363098,-0.023411916568875313,-0.5306516885757446,-0.36300039291381836,-0.2849918603897095,-0.7935154438018799,-0.1585959941148758,-0.29121050238609314,-0.9562614560127258,-0.3495539724826813,-0.24747154116630554,-0.7287997603416443,-0.3173607587814331,-0.2143438458442688,-0.5250351428985596,-0.22931787371635437
0.0,0.0,0.0,0.3866550028324127,-0.13617004454135895,-0.1617763787508011,0.6884552240371704,-0.4849596321582794,-0.19507935643196106,0.8676251173019409,-0.7891198396682739,-0.23087888956069946,1.0293418169021606,-0.9523029327392578,-0.2644703686237335,0.3575904071331024,-0.9668833613395691,-0.06501220911741257,0.47729378938674927,-1.3516156673431396,-0.16279107332229614,0.5380784273147583,-1.6000068187713623,-0.22408084571361542,0.5803564786911011,-1.8157364130020142,-0.25644588470458984,0.10684526711702347,-0.99220871925354,-0.0640774741768837,0.06065777689218521,-1.4217113256454468,-0.21242724359035492,0.020000413060188293,-1.7194855213165283,-0.3092794120311737,-0.023793542757630348,-1.9739876985549927,-0.3437140882015228,-0.11145646870136261,-0.9186230301856995,-0.08203282207250595,-0.213329017162323,-1.0866270065307617,-0.3315078914165497,-0.15629054605960846,-0.7802925109863281,-0.3734709620475769,-0.11301255226135254,-0.5491713285446167,-0.3124087154865265,-0.30494487285614014,-0.7880277037620544,-0.10803095996379852,-0.3721410632133484,-0.9436790347099304,-0.2982344329357147,-0.305441290140152,-0.7288112640380859,-0.2870330214500427,-0.23184773325920105,-0.5418193936347961,-0.2181559056043625
0.0,0.0,0.0,0.4098345935344696,-0.13603679835796356,-0.17555733025074005,0.7393664121627808,-0.46846404671669006,-0.22097215056419373,0.9344064593315125,-0.7629640102386475,-0.2688252925872803,1.113344669342041,-0.9323188066482544,-0.3142749071121216,0.39870038628578186,-0.9606443643569946,-0.08485850691795349,0.5403533577919006,-1.3450956344604492,-0.19713541865348816,0.6136564016342163,-1.6015552282333374,-0.2652452290058136,0.6666870713233948,-1.824374794960022,-0.29869356751441956,0.13859044015407562,-0.986775815486908,-0.08406136184930801,0.10004695504903793,-1.435120940208435,-0.24768014252185822,0.06650668382644653,-1.7451967000961304,-0.34940555691719055,0.026682287454605103,-2.010855197906494,-0.3834848403930664,-0.09443369507789612,-0.9122186899185181,-0.10336356610059738,-0.16979919373989105,-1.08259916305542,-0.3733469545841217,-0.10991937667131424,-0.770758867263794,-0.4180387854576111,-0.06914635747671127,-0.5380880832672119,-0.3511955738067627,-0.3056294918060303,-0.7891755104064941,-0.1306288242340088,-0.34965449571609497,-0.9667811393737793,-0.32902222871780396,-0.2870224118232727,-0.7528460025787354,-0.31207379698753357,-0.22567430138587952,-0.5641002058982849,-0.2356681078672409
0.0,0.0,0.0,0.40390583872795105,-0.12381685525178909,-0.15304717421531677,0.7132492065429688,-0.44747596979141235,-0.1899930238723755,0.9117687344551086,-0.72209632396698,-0.2318391650915146,1.0885951519012451,-0.8663795590400696,-0.2733045816421509,0.3854387104511261,-0.9611360430717468,-0.06759564578533173,0.5256625413894653,-1.3272207975387573,-0.16561321914196014,0.6006680130958557,-1.5688742399215698,-0.22916778922080994,0.6508821249008179,-1.7769746780395508,-0.2620098888874054,0.1320742666721344,-0.9884098172187805,-0.07484956830739975,0.08385644853115082,-1.4256128072738647,-0.2159174531698227,0.04722413048148155,-1.7232269048690796,-0.30883076786994934,0.0029051760211586952,-1.97742760181427,-0.34137648344039917,-0.08887698501348495,-0.9124293327331543,-0.09953351318836212,-0.16373752057552338,-1.0743184089660645,-0.3428349792957306,-0.10388977080583572,-0.7748997211456299,-0.3841570317745209,-0.06583522260189056,-0.5520765781402588,-0.3231830894947052,-0.2859903872013092,-0.7782022953033447,-0.131133571267128,-0.3365948796272278,-0.9441806674003601,-0.31247347593307495,-0.27014023065567017,-0.733570396900177,-0.2925018072128296,-0.20393919944763184,-0.5460591912269592,-0.21819117665290833
0.0,0.0,0.0,0.4073258936405182,-0.11148308962583542,-0.17673902213573456,0.7366791367530823,-0.40611398220062256,-0.23607395589351654,0.9472974538803101,-0.6553865671157837,-0.2998427748680115,1.1405726671218872,-0.8044664263725281,-0.3624151945114136,0.4323748052120209,-0.9439154863357544,-0.08964270353317261,0.5802193284034729,-1.2967814207077026,-0.2073991745710373,0.6579363942146301,-1.5368072986602783,-0.2847191393375397,0.7182790040969849,-1.747429370880127,-0.3236982524394989,0.1758645921945572,-0.9797270894050598,-0.0959501564502716,0.143586203455925,-1.4207007884979248,-0.25539109110832214,0.12275051325559616,-1.7200623750686646,-0.3584130108356476,0.1010356917977333,-1.9750237464904785,-0.39452290534973145,-0.059612542390823364,-0.9106683731079102,-0.12229155749082565,-0.08623696118593216,-1.073353886604309,-0.3886696994304657,-0.04219437763094902,-0.7617884278297424,-0.43015867471694946,-0.01873670518398285,-0.5283499360084534,-0.3616655766963959,-0.270795613527298,-0.7897176146507263,-0.15690390765666962,-0.28122982382774353,-0.9805401563644409,-0.34710565209388733,-0.2338699996471405,-0.7655471563339233,-0.31737449765205383,-0.19720055162906647,-0.571100652217865,-0.23248471319675446
0.0,0.0,0.0,0.43450024724006653,-0.06756811589002609,-0.17237938940525055,0.804203450679779,-0.36748307943344116,-0.21185678243637085,1.0246087312698364,-0.6225507855415344,-0.2555532157421112,1.2430419921875,-0.7545132040977478,-0.297870397567749,0.5232117176055908,-0.917107880115509,-0.06023547425866127,0.6789736151695251,-1.2751591205596924,-0.16390039026737213,0.7676536440849304,-1.5165488719940186,-0.23058612644672394,0.8401198983192444,-1.7201133966445923,-0.26379865407943726,0.2674044966697693,-0.9614615440368652,-0.06392697989940643,0.2705847918987274,-1.4158755540847778,-0.21512886881828308,0.2849411964416504,-1.7200185060501099,-0.3164099156856537,0.2981240749359131,-1.9746628999710083,-0.35096368193626404,0.028285760432481766,-0.9044192433357239,-0.08892831951379776,0.023327069357037544,-1.059739351272583,-0.35267460346221924,0.046877045184373856,-0.7379941940307617,-0.3949832320213318,0.0600200891494751,-0.5088159441947937,-0.3268720507621765,-0.19665414094924927,-0.7951093316078186,-0.12213487923145294,-0.18469884991645813,-0.9741911292076111,-0.3152032196521759,-0.1484982967376709,-0.7375577688217163,-0.2903006970882416,-0.11733224987983704,-0.5418494939804077,-0.20931342244148254
0.0,0.0,0.0,0.459155410528183,-0.063346728682518,-0.20229220390319824,0.8594893217086792,-0.3364560306072235,-0.248986154794693,1.0856783390045166,-0.59257972240448,-0.2949405014514923,1.294668197631836,-0.7752071022987366,-0.33496272563934326,0.5559692978858948,-0.8965913653373718,-0.05482323840260506,0.7346599698066711,-1.2521026134490967,-0.15753790736198425,0.8347599506378174,-1.491165280342102,-0.22553879022598267,0.9185295104980469,-1.6957353353500366,-0.26005661487579346,0.31311169266700745,-0.9484021663665771,-0.04994466155767441,0.3518369197845459,-1.4042030572891235,-0.20280994474887848,0.3882144093513489,-1.713318109512329,-0.3114725649356842,0.419859379529953,-1.969942331314087,-0.3515019714832306,0.07579456269741058,-0.8996718525886536,-0.0723876804113388,0.12473434954881668,-1.066192388534546,-0.34894701838493347,0.12811411917209625,-0.7415425777435303,-0.3987514078617096,0.12074024230241776,-0.5097721815109253,-0.33297133445739746,-0.15544597804546356,-0.8061448931694031,-0.10571806877851486,-0.09565553069114685,-0.9982518553733826,-0.31431904435157776,-0.06884893029928207,-0.770872175693512,-0.2979799509048462,-0.05695405229926109,-0.5741921663284302,-0.2208092361688614
0.0,0.0,0.0,0.46306484937667847,-0.05314057692885399,-0.16513170301914215,0.8440467715263367,-0.3169621527194977,-0.20261870324611664,1.0570170879364014,-0.5585616230964661,-0.24852673709392548,1.2868609428405762,-0.6645853519439697,-0.29238054156303406,0.5675444602966309,-0.8838313817977905,-0.032279256731271744,0.7572156190872192,-1.2243268489837646,-0.1342211663722992,0.8671682476997375,-1.4636337757110596,-0.20284830033779144,0.9597574472427368,-1.6630643606185913,-0.23743313550949097,0.3198663890361786,-0.946456789970398,-0.04364750161767006,0.36596018075942993,-1.4082105159759521,-0.19595389068126678,0.41099897027015686,-1.7172211408615112,-0.29982754588127136,0.45083552598953247,-1.9743608236312866,-0.333881139755249,0.0781787782907486,-0.9037680625915527,-0.07752259075641632,0.13753783702850342,-1.0729765892028809,-0.35037800669670105,0.13916940987110138,-0.7458754181861877,-0.39470481872558594,0.12747427821159363,-0.5090634822845459,-0.3230261206626892,-0.1567528396844864,-0.8064490556716919,-0.11893726140260696,-0.09000378102064133,-0.9951848983764648,-0.32077404856681824,-0.06474890559911728,-0.7673760056495667,-0.2970310151576996,-0.054550133645534515,-0.568191647529602,-0.21332307159900665
0.0,0.0,0.0,0.44394126534461975,-0.07052695006132126,-0.1757243573665619,0.831528902053833,-0.342369019985199,-0.21009214222431183,1.0633803606033325,-0.5952301621437073,-0.24878551065921783,1.2637989521026611,-0.7417994141578674,-0.2828134596347809,0.5486807823181152,-0.8959228992462158,-0.03110351227223873,0.7388582825660706,-1.2564661502838135,-0.12612831592559814,0.8438498377799988,-1.5000520944595337,-0.18859025835990906,0.92735356092453,-1.7039437294006348,-0.2192099392414093,0.2961201071739197,-0.9544385671615601,-0.03687746077775955,0.33078041672706604,-1.4215236902236938,-0.18208658695220947,0.36147239804267883,-1.7327027320861816,-0.28233852982521057,0.38349005579948425,-1.9866434335708618,-0.3158220648765564,0.05633005499839783,-0.9103803038597107,-0.06695448607206345,0.07560966163873672,-1.096768856048584,-0.3353835642337799,0.09703527390956879,-0.7779176235198975,-0.3837246894836426,0.09967808425426483,-0.5450714826583862,-0.3180314302444458,-0.1757495403289795,-0.8112882375717163,-0.10541752725839615,-0.13843563199043274,-1.0112076997756958,-0.3109433948993683,-0.10440536588430405,-0.7732475996017456,-0.29131078720092773,-0.08899817615747452,-0.5685421228408813,-0.21099886298179626
0.0,0.0,0.0,0.4214383363723755,-0.0750710740685463,-0.18956729769706726,0.7934379577636719,-0.3543281853199005,-0.23991207778453827,1.0276095867156982,-0.6133267283439636,-0.29061684012413025,1.2423580884933472,-0.7736196517944336,-0.33711814880371094,0.5025597810745239,-0.9099613428115845,-0.0674683228135109,0.6730442047119141,-1.2585198879241943,-0.16523036360740662,0.7685009241104126,-1.4919219017028809,-0.23090091347694397,0.842947781085968,-1.6966774463653564,-0.26487308740615845,0.25686946511268616,-0.9642577767372131,-0.06500054150819778,0.2745606005191803,-1.4200620651245117,-0.20657190680503845,0.2879529595375061,-1.7216068506240845,-0.30278682708740234,0.29197797179222107,-1.9756319522857666,-0.3360389471054077,0.02422693371772766,-0.9138051867485046,-0.08601175248622894,0.036101579666137695,-1.091963768005371,-0.34437307715415955,0.05123873054981232,-0.7732769846916199,-0.3867206871509552,0.05171414837241173,-0.5453934073448181,-0.32139506936073303,-0.19191379845142365,-0.8132374882698059,-0.1174698919057846,-0.16766463220119476,-1.0090411901474,-0.3121684491634369,-0.13776126503944397,-0.7895339727401733,-0.2920306921005249,-0.11381984502077103,-0.5984916090965271,-0.21526704728603363
0.0,0.0,0.0,0.4465024471282959,-0.071487195789814,-0.17734907567501068,0.8408157229423523,-0.3441585898399353,-0.21915122866630554,1.0790210962295532,-0.6076351404190063,-0.26483190059661865,1.2886648178100586,-0.7690850496292114,-0.3065451979637146,0.538102924823761,-0.8984123468399048,-0.04966159537434578,0.7201844453811646,-1.248396635055542,-0.14876645803451538,0.8228005170822144,-1.483335256576538,-0.21754445135593414,0.9068756103515625,-1.686590313911438,-0.2547796964645386,0.29510927200317383,-0.9539440274238586,-0.0538635328412056,0.3215946555137634,-1.4056257009506226,-0.19789768755435944,0.3500138223171234,-1.7085344791412354,-0.30048811435699463,0.37292519211769104,-1.9633231163024902,-0.34056392312049866,0.06165452301502228,-0.9052355289459229,-0.0813392847776413,0.08661758154630661,-1.084285020828247,-0.33740150928497314,0.10099291801452637,-0.7732790112495422,-0.3792112469673157,0.09955252707004547,-0.5431472063064575,-0.31694331765174866,-0.1595189869403839,-0.803062915802002,-0.1189522072672844,-0.12713168561458588,-0.9963720440864563,-0.31068554520606995,-0.0944771021604538,-0.7857401371002197,-0.2901226282119751,-0.07338517904281616,-0.5953959822654724,-0.2153327763080597
0.0,0.0,0.0,0.44260165095329285,-0.06706778705120087,-0.18153022229671478,0.8341290950775146,-0.349081426858902,-0.21854253113269806,1.061299204826355,-0.6132478713989258,-0.25612935423851013,1.2589627504348755,-0.7649655342102051,-0.2891411781311035,0.5372967720031738,-0.8974489569664001,-0.05304823815822601,0.7227730751037598,-1.240883708000183,-0.14482153952121735,0.8271614909172058,-1.4744783639907837,-0.20873457193374634,0.9099079966545105,-1.6764198541641235,-0.2424069195985794,0.2937384247779846,-0.9544682502746582,-0.05204005166888237,0.3306180536746979,-1.4080555438995361,-0.18780779838562012,0.36510926485061646,-1.7070051431655884,-0.28502392768859863,0.39035123586654663,-1.9574686288833618,-0.3209080100059509,0.06443797796964645,-0.9119488596916199,-0.07414808124303818,0.10726936906576157,-1.082727074623108,-0.3254087567329407,0.12003710120916367,-0.7754465937614441,-0.3702564537525177,0.11293933540582657,-0.5509254336357117,-0.30951911211013794,-0.15233854949474335,-0.8180660009384155,-0.106520876288414,-0.10091082006692886,-1.0145705938339233,-0.29681190848350525,-0.07435725629329681,-0.7984803318977356,-0.2776573598384857,-0.059106942266225815,-0.6029982566833496,-0.20325367152690887
0.0,0.0,0.0,0.450325071811676,-0.05812156945466995,-0.19162975251674652,0.8513690233230591,-0.33005252480506897,-0.23003311455249786,1.0859103202819824,-0.5976132154464722,-0.2667810618877411,1.291185736656189,-0.7567121982574463,-0.2981177568435669,0.5509210228919983,-0.8923616409301758,-0.05123990774154663,0.7450875639915466,-1.2345706224441528,-0.1389535367488861,0.852435290813446,-1.466941475868225,-0.20048052072525024,0.9366921782493591,-1.6670864820480347,-0.23355770111083984,0.3109971582889557,-0.9493719339370728,-0.04442664608359337,0.3569748103618622,-1.4069627523422241,-0.1776200383901596,0.39745619893074036,-1.7068010568618774,-0.2736920118331909,0.4257664084434509,-1.9564272165298462,-0.3096204102039337,0.08091963827610016,-0.9061499238014221,-0.06254064291715622,0.13261424005031586,-1.0879002809524536,-0.3155435025691986,0.14297181367874146,-0.7840442657470703,-0.3625201880931854,0.13101966679096222,-0.5620616674423218,-0.3032057583332062,-0.1402571201324463,-0.8142337799072266,-0.09154188632965088,-0.07657191157341003,-1.0179821252822876,-0.2863466143608093,-0.047880515456199646,-0.8031520843505859,-0.2716430425643921,-0.035851456224918365,-0.6077061295509338,-0.20042724907398224
0.0,0.0,0.0,0.4430186450481415,-0.07955963909626007,-0.15786437690258026,0.811352014541626,-0.3565673232078552,-0.18489576876163483,1.0345873832702637,-0.6033539175987244,-0.21813341975212097,1.2298336029052734,-0.7342123985290527,-0.24728693068027496,0.5189501643180847,-0.9091775417327881,-0.014760239981114864,0.7028796672821045,-1.2486916780471802,-0.09271625429391861,0.8003703355789185,-1.4794191122055054,-0.15024903416633606,0.8763819932937622,-1.6764856576919556,-0.18255601823329926,0.2780855894088745,-0.9602629542350769,-0.023735303431749344,0.3161608874797821,-1.4060214757919312,-0.1459614485502243,0.34648770093917847,-1.7035346031188965,-0.23791378736495972,0.36565035581588745,-1.9536499977111816,-0.27349355816841125,0.04693344235420227,-0.9114164113998413,-0.05515001341700554,0.09422589838504791,-1.104671835899353,-0.2918103039264679,0.11762397736310959,-0.8031600117683411,-0.33287572860717773,0.11498252302408218,-0.5846985578536987,-0.2745457589626312,-0.1757039576768875,-0.8079835176467896,-0.09566084295511246,-0.11915013939142227,-1.0095512866973877,-0.27971160411834717,-0.07608778774738312,-0.7937185168266296,-0.26115673780441284,-0.05409121885895729,-0.599906325340271,-0.18952563405036926
0.0,0.0,0.0,0.44164010882377625,-0.0916869193315506,-0.18844880163669586,0.8126318454742432,-0.3824050724506378,-0.22984036803245544,1.0349980592727661,-0.6528462171554565,-0.27294036746025085,1.2258375883102417,-0.8251388072967529,-0.31142473220825195,0.4758581817150116,-0.9347923994064331,-0.05458119139075279,0.6499091982841492,-1.2963372468948364,-0.15276111662387848,0.7414093613624573,-1.5371482372283936,-0.22054988145828247,0.8136287331581116,-1.7441036701202393,-0.2552350163459778,0.22372150421142578,-0.9732609391212463,-0.05207488685846329,0.25307556986808777,-1.4394079446792603,-0.1958976536989212,0.2742614448070526,-1.7479026317596436,-0.29710620641708374,0.28716418147087097,-2.0059831142425537,-0.3348875045776367,-0.013384493999183178,-0.9097587466239929,-0.07312948256731033,0.042152289301157,-1.0999571084976196,-0.33349090814590454,0.07960102707147598,-0.782572865486145,-0.3725263178348541,0.08174008131027222,-0.5466665029525757,-0.30518317222595215,-0.24072502553462982,-0.792560338973999,-0.1048651710152626,-0.17459310591220856,-0.9956532120704651,-0.30168816447257996,-0.11794684827327728,-0.7723661065101624,-0.27620089054107666,-0.09478037059307098,-0.5689398050308228,-0.19507065415382385
0.0,0.0,0.0,0.45676979422569275,-0.10224868357181549,-0.18717262148857117,0.840216875076294,-0.3752260208129883,-0.24138230085372925,1.063856840133667,-0.625377893447876,-0.30135905742645264,1.2365144491195679,-0.7776765823364258,-0.35663896799087524,0.4878288805484772,-0.9408886432647705,-0.07085154205560684,0.6471392512321472,-1.3148449659347534,-0.19121967256069183,0.7306336164474487,-1.5646988153457642,-0.27009034156799316,0.805854082107544,-1.7804514169692993,-0.30912479758262634,0.22005243599414825,-0.9723373651504517,-0.07833866029977798,0.23611021041870117,-1.4363244771957397,-0.25812265276908875,0.25254467129707336,-1.7559080123901367,-0.38110777735710144,0.27433836460113525,-2.0191657543182373,-0.4275975525379181,-0.02899159863591194,-0.9009867906570435,-0.10689215362071991,0.03669651597738266,-1.0608137845993042,-0.40059730410575867,0.08447225391864777,-0.7281009554862976,-0.44619104266166687,0.10219363868236542,-0.4752163589000702,-0.37186166644096375,-0.2602101266384125,-0.7730246186256409,-0.1442132145166397,-0.17772312462329865,-0.9626193046569824,-0.3555337190628052,-0.11463504284620285,-0.723554790019989,-0.3236530125141144,-0.0933072492480278,-0.5095793008804321,-0.23156477510929108
0.0,0.0,0.0,0.44755008816719055,-0.07837871462106705,-0.18413466215133667,0.8191720843315125,-0.37933671474456787,-0.23069611191749573,1.0247833728790283,-0.6342560052871704,-0.2813102900981903,1.22513747215271,-0.8068411946296692,-0.3272782266139984,0.4953634440898895,-0.9408897161483765,-0.07679016888141632,0.652921736240387,-1.3235455751419067,-0.1954745352268219,0.7443028688430786,-1.5840427875518799,-0.2664874792098999,0.8236960172653198,-1.8011744022369385,-0.2993302643299103,0.22970229387283325,-0.9695438146591187,-0.0849800780415535,0.24195246398448944,-1.444953441619873,-0.262804239988327,0.26438388228416443,-1.7657476663589478,-0.3741694986820221,0.28703904151916504,-2.0306267738342285,-0.41015321016311646,-0.014849827624857426,-0.897724449634552,-0.11546093970537186,0.0435410812497139,-1.063642144203186,-0.414086252450943,0.08817987143993378,-0.7214144468307495,-0.455831915140152,0.10511291772127151,-0.47880667448043823,-0.37642255425453186,-0.24417996406555176,-0.7733195424079895,-0.15415750443935394,-0.18166233599185944,-0.9722549915313721,-0.3755872845649719,-0.12337217479944229,-0.7278327345848083,-0.3501581847667694,-0.09518019109964371,-0.5216123461723328,-0.261042058467865
0.0,0.0,0.0,0.44786131381988525,-0.07672697305679321,-0.1959097534418106,0.8193879723548889,-0.3628273904323578,-0.2559492886066437,1.024566650390625,-0.6192980408668518,-0.31984928250312805,1.2201722860336304,-0.8080862760543823,-0.37840065360069275,0.48570317029953003,-0.943523645401001,-0.0978020578622818,0.6544556617736816,-1.3439037799835205,-0.2300495058298111,0.7472798228263855,-1.6107779741287231,-0.30684325098991394,0.8304523229598999,-1.8342851400375366,-0.3410581350326538,0.21964624524116516,-0.9702225923538208,-0.1020963191986084,0.2329500913619995,-1.4452096223831177,-0.29947665333747864,0.25471678376197815,-1.7723215818405151,-0.42070257663726807,0.2794850766658783,-2.044034719467163,-0.46118831634521484,-0.03058033064007759,-0.8941649198532104,-0.12834665179252625,0.03503736853599548,-1.0605064630508423,-0.4434305727481842,0.079737588763237,-0.7131860256195068,-0.4851779341697693,0.10034576058387756,-0.4642789661884308,-0.40172699093818665,-0.26368632912635803,-0.7654678225517273,-0.16321542859077454,-0.1981612890958786,-0.96915602684021,-0.3959398865699768,-0.13593913614749908,-0.7228482961654663,-0.3713136315345764,-0.09927062690258026,-0.5119563341140747,-0.27929162979125977
0.0,0.0,0.0,0.4468337595462799,-0.08623873442411423,-0.16859856247901917,0.8079509735107422,-0.37909063696861267,-0.20817159116268158,1.0206341743469238,-0.6303673386573792,-0.25616440176963806,1.2129565477371216,-0.8022624254226685,-0.29836344718933105,0.4944832921028137,-0.9381769299507141,-0.05293247848749161,0.6554641723632812,-1.336409091949463,-0.16701684892177582,0.7409892082214355,-1.5997921228408813,-0.23015375435352325,0.8215765953063965,-1.8161619901657104,-0.25641873478889465,0.23822569847106934,-0.9689576029777527,-0.06610361486673355,0.25356653332710266,-1.4321788549423218,-0.2507117986679077,0.2713157534599304,-1.7542028427124023,-0.36777281761169434,0.29474541544914246,-2.019406318664551,-0.40511587262153625,-0.00503142736852169,-0.8983661532402039,-0.10045428574085236,0.0532730333507061,-1.0343570709228516,-0.405195415019989,0.08771505206823349,-0.6936113834381104,-0.4509614109992981,0.10300351679325104,-0.44963720440864563,-0.37095966935157776,-0.2382992058992386,-0.7753660082817078,-0.141479030251503,-0.18111300468444824,-0.9575886726379395,-0.3649393916130066,-0.12135213613510132,-0.7140004634857178,-0.3430549204349518,-0.09002233296632767,-0.5067254304885864,-0.25450921058654785
0.0,0.0,0.0,0.43751060962677,-0.07711036503314972,-0.17608056962490082,0.8076016306877136,-0.36416634917259216,-0.22416631877422333,1.013718843460083,-0.610304594039917,-0.27750077843666077,1.1962170600891113,-0.785243570804596,-0.32598641514778137,0.5128414034843445,-0.9272894263267517,-0.0788092166185379,0.667631208896637,-1.3035812377929688,-0.20429043471813202,0.7612320184707642,-1.5618618726730347,-0.2802131474018097,0.8488189578056335,-1.7794289588928223,-0.3161022961139679,0.2578875422477722,-0.9618114233016968,-0.0917208343744278,0.2914432883262634,-1.4163818359375,-0.2697805166244507,0.32566437125205994,-1.7287098169326782,-0.3821275234222412,0.36296626925468445,-1.9912065267562866,-0.4217955768108368,0.011533455923199654,-0.8986890912055969,-0.12645000219345093,0.09352628141641617,-1.026369333267212,-0.42114540934562683,0.12961125373840332,-0.6868274807929993,-0.46046727895736694,0.14107173681259155,-0.4480512738227844,-0.38364526629447937,-0.22683219611644745,-0.7825601100921631,-0.16958437860012054,-0.14309567213058472,-0.9453974962234497,-0.38625380396842957,-0.0855863019824028,-0.6936526298522949,-0.3612392246723175,-0.06367132067680359,-0.48943355679512024,-0.27567991614341736
0.0,0.0,0.0,0.44520512223243713,-0.08031249791383743,-0.17637014389038086,0.8145500421524048,-0.37418127059936523,-0.22269581258296967,1.020750880241394,-0.6270222663879395,-0.27451276779174805,1.2133066654205322,-0.797609806060791,-0.32192084193229675,0.5066632628440857,-0.9339906573295593,-0.07821006327867508,0.6768618226051331,-1.3144824504852295,-0.20179472863674164,0.7738721966743469,-1.5788730382919312,-0.27567604184150696,0.8600520491600037,-1.8007148504257202,-0.3103764057159424,0.24280185997486115,-0.9656800031661987,-0.0922454223036766,0.28495755791664124,-1.4368643760681152,-0.27120286226272583,0.3266635835170746,-1.7525086402893066,-0.38250595331192017,0.3675597012042999,-2.018649101257324,-0.4202497601509094,-0.009656700305640697,-0.8968982696533203,-0.12762519717216492,0.0899757668375969,-1.0360215902328491,-0.4272477626800537,0.12616971135139465,-0.6908835768699646,-0.4648226797580719,0.13226467370986938,-0.44972124695777893,-0.3840975761413574,-0.25171932578086853,-0.7734729051589966,-0.17085516452789307,-0.15583589673042297,-0.9542169570922852,-0.39077627658843994,-0.09243395924568176,-0.7040976285934448,-0.36169731616973877,-0.07084061205387115,-0.49694904685020447,-0.2714461088180542
0.0,0.0,0.0,0.4312405288219452,-0.08796937763690948,-0.16751649975776672,0.7999179363250732,-0.3956827223300934,-0.2114812582731247,1.0160880088806152,-0.6466483473777771,-0.26278606057167053,1.2057812213897705,-0.8014689683914185,-0.30903249979019165,0.5046802759170532,-0.9385691285133362,-0.07122518122196198,0.6588279604911804,-1.333072304725647,-0.1918148398399353,0.7478936314582825,-1.5916472673416138,-0.2619043290615082,0.8296242356300354,-1.803139090538025,-0.29330751299858093,0.2407628893852234,-0.9667068123817444,-0.08666761219501495,0.26132673025131226,-1.4205269813537598,-0.2627352178096771,0.2832493484020233,-1.7335666418075562,-0.3734148144721985,0.31167975068092346,-1.9932224750518799,-0.4109122157096863,-0.004480043426156044,-0.8964978456497192,-0.12230892479419708,0.04339510574936867,-1.0290604829788208,-0.40549424290657043,0.07440847158432007,-0.6978548765182495,-0.44054102897644043,0.0871393084526062,-0.4549786150455475,-0.3631364405155182,-0.2386488914489746,-0.7700874209403992,-0.1658613085746765,-0.18579238653182983,-0.9288688898086548,-0.369514524936676,-0.13017207384109497,-0.6837520003318787,-0.3364708125591278,-0.10635881870985031,-0.47783422470092773,-0.2457718700170517
0.0,0.0,0.0,0.4234272539615631,-0.10915672034025192,-0.18272201716899872,0.7839601635932922,-0.4091413915157318,-0.2367875874042511,0.9958959221839905,-0.6742291450500488,-0.29504168033599854,1.1733465194702148,-0.8486127853393555,-0.34807586669921875,0.4687858819961548,-0.9449293613433838,-0.08590173721313477,0.6231630444526672,-1.3379395008087158,-0.21274633705615997,0.6988416314125061,-1.601143717765808,-0.2906356751918793,0.7642139792442322,-1.8229237794876099,-0.3276621699333191,0.199591264128685,-0.9753668904304504,-0.09392985701560974,0.18784499168395996,-1.424410343170166,-0.2732665240764618,0.18245817720890045,-1.7430073022842407,-0.3879598081111908,0.18554407358169556,-2.0063469409942627,-0.42798689007759094,-0.0416465625166893,-0.9045534133911133,-0.12362326681613922,-0.04195114225149155,-1.030582070350647,-0.4067333936691284,0.008070949465036392,-0.7132351398468018,-0.44964417815208435,0.04051053151488304,-0.4748091697692871,-0.377272367477417,-0.26122570037841797,-0.7757551074028015,-0.16248910129070282,-0.2541334927082062,-0.9311379194259644,-0.36579665541648865,-0.19474710524082184,-0.6949242949485779,-0.3361207842826843,-0.15291227400302887,-0.487427294254303,-0.24651522934436798
0.0,0.0,0.0,0.4098609387874603,-0.1221034973859787,-0.20248383283615112,0.7663784027099609,-0.43431901931762695,-0.272205114364624,0.9916130304336548,-0.7169471383094788,-0.3426239490509033,1.1792607307434082,-0.9165034294128418,-0.40885114669799805,0.42494601011276245,-0.9495740532875061,-0.11857300251722336,0.5691786408424377,-1.3421199321746826,-0.25629857182502747,0.6425905227661133,-1.6008063554763794,-0.33999308943748474,0.7058968544006348,-1.8213082551956177,-0.3788619339466095,0.15733899176120758,-0.9805739521980286,-0.11712910234928131,0.12285047024488449,-1.4132928848266602,-0.2964641749858856,0.10137433558702469,-1.723592758178711,-0.40705040097236633,0.08579587936401367,-1.9832724332809448,-0.4443802237510681,-0.08312202990055084,-0.9076632261276245,-0.13894446194171906,-0.11012445390224457,-1.010181188583374,-0.4207161068916321,-0.05772462859749794,-0.6868125200271606,-0.4663161635398865,-0.017206240445375443,-0.4440261423587799,-0.3979315757751465,-0.2953152656555176,-0.7783324122428894,-0.17189930379390717,-0.31573978066444397,-0.9004862308502197,-0.37670788168907166,-0.25610384345054626,-0.6618329286575317,-0.3537999987602234,-0.20392122864723206,-0.4533182978630066,-0.26980137825012207
0.0,0.0,0.0,0.39172571897506714,-0.14138196408748627,-0.1850174516439438,0.7219237685203552,-0.4758952260017395,-0.2407989799976349,0.925495445728302,-0.7465536594390869,-0.2989151179790497,1.1028708219528198,-0.9190469980239868,-0.353972464799881,0.3727855682373047,-0.9625604748725891,-0.1139976754784584,0.5020149350166321,-1.3712818622589111,-0.24328181147575378,0.571958601474762,-1.6338313817977905,-0.31885045766830444,0.6260941624641418,-1.859897255897522,-0.35249757766723633,0.10533402115106583,-0.9876124262809753,-0.11630376428365707,0.04913044720888138,-1.421862244606018,-0.2900681793689728,0.002651526592671871,-1.7314143180847168,-0.3966335654258728,-0.040282636880874634,-1.9863940477371216,-0.42943042516708374,-0.12781982123851776,-0.9160842299461365,-0.1395561546087265,-0.19664758443832397,-0.9904809594154358,-0.41387471556663513,-0.13356807827949524,-0.6690402030944824,-0.46420177817344666,-0.0789436548948288,-0.4293130040168762,-0.39915475249290466,-0.3288702368736267,-0.7885881662368774,-0.172862246632576,-0.3853355348110199,-0.8680737614631653,-0.371236652135849,-0.31433409452438354,-0.6283050775527954,-0.3547114431858063,-0.23686151206493378,-0.4280592203140259,-0.2759840488433838
0.0,0.0,0.0,0.3864996135234833,-0.1451469510793686,-0.19048930704593658,0.6994016170501709,-0.48238125443458557,-0.24430961906909943,0.8916192054748535,-0.7706634402275085,-0.2975237965583801,1.0526618957519531,-0.9509482979774475,-0.34847235679626465,0.3416386842727661,-0.9678667187690735,-0.12194285541772842,0.4540331959724426,-1.3766260147094727,-0.24840547144412994,0.5071436762809753,-1.6418073177337646,-0.3228068947792053,0.5450178384780884,-1.8744210004806519,-0.35798606276512146,0.0804145559668541,-0.9899858832359314,-0.1160232350230217,-0.0026366247329860926,-1.4122886657714844,-0.29051393270492554,-0.07393568754196167,-1.7145658731460571,-0.3969455659389496,-0.13714750111103058,-1.9653321504592896,-0.4306696653366089,-0.14309899508953094,-0.9125771522521973,-0.1302240788936615,-0.26349571347236633,-0.9871503710746765,-0.40153712034225464,-0.19874019920825958,-0.6669558882713318,-0.4512696862220764,-0.1358521729707718,-0.4277814030647278,-0.3883228898048401,-0.33137989044189453,-0.7815690636634827,-0.15504570305347443,-0.4276127219200134,-0.8552652597427368,-0.35218483209609985,-0.36163684725761414,-0.6239599585533142,-0.34006932377815247,-0.2751508951187134,-0.4333469271659851,-0.2664679288864136
0.0,0.0,0.0,0.38461893796920776,-0.14373840391635895,-0.19555090367794037,0.6805333495140076,-0.4761051833629608,-0.2540268003940582,0.8735224604606628,-0.7678409814834595,-0.31137529015541077,1.0463018417358398,-0.9532657861709595,-0.36706221103668213,0.331354022026062,-0.9664195775985718,-0.1314731389284134,0.43258288502693176,-1.3819619417190552,-0.26264849305152893,0.48186954855918884,-1.6473407745361328,-0.3373876214027405,0.5146545767784119,-1.8835920095443726,-0.3729650378227234,0.0702771320939064,-0.9898388385772705,-0.1236126571893692,-0.024696851149201393,-1.4026466608047485,-0.30745676159858704,-0.10750900208950043,-1.7041375637054443,-0.41746991872787476,-0.1849687397480011,-1.958835482597351,-0.453119695186615,-0.15474696457386017,-0.9095523953437805,-0.13591568171977997,-0.2903808355331421,-0.972162127494812,-0.4187730550765991,-0.22142815589904785,-0.6434822678565979,-0.4692510664463043,-0.15038654208183289,-0.40374958515167236,-0.4048725962638855,-0.34488070011138916,-0.776077389717102,-0.15884770452976227,-0.45186731219291687,-0.8373639583587646,-0.367432177066803,-0.3815898895263672,-0.6035634279251099,-0.36023208498954773,-0.2856261432170868,-0.41508662700653076,-0.2888184189796448
0.0,0.0,0.0,0.3659801483154297,-0.1512424349784851,-0.19767870008945465,0.6441619992256165,-0.49022409319877625,-0.2631872594356537,0.818684458732605,-0.785951554775238,-0.3262518644332886,0.9801782965660095,-0.9794881343841553,-0.38720518350601196,0.2848212718963623,-0.9673342704772949,-0.1548408418893814,0.37389111518859863,-1.3880560398101807,-0.2920767068862915,0.40984711050987244,-1.656687617301941,-0.3671381175518036,0.4327387809753418,-1.8932249546051025,-0.40105190873146057,0.019265256822109222,-0.9889060854911804,-0.14728766679763794,-0.09118899703025818,-1.4001682996749878,-0.333956241607666,-0.19146347045898438,-1.6976193189620972,-0.43954211473464966,-0.2768315374851227,-1.9470349550247192,-0.4697830080986023,-0.20379509031772614,-0.9081560373306274,-0.1590891033411026,-0.35594794154167175,-0.9467299580574036,-0.4361846148967743,-0.2823323607444763,-0.6260295510292053,-0.48212897777557373,-0.19792540371418,-0.39304134249687195,-0.41472870111465454,-0.3860381245613098,-0.7714324593544006,-0.18164949119091034,-0.5120503306388855,-0.8134525418281555,-0.37704363465309143,-0.4304791986942291,-0.5873367190361023,-0.36244997382164,-0.3147708475589752,-0.4102326035499573,-0.28674566745758057
0.0,0.0,0.0,0.3624846935272217,-0.14923839271068573,-0.21075375378131866,0.6318700313568115,-0.4835036098957062,-0.28284624218940735,0.8053085803985596,-0.7855892181396484,-0.3493307828903198,0.9629475474357605,-0.9889627695083618,-0.41308021545410156,0.26895004510879517,-0.9670400619506836,-0.16538803279399872,0.34894558787345886,-1.3952511548995972,-0.3082256615161896,0.3806629776954651,-1.6638706922531128,-0.3861737549304962,0.39635831117630005,-1.9040025472640991,-0.42204636335372925,0.004705759231001139,-0.9887958765029907,-0.14919981360435486,-0.10900245606899261,-1.396920919418335,-0.34476009011268616,-0.21511946618556976,-1.6913331747055054,-0.4528036415576935,-0.30892401933670044,-1.9403057098388672,-0.4837264120578766,-0.21312060952186584,-0.9089754223823547,-0.15349817276000977,-0.3907841742038727,-0.9481329917907715,-0.43679511547088623,-0.3170815706253052,-0.6257025599479675,-0.4813697636127472,-0.22823761403560638,-0.397688090801239,-0.41199544072151184,-0.3913493752479553,-0.7760206460952759,-0.16926151514053345,-0.5341604948043823,-0.8140199184417725,-0.36836495995521545,-0.4585389494895935,-0.5838130116462708,-0.35435986518859863,-0.3413875102996826,-0.41267314553260803,-0.2786937654018402
0.0,0.0,0.0,0.3687111735343933,-0.15765902400016785,-0.20709428191184998,0.6291121244430542,-0.4909132421016693,-0.2709149122238159,0.789253830909729,-0.802416980266571,-0.32838988304138184,0.9411799907684326,-1.0080738067626953,-0.3828609585762024,0.25123587250709534,-0.9765206575393677,-0.14426781237125397,0.32248052954673767,-1.4027138948440552,-0.2767235338687897,0.35103827714920044,-1.6706429719924927,-0.3495444655418396,0.359546422958374,-1.907218337059021,-0.38355883955955505,-0.004440682008862495,-0.9921977519989014,-0.12459498643875122,-0.12515920400619507,-1.401448130607605,-0.30843180418014526,-0.23688726127147675,-1.6901668310165405,-0.41271117329597473,-0.3419836461544037,-1.9333893060684204,-0.4431750178337097,-0.20984993875026703,-0.9040979743003845,-0.1258203387260437,-0.4214213192462921,-0.954628050327301,-0.40071994066238403,-0.354828417301178,-0.6462529301643372,-0.45037201046943665,-0.2657395303249359,-0.428665429353714,-0.3878139853477478,-0.379500150680542,-0.7611883282661438,-0.13804641366004944,-0.5439173579216003,-0.7922956347465515,-0.3366478979587555,-0.4713684618473053,-0.5693745613098145,-0.3321349322795868,-0.34778735041618347,-0.4062047004699707,-0.26513242721557617
0.0,0.0,0.0,0.3535345196723938,-0.17047983407974243,-0.19663377106189728,0.6082375049591064,-0.5144816637039185,-0.2638183832168579,0.7674768567085266,-0.8285731673240662,-0.3277015686035156,0.9188912510871887,-1.0391595363616943,-0.38875919580459595,0.21790434420108795,-0.9829742908477783,-0.14921137690544128,0.272466242313385,-1.4201945066452026,-0.28688037395477295,0.2926676571369171,-1.6900583505630493,-0.3596831262111664,0.29706090688705444,-1.9243906736373901,-0.39118459820747375,-0.04112269729375839,-0.9897416234016418,-0.13682271540164948,-0.1717330366373062,-1.4048869609832764,-0.3245971202850342,-0.2879694700241089,-1.7004506587982178,-0.42867860198020935,-0.3932037353515625,-1.94930899143219,-0.4585443139076233,-0.2474479079246521,-0.8959863781929016,-0.14346468448638916,-0.4410223066806793,-0.9494439363479614,-0.4157881438732147,-0.3600486218929291,-0.6444188356399536,-0.45861199498176575,-0.2610204219818115,-0.42531853914260864,-0.390826016664505,-0.41560593247413635,-0.7478970885276794,-0.16035714745521545,-0.5659480690956116,-0.7871705889701843,-0.3515692949295044,-0.4802524149417877,-0.5679093599319458,-0.33778417110443115,-0.3501884341239929,-0.40450814366340637,-0.26352718472480774
0.0,0.0,0.0,0.36969584226608276,-0.16775335371494293,-0.18135838210582733,0.6422206163406372,-0.528018593788147,-0.23345886170864105,0.8055477738380432,-0.8297695517539978,-0.2836678624153137,0.948707640171051,-1.0235637426376343,-0.3330325186252594,0.24923062324523926,-0.9850279092788696,-0.1422671526670456,0.32093876600265503,-1.4045988321304321,-0.26858124136924744,0.35023632645606995,-1.6719520092010498,-0.33417677879333496,0.36730125546455383,-1.903638482093811,-0.3589474558830261,-0.011126844212412834,-0.9910491108894348,-0.1330329030752182,-0.12608405947685242,-1.4007185697555542,-0.30570536851882935,-0.21845963597297668,-1.6991852521896362,-0.4048365652561188,-0.2995443642139435,-1.9504238367080688,-0.43087679147720337,-0.22450000047683716,-0.90220046043396,-0.14044225215911865,-0.377655565738678,-0.9221161603927612,-0.4059436023235321,-0.28989383578300476,-0.6093727350234985,-0.45651471614837646,-0.20089568197727203,-0.3728896379470825,-0.3913823664188385,-0.39620280265808105,-0.7607124447822571,-0.15639476478099823,-0.5129557251930237,-0.7887976765632629,-0.340445876121521,-0.419131875038147,-0.558116614818573,-0.32617291808128357,-0.2988475561141968,-0.37311169505119324,-0.25018632411956787
0.0,0.0,0.0,0.36582550406455994,-0.16934546828269958,-0.18528376519680023,0.6571692228317261,-0.5324445366859436,-0.23780041933059692,0.8299580812454224,-0.8390713334083557,-0.28938937187194824,0.9649507999420166,-1.0372971296310425,-0.3393215537071228,0.26978522539138794,-0.9882205128669739,-0.12671825289726257,0.3454126715660095,-1.404212474822998,-0.2524568736553192,0.37585753202438354,-1.667562484741211,-0.3236946165561676,0.395494282245636,-1.899284839630127,-0.3554716408252716,0.007581700105220079,-0.9924695491790771,-0.12225697934627533,-0.09806298464536667,-1.401517629623413,-0.2983006238937378,-0.18390774726867676,-1.6955150365829468,-0.4030362665653229,-0.258319228887558,-1.9405039548873901,-0.43444740772247314,-0.21169783174991608,-0.9010236263275146,-0.13677679002285004,-0.3435521125793457,-0.9565749168395996,-0.40880298614501953,-0.25926557183265686,-0.6369783878326416,-0.4547923505306244,-0.17732059955596924,-0.40199902653694153,-0.3880839943885803,-0.39190641045570374,-0.7571458220481873,-0.16076451539993286,-0.5020496249198914,-0.8217331171035767,-0.35614117980003357,-0.42656269669532776,-0.5857484936714172,-0.33847981691360474,-0.3288642466068268,-0.39811399579048157,-0.2602166533470154
0.0,0.0,0.0,0.3551187813282013,-0.1718072146177292,-0.18692472577095032,0.6201125979423523,-0.5476492047309875,-0.238118976354599,0.7778612375259399,-0.8585308790206909,-0.28778326511383057,0.9190860390663147,-1.0630552768707275,-0.33618849515914917,0.23260146379470825,-0.9964778423309326,-0.1253979504108429,0.2936202883720398,-1.407977819442749,-0.24691158533096313,0.316433310508728,-1.6713186502456665,-0.31443917751312256,0.32986703515052795,-1.9017752408981323,-0.34403520822525024,-0.023351546376943588,-0.9927557110786438,-0.11785988509654999,-0.13576845824718475,-1.3972653150558472,-0.2881518006324768,-0.2251376509666443,-1.685468316078186,-0.3901234269142151,-0.30530399084091187,-1.9273322820663452,-0.4209585189819336,-0.23557813465595245,-0.8943997025489807,-0.1294761449098587,-0.3702654242515564,-0.9468984603881836,-0.4002481997013092,-0.27640995383262634,-0.6259929537773132,-0.4486064314842224,-0.19127222895622253,-0.3918974697589874,-0.38337260484695435,-0.4095214307308197,-0.7468710541725159,-0.15048280358314514,-0.5155975222587585,-0.8097083568572998,-0.34802010655403137,-0.42926162481307983,-0.5786654949188232,-0.33664029836654663,-0.3264547288417816,-0.3973734676837921,-0.2628149092197418
0.0,0.0,0.0,0.3781495988368988,-0.1620454639196396,-0.16468729078769684,0.670438826084137,-0.5153969526290894,-0.2068483531475067,0.8642786741256714,-0.8032802939414978,-0.25355905294418335,1.04124915599823,-0.9738069772720337,-0.2993651032447815,0.3049706220626831,-0.9852888584136963,-0.08177460730075836,0.39731016755104065,-1.387229084968567,-0.1862076073884964,0.44228067994117737,-1.6441545486450195,-0.246288001537323,0.4745800793170929,-1.8692258596420288,-0.27313873171806335,0.05517784506082535,-0.9950709342956543,-0.08239664137363434,-0.021430328488349915,-1.405105471611023,-0.23417988419532776,-0.08145477622747421,-1.695438027381897,-0.3313418924808502,-0.13932958245277405,-1.940362811088562,-0.36146724224090576,-0.15537714958190918,-0.9112234711647034,-0.10162199288606644,-0.2800397276878357,-0.9895385503768921,-0.35620856285095215,-0.20530395209789276,-0.6710358262062073,-0.4085530936717987,-0.137910395860672,-0.435851126909256,-0.3495384752750397,-0.3330971598625183,-0.7743945121765137,-0.1289857178926468,-0.42748886346817017,-0.8486903309822083,-0.3152521252632141,-0.35116735100746155,-0.6211655139923096,-0.306460440158844,-0.2570659816265106,-0.4335443675518036,-0.23707343637943268
0.0,0.0,0.0,0.39206504821777344,-0.1264784038066864,-0.1590793877840042,0.7044148445129395,-0.4351156949996948,-0.20063516497612,0.9016775488853455,-0.6906852722167969,-0.24874302744865417,1.0573837757110596,-0.8584238886833191,-0.29584553837776184,0.37899839878082275,-0.9581053256988525,-0.07091192156076431,0.5016669631004333,-1.3456414937973022,-0.18019883334636688,0.5660116672515869,-1.5944448709487915,-0.24630479514598846,0.6150714755058289,-1.813175082206726,-0.2764318287372589,0.1306486427783966,-0.988471269607544,-0.07652091234922409,0.07706799358129501,-1.398216962814331,-0.23386231064796448,0.03717188164591789,-1.6897289752960205,-0.33480966091156006,-0.0005297994939610362,-1.9353091716766357,-0.3669273257255554,-0.08392852544784546,-0.9158539175987244,-0.1012326031923294,-0.20157881081104279,-1.0151845216751099,-0.36198028922080994,-0.14969298243522644,-0.6895199418067932,-0.41226518154144287,-0.09861620515584946,-0.4521651566028595,-0.35000351071357727,-0.27178770303726196,-0.7817428708076477,-0.13310232758522034,-0.3630940020084381,-0.8890064358711243,-0.3257630467414856,-0.3012973666191101,-0.6568291783332825,-0.31296631693840027,-0.21681419014930725,-0.45990869402885437,-0.23851171135902405
0.0,0.0,0.0,0.38477474451065063,-0.09429755806922913,-0.19368553161621094,0.7145118117332458,-0.3818504214286804,-0.25518643856048584,0.9298368096351624,-0.6359934210777283,-0.31691181659698486,1.1075856685638428,-0.8107088804244995,-0.37510213255882263,0.42223435640335083,-0.9336197972297668,-0.10630816221237183,0.5556210875511169,-1.3158293962478638,-0.2325499951839447,0.6245664954185486,-1.568276286125183,-0.30914294719696045,0.6843019127845764,-1.7937688827514648,-0.34668272733688354,0.17430438101291656,-0.9793562293052673,-0.10236867517232895,0.14076438546180725,-1.3942292928695679,-0.2797968089580536,0.1161235049366951,-1.6905937194824219,-0.38822463154792786,0.09654052555561066,-1.9451967477798462,-0.42263373732566833,-0.05003832280635834,-0.9199916124343872,-0.1205594539642334,-0.15155838429927826,-1.025598168373108,-0.4045463800430298,-0.1209934800863266,-0.6887767910957336,-0.45321908593177795,-0.08614522963762283,-0.447689026594162,-0.3843487799167633,-0.24953612685203552,-0.8026401996612549,-0.14832927286624908,-0.33158162236213684,-0.9142658114433289,-0.35876038670539856,-0.2896959185600281,-0.6702007055282593,-0.3457852602005005,-0.2267434000968933,-0.47007039189338684,-0.26746803522109985
0.0,0.0,0.0,0.38985708355903625,-0.12876756489276886,-0.18427172303199768,0.7138195037841797,-0.4376140534877777,-0.23850685358047485,0.9203394055366516,-0.7037951946258545,-0.2937975525856018,1.087886095046997,-0.8763970732688904,-0.3461877405643463,0.38320812582969666,-0.9472270607948303,-0.10784219205379486,0.5137064456939697,-1.3502466678619385,-0.2323271930217743,0.5798175930976868,-1.6084524393081665,-0.30699437856674194,0.6265825033187866,-1.838445782661438,-0.342475026845932,0.12324024736881256,-0.9866104125976562,-0.10682595521211624,0.07091056555509567,-1.4125627279281616,-0.27800020575523376,0.022372828796505928,-1.7149379253387451,-0.3821776211261749,-0.023438312113285065,-1.9665343761444092,-0.4144928455352783,-0.10187818855047226,-0.9214022755622864,-0.12707489728927612,-0.24094420671463013,-1.0143194198608398,-0.392223984003067,-0.20057252049446106,-0.6988677382469177,-0.4402298033237457,-0.14770974218845367,-0.46518343687057495,-0.3773966133594513,-0.2971053421497345,-0.7960352897644043,-0.15750925242900848,-0.41435813903808594,-0.8965791463851929,-0.34537070989608765,-0.36221545934677124,-0.6713339686393738,-0.3276459276676178,-0.2767069935798645,-0.47994792461395264,-0.2518324553966522
0.0,0.0,0.0,0.38047558069229126,-0.14586709439754486,-0.1776370406150818,0.6891385316848755,-0.4606126844882965,-0.22816118597984314,0.8933197855949402,-0.7422099709510803,-0.277317613363266,1.0690244436264038,-0.9076529741287231,-0.32394227385520935,0.34738993644714355,-0.9514639377593994,-0.10457566380500793,0.45340442657470703,-1.3536499738693237,-0.21573059260845184,0.5057064890861511,-1.6060295104980469,-0.27830201387405396,0.5406479239463806,-1.8279138803482056,-0.30526670813560486,0.09248533844947815,-0.991010844707489,-0.0966639593243599,0.025680072605609894,-1.3991036415100098,-0.24855966866016388,-0.035554565489292145,-1.696885585784912,-0.34161674976348877,-0.09590288251638412,-1.9474153518676758,-0.3683777451515198,-0.12236647307872772,-0.9252996444702148,-0.10810119658708572,-0.2894972562789917,-0.9896079301834106,-0.3471294343471527,-0.2517576813697815,-0.6958418488502502,-0.399274617433548,-0.19454829394817352,-0.4734059274196625,-0.34571826457977295,-0.3066839575767517,-0.7946141958236694,-0.1294512152671814,-0.44114387035369873,-0.8470540046691895,-0.29503554105758667,-0.38176971673965454,-0.633892834186554,-0.2827167510986328,-0.2820764183998108,-0.45033636689186096,-0.21527181565761566
0.0,0.0,0.0,0.3699990212917328,-0.14401094615459442,-0.1991422176361084,0.6492761373519897,-0.46211594343185425,-0.26654210686683655,0.8453075289726257,-0.7551378607749939,-0.3300791084766388,1.0164622068405151,-0.9501699805259705,-0.39061734080314636,0.2949833869934082,-0.9595388770103455,-0.1383228302001953,0.3937937319278717,-1.3830132484436035,-0.27153435349464417,0.43721699714660645,-1.6471928358078003,-0.34477147459983826,0.4600423574447632,-1.8809176683425903,-0.3786255419254303,0.03563889116048813,-0.9916165471076965,-0.12420390546321869,-0.03919864818453789,-1.406754970550537,-0.30679017305374146,-0.11898546665906906,-1.7030590772628784,-0.4090999364852905,-0.19614504277706146,-1.9577341079711914,-0.43885236978530884,-0.17819690704345703,-0.9169535040855408,-0.13053150475025177,-0.37481969594955444,-0.9998999834060669,-0.39911088347435,-0.3312040865421295,-0.6928518414497375,-0.44023042917251587,-0.25884994864463806,-0.47439780831336975,-0.3734525144100189,-0.35257434844970703,-0.7796911597251892,-0.14767257869243622,-0.5159499049186707,-0.8397079706192017,-0.33746325969696045,-0.45775988698005676,-0.6130861043930054,-0.3217037618160248,-0.3438326120376587,-0.4398973882198334,-0.24747386574745178
0.0,0.0,0.0,0.35845714807510376,-0.1418129801750183,-0.21273545920848846,0.6345798969268799,-0.4546968340873718,-0.28673338890075684,0.8297604918479919,-0.7496864795684814,-0.3542111814022064,0.9940379858016968,-0.9516192078590393,-0.41778817772865295,0.28058481216430664,-0.9612913727760315,-0.14619170129299164,0.3698118329048157,-1.383263111114502,-0.2820931375026703,0.4091627299785614,-1.6461321115493774,-0.35792216658592224,0.42778727412223816,-1.8792991638183594,-0.39376407861709595,0.025611452758312225,-0.9917477965354919,-0.12561945617198944,-0.05729448422789574,-1.4051940441131592,-0.3094114363193512,-0.14106868207454681,-1.6987656354904175,-0.4118365943431854,-0.22182786464691162,-1.9491273164749146,-0.44234034419059753,-0.1865636706352234,-0.9148136377334595,-0.12736153602600098,-0.39322757720947266,-1.0047584772109985,-0.39811399579048157,-0.34332898259162903,-0.6962370276451111,-0.43976545333862305,-0.2660703957080841,-0.47617796063423157,-0.3733203411102295,-0.36499011516571045,-0.7768887281417847,-0.14119696617126465,-0.5285953879356384,-0.8382424116134644,-0.3373120129108429,-0.46551796793937683,-0.6139296889305115,-0.32673248648643494,-0.3502386808395386,-0.44195497035980225,-0.2553686797618866
0.0,0.0,0.0,0.3587685823440552,-0.13574138283729553,-0.21755273640155792,0.6386705040931702,-0.4544469118118286,-0.29332736134529114,0.8402782678604126,-0.7542973160743713,-0.360615611076355,1.0057960748672485,-0.9575161933898926,-0.42360955476760864,0.2890969514846802,-0.9558547139167786,-0.16149011254310608,0.37639498710632324,-1.385732650756836,-0.29955512285232544,0.4127037525177002,-1.6525574922561646,-0.3728623688220978,0.43279725313186646,-1.8913334608078003,-0.40638530254364014,0.032342277467250824,-0.9900816082954407,-0.1367201954126358,-0.04726387932896614,-1.407752513885498,-0.32957136631011963,-0.13429370522499084,-1.7050741910934448,-0.4327254593372345,-0.2140112668275833,-1.9611947536468506,-0.46167340874671936,-0.18213249742984772,-0.9185060262680054,-0.13341203331947327,-0.390079140663147,-1.0077943801879883,-0.4115978181362152,-0.3464046120643616,-0.6939636468887329,-0.4517901539802551,-0.2705018222332001,-0.46812111139297485,-0.3818983733654022,-0.36027991771698,-0.7901160717010498,-0.14195699989795685,-0.5263049602508545,-0.8524554371833801,-0.3398134410381317,-0.4730459153652191,-0.6237415671348572,-0.32784339785575867,-0.3623647093772888,-0.44903141260147095,-0.25500112771987915
0.0,0.0,0.0,0.37582433223724365,-0.12240812927484512,-0.23239468038082123,0.6765322089195251,-0.43990305066108704,-0.311583548784256,0.8924741148948669,-0.7383922338485718,-0.37953832745552063,1.0619289875030518,-0.9501065015792847,-0.4438611567020416,0.3204914629459381,-0.948946475982666,-0.1635899841785431,0.4186127185821533,-1.3773709535598755,-0.30424177646636963,0.46035078167915344,-1.6461249589920044,-0.3807140290737152,0.487964391708374,-1.8894225358963013,-0.41502222418785095,0.06170227378606796,-0.9892540574073792,-0.13254888355731964,-0.012233213521540165,-1.4232215881347656,-0.32407471537590027,-0.0895465835928917,-1.7236613035202026,-0.425021767616272,-0.16027328372001648,-1.9830334186553955,-0.45055609941482544,-0.15701818466186523,-0.9218273162841797,-0.12604616582393646,-0.3562963306903839,-1.0286920070648193,-0.4162089228630066,-0.31289422512054443,-0.7078168988227844,-0.46242156624794006,-0.24234698712825775,-0.4737454354763031,-0.39028435945510864,-0.34284546971321106,-0.8014461994171143,-0.1314079910516739,-0.4999316930770874,-0.8960795402526855,-0.3415106534957886,-0.4534492492675781,-0.6633552312850952,-0.3304363191127777,-0.3569881021976471,-0.4778022766113281,-0.25404152274131775
0.0,0.0,0.0,0.375244140625,-0.12386593967676163,-0.21505384147167206,0.6689674258232117,-0.44255706667900085,-0.2879209816455841,0.8860870003700256,-0.7332291007041931,-0.3541986644268036,1.059544563293457,-0.9206136465072632,-0.41843631863594055,0.32573893666267395,-0.9450233578681946,-0.1557055413722992,0.43626824021339417,-1.367384910583496,-0.29352307319641113,0.4880811870098114,-1.6365851163864136,-0.3704075813293457,0.5196048021316528,-1.8781808614730835,-0.407087504863739,0.0699823871254921,-0.9884054660797119,-0.13474860787391663,0.006137445569038391,-1.4278678894042969,-0.32380226254463196,-0.059486955404281616,-1.7333039045333862,-0.4263351261615753,-0.12393566220998764,-1.9958971738815308,-0.45562559366226196,-0.1488266885280609,-0.9227082133293152,-0.13554252684116364,-0.33551666140556335,-1.053851842880249,-0.41930174827575684,-0.29054364562034607,-0.7327264547348022,-0.46152034401893616,-0.22472305595874786,-0.495146244764328,-0.38993752002716064,-0.3361795246601105,-0.7999799251556396,-0.14759114384651184,-0.4831800162792206,-0.9084734916687012,-0.3545554578304291,-0.4353577792644501,-0.6829836368560791,-0.3422465920448303,-0.3422708213329315,-0.4967169761657715,-0.2669135332107544
0.0,0.0,0.0,0.37195995450019836,-0.11996077746152878,-0.2065938115119934,0.6658116579055786,-0.43100056052207947,-0.27693691849708557,0.8802326917648315,-0.7134249210357666,-0.34336525201797485,1.0532342195510864,-0.8998335599899292,-0.4073368310928345,0.34460723400115967,-0.9454377889633179,-0.1424829214811325,0.4512275457382202,-1.3648978471755981,-0.27959054708480835,0.5015535950660706,-1.6318427324295044,-0.35808131098747253,0.5340402722358704,-1.8730190992355347,-0.39754626154899597,0.08802396059036255,-0.9879577159881592,-0.12724511325359344,0.03314637020230293,-1.4172214269638062,-0.31748661398887634,-0.028796708211302757,-1.719354271888733,-0.422166645526886,-0.08932764828205109,-1.9827481508255005,-0.4545505940914154,-0.1350851058959961,-0.9219704866409302,-0.13408635556697845,-0.31514501571655273,-1.069854974746704,-0.41980013251304626,-0.27137109637260437,-0.7484091520309448,-0.4604010283946991,-0.20705769956111908,-0.5096837282180786,-0.38881030678749084,-0.3283887505531311,-0.7980504631996155,-0.1518314778804779,-0.47177591919898987,-0.9211837649345398,-0.36313194036483765,-0.4251195788383484,-0.6994001269340515,-0.3528609573841095,-0.33430564403533936,-0.5144144892692566,-0.2793496549129486
0.0,0.0,0.0,0.3804619312286377,-0.13252681493759155,-0.20005923509597778,0.6777496337890625,-0.4394724369049072,-0.27076610922813416,0.887349009513855,-0.7249829173088074,-0.33832576870918274,1.055711269378662,-0.9200276732444763,-0.4028112590312958,0.35402265191078186,-0.9457213878631592,-0.14232349395751953,0.4646763503551483,-1.36497962474823,-0.2794916331768036,0.5154816508293152,-1.63412606716156,-0.3576070964336395,0.5472180247306824,-1.8719388246536255,-0.3966514468193054,0.09057348966598511,-0.9872263669967651,-0.1310749500989914,0.04285459220409393,-1.4239740371704102,-0.3156570792198181,-0.018767092376947403,-1.7333256006240845,-0.419199675321579,-0.07721162587404251,-1.9995701313018799,-0.4525913894176483,-0.13894765079021454,-0.916996955871582,-0.14073863625526428,-0.3116987645626068,-1.0698442459106445,-0.4117538630962372,-0.2753613293170929,-0.7777965664863586,-0.4489520788192749,-0.21617743372917175,-0.5568583607673645,-0.3803196847438812,-0.33617207407951355,-0.7854086756706238,-0.16139481961727142,-0.48828068375587463,-0.9079972505569458,-0.3599875271320343,-0.43404433131217957,-0.69992995262146,-0.3457847535610199,-0.334907591342926,-0.5228857398033142,-0.27198198437690735
0.0,0.0,0.0,0.3756157159805298,-0.14082716405391693,-0.19052939116954803,0.6585981845855713,-0.4554910957813263,-0.2530200779438019,0.8561837077140808,-0.7499343752861023,-0.3141084909439087,1.0209442377090454,-0.9470778107643127,-0.37274351716041565,0.32342761754989624,-0.9550327658653259,-0.13168147206306458,0.426060289144516,-1.3785780668258667,-0.2644496262073517,0.47366175055503845,-1.649289608001709,-0.3411564528942108,0.4978652596473694,-1.885940432548523,-0.38101258873939514,0.06655211001634598,-0.9901219010353088,-0.12340780347585678,0.006337783299386501,-1.4204998016357422,-0.30127957463264465,-0.0610240213572979,-1.7277657985687256,-0.40232232213020325,-0.12713047862052917,-1.9870975017547607,-0.43753930926322937,-0.1539851278066635,-0.9123921990394592,-0.13559183478355408,-0.32718992233276367,-1.073185682296753,-0.39461925625801086,-0.2803998291492462,-0.7858196496963501,-0.4279495179653168,-0.21399050951004028,-0.5671862959861755,-0.36239293217658997,-0.3436068296432495,-0.7700757384300232,-0.15923641622066498,-0.48015862703323364,-0.8961754441261292,-0.3529386520385742,-0.4166446328163147,-0.697209894657135,-0.34095126390457153,-0.31375354528427124,-0.5268380045890808,-0.27165937423706055
0.0,0.0,0.0,0.3747730553150177,-0.15143747627735138,-0.19938823580741882,0.631257951259613,-0.475996732711792,-0.2623261511325836,0.810152530670166,-0.7820333242416382,-0.32325059175491333,0.9740458726882935,-0.9796422719955444,-0.3811797797679901,0.2814018130302429,-0.968779444694519,-0.12393976002931595,0.36432167887687683,-1.3920811414718628,-0.25659802556037903,0.40147051215171814,-1.6601943969726562,-0.3355894982814789,0.41694802045822144,-1.8987603187561035,-0.37957707047462463,0.026236409321427345,-0.9933062195777893,-0.11249198764562607,-0.05071505904197693,-1.4128327369689941,-0.2983202338218689,-0.133909210562706,-1.7165716886520386,-0.4062979817390442,-0.2124004364013672,-1.977901816368103,-0.4461073875427246,-0.18660779297351837,-0.9062427878379822,-0.12360609322786331,-0.37661880254745483,-1.0549840927124023,-0.3956756293773651,-0.33205944299697876,-0.7580592036247253,-0.4348236620426178,-0.2616475820541382,-0.5407981872558594,-0.37158480286598206,-0.36848020553588867,-0.7566947937011719,-0.14683164656162262,-0.5290155410766602,-0.8662673234939575,-0.35258588194847107,-0.46553748846054077,-0.6640946269035339,-0.34908536076545715,-0.35110557079315186,-0.49842286109924316,-0.2859240472316742
0.0,0.0,0.0,0.35871946811676025,-0.15123064815998077,-0.2081766426563263,0.6053878664970398,-0.47701579332351685,-0.27760612964630127,0.779466450214386,-0.7863169312477112,-0.3414740264415741,0.9415960907936096,-0.9909653663635254,-0.40181609988212585,0.264871209859848,-0.966651201248169,-0.13803090155124664,0.3337341547012329,-1.389403223991394,-0.2733219265937805,0.3588511049747467,-1.6567904949188232,-0.3502919673919678,0.36324307322502136,-1.8948004245758057,-0.39127546548843384,0.009236867539584637,-0.9928115606307983,-0.11933086067438126,-0.07610690593719482,-1.4062645435333252,-0.30656230449676514,-0.17157422006130219,-1.7005118131637573,-0.40893685817718506,-0.26002711057662964,-1.9546916484832764,-0.4422125816345215,-0.20238196849822998,-0.9095403552055359,-0.123502217233181,-0.4128844439983368,-1.0451699495315552,-0.39660659432411194,-0.36751052737236023,-0.7447513341903687,-0.4326036870479584,-0.2905951738357544,-0.5283292531967163,-0.3649458587169647,-0.38174161314964294,-0.763719916343689,-0.13994111120700836,-0.5559542775154114,-0.8577566742897034,-0.3447878956794739,-0.49656111001968384,-0.6468923091888428,-0.3387399911880493,-0.3819478452205658,-0.481302410364151,-0.27200403809547424
0.0,0.0,0.0,0.34849703311920166,-0.1496434062719345,-0.21647071838378906,0.5920767188072205,-0.47449541091918945,-0.2905772030353546,0.7679928541183472,-0.790118932723999,-0.35747551918029785,0.9322807788848877,-0.9967522621154785,-0.4204391539096832,0.24964536726474762,-0.9617542028427124,-0.15209712088108063,0.3153309226036072,-1.3942267894744873,-0.2909826636314392,0.33989524841308594,-1.6663179397583008,-0.36773481965065,0.342358261346817,-1.9068453311920166,-0.4079091548919678,-0.004371073096990585,-0.9916943311691284,-0.12854258716106415,-0.09746724367141724,-1.4175431728363037,-0.32007479667663574,-0.1987987607717514,-1.7158324718475342,-0.42220452427864075,-0.2934086322784424,-1.967252492904663,-0.4546644687652588,-0.21064838767051697,-0.9083172082901001,-0.1275923103094101,-0.4381437301635742,-1.0547319650650024,-0.40382030606269836,-0.3966297507286072,-0.7575051188468933,-0.4403172433376312,-0.31863364577293396,-0.5372034311294556,-0.3720676004886627,-0.383376806974411,-0.7606011033058167,-0.13943223655223846,-0.5608876347541809,-0.8617956638336182,-0.34778639674186707,-0.5060248374938965,-0.6502890586853027,-0.343866765499115,-0.3943515121936798,-0.48006245493888855,-0.2777528166770935
0.0,0.0,0.0,0.35673320293426514,-0.14650823175907135,-0.20650853216648102,0.6119061708450317,-0.4710811674594879,-0.2762521505355835,0.7990743517875671,-0.779438316822052,-0.3418681025505066,0.9673794507980347,-0.9766248464584351,-0.40475910902023315,0.2673042118549347,-0.9618425369262695,-0.14260651171207428,0.34337031841278076,-1.3812217712402344,-0.2806131839752197,0.3772311508655548,-1.6490098237991333,-0.35941681265830994,0.38595008850097656,-1.8882142305374146,-0.40084242820739746,0.015844274312257767,-0.991851806640625,-0.12640738487243652,-0.06392772495746613,-1.4202576875686646,-0.313739538192749,-0.15213535726070404,-1.720765471458435,-0.4158865213394165,-0.23867300152778625,-1.9777541160583496,-0.4492148458957672,-0.19012507796287537,-0.9081394672393799,-0.1324000060558319,-0.4041561782360077,-1.0538469552993774,-0.4095573425292969,-0.3606528639793396,-0.757590651512146,-0.4495314061641693,-0.28487470746040344,-0.5371493101119995,-0.38246533274650574,-0.3654361069202423,-0.7613423466682434,-0.14991657435894012,-0.5306294560432434,-0.8759641647338867,-0.35622870922088623,-0.4714837670326233,-0.6653778553009033,-0.3496154844760895,-0.3585440218448639,-0.491777241230011,-0.2819839119911194
0.0,0.0,0.0,0.3641851544380188,-0.1502467691898346,-0.17698238790035248,0.6422034502029419,-0.4720667600631714,-0.23516620695590973,0.8348901271820068,-0.7584474086761475,-0.2943456470966339,0.9974756240844727,-0.9363657236099243,-0.3521084785461426,0.28496766090393066,-0.9669981598854065,-0.12428970634937286,0.3745771646499634,-1.3706022500991821,-0.25078555941581726,0.41847455501556396,-1.6292778253555298,-0.32194995880126953,0.4406532049179077,-1.8572221994400024,-0.35547423362731934,0.03496425226330757,-0.991946816444397,-0.12173376977443695,-0.042382992804050446,-1.432565689086914,-0.2900477349758148,-0.11024802178144455,-1.7295218706130981,-0.38562288880348206,-0.17462025582790375,-1.9803237915039062,-0.4147142171859741,-0.17176476120948792,-0.9079854488372803,-0.13681113719940186,-0.3475348949432373,-1.029413104057312,-0.39569300413131714,-0.3053783178329468,-0.7384353280067444,-0.43482568860054016,-0.2426728457212448,-0.5176260471343994,-0.36831358075141907,-0.34871023893356323,-0.7635887861251831,-0.1606072634458542,-0.4901142716407776,-0.8768449425697327,-0.34346601366996765,-0.4238382875919342,-0.6678236722946167,-0.3222062289714813,-0.3167189657688141,-0.4893262982368469,-0.24570390582084656
0.0,0.0,0.0,0.38623160123825073,-0.13872210681438446,-0.17922675609588623,0.684319257736206,-0.4564768970012665,-0.2360915094614029,0.8836015462875366,-0.7346879839897156,-0.295718252658844,1.0444576740264893,-0.915945291519165,-0.3548087477684021,0.32295235991477966,-0.9649166464805603,-0.11496984213590622,0.4247170686721802,-1.3644956350326538,-0.24178312718868256,0.47441765666007996,-1.6252224445343018,-0.3181694746017456,0.5054793953895569,-1.8578569889068604,-0.3557549715042114,0.06788001209497452,-0.9910332560539246,-0.11508890241384506,0.005476916208863258,-1.4188700914382935,-0.28737205266952515,-0.04235035181045532,-1.721998929977417,-0.39113691449165344,-0.09134399145841599,-1.9829692840576172,-0.4257105886936188,-0.15268898010253906,-0.9115728139877319,-0.1341429054737091,-0.2799672782421112,-1.0317890644073486,-0.40296730399131775,-0.2072673738002777,-0.7152010798454285,-0.4448377788066864,-0.1424994170665741,-0.4825221598148346,-0.3771117031574249,-0.3397291898727417,-0.7744743227958679,-0.16238300502300262,-0.43517833948135376,-0.8959723114967346,-0.358706533908844,-0.35690075159072876,-0.6762910485267639,-0.3407156467437744,-0.26299187541007996,-0.48959359526634216,-0.2631191909313202
0.0,0.0,0.0,0.4012243151664734,-0.13423678278923035,-0.17175033688545227,0.7178265452384949,-0.45545825362205505,-0.22207744419574738,0.9195696711540222,-0.7272515296936035,-0.27658310532569885,1.0946017503738403,-0.8990912437438965,-0.33047419786453247,0.36802375316619873,-0.9593214988708496,-0.09877700358629227,0.4919542074203491,-1.3517483472824097,-0.2176380455493927,0.5528237819671631,-1.6073428392410278,-0.2855580151081085,0.5957988500595093,-1.8302446603775024,-0.31640565395355225,0.1173647940158844,-0.9877939820289612,-0.10241370648145676,0.07766743749380112,-1.4309301376342773,-0.2671251893043518,0.049003586173057556,-1.732898473739624,-0.3665275275707245,0.021282946690917015,-1.9843218326568604,-0.3970833718776703,-0.10661501437425613,-0.9121118187904358,-0.12483123689889908,-0.20257364213466644,-1.0481642484664917,-0.3941378593444824,-0.1490352600812912,-0.728826642036438,-0.43792182207107544,-0.10243729501962662,-0.490234375,-0.36905723810195923,-0.30637237429618835,-0.7800976037979126,-0.1549675464630127,-0.3845555782318115,-0.918143630027771,-0.35198625922203064,-0.3163219094276428,-0.6931008100509644,-0.33247146010398865,-0.24026505649089813,-0.4968338906764984,-0.2526283860206604
0.0,0.0,0.0,0.4124303460121155,-0.11716791242361069,-0.17224887013435364,0.74733966588974,-0.43141424655914307,-0.2256917804479599,0.9689253568649292,-0.7032671570777893,-0.28539904952049255,1.177010416984558,-0.8464045524597168,-0.3457834720611572,0.40874841809272766,-0.9523501992225647,-0.08561412990093231,0.5365440249443054,-1.3356153964996338,-0.20401757955551147,0.6010231375694275,-1.5908173322677612,-0.279635488986969,0.6538089513778687,-1.8120460510253906,-0.3203977644443512,0.1592189520597458,-0.9828406572341919,-0.09313186258077621,0.1435287743806839,-1.4164719581604004,-0.2567175030708313,0.134332075715065,-1.7179263830184937,-0.36148780584335327,0.12584428489208221,-1.9786685705184937,-0.40096238255500793,-0.07001147419214249,-0.9090334177017212,-0.12066899240016937,-0.1282983422279358,-1.0800836086273193,-0.3878845274448395,-0.07864634692668915,-0.7553167343139648,-0.4268667995929718,-0.038761578500270844,-0.516880452632904,-0.35986801981925964,-0.2787083089351654,-0.7755202651023865,-0.15727782249450684,-0.3287411630153656,-0.9354002475738525,-0.3583168387413025,-0.2641335427761078,-0.7108142375946045,-0.34076371788978577,-0.19680194556713104,-0.517598569393158,-0.265192449092865
0.0,0.0,0.0,0.4055534899234772,-0.11090892553329468,-0.17540320754051208,0.7474235892295837,-0.40754133462905884,-0.22991718351840973,0.9619418382644653,-0.6657209992408752,-0.2897554934024811,1.1290912628173828,-0.834732711315155,-0.34745684266090393,0.4241476058959961,-0.947240948677063,-0.08816393464803696,0.5522454380989075,-1.3240818977355957,-0.20934903621673584,0.621202290058136,-1.5749565362930298,-0.2865266799926758,0.6776112914085388,-1.7931021451950073,-0.326655775308609,0.1703816056251526,-0.9806402325630188,-0.09651307016611099,0.1643006056547165,-1.4144525527954102,-0.2647513747215271,0.16165275871753693,-1.717027187347412,-0.37167081236839294,0.1575791835784912,-1.9754810333251953,-0.4106534421443939,-0.06208556517958641,-0.9085241556167603,-0.1258864402770996,-0.11635453999042511,-1.0642375946044922,-0.3961963355541229,-0.061197780072689056,-0.7367081642150879,-0.4366398751735687,-0.01869276724755764,-0.49687623977661133,-0.3691551089286804,-0.27705731987953186,-0.778143048286438,-0.16475196182727814,-0.31822359561920166,-0.9353055357933044,-0.3677304685115814,-0.24963586032390594,-0.7093143463134766,-0.35048961639404297,-0.1822255551815033,-0.514915406703949,-0.27413472533226013
0.0,0.0,0.0,0.40303051471710205,-0.10375907272100449,-0.18567946553230286,0.7468751072883606,-0.41383370757102966,-0.2468862682580948,0.9877527952194214,-0.6769254803657532,-0.31289294362068176,1.1987686157226562,-0.8450430631637573,-0.3779682517051697,0.42541253566741943,-0.945686399936676,-0.0990898460149765,0.5621308088302612,-1.326890230178833,-0.23115430772304535,0.6356585621833801,-1.5830168724060059,-0.31595802307128906,0.7007884383201599,-1.8062191009521484,-0.36048272252082825,0.1698487401008606,-0.9797980785369873,-0.10558033734560013,0.17063644528388977,-1.4124245643615723,-0.2840219736099243,0.17150987684726715,-1.7190320491790771,-0.3972853422164917,0.17412270605564117,-1.9831371307373047,-0.43972545862197876,-0.0685557872056961,-0.9103342890739441,-0.1343976855278015,-0.10859337449073792,-1.0660114288330078,-0.4186457693576813,-0.061813101172447205,-0.7314485311508179,-0.4598631262779236,-0.025494646281003952,-0.48368558287620544,-0.38962453603744507,-0.2823432385921478,-0.78299480676651,-0.17336024343967438,-0.31154292821884155,-0.9431160688400269,-0.38750800490379333,-0.2523547410964966,-0.7066303491592407,-0.3693482279777527,-0.1972525268793106,-0.5026860237121582,-0.2895635962486267
0.0,0.0,0.0,0.41566553711891174,-0.10264215618371964,-0.166019469499588,0.7608880996704102,-0.4002310633659363,-0.21238376200199127,0.9708126187324524,-0.6637502312660217,-0.2653157114982605,1.1521217823028564,-0.8456898927688599,-0.3166244626045227,0.4494597315788269,-0.9408699870109558,-0.0751228779554367,0.5859880447387695,-1.3122221231460571,-0.1910870373249054,0.6519247889518738,-1.563720703125,-0.2643715441226959,0.7083094120025635,-1.781670093536377,-0.3010164797306061,0.19862063229084015,-0.9764228463172913,-0.08454684913158417,0.20785225927829742,-1.3999090194702148,-0.2451898455619812,0.2160298377275467,-1.7007665634155273,-0.3492199182510376,0.22580567002296448,-1.9580270051956177,-0.3864237368106842,-0.0376812145113945,-0.9089635610580444,-0.11408447474241257,-0.058328934013843536,-1.0558892488479614,-0.37955689430236816,-0.016704533249139786,-0.7309183478355408,-0.4179432690143585,0.013682027347385883,-0.4897057116031647,-0.3490693271160126,-0.2540138363838196,-0.7829787731170654,-0.15211348235607147,-0.26743388175964355,-0.932761013507843,-0.3505423963069916,-0.2083209753036499,-0.7078976631164551,-0.33048883080482483,-0.15581783652305603,-0.5139490962028503,-0.2516070306301117
0.0,0.0,0.0,0.41584262251853943,-0.10034742951393127,-0.16059419512748718,0.7603894472122192,-0.39256778359413147,-0.2062491476535797,0.9701646566390991,-0.645456850528717,-0.2615717053413391,1.145516037940979,-0.8191120624542236,-0.3143860697746277,0.4637087881565094,-0.9359725713729858,-0.0759010910987854,0.5977392792701721,-1.319672703742981,-0.19960738718509674,0.6713088154792786,-1.5726923942565918,-0.2755271792411804,0.7366924285888672,-1.7905775308609009,-0.3116557002067566,0.21150502562522888,-0.9730774164199829,-0.0915745347738266,0.22840963304042816,-1.400067925453186,-0.2628047466278076,0.23828625679016113,-1.7091928720474243,-0.37291985750198364,0.25109314918518066,-1.9674817323684692,-0.41132867336273193,-0.026021389290690422,-0.9069064259529114,-0.12723642587661743,-0.03327549621462822,-1.0227415561676025,-0.3999827802181244,0.007842695340514183,-0.698976993560791,-0.44166362285614014,0.04004630446434021,-0.45837247371673584,-0.37210991978645325,-0.2469005286693573,-0.7823067307472229,-0.17124967277050018,-0.24802285432815552,-0.9088279008865356,-0.37071144580841064,-0.18690839409828186,-0.6797810792922974,-0.3502536416053772,-0.1339101344347,-0.4851512908935547,-0.26989927887916565
0.0,0.0,0.0,0.40616562962532043,-0.09779663383960724,-0.16685234010219574,0.7473614811897278,-0.3939080536365509,-0.21872968971729279,0.9578760266304016,-0.6468064785003662,-0.2779387831687927,1.1319655179977417,-0.8224334716796875,-0.3351816236972809,0.4537302851676941,-0.9388366341590881,-0.09010384231805801,0.5778061151504517,-1.3193533420562744,-0.21407164633274078,0.6485966444015503,-1.5700929164886475,-0.28933554887771606,0.7172974944114685,-1.786681056022644,-0.3254883289337158,0.2014068365097046,-0.9740511178970337,-0.1032458022236824,0.20876719057559967,-1.3926112651824951,-0.2744992971420288,0.21824954450130463,-1.6968934535980225,-0.3812801241874695,0.23241598904132843,-1.953709363937378,-0.41769886016845703,-0.03641354292631149,-0.9088465571403503,-0.13660399615764618,-0.05697973817586899,-1.0332257747650146,-0.413286954164505,-0.018693584948778152,-0.6998603940010071,-0.453759104013443,0.013433817774057388,-0.4558277130126953,-0.38256970047950745,-0.25788822770118713,-0.7851980328559875,-0.1782197505235672,-0.2682797610759735,-0.9157172441482544,-0.38303154706954956,-0.20946742594242096,-0.6810530424118042,-0.3643339276313782,-0.1533142775297165,-0.48503679037094116,-0.28445011377334595
0.0,0.0,0.0,0.4177376627922058,-0.0751061886548996,-0.16517987847328186,0.7827954292297363,-0.3640599250793457,-0.20714624226093292,1.0077576637268066,-0.6116723418235779,-0.2557620108127594,1.19157874584198,-0.7678622603416443,-0.30205589532852173,0.49775105714797974,-0.9200892448425293,-0.07795590162277222,0.6417520046234131,-1.3046464920043945,-0.1933213770389557,0.719170868396759,-1.555200457572937,-0.26149582862854004,0.7909311056137085,-1.7688860893249512,-0.29367631673812866,0.2513251006603241,-0.9636706113815308,-0.09041359275579453,0.28004562854766846,-1.4038256406784058,-0.2553429901599884,0.3050278425216675,-1.7113078832626343,-0.3598129451274872,0.3303866684436798,-1.9682015180587769,-0.3945785164833069,0.016312051564455032,-0.9070637822151184,-0.12343057990074158,0.014147575944662094,-1.0375099182128906,-0.39879998564720154,0.044890422374010086,-0.7055310010910034,-0.4424901008605957,0.0681426003575325,-0.46154865622520447,-0.37370163202285767,-0.2104092836380005,-0.7954200506210327,-0.1645868420600891,-0.20074445009231567,-0.934554398059845,-0.37087753415107727,-0.1511286348104477,-0.6983339786529541,-0.355488121509552,-0.10898653417825699,-0.5007338523864746,-0.2788887917995453
0.0,0.0,0.0,0.4263319969177246,-0.07364530861377716,-0.16647033393383026,0.8006065487861633,-0.35958221554756165,-0.21140846610069275,1.0250790119171143,-0.6078030467033386,-0.26299792528152466,1.2146517038345337,-0.7734613418579102,-0.31203022599220276,0.5085104703903198,-0.9199092984199524,-0.07928437739610672,0.6488684415817261,-1.3103147745132446,-0.2010444849729538,0.7330340147018433,-1.565584659576416,-0.2737956643104553,0.814618706703186,-1.7816898822784424,-0.30794233083724976,0.26189982891082764,-0.9606969356536865,-0.09203273057937622,0.28754132986068726,-1.4050190448760986,-0.2627357840538025,0.3131668269634247,-1.7152159214019775,-0.37112346291542053,0.3417568504810333,-1.9732015132904053,-0.407921701669693,0.025975868105888367,-0.9011508822441101,-0.12512339651584625,0.024690696969628334,-1.039001226425171,-0.4047730565071106,0.05849025398492813,-0.7056506276130676,-0.44501587748527527,0.08410820364952087,-0.46261128783226013,-0.37203943729400635,-0.20442305505275726,-0.7846972942352295,-0.16606956720352173,-0.1940879225730896,-0.9376496076583862,-0.37428605556488037,-0.1372961848974228,-0.693264365196228,-0.3527509272098541,-0.09364128112792969,-0.4917950928211212,-0.2700417935848236
0.0,0.0,0.0,0.4320327043533325,-0.06950223445892334,-0.17882151901721954,0.8067445755004883,-0.36299997568130493,-0.2230401486158371,1.025230050086975,-0.613450288772583,-0.27061712741851807,1.2238943576812744,-0.7701468467712402,-0.3141310214996338,0.5179850459098816,-0.9224720597267151,-0.0852092057466507,0.6482139229774475,-1.3157234191894531,-0.2071416825056076,0.7304885387420654,-1.573825716972351,-0.2757945954799652,0.8133196234703064,-1.7883132696151733,-0.3060791790485382,0.2604648172855377,-0.9612784385681152,-0.09000994265079498,0.2875889837741852,-1.413163423538208,-0.2650623619556427,0.31722304224967957,-1.7256274223327637,-0.370184987783432,0.35177767276763916,-1.9773027896881104,-0.4029744267463684,0.015000679530203342,-0.89862459897995,-0.11691023409366608,0.025288516655564308,-1.041475772857666,-0.4030320644378662,0.06076907366514206,-0.7074388265609741,-0.4433676302433014,0.08742067962884903,-0.4595412611961365,-0.3678041100502014,-0.22392289340496063,-0.7831900119781494,-0.15206089615821838,-0.19890528917312622,-0.9443672299385071,-0.36077433824539185,-0.14388997852802277,-0.6998679041862488,-0.3392941951751709,-0.10904154926538467,-0.5004741549491882,-0.2571909427642822
0.0,0.0,0.0,0.4379565715789795,-0.06240835040807724,-0.16314256191253662,0.8109896183013916,-0.3522299826145172,-0.20196080207824707,1.0338613986968994,-0.5891320705413818,-0.2493216097354889,1.2289036512374878,-0.7417004108428955,-0.2931704819202423,0.5320696830749512,-0.9179884791374207,-0.062285952270030975,0.6894721984863281,-1.306767225265503,-0.18179689347743988,0.7843059301376343,-1.5607593059539795,-0.25021013617515564,0.8756236433982849,-1.7692208290100098,-0.2793993651866913,0.2790229916572571,-0.9571515917778015,-0.07750503718852997,0.334652841091156,-1.4114850759506226,-0.25127941370010376,0.38457995653152466,-1.7204838991165161,-0.35903090238571167,0.4328395128250122,-1.971477746963501,-0.3933589458465576,0.031945500522851944,-0.8978995680809021,-0.11413639038801193,0.08110782504081726,-1.0426751375198364,-0.40473270416259766,0.10923615843057632,-0.7059628367424011,-0.44553643465042114,0.12203998863697052,-0.45573702454566956,-0.3687553107738495,-0.21496056020259857,-0.7833976149559021,-0.15727858245372772,-0.1532127410173416,-0.9504830241203308,-0.36855319142341614,-0.0979079157114029,-0.7055574655532837,-0.34262245893478394,-0.07459244877099991,-0.5013887882232666,-0.2563096582889557
0.0,0.0,0.0,0.4459363520145416,-0.05620094761252403,-0.1705624908208847,0.8299432396888733,-0.32623010873794556,-0.21349695324897766,1.0609514713287354,-0.5610580444335938,-0.2645222842693329,1.2630729675292969,-0.7200562953948975,-0.3112023174762726,0.5642096996307373,-0.8996565341949463,-0.06667375564575195,0.7463369965553284,-1.2925689220428467,-0.19197863340377808,0.855722963809967,-1.5526859760284424,-0.2634986639022827,0.9569185972213745,-1.7678534984588623,-0.293582558631897,0.30987533926963806,-0.9473910331726074,-0.08017140626907349,0.39104434847831726,-1.4144459962844849,-0.26135343313217163,0.4575202763080597,-1.735353946685791,-0.372940331697464,0.5195366740226746,-1.9983264207839966,-0.4090428650379181,0.053923942148685455,-0.8985511064529419,-0.115803562104702,0.13281752169132233,-1.0400289297103882,-0.4156862199306488,0.15237709879875183,-0.6990036368370056,-0.45606300234794617,0.15522500872612,-0.44844311475753784,-0.3759221136569977,-0.20335839688777924,-0.7964792847633362,-0.1583901047706604,-0.11139888316392899,-0.9664986729621887,-0.37626898288726807,-0.062175922095775604,-0.7075931429862976,-0.3480013906955719,-0.05107477679848671,-0.4932398498058319,-0.25793641805648804
0.0,0.0,0.0,0.4395197033882141,-0.056854020804166794,-0.17379149794578552,0.8214539289474487,-0.3283763825893402,-0.22171835601329803,1.0550756454467773,-0.564628005027771,-0.2766631841659546,1.2690699100494385,-0.7161275148391724,-0.3269737958908081,0.5741531848907471,-0.8896759152412415,-0.0759023055434227,0.7582685947418213,-1.2771247625350952,-0.19941836595535278,0.8629537224769592,-1.5339913368225098,-0.26869693398475647,0.9607024192810059,-1.746334433555603,-0.2987222969532013,0.3224279284477234,-0.9423354268074036,-0.0896894708275795,0.40661007165908813,-1.4024986028671265,-0.2708094120025635,0.47537004947662354,-1.7163435220718384,-0.38197728991508484,0.5395346879959106,-1.9746116399765015,-0.41794732213020325,0.0689878761768341,-0.8953679800033569,-0.12536296248435974,0.14801661670207977,-1.0334677696228027,-0.42493245005607605,0.16587507724761963,-0.6937428116798401,-0.46728935837745667,0.16821061074733734,-0.4475835859775543,-0.38940897583961487,-0.1858367919921875,-0.7952042818069458,-0.1680246889591217,-0.09394337236881256,-0.9636006951332092,-0.3873111605644226,-0.04173331335186958,-0.7103403806686401,-0.36328184604644775,-0.025680694729089737,-0.5016153454780579,-0.27665743231773376
0.0,0.0,0.0,0.45572909712791443,-0.05633232370018959,-0.15869519114494324,0.8445580005645752,-0.3418623208999634,-0.1866328865289688,1.0746252536773682,-0.5706599950790405,-0.2221013754606247,1.2723064422607422,-0.7075565457344055,-0.2539752721786499,0.5631533265113831,-0.9081370234489441,-0.05341174826025963,0.7381015419960022,-1.297232747077942,-0.16417628526687622,0.8420565724372864,-1.553001880645752,-0.22468270361423492,0.9382472634315491,-1.7596535682678223,-0.24870020151138306,0.3063770532608032,-0.9494906663894653,-0.06782819330692291,0.3690235912799835,-1.4216543436050415,-0.23927737772464752,0.4302409589290619,-1.7387385368347168,-0.34514859318733215,0.48962828516960144,-1.9970306158065796,-0.37690258026123047,0.05483705922961235,-0.8929736614227295,-0.10286662727594376,0.11979162693023682,-1.0407497882843018,-0.39464041590690613,0.13823506236076355,-0.6924094557762146,-0.4355696439743042,0.14027564227581024,-0.44420844316482544,-0.35604578256607056,-0.19456008076667786,-0.7865452766418457,-0.1438327133655548,-0.11434222012758255,-0.9621013402938843,-0.36063459515571594,-0.06759637594223022,-0.7070356607437134,-0.3372185230255127,-0.05395698547363281,-0.5011531114578247,-0.2504855990409851
0.0,0.0,0.0,0.4508977234363556,-0.05124237760901451,-0.18218964338302612,0.8566797375679016,-0.31283706426620483,-0.22628001868724823,1.0965100526809692,-0.5423522591590881,-0.27443182468414307,1.2806147336959839,-0.7227306962013245,-0.3178710341453552,0.5832983255386353,-0.8824502825737,-0.06830542534589767,0.7765841484069824,-1.2603895664215088,-0.18640033900737762,0.8871402144432068,-1.5176877975463867,-0.25912001729011536,0.9845305681228638,-1.7344274520874023,-0.2930315434932709,0.32541775703430176,-0.9422873854637146,-0.07872582226991653,0.4011392295360565,-1.4054574966430664,-0.24774208664894104,0.46477416157722473,-1.72507905960083,-0.3576691746711731,0.5240567922592163,-1.9887633323669434,-0.39433735609054565,0.07291129976511002,-0.8969599604606628,-0.11273974925279617,0.123646080493927,-1.0657175779342651,-0.40256616473197937,0.1381310522556305,-0.732204020023346,-0.4477083086967468,0.1407352089881897,-0.4914616346359253,-0.3733448386192322,-0.17430585622787476,-0.7898327112197876,-0.15524044632911682,-0.11183549463748932,-0.9713475108146667,-0.37757760286331177,-0.06757896393537521,-0.7203338146209717,-0.35681357979774475,-0.0463581420481205,-0.5058618187904358,-0.2701701819896698
0.0,0.0,0.0,0.43470045924186707,-0.05791424587368965,-0.1850191354751587,0.8128427267074585,-0.3109726011753082,-0.23932915925979614,1.0405097007751465,-0.5411694049835205,-0.29667043685913086,1.2582073211669922,-0.6832467913627625,-0.3505764901638031,0.550068736076355,-0.8846376538276672,-0.07648199796676636,0.7295915484428406,-1.2390244007110596,-0.19168512523174286,0.829882800579071,-1.482580304145813,-0.2661738395690918,0.9130727052688599,-1.6948188543319702,-0.30567634105682373,0.30198726058006287,-0.9497097134590149,-0.0827958956360817,0.36251914501190186,-1.4033424854278564,-0.2470034509897232,0.4096447229385376,-1.7091604471206665,-0.3537588119506836,0.44941389560699463,-1.9697846174240112,-0.39173126220703125,0.058485209941864014,-0.9054785370826721,-0.1115882620215416,0.08172313868999481,-1.0842002630233765,-0.3897016942501068,0.09764372557401657,-0.7520129084587097,-0.42895933985710144,0.10424305498600006,-0.5190549492835999,-0.35687801241874695,-0.1755700707435608,-0.8010382652282715,-0.14966845512390137,-0.13464851677417755,-0.9880854487419128,-0.3582804501056671,-0.09641135483980179,-0.7460784912109375,-0.3341132402420044,-0.07196042686700821,-0.5466588139533997,-0.2509302496910095
0.0,0.0,0.0,0.4282861649990082,-0.06851912289857864,-0.1774926334619522,0.8044345378875732,-0.3144856095314026,-0.2335805892944336,1.0357524156570435,-0.5346454381942749,-0.29681622982025146,1.2345032691955566,-0.6812343001365662,-0.3569636642932892,0.5302655696868896,-0.8937685489654541,-0.07324010133743286,0.7118147611618042,-1.2578794956207275,-0.19712916016578674,0.8177706003189087,-1.5078697204589844,-0.2768809199333191,0.9096826910972595,-1.7201992273330688,-0.3156273365020752,0.28362542390823364,-0.9550843238830566,-0.08585182577371597,0.34410175681114197,-1.4155356884002686,-0.25469088554382324,0.39148956537246704,-1.7305991649627686,-0.363965779542923,0.4358619749546051,-1.9937876462936401,-0.4011141359806061,0.037842001765966415,-0.9091668725013733,-0.12057342380285263,0.0758611410856247,-1.0828590393066406,-0.3996952474117279,0.08207619935274124,-0.7538022398948669,-0.43550822138786316,0.08202327787876129,-0.517461895942688,-0.35874858498573303,-0.19764815270900726,-0.8048255443572998,-0.16464804112911224,-0.15231595933437347,-0.9927632212638855,-0.368209570646286,-0.1214451938867569,-0.7613226175308228,-0.3367503583431244,-0.1019986942410469,-0.5651578903198242,-0.24694636464118958
0.0,0.0,0.0,0.4341655373573303,-0.05464663729071617,-0.155027836561203,0.8031175136566162,-0.3044513761997223,-0.19551780819892883,1.0320566892623901,-0.5160233974456787,-0.24528561532497406,1.2333316802978516,-0.6610671281814575,-0.29191794991493225,0.5545310378074646,-0.8902481198310852,-0.05200667306780815,0.7358831763267517,-1.2410355806350708,-0.1627667099237442,0.8423871994018555,-1.485486388206482,-0.2337563931941986,0.9293832778930664,-1.6911205053329468,-0.2675744891166687,0.31207433342933655,-0.9474872946739197,-0.06983857601881027,0.3778845965862274,-1.3999704122543335,-0.2214142233133316,0.437211811542511,-1.702448844909668,-0.32198014855384827,0.4891521632671356,-1.9499094486236572,-0.3566926419734955,0.06940118968486786,-0.902529239654541,-0.10816209763288498,0.10561810433864594,-1.0557307004928589,-0.36578473448753357,0.116807721555233,-0.7423100471496582,-0.4009452164173126,0.11640487611293793,-0.5132328867912292,-0.3297983705997467,-0.1665288507938385,-0.8026511669158936,-0.15459945797920227,-0.1218574047088623,-0.9706206321716309,-0.34138375520706177,-0.08585258573293686,-0.7450539469718933,-0.31099334359169006,-0.06778422743082047,-0.5526101589202881,-0.2264397144317627
0.0,0.0,0.0,0.434541255235672,-0.04857043921947479,-0.16671033203601837,0.8085294365882874,-0.2973341941833496,-0.2097705602645874,1.045546293258667,-0.5236977338790894,-0.26128098368644714,1.2597004175186157,-0.6704502701759338,-0.31035730242729187,0.5503482222557068,-0.8811110258102417,-0.05213751271367073,0.7422157526016235,-1.2262152433395386,-0.16431820392608643,0.8581947088241577,-1.470454454421997,-0.23887290060520172,0.9563613533973694,-1.6765433549880981,-0.2758226990699768,0.3155021071434021,-0.9466670751571655,-0.06542064994573593,0.39092808961868286,-1.3941247463226318,-0.2176213264465332,0.456959068775177,-1.6982120275497437,-0.32163822650909424,0.5144867300987244,-1.9492946863174438,-0.35959482192993164,0.07906801253557205,-0.9121578335762024,-0.10125197470188141,0.13762080669403076,-1.0679166316986084,-0.36290523409843445,0.14274075627326965,-0.7533627152442932,-0.4031979441642761,0.13451159000396729,-0.5215098857879639,-0.33545738458633423,-0.1514202058315277,-0.825354278087616,-0.14667584002017975,-0.08924087882041931,-1.0032665729522705,-0.3394952118396759,-0.05522697791457176,-0.7859810590744019,-0.31557294726371765,-0.04143517464399338,-0.589505136013031,-0.2352920025587082
0.0,0.0,0.0,0.4355183243751526,-0.07421325147151947,-0.15261074900627136,0.7944372296333313,-0.3318921625614166,-0.19300994277000427,1.0156574249267578,-0.5486112236976624,-0.2453027218580246,1.2117029428482056,-0.6838253140449524,-0.2961631119251251,0.5305970311164856,-0.901557445526123,-0.05030396953225136,0.7150506973266602,-1.2524532079696655,-0.16372041404247284,0.8206328749656677,-1.4883602857589722,-0.2401251643896103,0.9091016054153442,-1.691085696220398,-0.2793830335140228,0.28312668204307556,-0.9564597010612488,-0.07088164985179901,0.3502303957939148,-1.4028607606887817,-0.22231340408325195,0.4055880010128021,-1.7041594982147217,-0.3271319270133972,0.4545851945877075,-1.955071210861206,-0.3678455650806427,0.04268454387784004,-0.9055577516555786,-0.11173668503761292,0.08322592824697495,-1.080149531364441,-0.36671939492225647,0.10508083552122116,-0.7729373574256897,-0.40643739700317383,0.1086321771144867,-0.5376973152160645,-0.3427334725856781,-0.18888671696186066,-0.7905797958374023,-0.16087742149829865,-0.1407594531774521,-0.96925288438797,-0.3487247824668884,-0.08819309622049332,-0.7555263638496399,-0.32247647643089294,-0.06155851110816002,-0.55657559633255,-0.24266622960567474
0.0,0.0,0.0,0.42756426334381104,-0.10642321407794952,-0.1639074981212616,0.7833314538002014,-0.38284820318222046,-0.2069907933473587,0.998039722442627,-0.629295289516449,-0.2586219012737274,1.1835280656814575,-0.7802955508232117,-0.3073917627334595,0.4684099555015564,-0.9322723746299744,-0.04788929596543312,0.6183262467384338,-1.307639718055725,-0.16079771518707275,0.6953713297843933,-1.5559552907943726,-0.23515720665454865,0.7575443983078003,-1.7701793909072876,-0.2726183533668518,0.2177458107471466,-0.9740362167358398,-0.061969395726919174,0.2364913672208786,-1.4288965463638306,-0.2204597294330597,0.2522214353084564,-1.7357759475708008,-0.3274383544921875,0.26776358485221863,-1.9945875406265259,-0.3657321035861969,-0.018416723236441612,-0.9095120429992676,-0.09746731072664261,-0.01573358103632927,-1.0841524600982666,-0.36227717995643616,0.023163992911577225,-0.7688781023025513,-0.40029048919677734,0.04637272655963898,-0.534795343875885,-0.3305708169937134,-0.2428908348083496,-0.785765528678894,-0.1417110413312912,-0.23139512538909912,-0.969167172908783,-0.335884690284729,-0.1737622171640396,-0.7441640496253967,-0.3063386082649231,-0.13196834921836853,-0.5467177033424377,-0.22109200060367584
0.0,0.0,0.0,0.40880829095840454,-0.1345488578081131,-0.16994711756706238,0.7386547923088074,-0.43785762786865234,-0.21977993845939636,0.9265352487564087,-0.6925461888313293,-0.27621182799339294,1.093360424041748,-0.855970561504364,-0.3293876349925995,0.3922836482524872,-0.9648114442825317,-0.0679885670542717,0.5189332365989685,-1.344826102256775,-0.1810363382101059,0.5863671898841858,-1.5902470350265503,-0.2566376328468323,0.6401636600494385,-1.8058736324310303,-0.2955593168735504,0.13587580621242523,-0.9876214861869812,-0.07836831361055374,0.13164010643959045,-1.4311755895614624,-0.23302702605724335,0.13203194737434387,-1.7326829433441162,-0.3376905918121338,0.1313285082578659,-1.9893474578857422,-0.3771166503429413,-0.09537861496210098,-0.9085193872451782,-0.10981782525777817,-0.116954006254673,-1.0753642320632935,-0.3672974407672882,-0.05946100875735283,-0.7653920650482178,-0.40650349855422974,-0.022995756939053535,-0.5331317186355591,-0.3416140079498291,-0.3039748966693878,-0.771283745765686,-0.15070383250713348,-0.31867730617523193,-0.95147705078125,-0.33937668800354004,-0.25137072801589966,-0.7308486104011536,-0.3115697205066681,-0.1968170553445816,-0.5322591066360474,-0.23030702769756317
0.0,0.0,0.0,0.40042486786842346,-0.14704497158527374,-0.1888437718153,0.7260426878929138,-0.47790682315826416,-0.24465543031692505,0.9115313291549683,-0.7656101584434509,-0.3023848831653595,1.076694130897522,-0.9563920497894287,-0.35671836137771606,0.33602985739707947,-0.9815499186515808,-0.08916034549474716,0.4451829493045807,-1.372165322303772,-0.2106017768383026,0.5020583868026733,-1.622760534286499,-0.2891911268234253,0.5488681197166443,-1.8432936668395996,-0.3285020589828491,0.0752532035112381,-0.9931936860084534,-0.08890017122030258,0.03850697726011276,-1.4297800064086914,-0.2551099956035614,0.012789110653102398,-1.7302184104919434,-0.3640097379684448,-0.009433104656636715,-1.9872337579727173,-0.4038163423538208,-0.1544950008392334,-0.9051371216773987,-0.11075668781995773,-0.19228067994117737,-1.0446441173553467,-0.38116392493247986,-0.12174820899963379,-0.7269107699394226,-0.4222193956375122,-0.07184594869613647,-0.4914664626121521,-0.35465767979621887,-0.35667741298675537,-0.763532817363739,-0.14297686517238617,-0.3877427279949188,-0.9110970497131348,-0.3410613536834717,-0.3137935698032379,-0.6816558837890625,-0.31617704033851624,-0.24880391359329224,-0.48552513122558594,-0.23427198827266693
0.0,0.0,0.0,0.39294731616973877,-0.16654865443706512,-0.17961221933364868,0.7035863399505615,-0.5198313593864441,-0.2279253453016281,0.887754499912262,-0.8126456141471863,-0.279198557138443,1.048683524131775,-0.9989849328994751,-0.32744547724723816,0.30363526940345764,-0.9894750714302063,-0.08129092305898666,0.3924245536327362,-1.3884127140045166,-0.2006778120994568,0.4355001449584961,-1.6463156938552856,-0.27667534351348877,0.4696464538574219,-1.8716111183166504,-0.31512942910194397,0.043864358216524124,-0.995489239692688,-0.08412547409534454,-0.024314401671290398,-1.4268759489059448,-0.2524489760398865,-0.06986434012651443,-1.726780652999878,-0.36220088601112366,-0.11159715801477432,-1.9816951751708984,-0.40181222558021545,-0.18100757896900177,-0.9037774801254272,-0.10874132066965103,-0.26218634843826294,-1.0305683612823486,-0.3797692358493805,-0.1792118102312088,-0.7117981314659119,-0.42373600602149963,-0.11596247553825378,-0.4797293245792389,-0.3577139675617218,-0.3777795135974884,-0.7600152492523193,-0.14319957792758942,-0.4492775797843933,-0.8935888409614563,-0.34091565012931824,-0.36877983808517456,-0.6721580028533936,-0.3207032084465027,-0.289530485868454,-0.4879096448421478,-0.24282266199588776
0.0,0.0,0.0,0.3808116912841797,-0.16044694185256958,-0.19345645606517792,0.6781342625617981,-0.5054795742034912,-0.2536334991455078,0.8719203472137451,-0.7989726662635803,-0.31388747692108154,1.029047966003418,-0.9937593936920166,-0.37163931131362915,0.2865494191646576,-0.9813705086708069,-0.11275114864110947,0.36729633808135986,-1.3856608867645264,-0.24251921474933624,0.40562206506729126,-1.6477254629135132,-0.32264769077301025,0.43212980031967163,-1.8783655166625977,-0.3629642128944397,0.025449087843298912,-0.9936410188674927,-0.10968021303415298,-0.05481570586562157,-1.4245755672454834,-0.2868995666503906,-0.11108464747667313,-1.7228596210479736,-0.3950503468513489,-0.16325902938842773,-1.9749667644500732,-0.4313054382801056,-0.19698643684387207,-0.904414713382721,-0.12858635187149048,-0.3055855929851532,-1.022859811782837,-0.40515783429145813,-0.21927867829799652,-0.7032585740089417,-0.44897720217704773,-0.1464255303144455,-0.4720304310321808,-0.3814820945262909,-0.3863700032234192,-0.7616626024246216,-0.15807916224002838,-0.48094409704208374,-0.8778618574142456,-0.35961219668388367,-0.39721736311912537,-0.6558732390403748,-0.3414841890335083,-0.30454373359680176,-0.47354573011398315,-0.2638750970363617
0.0,0.0,0.0,0.38142096996307373,-0.1680583953857422,-0.18863674998283386,0.6632175445556641,-0.5145207643508911,-0.2442827671766281,0.8403222560882568,-0.8100447058677673,-0.29999813437461853,0.9899308681488037,-1.0023173093795776,-0.3534949719905853,0.2647738456726074,-0.9885193705558777,-0.10780881345272064,0.3361104428768158,-1.3951387405395508,-0.23218941688537598,0.3657522201538086,-1.658311367034912,-0.3086342215538025,0.383274644613266,-1.8867548704147339,-0.3464524745941162,0.0008392009185627103,-0.9946247339248657,-0.10354125499725342,-0.09234178811311722,-1.4189924001693726,-0.2756596505641937,-0.16231779754161835,-1.717633843421936,-0.3814569115638733,-0.22448015213012695,-1.9668980836868286,-0.41649627685546875,-0.22017700970172882,-0.8993699550628662,-0.1205320805311203,-0.33767780661582947,-1.008152961730957,-0.3898421823978424,-0.24711973965168,-0.6968526244163513,-0.43360546231269836,-0.16817276179790497,-0.4704734683036804,-0.36755064129829407,-0.4044930338859558,-0.750035285949707,-0.14789831638336182,-0.5064263343811035,-0.862527072429657,-0.34386545419692993,-0.41838544607162476,-0.6476735472679138,-0.32652467489242554,-0.3178746700286865,-0.47110021114349365,-0.2503741979598999
0.0,0.0,0.0,0.37470704317092896,-0.18005265295505524,-0.18902966380119324,0.6436080932617188,-0.5317444801330566,-0.24833182990550995,0.8195511102676392,-0.8347000479698181,-0.3086020350456238,0.9632403254508972,-1.0360512733459473,-0.36719316244125366,0.2365083545446396,-0.9926247596740723,-0.11965575814247131,0.29653096199035645,-1.4103797674179077,-0.2487981915473938,0.31930407881736755,-1.6783045530319214,-0.3262990713119507,0.32558244466781616,-1.9115790128707886,-0.36527326703071594,-0.028319327160716057,-0.9926980137825012,-0.11725448071956635,-0.13648270070552826,-1.4151017665863037,-0.29620206356048584,-0.22774368524551392,-1.7153924703598022,-0.4031977355480194,-0.3128795027732849,-1.9623053073883057,-0.438895046710968,-0.2476675659418106,-0.8919795155525208,-0.13570638000965118,-0.3842432498931885,-0.9969903230667114,-0.4086275100708008,-0.28592801094055176,-0.6912906765937805,-0.45072171092033386,-0.19805067777633667,-0.46639230847358704,-0.3835282623767853,-0.4271414279937744,-0.7375592589378357,-0.16480743885040283,-0.544227123260498,-0.8412182331085205,-0.3653041422367096,-0.44680243730545044,-0.6284221410751343,-0.3499166667461395,-0.33289021253585815,-0.451501727104187,-0.2745209038257599
0.0,0.0,0.0,0.36477383971214294,-0.18260693550109863,-0.19169382750988007,0.6236295700073242,-0.5371602177619934,-0.2534278929233551,0.8021336197853088,-0.8409313559532166,-0.3150784373283386,0.9489173889160156,-1.0439738035202026,-0.3750914931297302,0.21958041191101074,-0.9900728464126587,-0.12816187739372253,0.26933902502059937,-1.41095769405365,-0.2583513855934143,0.2848215401172638,-1.6773598194122314,-0.33516594767570496,0.28527915477752686,-1.9117343425750732,-0.3741645812988281,-0.0420723631978035,-0.9915138483047485,-0.12300527840852737,-0.1579676866531372,-1.4032809734344482,-0.30412137508392334,-0.25930964946746826,-1.6984795331954956,-0.41268399357795715,-0.3527468740940094,-1.9459632635116577,-0.45019960403442383,-0.2583160102367401,-0.8926270604133606,-0.13836611807346344,-0.42023828625679016,-0.9843631386756897,-0.4097740054130554,-0.32614850997924805,-0.6764689683914185,-0.4522290527820587,-0.23386690020561218,-0.4545929431915283,-0.3870024085044861,-0.4352071285247803,-0.7406705617904663,-0.1647370159626007,-0.577206552028656,-0.8263677358627319,-0.36201199889183044,-0.4851473867893219,-0.6177806854248047,-0.34879496693611145,-0.36356350779533386,-0.4507790207862854,-0.27690577507019043
0.0,0.0,0.0,0.35860809683799744,-0.17743273079395294,-0.20055605471134186,0.6158730387687683,-0.5368504524230957,-0.26517659425735474,0.7944542765617371,-0.8461848497390747,-0.32739001512527466,0.9409503936767578,-1.051883339881897,-0.388083815574646,0.20872050523757935,-0.9884005188941956,-0.1372523307800293,0.2568371295928955,-1.4106090068817139,-0.2697557210922241,0.2698189318180084,-1.6786776781082153,-0.34681397676467896,0.26941704750061035,-1.9145241975784302,-0.3852089047431946,-0.05090119689702988,-0.9904578924179077,-0.1280711144208908,-0.16910167038440704,-1.4031449556350708,-0.31294289231300354,-0.270206481218338,-1.6975558996200562,-0.4217655658721924,-0.36329394578933716,-1.9456483125686646,-0.4579271674156189,-0.26543307304382324,-0.8925426602363586,-0.1400146335363388,-0.4300747513771057,-0.9789737462997437,-0.41972625255584717,-0.33333322405815125,-0.6620655655860901,-0.46334147453308105,-0.23991864919662476,-0.4363848567008972,-0.39548662304878235,-0.4409869611263275,-0.7433828115463257,-0.16304031014442444,-0.5833136439323425,-0.8283059597015381,-0.36681485176086426,-0.4924969971179962,-0.613939642906189,-0.35394322872161865,-0.3732810914516449,-0.4452037215232849,-0.28010985255241394
0.0,0.0,0.0,0.36334648728370667,-0.17484036087989807,-0.21172137558460236,0.6214741468429565,-0.5282723903656006,-0.28374946117401123,0.7986312508583069,-0.8376119136810303,-0.3526404798030853,0.9455471634864807,-1.0522525310516357,-0.41980651021003723,0.20565886795520782,-0.9884479641914368,-0.14807207882404327,0.25307950377464294,-1.415954351425171,-0.28931593894958496,0.26657992601394653,-1.6879469156265259,-0.3712642192840576,0.26590949296951294,-1.9279166460037231,-0.4117969274520874,-0.05489356070756912,-0.9891470670700073,-0.13628996908664703,-0.17792150378227234,-1.4025399684906006,-0.33016932010650635,-0.28422942757606506,-1.6988319158554077,-0.44237056374549866,-0.38175731897354126,-1.9477263689041138,-0.47932207584381104,-0.26746535301208496,-0.8865178823471069,-0.14698420464992523,-0.436194509267807,-0.9678575396537781,-0.4346059262752533,-0.3352956473827362,-0.6529151797294617,-0.4793766140937805,-0.2348744124174118,-0.4295042157173157,-0.41036924719810486,-0.4410604238510132,-0.7324293255805969,-0.16963998973369598,-0.5860075354576111,-0.8141058087348938,-0.37723514437675476,-0.4929350018501282,-0.6018767356872559,-0.36457955837249756,-0.36990243196487427,-0.4365386962890625,-0.2900652587413788
0.0,0.0,0.0,0.37265557050704956,-0.16997990012168884,-0.2093038707971573,0.6422529816627502,-0.5179587602615356,-0.28094595670700073,0.8064281940460205,-0.8272145390510559,-0.3471516966819763,0.9481541514396667,-1.036867380142212,-0.41169628500938416,0.22440166771411896,-0.9815844297409058,-0.16498178243637085,0.2876442074775696,-1.4171870946884155,-0.30948755145072937,0.30172890424728394,-1.6935827732086182,-0.3894050717353821,0.3041585683822632,-1.937672734260559,-0.42566901445388794,-0.04326104000210762,-0.9876301288604736,-0.15071570873260498,-0.15921172499656677,-1.4201701879501343,-0.3465922772884369,-0.2588847875595093,-1.723899245262146,-0.4587636888027191,-0.34374216198921204,-1.980231761932373,-0.4924970865249634,-0.2644573152065277,-0.890013575553894,-0.15448588132858276,-0.4224205017089844,-0.9753202199935913,-0.43971192836761475,-0.3335914611816406,-0.6554756760597229,-0.47873520851135254,-0.24108968675136566,-0.41963276267051697,-0.40299785137176514,-0.43610990047454834,-0.7409632205963135,-0.16897110641002655,-0.5751229524612427,-0.8123502135276794,-0.3717649281024933,-0.4871874153614044,-0.5928357839584351,-0.3486694097518921,-0.3723744750022888,-0.42001938819885254,-0.26285168528556824
0.0,0.0,0.0,0.36712485551834106,-0.13689906895160675,-0.2031552642583847,0.6826924085617065,-0.46755310893058777,-0.27175173163414,0.9042993783950806,-0.7504940032958984,-0.33923864364624023,1.0921080112457275,-0.932890772819519,-0.40554124116897583,0.3218284547328949,-0.9731813073158264,-0.13464510440826416,0.42537665367126465,-1.3871937990188599,-0.27065926790237427,0.4752653241157532,-1.651976227760315,-0.35166415572166443,0.5121370553970337,-1.8883302211761475,-0.3899390995502472,0.06406580656766891,-0.9900230765342712,-0.1254984438419342,0.004678393714129925,-1.4049302339553833,-0.30767881870269775,-0.0494462214410305,-1.708071231842041,-0.41715943813323975,-0.10093741118907928,-1.9708257913589478,-0.45278942584991455,-0.1622227430343628,-0.9055442810058594,-0.13768310844898224,-0.28266969323158264,-0.9983579516410828,-0.41823408007621765,-0.2110394686460495,-0.6696217060089111,-0.4639584422111511,-0.14118781685829163,-0.4282750189304352,-0.3947770297527313,-0.35159748792648315,-0.7671188116073608,-0.1609189212322235,-0.4451630413532257,-0.8567983508110046,-0.36501067876815796,-0.3730773329734802,-0.6192318797111511,-0.3485197126865387,-0.28294363617897034,-0.4268805980682373,-0.26879823207855225
0.0,0.0,0.0,0.3772636651992798,-0.133148193359375,-0.19483517110347748,0.7144644856452942,-0.4559132754802704,-0.25921499729156494,0.9428586363792419,-0.7278600931167603,-0.3230533003807068,1.126509666442871,-0.9030792117118835,-0.3844805359840393,0.3774610757827759,-0.9537591338157654,-0.12546727061271667,0.4900447726249695,-1.3585420846939087,-0.25574183464050293,0.5470877289772034,-1.6141302585601807,-0.3307844400405884,0.5945768356323242,-1.843124270439148,-0.36457785964012146,0.12608681619167328,-0.9848824143409729,-0.11878065764904022,0.07941216230392456,-1.405517816543579,-0.29893502593040466,0.04026157781481743,-1.7059074640274048,-0.40606170892715454,0.002484885510057211,-1.9614540338516235,-0.4385443329811096,-0.09710390120744705,-0.9184488654136658,-0.13305433094501495,-0.21811138093471527,-1.0021464824676514,-0.4137025773525238,-0.1680813580751419,-0.6687343716621399,-0.46241211891174316,-0.11514059454202652,-0.4258575141429901,-0.39432626962661743,-0.293327659368515,-0.7998177409172058,-0.15729795396327972,-0.38580718636512756,-0.8853100538253784,-0.35906460881233215,-0.3352918028831482,-0.6369664072990417,-0.3430655598640442,-0.2630836069583893,-0.43756070733070374,-0.264164000749588
0.0,0.0,0.0,0.3903667628765106,-0.11966824531555176,-0.18928596377372742,0.7156770825386047,-0.441087007522583,-0.24861948192119598,0.9271818995475769,-0.7082172632217407,-0.3090224862098694,1.1046977043151855,-0.8883645534515381,-0.3678080439567566,0.3804493248462677,-0.9512113928794861,-0.12291260808706284,0.5024189352989197,-1.3587117195129395,-0.2505054771900177,0.5626522302627563,-1.6214967966079712,-0.3231240212917328,0.6089172959327698,-1.853646993637085,-0.35495343804359436,0.12609398365020752,-0.9850232005119324,-0.11759927868843079,0.08221385627985,-1.4101617336273193,-0.29657548666000366,0.05016813799738884,-1.7127927541732788,-0.40184804797172546,0.01865079626441002,-1.9695578813552856,-0.4321855902671814,-0.09690965712070465,-0.9201700091362,-0.1323627382516861,-0.213470458984375,-1.0042604207992554,-0.41524699330329895,-0.1571999341249466,-0.6692134141921997,-0.46496543288230896,-0.10167355835437775,-0.42468565702438354,-0.3956751823425293,-0.28979888558387756,-0.799376368522644,-0.15589569509029388,-0.3741156756877899,-0.8931336998939514,-0.36111384630203247,-0.312807559967041,-0.6446039080619812,-0.34569597244262695,-0.2326555997133255,-0.44165194034576416,-0.2656615078449249
0.0,0.0,0.0,0.40011289715766907,-0.1126992478966713,-0.1759117841720581,0.7393293976783752,-0.41511428356170654,-0.22966960072517395,0.9465527534484863,-0.6743176579475403,-0.28751933574676514,1.1112059354782104,-0.8599843978881836,-0.3431493639945984,0.40959495306015015,-0.9477769732475281,-0.10116291046142578,0.5346447825431824,-1.3355584144592285,-0.2282235026359558,0.5982266664505005,-1.59498131275177,-0.30466288328170776,0.652567982673645,-1.8171610832214355,-0.33894047141075134,0.15311376750469208,-0.9825255274772644,-0.10582953691482544,0.12665046751499176,-1.4098600149154663,-0.2757960557937622,0.11040147393941879,-1.7130135297775269,-0.3801512122154236,0.09897837042808533,-1.96759831905365,-0.4123067855834961,-0.07784983515739441,-0.9144701361656189,-0.1306469738483429,-0.15084072947502136,-1.0220662355422974,-0.4036061763763428,-0.10748788714408875,-0.6987107396125793,-0.44913285970687866,-0.06842142343521118,-0.4591282904148102,-0.3802981674671173,-0.2842162549495697,-0.7868631482124329,-0.1640501469373703,-0.3411424160003662,-0.8986836075782776,-0.3644793927669525,-0.27947521209716797,-0.6634958386421204,-0.3467805087566376,-0.20892564952373505,-0.46501025557518005,-0.26606592535972595
0.0,0.0,0.0,0.41090765595436096,-0.08579195290803909,-0.17337314784526825,0.7653840780258179,-0.3727136254310608,-0.22903524339199066,0.9890371561050415,-0.6245917677879333,-0.2906445860862732,1.1780511140823364,-0.7942014932632446,-0.3506138324737549,0.46733516454696655,-0.93009352684021,-0.09505317360162735,0.5973753333091736,-1.3080883026123047,-0.22264701128005981,0.6721612215042114,-1.562063217163086,-0.2998408377170563,0.7431246042251587,-1.7799427509307861,-0.3357143998146057,0.2155938744544983,-0.9710913300514221,-0.10247372835874557,0.21435920894145966,-1.3890701532363892,-0.2739763855934143,0.21816684305667877,-1.6908483505249023,-0.379700630903244,0.22794419527053833,-1.944054126739502,-0.41391175985336304,-0.019532296806573868,-0.9109978079795837,-0.13050852715969086,-0.056922852993011475,-1.0206080675125122,-0.4057430326938629,-0.022919563576579094,-0.6897074580192566,-0.44867753982543945,0.008622538298368454,-0.4439525008201599,-0.3783392012119293,-0.23772065341472626,-0.7927449345588684,-0.16724781692028046,-0.2589872479438782,-0.9050055146217346,-0.36772438883781433,-0.20397891104221344,-0.6676477789878845,-0.3489707410335541,-0.14905768632888794,-0.46940332651138306,-0.2686530649662018
0.0,0.0,0.0,0.4201297163963318,-0.08470994979143143,-0.17678923904895782,0.7855518460273743,-0.37750792503356934,-0.236728698015213,1.0125893354415894,-0.6224798560142517,-0.3037986755371094,1.2101645469665527,-0.7832978367805481,-0.3681671917438507,0.4782238304615021,-0.938234806060791,-0.10471629351377487,0.6213654279708862,-1.334316611289978,-0.24290414154529572,0.7085800766944885,-1.5969963073730469,-0.32393521070480347,0.7903127670288086,-1.8179175853729248,-0.3594321012496948,0.21517325937747955,-0.9696779251098633,-0.11586722731590271,0.23538504540920258,-1.4125192165374756,-0.30123645067214966,0.25819697976112366,-1.729404091835022,-0.41162335872650146,0.2845035195350647,-1.9898113012313843,-0.4471227526664734,-0.029826892539858818,-0.9030764102935791,-0.14772488176822662,-0.02590886689722538,-1.0284621715545654,-0.4352635145187378,0.015605214983224869,-0.695550799369812,-0.47191542387008667,0.04773585498332977,-0.44569459557533264,-0.39326024055480957,-0.2590016722679138,-0.7821860313415527,-0.18824948370456696,-0.24835513532161713,-0.9301693439483643,-0.39013466238975525,-0.19056570529937744,-0.6860120892524719,-0.35827523469924927,-0.14471200108528137,-0.4786061644554138,-0.26754164695739746
0.0,0.0,0.0,0.4279951751232147,-0.08476383984088898,-0.18646325170993805,0.803627073764801,-0.3634297251701355,-0.2482847273349762,1.0442615747451782,-0.6035448312759399,-0.31469884514808655,1.2301080226898193,-0.7734212875366211,-0.37619659304618835,0.5050685405731201,-0.9213218092918396,-0.10927338898181915,0.6709602475166321,-1.317214846611023,-0.249405637383461,0.7606733441352844,-1.5776656866073608,-0.3310924768447876,0.8459705114364624,-1.8007054328918457,-0.3685533106327057,0.24497199058532715,-0.9624411463737488,-0.1170286014676094,0.26310527324676514,-1.4028630256652832,-0.3185160756111145,0.28803572058677673,-1.713793158531189,-0.4390273094177246,0.32169264554977417,-1.9740006923675537,-0.4784311354160309,0.0001899963681353256,-0.9030054807662964,-0.14518263936042786,0.0029469134751707315,-1.0150964260101318,-0.4502151608467102,0.03723898530006409,-0.6805955171585083,-0.4932776987552643,0.06742265075445175,-0.4384067952632904,-0.4150828421115875,-0.23022863268852234,-0.7889779806137085,-0.18209218978881836,-0.21826674044132233,-0.9125303030014038,-0.40515774488449097,-0.16374778747558594,-0.6575804948806763,-0.3832489252090454,-0.11877106875181198,-0.4538416266441345,-0.2947503626346588
0.0,0.0,0.0,0.4222416877746582,-0.07929284125566483,-0.19891951978206635,0.8072717785835266,-0.35970887541770935,-0.26268431544303894,1.0466185808181763,-0.6091591119766235,-0.3278557360172272,1.240617036819458,-0.7922203540802002,-0.3868241310119629,0.5051034092903137,-0.9213943481445312,-0.10738833993673325,0.6738677024841309,-1.3218915462493896,-0.2446838915348053,0.7624711990356445,-1.5853381156921387,-0.3264504671096802,0.8469376564025879,-1.8096481561660767,-0.36456117033958435,0.2406182587146759,-0.9643283486366272,-0.11033409088850021,0.2546166181564331,-1.4206013679504395,-0.30319690704345703,0.2767387628555298,-1.7411022186279297,-0.4206749200820923,0.3087806701660156,-2.010922908782959,-0.46014320850372314,-0.0045128995552659035,-0.904639720916748,-0.13617850840091705,-0.013183757662773132,-1.0495378971099854,-0.43421828746795654,0.013024050742387772,-0.7202802300453186,-0.47344478964805603,0.03735583275556564,-0.4768073260784149,-0.39477792382240295,-0.2314886599779129,-0.7859688997268677,-0.17225098609924316,-0.231721892952919,-0.9460042715072632,-0.38876408338546753,-0.18804602324962616,-0.6993153095245361,-0.3604973554611206,-0.1487886756658554,-0.49243366718292236,-0.2691364288330078
0.0,0.0,0.0,0.42583122849464417,-0.08957837522029877,-0.211338073015213,0.7972804307937622,-0.3667949438095093,-0.28781118988990784,1.0256956815719604,-0.6175081729888916,-0.36382991075515747,1.2343801259994507,-0.7924252152442932,-0.4347047507762909,0.47694727778434753,-0.9251952171325684,-0.11497284471988678,0.6400787234306335,-1.3099030256271362,-0.25401681661605835,0.7264758348464966,-1.566449761390686,-0.3411935567855835,0.8063422441482544,-1.789376974105835,-0.3851373791694641,0.2149941623210907,-0.9699511528015137,-0.11389623582363129,0.2216486930847168,-1.4237604141235352,-0.30354657769203186,0.23647111654281616,-1.739518642425537,-0.4210231304168701,0.2552849352359772,-2.0066945552825928,-0.46191316843032837,-0.02917712926864624,-0.9043987393379211,-0.13714852929115295,-0.056349918246269226,-1.0575586557388306,-0.4345865845680237,-0.014448183588683605,-0.7243120074272156,-0.47685709595680237,0.018295083194971085,-0.48374658823013306,-0.4011751115322113,-0.25256624817848206,-0.7801437973976135,-0.17146404087543488,-0.2648008167743683,-0.9526423811912537,-0.38942378759384155,-0.21064341068267822,-0.7076452970504761,-0.3638472557067871,-0.1660601645708084,-0.5042814016342163,-0.2755780518054962
0.0,0.0,0.0,0.4002179801464081,-0.0906037911772728,-0.1912790685892105,0.7525177597999573,-0.37709954380989075,-0.2593924403190613,0.9796234965324402,-0.6330194473266602,-0.33080151677131653,1.176094651222229,-0.8035765886306763,-0.4001067280769348,0.4471633732318878,-0.9320614337921143,-0.10988664627075195,0.5903748869895935,-1.3110530376434326,-0.24144607782363892,0.6671112179756165,-1.563612699508667,-0.32346662878990173,0.7348567843437195,-1.7865924835205078,-0.36532363295555115,0.19305498898029327,-0.9746841788291931,-0.11278528720140457,0.19242848455905914,-1.4089573621749878,-0.29442599415779114,0.19534802436828613,-1.7152256965637207,-0.4073506295681,0.20134562253952026,-1.979056715965271,-0.4473876953125,-0.04069582745432854,-0.9117159247398376,-0.1368153989315033,-0.08815514296293259,-1.0566198825836182,-0.423956036567688,-0.04355567693710327,-0.7151924967765808,-0.46482276916503906,-0.006513697095215321,-0.4680461287498474,-0.3918516933917999,-0.251220703125,-0.7905465960502625,-0.17059454321861267,-0.2851331830024719,-0.9427553415298462,-0.38402193784713745,-0.228924959897995,-0.7002876400947571,-0.36364468932151794,-0.1710759699344635,-0.49649959802627563,-0.28081411123275757
0.0,0.0,0.0,0.40949517488479614,-0.09026750922203064,-0.18391694128513336,0.7652812004089355,-0.37528714537620544,-0.2476784586906433,0.9849697351455688,-0.6309728622436523,-0.3155163824558258,1.1904051303863525,-0.7914186716079712,-0.3818832337856293,0.4584847092628479,-0.9329389333724976,-0.10149899125099182,0.6019005179405212,-1.3107985258102417,-0.22736713290214539,0.6823042035102844,-1.5634652376174927,-0.30720657110214233,0.7512162327766418,-1.782865285873413,-0.34831392765045166,0.2072678804397583,-0.972441554069519,-0.1067589819431305,0.20903244614601135,-1.4115545749664307,-0.2765721082687378,0.21186579763889313,-1.7176845073699951,-0.3852892816066742,0.21549585461616516,-1.979936122894287,-0.42526641488075256,-0.025782858952879906,-0.9066392779350281,-0.1325058937072754,-0.07329661399126053,-1.0601963996887207,-0.40671291947364807,-0.03253242000937462,-0.7309496998786926,-0.4459128975868225,0.0013871283736079931,-0.49137774109840393,-0.37616610527038574,-0.23883171379566193,-0.7812334299087524,-0.1679004728794098,-0.2742066979408264,-0.9395095705986023,-0.3728746175765991,-0.21750955283641815,-0.7032954692840576,-0.35133907198905945,-0.15921635925769806,-0.5030199885368347,-0.2704029679298401
0.0,0.0,0.0,0.4194414019584656,-0.08253690600395203,-0.1803281456232071,0.785565197467804,-0.3823803663253784,-0.23577699065208435,1.0076895952224731,-0.6420304775238037,-0.2958582937717438,1.2283563613891602,-0.7863004207611084,-0.3549942076206207,0.48541924357414246,-0.9168393611907959,-0.10398165136575699,0.6373545527458191,-1.2987279891967773,-0.2298138588666916,0.7229527831077576,-1.5549774169921875,-0.3059098422527313,0.7996857166290283,-1.7757172584533691,-0.34394246339797974,0.2287929207086563,-0.9673320055007935,-0.10919037461280823,0.2382485419511795,-1.407889723777771,-0.2819204032421112,0.2483358234167099,-1.720065951347351,-0.39076870679855347,0.2614443302154541,-1.9838792085647583,-0.428879052400589,-0.00887143611907959,-0.913474440574646,-0.13413076102733612,-0.035917434841394424,-1.0500069856643677,-0.41254955530166626,-0.005348199047148228,-0.7161450982093811,-0.45498034358024597,0.01974317990243435,-0.4695286452770233,-0.3849635422229767,-0.22569112479686737,-0.7990663647651672,-0.16802628338336945,-0.24211683869361877,-0.9389304518699646,-0.3743763267993927,-0.19208984076976776,-0.698864221572876,-0.3555612862110138,-0.14187251031398773,-0.49537065625190735,-0.2755536735057831
0.0,0.0,0.0,0.4230601489543915,-0.08243227750062943,-0.16992013156414032,0.7854827642440796,-0.37401458621025085,-0.2215784192085266,1.0026136636734009,-0.6307510733604431,-0.27988940477371216,1.201186180114746,-0.778793454170227,-0.33671286702156067,0.48616546392440796,-0.9231200218200684,-0.09044408053159714,0.6356717348098755,-1.298637866973877,-0.214127779006958,0.7230658531188965,-1.5526413917541504,-0.29069361090660095,0.8031248450279236,-1.7682867050170898,-0.32963618636131287,0.23424609005451202,-0.9667049050331116,-0.10300616919994354,0.24208584427833557,-1.4094874858856201,-0.27363070845603943,0.25835978984832764,-1.7185297012329102,-0.38277289271354675,0.278700590133667,-1.9795634746551514,-0.42220640182495117,-0.0023657672572880983,-0.9052988290786743,-0.13499027490615845,-0.015008811838924885,-1.048866868019104,-0.41086074709892273,0.021447421982884407,-0.7160604000091553,-0.44999009370803833,0.04824994504451752,-0.4751049280166626,-0.3790767788887024,-0.2242642343044281,-0.7847604155540466,-0.17554692924022675,-0.22806416451931,-0.9365931749343872,-0.37968701124191284,-0.1692742556333542,-0.7035958766937256,-0.3588472604751587,-0.11807730793952942,-0.5105046629905701,-0.2788221538066864
0.0,0.0,0.0,0.42517244815826416,-0.0759035125374794,-0.16944816708564758,0.7905139327049255,-0.369460791349411,-0.21777032315731049,1.0253918170928955,-0.6190575361251831,-0.27310872077941895,1.23836088180542,-0.7589932084083557,-0.3271538317203522,0.4989485740661621,-0.9124941825866699,-0.08384700864553452,0.6618881821632385,-1.2915363311767578,-0.20637157559394836,0.7556262016296387,-1.5491600036621094,-0.2815651595592499,0.8395517468452454,-1.7674583196640015,-0.31902074813842773,0.24957077205181122,-0.9635355472564697,-0.09650816768407822,0.27324584126472473,-1.4162086248397827,-0.26657143235206604,0.29843002557754517,-1.7298781871795654,-0.3752712607383728,0.3237169086933136,-1.993428111076355,-0.4131264388561249,0.011453014798462391,-0.9086224436759949,-0.12899604439735413,0.01575423963367939,-1.0575072765350342,-0.40794044733047485,0.041922423988580704,-0.7258984446525574,-0.44800427556037903,0.05799376592040062,-0.48354968428611755,-0.3756806254386902,-0.21520285308361053,-0.7945901155471802,-0.16968655586242676,-0.20307832956314087,-0.9546630382537842,-0.3760097026824951,-0.1539163589477539,-0.7203410863876343,-0.3536141514778137,-0.11546341329813004,-0.5217616558074951,-0.27115094661712646
0.0,0.0,0.0,0.43870842456817627,-0.07188133895397186,-0.16777808964252472,0.801672101020813,-0.3508426249027252,-0.2148202657699585,1.0322463512420654,-0.5908108353614807,-0.2696296274662018,1.2431303262710571,-0.7351467609405518,-0.3226287364959717,0.5151659846305847,-0.909451425075531,-0.07314761728048325,0.6831404566764832,-1.2836697101593018,-0.1936003416776657,0.7825776934623718,-1.539287805557251,-0.2679075598716736,0.8699414134025574,-1.7550650835037231,-0.3044898808002472,0.2670109272003174,-0.9597625136375427,-0.08695390075445175,0.2998583912849426,-1.4163352251052856,-0.25955501198768616,0.3319764733314514,-1.7299017906188965,-0.37066277861595154,0.3619297444820404,-1.991125464439392,-0.4094294309616089,0.02593732252717018,-0.9040688872337341,-0.12094535678625107,0.04889760538935661,-1.0553505420684814,-0.40641430020332336,0.07445286959409714,-0.7198543548583984,-0.44790926575660706,0.08715140074491501,-0.47817859053611755,-0.37439674139022827,-0.20376712083816528,-0.7906739115715027,-0.16267652809619904,-0.17185601592063904,-0.9613767266273499,-0.37479329109191895,-0.12402860820293427,-0.7232226729393005,-0.3525899350643158,-0.09374391287565231,-0.524315357208252,-0.2692727744579315
0.0,0.0,0.0,0.4510089159011841,-0.06421549618244171,-0.16227474808692932,0.8328134417533875,-0.3355197608470917,-0.20313966274261475,1.0616705417633057,-0.5681063532829285,-0.2533078193664551,1.263782262802124,-0.7074643969535828,-0.3021296560764313,0.5451613664627075,-0.9028816819190979,-0.06351042538881302,0.7227516174316406,-1.2711594104766846,-0.18484146893024445,0.8320585489273071,-1.5269029140472412,-0.2608027756214142,0.9246116876602173,-1.7419302463531494,-0.2979302406311035,0.2972947955131531,-0.9513551592826843,-0.08086506277322769,0.3458143472671509,-1.4141030311584473,-0.25126516819000244,0.38699883222579956,-1.7279484272003174,-0.36232802271842957,0.4221387803554535,-1.9896602630615234,-0.401869535446167,0.053075823932886124,-0.8950499296188354,-0.11872085928916931,0.09484989941120148,-1.0504835844039917,-0.40166541934013367,0.11677715182304382,-0.7147657871246338,-0.4409903883934021,0.12335702776908875,-0.47447097301483154,-0.36677664518356323,-0.18492497503757477,-0.7838044166564941,-0.16440559923648834,-0.13680338859558105,-0.9606487154960632,-0.3717830777168274,-0.09037034958600998,-0.7226015329360962,-0.34602993726730347,-0.06566042453050613,-0.5234623551368713,-0.2617054581642151
0.0,0.0,0.0,0.42777130007743835,-0.06824474036693573,-0.18223322927951813,0.7985432744026184,-0.3189011216163635,-0.23693214356899261,1.0393893718719482,-0.5465161204338074,-0.2959648370742798,1.2449703216552734,-0.7040849328041077,-0.3506222069263458,0.5339447855949402,-0.8935209512710571,-0.07120019197463989,0.7156402468681335,-1.2590118646621704,-0.1893884241580963,0.8192430734634399,-1.511301040649414,-0.2652779221534729,0.9082481861114502,-1.7261435985565186,-0.3039015531539917,0.2866951525211334,-0.9546443223953247,-0.08037514984607697,0.33739668130874634,-1.4120681285858154,-0.25017914175987244,0.37977513670921326,-1.7225244045257568,-0.36113274097442627,0.4184342324733734,-1.980785846710205,-0.40046417713165283,0.044757992029190063,-0.9072651863098145,-0.11182386428117752,0.07551264017820358,-1.0790694952011108,-0.39442577958106995,0.09237866848707199,-0.7492008805274963,-0.4343634843826294,0.09960821270942688,-0.5153380036354065,-0.3611754775047302,-0.18575839698314667,-0.7996355295181274,-0.15237483382225037,-0.14183580875396729,-0.9818968176841736,-0.3664996325969696,-0.09929847717285156,-0.7344416975975037,-0.34283116459846497,-0.07407195121049881,-0.5293784141540527,-0.2575557231903076
0.0,0.0,0.0,0.43024346232414246,-0.08584443479776382,-0.19076912105083466,0.8116176128387451,-0.3284657597541809,-0.250305712223053,1.0436979532241821,-0.5507802367210388,-0.3112247586250305,1.2276155948638916,-0.7220699787139893,-0.36586618423461914,0.514789342880249,-0.9016502499580383,-0.0737324059009552,0.7025825381278992,-1.2607189416885376,-0.18641304969787598,0.8053840398788452,-1.504928469657898,-0.26165738701820374,0.8895905017852783,-1.7150371074676514,-0.2998505234718323,0.26997172832489014,-0.9599453210830688,-0.07496858388185501,0.31833499670028687,-1.4132689237594604,-0.23301835358142853,0.3571532964706421,-1.721659779548645,-0.33957329392433167,0.3909918963909149,-1.979028582572937,-0.378568559885025,0.03099650889635086,-0.9135730862617493,-0.0992366150021553,0.06656529754400253,-1.1015838384628296,-0.36562490463256836,0.08689665794372559,-0.7908370494842529,-0.40568044781684875,0.09308396279811859,-0.5649787187576294,-0.3374865651130676,-0.19406916201114655,-0.8094801902770996,-0.13399188220500946,-0.14762049913406372,-1.0013554096221924,-0.33571159839630127,-0.10683813691139221,-0.7700960636138916,-0.31128501892089844,-0.08218590915203094,-0.5689259767532349,-0.22794358432292938
0.0,0.0,0.0,0.4257844090461731,-0.0642165094614029,-0.1953319013118744,0.8025351166725159,-0.3043229579925537,-0.2555007040500641,1.033953070640564,-0.5382724404335022,-0.3174448609352112,1.2415516376495361,-0.7101914882659912,-0.3746376931667328,0.5190567970275879,-0.8992146849632263,-0.07213026285171509,0.7043542265892029,-1.255513072013855,-0.18391551077365875,0.807119607925415,-1.5013912916183472,-0.2590339481830597,0.8942951560020447,-1.7109099626541138,-0.29674383997917175,0.2741748094558716,-0.9590727090835571,-0.07076574116945267,0.3172077238559723,-1.4135407209396362,-0.22726649045944214,0.35335129499435425,-1.720569372177124,-0.3348161280155182,0.38773399591445923,-1.9762526750564575,-0.3741931915283203,0.03403787687420845,-0.9141801595687866,-0.09325587749481201,0.06866681575775146,-1.092473030090332,-0.3625350594520569,0.0756940096616745,-0.7733010053634644,-0.4047839343547821,0.07412001490592957,-0.5435799360275269,-0.3365228474140167,-0.1916576623916626,-0.8167865872383118,-0.1266709715127945,-0.14994929730892181,-1.0077909231185913,-0.3286609649658203,-0.11730699986219406,-0.7856979966163635,-0.30668556690216064,-0.09458653628826141,-0.5934893488883972,-0.2254716455936432
0.0,0.0,0.0,0.43583938479423523,-0.07145120203495026,-0.1883910596370697,0.8113076686859131,-0.31175172328948975,-0.24529308080673218,1.0432595014572144,-0.5372942090034485,-0.30619141459465027,1.253456473350525,-0.6952229738235474,-0.3622411787509918,0.5255150198936462,-0.8953920006752014,-0.0695289745926857,0.7189820408821106,-1.2522192001342773,-0.18176661431789398,0.8319866061210632,-1.495272159576416,-0.2569240629673004,0.9263056516647339,-1.704545021057129,-0.29519549012184143,0.2819303870201111,-0.9565708041191101,-0.07407784461975098,0.33153024315834045,-1.4193130731582642,-0.2310115545988083,0.3764049708843231,-1.726366400718689,-0.3384624719619751,0.41756877303123474,-1.979914665222168,-0.37853673100471497,0.042623259127140045,-0.9121322631835938,-0.10197298973798752,0.10176563262939453,-1.0928595066070557,-0.37087029218673706,0.10622739791870117,-0.775218665599823,-0.41119691729545593,0.0982409119606018,-0.5450336337089539,-0.3421526849269867,-0.18478605151176453,-0.8146688938140869,-0.14036089181900024,-0.12845580279827118,-1.016457200050354,-0.3394513726234436,-0.0962962880730629,-0.7989546656608582,-0.3131217658519745,-0.08019839972257614,-0.6048368811607361,-0.2299213707447052
0.0,0.0,0.0,0.43004220724105835,-0.10199076682329178,-0.17471128702163696,0.7932644486427307,-0.36532115936279297,-0.2261812388896942,1.0169429779052734,-0.603724479675293,-0.2854343354701996,1.2123100757598877,-0.755855917930603,-0.3418291509151459,0.47735005617141724,-0.928819477558136,-0.05735640227794647,0.6502333879470825,-1.2987323999404907,-0.1788400262594223,0.7453398704528809,-1.5464555025100708,-0.2627151608467102,0.8249820470809937,-1.764543890953064,-0.30633261799812317,0.22102007269859314,-0.9728626608848572,-0.06847112625837326,0.24992331862449646,-1.429987907409668,-0.23762255907058716,0.26777827739715576,-1.7422276735305786,-0.3549419343471527,0.2829895615577698,-2.005446434020996,-0.4014248549938202,-0.02165975235402584,-0.9120482206344604,-0.10087045282125473,-0.010157532058656216,-1.0932241678237915,-0.37631940841674805,0.018508220091462135,-0.771182656288147,-0.41358664631843567,0.026875028386712074,-0.5289375185966492,-0.34223276376724243,-0.25078248977661133,-0.7928894758224487,-0.1427273154258728,-0.22562122344970703,-0.9886609315872192,-0.34430044889450073,-0.17773807048797607,-0.7507623434066772,-0.3091326653957367,-0.15488000214099884,-0.5384582281112671,-0.21847881376743317
0.0,0.0,0.0,0.4342803955078125,-0.10987406224012375,-0.17664536833763123,0.7943720817565918,-0.39551660418510437,-0.23041293025016785,1.0211888551712036,-0.6518966555595398,-0.29091018438339233,1.2291847467422485,-0.7925469875335693,-0.34896260499954224,0.46527156233787537,-0.9390761256217957,-0.06879062205553055,0.6304779052734375,-1.3192733526229858,-0.19032259285449982,0.7174879312515259,-1.5725849866867065,-0.27041810750961304,0.7883489727973938,-1.7909313440322876,-0.31130558252334595,0.20304404199123383,-0.9760252833366394,-0.07840701937675476,0.21107004582881927,-1.4349740743637085,-0.24566395580768585,0.21506936848163605,-1.7462003231048584,-0.3578386902809143,0.2185119390487671,-2.0079572200775146,-0.4000099301338196,-0.03935723379254341,-0.906302809715271,-0.10899512469768524,-0.041696932166814804,-1.075734257698059,-0.3809029161930084,0.00041474425233900547,-0.7578080892562866,-0.4182112514972687,0.021825594827532768,-0.5164113640785217,-0.34678709506988525,-0.2619921565055847,-0.7762801647186279,-0.14898081123828888,-0.2535133957862854,-0.9607270359992981,-0.34497588872909546,-0.19660712778568268,-0.7292389273643494,-0.30985698103904724,-0.16086603701114655,-0.5224037170410156,-0.2199098765850067
0.0,0.0,0.0,0.41841834783554077,-0.10078151524066925,-0.19712264835834503,0.7793793678283691,-0.38241222500801086,-0.26624351739883423,1.0065783262252808,-0.6517114639282227,-0.3395819365978241,1.2080373764038086,-0.8120594620704651,-0.41039344668388367,0.4425460696220398,-0.9389923214912415,-0.08913910388946533,0.5997341275215149,-1.3153055906295776,-0.21969693899154663,0.6841461062431335,-1.5667250156402588,-0.30616387724876404,0.7532139420509338,-1.7872205972671509,-0.35005316138267517,0.18398883938789368,-0.9787585735321045,-0.09044189751148224,0.18824811279773712,-1.431841492652893,-0.2664642333984375,0.19151508808135986,-1.7377164363861084,-0.37945497035980225,0.19228340685367584,-1.9953722953796387,-0.41906052827835083,-0.05769996717572212,-0.9133687019348145,-0.1149919256567955,-0.07748278230428696,-1.0798008441925049,-0.3972282409667969,-0.03508678823709488,-0.7491931915283203,-0.43706655502319336,-0.009939271956682205,-0.49981701374053955,-0.36361372470855713,-0.27760931849479675,-0.7926326394081116,-0.15018746256828308,-0.2849728465080261,-0.9720852971076965,-0.35305696725845337,-0.22881096601486206,-0.7324972152709961,-0.32163044810295105,-0.18850843608379364,-0.5195186138153076,-0.23216494917869568
0.0,0.0,0.0,0.39815574884414673,-0.12513382732868195,-0.1985159069299698,0.7469068765640259,-0.42950543761253357,-0.2651817500591278,0.9689749479293823,-0.7099598050117493,-0.3326232433319092,1.1412391662597656,-0.9137735366821289,-0.3964173495769501,0.3914172947406769,-0.949432909488678,-0.11084889620542526,0.5353876352310181,-1.3420846462249756,-0.24554719030857086,0.613732635974884,-1.5936211347579956,-0.33157864212989807,0.6754840016365051,-1.8162956237792969,-0.3734363317489624,0.13155007362365723,-0.9853454232215881,-0.10857663303613663,0.12272946536540985,-1.426031231880188,-0.28205201029777527,0.11658462136983871,-1.7328705787658691,-0.39339539408683777,0.10643857717514038,-1.9939262866973877,-0.4336937367916107,-0.10377023369073868,-0.9172583818435669,-0.12909400463104248,-0.15157555043697357,-1.047358751296997,-0.39701879024505615,-0.1038600280880928,-0.7327377200126648,-0.4383716285228729,-0.06659161299467087,-0.4955037236213684,-0.37218284606933594,-0.3098016381263733,-0.7909371256828308,-0.16146281361579895,-0.351648211479187,-0.9235382676124573,-0.3536459505558014,-0.29203060269355774,-0.6972574591636658,-0.32772353291511536,-0.23541365563869476,-0.49648573994636536,-0.2453237771987915
0.0,0.0,0.0,0.3961378335952759,-0.13087338209152222,-0.20549726486206055,0.7365946173667908,-0.4470137357711792,-0.2721048891544342,0.952703595161438,-0.7289104461669922,-0.3365292251110077,1.1260493993759155,-0.9309960603713989,-0.39708760380744934,0.37319472432136536,-0.9517200589179993,-0.12313006818294525,0.4982415735721588,-1.3503750562667847,-0.25621679425239563,0.5620894432067871,-1.6091443300247192,-0.33777710795402527,0.6114931702613831,-1.8360819816589355,-0.3768821358680725,0.11431054770946503,-0.9867709875106812,-0.11496162414550781,0.07400597631931305,-1.424114465713501,-0.29393795132637024,0.04706483334302902,-1.729982614517212,-0.4034020006656647,0.019690407440066338,-1.9862903356552124,-0.4394996166229248,-0.11656899750232697,-0.9181888699531555,-0.13006116449832916,-0.2086201012134552,-1.0313918590545654,-0.4084128439426422,-0.15046750009059906,-0.7063723802566528,-0.45378822088241577,-0.0972486361861229,-0.46693819761276245,-0.3861038386821747,-0.3180960714817047,-0.7957766056060791,-0.15668055415153503,-0.39961010217666626,-0.9174015522003174,-0.3560106158256531,-0.3381952941417694,-0.6889528036117554,-0.3358752429485321,-0.26599201560020447,-0.4956945776939392,-0.25637489557266235
0.0,0.0,0.0,0.385259211063385,-0.13408426940441132,-0.20304527878761292,0.7081693410873413,-0.45684880018234253,-0.26961109042167664,0.9243940711021423,-0.7411640286445618,-0.3333161175251007,1.0989720821380615,-0.9358646869659424,-0.3944391906261444,0.3504200577735901,-0.9542731642723083,-0.13856327533721924,0.4624316394329071,-1.3573333024978638,-0.2760372459888458,0.5163828730583191,-1.6223033666610718,-0.3578435480594635,0.5537716150283813,-1.8559699058532715,-0.39717668294906616,0.08981554955244064,-0.9875354170799255,-0.12925533950328827,0.04197327047586441,-1.4215061664581299,-0.3111437261104584,-0.0007337927236221731,-1.725791335105896,-0.4172416031360626,-0.04311080276966095,-1.980959177017212,-0.45045578479766846,-0.13831572234630585,-0.9172057509422302,-0.14168387651443481,-0.2589343190193176,-1.0212061405181885,-0.41867098212242126,-0.19783946871757507,-0.6970283389091492,-0.4625852108001709,-0.13516952097415924,-0.4584082365036011,-0.3944252133369446,-0.33283236622810364,-0.7915183901786804,-0.16561605036258698,-0.43399253487586975,-0.8861328959465027,-0.3651804029941559,-0.364828497171402,-0.6577765941619873,-0.34945791959762573,-0.27483054995536804,-0.4698881506919861,-0.27305400371551514
0.0,0.0,0.0,0.38919711112976074,-0.12634073197841644,-0.20461992919445038,0.7011784315109253,-0.44821634888648987,-0.27111202478408813,0.9167078137397766,-0.7297257781028748,-0.3357510268688202,1.097161054611206,-0.9203684329986572,-0.3983196020126343,0.3453369438648224,-0.9588202834129333,-0.13017667829990387,0.4524339735507965,-1.3676881790161133,-0.26381415128707886,0.5047159790992737,-1.6311389207839966,-0.3445473611354828,0.5413316488265991,-1.8651437759399414,-0.38576841354370117,0.08976253867149353,-0.9885901212692261,-0.12096378952264786,0.0389704629778862,-1.4156051874160767,-0.30317944288253784,-0.007492838893085718,-1.7198615074157715,-0.41299542784690857,-0.05428151786327362,-1.9778677225112915,-0.45091065764427185,-0.13442744314670563,-0.9133437871932983,-0.13423672318458557,-0.2634623348712921,-1.0377415418624878,-0.41507288813591003,-0.204125314950943,-0.709428608417511,-0.46066880226135254,-0.14409422874450684,-0.4706575274467468,-0.3941071629524231,-0.3282404839992523,-0.7812573909759521,-0.1590656191110611,-0.440825879573822,-0.8960689306259155,-0.3686310350894928,-0.3737148344516754,-0.6689109206199646,-0.35818013548851013,-0.2841862142086029,-0.4785117506980896,-0.2848483622074127
0.0,0.0,0.0,0.38318246603012085,-0.11385007947683334,-0.2037898451089859,0.7088273167610168,-0.4219180643558502,-0.2754225730895996,0.9370267391204834,-0.6849616169929504,-0.34547388553619385,1.1207783222198486,-0.8476365208625793,-0.4150926172733307,0.36368900537490845,-0.9521527886390686,-0.15169008076190948,0.4912189841270447,-1.3643343448638916,-0.2940210998058319,0.552157461643219,-1.6330997943878174,-0.37756970524787903,0.5967130661010742,-1.8692946434020996,-0.4169723689556122,0.10277337580919266,-0.9843103885650635,-0.14342491328716278,0.06915853917598724,-1.4128658771514893,-0.3320516049861908,0.031610891222953796,-1.7253758907318115,-0.4438255727291107,-0.0049900999292731285,-1.9928878545761108,-0.4804403781890869,-0.13147522509098053,-0.911929190158844,-0.15478754043579102,-0.2444451004266739,-1.024733304977417,-0.4377490282058716,-0.18798935413360596,-0.6879743933677673,-0.4808772802352905,-0.1292952448129654,-0.43827593326568604,-0.40925294160842896,-0.3271721601486206,-0.7828348875045776,-0.17724891006946564,-0.42196065187454224,-0.886125385761261,-0.382516473531723,-0.35469338297843933,-0.6514363288879395,-0.36454376578330994,-0.2685506343841553,-0.45703813433647156,-0.2831798791885376
0.0,0.0,0.0,0.38544076681137085,-0.11051580309867859,-0.1950835883617401,0.7326959371566772,-0.4026436507701874,-0.26691725850105286,0.9680881500244141,-0.6481161713600159,-0.340915322303772,1.1587992906570435,-0.8128200173377991,-0.41343191266059875,0.40650999546051025,-0.9416412115097046,-0.13749195635318756,0.5505738258361816,-1.344022512435913,-0.2816118597984314,0.6271452903747559,-1.606408715248108,-0.3681153953075409,0.6873525977134705,-1.8397791385650635,-0.40921685099601746,0.1496242880821228,-0.9791081547737122,-0.13769464194774628,0.13680961728096008,-1.4061294794082642,-0.3263694941997528,0.11666987091302872,-1.7171781063079834,-0.43972671031951904,0.09395720064640045,-1.984146237373352,-0.4778728187084198,-0.08458168804645538,-0.9132714867591858,-0.15821832418441772,-0.17970465123653412,-1.0243726968765259,-0.44274473190307617,-0.1327308714389801,-0.683870255947113,-0.48473384976387024,-0.08280399441719055,-0.4330279231071472,-0.4122767448425293,-0.2853652238845825,-0.7891289591789246,-0.18940195441246033,-0.36131492257118225,-0.9013852477073669,-0.39525794982910156,-0.30393192172050476,-0.6559240221977234,-0.3735838234424591,-0.23034065961837769,-0.4510785937309265,-0.2892679274082184
0.0,0.0,0.0,0.38311275839805603,-0.0976792648434639,-0.2054099291563034,0.7413724064826965,-0.37923628091812134,-0.2807343006134033,0.9853314161300659,-0.6266090273857117,-0.3544979691505432,1.1753718852996826,-0.8033657670021057,-0.4270951747894287,0.4322051405906677,-0.9260581135749817,-0.1478281021118164,0.5785732865333557,-1.3176616430282593,-0.2895675599575043,0.6533352136611938,-1.5733246803283691,-0.37358108162879944,0.7174870371818542,-1.8030576705932617,-0.4125255048274994,0.17659658193588257,-0.9740764498710632,-0.14138178527355194,0.16403630375862122,-1.3967221975326538,-0.33024001121520996,0.15316608548164368,-1.6989415884017944,-0.44070157408714294,0.14188402891159058,-1.9581947326660156,-0.4744713604450226,-0.05755691975355148,-0.9187529683113098,-0.15587881207466125,-0.14739158749580383,-1.0127439498901367,-0.44841086864471436,-0.11030159145593643,-0.6638657450675964,-0.4951256811618805,-0.07085683941841125,-0.41016659140586853,-0.42225924134254456,-0.26260361075401306,-0.8053698539733887,-0.18052448332309723,-0.33708128333091736,-0.9046958088874817,-0.39426761865615845,-0.2921513617038727,-0.6459063291549683,-0.37592944502830505,-0.23071810603141785,-0.4327157735824585,-0.2915527820587158
0.0,0.0,0.0,0.40680819749832153,-0.09430724382400513,-0.18210981786251068,0.7665466666221619,-0.3836784362792969,-0.2474106401205063,1.0015331506729126,-0.6300009489059448,-0.31708893179893494,1.1918104887008667,-0.797381579875946,-0.3859395682811737,0.4611174762248993,-0.9256665706634521,-0.12232712656259537,0.6024956107139587,-1.328366994857788,-0.2556077241897583,0.6745999455451965,-1.5911110639572144,-0.3293188512325287,0.7423272728919983,-1.821337103843689,-0.3600267469882965,0.20373767614364624,-0.9709005355834961,-0.12586963176727295,0.1923624873161316,-1.395331859588623,-0.3083229959011078,0.1855991780757904,-1.7030270099639893,-0.41435226798057556,0.1803189069032669,-1.9625352621078491,-0.4442335069179535,-0.03286304324865341,-0.9156936407089233,-0.14889740943908691,-0.12157139182090759,-1.0004955530166626,-0.4377506673336029,-0.08699478209018707,-0.6562675833702087,-0.4860881268978119,-0.04921004921197891,-0.40368562936782837,-0.413009375333786,-0.24743634462356567,-0.8016915917396545,-0.17993004620075226,-0.3136809170246124,-0.8931646943092346,-0.3889111876487732,-0.2663639485836029,-0.6373066306114197,-0.37132447957992554,-0.20244716107845306,-0.42514684796333313,-0.28718101978302
0.0,0.0,0.0,0.40392032265663147,-0.08753963559865952,-0.19232511520385742,0.7650845646858215,-0.3745548725128174,-0.25724101066589355,0.996161937713623,-0.6217640042304993,-0.32449257373809814,1.1865235567092896,-0.7823918461799622,-0.38959187269210815,0.46146902441978455,-0.9238794445991516,-0.1312994807958603,0.614133894443512,-1.3145208358764648,-0.27102547883987427,0.6948335766792297,-1.5718624591827393,-0.35513433814048767,0.7642660737037659,-1.7992154359817505,-0.3954588770866394,0.20329603552818298,-0.9697973728179932,-0.13477328419685364,0.2032504677772522,-1.3999532461166382,-0.32102274894714355,0.20278716087341309,-1.7049881219863892,-0.4325571060180664,0.20233486592769623,-1.963613510131836,-0.4686565101146698,-0.03300521895289421,-0.9110274910926819,-0.15881387889385223,-0.08882115036249161,-0.9976351261138916,-0.4486771821975708,-0.05157434195280075,-0.6543653607368469,-0.49326276779174805,-0.01583794876933098,-0.40518054366111755,-0.42107969522476196,-0.24694448709487915,-0.7919967770576477,-0.19304852187633514,-0.2894749343395233,-0.8917558789253235,-0.40562960505485535,-0.23983247578144073,-0.6366007328033447,-0.38663387298583984,-0.18216000497341156,-0.4265584349632263,-0.3035848140716553
0.0,0.0,0.0,0.4075312912464142,-0.08039756119251251,-0.19417355954647064,0.7821953892707825,-0.35762688517570496,-0.2626301646232605,1.0235118865966797,-0.5973979234695435,-0.33347177505493164,1.2187628746032715,-0.7633096575737,-0.4031696319580078,0.4968567192554474,-0.9103075265884399,-0.13982996344566345,0.6550775170326233,-1.3008861541748047,-0.2823778986930847,0.7385282516479492,-1.5602823495864868,-0.36712878942489624,0.8166599869728088,-1.7892619371414185,-0.4071141481399536,0.23810723423957825,-0.9604952931404114,-0.14406156539916992,0.24456092715263367,-1.386198878288269,-0.3341756761074066,0.25390157103538513,-1.6918693780899048,-0.4443979859352112,0.2693282663822174,-1.9495234489440918,-0.47884631156921387,-0.003217576537281275,-0.909724771976471,-0.16908107697963715,-0.040635205805301666,-1.0065995454788208,-0.4671764671802521,-0.023934386670589447,-0.6561144590377808,-0.5080161094665527,-0.0015537869185209274,-0.40162643790245056,-0.4308682978153229,-0.22789403796195984,-0.8015358448028564,-0.20372413098812103,-0.25473660230636597,-0.9230380654335022,-0.4234551191329956,-0.22314120829105377,-0.6602243185043335,-0.40003877878189087,-0.18165302276611328,-0.4428528845310211,-0.31182175874710083
0.0,0.0,0.0,0.4186866581439972,-0.05993765592575073,-0.19028215110301971,0.7915492653846741,-0.33027327060699463,-0.2543392479419708,1.03043532371521,-0.5757757425308228,-0.3223299980163574,1.2331143617630005,-0.7403867244720459,-0.3893682658672333,0.520020067691803,-0.9069557785987854,-0.12043466418981552,0.6728314757347107,-1.2937920093536377,-0.2560129165649414,0.7585956454277039,-1.549503207206726,-0.33805978298187256,0.8420934081077576,-1.7716740369796753,-0.3779977262020111,0.2652568221092224,-0.9560362696647644,-0.12503363192081451,0.28706640005111694,-1.3819632530212402,-0.3072304427623749,0.30347511172294617,-1.6894750595092773,-0.4171436131000519,0.3236621916294098,-1.9487273693084717,-0.4548001289367676,0.022693924605846405,-0.9058617949485779,-0.15151749551296234,0.0009898444404825568,-1.0341917276382446,-0.4421885907649994,0.013883552514016628,-0.6939795017242432,-0.48413118720054626,0.02966354973614216,-0.443958580493927,-0.41114047169685364,-0.20697663724422455,-0.7999755144119263,-0.18785756826400757,-0.2174258530139923,-0.9458708763122559,-0.40403151512145996,-0.18111535906791687,-0.7005320191383362,-0.3858686685562134,-0.1410675197839737,-0.49265679717063904,-0.30436739325523376
0.0,0.0,0.0,0.4161538779735565,-0.05393097922205925,-0.1824929565191269,0.7946410775184631,-0.3237980902194977,-0.23985591530799866,1.0369952917099,-0.5640642046928406,-0.302307665348053,1.2461652755737305,-0.7137102484703064,-0.3630319833755493,0.5261865258216858,-0.9023292660713196,-0.1035388708114624,0.6888159513473511,-1.2811708450317383,-0.2333166003227234,0.7816669940948486,-1.5323406457901,-0.31111499667167664,0.8698330521583557,-1.7459920644760132,-0.34820079803466797,0.2728959918022156,-0.955653727054596,-0.11069624871015549,0.30326810479164124,-1.3886585235595703,-0.28809791803359985,0.333652526140213,-1.6934210062026978,-0.39674270153045654,0.366508811712265,-1.9458951950073242,-0.43298646807670593,0.03206226974725723,-0.9086394906044006,-0.13946357369422913,0.017816726118326187,-1.031149983406067,-0.4247814416885376,0.033318981528282166,-0.6938334703445435,-0.46814075112342834,0.0481291264295578,-0.4426669180393219,-0.3965533971786499,-0.19644173979759216,-0.8049505352973938,-0.1775667369365692,-0.19763469696044922,-0.9442592263221741,-0.3877716064453125,-0.15941184759140015,-0.7022570967674255,-0.3688850700855255,-0.12298469990491867,-0.4960733652114868,-0.2876863479614258
0.0,0.0,0.0,0.4201425611972809,-0.05246196314692497,-0.18981288373470306,0.7957967519760132,-0.31551966071128845,-0.2513207495212555,1.032196044921875,-0.5525158643722534,-0.31651782989501953,1.2379823923110962,-0.7129098773002625,-0.3790145218372345,0.5311857461929321,-0.8966342806816101,-0.10656529664993286,0.6936513781547546,-1.271949052810669,-0.23886160552501678,0.7858916521072388,-1.5218496322631836,-0.31839171051979065,0.8747625946998596,-1.7369015216827393,-0.35708481073379517,0.2763132154941559,-0.9546149969100952,-0.11118108779191971,0.3065667152404785,-1.3806419372558594,-0.2961825430393219,0.33803486824035645,-1.6827036142349243,-0.4090646803379059,0.37337079644203186,-1.9340375661849976,-0.44715216755867004,0.03432860225439072,-0.9109482169151306,-0.13824085891246796,0.017644008621573448,-1.0357391834259033,-0.43115928769111633,0.030035946518182755,-0.6932060122489929,-0.4748022258281708,0.045004501938819885,-0.44315463304519653,-0.4016181230545044,-0.19278012216091156,-0.8090149164199829,-0.17508383095264435,-0.19947703182697296,-0.9563257694244385,-0.3925369083881378,-0.16451068222522736,-0.7116735577583313,-0.37495556473731995,-0.12731483578681946,-0.5045337080955505,-0.2932269275188446
0.0,0.0,0.0,0.429417222738266,-0.05169953405857086,-0.19519442319869995,0.8082284331321716,-0.31403782963752747,-0.2580965757369995,1.0419836044311523,-0.5588422417640686,-0.3247402310371399,1.2560075521469116,-0.7230246663093567,-0.38806983828544617,0.524383544921875,-0.9049477577209473,-0.10043168067932129,0.6965033411979675,-1.2819015979766846,-0.23231831192970276,0.791980504989624,-1.5355032682418823,-0.31248360872268677,0.8821925520896912,-1.7522870302200317,-0.3510774075984955,0.2685106098651886,-0.9576656818389893,-0.1038198247551918,0.2974326014518738,-1.3935595750808716,-0.2893226146697998,0.32697033882141113,-1.699089765548706,-0.405007541179657,0.3613935708999634,-1.9535917043685913,-0.4442702531814575,0.02726934850215912,-0.907929003238678,-0.13045740127563477,0.026584181934595108,-1.0302785634994507,-0.4286367893218994,0.03839322179555893,-0.6952698826789856,-0.47730398178100586,0.05023009702563286,-0.4485850930213928,-0.4050946831703186,-0.19895267486572266,-0.8012418746948242,-0.16704605519771576,-0.19799832999706268,-0.9592256546020508,-0.3891121447086334,-0.15868961811065674,-0.7185981869697571,-0.37339410185813904,-0.12042241543531418,-0.5083084106445312,-0.2911450266838074
0.0,0.0,0.0,0.4337708353996277,-0.06367648392915726,-0.1873588114976883,0.8063266277313232,-0.3347359001636505,-0.25061529874801636,1.0395886898040771,-0.5796144604682922,-0.3200889527797699,1.2582403421401978,-0.7364203333854675,-0.38683608174324036,0.519377589225769,-0.9160282611846924,-0.106059730052948,0.6877836585044861,-1.3046443462371826,-0.24187374114990234,0.7798190712928772,-1.5654070377349854,-0.3245899975299835,0.8657426238059998,-1.789750576019287,-0.3657653033733368,0.2550475597381592,-0.9597557187080383,-0.11755742877721786,0.2766331136226654,-1.4005011320114136,-0.304659903049469,0.29967761039733887,-1.7129271030426025,-0.4220409393310547,0.3266942501068115,-1.975059986114502,-0.4644503593444824,0.007675933185964823,-0.8983937501907349,-0.15108124911785126,0.02424662932753563,-1.0119463205337524,-0.44978344440460205,0.05500110611319542,-0.6752922534942627,-0.49642214179039,0.0771925300359726,-0.4306845963001251,-0.42438143491744995,-0.2223108857870102,-0.7778167724609375,-0.1943749487400055,-0.21069271862506866,-0.9292942881584167,-0.4163402318954468,-0.15667898952960968,-0.6916550397872925,-0.3991958498954773,-0.11153588443994522,-0.4852401316165924,-0.31730785965919495
0.0,0.0,0.0,0.43252888321876526,-0.056096792221069336,-0.18753744661808014,0.8094388842582703,-0.32533493638038635,-0.24959878623485565,1.0435433387756348,-0.5706583857536316,-0.31752312183380127,1.2613457441329956,-0.7263790965080261,-0.382215678691864,0.5219306945800781,-0.9098610877990723,-0.10518761724233627,0.6899651288986206,-1.293106198310852,-0.24260394275188446,0.7831745147705078,-1.5511753559112549,-0.3247954547405243,0.8709754347801208,-1.7713407278060913,-0.36449673771858215,0.2601873576641083,-0.9587733149528503,-0.1142633929848671,0.2840596139431,-1.395782709121704,-0.30129820108413696,0.3091789782047272,-1.70645272731781,-0.41694971919059753,0.3392515778541565,-1.9654035568237305,-0.4565243422985077,0.015593428164720535,-0.9014466404914856,-0.1457321047782898,0.030572665855288506,-0.9943962693214417,-0.4428921937942505,0.06116778403520584,-0.6617366671562195,-0.4931921064853668,0.08492745459079742,-0.4177913963794708,-0.42317232489585876,-0.21475911140441895,-0.7842480540275574,-0.18698756396770477,-0.20082032680511475,-0.8967366814613342,-0.4073384404182434,-0.14418639242649078,-0.6592365503311157,-0.3957311511039734,-0.09584556519985199,-0.45808959007263184,-0.31740787625312805
0.0,0.0,0.0,0.4379041790962219,-0.05281653627753258,-0.19626763463020325,0.8280004262924194,-0.31925371289253235,-0.2594822943210602,1.068604588508606,-0.5570561289787292,-0.32516735792160034,1.2863290309906006,-0.7156506776809692,-0.38668251037597656,0.5390889644622803,-0.9032166600227356,-0.10876751691102982,0.713208794593811,-1.2869354486465454,-0.24708785116672516,0.8146467804908752,-1.544826626777649,-0.3290604054927826,0.9109866619110107,-1.7633929252624512,-0.3681280016899109,0.2744748294353485,-0.9547867178916931,-0.11421851068735123,0.3044929504394531,-1.409969449043274,-0.3061222434043884,0.3361892104148865,-1.725206732749939,-0.4223232567310333,0.37317144870758057,-1.9844744205474854,-0.4605942964553833,0.026447953656315804,-0.8999856114387512,-0.1425468623638153,0.0404403991997242,-1.028775930404663,-0.450327605009079,0.06137589365243912,-0.6890798807144165,-0.4971132278442383,0.07834841310977936,-0.4410398602485657,-0.4206797480583191,-0.20792387425899506,-0.7859525084495544,-0.17997856438159943,-0.18885111808776855,-0.9270352721214294,-0.4119657874107361,-0.1430482268333435,-0.6720371246337891,-0.3961627781391144,-0.1065329909324646,-0.46222618222236633,-0.3113464415073395
0.0,0.0,0.0,0.44436854124069214,-0.07834909856319427,-0.20289434492588043,0.8413026332855225,-0.3704598844051361,-0.2587778866291046,1.0911375284194946,-0.6301938891410828,-0.3141481876373291,1.299979329109192,-0.8205804228782654,-0.3643758296966553,0.5182706117630005,-0.9149083495140076,-0.09293503314256668,0.6960245370864868,-1.3091840744018555,-0.21913999319076538,0.7943230271339417,-1.5696760416030884,-0.2944127023220062,0.8835843801498413,-1.7917674779891968,-0.3297494351863861,0.25071007013320923,-0.9637625813484192,-0.09113795310258865,0.2710391581058502,-1.4304951429367065,-0.26931238174438477,0.2942531704902649,-1.7513114213943481,-0.3817751705646515,0.3203929364681244,-2.014456272125244,-0.41953375935554504,0.0012513617984950542,-0.9048091769218445,-0.11395914107561111,-0.005542993079870939,-1.062507152557373,-0.4068213105201721,0.024457868188619614,-0.7318594455718994,-0.4505189061164856,0.0456489659845829,-0.4894581139087677,-0.37541308999061584,-0.23010924458503723,-0.7859982848167419,-0.1468082219362259,-0.22620666027069092,-0.9656543135643005,-0.3641626238822937,-0.1829959899187088,-0.7200247049331665,-0.3388139307498932,-0.1484915018081665,-0.510468602180481,-0.2501925230026245
0.0,0.0,0.0,0.4199294447898865,-0.07429990917444229,-0.18987569212913513,0.800274670124054,-0.3632700741291046,-0.2502186894416809,1.033174753189087,-0.6145472526550293,-0.3132536709308624,1.2579869031906128,-0.7679991722106934,-0.3740667402744293,0.5029513835906982,-0.9132428169250488,-0.10326061397790909,0.6621158719062805,-1.2850404977798462,-0.22802966833114624,0.7516398429870605,-1.5391535758972168,-0.3043975830078125,0.8283308148384094,-1.756015658378601,-0.3419405519962311,0.24533361196517944,-0.9636233448982239,-0.10602614283561707,0.2589865028858185,-1.4115746021270752,-0.2780742645263672,0.2786872088909149,-1.7195912599563599,-0.38561832904815674,0.297406941652298,-1.9790518283843994,-0.42165517807006836,0.004262054339051247,-0.9093714952468872,-0.130296528339386,-0.012556785717606544,-1.0539273023605347,-0.414004385471344,0.02014223299920559,-0.719352126121521,-0.45797228813171387,0.04306478798389435,-0.476145476102829,-0.3864014744758606,-0.21879497170448303,-0.796575129032135,-0.16368956863880157,-0.22146408259868622,-0.9576025605201721,-0.37296396493911743,-0.17373454570770264,-0.7195639610290527,-0.352045476436615,-0.13008014857769012,-0.5173009037971497,-0.26949575543403625
0.0,0.0,0.0,0.4356229901313782,-0.05865255743265152,-0.18642687797546387,0.8289265632629395,-0.3205082416534424,-0.24180303514003754,1.0732868909835815,-0.5568832159042358,-0.30090776085853577,1.2674933671951294,-0.7234973907470703,-0.35732585191726685,0.544644296169281,-0.8916516304016113,-0.09389987587928772,0.7229623794555664,-1.2601280212402344,-0.21909373998641968,0.8274847865104675,-1.5149341821670532,-0.29740840196609497,0.92071932554245,-1.7316231727600098,-0.3356821835041046,0.2914874255657196,-0.9512032866477966,-0.10122967511415482,0.328771710395813,-1.4032714366912842,-0.2730065584182739,0.3621593713760376,-1.717134714126587,-0.3847461938858032,0.3952159583568573,-1.9760953187942505,-0.4238365888595581,0.04787971079349518,-0.903695821762085,-0.13036836683750153,0.059313155710697174,-1.0481475591659546,-0.41453444957733154,0.07435256242752075,-0.7186578512191772,-0.4602949619293213,0.08139850199222565,-0.4767341613769531,-0.38992956280708313,-0.18332017958164215,-0.7984090447425842,-0.16924059391021729,-0.1639108508825302,-0.9599483609199524,-0.3820803761482239,-0.12284813076257706,-0.7270066142082214,-0.3635691702365875,-0.0916372537612915,-0.5238296985626221,-0.2817014753818512
0.0,0.0,0.0,0.440583199262619,-0.06380882859230042,-0.1776534616947174,0.825817883014679,-0.3327033221721649,-0.22453679144382477,1.0698497295379639,-0.5564014315605164,-0.27608615159988403,1.286340355873108,-0.6937519907951355,-0.3249067962169647,0.5494017601013184,-0.8917325139045715,-0.0769752785563469,0.7310784459114075,-1.2592887878417969,-0.19476675987243652,0.8403480052947998,-1.5094125270843506,-0.2681865990161896,0.9327934384346008,-1.719733476638794,-0.30330368876457214,0.29281702637672424,-0.9524474740028381,-0.08427403122186661,0.33316299319267273,-1.412381649017334,-0.24972838163375854,0.37188461422920227,-1.7262037992477417,-0.3549420237541199,0.4052620530128479,-1.9871596097946167,-0.3888116180896759,0.04627653956413269,-0.9059356451034546,-0.11359405517578125,0.056009333580732346,-1.05517578125,-0.3915178179740906,0.06831198185682297,-0.7283865809440613,-0.4347269833087921,0.07440854609012604,-0.4967312514781952,-0.36347007751464844,-0.18771986663341522,-0.8025978803634644,-0.15176954865455627,-0.16143059730529785,-0.9634072780609131,-0.3562791645526886,-0.1300887167453766,-0.7277330160140991,-0.3341822028160095,-0.10437697172164917,-0.5361757278442383,-0.2519843578338623
0.0,0.0,0.0,0.44395387172698975,-0.056027673184871674,-0.17028361558914185,0.825813889503479,-0.3113015592098236,-0.214158833026886,1.0722129344940186,-0.5316227078437805,-0.26556387543678284,1.2997957468032837,-0.6606976389884949,-0.31449201703071594,0.5648600459098816,-0.8815009593963623,-0.05836327373981476,0.7613621950149536,-1.2323399782180786,-0.16627183556556702,0.8786950707435608,-1.477959156036377,-0.23775552213191986,0.972662091255188,-1.683887004852295,-0.2730398178100586,0.3192060589790344,-0.9451591968536377,-0.06914856284856796,0.3800240755081177,-1.3981741666793823,-0.21941980719566345,0.43276023864746094,-1.7076740264892578,-0.3225005865097046,0.47198694944381714,-1.962559700012207,-0.3588113486766815,0.07783933728933334,-0.9049440622329712,-0.10216429084539413,0.11336876451969147,-1.0639488697052002,-0.36433127522468567,0.1183130070567131,-0.7539753913879395,-0.4101361632347107,0.10969818383455276,-0.5237383842468262,-0.34534990787506104,-0.15495041012763977,-0.8106871247291565,-0.14445380866527557,-0.10730700194835663,-0.9902316927909851,-0.33790817856788635,-0.0785001814365387,-0.7786029577255249,-0.3168661594390869,-0.06416673958301544,-0.5868486762046814,-0.23843435943126678
0.0,0.0,0.0,0.44793617725372314,-0.05434993654489517,-0.16882696747779846,0.8235701322555542,-0.2956102788448334,-0.21444958448410034,1.064019799232483,-0.5150710940361023,-0.2693690359592438,1.3043330907821655,-0.6406377553939819,-0.3218890130519867,0.5588541030883789,-0.8796172738075256,-0.03449009358882904,0.7656089067459106,-1.212736964225769,-0.1418539434671402,0.8909918665885925,-1.4485526084899902,-0.21838805079460144,0.9977158904075623,-1.6481291055679321,-0.2586870789527893,0.3225131630897522,-0.9453948736190796,-0.04704974591732025,0.39645877480506897,-1.3879246711730957,-0.1947290301322937,0.46387577056884766,-1.6869637966156006,-0.3020769953727722,0.520420253276825,-1.9369572401046753,-0.34395232796669006,0.08418495208024979,-0.9074746966362,-0.08361273258924484,0.15969571471214294,-1.0695250034332275,-0.34304407238960266,0.16445381939411163,-0.7564480900764465,-0.3860462009906769,0.14756031334400177,-0.5301445126533508,-0.321014404296875,-0.1483699083328247,-0.815143883228302,-0.12999574840068817,-0.07331273704767227,-1.008762001991272,-0.31978780031204224,-0.03979368507862091,-0.8028363585472107,-0.29469674825668335,-0.03258230909705162,-0.6147348880767822,-0.21497127413749695
0.0,0.0,0.0,0.4508031904697418,-0.05663364753127098,-0.1709548979997635,0.83287113904953,-0.2973349094390869,-0.21497930586338043,1.0674633979797363,-0.5200340151786804,-0.2670096457004547,1.2903259992599487,-0.6453444361686707,-0.3151693344116211,0.5592671632766724,-0.8837893605232239,-0.04451541230082512,0.7671566009521484,-1.2348124980926514,-0.1563825160264969,0.8848614692687988,-1.4752249717712402,-0.23155707120895386,0.9796627163887024,-1.6804035902023315,-0.2698234021663666,0.30759844183921814,-0.9499415159225464,-0.05471980944275856,0.3786509037017822,-1.4042468070983887,-0.21128639578819275,0.4349321722984314,-1.7094205617904663,-0.31945961713790894,0.48394691944122314,-1.963588833808899,-0.3594900369644165,0.06610672175884247,-0.9087184071540833,-0.08772817999124527,0.11287222802639008,-1.0721333026885986,-0.35348212718963623,0.12055090069770813,-0.7645502686500549,-0.39702656865119934,0.11280036717653275,-0.5322704911231995,-0.3302919566631317,-0.16640383005142212,-0.8066283464431763,-0.13016949594020844,-0.11743322014808655,-0.981484055519104,-0.32521283626556396,-0.07971172034740448,-0.7618342638015747,-0.30000540614128113,-0.06061573699116707,-0.5595909953117371,-0.21731506288051605
