feature_0,feature_1,feature_2,feature_3,feature_4,feature_5,feature_6,feature_7,feature_8,feature_9,feature_10,feature_11,feature_12,feature_13,feature_14,feature_15,feature_16,feature_17,feature_18,feature_19,feature_20,feature_21,feature_22,feature_23,feature_24,feature_25,feature_26,feature_27,feature_28,feature_29,feature_30,feature_31,feature_32,feature_33,feature_34,feature_35,feature_36,feature_37,feature_38,feature_39,feature_40,feature_41,feature_42,feature_43,feature_44,feature_45,feature_46,feature_47,feature_48,feature_49,feature_50,feature_51,feature_52,feature_53,feature_54,feature_55,feature_56,feature_57,feature_58,feature_59,feature_60,feature_61,feature_62
0.0,0.0,0.0,0.27762946486473083,-0.1658475250005722,-0.137749582529068,0.4271038770675659,-0.49269232153892517,-0.1768558919429779,0.21426334977149963,-0.7886499166488647,-0.20451031625270844,-0.017447158694267273,-0.8979530930519104,-0.2288491427898407,0.4647321403026581,-0.873133659362793,-0.08083590865135193,0.6621298789978027,-1.2088532447814941,-0.14335203170776367,0.7512596249580383,-1.4236812591552734,-0.20245997607707977,0.8099001049995422,-1.607910394668579,-0.2528996765613556,0.2403530478477478,-0.9670573472976685,-0.08384817838668823,0.3349308669567108,-1.3661795854568481,-0.12645961344242096,0.3753848969936371,-1.6177167892456055,-0.18283917009830475,0.39194455742836,-1.8148291110992432,-0.22883769869804382,0.025269610807299614,-0.9510642290115356,-0.10637249797582626,0.012326125055551529,-1.328330636024475,-0.16841353476047516,0.029852543026208878,-1.5722707509994507,-0.24938026070594788,0.03929287940263748,-1.7717511653900146,-0.3092867434024811,-0.1953725963830948,-0.8528391122817993,-0.14253687858581543,-0.32077905535697937,-1.1320991516113281,-0.22317123413085938,-0.3913867175579071,-1.3137376308441162,-0.27726030349731445,-0.4477998614311218,-1.4788599014282227,-0.31390634179115295
0.0,0.0,0.0,0.281999409198761,-0.15680481493473053,-0.13931483030319214,0.44410333037376404,-0.47908633947372437,-0.17814894020557404,0.244526207447052,-0.7783722877502441,-0.2055392563343048,0.010341879911720753,-0.8931229114532471,-0.23006752133369446,0.48296746611595154,-0.8664816617965698,-0.08395367860794067,0.6846420764923096,-1.2054105997085571,-0.1434686928987503,0.7714357972145081,-1.4207477569580078,-0.1994987577199936,0.8281393647193909,-1.606802225112915,-0.2486872524023056,0.25794097781181335,-0.9622544646263123,-0.08679181337356567,0.3579103648662567,-1.3657734394073486,-0.1299924999475479,0.40166428685188293,-1.6207612752914429,-0.18716323375701904,0.42226043343544006,-1.8216179609298706,-0.23367343842983246,0.042151931673288345,-0.9481695294380188,-0.10879891365766525,0.03428557515144348,-1.3280349969863892,-0.1740114539861679,0.05839863047003746,-1.5747088193893433,-0.25883617997169495,0.07409325987100601,-1.7774126529693604,-0.3211432695388794,-0.17911304533481598,-0.8537342548370361,-0.14425356686115265,-0.2955913841724396,-1.132593035697937,-0.23129765689373016,-0.36608895659446716,-1.3166941404342651,-0.29012537002563477,-0.4234127104282379,-1.485067367553711,-0.32944828271865845
0.0,0.0,0.0,0.27899327874183655,-0.158116415143013,-0.14015233516693115,0.443636029958725,-0.48438599705696106,-0.1821030080318451,0.23756304383277893,-0.7873472571372986,-0.21305304765701294,-0.001483815722167492,-0.9035486578941345,-0.24126654863357544,0.4794422388076782,-0.8660712242126465,-0.0855424702167511,0.6774570345878601,-1.2068208456039429,-0.15116329491138458,0.7674435973167419,-1.423523187637329,-0.21263766288757324,0.8288564682006836,-1.6089866161346436,-0.26441410183906555,0.2516113519668579,-0.9636393189430237,-0.08994992822408676,0.3508830964565277,-1.3739511966705322,-0.1349080502986908,0.39475226402282715,-1.6317310333251953,-0.19424614310264587,0.4129759669303894,-1.8312770128250122,-0.2420913279056549,0.03526877611875534,-0.9510492086410522,-0.11352955549955368,0.02922976203262806,-1.3389555215835571,-0.17690423130989075,0.04990161582827568,-1.588328242301941,-0.259144127368927,0.05884115770459175,-1.7900595664978027,-0.3198828399181366,-0.18411825597286224,-0.8562709093093872,-0.15088976919651031,-0.30419108271598816,-1.1437976360321045,-0.23265191912651062,-0.37242332100868225,-1.3302332162857056,-0.2867374122142792,-0.4309293031692505,-1.4979536533355713,-0.3232179582118988
0.0,0.0,0.0,0.2705968916416168,-0.15936750173568726,-0.13273006677627563,0.4389781653881073,-0.4743705093860626,-0.17221230268478394,0.2499244660139084,-0.7687519788742065,-0.20266364514827728,0.022773919627070427,-0.8789204955101013,-0.23002688586711884,0.4840240776538849,-0.8658852577209473,-0.07483434677124023,0.6797838807106018,-1.20071542263031,-0.1357879638671875,0.7651329040527344,-1.4145145416259766,-0.1948811560869217,0.8196300864219666,-1.599122166633606,-0.24535724520683289,0.2596342861652374,-0.9621631503105164,-0.08265700191259384,0.3577541410923004,-1.3602372407913208,-0.12521101534366608,0.401750385761261,-1.6106172800064087,-0.18219102919101715,0.4196108877658844,-1.8095982074737549,-0.22738030552864075,0.045857012271881104,-0.9480462074279785,-0.1091497614979744,0.045366764068603516,-1.3318760395050049,-0.17024995386600494,0.066221222281456,-1.5763239860534668,-0.24895226955413818,0.07740872353315353,-1.782120704650879,-0.30655476450920105,-0.1729603260755539,-0.8527570366859436,-0.14914946258068085,-0.2837497591972351,-1.1372125148773193,-0.23016849160194397,-0.3485053479671478,-1.3224867582321167,-0.2814290225505829,-0.40457528829574585,-1.4916340112686157,-0.3145187497138977
0.0,0.0,0.0,0.2669723331928253,-0.15416871011257172,-0.13571178913116455,0.43317854404449463,-0.46720296144485474,-0.175537109375,0.2546638250350952,-0.7625645399093628,-0.20559175312519073,0.024809306487441063,-0.8860389590263367,-0.23300060629844666,0.4663347899913788,-0.8712312579154968,-0.0781257376074791,0.659726619720459,-1.2073003053665161,-0.13938553631305695,0.7432273626327515,-1.4208860397338867,-0.1977924406528473,0.795165479183197,-1.6038497686386108,-0.24788816273212433,0.24413634836673737,-0.9659810066223145,-0.08531201630830765,0.3370347023010254,-1.3745044469833374,-0.12997011840343475,0.38338416814804077,-1.6265761852264404,-0.18859687447547913,0.40347230434417725,-1.823743462562561,-0.23572736978530884,0.03144256770610809,-0.9505476951599121,-0.11163311451673508,0.024350974708795547,-1.3348357677459717,-0.1775054782629013,0.04752487689256668,-1.5817506313323975,-0.26064762473106384,0.0610930472612381,-1.7844032049179077,-0.32184508442878723,-0.18522243201732635,-0.8544341325759888,-0.15122763812541962,-0.29810571670532227,-1.1389442682266235,-0.23669268190860748,-0.3644564151763916,-1.3225926160812378,-0.29195845127105713,-0.42178875207901,-1.488391637802124,-0.3291385769844055
0.0,0.0,0.0,0.27933040261268616,-0.15976639091968536,-0.13868723809719086,0.4501992166042328,-0.46904000639915466,-0.18203087151050568,0.2636638879776001,-0.7638676166534424,-0.21477872133255005,0.03162521868944168,-0.8859164714813232,-0.2454458624124527,0.49381616711616516,-0.8610458374023438,-0.08653145283460617,0.6842198371887207,-1.2039015293121338,-0.14931632578372955,0.7685222625732422,-1.4204041957855225,-0.20669256150722504,0.8264830708503723,-1.6052192449569702,-0.25727981328964233,0.26710525155067444,-0.9591587781906128,-0.09310876578092575,0.35974815487861633,-1.3721312284469604,-0.14308901131153107,0.40768522024154663,-1.6298854351043701,-0.20258544385433197,0.43696293234825134,-1.8318840265274048,-0.2505306601524353,0.04807376116514206,-0.9459633827209473,-0.11945649981498718,0.03806396946310997,-1.3409333229064941,-0.19382864236831665,0.06480333209037781,-1.5927742719650269,-0.2843659222126007,0.08842308819293976,-1.8019217252731323,-0.35027945041656494,-0.1753740757703781,-0.8527600765228271,-0.15875963866710663,-0.28151896595954895,-1.1379023790359497,-0.2554512321949005,-0.3521680533885956,-1.324407696723938,-0.3206123411655426,-0.4100606143474579,-1.4955921173095703,-0.36473721265792847
0.0,0.0,0.0,0.289986252784729,-0.1546497941017151,-0.14784103631973267,0.4617638885974884,-0.4472731947898865,-0.20042367279529572,0.29195091128349304,-0.7519967555999756,-0.23975610733032227,0.06970477849245071,-0.8926454186439514,-0.27716243267059326,0.5018978714942932,-0.8519885540008545,-0.1155240386724472,0.703392505645752,-1.2017302513122559,-0.18649740517139435,0.7925552725791931,-1.4213279485702515,-0.24717137217521667,0.8537835478782654,-1.612632155418396,-0.2981818616390228,0.27563461661338806,-0.9540237784385681,-0.11774610728025436,0.37926316261291504,-1.3749107122421265,-0.17077212035655975,0.4301469624042511,-1.6353509426116943,-0.22912311553955078,0.4585137367248535,-1.8390740156173706,-0.27605438232421875,0.05486385524272919,-0.9453275799751282,-0.13866116106510162,0.05088351294398308,-1.3451553583145142,-0.21530281007289886,0.0762743428349495,-1.6012163162231445,-0.30385223031044006,0.09492884576320648,-1.808284044265747,-0.36742252111434937,-0.17123132944107056,-0.8568342328071594,-0.1725597232580185,-0.2775340974330902,-1.1499472856521606,-0.2699774205684662,-0.3439408242702484,-1.3402349948883057,-0.3326764404773712,-0.4003533124923706,-1.5083186626434326,-0.3734818994998932
0.0,0.0,0.0,0.28223636746406555,-0.14739620685577393,-0.13342563807964325,0.44980037212371826,-0.4545247256755829,-0.17824162542819977,0.28452613949775696,-0.7569735646247864,-0.2118874192237854,0.06272464245557785,-0.8881683349609375,-0.2437838315963745,0.49691012501716614,-0.8491198420524597,-0.10744456946849823,0.7133970856666565,-1.195993185043335,-0.17467620968818665,0.8055015206336975,-1.4190349578857422,-0.23244932293891907,0.8639984726905823,-1.6113100051879883,-0.2819400429725647,0.27500683069229126,-0.9545107483863831,-0.11524118483066559,0.38757020235061646,-1.377795934677124,-0.16670726239681244,0.44157513976097107,-1.6428096294403076,-0.22327594459056854,0.4681468605995178,-1.8488643169403076,-0.268406480550766,0.05908431485295296,-0.9485700726509094,-0.1397809088230133,0.0581824891269207,-1.3478474617004395,-0.20975977182388306,0.08568459749221802,-1.6040148735046387,-0.2941007614135742,0.10432227700948715,-1.8120756149291992,-0.35628587007522583,-0.1607537418603897,-0.8625140190124512,-0.17631305754184723,-0.26876237988471985,-1.1497926712036133,-0.26677438616752625,-0.3343289792537689,-1.342605471611023,-0.3261823058128357,-0.3877664804458618,-1.5144754648208618,-0.3659467399120331
0.0,0.0,0.0,0.2846294641494751,-0.15049943327903748,-0.13866198062896729,0.4556289613246918,-0.4648372232913971,-0.18192361295223236,0.27704185247421265,-0.7716805934906006,-0.2138269543647766,0.053324028849601746,-0.9096882343292236,-0.24280300736427307,0.4839535355567932,-0.8610913157463074,-0.09944353997707367,0.6932954788208008,-1.210458517074585,-0.1654123067855835,0.7815857529640198,-1.4312047958374023,-0.22186733782291412,0.8378989696502686,-1.6224969625473022,-0.27019456028938293,0.2566608190536499,-0.9609391689300537,-0.10354293137788773,0.35702502727508545,-1.3836088180541992,-0.15353842079639435,0.40500977635383606,-1.6461207866668701,-0.21037866175174713,0.42688992619514465,-1.8505983352661133,-0.255942702293396,0.04222092404961586,-0.9511745572090149,-0.12597928941249847,0.019420059397816658,-1.3440496921539307,-0.19498804211616516,0.0293588750064373,-1.6003633737564087,-0.2785007059574127,0.03280332311987877,-1.8105007410049438,-0.3399919867515564,-0.17241215705871582,-0.8632648587226868,-0.1613512635231018,-0.27226874232292175,-1.1547788381576538,-0.24755802750587463,-0.3344683349132538,-1.3482378721237183,-0.30504050850868225,-0.3874194025993347,-1.5215253829956055,-0.34450826048851013
0.0,0.0,0.0,0.2749078869819641,-0.14808374643325806,-0.1386757642030716,0.44221416115760803,-0.46333059668540955,-0.18156282603740692,0.26483583450317383,-0.7632081508636475,-0.21257111430168152,0.041444748640060425,-0.8900589942932129,-0.24040661752223969,0.4729905426502228,-0.861368715763092,-0.09750990569591522,0.672423243522644,-1.1991686820983887,-0.16317054629325867,0.760004997253418,-1.4140713214874268,-0.22061434388160706,0.815590500831604,-1.6016147136688232,-0.27055639028549194,0.2498171627521515,-0.9629877805709839,-0.10122184455394745,0.3511321246623993,-1.372266173362732,-0.1515086442232132,0.4014919102191925,-1.6293796300888062,-0.20817752182483673,0.4275996685028076,-1.8318310976028442,-0.25414061546325684,0.03714153170585632,-0.9537471532821655,-0.12384941428899765,0.017752815037965775,-1.339134931564331,-0.19145794212818146,0.030122214928269386,-1.5873750448226929,-0.2750842869281769,0.038220666348934174,-1.7898364067077637,-0.3374713659286499,-0.17357762157917023,-0.8633874654769897,-0.15978612005710602,-0.27388647198677063,-1.1462485790252686,-0.24335163831710815,-0.3386346995830536,-1.335351586341858,-0.30169549584388733,-0.3931828737258911,-1.505643367767334,-0.3431965410709381
0.0,0.0,0.0,0.2824907898902893,-0.15174151957035065,-0.1448931246995926,0.43905967473983765,-0.4612089693546295,-0.19400286674499512,0.2706713378429413,-0.7627942562103271,-0.23026755452156067,0.047115977853536606,-0.8943358063697815,-0.2639855146408081,0.4757691025733948,-0.8586933612823486,-0.11172600090503693,0.6809306144714355,-1.2025798559188843,-0.1820436716079712,0.768829345703125,-1.423711895942688,-0.24304886162281036,0.823980450630188,-1.6174424886703491,-0.295121431350708,0.24955958127975464,-0.9618011116981506,-0.11251082271337509,0.34775564074516296,-1.3762235641479492,-0.165031298995018,0.392218679189682,-1.636254072189331,-0.22097593545913696,0.4142809808254242,-1.8385409116744995,-0.2661845088005066,0.03186130151152611,-0.9548019170761108,-0.13199198246002197,0.00984363816678524,-1.3476786613464355,-0.19994568824768066,0.01741785742342472,-1.5981377363204956,-0.28004294633865356,0.022745292633771896,-1.7995293140411377,-0.3397138714790344,-0.184828519821167,-0.8644942045211792,-0.1655188798904419,-0.2961796522140503,-1.1466927528381348,-0.24947954714298248,-0.3616631329059601,-1.3374522924423218,-0.3056698143482208,-0.4123726189136505,-1.5061546564102173,-0.3446122705936432
0.0,0.0,0.0,0.28437209129333496,-0.1618455946445465,-0.13441622257232666,0.43281978368759155,-0.4899210035800934,-0.17449741065502167,0.23972313106060028,-0.7943574786186218,-0.20405805110931396,0.00682167848572135,-0.9103406071662903,-0.23103226721286774,0.47179457545280457,-0.8697106838226318,-0.09011963754892349,0.6726973652839661,-1.2197494506835938,-0.15298864245414734,0.7624030113220215,-1.437986969947815,-0.2091924250125885,0.8205910921096802,-1.624688982963562,-0.256878137588501,0.24024416506290436,-0.96612948179245,-0.0942147895693779,0.33190810680389404,-1.3849955797195435,-0.13823071122169495,0.37669602036476135,-1.639237880706787,-0.19081257283687592,0.39637964963912964,-1.8336580991744995,-0.23267075419425964,0.023913657292723656,-0.9548294544219971,-0.1164277121424675,-0.0002960184356197715,-1.3447494506835938,-0.17908267676830292,0.015817712992429733,-1.593674898147583,-0.25560861825942993,0.025164004415273666,-1.7952303886413574,-0.31146514415740967,-0.19038662314414978,-0.8649149537086487,-0.15180988609790802,-0.3117921054363251,-1.1561338901519775,-0.23150435090065002,-0.38060688972473145,-1.3417338132858276,-0.2817525565624237,-0.4374122619628906,-1.506160020828247,-0.3150879442691803
0.0,0.0,0.0,0.29096096754074097,-0.15932586789131165,-0.11728526651859283,0.42954573035240173,-0.4823516607284546,-0.1536942720413208,0.2896777391433716,-0.7783560156822205,-0.1852049082517624,0.07618450373411179,-0.9029873013496399,-0.21563801169395447,0.4682089388370514,-0.8650147318840027,-0.07978789508342743,0.6698948740959167,-1.2110642194747925,-0.15317659080028534,0.765487551689148,-1.4318383932113647,-0.21943186223506927,0.8286521434783936,-1.6166976690292358,-0.2711188495159149,0.24685312807559967,-0.9644247889518738,-0.09459530562162399,0.3390100300312042,-1.3922094106674194,-0.14775687456130981,0.3892374634742737,-1.6587997674942017,-0.20570221543312073,0.4097675383090973,-1.858206868171692,-0.24921788275241852,0.030462520197033882,-0.9540756940841675,-0.1263623833656311,0.02170851081609726,-1.3603819608688354,-0.19439837336540222,0.03945048525929451,-1.6114352941513062,-0.2681257128715515,0.04733436554670334,-1.8078840970993042,-0.31907862424850464,-0.18623368442058563,-0.8627778887748718,-0.17011834681034088,-0.29223090410232544,-1.1643000841140747,-0.2536102533340454,-0.3509402573108673,-1.360369086265564,-0.30124688148498535,-0.4053071141242981,-1.5234527587890625,-0.33008843660354614
0.0,0.0,0.0,0.28913864493370056,-0.15155687928199768,-0.12209133058786392,0.4422878324985504,-0.47070541977882385,-0.15746912360191345,0.30460524559020996,-0.7656922340393066,-0.18760663270950317,0.10285456478595734,-0.897365927696228,-0.21677084267139435,0.46285712718963623,-0.8687688708305359,-0.07350457459688187,0.6661001443862915,-1.2044497728347778,-0.14608559012413025,0.7649621963500977,-1.419955849647522,-0.21266373991966248,0.8310977220535278,-1.6020170450210571,-0.2658577859401703,0.2463083416223526,-0.9654069542884827,-0.08556664735078812,0.34165117144584656,-1.3733763694763184,-0.1420326828956604,0.3994399607181549,-1.6318087577819824,-0.20370236039161682,0.4325476586818695,-1.8290632963180542,-0.2503446340560913,0.0360887236893177,-0.9555721879005432,-0.1165212020277977,0.033445924520492554,-1.349461555480957,-0.18950621783733368,0.05901920795440674,-1.6007380485534668,-0.2692544460296631,0.08154601603746414,-1.8006906509399414,-0.3247794806957245,-0.17679014801979065,-0.8659908771514893,-0.15990863740444183,-0.27963584661483765,-1.1578900814056396,-0.2491782158613205,-0.33591222763061523,-1.3551558256149292,-0.304386705160141,-0.3806944191455841,-1.5244749784469604,-0.3391817510128021
0.0,0.0,0.0,0.27840375900268555,-0.13591411709785461,-0.13141918182373047,0.45188817381858826,-0.4506622850894928,-0.16982616484165192,0.3076142370700836,-0.7547032237052917,-0.19987377524375916,0.10008726269006729,-0.8971188068389893,-0.2276581972837448,0.4876345098018646,-0.8527083396911621,-0.08150666207075119,0.6954879760742188,-1.1864734888076782,-0.1463755965232849,0.7928642630577087,-1.4039479494094849,-0.20481862127780914,0.8598174452781677,-1.589470386505127,-0.2548065781593323,0.27246662974357605,-0.9581407904624939,-0.0879099890589714,0.3757637143135071,-1.3590914011001587,-0.13748836517333984,0.4342969059944153,-1.6117576360702515,-0.19331510365009308,0.4713544249534607,-1.8079874515533447,-0.23716197907924652,0.06444770097732544,-0.9543100595474243,-0.11341981589794159,0.06352399289608002,-1.3377833366394043,-0.18180815875530243,0.0951429232954979,-1.5850071907043457,-0.26206061244010925,0.12160046398639679,-1.7870367765426636,-0.320881187915802,-0.14727844297885895,-0.8706045746803284,-0.15217065811157227,-0.2473233938217163,-1.151601791381836,-0.24292609095573425,-0.30842241644859314,-1.3431177139282227,-0.30260080099105835,-0.35807111859321594,-1.5146965980529785,-0.34190860390663147
0.0,0.0,0.0,0.2809363901615143,-0.13767963647842407,-0.1338648945093155,0.45988929271698,-0.44721317291259766,-0.17369723320007324,0.31573477387428284,-0.7493658065795898,-0.20301681756973267,0.10688208788633347,-0.887235164642334,-0.22934019565582275,0.5044746994972229,-0.84386146068573,-0.08801886439323425,0.7099281549453735,-1.1757017374038696,-0.15675616264343262,0.8110867738723755,-1.3895841836929321,-0.220250204205513,0.8796077370643616,-1.5753371715545654,-0.2728221118450165,0.2894837558269501,-0.9526367783546448,-0.09317866712808609,0.39620456099510193,-1.3481028079986572,-0.1413821280002594,0.45665356516838074,-1.6031466722488403,-0.1979149729013443,0.49345871806144714,-1.801539421081543,-0.24329213798046112,0.07985648512840271,-0.9508346915245056,-0.11722633242607117,0.07750172168016434,-1.3344491720199585,-0.18088512122631073,0.1052495613694191,-1.5768934488296509,-0.2558269798755646,0.12835648655891418,-1.7689026594161987,-0.3112829625606537,-0.13404424488544464,-0.8670064806938171,-0.15516702830791473,-0.2322159707546234,-1.1509455442428589,-0.23827965557575226,-0.2884330451488495,-1.3421937227249146,-0.29021909832954407,-0.3317245841026306,-1.5078842639923096,-0.32440513372421265
0.0,0.0,0.0,0.28709495067596436,-0.15493497252464294,-0.13320229947566986,0.4415852725505829,-0.4811702370643616,-0.16906367242336273,0.2772710919380188,-0.7899262309074402,-0.19542765617370605,0.051236167550086975,-0.9167989492416382,-0.21856839954853058,0.48655590415000916,-0.8632028698921204,-0.07848960161209106,0.6923364400863647,-1.2088911533355713,-0.13354791700839996,0.7845190763473511,-1.426785945892334,-0.1839819699525833,0.8427559733390808,-1.6121176481246948,-0.2283087521791458,0.26413625478744507,-0.9610899090766907,-0.08085845410823822,0.3586476743221283,-1.3711411952972412,-0.11855701357126236,0.4095609486103058,-1.6261980533599854,-0.16660888493061066,0.43562936782836914,-1.8223049640655518,-0.2061416059732437,0.05068433657288551,-0.9527614116668701,-0.10262563079595566,0.03770001232624054,-1.3376643657684326,-0.16247546672821045,0.06609633564949036,-1.5838570594787598,-0.24106068909168243,0.08533913642168045,-1.7801426649093628,-0.2989368140697479,-0.1642952561378479,-0.8718652725219727,-0.13786575198173523,-0.2765980064868927,-1.1602287292480469,-0.22251014411449432,-0.34140196442604065,-1.3488469123840332,-0.28043195605278015,-0.39432287216186523,-1.5121426582336426,-0.3187488615512848
0.0,0.0,0.0,0.2857777178287506,-0.16184912621974945,-0.1166364923119545,0.42216694355010986,-0.4831943213939667,-0.15250974893569946,0.2853328585624695,-0.7780149579048157,-0.18427278101444244,0.08530966937541962,-0.909280002117157,-0.21433153748512268,0.49034738540649414,-0.8527352213859558,-0.07383280247449875,0.6996698379516602,-1.1901012659072876,-0.1447824388742447,0.7984434962272644,-1.4058290719985962,-0.20775632560253143,0.8666898608207703,-1.5892207622528076,-0.25824373960494995,0.2720867991447449,-0.9584764242172241,-0.08539149910211563,0.3753780722618103,-1.3674485683441162,-0.138620063662529,0.43325039744377136,-1.618977665901184,-0.19114525616168976,0.46794721484184265,-1.8096562623977661,-0.22955848276615143,0.05714067071676254,-0.9563111662864685,-0.11518609523773193,0.056152306497097015,-1.3612381219863892,-0.1817820966243744,0.07842034846544266,-1.6127921342849731,-0.2507290840148926,0.10171163827180862,-1.8192369937896729,-0.29854995012283325,-0.1577189415693283,-0.8738376498222351,-0.15763790905475616,-0.2546367347240448,-1.171079158782959,-0.23861399292945862,-0.3055039942264557,-1.3693784475326538,-0.2857978641986847,-0.3411782681941986,-1.5417215824127197,-0.31452858448028564
0.0,0.0,0.0,0.2956927716732025,-0.11789475381374359,-0.12085812538862228,0.4880557060241699,-0.4436326324939728,-0.15124103426933289,0.37877288460731506,-0.7598697543144226,-0.17484019696712494,0.17813727259635925,-0.9015274047851562,-0.19615553319454193,0.540137767791748,-0.8288981914520264,-0.06826154887676239,0.7578869462013245,-1.1619831323623657,-0.13498888909816742,0.8576489686965942,-1.3725031614303589,-0.1937343180179596,0.923771858215332,-1.5515472888946533,-0.24130213260650635,0.33088505268096924,-0.940546989440918,-0.07672243565320969,0.4630502760410309,-1.3431780338287354,-0.12980027496814728,0.5347289443016052,-1.5868240594863892,-0.182353675365448,0.5731828212738037,-1.7718329429626465,-0.21881884336471558,0.12537823617458344,-0.9488352537155151,-0.10391253978013992,0.15165375173091888,-1.3503817319869995,-0.17173291742801666,0.18496471643447876,-1.6071054935455322,-0.23839128017425537,0.20808812975883484,-1.8175140619277954,-0.28310176730155945,-0.08269589394330978,-0.8828956484794617,-0.1438518464565277,-0.11901508271694183,-1.1855180263519287,-0.22039316594600677,-0.1299029439687729,-1.3900136947631836,-0.2623492479324341,-0.13588601350784302,-1.5693323612213135,-0.28822311758995056
0.0,0.0,0.0,0.2833915650844574,-0.11004327982664108,-0.13188816606998444,0.4843723773956299,-0.423107773065567,-0.1689564436674118,0.3762325048446655,-0.7354580163955688,-0.19653762876987457,0.1901295781135559,-0.8961259126663208,-0.2194795161485672,0.5318257212638855,-0.822246789932251,-0.08561570942401886,0.7379236817359924,-1.153502106666565,-0.16276593506336212,0.8353099822998047,-1.3629649877548218,-0.22615356743335724,0.9024702310562134,-1.5454105138778687,-0.2758762240409851,0.3292383551597595,-0.9399754405021667,-0.08971172571182251,0.4571964740753174,-1.3378664255142212,-0.15077431499958038,0.5308611392974854,-1.5830769538879395,-0.2054741531610489,0.5794021487236023,-1.7700815200805664,-0.24446909129619598,0.1308552622795105,-0.9519428610801697,-0.1142190471291542,0.1350703239440918,-1.3449122905731201,-0.1870439350605011,0.16268175840377808,-1.5948137044906616,-0.25471609830856323,0.18666887283325195,-1.7918769121170044,-0.300885945558548,-0.06629963964223862,-0.8867347836494446,-0.15307147800922394,-0.07750966399908066,-1.1830174922943115,-0.22810618579387665,-0.08082074671983719,-1.3827407360076904,-0.2721588909626007,-0.08081399649381638,-1.5531911849975586,-0.3018947243690491
0.0,0.0,0.0,0.27519363164901733,-0.12743926048278809,-0.13417622447013855,0.4747646749019623,-0.4361072778701782,-0.17965778708457947,0.36920806765556335,-0.7536932826042175,-0.2150452584028244,0.1566733866930008,-0.914065420627594,-0.2467641681432724,0.5218510031700134,-0.8276978135108948,-0.08835974335670471,0.7187087535858154,-1.1653974056243896,-0.1662192940711975,0.8092907667160034,-1.3755005598068237,-0.23272690176963806,0.8761647939682007,-1.5601251125335693,-0.28566065430641174,0.31808188557624817,-0.9435511827468872,-0.09238582849502563,0.4421531558036804,-1.336690068244934,-0.1514381766319275,0.5097531080245972,-1.5834481716156006,-0.2088705599308014,0.5535605549812317,-1.7686848640441895,-0.2524852454662323,0.11510223150253296,-0.9548230767250061,-0.1164378747344017,0.11222036182880402,-1.3447399139404297,-0.18408359587192535,0.136241614818573,-1.5937621593475342,-0.24984410405158997,0.1564212292432785,-1.7850065231323242,-0.29809439182281494,-0.08751101046800613,-0.889873743057251,-0.15524642169475555,-0.10986402630805969,-1.1803171634674072,-0.22516100108623505,-0.11260132491588593,-1.378273367881775,-0.26602327823638916,-0.10983610153198242,-1.5450429916381836,-0.29563918709754944
0.0,0.0,0.0,0.28362640738487244,-0.12595398724079132,-0.13314102590084076,0.4822355806827545,-0.4375082850456238,-0.17583580315113068,0.3701655864715576,-0.7511585354804993,-0.20861051976680756,0.16516828536987305,-0.9097602367401123,-0.2376052886247635,0.522810697555542,-0.8259574174880981,-0.08839268982410431,0.7251853346824646,-1.1639200448989868,-0.16534197330474854,0.817268431186676,-1.3764482736587524,-0.22914542257785797,0.8830991387367249,-1.562298059463501,-0.27956950664520264,0.3188263177871704,-0.9432669281959534,-0.09272212535142899,0.45393848419189453,-1.3395100831985474,-0.15190717577934265,0.5278667211532593,-1.588515281677246,-0.20806993544101715,0.5758232474327087,-1.7760347127914429,-0.24943023920059204,0.11541317403316498,-0.955295979976654,-0.11688531935214996,0.11925594508647919,-1.3458796739578247,-0.1867125779390335,0.1476353257894516,-1.5983082056045532,-0.25465843081474304,0.17117775976657867,-1.7947781085968018,-0.30289632081985474,-0.08771960437297821,-0.8898638486862183,-0.15526683628559113,-0.10233578085899353,-1.1818835735321045,-0.22787094116210938,-0.10405220836400986,-1.3821070194244385,-0.2705923318862915,-0.1021447479724884,-1.5509800910949707,-0.30052387714385986
0.0,0.0,0.0,0.2771068513393402,-0.14078253507614136,-0.13143600523471832,0.4607176184654236,-0.45825138688087463,-0.17337368428707123,0.3326048254966736,-0.7691129446029663,-0.2063363492488861,0.12021243572235107,-0.9238037467002869,-0.23579539358615875,0.48984721302986145,-0.8476530909538269,-0.08103279024362564,0.6805431246757507,-1.1868847608566284,-0.15260110795497894,0.7674703598022461,-1.399569034576416,-0.2126956433057785,0.8278207778930664,-1.5838767290115356,-0.2607420086860657,0.2824319005012512,-0.9555654525756836,-0.08442095667123795,0.4014173150062561,-1.3500086069107056,-0.13702648878097534,0.4634411334991455,-1.600203275680542,-0.1899738907814026,0.5014564990997314,-1.7942560911178589,-0.2300070822238922,0.07849161326885223,-0.9598954319953918,-0.10806801915168762,0.058837730437517166,-1.3465265035629272,-0.17250993847846985,0.07288642227649689,-1.597162127494812,-0.24248801171779633,0.08401867002248764,-1.7951856851577759,-0.29317858815193176,-0.12435932457447052,-0.8869918584823608,-0.14584846794605255,-0.17031945288181305,-1.1769908666610718,-0.21682581305503845,-0.19330760836601257,-1.3726506233215332,-0.26183387637138367,-0.20917615294456482,-1.5387948751449585,-0.2936079800128937
0.0,0.0,0.0,0.28596729040145874,-0.13710828125476837,-0.12811081111431122,0.4768158495426178,-0.4602817893028259,-0.1659645289182663,0.3618375360965729,-0.7790558338165283,-0.19605036079883575,0.16263441741466522,-0.9441763758659363,-0.2238379269838333,0.4976916015148163,-0.8457321524620056,-0.08044732362031937,0.699643611907959,-1.1804444789886475,-0.15364187955856323,0.7913107872009277,-1.3935497999191284,-0.21584413945674896,0.8560755252838135,-1.5796912908554077,-0.26608550548553467,0.28993627429008484,-0.9531545639038086,-0.08621684461832047,0.4090321958065033,-1.3507280349731445,-0.1425217241048813,0.4761146008968353,-1.598529577255249,-0.1974807232618332,0.5178031325340271,-1.791841745376587,-0.23808398842811584,0.0875738114118576,-0.955988347530365,-0.11148913949728012,0.07461638003587723,-1.3480236530303955,-0.18306101858615875,0.09453199058771133,-1.6032259464263916,-0.25500252842903137,0.10981252789497375,-1.8108010292053223,-0.30581289529800415,-0.11622016876935959,-0.8817864656448364,-0.15012133121490479,-0.17461396753787994,-1.1775141954421997,-0.23278142511844635,-0.20311763882637024,-1.375489592552185,-0.2823658883571625,-0.22386601567268372,-1.5468794107437134,-0.31509292125701904
0.0,0.0,0.0,0.2778873145580292,-0.1457175612449646,-0.12772691249847412,0.4515233337879181,-0.4702592194080353,-0.17040398716926575,0.3457162380218506,-0.7894892692565918,-0.2059202790260315,0.14763085544109344,-0.9568394422531128,-0.23952674865722656,0.48597270250320435,-0.8488057255744934,-0.08894596993923187,0.6888612508773804,-1.1803174018859863,-0.16314202547073364,0.7816647887229919,-1.3918919563293457,-0.22421209514141083,0.845227837562561,-1.5774660110473633,-0.27377718687057495,0.2817198634147644,-0.9545825719833374,-0.09698447585105896,0.40360406041145325,-1.3513336181640625,-0.1526198834180832,0.4690287113189697,-1.5987794399261475,-0.2030392289161682,0.5095037221908569,-1.7971255779266357,-0.24133121967315674,0.0777171179652214,-0.9548057913780212,-0.12475916743278503,0.06047653406858444,-1.3490077257156372,-0.19771815836429596,0.08039002865552902,-1.6029748916625977,-0.2692197561264038,0.09490704536437988,-1.8108094930648804,-0.32021626830101013,-0.12824973464012146,-0.8782060146331787,-0.16576802730560303,-0.19934561848640442,-1.1780526638031006,-0.2532983422279358,-0.23953014612197876,-1.3789137601852417,-0.3060634434223175,-0.2724110186100006,-1.5516738891601562,-0.3409685790538788
0.0,0.0,0.0,0.28066056966781616,-0.13155171275138855,-0.12668943405151367,0.45909664034843445,-0.4520132541656494,-0.1668957769870758,0.35368749499320984,-0.7745746970176697,-0.20025567710399628,0.1578097939491272,-0.9404730200767517,-0.23079536855220795,0.5069142580032349,-0.8390054106712341,-0.0792497992515564,0.7061315178871155,-1.1676201820373535,-0.14764542877674103,0.7992152571678162,-1.375728726387024,-0.2048172801733017,0.8623982667922974,-1.5556844472885132,-0.2522675395011902,0.29881948232650757,-0.9503968358039856,-0.08633015304803848,0.4148543179035187,-1.3435747623443604,-0.13686040043830872,0.47920525074005127,-1.5817996263504028,-0.18399187922477722,0.5196667909622192,-1.7688676118850708,-0.21974144876003265,0.09325942397117615,-0.9551557302474976,-0.11352088302373886,0.07458478957414627,-1.3424686193466187,-0.182676300406456,0.09262643754482269,-1.593133568763733,-0.2520049214363098,0.10690175741910934,-1.7985374927520752,-0.301963210105896,-0.11330977082252502,-0.8830708265304565,-0.15415142476558685,-0.1788465976715088,-1.1765247583389282,-0.23864878714084625,-0.21524865925312042,-1.3719135522842407,-0.28990280628204346,-0.24419133365154266,-1.5400445461273193,-0.32411256432533264
0.0,0.0,0.0,0.28919196128845215,-0.12531237304210663,-0.1271529495716095,0.4676651060581207,-0.45185279846191406,-0.1624940037727356,0.3567117750644684,-0.7812135815620422,-0.1898670196533203,0.1565248817205429,-0.9464005827903748,-0.21459028124809265,0.5175290703773499,-0.8327770233154297,-0.07870038598775864,0.7239720225334167,-1.1635662317276,-0.1429700404405594,0.8203484416007996,-1.3733123540878296,-0.19764083623886108,0.8863992094993591,-1.5555751323699951,-0.24450814723968506,0.3102324604988098,-0.9470096230506897,-0.08323776721954346,0.429695188999176,-1.3423597812652588,-0.1307389736175537,0.4979269206523895,-1.5856295824050903,-0.17811013758182526,0.5393409132957458,-1.7759408950805664,-0.2154170125722885,0.10339444130659103,-0.9531441330909729,-0.10755141824483871,0.08366174250841141,-1.343328833580017,-0.1755373775959015,0.10311999917030334,-1.5963661670684814,-0.2482432872056961,0.11642847210168839,-1.8029052019119263,-0.3012334704399109,-0.1050100326538086,-0.8829970359802246,-0.14489778876304626,-0.17313425242900848,-1.1804126501083374,-0.23020747303962708,-0.2098875492811203,-1.376564860343933,-0.28480064868927,-0.2408422976732254,-1.5441467761993408,-0.32197076082229614
0.0,0.0,0.0,0.2931821644306183,-0.12311847507953644,-0.1274557262659073,0.47598996758461,-0.45333969593048096,-0.1609060913324356,0.3631841242313385,-0.7864702939987183,-0.18642261624336243,0.1553100049495697,-0.9459778666496277,-0.20960740745067596,0.5246005654335022,-0.8324849605560303,-0.07163387537002563,0.7256581783294678,-1.158289909362793,-0.1311410665512085,0.8180821537971497,-1.3636425733566284,-0.18384933471679688,0.8810774683952332,-1.5426397323608398,-0.23067082464694977,0.3152424395084381,-0.946029007434845,-0.07517555356025696,0.43002238869667053,-1.3337514400482178,-0.11818574368953705,0.4960469603538513,-1.570015788078308,-0.16386725008487701,0.5361834168434143,-1.7556501626968384,-0.2009817212820053,0.10802143812179565,-0.9507443308830261,-0.09905034303665161,0.08804880082607269,-1.333094835281372,-0.16366375982761383,0.10719296336174011,-1.5831695795059204,-0.236005961894989,0.11936846375465393,-1.7881088256835938,-0.29008159041404724,-0.1004616767168045,-0.8798184990882874,-0.13632264733314514,-0.16383512318134308,-1.1714709997177124,-0.21908868849277496,-0.19679328799247742,-1.3647409677505493,-0.2738635241985321,-0.22427929937839508,-1.531126856803894,-0.31260019540786743
0.0,0.0,0.0,0.30114850401878357,-0.1301877647638321,-0.12228503823280334,0.4786352217197418,-0.46081432700157166,-0.15274733304977417,0.3649221956729889,-0.783454954624176,-0.1760970950126648,0.1708393692970276,-0.9454892873764038,-0.19717876613140106,0.5256274342536926,-0.8344675302505493,-0.07169973105192184,0.7345309853553772,-1.1619113683700562,-0.13343608379364014,0.8321951627731323,-1.3677582740783691,-0.18714463710784912,0.9000266194343567,-1.548616886138916,-0.2331029176712036,0.31681594252586365,-0.945380449295044,-0.0767035037279129,0.43502941727638245,-1.3371350765228271,-0.1217433363199234,0.5032421946525574,-1.5788519382476807,-0.16801118850708008,0.5440337061882019,-1.7655489444732666,-0.20410913228988647,0.10826382040977478,-0.9490678906440735,-0.10138734430074692,0.08954887837171555,-1.3391615152359009,-0.1671193242073059,0.1102757602930069,-1.5923914909362793,-0.23870834708213806,0.1250288337469101,-1.7976393699645996,-0.2901650667190552,-0.09984570741653442,-0.8767051100730896,-0.138818621635437,-0.16416127979755402,-1.1756047010421753,-0.22191990911960602,-0.1977648138999939,-1.3737295866012573,-0.2752092182636261,-0.22494998574256897,-1.542637586593628,-0.31094056367874146
0.0,0.0,0.0,0.31389176845550537,-0.1279820203781128,-0.12879562377929688,0.49582967162132263,-0.44123104214668274,-0.16442936658859253,0.4017904996871948,-0.7703638672828674,-0.19214791059494019,0.2502673864364624,-0.9561511278152466,-0.21612371504306793,0.5409578680992126,-0.8220924735069275,-0.08049667626619339,0.7698588967323303,-1.1495060920715332,-0.15244469046592712,0.8800045847892761,-1.3578003644943237,-0.21190640330314636,0.9572500586509705,-1.543130874633789,-0.25991904735565186,0.3348420560359955,-0.9385554790496826,-0.08363261073827744,0.46701738238334656,-1.3382896184921265,-0.1402122974395752,0.5423887372016907,-1.5865470170974731,-0.19245252013206482,0.5902361869812012,-1.783447027206421,-0.2308911234140396,0.12778450548648834,-0.9514122009277344,-0.10699017345905304,0.12301716953516006,-1.3473364114761353,-0.1828654557466507,0.14819133281707764,-1.5990488529205322,-0.25566548109054565,0.16943123936653137,-1.803580403327942,-0.3047223687171936,-0.07865279167890549,-0.8855616450309753,-0.14351271092891693,-0.14272566139698029,-1.194003701210022,-0.2347986102104187,-0.17735370993614197,-1.3977351188659668,-0.2896600067615509,-0.20352105796337128,-1.5729750394821167,-0.32332566380500793
0.0,0.0,0.0,0.2961161434650421,-0.12736262381076813,-0.11610022187232971,0.4732895791530609,-0.4417837858200073,-0.149226576089859,0.3812386095523834,-0.7628588080406189,-0.17713256180286407,0.19615143537521362,-0.9289271235466003,-0.20271897315979004,0.5447279214859009,-0.8158615827560425,-0.07266446202993393,0.7813700437545776,-1.1384327411651611,-0.13722068071365356,0.897931694984436,-1.3434559106826782,-0.1927867829799652,0.9799185395240784,-1.522966742515564,-0.2390975058078766,0.3418041467666626,-0.9362146854400635,-0.08168277144432068,0.4763682782649994,-1.3333609104156494,-0.12949174642562866,0.5516971349716187,-1.5773793458938599,-0.17814694344997406,0.5960359573364258,-1.7658612728118896,-0.21567560732364655,0.13421963155269623,-0.9507805109024048,-0.10904624313116074,0.12932643294334412,-1.3420780897140503,-0.1753939688205719,0.15685762465000153,-1.5959644317626953,-0.2474444955587387,0.17663896083831787,-1.8007378578186035,-0.29886993765830994,-0.07468507438898087,-0.8887521624565125,-0.1484755426645279,-0.13753603398799896,-1.1935688257217407,-0.2301754653453827,-0.17104865610599518,-1.3941079378128052,-0.28109854459762573,-0.19842353463172913,-1.5643584728240967,-0.3146902322769165
0.0,0.0,0.0,0.30774644017219543,-0.12419739365577698,-0.1163734570145607,0.48578816652297974,-0.44872885942459106,-0.1479930728673935,0.4105128049850464,-0.7784253358840942,-0.17492009699344635,0.21530203521251678,-0.9430757761001587,-0.20092855393886566,0.5575190186500549,-0.8075383901596069,-0.08117018640041351,0.7978127002716064,-1.1337220668792725,-0.1511310636997223,0.9179381132125854,-1.3418447971343994,-0.2105078399181366,1.006806492805481,-1.5231572389602661,-0.2595575153827667,0.3514631688594818,-0.9317033886909485,-0.09166455268859863,0.483084499835968,-1.3394451141357422,-0.14400725066661835,0.5603749752044678,-1.5884236097335815,-0.19419987499713898,0.6071226596832275,-1.7761108875274658,-0.23270560801029205,0.13794784247875214,-0.9477167725563049,-0.12007398903369904,0.1329621970653534,-1.3472455739974976,-0.18980704247951508,0.1621875762939453,-1.609741449356079,-0.26185259222984314,0.18579185009002686,-1.8209056854248047,-0.31339287757873535,-0.07769040018320084,-0.8870828151702881,-0.1607285439968109,-0.1400735229253769,-1.1976144313812256,-0.24456095695495605,-0.17046333849430084,-1.4049609899520874,-0.29589903354644775,-0.1943950355052948,-1.5786052942276,-0.33021581172943115
0.0,0.0,0.0,0.3020167648792267,-0.1273517608642578,-0.11933280527591705,0.4952876567840576,-0.45799607038497925,-0.1517113447189331,0.411065936088562,-0.7849653959274292,-0.17775414884090424,0.21509449183940887,-0.9410241842269897,-0.20178572833538055,0.5528988242149353,-0.8065813779830933,-0.08188513666391373,0.7988598346710205,-1.1275815963745117,-0.14987805485725403,0.9219741821289062,-1.3365768194198608,-0.2069505900144577,1.0100170373916626,-1.5192949771881104,-0.25481221079826355,0.35256627202033997,-0.9314122200012207,-0.09037844836711884,0.4955560564994812,-1.3265644311904907,-0.14126065373420715,0.5785192847251892,-1.577768325805664,-0.18991470336914062,0.6294904351234436,-1.7725030183792114,-0.22783276438713074,0.1477193981409073,-0.948927640914917,-0.11716286838054657,0.15010879933834076,-1.3466205596923828,-0.1847783476114273,0.184792160987854,-1.605943202972412,-0.2572389841079712,0.20994003117084503,-1.8140008449554443,-0.3099552392959595,-0.05761149153113365,-0.8893733620643616,-0.15654908120632172,-0.11437097191810608,-1.1931208372116089,-0.23926986753940582,-0.14043857157230377,-1.4015432596206665,-0.29269617795944214,-0.16173948347568512,-1.5788824558258057,-0.32943111658096313
0.0,0.0,0.0,0.29352128505706787,-0.14039424061775208,-0.11938147991895676,0.4826953709125519,-0.45856308937072754,-0.1544652134180069,0.38124799728393555,-0.770084023475647,-0.18298490345478058,0.19002127647399902,-0.9314737319946289,-0.20922626554965973,0.5432710647583008,-0.8112398982048035,-0.08272843062877655,0.7923980355262756,-1.1285220384597778,-0.15439647436141968,0.9133439064025879,-1.3379226922988892,-0.21442461013793945,0.9990967512130737,-1.520617127418518,-0.26332056522369385,0.342727392911911,-0.9348872900009155,-0.09232433140277863,0.48661118745803833,-1.3295378684997559,-0.14606015384197235,0.5674731135368347,-1.5801982879638672,-0.19811134040355682,0.6168017387390137,-1.77162766456604,-0.23833045363426208,0.13666576147079468,-0.9500091671943665,-0.12025651335716248,0.140427365899086,-1.347214698791504,-0.18855397403240204,0.17193186283111572,-1.6025102138519287,-0.2617223262786865,0.195461243391037,-1.8079278469085693,-0.3148626387119293,-0.07200635224580765,-0.8871933817863464,-0.1605929583311081,-0.1264052838087082,-1.1890307664871216,-0.24284017086029053,-0.1544668972492218,-1.3956286907196045,-0.2950974404811859,-0.1774405688047409,-1.5738649368286133,-0.33052295446395874
0.0,0.0,0.0,0.2869252562522888,-0.12894557416439056,-0.12379398196935654,0.4812016487121582,-0.43699270486831665,-0.16168734431266785,0.3741163909435272,-0.7428358197212219,-0.1921810358762741,0.19646067917346954,-0.9094647169113159,-0.2203546166419983,0.5312274098396301,-0.8182651996612549,-0.09057994931936264,0.7742602229118347,-1.1341216564178467,-0.1685907393693924,0.8933135867118835,-1.3432700634002686,-0.23274196684360504,0.9781165719032288,-1.5258585214614868,-0.28363096714019775,0.3288215100765228,-0.9391087889671326,-0.09975554049015045,0.46739041805267334,-1.3333629369735718,-0.16144371032714844,0.5462533831596375,-1.5847171545028687,-0.21922284364700317,0.5943690538406372,-1.7764241695404053,-0.2618452310562134,0.12432795763015747,-0.9500042200088501,-0.12744295597076416,0.12512919306755066,-1.342175006866455,-0.2025769054889679,0.15350809693336487,-1.5979750156402588,-0.27936264872550964,0.17743520438671112,-1.8074103593826294,-0.3334463834762573,-0.0831943079829216,-0.881075382232666,-0.16751495003700256,-0.14062899351119995,-1.1789422035217285,-0.25525495409965515,-0.17241431772708893,-1.3828870058059692,-0.3097238838672638,-0.19640634953975677,-1.5631409883499146,-0.3452056348323822
0.0,0.0,0.0,0.30199572443962097,-0.12152384966611862,-0.10104948282241821,0.4778013229370117,-0.4482593536376953,-0.11813461035490036,0.3744787573814392,-0.7402055859565735,-0.13355594873428345,0.1858535259962082,-0.8781805038452148,-0.14814266562461853,0.514016330242157,-0.842731773853302,-0.04736093804240227,0.7376546263694763,-1.1586946249008179,-0.11204223334789276,0.8534954190254211,-1.3633689880371094,-0.1699926108121872,0.9310896396636963,-1.5329655408859253,-0.21556860208511353,0.29910704493522644,-0.9521598219871521,-0.06266354024410248,0.41795453429222107,-1.3493008613586426,-0.11429058015346527,0.4889947474002838,-1.5937247276306152,-0.16760799288749695,0.5251629948616028,-1.7801517248153687,-0.20466528832912445,0.08405151218175888,-0.9538894295692444,-0.09596321731805801,0.0770997479557991,-1.3419880867004395,-0.1618187427520752,0.09390365332365036,-1.5878099203109741,-0.23052076995372772,0.10862784087657928,-1.7893142700195312,-0.27723270654678345,-0.13253886997699738,-0.8756266236305237,-0.14033156633377075,-0.20460036396980286,-1.170339584350586,-0.21600063145160675,-0.24168851971626282,-1.362601637840271,-0.25891411304473877,-0.2683633267879486,-1.5326249599456787,-0.28550952672958374
0.0,0.0,0.0,0.2925024926662445,-0.1341063380241394,-0.11221006512641907,0.4578278064727783,-0.4777916371822357,-0.129489466547966,0.3356713652610779,-0.7770294547080994,-0.14259736239910126,0.1408584862947464,-0.9204853177070618,-0.1534542739391327,0.49011504650115967,-0.8594061136245728,-0.038901135325431824,0.7026782631874084,-1.17942476272583,-0.09211050719022751,0.8096571564674377,-1.3797880411148071,-0.14472804963588715,0.8834528923034668,-1.5505326986312866,-0.19018152356147766,0.27946415543556213,-0.9589318037033081,-0.04847242683172226,0.3816319704055786,-1.3508331775665283,-0.08714774996042252,0.44338831305503845,-1.59646737575531,-0.1382097452878952,0.47976672649383545,-1.7810949087142944,-0.17957673966884613,0.07093960791826248,-0.9500194787979126,-0.07882080227136612,0.04872691631317139,-1.3311008214950562,-0.13860879838466644,0.0570753738284111,-1.5850460529327393,-0.21551616489887238,0.06424590945243835,-1.7934956550598145,-0.2723342478275299,-0.1374378353357315,-0.8678945899009705,-0.12152207642793655,-0.20469292998313904,-1.1570892333984375,-0.19876013696193695,-0.24659372866153717,-1.3555344343185425,-0.2527032792568207,-0.28137320280075073,-1.5291478633880615,-0.29125478863716125
0.0,0.0,0.0,0.287296861410141,-0.1320536732673645,-0.1201351135969162,0.4576050639152527,-0.4615848958492279,-0.14427100121974945,0.33564019203186035,-0.761939525604248,-0.16315992176532745,0.13890591263771057,-0.9107398390769958,-0.17843055725097656,0.4837264120578766,-0.8598973155021667,-0.044375527650117874,0.6824856996536255,-1.1909135580062866,-0.09910011291503906,0.7822237610816956,-1.396059513092041,-0.15204323828220367,0.8530044555664062,-1.5736924409866333,-0.19724635779857635,0.2758350372314453,-0.9598541259765625,-0.05094307288527489,0.381382018327713,-1.3528504371643066,-0.08984111994504929,0.43887457251548767,-1.605259895324707,-0.1403036266565323,0.47154200077056885,-1.7957550287246704,-0.18018817901611328,0.07187625020742416,-0.9531534910202026,-0.07892502099275589,0.03812345117330551,-1.3377553224563599,-0.13937421143054962,0.03791063278913498,-1.5935122966766357,-0.2136697769165039,0.038294509053230286,-1.796934723854065,-0.26716238260269165,-0.13144280016422272,-0.8704556226730347,-0.12031041830778122,-0.18429964780807495,-1.161715030670166,-0.19305911660194397,-0.21457739174365997,-1.3594355583190918,-0.24175432324409485,-0.23863685131072998,-1.5266218185424805,-0.2763521373271942
0.0,0.0,0.0,0.28510749340057373,-0.12694987654685974,-0.12784676253795624,0.45482510328292847,-0.45642247796058655,-0.15511338412761688,0.3313213586807251,-0.7531447410583496,-0.1774144470691681,0.11875783652067184,-0.8922497630119324,-0.19496241211891174,0.4860202372074127,-0.8650001883506775,-0.030700381845235825,0.6564012765884399,-1.1839228868484497,-0.078286312520504,0.7432368397712708,-1.3838894367218018,-0.12648306787014008,0.8067086935043335,-1.5579921007156372,-0.17129333317279816,0.27758288383483887,-0.9599711894989014,-0.03745783865451813,0.3671109974384308,-1.3373541831970215,-0.06978116929531097,0.42183321714401245,-1.5752428770065308,-0.11476346105337143,0.4600144326686859,-1.7623995542526245,-0.15318839251995087,0.07648859918117523,-0.9425073266029358,-0.06906511634588242,0.02482829988002777,-1.3039827346801758,-0.13119111955165863,0.017674187198281288,-1.5472851991653442,-0.20442728698253632,0.013600476086139679,-1.7427239418029785,-0.25824350118637085,-0.12072968482971191,-0.8517003059387207,-0.11597993969917297,-0.1507776379585266,-1.1288505792617798,-0.18921521306037903,-0.16584961116313934,-1.3190916776657104,-0.24104157090187073,-0.1763344556093216,-1.4814790487289429,-0.28137150406837463
0.0,0.0,0.0,0.27851539850234985,-0.14077787101268768,-0.13055169582366943,0.4620271325111389,-0.4599018394947052,-0.16123764216899872,0.32299819588661194,-0.752605676651001,-0.18481327593326569,0.11576876789331436,-0.8984416127204895,-0.20248118042945862,0.4769821763038635,-0.8665679693222046,-0.03356413170695305,0.6387243866920471,-1.1857905387878418,-0.0902283638715744,0.7222383618354797,-1.381781816482544,-0.14793169498443604,0.7878725528717041,-1.5608385801315308,-0.19909071922302246,0.27128472924232483,-0.9616538882255554,-0.04032787308096886,0.3625316619873047,-1.339836597442627,-0.08155740052461624,0.4186488687992096,-1.5740066766738892,-0.13694623112678528,0.4583812952041626,-1.7623437643051147,-0.18327495455741882,0.07590912282466888,-0.9452980756759644,-0.07172597199678421,0.029489457607269287,-1.2983464002609253,-0.13926385343074799,0.016639279201626778,-1.5394811630249023,-0.21426914632320404,0.003275589318946004,-1.7370364665985107,-0.2690684497356415,-0.11867012828588486,-0.85502690076828,-0.11832389235496521,-0.12861192226409912,-1.1294175386428833,-0.19095350801944733,-0.13813281059265137,-1.3138318061828613,-0.23860931396484375,-0.1491020917892456,-1.4800182580947876,-0.2762047052383423
0.0,0.0,0.0,0.27625352144241333,-0.14061574637889862,-0.13532470166683197,0.46085214614868164,-0.45862945914268494,-0.17277991771697998,0.32732629776000977,-0.7550180554389954,-0.203714057803154,0.11200539022684097,-0.8992102146148682,-0.22938938438892365,0.4770866334438324,-0.8682146668434143,-0.0413547083735466,0.6353127956390381,-1.1895478963851929,-0.10256264358758926,0.719047486782074,-1.3879053592681885,-0.16302233934402466,0.7867306470870972,-1.567017674446106,-0.21603822708129883,0.2704291045665741,-0.9615083336830139,-0.048681192100048065,0.36169928312301636,-1.3372024297714233,-0.09360291808843613,0.41938716173171997,-1.573147177696228,-0.1510947346687317,0.46417203545570374,-1.763382077217102,-0.19911111891269684,0.07314291596412659,-0.9442988634109497,-0.08109443634748459,0.029280388727784157,-1.303351640701294,-0.15212327241897583,0.021042022854089737,-1.5474271774291992,-0.22977149486541748,0.014435289427638054,-1.7458423376083374,-0.2866155803203583,-0.12454502284526825,-0.8522513508796692,-0.12927713990211487,-0.13706852495670319,-1.1275039911270142,-0.2059357613325119,-0.14741483330726624,-1.3204381465911865,-0.25812649726867676,-0.15705899894237518,-1.4933804273605347,-0.29917433857917786
0.0,0.0,0.0,0.27715247869491577,-0.13547278940677643,-0.1276320219039917,0.4524924159049988,-0.4537978172302246,-0.16367116570472717,0.33222588896751404,-0.750007688999176,-0.1942993849515915,0.1198091134428978,-0.8935866355895996,-0.22068490087985992,0.4697531759738922,-0.866876482963562,-0.04796358570456505,0.6312504410743713,-1.1930718421936035,-0.11470401287078857,0.7159783840179443,-1.3976905345916748,-0.17765510082244873,0.7831825613975525,-1.579336404800415,-0.23119403421878815,0.26612353324890137,-0.9622093439102173,-0.057718679308891296,0.3585399389266968,-1.3455628156661987,-0.1092814952135086,0.4187788665294647,-1.584129810333252,-0.16784702241420746,0.4655795395374298,-1.7757846117019653,-0.21474841237068176,0.06793106347322464,-0.9482020139694214,-0.09041769057512283,0.031113123521208763,-1.3163866996765137,-0.16282989084720612,0.031100494787096977,-1.5614463090896606,-0.23547884821891785,0.032168395817279816,-1.760245442390442,-0.28809791803359985,-0.12930533289909363,-0.8576386570930481,-0.13799721002578735,-0.14271323382854462,-1.1349925994873047,-0.21465115249156952,-0.14678923785686493,-1.3309775590896606,-0.26294854283332825,-0.1482347697019577,-1.5073189735412598,-0.29997125267982483
0.0,0.0,0.0,0.27454251050949097,-0.13815678656101227,-0.12221916019916534,0.4379853308200836,-0.4475509822368622,-0.1603403240442276,0.3230193555355072,-0.7349334955215454,-0.19302788376808167,0.125907763838768,-0.8873602747917175,-0.2220802903175354,0.4610596299171448,-0.8655017614364624,-0.06791246682405472,0.6244326233863831,-1.2067031860351562,-0.14243590831756592,0.7049681544303894,-1.4158316850662231,-0.20588697493076324,0.7640250325202942,-1.6026382446289062,-0.2569722831249237,0.2594403624534607,-0.9625610113143921,-0.07853063195943832,0.3649671971797943,-1.3548507690429688,-0.13981221616268158,0.4277128279209137,-1.596837043762207,-0.20030458271503448,0.46977123618125916,-1.7873296737670898,-0.24569739401340485,0.058869775384664536,-0.9499411582946777,-0.10957498848438263,0.019289297983050346,-1.3255773782730103,-0.1847863644361496,0.014743869192898273,-1.5736740827560425,-0.25819316506385803,0.011942104436457157,-1.7729319334030151,-0.3099740743637085,-0.1394992619752884,-0.8611340522766113,-0.1539350301027298,-0.15365324914455414,-1.145825982093811,-0.22868135571479797,-0.1593126803636551,-1.3432035446166992,-0.27561768889427185,-0.16067472100257874,-1.5184600353240967,-0.3105098605155945
0.0,0.0,0.0,0.2732863128185272,-0.14235348999500275,-0.1352463811635971,0.44229453802108765,-0.46783745288848877,-0.1769980639219284,0.30663231015205383,-0.7650169730186462,-0.20992228388786316,0.08862306922674179,-0.9039458632469177,-0.23850423097610474,0.4668973982334137,-0.86895751953125,-0.0787409096956253,0.6182429194450378,-1.2137905359268188,-0.15579301118850708,0.6878876686096191,-1.4271690845489502,-0.22272919118404388,0.7384822964668274,-1.6192331314086914,-0.2775067090988159,0.2581932246685028,-0.9623003005981445,-0.08552441745996475,0.3538113832473755,-1.3537039756774902,-0.1462489515542984,0.4098285138607025,-1.596830129623413,-0.20632055401802063,0.4503416419029236,-1.790996789932251,-0.25241464376449585,0.05767263099551201,-0.9477019906044006,-0.11377222836017609,0.023739738389849663,-1.321516513824463,-0.18828119337558746,0.0255307424813509,-1.5674313306808472,-0.2578650712966919,0.028560036793351173,-1.767761468887329,-0.30764541029930115,-0.13795475661754608,-0.8580062985420227,-0.1571488380432129,-0.15317149460315704,-1.1415011882781982,-0.2317153811454773,-0.1564897894859314,-1.3388570547103882,-0.2759905457496643,-0.15611304342746735,-1.515576958656311,-0.30934959650039673
0.0,0.0,0.0,0.276850163936615,-0.15207169950008392,-0.1381264179944992,0.44779911637306213,-0.4739930033683777,-0.18023906648159027,0.2936451733112335,-0.7681785225868225,-0.2123212069272995,0.08419889956712723,-0.9118921756744385,-0.23984219133853912,0.46419718861579895,-0.8696306347846985,-0.08167155832052231,0.6078991293907166,-1.2185344696044922,-0.16229327023029327,0.6725034117698669,-1.4392129182815552,-0.23226481676101685,0.7166971564292908,-1.6393420696258545,-0.28845882415771484,0.2530141770839691,-0.9635715484619141,-0.08668223023414612,0.35314080119132996,-1.3536847829818726,-0.1504187136888504,0.41182833909988403,-1.600887656211853,-0.2126336246728897,0.45493510365486145,-1.800238847732544,-0.2592650055885315,0.04964333400130272,-0.9517701268196106,-0.11344277113676071,0.021958839148283005,-1.3335129022598267,-0.19024991989135742,0.029303696006536484,-1.586024284362793,-0.26262810826301575,0.037890367209911346,-1.793384313583374,-0.3128865957260132,-0.1489429473876953,-0.863065779209137,-0.15535205602645874,-0.16638007760047913,-1.1554585695266724,-0.23168641328811646,-0.17360487580299377,-1.357721209526062,-0.27722495794296265,-0.176211878657341,-1.5367931127548218,-0.3099905848503113
0.0,0.0,0.0,0.2766282558441162,-0.14610004425048828,-0.1383034735918045,0.46110719442367554,-0.4712696373462677,-0.17801538109779358,0.30795741081237793,-0.769028902053833,-0.20705623924732208,0.08226704597473145,-0.9076553583145142,-0.23165184259414673,0.4657098352909088,-0.8774187564849854,-0.07160037010908127,0.5941528081893921,-1.2278692722320557,-0.14975887537002563,0.6473758220672607,-1.4494062662124634,-0.22085480391979218,0.6822248101234436,-1.6489436626434326,-0.2786071002483368,0.2541365921497345,-0.9641095399856567,-0.07685982435941696,0.3451586365699768,-1.3572502136230469,-0.13886474072933197,0.40497127175331116,-1.599100947380066,-0.20177333056926727,0.45097604393959045,-1.792716145515442,-0.2493973672389984,0.055049724876880646,-0.9462989568710327,-0.10432982444763184,0.0436755046248436,-1.3263293504714966,-0.17987823486328125,0.061132851988077164,-1.5722938776016235,-0.24814847111701965,0.07496584206819534,-1.7762737274169922,-0.295915424823761,-0.1414235681295395,-0.8547759056091309,-0.14729629456996918,-0.1371118426322937,-1.14070725440979,-0.22354118525981903,-0.13068172335624695,-1.3412483930587769,-0.26640161871910095,-0.1261652261018753,-1.523738980293274,-0.29737168550491333
0.0,0.0,0.0,0.2822997272014618,-0.14010749757289886,-0.13933417201042175,0.4626588821411133,-0.4715520739555359,-0.17682048678398132,0.3034623861312866,-0.7685927748680115,-0.2031010240316391,0.07477937638759613,-0.8946824073791504,-0.22462207078933716,0.4554845690727234,-0.8832095265388489,-0.06803291290998459,0.5620587468147278,-1.2303603887557983,-0.14285007119178772,0.6009699106216431,-1.4517261981964111,-0.21143148839473724,0.6217453479766846,-1.6505863666534424,-0.26765158772468567,0.25609299540519714,-0.96400386095047,-0.07150444388389587,0.3488454222679138,-1.349423885345459,-0.13106951117515564,0.4038375914096832,-1.59261953830719,-0.1919015496969223,0.4415045976638794,-1.7916375398635864,-0.2387143075466156,0.06440550088882446,-0.9441251158714294,-0.09792093932628632,0.05546397343277931,-1.315073013305664,-0.1706904023885727,0.06806568801403046,-1.5548994541168213,-0.23776113986968994,0.07214344292879105,-1.7574472427368164,-0.2852293848991394,-0.13303934037685394,-0.8557261824607849,-0.14014244079589844,-0.12588974833488464,-1.1399792432785034,-0.21215088665485382,-0.11893442273139954,-1.3333871364593506,-0.25365138053894043,-0.11653470247983932,-1.513036847114563,-0.284930020570755
0.0,0.0,0.0,0.2787526249885559,-0.13790176808834076,-0.14262156188488007,0.45694440603256226,-0.4721185564994812,-0.18079262971878052,0.3019912838935852,-0.7685295343399048,-0.2065248191356659,0.0751451849937439,-0.8974855542182922,-0.22739830613136292,0.44781064987182617,-0.8891240358352661,-0.07286921888589859,0.5287197828292847,-1.2336924076080322,-0.14796356856822968,0.548012375831604,-1.4532712697982788,-0.21768660843372345,0.5531848669052124,-1.6527882814407349,-0.2754557728767395,0.24855569005012512,-0.9656429886817932,-0.07585278898477554,0.3321714699268341,-1.3535269498825073,-0.1345670074224472,0.38408777117729187,-1.5937855243682861,-0.1946493238210678,0.42157217860221863,-1.7914472818374634,-0.24211645126342773,0.0575113482773304,-0.941282331943512,-0.10206456482410431,0.0554899163544178,-1.3123044967651367,-0.17379461228847504,0.0752621442079544,-1.5485590696334839,-0.2389671355485916,0.08376315236091614,-1.7479925155639648,-0.2861836850643158,-0.13912679255008698,-0.8493103981018066,-0.1447288990020752,-0.12573516368865967,-1.133418083190918,-0.21667395532131195,-0.1129477471113205,-1.3251749277114868,-0.2576162815093994,-0.10641326010227203,-1.5040361881256104,-0.2892651855945587
0.0,0.0,0.0,0.2822798788547516,-0.1347832977771759,-0.1473553627729416,0.4608754813671112,-0.47266560792922974,-0.18582089245319366,0.30833494663238525,-0.7749666571617126,-0.21131631731987,0.07538508623838425,-0.9030187129974365,-0.2325950264930725,0.44293174147605896,-0.893744945526123,-0.07511431723833084,0.5185565948486328,-1.241984486579895,-0.15063680708408356,0.5340673923492432,-1.4662885665893555,-0.22172996401786804,0.53707355260849,-1.6704435348510742,-0.28136134147644043,0.24338030815124512,-0.9669039249420166,-0.07656931132078171,0.3242940306663513,-1.355886697769165,-0.1357889473438263,0.37571191787719727,-1.6019444465637207,-0.19800697267055511,0.41360586881637573,-1.8066457509994507,-0.24801646173000336,0.053244009613990784,-0.9398669600486755,-0.10162840783596039,0.054473914206027985,-1.3113449811935425,-0.17389030754566193,0.07756248861551285,-1.5521900653839111,-0.24075914919376373,0.08905632048845291,-1.7573200464248657,-0.28986993432044983,-0.1424054503440857,-0.8471987247467041,-0.14372749626636505,-0.12984244525432587,-1.1313331127166748,-0.21761064231395721,-0.11332996189594269,-1.3254681825637817,-0.26083558797836304,-0.10217367857694626,-1.5074717998504639,-0.29455986618995667
0.0,0.0,0.0,0.27849236130714417,-0.14413370192050934,-0.15185430645942688,0.4562266767024994,-0.4786626100540161,-0.1952408403158188,0.29615482687950134,-0.7799285054206848,-0.22462676465511322,0.06240873038768768,-0.9121561646461487,-0.24841967225074768,0.44633179903030396,-0.887316882610321,-0.08016175776720047,0.5272340774536133,-1.2372543811798096,-0.15800011157989502,0.5436748266220093,-1.4647772312164307,-0.22970592975616455,0.5458599328994751,-1.6718443632125854,-0.28940120339393616,0.24557065963745117,-0.9660293459892273,-0.08051427453756332,0.32520729303359985,-1.3591948747634888,-0.14180180430412292,0.3761434257030487,-1.6046833992004395,-0.20462077856063843,0.4129170775413513,-1.8077619075775146,-0.25445589423179626,0.05462925136089325,-0.94222491979599,-0.10466242581605911,0.044608790427446365,-1.3122532367706299,-0.1793808490037918,0.05940812826156616,-1.5511890649795532,-0.24681171774864197,0.06443552672863007,-1.7536803483963013,-0.29561764001846313,-0.14104881882667542,-0.8508667349815369,-0.1460428535938263,-0.1327364295721054,-1.1354103088378906,-0.22074298560619354,-0.12181082367897034,-1.328039526939392,-0.2634812295436859,-0.1172298938035965,-1.5082082748413086,-0.29642510414123535
0.0,0.0,0.0,0.2936699092388153,-0.1463838666677475,-0.15631400048732758,0.4746544659137726,-0.47826480865478516,-0.20385754108428955,0.3149328827857971,-0.7903788089752197,-0.237409770488739,0.09078443050384521,-0.9395853877067566,-0.2671251595020294,0.48148369789123535,-0.8734075427055359,-0.09136907756328583,0.6031819581985474,-1.2278094291687012,-0.17632482945919037,0.656184732913971,-1.4540870189666748,-0.25357797741889954,0.6951903104782104,-1.6584643125534058,-0.31568652391433716,0.2707134783267975,-0.9586088061332703,-0.08822286874055862,0.36650508642196655,-1.3523613214492798,-0.15594081580638885,0.42742636799812317,-1.6019917726516724,-0.22515450417995453,0.4778338074684143,-1.8064696788787842,-0.27835509181022644,0.06850743293762207,-0.9414077997207642,-0.10825244337320328,0.058498039841651917,-1.3270063400268555,-0.18930886685848236,0.07498569786548615,-1.5748896598815918,-0.2617294490337372,0.0899462029337883,-1.7769449949264526,-0.3117404282093048,-0.13255390524864197,-0.8539873361587524,-0.14516842365264893,-0.13124820590019226,-1.1555087566375732,-0.22484955191612244,-0.12324405461549759,-1.3577125072479248,-0.2706749141216278,-0.11319239437580109,-1.539358377456665,-0.30374637246131897
0.0,0.0,0.0,0.30222490429878235,-0.15393565595149994,-0.12898558378219604,0.4584607183933258,-0.5184774994850159,-0.1593123972415924,0.32017502188682556,-0.833131730556488,-0.18094408512115479,0.084772489964962,-0.959478497505188,-0.19904296100139618,0.5042977929115295,-0.8557632565498352,-0.06172090768814087,0.6458494663238525,-1.2073259353637695,-0.1287548542022705,0.7115602493286133,-1.4301064014434814,-0.1929267793893814,0.7548496127128601,-1.6276969909667969,-0.24702610075473785,0.2985951900482178,-0.9522239565849304,-0.06411284953355789,0.3967803418636322,-1.3418022394180298,-0.11645408719778061,0.45907437801361084,-1.594115972518921,-0.17246267199516296,0.4995088577270508,-1.7928351163864136,-0.21614648401737213,0.09187664836645126,-0.9478458166122437,-0.08781035244464874,0.07414174824953079,-1.336183786392212,-0.1522330343723297,0.09049458801746368,-1.5860742330551147,-0.21665266156196594,0.10092011094093323,-1.7849972248077393,-0.2630789875984192,-0.10812331736087799,-0.8750009536743164,-0.126488596200943,-0.11266757547855377,-1.1731312274932861,-0.1898849755525589,-0.10260170698165894,-1.370225191116333,-0.2279614806175232,-0.089121513068676,-1.538988471031189,-0.2579965591430664
0.0,0.0,0.0,0.29765433073043823,-0.15293779969215393,-0.13305112719535828,0.4572196900844574,-0.5136359333992004,-0.16573671996593475,0.32023149728775024,-0.8449035882949829,-0.18854287266731262,0.088224396109581,-0.9942672252655029,-0.20696282386779785,0.49158748984336853,-0.8590537905693054,-0.06478801369667053,0.6340621709823608,-1.2221399545669556,-0.1286824345588684,0.6959080100059509,-1.4497406482696533,-0.18904773890972137,0.7331955432891846,-1.6517671346664429,-0.2405034750699997,0.28051134943962097,-0.9576645493507385,-0.06474559754133224,0.377463161945343,-1.3557595014572144,-0.11236710846424103,0.43408745527267456,-1.612325668334961,-0.16557472944259644,0.4660780429840088,-1.8133445978164673,-0.20786622166633606,0.07279334217309952,-0.9536492824554443,-0.08578270673751831,0.04052640497684479,-1.3446696996688843,-0.1479663848876953,0.046686019748449326,-1.5973906517028809,-0.21156825125217438,0.04500127583742142,-1.794687032699585,-0.25781765580177307,-0.12954042851924896,-0.8788743019104004,-0.12187978625297546,-0.15215206146240234,-1.1855442523956299,-0.18796804547309875,-0.15336088836193085,-1.390076756477356,-0.22790685296058655,-0.15094850957393646,-1.5606675148010254,-0.25802287459373474
0.0,0.0,0.0,0.3094485104084015,-0.1442432552576065,-0.13921324908733368,0.4551391303539276,-0.5050852298736572,-0.17323431372642517,0.3221781253814697,-0.8439926505088806,-0.19590330123901367,0.1127898246049881,-0.9997863173484802,-0.2156287133693695,0.485609233379364,-0.8623533844947815,-0.08377639204263687,0.6431260704994202,-1.2261892557144165,-0.15148718655109406,0.7103299498558044,-1.4592796564102173,-0.21103623509407043,0.7497237324714661,-1.6638339757919312,-0.2615857720375061,0.269205778837204,-0.9597724676132202,-0.07978112995624542,0.37003183364868164,-1.371830940246582,-0.1326938420534134,0.4257168471813202,-1.6306591033935547,-0.18592390418052673,0.4587439000606537,-1.8362727165222168,-0.2264798879623413,0.05807992070913315,-0.9562638401985168,-0.09622478485107422,0.02624920755624771,-1.3582338094711304,-0.16668002307415009,0.03389556705951691,-1.6193774938583374,-0.23667795956134796,0.036093369126319885,-1.825132131576538,-0.2853805720806122,-0.142695814371109,-0.8798491954803467,-0.12717890739440918,-0.1898820400238037,-1.1906142234802246,-0.20290349423885345,-0.2045464813709259,-1.3989043235778809,-0.2506992518901825,-0.21281582117080688,-1.5718374252319336,-0.28462982177734375
0.0,0.0,0.0,0.3057757318019867,-0.14942514896392822,-0.1361531764268875,0.46567657589912415,-0.5031955242156982,-0.17036768794059753,0.31424203515052795,-0.8411943316459656,-0.19366592168807983,0.09447860717773438,-1.003788709640503,-0.2135566920042038,0.5164272785186768,-0.8471602201461792,-0.07697097212076187,0.6768383383750916,-1.2073222398757935,-0.1415419578552246,0.7458236813545227,-1.4376529455184937,-0.1979466825723648,0.7915843725204468,-1.6377454996109009,-0.24693164229393005,0.29700273275375366,-0.9518982172012329,-0.07535934448242188,0.4043131172657013,-1.3577625751495361,-0.12504087388515472,0.4672839343547821,-1.6149269342422485,-0.1777481585741043,0.5101335048675537,-1.81513249874115,-0.218205988407135,0.08394796401262283,-0.9515472650527954,-0.09431929141283035,0.04653892293572426,-1.3515338897705078,-0.16401369869709015,0.06060352548956871,-1.614721655845642,-0.23945148289203644,0.07299122214317322,-1.8235433101654053,-0.29323339462280273,-0.12079028785228729,-0.8759628534317017,-0.12700125575065613,-0.18017031252384186,-1.1764639616012573,-0.2057105302810669,-0.20202170312404633,-1.3801997900009155,-0.2588658034801483,-0.21487247943878174,-1.5519503355026245,-0.2971470057964325
0.0,0.0,0.0,0.303683340549469,-0.1568899005651474,-0.13280804455280304,0.46724724769592285,-0.5074560642242432,-0.17096659541130066,0.33442574739456177,-0.841773271560669,-0.19973768293857574,0.12398195266723633,-1.0073312520980835,-0.2271546572446823,0.5023958683013916,-0.8505265712738037,-0.09577856957912445,0.6786787509918213,-1.2135242223739624,-0.17111937701702118,0.7561075687408447,-1.441605567932129,-0.23209936916828156,0.8085615038871765,-1.6421854496002197,-0.283770889043808,0.2877262234687805,-0.9523635506629944,-0.10108121484518051,0.40713152289390564,-1.362889289855957,-0.16328081488609314,0.4727930724620819,-1.6252995729446411,-0.22243669629096985,0.5174170732498169,-1.8366508483886719,-0.26768338680267334,0.07449287921190262,-0.9476054310798645,-0.1257946491241455,0.04494635388255119,-1.3504456281661987,-0.2084342986345291,0.05945691838860512,-1.6202675104141235,-0.29502856731414795,0.07396885007619858,-1.8423866033554077,-0.3566301763057709,-0.1332983672618866,-0.865483283996582,-0.16288916766643524,-0.2172633558511734,-1.166639804840088,-0.2597701847553253,-0.2647952139377594,-1.3773744106292725,-0.3258674144744873,-0.302462100982666,-1.5620085000991821,-0.37204429507255554
0.0,0.0,0.0,0.30983585119247437,-0.16064494848251343,-0.12196099013090134,0.45731642842292786,-0.5161688923835754,-0.14998984336853027,0.3187352418899536,-0.8422793745994568,-0.1693946272134781,0.11338682472705841,-0.9920154809951782,-0.18778765201568604,0.5012850165367126,-0.8547728657722473,-0.09011837840080261,0.6904780864715576,-1.2171859741210938,-0.15578342974185944,0.7737722396850586,-1.4450663328170776,-0.2101532220840454,0.8269597887992859,-1.6438487768173218,-0.257546067237854,0.2862328588962555,-0.9532821178436279,-0.09656044840812683,0.405661940574646,-1.3631519079208374,-0.1495765894651413,0.4713524580001831,-1.6288306713104248,-0.20464682579040527,0.5086988210678101,-1.8374381065368652,-0.24804864823818207,0.07117592543363571,-0.946459174156189,-0.12069876492023468,0.039916060864925385,-1.3493839502334595,-0.1944492906332016,0.04599900171160698,-1.6203162670135498,-0.2820684015750885,0.04962405189871788,-1.8392090797424316,-0.34527888894081116,-0.13891156017780304,-0.8622571229934692,-0.1558542400598526,-0.24509494006633759,-1.1659157276153564,-0.24619995057582855,-0.3033128082752228,-1.3732343912124634,-0.3113152086734772,-0.34921541810035706,-1.552635908126831,-0.3572049140930176
0.0,0.0,0.0,0.2990652918815613,-0.165850430727005,-0.11393791437149048,0.43446487188339233,-0.4951362907886505,-0.14947691559791565,0.27572205662727356,-0.7960091233253479,-0.1792042851448059,0.06717371195554733,-0.933294951915741,-0.20778042078018188,0.494454026222229,-0.8581173419952393,-0.09765060245990753,0.7069814801216125,-1.2142144441604614,-0.16621160507202148,0.8096921443939209,-1.4310541152954102,-0.21965716779232025,0.8803778290748596,-1.6166837215423584,-0.26554542779922485,0.2724277079105377,-0.9554381370544434,-0.11367131769657135,0.3858475685119629,-1.3719482421875,-0.17192885279655457,0.4443887770175934,-1.638150691986084,-0.22972838580608368,0.4724138379096985,-1.8455839157104492,-0.27459681034088135,0.05090702325105667,-0.9400684237480164,-0.14617645740509033,-0.008463012985885143,-1.3497376441955566,-0.2292676717042923,-0.027040699496865273,-1.6077616214752197,-0.32281121611595154,-0.04134882986545563,-1.8152940273284912,-0.388719767332077,-0.16916854679584503,-0.838603138923645,-0.18779030442237854,-0.3253915011882782,-1.1354405879974365,-0.2896614372730255,-0.41251274943351746,-1.327346682548523,-0.3602038025856018,-0.47888505458831787,-1.4999363422393799,-0.40803033113479614
0.0,0.0,0.0,0.2812829613685608,-0.16172412037849426,-0.1257183700799942,0.41485920548439026,-0.5014475584030151,-0.16218988597393036,0.2598631978034973,-0.8103306889533997,-0.18981611728668213,0.03548203408718109,-0.9478938579559326,-0.21591044962406158,0.48501089215278625,-0.85959392786026,-0.10217025130987167,0.7026165127754211,-1.211857557296753,-0.16650022566318512,0.8066163659095764,-1.4277688264846802,-0.2180028259754181,0.8789160251617432,-1.6143730878829956,-0.2640164792537689,0.260179340839386,-0.9589830636978149,-0.11250808835029602,0.3720325529575348,-1.366259217262268,-0.1623247116804123,0.4260374903678894,-1.627120852470398,-0.21751315891742706,0.45044785737991333,-1.8359476327896118,-0.26248645782470703,0.03306100144982338,-0.9425724744796753,-0.1399277299642563,-0.02443913370370865,-1.335488200187683,-0.21540740132331848,-0.04122201353311539,-1.593714952468872,-0.30829381942749023,-0.05710456520318985,-1.8077796697616577,-0.3768289387226105,-0.19234591722488403,-0.8410958051681519,-0.1778191477060318,-0.3565044105052948,-1.1249346733093262,-0.27564743161201477,-0.4471698999404907,-1.3083136081695557,-0.34382668137550354,-0.5184903144836426,-1.4733918905258179,-0.3912931978702545
0.0,0.0,0.0,0.2777961194515228,-0.15844808518886566,-0.1455654352903366,0.42966413497924805,-0.4837740957736969,-0.19643321633338928,0.2619103789329529,-0.7964987754821777,-0.2355702817440033,0.030558429658412933,-0.9377536773681641,-0.2729482054710388,0.4756655991077423,-0.8582636713981628,-0.1251709759235382,0.6831488013267517,-1.2098946571350098,-0.19640478491783142,0.7803983688354492,-1.4296636581420898,-0.24971072375774384,0.8463555574417114,-1.6195157766342163,-0.2969990372657776,0.24697475135326385,-0.9600976705551147,-0.13120923936367035,0.3472284972667694,-1.369639277458191,-0.18410523235797882,0.39564231038093567,-1.6293028593063354,-0.2391103357076645,0.4195942282676697,-1.8408560752868652,-0.28413140773773193,0.0241052508354187,-0.9416981935501099,-0.15568101406097412,-0.04162019118666649,-1.3264994621276855,-0.234584778547287,-0.06426135450601578,-1.5847324132919312,-0.32825013995170593,-0.08482815325260162,-1.7992987632751465,-0.3980226218700409,-0.19522058963775635,-0.8374577760696411,-0.19271959364414215,-0.3658929169178009,-1.1039278507232666,-0.2973971962928772,-0.46335867047309875,-1.2837378978729248,-0.3708416819572449,-0.5408798456192017,-1.4481372833251953,-0.42116349935531616
0.0,0.0,0.0,0.2674769163131714,-0.16713355481624603,-0.14456051588058472,0.418647825717926,-0.4897991716861725,-0.19905242323875427,0.2709595263004303,-0.8044143319129944,-0.24194924533367157,0.03921854496002197,-0.9484705924987793,-0.2833777964115143,0.46971648931503296,-0.8620213866233826,-0.13190005719661713,0.67767733335495,-1.2176814079284668,-0.2070939689874649,0.7760241627693176,-1.4362797737121582,-0.26156938076019287,0.8442238569259644,-1.6239124536514282,-0.3083260655403137,0.2428581267595291,-0.9601173400878906,-0.13854454457759857,0.34329715371131897,-1.3726351261138916,-0.19392715394496918,0.3895934820175171,-1.6301779747009277,-0.2464313805103302,0.4104624390602112,-1.8390936851501465,-0.28901562094688416,0.020298900082707405,-0.9396758675575256,-0.16343723237514496,-0.052301984280347824,-1.323727011680603,-0.24473878741264343,-0.07857460528612137,-1.583416223526001,-0.3339066505432129,-0.10289376974105835,-1.7975666522979736,-0.39972975850105286,-0.19832485914230347,-0.8354317545890808,-0.2008201628923416,-0.3707001209259033,-1.1013883352279663,-0.3064364790916443,-0.46946221590042114,-1.281455159187317,-0.3773166537284851,-0.5479763150215149,-1.4443869590759277,-0.42513179779052734
0.0,0.0,0.0,0.26969772577285767,-0.1616508662700653,-0.12826010584831238,0.39578068256378174,-0.48591893911361694,-0.17233143746852875,0.22538094222545624,-0.7817601561546326,-0.20772580802440643,0.006734991446137428,-0.9131528735160828,-0.24126006662845612,0.45271036028862,-0.8746499419212341,-0.1117500439286232,0.6539293527603149,-1.2286988496780396,-0.1812506765127182,0.7545231580734253,-1.4431992769241333,-0.23718954622745514,0.8222202062606812,-1.6276346445083618,-0.28598251938819885,0.22433891892433167,-0.9665626287460327,-0.12421237677335739,0.31283602118492126,-1.3824293613433838,-0.18029727041721344,0.35631024837493896,-1.644982099533081,-0.23973365128040314,0.37252160906791687,-1.8521349430084229,-0.2870076894760132,0.0024905898608267307,-0.9377467632293701,-0.15343685448169708,-0.07139217108488083,-1.336190104484558,-0.23585304617881775,-0.10581094026565552,-1.5857858657836914,-0.3315345346927643,-0.13499699532985687,-1.7886723279953003,-0.4003465473651886,-0.21525982022285461,-0.8190354704856873,-0.19292840361595154,-0.39648422598838806,-1.0964282751083374,-0.29875022172927856,-0.50596022605896,-1.2715848684310913,-0.3710087835788727,-0.5925478935241699,-1.4303746223449707,-0.41938263177871704
0.0,0.0,0.0,0.277478963136673,-0.1663864552974701,-0.1379564106464386,0.4105844497680664,-0.49307361245155334,-0.18522705137729645,0.2073085606098175,-0.784083902835846,-0.22122548520565033,-0.02145555056631565,-0.9114441275596619,-0.2551194727420807,0.4415411949157715,-0.8833907246589661,-0.11876717209815979,0.6376339793205261,-1.2453372478485107,-0.19903264939785004,0.7309283018112183,-1.471855878829956,-0.2627037465572357,0.7956938147544861,-1.664638638496399,-0.31557682156562805,0.2033611685037613,-0.9707024693489075,-0.1279880404472351,0.29034897685050964,-1.387493371963501,-0.19253887236118317,0.3288934826850891,-1.6520434617996216,-0.25930410623550415,0.3436253070831299,-1.861810564994812,-0.3105314373970032,-0.0191221684217453,-0.9388192892074585,-0.15455780923366547,-0.09235349297523499,-1.329103708267212,-0.24257902801036835,-0.12468418478965759,-1.5830775499343872,-0.33881255984306335,-0.1521114706993103,-1.7932971715927124,-0.4072408676147461,-0.23646315932273865,-0.8153544068336487,-0.19212694466114044,-0.41293656826019287,-1.0884350538253784,-0.30017775297164917,-0.5186923146247864,-1.2623798847198486,-0.36915323138237,-0.6037476062774658,-1.4239449501037598,-0.4140825569629669
0.0,0.0,0.0,0.2734198570251465,-0.1601177155971527,-0.13562120497226715,0.4109208881855011,-0.4843698740005493,-0.18005456030368805,0.2058166265487671,-0.7597101926803589,-0.21372471749782562,-0.03056521527469158,-0.8568289279937744,-0.2454545646905899,0.4325118064880371,-0.8884697556495667,-0.11517360806465149,0.6279916763305664,-1.2400856018066406,-0.18813760578632355,0.7191340923309326,-1.4616791009902954,-0.24673230946063995,0.7769496440887451,-1.649457335472107,-0.2970128059387207,0.19871161878108978,-0.971664309501648,-0.12799325585365295,0.28647249937057495,-1.3893489837646484,-0.18890534341335297,0.32327499985694885,-1.6577434539794922,-0.2536778748035431,0.3323260545730591,-1.871870517730713,-0.3025617003440857,-0.020499467849731445,-0.9313368797302246,-0.1574758142232895,-0.09021764993667603,-1.3288898468017578,-0.24811269342899323,-0.12789370119571686,-1.5745303630828857,-0.34689274430274963,-0.16308942437171936,-1.777939796447754,-0.41478025913238525,-0.2334090620279312,-0.7974267601966858,-0.19716216623783112,-0.41529756784439087,-1.065946340560913,-0.31278204917907715,-0.5327014923095703,-1.232509970664978,-0.3844102919101715,-0.6313718557357788,-1.3895750045776367,-0.42910823225975037
0.0,0.0,0.0,0.26159003376960754,-0.15746212005615234,-0.1431378871202469,0.4071299135684967,-0.47122904658317566,-0.19396714866161346,0.1818224936723709,-0.7349005937576294,-0.2335498332977295,-0.05641786381602287,-0.8321253657341003,-0.2708853483200073,0.4168958365917206,-0.8880282640457153,-0.1155666634440422,0.6022079586982727,-1.233163833618164,-0.19390973448753357,0.6913031339645386,-1.4542348384857178,-0.25871148705482483,0.7531495690345764,-1.6428189277648926,-0.31369641423225403,0.18186873197555542,-0.9750931859016418,-0.12695282697677612,0.2628662884235382,-1.3786271810531616,-0.18759824335575104,0.29634708166122437,-1.636324167251587,-0.25687649846076965,0.308459609746933,-1.8439698219299316,-0.3112819492816925,-0.03635071963071823,-0.9375424385070801,-0.15647432208061218,-0.10453557223081589,-1.3153862953186035,-0.2407209575176239,-0.14139306545257568,-1.5593688488006592,-0.34024685621261597,-0.17225518822669983,-1.7662019729614258,-0.4124050736427307,-0.2481309175491333,-0.8033245801925659,-0.19788691401481628,-0.42414024472236633,-1.0556923151016235,-0.302843302488327,-0.5363579392433167,-1.2161641120910645,-0.37239372730255127,-0.6288135647773743,-1.371184229850769,-0.4190470278263092
0.0,0.0,0.0,0.25930890440940857,-0.1695980727672577,-0.14895999431610107,0.39677348732948303,-0.48211899399757385,-0.20596511662006378,0.1418173462152481,-0.7295762896537781,-0.25003013014793396,-0.10564219951629639,-0.8205103278160095,-0.2915218472480774,0.40350085496902466,-0.8921679854393005,-0.12472159415483475,0.5869942307472229,-1.246351957321167,-0.20588335394859314,0.6714253425598145,-1.4734892845153809,-0.2722158133983612,0.7315948605537415,-1.6691302061080933,-0.3289340138435364,0.16378000378608704,-0.9771014451980591,-0.13582661747932434,0.2425203174352646,-1.3866113424301147,-0.19889263808727264,0.27195316553115845,-1.6498563289642334,-0.27084070444107056,0.28413698077201843,-1.8660926818847656,-0.3281318247318268,-0.05560551956295967,-0.9379876255989075,-0.1654829978942871,-0.12779498100280762,-1.3213188648223877,-0.25385749340057373,-0.16286633908748627,-1.5726184844970703,-0.3582901060581207,-0.19231000542640686,-1.7882201671600342,-0.43429869413375854,-0.2640363574028015,-0.8018848896026611,-0.20691363513469696,-0.4566950798034668,-1.0556881427764893,-0.31592339277267456,-0.5778182148933411,-1.220257043838501,-0.3887667655944824,-0.676940381526947,-1.3810453414916992,-0.4380854070186615
0.0,0.0,0.0,0.256189227104187,-0.17522287368774414,-0.15073250234127045,0.3860606551170349,-0.4935802221298218,-0.20908281207084656,0.1266585886478424,-0.7428123950958252,-0.25281792879104614,-0.12665292620658875,-0.8296643495559692,-0.29377907514572144,0.3757131099700928,-0.8997200727462769,-0.12925834953784943,0.5628187656402588,-1.256549596786499,-0.21060970425605774,0.6460403203964233,-1.4856618642807007,-0.27481257915496826,0.7019219398498535,-1.678816556930542,-0.3288394808769226,0.13915005326271057,-0.9805092811584473,-0.13870391249656677,0.2160901129245758,-1.392548680305481,-0.20012278854846954,0.24172227084636688,-1.6571011543273926,-0.2686432898044586,0.24650248885154724,-1.869680643081665,-0.3224073052406311,-0.07561499625444412,-0.9366822838783264,-0.16663870215415955,-0.1520942747592926,-1.3157541751861572,-0.25205695629119873,-0.19276122748851776,-1.5721527338027954,-0.3546636700630188,-0.22962206602096558,-1.7905888557434082,-0.4294304847717285,-0.27941328287124634,-0.7983002662658691,-0.2063688188791275,-0.4753812849521637,-1.0405009984970093,-0.3138532340526581,-0.5986596941947937,-1.205599069595337,-0.38679739832878113,-0.7003884315490723,-1.3675885200500488,-0.43556225299835205
0.0,0.0,0.0,0.24948088824748993,-0.18363213539123535,-0.14045535027980804,0.37882253527641296,-0.49364548921585083,-0.19541853666305542,0.13563674688339233,-0.7392461895942688,-0.23876085877418518,-0.10048606991767883,-0.8314646482467651,-0.2804242968559265,0.3807101547718048,-0.9015389680862427,-0.12474789470434189,0.567778468132019,-1.2580934762954712,-0.20460620522499084,0.6528370380401611,-1.4829156398773193,-0.2676873803138733,0.7076101303100586,-1.6768220663070679,-0.32017582654953003,0.13776184618473053,-0.981073260307312,-0.13607698678970337,0.22078917920589447,-1.3860979080200195,-0.19724036753177643,0.25223809480667114,-1.6484090089797974,-0.26365774869918823,0.26347535848617554,-1.8605942726135254,-0.31595051288604736,-0.08469889312982559,-0.9384191632270813,-0.16490548849105835,-0.15908271074295044,-1.3129435777664185,-0.24752400815486908,-0.19367718696594238,-1.5723565816879272,-0.3507486879825592,-0.219991073012352,-1.7935850620269775,-0.42641133069992065,-0.2913958728313446,-0.8027255535125732,-0.20496031641960144,-0.48164868354797363,-1.0452213287353516,-0.30869004130363464,-0.6052150726318359,-1.2072758674621582,-0.3819715976715088,-0.7050341367721558,-1.362760066986084,-0.43137961626052856
0.0,0.0,0.0,0.2715406119823456,-0.18874208629131317,-0.15954864025115967,0.39590156078338623,-0.4881531000137329,-0.2315777838230133,0.17242440581321716,-0.7514526844024658,-0.28925973176956177,-0.05348259583115578,-0.8709548115730286,-0.34593528509140015,0.4199088513851166,-0.8906282186508179,-0.16457714140415192,0.6052432060241699,-1.2506585121154785,-0.26241496205329895,0.6920050382614136,-1.479158878326416,-0.336076945066452,0.7501939535140991,-1.6805983781814575,-0.39524683356285095,0.17004960775375366,-0.9702579379081726,-0.17228654026985168,0.24777169525623322,-1.3908132314682007,-0.25338250398635864,0.28689542412757874,-1.6620920896530151,-0.3260437846183777,0.307275652885437,-1.8867312669754028,-0.38046249747276306,-0.06597181409597397,-0.9264124035835266,-0.19819757342338562,-0.15677112340927124,-1.3174002170562744,-0.30426403880119324,-0.1928195357322693,-1.5841783285140991,-0.41254758834838867,-0.21707551181316376,-1.8123953342437744,-0.48718783259391785,-0.28273066878318787,-0.7912582755088806,-0.23611898720264435,-0.4779876470565796,-1.0544835329055786,-0.3596191108226776,-0.6024319529533386,-1.2230514287948608,-0.4388456642627716,-0.7037292122840881,-1.3836029767990112,-0.4896465241909027
0.0,0.0,0.0,0.27935001254081726,-0.19211305677890778,-0.1507551670074463,0.4033530056476593,-0.501865029335022,-0.2129426747560501,0.2040553092956543,-0.7832184433937073,-0.2610946595668793,-0.015833856537938118,-0.9100834727287292,-0.30653828382492065,0.44670000672340393,-0.8800432085990906,-0.1457502841949463,0.6485835909843445,-1.232343316078186,-0.22957302629947662,0.7366145849227905,-1.4481556415557861,-0.2923767864704132,0.7969275116920471,-1.638113260269165,-0.344765305519104,0.20220334827899933,-0.9677636027336121,-0.15015795826911926,0.2946908175945282,-1.3789023160934448,-0.21927796304225922,0.34080278873443604,-1.637749433517456,-0.28205394744873047,0.36630305647850037,-1.848565697669983,-0.3297078013420105,-0.029461653903126717,-0.9350036978721619,-0.1724795550107956,-0.10376051068305969,-1.3243271112442017,-0.26788756251335144,-0.13023176789283752,-1.5809941291809082,-0.3693085014820099,-0.1471911072731018,-1.798197865486145,-0.439691960811615,-0.2422192543745041,-0.8143482208251953,-0.20628030598163605,-0.422069251537323,-1.082424283027649,-0.32105833292007446,-0.535825252532959,-1.252400279045105,-0.3970768451690674,-0.628615140914917,-1.4110382795333862,-0.44610434770584106
0.0,0.0,0.0,0.28692975640296936,-0.17402639985084534,-0.1437404304742813,0.4331313371658325,-0.49577710032463074,-0.19561822712421417,0.2612960636615753,-0.8056651949882507,-0.23472367227077484,0.04419140890240669,-0.942982017993927,-0.2724710702896118,0.46327272057533264,-0.8726370930671692,-0.13293065130710602,0.6775201559066772,-1.2282625436782837,-0.20936474204063416,0.7784136533737183,-1.447950839996338,-0.2659302055835724,0.8459269404411316,-1.6375151872634888,-0.3131166100502014,0.22873984277248383,-0.9639435410499573,-0.13598114252090454,0.33681023120880127,-1.3736950159072876,-0.19470959901809692,0.38770538568496704,-1.6357624530792236,-0.25101664662361145,0.41118812561035156,-1.8442199230194092,-0.295591801404953,0.0028470614925026894,-0.9417141079902649,-0.1566561460494995,-0.06104620173573494,-1.324004054069519,-0.24031293392181396,-0.08310511708259583,-1.591667890548706,-0.3367728888988495,-0.10270018875598907,-1.8096357583999634,-0.4066240191459656,-0.21548765897750854,-0.8352815508842468,-0.1887788027524948,-0.3955346643924713,-1.1040061712265015,-0.29579252004623413,-0.5052111744880676,-1.2847894430160522,-0.3704532980918884,-0.5926316976547241,-1.4479490518569946,-0.42002034187316895
0.0,0.0,0.0,0.27420181035995483,-0.17643553018569946,-0.13153991103172302,0.4041810929775238,-0.4852597117424011,-0.18542267382144928,0.22775627672672272,-0.7738738059997559,-0.22902116179466248,0.01315204706043005,-0.9085362553596497,-0.2710653841495514,0.44837695360183716,-0.8719907402992249,-0.1362563520669937,0.6640918254852295,-1.234987735748291,-0.21557284891605377,0.7712065577507019,-1.4570915699005127,-0.27604594826698303,0.8422759175300598,-1.6518725156784058,-0.3249951899051666,0.22153286635875702,-0.9637176394462585,-0.14890056848526,0.340685099363327,-1.3837833404541016,-0.2094067633152008,0.38927826285362244,-1.6507617235183716,-0.26805973052978516,0.40835094451904297,-1.86677086353302,-0.313575804233551,-0.002949995920062065,-0.9421724677085876,-0.1770666390657425,-0.06253599375486374,-1.343133568763733,-0.25913742184638977,-0.08759484440088272,-1.6023610830307007,-0.35064536333084106,-0.10958810895681381,-1.8112528324127197,-0.4159602224826813,-0.22761662304401398,-0.8329107165336609,-0.21536295115947723,-0.41767945885658264,-1.1221011877059937,-0.3153332769870758,-0.5353645086288452,-1.3009071350097656,-0.3782815635204315,-0.6293782591819763,-1.4582237005233765,-0.41907596588134766
0.0,0.0,0.0,0.2809441387653351,-0.1933252215385437,-0.13812439143657684,0.38925763964653015,-0.5109336376190186,-0.19335347414016724,0.15860147774219513,-0.7921926975250244,-0.23683007061481476,-0.06648246198892593,-0.9103102684020996,-0.2787021994590759,0.4348808526992798,-0.8907874226570129,-0.13837724924087524,0.6376332640647888,-1.2701534032821655,-0.2191457450389862,0.7318301796913147,-1.5006694793701172,-0.2804710566997528,0.7929165363311768,-1.7033594846725464,-0.331384539604187,0.19489933550357819,-0.9695630669593811,-0.14819461107254028,0.2994227409362793,-1.398510217666626,-0.2125064730644226,0.33467328548431396,-1.669533371925354,-0.2763752043247223,0.345644474029541,-1.8915408849716187,-0.3264015316963196,-0.03330596536397934,-0.9375762939453125,-0.17421701550483704,-0.10904934257268906,-1.3380115032196045,-0.26200833916664124,-0.14416475594043732,-1.597398281097412,-0.36024904251098633,-0.17363059520721436,-1.808756709098816,-0.43009713292121887,-0.25397756695747375,-0.8185726404190063,-0.21040739119052887,-0.4622541069984436,-1.0963009595870972,-0.31639254093170166,-0.5915975570678711,-1.2672961950302124,-0.3849995732307434,-0.6953209042549133,-1.422542929649353,-0.4299789071083069
0.0,0.0,0.0,0.27210551500320435,-0.18972809612751007,-0.15821415185928345,0.366873562335968,-0.5216469764709473,-0.21694934368133545,0.11872264742851257,-0.8040612936019897,-0.2586009204387665,-0.12059862911701202,-0.920189619064331,-0.29757246375083923,0.39909693598747253,-0.9026053547859192,-0.14743906259536743,0.5839013457298279,-1.2848823070526123,-0.22766803205013275,0.6651224493980408,-1.521555781364441,-0.28866755962371826,0.7163525223731995,-1.7259624004364014,-0.3408285081386566,0.15979328751564026,-0.9760486483573914,-0.1476319134235382,0.24706746637821198,-1.4008692502975464,-0.2109338492155075,0.27230554819107056,-1.6734856367111206,-0.2762775421142578,0.27854564785957336,-1.8962275981903076,-0.32848870754241943,-0.06611117720603943,-0.9349002242088318,-0.1664714217185974,-0.1505739390850067,-1.32513427734375,-0.2592761218547821,-0.1825035959482193,-1.5867098569869995,-0.3662375509738922,-0.2098599374294281,-1.799652338027954,-0.44314175844192505,-0.2815873920917511,-0.8086215257644653,-0.1967766433954239,-0.4990299344062805,-1.0730398893356323,-0.3138582110404968,-0.6302589774131775,-1.2373781204223633,-0.3936718702316284,-0.7346165180206299,-1.389425277709961,-0.44698238372802734
0.0,0.0,0.0,0.2725570797920227,-0.18865430355072021,-0.16201652586460114,0.3735083341598511,-0.5294704437255859,-0.21917809545993805,0.11785450577735901,-0.8164254426956177,-0.2580031454563141,-0.12244275212287903,-0.9270905256271362,-0.29478010535240173,0.3953773081302643,-0.9041222333908081,-0.15212693810462952,0.5765644907951355,-1.2809674739837646,-0.2343028336763382,0.6564136147499084,-1.516157627105713,-0.2980414927005768,0.7075583934783936,-1.7196640968322754,-0.3523387312889099,0.15242338180541992,-0.9770376682281494,-0.1488773673772812,0.2393285483121872,-1.3931587934494019,-0.21195456385612488,0.2675200402736664,-1.6659021377563477,-0.27968186140060425,0.27532514929771423,-1.891717553138733,-0.33532199263572693,-0.07458548247814178,-0.9348335862159729,-0.16411662101745605,-0.15786659717559814,-1.311056137084961,-0.25156572461128235,-0.1903970092535019,-1.5756124258041382,-0.3596874177455902,-0.22039075195789337,-1.7911248207092285,-0.4398278594017029,-0.28854793310165405,-0.8073044419288635,-0.19165678322315216,-0.5028581023216248,-1.0601141452789307,-0.30047014355659485,-0.6278775334358215,-1.2321759462356567,-0.3807161748409271,-0.7305757403373718,-1.3950473070144653,-0.43713995814323425
0.0,0.0,0.0,0.2783154547214508,-0.17643584311008453,-0.14335836470127106,0.3950057923793793,-0.5110185742378235,-0.19309313595294952,0.1536632776260376,-0.7996774911880493,-0.22844131290912628,-0.08178802579641342,-0.9102222323417664,-0.26266035437583923,0.42512744665145874,-0.8904308080673218,-0.1365329474210739,0.6196495294570923,-1.2684214115142822,-0.2135920524597168,0.7070398926734924,-1.503171682357788,-0.2720782458782196,0.7619748115539551,-1.7039170265197754,-0.32197946310043335,0.1757132112979889,-0.9742268919944763,-0.14144548773765564,0.2688251733779907,-1.394370675086975,-0.2007262110710144,0.3061409592628479,-1.667357087135315,-0.26179760694503784,0.31763511896133423,-1.888492226600647,-0.31036168336868286,-0.056212425231933594,-0.9398561716079712,-0.16294488310813904,-0.1345965415239334,-1.3309141397476196,-0.2449483871459961,-0.1592330038547516,-1.5971094369888306,-0.34281086921691895,-0.1828308254480362,-1.816264271736145,-0.4145907759666443,-0.27221691608428955,-0.8173600435256958,-0.19537632167339325,-0.4833522140979767,-1.080833911895752,-0.30047595500946045,-0.6070294976234436,-1.2556242942810059,-0.3725038170814514,-0.7094964385032654,-1.4189667701721191,-0.4208886921405792
0.0,0.0,0.0,0.2793947756290436,-0.1711699217557907,-0.1313336342573166,0.4072827994823456,-0.4914896786212921,-0.18040825426578522,0.204946830868721,-0.7826896905899048,-0.21871213614940643,-0.022690068930387497,-0.9005176424980164,-0.2549629807472229,0.459074467420578,-0.8668590784072876,-0.12284266948699951,0.6752161979675293,-1.2229100465774536,-0.2002909779548645,0.7731297612190247,-1.448555827140808,-0.2597998082637787,0.8360468149185181,-1.6430673599243164,-0.3100687563419342,0.2188645750284195,-0.9665284752845764,-0.13386952877044678,0.3227798342704773,-1.3765215873718262,-0.19250734150409698,0.3735009729862213,-1.642959713935852,-0.24928484857082367,0.39473599195480347,-1.857827067375183,-0.2938633859157562,-0.010142973624169827,-0.9438074231147766,-0.16112415492534637,-0.07751252502202988,-1.3328529596328735,-0.23935183882713318,-0.09401970356702805,-1.5917514562606812,-0.3275747001171112,-0.10979407280683517,-1.809792399406433,-0.39223378896713257,-0.22594325244426727,-0.8303579688072205,-0.1993948519229889,-0.4213258624076843,-1.0960054397583008,-0.298086941242218,-0.5340312123298645,-1.272847294807434,-0.36300358176231384,-0.6252782344818115,-1.438027024269104,-0.4061930179595947
0.0,0.0,0.0,0.2836146056652069,-0.1619051694869995,-0.14047136902809143,0.44159722328186035,-0.4728720784187317,-0.19752492010593414,0.280185341835022,-0.7682929635047913,-0.2426261007785797,0.04537734389305115,-0.8918216228485107,-0.2878625690937042,0.4686339199542999,-0.85733562707901,-0.14826035499572754,0.6972843408584595,-1.215039849281311,-0.23239362239837646,0.8030348420143127,-1.4381335973739624,-0.2942764163017273,0.874512255191803,-1.6340500116348267,-0.3459877073764801,0.23276428878307343,-0.9593197703361511,-0.15976963937282562,0.34770795702934265,-1.3759807348251343,-0.22801414132118225,0.40363481640815735,-1.6517002582550049,-0.29358917474746704,0.42656052112579346,-1.8764894008636475,-0.3447577655315399,0.004182455595582724,-0.938771665096283,-0.1862635314464569,-0.06177401542663574,-1.3319247961044312,-0.2737959921360016,-0.08404508233070374,-1.6075612306594849,-0.3725300431251526,-0.10466961562633514,-1.840680718421936,-0.4449872672557831,-0.2135186642408371,-0.8256744742393494,-0.22359654307365417,-0.39871129393577576,-1.0960097312927246,-0.3293226361274719,-0.506190836429596,-1.2824082374572754,-0.3998265862464905,-0.5916335582733154,-1.4548240900039673,-0.44799456000328064
0.0,0.0,0.0,0.27618637681007385,-0.14943630993366241,-0.16379955410957336,0.4400580823421478,-0.43635281920433044,-0.23728790879249573,0.31233465671539307,-0.7481562495231628,-0.2965317368507385,0.12278281897306442,-0.9209412336349487,-0.3531762659549713,0.5000739693641663,-0.8429645299911499,-0.16251026093959808,0.7258592247962952,-1.1762120723724365,-0.25808268785476685,0.8356248140335083,-1.3868886232376099,-0.3294432461261749,0.9140640497207642,-1.5754172801971436,-0.38691481947898865,0.27039656043052673,-0.948468804359436,-0.16520458459854126,0.3871867060661316,-1.344831943511963,-0.24363873898983002,0.44144323468208313,-1.6070178747177124,-0.3111942410469055,0.4689309000968933,-1.8247214555740356,-0.36271315813064575,0.0432954765856266,-0.9330470561981201,-0.18674075603485107,-0.004512069746851921,-1.3192954063415527,-0.28806272149086,-0.02935527265071869,-1.5871481895446777,-0.3874374330043793,-0.04985855519771576,-1.813383936882019,-0.45735403895378113,-0.17263279855251312,-0.8242406845092773,-0.22147534787654877,-0.33304363489151,-1.0968282222747803,-0.34135323762893677,-0.43602049350738525,-1.2791733741760254,-0.4183695614337921,-0.5187650322914124,-1.4461417198181152,-0.46789079904556274
0.0,0.0,0.0,0.27691495418548584,-0.15021270513534546,-0.1563047468662262,0.44455185532569885,-0.44401776790618896,-0.22078648209571838,0.3057948052883148,-0.7570894956588745,-0.2714885175228119,0.10637348890304565,-0.9195619225502014,-0.320212721824646,0.4926011860370636,-0.8479673266410828,-0.1508857011795044,0.7209987044334412,-1.180721640586853,-0.24102382361888885,0.8315277099609375,-1.3890173435211182,-0.3093888461589813,0.908693790435791,-1.574867844581604,-0.3637355864048004,0.2621702253818512,-0.9529069066047668,-0.15243108570575714,0.378788024187088,-1.3545513153076172,-0.22283858060836792,0.437798410654068,-1.6090199947357178,-0.286124587059021,0.4668954312801361,-1.814384937286377,-0.33437350392341614,0.0363120473921299,-0.9405657052993774,-0.17228202521800995,-0.018252942711114883,-1.3233451843261719,-0.2637660801410675,-0.04101422801613808,-1.5869356393814087,-0.3595506250858307,-0.05983163043856621,-1.8083078861236572,-0.4272538721561432,-0.17966119945049286,-0.8386544585227966,-0.20499664545059204,-0.3390516936779022,-1.114845633506775,-0.31343749165534973,-0.4403362274169922,-1.2917845249176025,-0.38408514857292175,-0.5230178236961365,-1.4527220726013184,-0.42959219217300415
0.0,0.0,0.0,0.2894776463508606,-0.15527087450027466,-0.13317017257213593,0.46964365243911743,-0.4541497826576233,-0.1878305971622467,0.3478779196739197,-0.7678515315055847,-0.2331070899963379,0.14127443730831146,-0.9323336482048035,-0.27772364020347595,0.529291033744812,-0.8263586759567261,-0.13640157878398895,0.7744973301887512,-1.1581013202667236,-0.22134006023406982,0.891552209854126,-1.3677688837051392,-0.28552886843681335,0.9738649129867554,-1.556078314781189,-0.3381289839744568,0.30345454812049866,-0.941224992275238,-0.14836056530475616,0.43258073925971985,-1.3427599668502808,-0.21733883023262024,0.4993430972099304,-1.6054784059524536,-0.28042733669281006,0.5298054218292236,-1.8193305730819702,-0.32911691069602966,0.07977671176195145,-0.9373371601104736,-0.1756473034620285,0.031684406101703644,-1.330865502357483,-0.2628464996814728,0.013981791213154793,-1.5995169878005981,-0.35456937551498413,-0.005129414610564709,-1.8254468441009521,-0.42074790596961975,-0.13461630046367645,-0.8427148461341858,-0.2137516289949417,-0.2941170632839203,-1.1293535232543945,-0.31599947810173035,-0.3884194493293762,-1.3169888257980347,-0.3824533224105835,-0.4663839638233185,-1.4866900444030762,-0.42668798565864563
0.0,0.0,0.0,0.28830844163894653,-0.1306859850883484,-0.1462990939617157,0.4902779459953308,-0.41117656230926514,-0.20930224657058716,0.38030028343200684,-0.7313843369483948,-0.25986596941947937,0.18859976530075073,-0.9033063650131226,-0.3088376820087433,0.5434308052062988,-0.8112906217575073,-0.15248559415340424,0.7895451188087463,-1.1360100507736206,-0.24589887261390686,0.9144254326820374,-1.3422017097473145,-0.31500765681266785,1.0088751316070557,-1.5264232158660889,-0.3710895776748657,0.32326412200927734,-0.9323960542678833,-0.16167229413986206,0.45699697732925415,-1.3337055444717407,-0.23860260844230652,0.5264843106269836,-1.5928319692611694,-0.3042111098766327,0.5652386546134949,-1.8022598028182983,-0.35467788577079773,0.10518743842840195,-0.9319071769714355,-0.1877814680337906,0.06847056746482849,-1.3260921239852905,-0.28444331884384155,0.054716456681489944,-1.5905497074127197,-0.3783469498157501,0.04454869031906128,-1.8126623630523682,-0.4454312324523926,-0.10947495698928833,-0.8390342593193054,-0.22575612366199493,-0.25860899686813354,-1.1236540079116821,-0.3374103009700775,-0.3502828776836395,-1.312440037727356,-0.40935418009757996,-0.4213685095310211,-1.4867604970932007,-0.4572038948535919
0.0,0.0,0.0,0.2935662269592285,-0.12188215553760529,-0.1407160609960556,0.502165675163269,-0.4014986753463745,-0.19863295555114746,0.3914884030818939,-0.7180334329605103,-0.2459680587053299,0.19389893114566803,-0.8772033452987671,-0.29278483986854553,0.5564993619918823,-0.8053930997848511,-0.1431180089712143,0.8055789470672607,-1.127232551574707,-0.23284055292606354,0.9304999709129333,-1.3336995840072632,-0.3007373511791229,1.0232608318328857,-1.5213319063186646,-0.35722893476486206,0.3367081880569458,-0.9287410974502563,-0.15513768792152405,0.4701908826828003,-1.3255693912506104,-0.23015151917934418,0.5406512022018433,-1.5843054056167603,-0.2968797981739044,0.5787181258201599,-1.7970532178878784,-0.3487410545349121,0.11996904760599136,-0.9299646019935608,-0.18352027237415314,0.08619437366724014,-1.321488857269287,-0.2782045602798462,0.07230307906866074,-1.5845731496810913,-0.3723665773868561,0.059939153492450714,-1.8076679706573486,-0.4400782585144043,-0.0935673862695694,-0.8387546539306641,-0.22366732358932495,-0.23879826068878174,-1.1215665340423584,-0.3345056474208832,-0.32956427335739136,-1.3090533018112183,-0.406241774559021,-0.40214917063713074,-1.4832814931869507,-0.45413288474082947
0.0,0.0,0.0,0.29874637722969055,-0.12619616091251373,-0.13927970826625824,0.507766842842102,-0.407334566116333,-0.1953948587179184,0.40972423553466797,-0.7276002168655396,-0.24085888266563416,0.2292039692401886,-0.9035729765892029,-0.2849957048892975,0.5587010383605957,-0.8039931654930115,-0.14080412685871124,0.8143536448478699,-1.1173875331878662,-0.22779175639152527,0.9422202706336975,-1.3168659210205078,-0.2930276095867157,1.0383265018463135,-1.4993137121200562,-0.3474999666213989,0.3447386622428894,-0.9264495968818665,-0.15115030109882355,0.4843194782733917,-1.317647933959961,-0.2237028330564499,0.5567183494567871,-1.5732594728469849,-0.28698864579200745,0.5953230261802673,-1.7817773818969727,-0.33685287833213806,0.1289438158273697,-0.9284188151359558,-0.17792724072933197,0.1009320318698883,-1.3256593942642212,-0.2726847231388092,0.08595941960811615,-1.5844813585281372,-0.3649616241455078,0.07180558145046234,-1.8016951084136963,-0.4307973086833954,-0.08622146397829056,-0.8380036354064941,-0.21602337062358856,-0.22840243577957153,-1.1278247833251953,-0.3297847509384155,-0.3157900869846344,-1.3180888891220093,-0.4034990072250366,-0.38557717204093933,-1.4918465614318848,-0.45181092619895935
0.0,0.0,0.0,0.32352349162101746,-0.12068398296833038,-0.12598131597042084,0.5476712584495544,-0.4162697494029999,-0.16844268143177032,0.44489914178848267,-0.7306604981422424,-0.20292820036411285,0.24358345568180084,-0.8720194697380066,-0.23810575902462006,0.5842679738998413,-0.7926813364028931,-0.12157445400953293,0.8528949618339539,-1.0984712839126587,-0.20098687708377838,0.9892740845680237,-1.297752857208252,-0.26129114627838135,1.0897670984268188,-1.476743221282959,-0.3124127984046936,0.3679768741130829,-0.9197973012924194,-0.13625699281692505,0.5144477486610413,-1.3122366666793823,-0.20299196243286133,0.5967453718185425,-1.5698397159576416,-0.2640622556209564,0.6414046883583069,-1.7774745225906372,-0.31181666254997253,0.14984412491321564,-0.928337812423706,-0.166822612285614,0.12706036865711212,-1.3238526582717896,-0.2544057071208954,0.12431863695383072,-1.58893620967865,-0.34704527258872986,0.1197829470038414,-1.8098317384719849,-0.413833886384964,-0.06580644100904465,-0.8483507037162781,-0.20803280174732208,-0.20064209401607513,-1.1408193111419678,-0.31128615140914917,-0.2821178138256073,-1.3358372449874878,-0.3805224299430847,-0.3477036654949188,-1.5131185054779053,-0.4279615879058838
0.0,0.0,0.0,0.32131722569465637,-0.1124117448925972,-0.12745913863182068,0.5481531023979187,-0.41714194416999817,-0.16657951474189758,0.46305787563323975,-0.7433350086212158,-0.19672641158103943,0.27096986770629883,-0.9023752808570862,-0.22645865380764008,0.5907343029975891,-0.7844446897506714,-0.11972881853580475,0.8629782795906067,-1.0854682922363281,-0.19571340084075928,1.0026663541793823,-1.2799581289291382,-0.25303781032562256,1.1050359010696411,-1.4549072980880737,-0.30249327421188354,0.3810572624206543,-0.9153635501861572,-0.13001875579357147,0.536505401134491,-1.2981922626495361,-0.1943783015012741,0.6237782835960388,-1.5514800548553467,-0.25353583693504333,0.6716392040252686,-1.7574210166931152,-0.30024048686027527,0.16669833660125732,-0.9297085404396057,-0.15634839236736298,0.148910254240036,-1.322996973991394,-0.24203407764434814,0.14981535077095032,-1.5855190753936768,-0.3335925340652466,0.1482841819524765,-1.8051714897155762,-0.4001561403274536,-0.04833339527249336,-0.8567237854003906,-0.1934235394001007,-0.1781516820192337,-1.149105429649353,-0.29659903049468994,-0.25459665060043335,-1.3452718257904053,-0.36781391501426697,-0.3135334849357605,-1.5225474834442139,-0.41684970259666443
0.0,0.0,0.0,0.31512612104415894,-0.10230955481529236,-0.12765605747699738,0.5382227897644043,-0.40595054626464844,-0.16580097377300262,0.4640635848045349,-0.7373750805854797,-0.19478507339954376,0.27921828627586365,-0.9067499041557312,-0.22283893823623657,0.6006163358688354,-0.7745670676231384,-0.11528991162776947,0.8708339333534241,-1.0735979080200195,-0.18868832290172577,1.0100280046463013,-1.2665959596633911,-0.24487464129924774,1.111336350440979,-1.4399334192276,-0.2941913306713104,0.3942714333534241,-0.9105002284049988,-0.12465758621692657,0.5487967133522034,-1.294764757156372,-0.18530504405498505,0.6342533230781555,-1.5426695346832275,-0.24133868515491486,0.6808395385742188,-1.7448257207870483,-0.2863890826702118,0.1801830232143402,-0.9280849695205688,-0.1505821943283081,0.16770771145820618,-1.3219045400619507,-0.2341768592596054,0.16858696937561035,-1.5759743452072144,-0.3226636052131653,0.16438259184360504,-1.790140986442566,-0.3874565362930298,-0.03628609701991081,-0.8581179976463318,-0.18752287328243256,-0.1625409722328186,-1.1502619981765747,-0.2920176684856415,-0.23749323189258575,-1.344254732131958,-0.3635716736316681,-0.2966727614402771,-1.521652102470398,-0.41252073645591736
0.0,0.0,0.0,0.3124971091747284,-0.12756003439426422,-0.10944477468729019,0.5095273852348328,-0.4311153292655945,-0.1428796947002411,0.40388888120651245,-0.7338337302207947,-0.17110280692577362,0.21547794342041016,-0.879649817943573,-0.19868800044059753,0.57286137342453,-0.7972621321678162,-0.10488920658826828,0.8424603939056396,-1.105888843536377,-0.1750781387090683,0.9784990549087524,-1.3052983283996582,-0.22886157035827637,1.07315993309021,-1.482113242149353,-0.27460750937461853,0.359516978263855,-0.9247490763664246,-0.12484680116176605,0.5183972120285034,-1.3266714811325073,-0.1836513727903366,0.6020227074623108,-1.5865354537963867,-0.2384098619222641,0.6452000737190247,-1.7938733100891113,-0.27992263436317444,0.14149966835975647,-0.9326975345611572,-0.159261092543602,0.12798577547073364,-1.3465461730957031,-0.2426062673330307,0.12004028260707855,-1.601873755455017,-0.3305897116661072,0.11034536361694336,-1.8104625940322876,-0.39180704951286316,-0.0773540809750557,-0.847947359085083,-0.20254406332969666,-0.213758647441864,-1.1533540487289429,-0.305439829826355,-0.30074864625930786,-1.3502222299575806,-0.37192827463150024,-0.369733989238739,-1.5281132459640503,-0.4151892364025116
0.0,0.0,0.0,0.28660768270492554,-0.12195804715156555,-0.14249403774738312,0.4618220925331116,-0.4020073413848877,-0.1990203708410263,0.3541545867919922,-0.7075581550598145,-0.24483896791934967,0.19055980443954468,-0.8830242156982422,-0.2860613763332367,0.5298638343811035,-0.819845974445343,-0.13169237971305847,0.7723647356033325,-1.1304645538330078,-0.21999207139015198,0.8947073221206665,-1.327640175819397,-0.2877383232116699,0.9835762977600098,-1.5041799545288086,-0.3426516056060791,0.31418922543525696,-0.9391183853149414,-0.13907474279403687,0.45215293765068054,-1.331247091293335,-0.2144262194633484,0.5201754570007324,-1.5838053226470947,-0.2780730128288269,0.558535099029541,-1.7898024320602417,-0.3250288665294647,0.09620591998100281,-0.9354556202888489,-0.1651230752468109,0.059243448078632355,-1.333154320716858,-0.26515522599220276,0.030371371656656265,-1.5780590772628784,-0.35643717646598816,0.011243041604757309,-1.7847094535827637,-0.41769492626190186,-0.12071734666824341,-0.8358281850814819,-0.20298662781715393,-0.26688483357429504,-1.1214088201522827,-0.32148057222366333,-0.3647908568382263,-1.3062362670898438,-0.3955889046192169,-0.4384987950325012,-1.481029987335205,-0.44119778275489807
0.0,0.0,0.0,0.2909925580024719,-0.13042351603507996,-0.11944679915904999,0.4814753234386444,-0.4299125671386719,-0.16456997394561768,0.35418668389320374,-0.7380866408348083,-0.20225629210472107,0.1532052755355835,-0.8910991549491882,-0.24053217470645905,0.5429946780204773,-0.8119605779647827,-0.12166105210781097,0.7966812252998352,-1.1189507246017456,-0.20656058192253113,0.9253122210502625,-1.322605013847351,-0.27145522832870483,1.0163112878799438,-1.5004228353500366,-0.3241889476776123,0.32524028420448303,-0.9355788826942444,-0.13751716911792755,0.46834641695022583,-1.326210856437683,-0.20870541036128998,0.5434080958366394,-1.5796438455581665,-0.2716899514198303,0.5800517797470093,-1.784376621246338,-0.31833118200302124,0.10698112100362778,-0.9380276799201965,-0.16777247190475464,0.06663145869970322,-1.3345375061035156,-0.25605282187461853,0.05127665027976036,-1.5853078365325928,-0.3412058353424072,0.03642793744802475,-1.7977699041366577,-0.4011593759059906,-0.11096667498350143,-0.8461013436317444,-0.20758765935897827,-0.2540721595287323,-1.133692741394043,-0.3091302812099457,-0.33922699093818665,-1.31852126121521,-0.37029510736465454,-0.40711119771003723,-1.490413784980774,-0.4096760153770447
0.0,0.0,0.0,0.3039870262145996,-0.13937312364578247,-0.10402551293373108,0.47692161798477173,-0.43998971581459045,-0.1457803100347519,0.3760254979133606,-0.7291080951690674,-0.18509428203105927,0.21866801381111145,-0.8819345235824585,-0.22493991255760193,0.5291733741760254,-0.8239335417747498,-0.11574488133192062,0.7804874777793884,-1.1443145275115967,-0.21116900444030762,0.9117652773857117,-1.3505456447601318,-0.2813364267349243,1.0057563781738281,-1.526482105255127,-0.3341250419616699,0.3174802362918854,-0.9372439384460449,-0.14415280520915985,0.4547920823097229,-1.3504353761672974,-0.22577212750911713,0.5368927121162415,-1.6156010627746582,-0.2917422354221344,0.5867391228675842,-1.8257029056549072,-0.3367778956890106,0.10012964904308319,-0.9322429895401001,-0.18683388829231262,0.06289421021938324,-1.357060432434082,-0.28395548462867737,0.045554228127002716,-1.6197589635849,-0.3708725869655609,0.03937292471528053,-1.838352918624878,-0.42898425459861755,-0.11679050326347351,-0.8320830464363098,-0.237723246216774,-0.2503521740436554,-1.1293598413467407,-0.34717467427253723,-0.3329494297504425,-1.318176031112671,-0.4091339707374573,-0.3940991163253784,-1.4908217191696167,-0.44636890292167664
0.0,0.0,0.0,0.29494404792785645,-0.11776874214410782,-0.1156851202249527,0.4813147187232971,-0.3963143229484558,-0.1639377772808075,0.3852938115596771,-0.6714873909950256,-0.20907698571681976,0.2191735804080963,-0.8126195073127747,-0.2535223662853241,0.5360229015350342,-0.8314268589019775,-0.11736098676919937,0.7873486876487732,-1.1516565084457397,-0.21103648841381073,0.921267032623291,-1.3486571311950684,-0.2794667184352875,1.019439458847046,-1.517480731010437,-0.3319425880908966,0.32843250036239624,-0.9334359169006348,-0.14432406425476074,0.47970321774482727,-1.3390247821807861,-0.22537147998809814,0.5649797916412354,-1.6042121648788452,-0.2945255637168884,0.6151092648506165,-1.818638801574707,-0.3423834443092346,0.11712214350700378,-0.9117634296417236,-0.18727213144302368,0.09206902235746384,-1.3254741430282593,-0.2901378571987152,0.06706145405769348,-1.5884511470794678,-0.3866508901119232,0.05341779440641403,-1.8113590478897095,-0.4508783221244812,-0.09631214290857315,-0.7923492789268494,-0.23939229547977448,-0.23383928835391998,-1.0684645175933838,-0.3592360317707062,-0.32513824105262756,-1.2499735355377197,-0.43060651421546936,-0.3943544030189514,-1.421933650970459,-0.4739357531070709
0.0,0.0,0.0,0.2957984507083893,-0.12689818441867828,-0.11306661367416382,0.4801790714263916,-0.4166460931301117,-0.16009460389614105,0.3449801504611969,-0.6828365325927734,-0.20429639518260956,0.14632074534893036,-0.8042038679122925,-0.24835656583309174,0.5352438688278198,-0.8360007405281067,-0.11529864370822906,0.787675142288208,-1.165042757987976,-0.20283234119415283,0.911287784576416,-1.3754867315292358,-0.26571083068847656,0.9948820471763611,-1.5604785680770874,-0.3178061842918396,0.32556992769241333,-0.9344252347946167,-0.1444084644317627,0.46864861249923706,-1.3370695114135742,-0.22833523154258728,0.5428124070167542,-1.6071746349334717,-0.3013012111186981,0.5793468952178955,-1.8337066173553467,-0.35108354687690735,0.12011639773845673,-0.906122088432312,-0.18783113360404968,0.07502305507659912,-1.3155471086502075,-0.2950155735015869,0.04306735098361969,-1.5734680891036987,-0.39489853382110596,0.017461955547332764,-1.7978758811950684,-0.46059396862983704,-0.07870277762413025,-0.7808156609535217,-0.2396317720413208,-0.22370442748069763,-1.0441358089447021,-0.36391761898994446,-0.3209775984287262,-1.2180590629577637,-0.4374593496322632,-0.400278240442276,-1.3866583108901978,-0.48191389441490173
0.0,0.0,0.0,0.27902767062187195,-0.11965969204902649,-0.12669523060321808,0.46592357754707336,-0.39435309171676636,-0.1840207874774933,0.33120134472846985,-0.6663720011711121,-0.23533131182193756,0.1294526904821396,-0.7998100519180298,-0.2853272557258606,0.5404953956604004,-0.8263071775436401,-0.13378389179706573,0.7849045395851135,-1.1531022787094116,-0.22654445469379425,0.9031075239181519,-1.3644737005233765,-0.2938748002052307,0.9843609929084778,-1.551967740058899,-0.34911754727363586,0.3281724750995636,-0.9313114881515503,-0.15799294412136078,0.466390460729599,-1.3314658403396606,-0.2429920732975006,0.533726692199707,-1.598173975944519,-0.316860169172287,0.5664180517196655,-1.8250032663345337,-0.36811748147010803,0.12028086930513382,-0.9050689935684204,-0.19652248919010162,0.07174467295408249,-1.298858642578125,-0.30007204413414,0.03495519980788231,-1.550844430923462,-0.39415302872657776,0.0052825771272182465,-1.7734466791152954,-0.45736274123191833,-0.0830407440662384,-0.780582070350647,-0.24524904787540436,-0.2241034358739853,-1.0377999544143677,-0.3640051782131195,-0.31677937507629395,-1.205647587776184,-0.43129539489746094,-0.39196932315826416,-1.3697537183761597,-0.47175315022468567
0.0,0.0,0.0,0.2850593328475952,-0.11702711880207062,-0.131468266248703,0.4733850359916687,-0.39029407501220703,-0.18934932351112366,0.3278411030769348,-0.6654207110404968,-0.2392709106206894,0.13881903886795044,-0.8047590255737305,-0.28707584738731384,0.5388999581336975,-0.8249136209487915,-0.1411147564649582,0.7849796414375305,-1.1533299684524536,-0.2381953001022339,0.9061080813407898,-1.367388367652893,-0.30722302198410034,0.9912517070770264,-1.5552213191986084,-0.3626176416873932,0.32382115721702576,-0.9318130016326904,-0.16390320658683777,0.46002548933029175,-1.343660831451416,-0.2520935833454132,0.5273253917694092,-1.6139036417007446,-0.3262222707271576,0.5626004934310913,-1.842994213104248,-0.3762817978858948,0.11591815203428268,-0.9059221744537354,-0.20140038430690765,0.07261580228805542,-1.3145475387573242,-0.31043606996536255,0.035760026425123215,-1.5711638927459717,-0.40593093633651733,0.008215153589844704,-1.7978084087371826,-0.46856361627578735,-0.08758014440536499,-0.7767705321311951,-0.24891889095306396,-0.22961321473121643,-1.038640022277832,-0.37302589416503906,-0.32417741417884827,-1.20577871799469,-0.44093167781829834,-0.4000956416130066,-1.3711472749710083,-0.4803548753261566
0.0,0.0,0.0,0.2792297899723053,-0.11240492016077042,-0.13549862802028656,0.4599052965641022,-0.3609018325805664,-0.2012128233909607,0.32673120498657227,-0.6237078309059143,-0.2603851854801178,0.1482534557580948,-0.7615774273872375,-0.3181035816669464,0.5460605621337891,-0.8162333369255066,-0.14268933236598969,0.7770580053329468,-1.129013180732727,-0.24681837856769562,0.899198055267334,-1.3299763202667236,-0.32353660464286804,0.9906163811683655,-1.5067532062530518,-0.3832075595855713,0.3318069279193878,-0.928920567035675,-0.16434966027736664,0.45635953545570374,-1.3262317180633545,-0.25557824969291687,0.5200180411338806,-1.5855834484100342,-0.3298739790916443,0.556081235408783,-1.8028565645217896,-0.3808138966560364,0.12083481252193451,-0.9066382646560669,-0.20256613194942474,0.07176084816455841,-1.2957735061645508,-0.3105248510837555,0.03455616533756256,-1.5416620969772339,-0.4026464819908142,0.010051137767732143,-1.7568469047546387,-0.4632669687271118,-0.0847485363483429,-0.7817317843437195,-0.2523234486579895,-0.22625310719013214,-1.0366082191467285,-0.3699008524417877,-0.3196689784526825,-1.2007445096969604,-0.4348544776439667,-0.3939286470413208,-1.3603874444961548,-0.4735011160373688
0.0,0.0,0.0,0.29035457968711853,-0.09825920313596725,-0.1331464797258377,0.4887751638889313,-0.34047430753707886,-0.19591107964515686,0.36605286598205566,-0.6147396564483643,-0.253603994846344,0.20988866686820984,-0.7697248458862305,-0.3089424967765808,0.5970341563224792,-0.7877445220947266,-0.130203515291214,0.843493640422821,-1.094419240951538,-0.23398593068122864,0.9793625473976135,-1.2939471006393433,-0.3103809356689453,1.079439401626587,-1.4711344242095947,-0.3697725832462311,0.39033061265945435,-0.9083206653594971,-0.1503184735774994,0.5263751149177551,-1.294173240661621,-0.24652929604053497,0.5990721583366394,-1.556560754776001,-0.32449454069137573,0.6412802338600159,-1.7813876867294312,-0.3771093785762787,0.179128035902977,-0.9018353223800659,-0.18778879940509796,0.14255419373512268,-1.2958463430404663,-0.3009793758392334,0.11335419118404388,-1.5526046752929688,-0.39488184452056885,0.09491002559661865,-1.7798963785171509,-0.4549098014831543,-0.03710741922259331,-0.7964140772819519,-0.2365863025188446,-0.16092877089977264,-1.0661096572875977,-0.35642752051353455,-0.2444567084312439,-1.2429369688034058,-0.4243827164173126,-0.3088947534561157,-1.4138907194137573,-0.46425896883010864
0.0,0.0,0.0,0.30009424686431885,-0.0874895229935646,-0.11686895787715912,0.5179911255836487,-0.328718364238739,-0.17043660581111908,0.4032216966152191,-0.6019647121429443,-0.2218431532382965,0.2224235236644745,-0.7427638173103333,-0.27397406101226807,0.6166789531707764,-0.7733263373374939,-0.11861066520214081,0.8728296160697937,-1.0721988677978516,-0.21482938528060913,1.0128148794174194,-1.2658796310424805,-0.28672513365745544,1.118694543838501,-1.43829345703125,-0.3431769907474518,0.4111236035823822,-0.8997520804405212,-0.14636795222759247,0.5542292594909668,-1.2930151224136353,-0.23109665513038635,0.6331157684326172,-1.5544506311416626,-0.3018776476383209,0.6779091358184814,-1.7776124477386475,-0.34980377554893494,0.20061177015304565,-0.8948951959609985,-0.18952058255672455,0.16664551198482513,-1.2999424934387207,-0.28860601782798767,0.14033375680446625,-1.5606454610824585,-0.37458592653274536,0.12411458045244217,-1.7923718690872192,-0.43126946687698364,-0.01417902298271656,-0.7912567257881165,-0.24317564070224762,-0.13186043500900269,-1.0647026300430298,-0.3503241240978241,-0.20479755103588104,-1.24392569065094,-0.40849748253822327,-0.26096242666244507,-1.419825792312622,-0.44313743710517883
0.0,0.0,0.0,0.3193923234939575,-0.0692201480269432,-0.1201239749789238,0.5490809082984924,-0.3278077244758606,-0.15943872928619385,0.4398229122161865,-0.6162533760070801,-0.19479995965957642,0.25165626406669617,-0.7511013746261597,-0.23038515448570251,0.6358724236488342,-0.7631701827049255,-0.09621940553188324,0.8963532447814941,-1.0456387996673584,-0.17491254210472107,1.036562204360962,-1.233911156654358,-0.24044008553028107,1.1435295343399048,-1.4063504934310913,-0.2971123456954956,0.43450459837913513,-0.892961323261261,-0.11758331954479218,0.5778567790985107,-1.2758301496505737,-0.186127170920372,0.6617080569267273,-1.5330579280853271,-0.254118412733078,0.7128738164901733,-1.7573151588439941,-0.30438464879989624,0.231101855635643,-0.8894538283348083,-0.1553049385547638,0.22359599173069,-1.2788344621658325,-0.24807189404964447,0.21166522800922394,-1.5343698263168335,-0.3373810648918152,0.20054733753204346,-1.7636704444885254,-0.3980083465576172,0.02507871575653553,-0.7871909737586975,-0.2041947990655899,-0.07114928215742111,-1.0583866834640503,-0.31294557452201843,-0.1416458934545517,-1.2328040599822998,-0.37580373883247375,-0.20263789594173431,-1.4032084941864014,-0.41506555676460266
0.0,0.0,0.0,0.3284609019756317,-0.05940500646829605,-0.12730126082897186,0.5907672643661499,-0.2993090748786926,-0.1773141771554947,0.5160272121429443,-0.5940149426460266,-0.22187840938568115,0.3139760494232178,-0.7421761155128479,-0.26819106936454773,0.6567474007606506,-0.7403167486190796,-0.11641405522823334,0.9325851798057556,-1.0215516090393066,-0.2053436040878296,1.0818569660186768,-1.2032808065414429,-0.27745726704597473,1.1994411945343018,-1.3731534481048584,-0.33813467621803284,0.46484318375587463,-0.8745262026786804,-0.13829226791858673,0.6222999095916748,-1.2649285793304443,-0.21644899249076843,0.7247335910797119,-1.5267609357833862,-0.29217293858528137,0.7888506054878235,-1.7529927492141724,-0.348356693983078,0.26864728331565857,-0.8742935657501221,-0.17600631713867188,0.2736181318759918,-1.2714389562606812,-0.27705562114715576,0.2850898504257202,-1.5336990356445312,-0.3747813105583191,0.2875116467475891,-1.7611000537872314,-0.4416201114654541,0.0704721063375473,-0.7771129608154297,-0.22467352449893951,-0.004200777038931847,-1.0522584915161133,-0.34075167775154114,-0.06147211417555809,-1.2331267595291138,-0.40941664576530457,-0.12060655653476715,-1.4057605266571045,-0.45349735021591187
0.0,0.0,0.0,0.3309890329837799,-0.05400829017162323,-0.11876934766769409,0.5856791734695435,-0.2996571958065033,-0.16421915590763092,0.5157302618026733,-0.5843086242675781,-0.20720848441123962,0.3320086896419525,-0.7350547909736633,-0.2516043186187744,0.6533703207969666,-0.7446441650390625,-0.10203850269317627,0.9345069527626038,-1.0161864757537842,-0.19186124205589294,1.0861680507659912,-1.2002918720245361,-0.2627659738063812,1.2011563777923584,-1.368686318397522,-0.3221691846847534,0.4652564227581024,-0.875502347946167,-0.13050708174705505,0.624932587146759,-1.2682840824127197,-0.21459415555000305,0.7315321564674377,-1.5393331050872803,-0.28996264934539795,0.7997388243675232,-1.7686353921890259,-0.34319421648979187,0.2697460353374481,-0.8715322017669678,-0.17620797455310822,0.28242674469947815,-1.2838399410247803,-0.28851673007011414,0.30037829279899597,-1.5524272918701172,-0.3893601596355438,0.312591552734375,-1.7837133407592773,-0.45480501651763916,0.07437369972467422,-0.7695278525352478,-0.23182335495948792,0.015021641738712788,-1.0445774793624878,-0.36076515913009644,-0.03863606974482536,-1.2324025630950928,-0.43558552861213684,-0.09627979248762131,-1.4119114875793457,-0.4818185865879059
0.0,0.0,0.0,0.3202293813228607,-0.054028816521167755,-0.1244630441069603,0.5666192173957825,-0.28769391775131226,-0.17505066096782684,0.4792194962501526,-0.5631231069564819,-0.22225512564182281,0.296840637922287,-0.7142800092697144,-0.27065911889076233,0.654951810836792,-0.7388870120048523,-0.11876296252012253,0.9394223690032959,-1.005925178527832,-0.21197809278964996,1.089235782623291,-1.1904553174972534,-0.2825968861579895,1.199652910232544,-1.36174738407135,-0.3421494960784912,0.45778241753578186,-0.8770102262496948,-0.14590506255626678,0.6159414649009705,-1.2592254877090454,-0.2352198362350464,0.7232545018196106,-1.5203866958618164,-0.3128111958503723,0.7944837808609009,-1.7483009099960327,-0.3676048815250397,0.2513061463832855,-0.8788251876831055,-0.18921349942684174,0.2587720453739166,-1.2831611633300781,-0.30339208245277405,0.27039021253585815,-1.54203200340271,-0.4048108756542206,0.28051337599754333,-1.771763801574707,-0.47089165449142456,0.04382370412349701,-0.7781280875205994,-0.24275873601436615,-0.03430160880088806,-1.0477731227874756,-0.3741130530834198,-0.09635847061872482,-1.2322074174880981,-0.45073121786117554,-0.15563346445560455,-1.4094011783599854,-0.49722328782081604
0.0,0.0,0.0,0.32063278555870056,-0.06835715472698212,-0.14473259449005127,0.5650911927223206,-0.3139309585094452,-0.20139524340629578,0.4496983587741852,-0.6010590195655823,-0.2486848384141922,0.2428487241268158,-0.7461112141609192,-0.2969554364681244,0.644454300403595,-0.7437307238578796,-0.13924634456634521,0.9375249743461609,-1.011663556098938,-0.2326315939426422,1.0986567735671997,-1.196955680847168,-0.3026004135608673,1.2194072008132935,-1.36823570728302,-0.35962629318237305,0.436135470867157,-0.8863499760627747,-0.1554657518863678,0.5985729098320007,-1.2657315731048584,-0.23963305354118347,0.6931089162826538,-1.5277007818222046,-0.3143315017223358,0.7486982345581055,-1.7551231384277344,-0.3663148581981659,0.2162630259990692,-0.8948392868041992,-0.18868668377399445,0.21395769715309143,-1.3022187948226929,-0.30311498045921326,0.21848703920841217,-1.5592966079711914,-0.4101245105266571,0.21880586445331573,-1.786555290222168,-0.4797866940498352,-0.0057291085831820965,-0.8061261773109436,-0.23300699889659882,-0.10532525926828384,-1.079592227935791,-0.3663511872291565,-0.1996614784002304,-1.2496596574783325,-0.44480782747268677,-0.29156625270843506,-1.4146639108657837,-0.49177563190460205
0.0,0.0,0.0,0.31496235728263855,-0.07897329330444336,-0.12446421384811401,0.5273749232292175,-0.3584493398666382,-0.1594928652048111,0.386173278093338,-0.6410583257675171,-0.18973305821418762,0.1802663952112198,-0.765750527381897,-0.221318319439888,0.6064038872718811,-0.7914032340049744,-0.09292762726545334,0.8671945929527283,-1.0865464210510254,-0.16696462035179138,1.008606195449829,-1.2862963676452637,-0.22979401051998138,1.1101795434951782,-1.4612330198287964,-0.284446656703949,0.3906472325325012,-0.9134916067123413,-0.11370017379522324,0.5149624347686768,-1.3057527542114258,-0.1801864206790924,0.5937683582305908,-1.5739537477493286,-0.24915294349193573,0.6334234476089478,-1.792899489402771,-0.2988151013851166,0.17779649794101715,-0.899979293346405,-0.15197521448135376,0.1446194052696228,-1.3092399835586548,-0.25495344400405884,0.13428153097629547,-1.5658901929855347,-0.3563632667064667,0.12184195220470428,-1.7858139276504517,-0.4232881963253021,-0.03580765798687935,-0.7918964624404907,-0.20040546357631683,-0.1585271805524826,-1.080340027809143,-0.33186566829681396,-0.2630530297756195,-1.2428088188171387,-0.40720272064208984,-0.36107778549194336,-1.393872857093811,-0.45132067799568176
0.0,0.0,0.0,0.2975047528743744,-0.10365674644708633,-0.14867864549160004,0.456795871257782,-0.38513779640197754,-0.20020611584186554,0.28855812549591064,-0.6670677661895752,-0.24067986011505127,0.08502458035945892,-0.795032799243927,-0.2770703434944153,0.5500538945198059,-0.8190791010856628,-0.13044850528240204,0.7847357988357544,-1.153444528579712,-0.21817131340503693,0.9004809856414795,-1.3698835372924805,-0.28513479232788086,0.9756196737289429,-1.560800313949585,-0.33939802646636963,0.31653469800949097,-0.9384385347366333,-0.13834355771541595,0.42149126529693604,-1.3453168869018555,-0.214057058095932,0.47836190462112427,-1.6114689111709595,-0.2800045609474182,0.5093970894813538,-1.8320043087005615,-0.32334813475608826,0.09159401804208755,-0.92276930809021,-0.16399668157100677,0.04128525033593178,-1.3221436738967896,-0.2615394592285156,0.010754719376564026,-1.5693620443344116,-0.3497052490711212,-0.0049245040863752365,-1.784745454788208,-0.4061170220375061,-0.12327999621629715,-0.8015214204788208,-0.20296232402324677,-0.2570922076702118,-1.0528684854507446,-0.31658387184143066,-0.3580287992954254,-1.2020372152328491,-0.37767788767814636,-0.43858885765075684,-1.341074824333191,-0.4109395146369934
0.0,0.0,0.0,0.2939280867576599,-0.14029094576835632,-0.13300873339176178,0.46725884079933167,-0.43189534544944763,-0.18753507733345032,0.2633740305900574,-0.6866929531097412,-0.23513083159923553,0.03177141025662422,-0.7857999801635742,-0.2826431095600128,0.48816534876823425,-0.8729014992713928,-0.12422012537717819,0.6998194456100464,-1.2039543390274048,-0.2160249948501587,0.8044182062149048,-1.4167735576629639,-0.28571444749832153,0.8770207762718201,-1.6012521982192993,-0.34211620688438416,0.247391015291214,-0.9580811858177185,-0.14449244737625122,0.31525400280952454,-1.3657194375991821,-0.22497665882110596,0.35512393712997437,-1.636091947555542,-0.2974833548069,0.3701006770133972,-1.8600099086761475,-0.34754180908203125,0.034289419651031494,-0.9081029295921326,-0.18086741864681244,-0.06024089828133583,-1.3014949560165405,-0.2830178141593933,-0.11001541465520859,-1.5469460487365723,-0.3766498267650604,-0.14556488394737244,-1.7600654363632202,-0.4376211166381836,-0.15761849284172058,-0.7575584053993225,-0.22842013835906982,-0.32424286007881165,-0.999762237071991,-0.34895288944244385,-0.4351266920566559,-1.1603597402572632,-0.4162479341030121,-0.5269492864608765,-1.3186609745025635,-0.4546215236186981
0.0,0.0,0.0,0.27409544587135315,-0.14115002751350403,-0.12912896275520325,0.4090459644794464,-0.4340168535709381,-0.18365967273712158,0.23500752449035645,-0.6816065907478333,-0.23284469544887543,0.02947518602013588,-0.7963130474090576,-0.28098350763320923,0.4558693766593933,-0.8801255226135254,-0.1289673000574112,0.6643036603927612,-1.2190253734588623,-0.22427499294281006,0.7706132531166077,-1.4355837106704712,-0.29516786336898804,0.8452978134155273,-1.6208786964416504,-0.35193416476249695,0.22518309950828552,-0.9621663093566895,-0.15339024364948273,0.28725358843803406,-1.3733457326889038,-0.24012333154678345,0.32280802726745605,-1.647843360900879,-0.31546762585639954,0.33668461441993713,-1.8731224536895752,-0.3669590651988983,0.013921866193413734,-0.9068320393562317,-0.19385351240634918,-0.082758329808712,-1.3080358505249023,-0.30432167649269104,-0.14207425713539124,-1.5638275146484375,-0.40424951910972595,-0.1856328547000885,-1.7830201387405396,-0.4687941372394562,-0.17489083111286163,-0.7513264417648315,-0.24452686309814453,-0.3528122305870056,-0.9971408843994141,-0.37452223896980286,-0.4744546115398407,-1.1603996753692627,-0.4490770399570465,-0.5760946273803711,-1.31643545627594,-0.49182045459747314
0.0,0.0,0.0,0.2688957154750824,-0.15765635669231415,-0.12555384635925293,0.3944244086742401,-0.4526016414165497,-0.184409961104393,0.2065374255180359,-0.6954697370529175,-0.23723658919334412,-0.01425253041088581,-0.8001628518104553,-0.2886632978916168,0.44460782408714294,-0.8822247982025146,-0.14360584318637848,0.6643941402435303,-1.2376993894577026,-0.24187961220741272,0.7695897817611694,-1.4623117446899414,-0.30975985527038574,0.8385606408119202,-1.6516789197921753,-0.3634421229362488,0.20610158145427704,-0.9636038541793823,-0.1702641248703003,0.27922847867012024,-1.398173451423645,-0.263252854347229,0.3111826181411743,-1.679198980331421,-0.33743467926979065,0.3180808126926422,-1.906030535697937,-0.38600102066993713,-0.008482738398015499,-0.9113911390304565,-0.21099986135959625,-0.10208114981651306,-1.3285038471221924,-0.3249184191226959,-0.16639311611652374,-1.5895557403564453,-0.4250556528568268,-0.21673431992530823,-1.813493013381958,-0.48898234963417053,-0.20162567496299744,-0.7583023309707642,-0.26058098673820496,-0.3850606381893158,-1.0129457712173462,-0.39138537645339966,-0.5152746438980103,-1.1782917976379395,-0.46526333689689636,-0.6231036186218262,-1.3393888473510742,-0.5072010159492493
0.0,0.0,0.0,0.2620658278465271,-0.16990435123443604,-0.12592749297618866,0.3893289566040039,-0.4694089889526367,-0.18579381704330444,0.1856074333190918,-0.7138503789901733,-0.23911988735198975,-0.03537086769938469,-0.8242866396903992,-0.2911328077316284,0.4438568651676178,-0.8730455636978149,-0.1479993313550949,0.672035276889801,-1.2252206802368164,-0.24781528115272522,0.7806420922279358,-1.4536954164505005,-0.31650227308273315,0.8531529903411865,-1.6477551460266113,-0.3703967332839966,0.2076147049665451,-0.9624590873718262,-0.17483894526958466,0.29025593400001526,-1.3985799551010132,-0.26438653469085693,0.32592663168907166,-1.6805262565612793,-0.33489081263542175,0.33781373500823975,-1.9068126678466797,-0.3817192316055298,-0.006258157081902027,-0.9169839024543762,-0.21567697823047638,-0.09975393116474152,-1.3392817974090576,-0.3241995871067047,-0.1581801027059555,-1.5993009805679321,-0.4187066853046417,-0.19982106983661652,-1.8189998865127563,-0.480546772480011,-0.20167675614356995,-0.7696024179458618,-0.2661001682281494,-0.39515677094459534,-1.0225481986999512,-0.3910236060619354,-0.5263110399246216,-1.1889513731002808,-0.46010303497314453,-0.6325307488441467,-1.35104238986969,-0.499794065952301
0.0,0.0,0.0,0.2633506655693054,-0.16167853772640228,-0.14421239495277405,0.39312443137168884,-0.459458589553833,-0.20678937435150146,0.16448599100112915,-0.714669406414032,-0.25776907801628113,-0.06581807136535645,-0.823095977306366,-0.3060585558414459,0.4423527717590332,-0.8811962604522705,-0.1529107391834259,0.6463972926139832,-1.2395426034927368,-0.24656902253627777,0.743155300617218,-1.4687713384628296,-0.3139740824699402,0.8092986345291138,-1.667211890220642,-0.36953020095825195,0.19633916020393372,-0.9657120108604431,-0.16985653340816498,0.26026690006256104,-1.3976958990097046,-0.252252459526062,0.2804218530654907,-1.6768527030944824,-0.32498830556869507,0.2806055545806885,-1.9039133787155151,-0.3766334354877472,-0.021926751360297203,-0.9152162075042725,-0.20210181176662445,-0.12329751998186111,-1.3236114978790283,-0.31168484687805176,-0.19186581671237946,-1.581559658050537,-0.41349664330482483,-0.2470153421163559,-1.8028132915496826,-0.48131683468818665,-0.22065943479537964,-0.7639952301979065,-0.24462896585464478,-0.4283094108104706,-1.0175232887268066,-0.37783777713775635,-0.5707753300666809,-1.1737823486328125,-0.4539933204650879,-0.6900030970573425,-1.3278945684432983,-0.49833494424819946
0.0,0.0,0.0,0.2577323019504547,-0.1668282002210617,-0.15155218541622162,0.3681959807872772,-0.47440171241760254,-0.2150888442993164,0.11519934237003326,-0.7222785353660583,-0.2646862268447876,-0.11365377902984619,-0.8327237367630005,-0.3108958303928375,0.40534457564353943,-0.896454393863678,-0.15508818626403809,0.5964142680168152,-1.2542409896850586,-0.2513398230075836,0.6863224506378174,-1.4867420196533203,-0.3209919035434723,0.7457793354988098,-1.6864042282104492,-0.3786730170249939,0.15524423122406006,-0.9733567833900452,-0.16874755918979645,0.20464055240154266,-1.402310848236084,-0.2551366686820984,0.21112015843391418,-1.6806663274765015,-0.3317164182662964,0.20166730880737305,-1.9094411134719849,-0.3862485885620117,-0.06267222762107849,-0.9156581163406372,-0.19901540875434875,-0.17311012744903564,-1.3090944290161133,-0.31389814615249634,-0.24935878813266754,-1.5600337982177734,-0.42084962129592896,-0.311225563287735,-1.779708743095398,-0.49233222007751465,-0.2585676908493042,-0.7560213208198547,-0.23978348076343536,-0.47634097933769226,-0.9936014413833618,-0.3794289231300354,-0.6244999170303345,-1.1425584554672241,-0.4616806209087372,-0.7461988925933838,-1.2979844808578491,-0.5104689598083496
0.0,0.0,0.0,0.2522377371788025,-0.17542749643325806,-0.14712873101234436,0.3537972867488861,-0.49030905961990356,-0.20788489282131195,0.09016823768615723,-0.7332395315170288,-0.25495219230651855,-0.1482984572649002,-0.8330332040786743,-0.29838088154792786,0.37992095947265625,-0.9067792296409607,-0.1488618701696396,0.5675682425498962,-1.2635670900344849,-0.24200232326984406,0.656814694404602,-1.4962114095687866,-0.3095114827156067,0.7155738472938538,-1.6952210664749146,-0.36539408564567566,0.13008786737918854,-0.9780340194702148,-0.16286984086036682,0.17081545293331146,-1.410045862197876,-0.24741864204406738,0.17078113555908203,-1.6918314695358276,-0.3221282958984375,0.1543741673231125,-1.9215872287750244,-0.374461829662323,-0.08505616337060928,-0.9177932739257812,-0.19311493635177612,-0.20814400911331177,-1.3120672702789307,-0.30642426013946533,-0.2892793118953705,-1.5659451484680176,-0.4117403030395508,-0.35599982738494873,-1.7854336500167847,-0.4809889495372772,-0.2773808240890503,-0.7581926584243774,-0.23330414295196533,-0.50736004114151,-0.9978195428848267,-0.3701273798942566,-0.6603248119354248,-1.1477640867233276,-0.44988134503364563,-0.7849195599555969,-1.303323745727539,-0.4964064061641693
0.0,0.0,0.0,0.24754151701927185,-0.16878129541873932,-0.15388096868991852,0.35626548528671265,-0.4753144383430481,-0.21937187016010284,0.0962429866194725,-0.7141289114952087,-0.270422101020813,-0.136048823595047,-0.8206648230552673,-0.3173940181732178,0.3800744116306305,-0.9011641144752502,-0.15124735236167908,0.5651493072509766,-1.259743571281433,-0.24421443045139313,0.6515533924102783,-1.4890378713607788,-0.31254148483276367,0.7088476419448853,-1.6885058879852295,-0.37034907937049866,0.1313939243555069,-0.9779536128044128,-0.1623033881187439,0.17458444833755493,-1.3995269536972046,-0.2463662177324295,0.17301124334335327,-1.670923113822937,-0.3247942626476288,0.15471458435058594,-1.8993544578552246,-0.38158759474754333,-0.08477480709552765,-0.9245393872261047,-0.1901664286851883,-0.20434831082820892,-1.3089419603347778,-0.30242305994033813,-0.2874354124069214,-1.5512750148773193,-0.4114127457141876,-0.3584825098514557,-1.7660770416259766,-0.48518404364585876,-0.2751907408237457,-0.7719419598579407,-0.22871530055999756,-0.4964582622051239,-0.9970133900642395,-0.3638308644294739,-0.6482674479484558,-1.1357977390289307,-0.44724392890930176,-0.7758782505989075,-1.2842744588851929,-0.49802786111831665
0.0,0.0,0.0,0.24969416856765747,-0.17368578910827637,-0.16865918040275574,0.3630647361278534,-0.45549002289772034,-0.2519356608390808,0.11232980340719223,-0.6930404901504517,-0.31998616456985474,-0.11252618581056595,-0.8191343545913696,-0.38322797417640686,0.3905206620693207,-0.8919274806976318,-0.17729239165782928,0.5780458450317383,-1.250259280204773,-0.2865139842033386,0.6644180417060852,-1.4807276725769043,-0.36572155356407166,0.7221390604972839,-1.6828480958938599,-0.42943263053894043,0.13714586198329926,-0.9729243516921997,-0.1860356628894806,0.18179208040237427,-1.4000293016433716,-0.28356626629829407,0.17967860400676727,-1.6713787317276,-0.3669278621673584,0.16175946593284607,-1.8996928930282593,-0.4270951449871063,-0.08732213824987411,-0.9226645827293396,-0.21297883987426758,-0.21022601425647736,-1.3095394372940063,-0.33378973603248596,-0.29102346301078796,-1.5540966987609863,-0.442096471786499,-0.3558826446533203,-1.7693006992340088,-0.5150604248046875,-0.2858312129974365,-0.7710215449333191,-0.2523554563522339,-0.5037615299224854,-1.0064555406570435,-0.38744232058525085,-0.6505491137504578,-1.1521272659301758,-0.46888941526412964,-0.7717834115028381,-1.3025050163269043,-0.5190443396568298
0.0,0.0,0.0,0.2547331750392914,-0.16644056141376495,-0.15889176726341248,0.375996470451355,-0.4469519555568695,-0.23651206493377686,0.145626038312912,-0.7060122489929199,-0.29989534616470337,-0.07228266447782516,-0.8450939655303955,-0.35879889130592346,0.4221264123916626,-0.874506950378418,-0.17235912382602692,0.6198241710662842,-1.230920672416687,-0.2779385447502136,0.710056483745575,-1.4601314067840576,-0.3529968559741974,0.769418478012085,-1.6617883443832397,-0.41307324171066284,0.1697809249162674,-0.9682902097702026,-0.18327143788337708,0.22687852382659912,-1.3988698720932007,-0.2756423354148865,0.23740562796592712,-1.6727323532104492,-0.349283903837204,0.22956480085849762,-1.8961639404296875,-0.4015454947948456,-0.05691602826118469,-0.9279392957687378,-0.2115345001220703,-0.17293241620063782,-1.3322967290878296,-0.3271890878677368,-0.246633380651474,-1.5829386711120605,-0.42521369457244873,-0.303646981716156,-1.799014925956726,-0.490317702293396,-0.2603142261505127,-0.7844212651252747,-0.25167548656463623,-0.47340109944343567,-1.0378960371017456,-0.38289111852645874,-0.6132601499557495,-1.1921628713607788,-0.4582260847091675,-0.7244164347648621,-1.344980239868164,-0.5028956532478333
0.0,0.0,0.0,0.26758700609207153,-0.17854195833206177,-0.15129657089710236,0.3903377652168274,-0.4712718427181244,-0.22044417262077332,0.16131579875946045,-0.7333254218101501,-0.2770267724990845,-0.06543271988630295,-0.8596922159194946,-0.33003973960876465,0.4283660650253296,-0.8825631141662598,-0.15200069546699524,0.6311145424842834,-1.2336218357086182,-0.24685847759246826,0.7240499258041382,-1.4558227062225342,-0.316591739654541,0.7858192920684814,-1.6525102853775024,-0.3738337457180023,0.18190240859985352,-0.9699738621711731,-0.16143785417079926,0.23908336460590363,-1.387183666229248,-0.24426554143428802,0.25375640392303467,-1.6574349403381348,-0.3154847025871277,0.24926742911338806,-1.8790539503097534,-0.36803218722343445,-0.03954562172293663,-0.9302572011947632,-0.1882462054491043,-0.14461177587509155,-1.3229963779449463,-0.29453420639038086,-0.20861798524856567,-1.5700345039367676,-0.39244741201400757,-0.2585895359516144,-1.7827811241149902,-0.4587864577770233,-0.24115081131458282,-0.7935865521430969,-0.22666096687316895,-0.4431680142879486,-1.0500258207321167,-0.3496243357658386,-0.5751000642776489,-1.2082823514938354,-0.4245947301387787,-0.6799822449684143,-1.3623342514038086,-0.4706448018550873
0.0,0.0,0.0,0.2681165933609009,-0.16592921316623688,-0.1612316519021988,0.38364389538764954,-0.4685738980770111,-0.23303623497486115,0.13877399265766144,-0.7338283658027649,-0.2880461812019348,-0.08933404088020325,-0.8598100543022156,-0.3376481235027313,0.4294186532497406,-0.879165768623352,-0.17139972746372223,0.6434299945831299,-1.2373645305633545,-0.26529714465141296,0.7356516122817993,-1.4665124416351318,-0.33054810762405396,0.7943431735038757,-1.6667064428329468,-0.3858321011066437,0.17833299934864044,-0.96769118309021,-0.17824456095695496,0.24453632533550262,-1.401544451713562,-0.2644805610179901,0.25436726212501526,-1.6743921041488647,-0.3363164961338043,0.24478057026863098,-1.8998254537582397,-0.38795462250709534,-0.0436968132853508,-0.92713862657547,-0.20151786506175995,-0.14654582738876343,-1.3290467262268066,-0.31491684913635254,-0.21332292258739471,-1.5772709846496582,-0.41669923067092896,-0.27029168605804443,-1.7916462421417236,-0.48456382751464844,-0.24401164054870605,-0.7882031798362732,-0.23584644496440887,-0.4613523483276367,-1.0443559885025024,-0.3690418303012848,-0.6049320101737976,-1.200534462928772,-0.44777795672416687,-0.7221450805664062,-1.3558217287063599,-0.4950900375843048
0.0,0.0,0.0,0.25531214475631714,-0.17438465356826782,-0.16486820578575134,0.3733443021774292,-0.45318299531936646,-0.24660398066043854,0.1621612161397934,-0.7217219471931458,-0.31382569670677185,-0.050908640027046204,-0.8751767873764038,-0.3759796917438507,0.429203599691391,-0.8774707317352295,-0.17610564827919006,0.6319283246994019,-1.236172080039978,-0.2823076546192169,0.7237957119941711,-1.461166262626648,-0.35838237404823303,0.7851893305778503,-1.6618882417678833,-0.41863659024238586,0.18214380741119385,-0.9661533832550049,-0.18267790973186493,0.24258941411972046,-1.3895263671875,-0.2754751443862915,0.2551465630531311,-1.658705472946167,-0.3488427698612213,0.24900184571743011,-1.8800100088119507,-0.40152713656425476,-0.04375298321247101,-0.9288079142570496,-0.20753824710845947,-0.1525808423757553,-1.3222652673721313,-0.3211190700531006,-0.21741819381713867,-1.570254921913147,-0.41720297932624817,-0.26756829023361206,-1.7828238010406494,-0.4813673794269562,-0.24916550517082214,-0.7950170636177063,-0.24528740346431732,-0.4555429518222809,-1.0537641048431396,-0.372550368309021,-0.5916513800621033,-1.2112666368484497,-0.44589027762413025,-0.700005292892456,-1.3616842031478882,-0.4896322786808014
0.0,0.0,0.0,0.260957807302475,-0.1623416543006897,-0.16475996375083923,0.3872702419757843,-0.44841882586479187,-0.2421182245016098,0.17955134809017181,-0.7219447493553162,-0.30433881282806396,-0.03805340453982353,-0.8708040714263916,-0.36256080865859985,0.4326308071613312,-0.8717674016952515,-0.17295370995998383,0.6337445974349976,-1.2266956567764282,-0.2751823961734772,0.7290583252906799,-1.451737403869629,-0.35104498267173767,0.7946627736091614,-1.6525591611862183,-0.4127499759197235,0.18819254636764526,-0.9658181071281433,-0.17826628684997559,0.25241175293922424,-1.3837348222732544,-0.2655758261680603,0.26449474692344666,-1.652359127998352,-0.3437621593475342,0.25736597180366516,-1.8781474828720093,-0.4035317599773407,-0.03615880757570267,-0.9334575533866882,-0.20117133855819702,-0.13254305720329285,-1.3195130825042725,-0.3102431297302246,-0.1951373964548111,-1.5676041841506958,-0.41344186663627625,-0.24832196533679962,-1.7791749238967896,-0.48578548431396484,-0.24451230466365814,-0.8036472797393799,-0.23652508854866028,-0.4489501714706421,-1.0634639263153076,-0.36090144515037537,-0.5802174210548401,-1.2255427837371826,-0.43837442994117737,-0.6845526099205017,-1.380542278289795,-0.48788946866989136
0.0,0.0,0.0,0.27247166633605957,-0.1777222752571106,-0.15358738601207733,0.37847900390625,-0.48294734954833984,-0.22269116342067719,0.13686491549015045,-0.7484688758850098,-0.27803346514701843,-0.0924811065196991,-0.8690832853317261,-0.3296034336090088,0.4265297055244446,-0.8809174299240112,-0.16037558019161224,0.629779040813446,-1.2373101711273193,-0.2579590380191803,0.7266247272491455,-1.4653860330581665,-0.3294565677642822,0.792373538017273,-1.6641621589660645,-0.3881959021091461,0.17743128538131714,-0.9694260358810425,-0.16950304806232452,0.24187204241752625,-1.3962491750717163,-0.2545143663883209,0.2545461654663086,-1.669366478919983,-0.32744669914245605,0.2500753402709961,-1.8899123668670654,-0.38187161087989807,-0.04646899178624153,-0.932682454586029,-0.1960398554801941,-0.1467132717370987,-1.3361841440200806,-0.3062150776386261,-0.20989052951335907,-1.5884450674057007,-0.4085463583469391,-0.2597900927066803,-1.7987570762634277,-0.47817713022232056,-0.25113826990127563,-0.7974806427955627,-0.23375819623470306,-0.46764931082725525,-1.0628182888031006,-0.3602513074874878,-0.6105647683143616,-1.2281206846237183,-0.43853458762168884,-0.7231433391571045,-1.3870269060134888,-0.487912654876709
0.0,0.0,0.0,0.26225897669792175,-0.1784415990114212,-0.1619996428489685,0.35454151034355164,-0.4826737642288208,-0.23659297823905945,0.09716781228780746,-0.7459527850151062,-0.29475852847099304,-0.13255560398101807,-0.8694244623184204,-0.34906354546546936,0.40732380747795105,-0.8907354474067688,-0.17255887389183044,0.6028743982315063,-1.258123517036438,-0.27210986614227295,0.6940943598747253,-1.4928570985794067,-0.34542116522789,0.7532036304473877,-1.6984864473342896,-0.4059421718120575,0.15420593321323395,-0.9720447063446045,-0.17705823481082916,0.2170889973640442,-1.4004877805709839,-0.26541629433631897,0.22688907384872437,-1.6743131875991821,-0.3439924120903015,0.21819692850112915,-1.9004614353179932,-0.4029432535171509,-0.07329611480236053,-0.9323806166648865,-0.1986423134803772,-0.1822146624326706,-1.3299556970596313,-0.3110603988170624,-0.24604026973247528,-1.586066722869873,-0.4186643362045288,-0.3006887137889862,-1.7990987300872803,-0.492464154958725,-0.2778928577899933,-0.7976346611976624,-0.23133234679698944,-0.5009025931358337,-1.062520146369934,-0.3582535982131958,-0.6419433951377869,-1.227082371711731,-0.43861696124076843,-0.7548885345458984,-1.3861401081085205,-0.48998239636421204
0.0,0.0,0.0,0.2620658278465271,-0.1757289171218872,-0.172848179936409,0.3543146550655365,-0.48651668429374695,-0.2514248490333557,0.09264273941516876,-0.7514663338661194,-0.3108806312084198,-0.14255845546722412,-0.8751431703567505,-0.3665049970149994,0.40472713112831116,-0.8892542123794556,-0.1860925555229187,0.5967947840690613,-1.2574352025985718,-0.28909948468208313,0.6845459938049316,-1.4939918518066406,-0.36465591192245483,0.7413693070411682,-1.7011232376098633,-0.4267796277999878,0.15114523470401764,-0.9707500338554382,-0.1865459829568863,0.21545308828353882,-1.39873206615448,-0.2757245898246765,0.22231075167655945,-1.671923279762268,-0.35554003715515137,0.21193817257881165,-1.8994334936141968,-0.4159890115261078,-0.0774795189499855,-0.9307332038879395,-0.2047695517539978,-0.18504449725151062,-1.3209832906723022,-0.3168729841709137,-0.244218647480011,-1.5802974700927734,-0.4272325336933136,-0.2945626676082611,-1.797846794128418,-0.5042900443077087,-0.2817429304122925,-0.7961599826812744,-0.23505614697933197,-0.5030386447906494,-1.0568647384643555,-0.3602962791919708,-0.642139732837677,-1.2189103364944458,-0.4409581124782562,-0.7551393508911133,-1.3748737573623657,-0.49399906396865845
0.0,0.0,0.0,0.2611648440361023,-0.17466887831687927,-0.1679966002702713,0.3450988829135895,-0.47877252101898193,-0.2439604252576828,0.0895635262131691,-0.743010938167572,-0.3016704022884369,-0.1385260820388794,-0.8689581155776978,-0.35595443844795227,0.40630966424942017,-0.8874139785766602,-0.18288689851760864,0.6050705313682556,-1.2480084896087646,-0.2859148681163788,0.6927103996276855,-1.4838049411773682,-0.3618350327014923,0.7479978203773499,-1.6878670454025269,-0.4234035611152649,0.15386192500591278,-0.9707287549972534,-0.184423565864563,0.21849657595157623,-1.3971703052520752,-0.27113935351371765,0.23053517937660217,-1.669108510017395,-0.34795424342155457,0.2229720801115036,-1.89271080493927,-0.4061630666255951,-0.07715371996164322,-0.9314877986907959,-0.203423872590065,-0.18530814349651337,-1.3173598051071167,-0.3107203245162964,-0.24227719008922577,-1.5767691135406494,-0.41741251945495605,-0.29011070728302,-1.796188235282898,-0.4925934672355652,-0.28425613045692444,-0.7953085899353027,-0.23440571129322052,-0.5020999908447266,-1.0496896505355835,-0.3538666069507599,-0.6326432228088379,-1.2129846811294556,-0.43053749203681946,-0.7380387783050537,-1.3720182180404663,-0.4812335669994354
0.0,0.0,0.0,0.2717377841472626,-0.17743855714797974,-0.15862435102462769,0.3738608658313751,-0.4760145843029022,-0.2324773371219635,0.1311216652393341,-0.7403663992881775,-0.29113084077835083,-0.09485400468111038,-0.8531882166862488,-0.34726497530937195,0.4390580356121063,-0.8734622597694397,-0.17811864614486694,0.6435724496841431,-1.2295855283737183,-0.2828734517097473,0.7357104420661926,-1.4609487056732178,-0.35831934213638306,0.7941751480102539,-1.665138840675354,-0.41851022839546204,0.17984317243099213,-0.9663555026054382,-0.1838843673467636,0.24339927732944489,-1.3943557739257812,-0.2725217044353485,0.25827959179878235,-1.6665233373641968,-0.34543082118034363,0.25415095686912537,-1.8894445896148682,-0.39820465445518494,-0.05699191614985466,-0.932270348072052,-0.20593515038490295,-0.16356198489665985,-1.3285861015319824,-0.3129141330718994,-0.2238491177558899,-1.5853023529052734,-0.4122561514377594,-0.27079257369041443,-1.8014419078826904,-0.4794357419013977,-0.2666177749633789,-0.7989509105682373,-0.23958033323287964,-0.4768539071083069,-1.0597611665725708,-0.3549831807613373,-0.6074531078338623,-1.223057746887207,-0.4247139096260071,-0.7120596766471863,-1.37832772731781,-0.4683137834072113
0.0,0.0,0.0,0.2816729247570038,-0.1583939492702484,-0.15392647683620453,0.40718451142311096,-0.46407702565193176,-0.21958214044570923,0.17567384243011475,-0.7452600598335266,-0.27032819390296936,-0.054785583168268204,-0.860552191734314,-0.3184293210506439,0.4731428623199463,-0.858898937702179,-0.1582469940185547,0.6951291561126709,-1.1970151662826538,-0.25517719984054565,0.7990269064903259,-1.4203232526779175,-0.3274315297603607,0.8683612942695618,-1.6170741319656372,-0.3869456648826599,0.2241029292345047,-0.960599422454834,-0.16439786553382874,0.30846452713012695,-1.3781723976135254,-0.24582348763942719,0.3392866253852844,-1.6458665132522583,-0.31659871339797974,0.34674254059791565,-1.8642743825912476,-0.3691459000110626,-0.005967084318399429,-0.9339361786842346,-0.18754726648330688,-0.09311322867870331,-1.3282192945480347,-0.28997090458869934,-0.14041335880756378,-1.5846449136734009,-0.38744068145751953,-0.17846371233463287,-1.8024660348892212,-0.4543573558330536,-0.2145659625530243,-0.8081858158111572,-0.22220849990844727,-0.41138342022895813,-1.075398325920105,-0.33597052097320557,-0.5315370559692383,-1.2453058958053589,-0.4058898091316223,-0.6264592409133911,-1.4091017246246338,-0.4506972134113312
0.0,0.0,0.0,0.2746547758579254,-0.14700374007225037,-0.14718347787857056,0.39592278003692627,-0.45041966438293457,-0.21314509212970734,0.18862126767635345,-0.7461739182472229,-0.2662738859653473,-0.034297771751880646,-0.8851007223129272,-0.3166716992855072,0.48819130659103394,-0.8439940810203552,-0.15885291993618011,0.7271040678024292,-1.182852864265442,-0.25633054971694946,0.842710554599762,-1.405704379081726,-0.32811227440834045,0.9200438261032104,-1.6027532815933228,-0.3868347108364105,0.2471187561750412,-0.954231321811676,-0.16844843327999115,0.3453907072544098,-1.3740061521530151,-0.2505626082420349,0.38358503580093384,-1.6470792293548584,-0.32071545720100403,0.39210042357444763,-1.870767593383789,-0.3727231025695801,0.019412316381931305,-0.9346456527709961,-0.19378827512264252,-0.0603979155421257,-1.338348150253296,-0.2954016923904419,-0.10238180309534073,-1.5979619026184082,-0.3902945816516876,-0.14037597179412842,-1.8180327415466309,-0.455715537071228,-0.1910157948732376,-0.814823567867279,-0.23016788065433502,-0.38075950741767883,-1.0915954113006592,-0.34471964836120605,-0.4970339834690094,-1.2655664682388306,-0.4137376844882965,-0.5915846228599548,-1.428962230682373,-0.4571743309497833
0.0,0.0,0.0,0.28206947445869446,-0.13895021378993988,-0.14347116649150848,0.4272662401199341,-0.43894723057746887,-0.20719143748283386,0.23574896156787872,-0.7414246797561646,-0.2585510015487671,0.0203224066644907,-0.889575719833374,-0.30669230222702026,0.5136471390724182,-0.8263933658599854,-0.15533952414989471,0.7564234137535095,-1.1636639833450317,-0.25621217489242554,0.8751013278961182,-1.3860481977462769,-0.3301607370376587,0.9566595554351807,-1.582359790802002,-0.3898298740386963,0.2727177143096924,-0.9473943114280701,-0.16753824055194855,0.3698911666870117,-1.3743152618408203,-0.25350144505500793,0.414291113615036,-1.646080493927002,-0.32422593235969543,0.4297371804714203,-1.8642252683639526,-0.37486886978149414,0.04754102975130081,-0.9348015785217285,-0.19485805928707123,-0.027515755966305733,-1.3493061065673828,-0.29955095052719116,-0.07167983055114746,-1.6071844100952148,-0.39033612608909607,-0.11016171425580978,-1.826637625694275,-0.45190292596817017,-0.16133639216423035,-0.8177148103713989,-0.23313231766223907,-0.33522552251815796,-1.0924103260040283,-0.3512902557849884,-0.4472687244415283,-1.2661023139953613,-0.4177752435207367,-0.5387343764305115,-1.4300947189331055,-0.45795515179634094
0.0,0.0,0.0,0.2733769416809082,-0.13516882061958313,-0.13691014051437378,0.4386712610721588,-0.4199307858943939,-0.19990190863609314,0.2923528552055359,-0.7194128036499023,-0.25374990701675415,0.08294446021318436,-0.8827925324440002,-0.30524584650993347,0.5481297373771667,-0.8061735033988953,-0.14568768441677094,0.8063790798187256,-1.130901575088501,-0.24190044403076172,0.9342664480209351,-1.3448081016540527,-0.31355708837509155,1.0265339612960815,-1.5349164009094238,-0.371882826089859,0.3228622376918793,-0.9322624206542969,-0.1632380485534668,0.44324493408203125,-1.3445215225219727,-0.2443953901529312,0.49731817841529846,-1.6171891689300537,-0.3134530484676361,0.5193086862564087,-1.8384884595870972,-0.3647150993347168,0.10059910267591476,-0.9246639013290405,-0.19613200426101685,0.05242731794714928,-1.3350341320037842,-0.29687950015068054,0.024638522416353226,-1.5912506580352783,-0.38485273718833923,-0.00038774270797148347,-1.810209035873413,-0.4455243945121765,-0.11400055140256882,-0.8160308599472046,-0.24007737636566162,-0.2663736343383789,-1.098872184753418,-0.3574790060520172,-0.3630113899707794,-1.2803821563720703,-0.4229680299758911,-0.44157925248146057,-1.4492133855819702,-0.4628047049045563
0.0,0.0,0.0,0.2766413390636444,-0.13287581503391266,-0.1436712145805359,0.4345092475414276,-0.4077029526233673,-0.2090950459241867,0.3007950782775879,-0.7070885300636292,-0.264946848154068,0.10385635495185852,-0.8785545825958252,-0.3178456425666809,0.5436732769012451,-0.8052704930305481,-0.14026975631713867,0.7889336943626404,-1.1182423830032349,-0.23379184305667877,0.9128735065460205,-1.3216590881347656,-0.3058798611164093,1.0053895711898804,-1.5049813985824585,-0.36549317836761475,0.32368361949920654,-0.9335470199584961,-0.15400932729244232,0.4378967583179474,-1.3426436185836792,-0.23272565007209778,0.4929688274860382,-1.6055160760879517,-0.29930806159973145,0.5196321606636047,-1.8193672895431519,-0.3497064411640167,0.10490269213914871,-0.9302727580070496,-0.18550367653369904,0.06079823523759842,-1.332038402557373,-0.28519389033317566,0.037278514355421066,-1.589989185333252,-0.3745000660419464,0.018290871754288673,-1.809805989265442,-0.4364626109600067,-0.10638295859098434,-0.828416645526886,-0.22941656410694122,-0.25080806016921997,-1.1163434982299805,-0.34325751662254333,-0.3416222333908081,-1.300744652748108,-0.41103893518447876,-0.4115065634250641,-1.4708672761917114,-0.4543973505496979
0.0,0.0,0.0,0.2810031473636627,-0.11321701109409332,-0.14921729266643524,0.4538186192512512,-0.37731167674064636,-0.21812647581100464,0.33901986479759216,-0.6837310791015625,-0.2770286500453949,0.15054313838481903,-0.8626644611358643,-0.3325796127319336,0.5806296467781067,-0.7831676006317139,-0.1456071138381958,0.8358557820320129,-1.0900638103485107,-0.24185100197792053,0.9640045166015625,-1.2896963357925415,-0.31564512848854065,1.0606707334518433,-1.4706120491027832,-0.3758331835269928,0.364882230758667,-0.9178520441055298,-0.15623261034488678,0.4890340566635132,-1.3194621801376343,-0.2368234395980835,0.5484549403190613,-1.5808418989181519,-0.30400896072387695,0.5779790282249451,-1.7939400672912598,-0.354094922542572,0.1465122401714325,-0.9206424951553345,-0.18473444879055023,0.10950186103582382,-1.3223994970321655,-0.28538134694099426,0.08098699152469635,-1.5718966722488403,-0.37051740288734436,0.05986491218209267,-1.7851488590240479,-0.4285004138946533,-0.06862179189920425,-0.8238228559494019,-0.22634680569171906,-0.20364928245544434,-1.1129485368728638,-0.34126681089401245,-0.2898077368736267,-1.2946221828460693,-0.4065147042274475,-0.3541291356086731,-1.4620484113693237,-0.4464612901210785
0.0,0.0,0.0,0.2812630236148834,-0.10952718555927277,-0.15479135513305664,0.462287962436676,-0.36549443006515503,-0.22816874086856842,0.3675489127635956,-0.6691656708717346,-0.2902736961841583,0.1841631531715393,-0.8592587113380432,-0.3492084741592407,0.5774261355400085,-0.7762235999107361,-0.16152334213256836,0.8463200926780701,-1.079930067062378,-0.26329368352890015,0.9798887968063354,-1.2779368162155151,-0.3389560282230377,1.0793185234069824,-1.4586288928985596,-0.40002161264419556,0.3688816726207733,-0.9135076403617859,-0.1715521514415741,0.5053845643997192,-1.320672631263733,-0.2575800120830536,0.5696831345558167,-1.5812325477600098,-0.32832667231559753,0.6020967364311218,-1.7950836420059204,-0.3816515803337097,0.15243491530418396,-0.9199936389923096,-0.1990841031074524,0.12220193445682526,-1.3245261907577515,-0.3040621876716614,0.10076963156461716,-1.575423002243042,-0.39375799894332886,0.08354025334119797,-1.7877691984176636,-0.4558342397212982,-0.059430189430713654,-0.8276958465576172,-0.2399076670408249,-0.19506576657295227,-1.1161757707595825,-0.3589410185813904,-0.2782321274280548,-1.3036476373672485,-0.42894574999809265,-0.3408869206905365,-1.4748477935791016,-0.4731445014476776
0.0,0.0,0.0,0.2822842597961426,-0.10618104785680771,-0.1536753922700882,0.4534708559513092,-0.3772740066051483,-0.22235539555549622,0.3466888964176178,-0.6980335116386414,-0.2790796160697937,0.1705317199230194,-0.8984522819519043,-0.3311561942100525,0.5967538356781006,-0.768884003162384,-0.1494760662317276,0.8692750930786133,-1.072973370552063,-0.24461473524570465,1.0039280652999878,-1.2714112997055054,-0.31683650612831116,1.1043365001678467,-1.4502040147781372,-0.37671682238578796,0.3885212242603302,-0.9079630374908447,-0.15701760351657867,0.5261127948760986,-1.3128223419189453,-0.23825421929359436,0.5935065150260925,-1.574530839920044,-0.30800530314445496,0.6298572421073914,-1.7900029420852661,-0.3606019914150238,0.17236937582492828,-0.9156181216239929,-0.18249501287937164,0.1443076729774475,-1.3219687938690186,-0.28625041246414185,0.12485954165458679,-1.5723901987075806,-0.3766001760959625,0.10993491858243942,-1.7854734659194946,-0.43859216570854187,-0.04183006286621094,-0.8255581855773926,-0.22084906697273254,-0.17501595616340637,-1.1185669898986816,-0.3437854051589966,-0.2586759328842163,-1.3069630861282349,-0.4170646667480469,-0.32144153118133545,-1.4813957214355469,-0.4621947705745697
0.0,0.0,0.0,0.2819105088710785,-0.1219717338681221,-0.1406579166650772,0.44999173283576965,-0.4042319357395172,-0.20353899896144867,0.3072514832019806,-0.7092401385307312,-0.2557043135166168,0.10877437144517899,-0.8763922452926636,-0.3043646514415741,0.561469316482544,-0.7972657680511475,-0.1525716632604599,0.829792320728302,-1.1127485036849976,-0.24580654501914978,0.9576935768127441,-1.3190385103225708,-0.31242406368255615,1.0458691120147705,-1.5029983520507812,-0.36648955941200256,0.3379116952419281,-0.9264419078826904,-0.16589483618736267,0.4688666760921478,-1.3387640714645386,-0.2470739185810089,0.5311241745948792,-1.6012294292449951,-0.310714453458786,0.5599626302719116,-1.811463475227356,-0.3559514582157135,0.11924739927053452,-0.9250100255012512,-0.19502972066402435,0.08280264586210251,-1.3439620733261108,-0.2974587082862854,0.05961443483829498,-1.600833773612976,-0.3848355710506439,0.04053531587123871,-1.8132693767547607,-0.4423886239528656,-0.09124697744846344,-0.8245241045951843,-0.23528020083904266,-0.24050383269786835,-1.1286379098892212,-0.353843629360199,-0.3384992182254791,-1.3208725452423096,-0.4212925434112549,-0.41460269689559937,-1.4939507246017456,-0.46092596650123596
0.0,0.0,0.0,0.2790326774120331,-0.13992425799369812,-0.14167167246341705,0.4243874251842499,-0.4315232038497925,-0.2018994390964508,0.27343764901161194,-0.7210487127304077,-0.25168630480766296,0.06485572457313538,-0.8735202550888062,-0.29839271306991577,0.5037075281143188,-0.8358058333396912,-0.14271466434001923,0.7426535487174988,-1.165052890777588,-0.2305116355419159,0.8571569919586182,-1.3763597011566162,-0.2969575822353363,0.9358896613121033,-1.5637495517730713,-0.3524876534938812,0.2769559621810913,-0.9486103653907776,-0.1530809849500656,0.37536779046058655,-1.3617820739746094,-0.22717948257923126,0.41640937328338623,-1.6250070333480835,-0.2924688756465912,0.42855456471443176,-1.840267539024353,-0.3421854078769684,0.0570157989859581,-0.9339447021484375,-0.1799187958240509,-0.006605000235140324,-1.3306983709335327,-0.2760581970214844,-0.04993292689323425,-1.5786519050598145,-0.36621490120887756,-0.0888223648071289,-1.7896151542663574,-0.42883580923080444,-0.15320463478565216,-0.8249130249023438,-0.21828341484069824,-0.32215768098831177,-1.1059623956680298,-0.33345702290534973,-0.43163764476776123,-1.2828136682510376,-0.4032863974571228,-0.519340991973877,-1.4474400281906128,-0.4470313489437103
0.0,0.0,0.0,0.27949216961860657,-0.13877108693122864,-0.137971431016922,0.424828439950943,-0.42952632904052734,-0.19658216834068298,0.2721710503101349,-0.7175512313842773,-0.24562007188796997,0.062468431890010834,-0.8606681823730469,-0.29226166009902954,0.4969974458217621,-0.8405970335006714,-0.14091065526008606,0.7269300222396851,-1.174246907234192,-0.22774064540863037,0.8414767980575562,-1.3842607736587524,-0.29386746883392334,0.9223635792732239,-1.571207046508789,-0.3496517241001129,0.2684696316719055,-0.9509944915771484,-0.15340623259544373,0.3579319417476654,-1.3602489233016968,-0.22621087729930878,0.39684197306632996,-1.6220873594284058,-0.2912585437297821,0.40790194272994995,-1.8374416828155518,-0.3414209485054016,0.049267273396253586,-0.9333493113517761,-0.18188856542110443,-0.023669226095080376,-1.3308171033859253,-0.2769072353839874,-0.06981738656759262,-1.575553297996521,-0.36641329526901245,-0.10960231721401215,-1.7849429845809937,-0.42923638224601746,-0.15639379620552063,-0.8187039494514465,-0.2218620628118515,-0.33317071199417114,-1.095221996307373,-0.33709168434143066,-0.44460275769233704,-1.2694963216781616,-0.40750977396965027,-0.5334429144859314,-1.4332655668258667,-0.45189425349235535
0.0,0.0,0.0,0.2759079933166504,-0.14900751411914825,-0.137986421585083,0.4177504777908325,-0.44088709354400635,-0.19563482701778412,0.24361151456832886,-0.7179358601570129,-0.24321776628494263,0.03666403144598007,-0.8550027012825012,-0.28813832998275757,0.4803062677383423,-0.8503782749176025,-0.1418929100036621,0.7032007575035095,-1.191591501235962,-0.22949433326721191,0.8126468658447266,-1.4085372686386108,-0.2953973114490509,0.8863770365715027,-1.601204752922058,-0.3502759337425232,0.24741433560848236,-0.9566042423248291,-0.15393009781837463,0.32999664545059204,-1.3688023090362549,-0.22699077427387238,0.359654039144516,-1.6331253051757812,-0.2924313247203827,0.36385026574134827,-1.851531982421875,-0.3423845171928406,0.028270775452256203,-0.9366166591644287,-0.18183699250221252,-0.048663243651390076,-1.3266552686691284,-0.2736852169036865,-0.09828979521989822,-1.5717014074325562,-0.3630552291870117,-0.14114795625209808,-1.7813498973846436,-0.4264345169067383,-0.1785968691110611,-0.8203654885292053,-0.2214050143957138,-0.3602186143398285,-1.0896316766738892,-0.33189383149147034,-0.4757581651210785,-1.2601349353790283,-0.399807870388031,-0.5682598352432251,-1.4205915927886963,-0.4427659809589386
0.0,0.0,0.0,0.2730741500854492,-0.15000447630882263,-0.14373816549777985,0.4092104136943817,-0.44050151109695435,-0.20589755475521088,0.22257013618946075,-0.7133129239082336,-0.25674307346343994,0.012494386173784733,-0.847356379032135,-0.30464836955070496,0.4612107276916504,-0.8616116046905518,-0.1499079167842865,0.6763718724250793,-1.2106451988220215,-0.24246159195899963,0.7798196077346802,-1.4332293272018433,-0.31055697798728943,0.8475810289382935,-1.6267328262329102,-0.3655640780925751,0.22222056984901428,-0.9617846608161926,-0.15996325016021729,0.3026883006095886,-1.381757140159607,-0.2368464469909668,0.3263886272907257,-1.646552562713623,-0.30394935607910156,0.32641762495040894,-1.8623325824737549,-0.35377228260040283,0.0010579628869891167,-0.9358968734741211,-0.18605396151542664,-0.08115088194608688,-1.3218016624450684,-0.27982082962989807,-0.13627848029136658,-1.5670897960662842,-0.36950796842575073,-0.18373093008995056,-1.7738202810287476,-0.4323102831840515,-0.20784205198287964,-0.8130016922950745,-0.22395853698253632,-0.3932662010192871,-1.080501914024353,-0.33287563920021057,-0.5124459266662598,-1.2473660707473755,-0.3978768289089203,-0.6081766486167908,-1.4019553661346436,-0.43840843439102173
0.0,0.0,0.0,0.26365455985069275,-0.17037555575370789,-0.13454100489616394,0.36855971813201904,-0.4779037535190582,-0.19132021069526672,0.155637726187706,-0.7384811639785767,-0.23838494718074799,-0.060147933661937714,-0.85838782787323,-0.2821917235851288,0.42978060245513916,-0.8853010535240173,-0.13453811407089233,0.6330385804176331,-1.2379895448684692,-0.22360485792160034,0.7309018969535828,-1.4630982875823975,-0.2913150489330292,0.7948402166366577,-1.6568602323532104,-0.34641188383102417,0.18955372273921967,-0.9706297516822815,-0.14814630150794983,0.25223857164382935,-1.3869322538375854,-0.22132407128810883,0.2683202624320984,-1.6512645483016968,-0.2877521514892578,0.2624685764312744,-1.8658949136734009,-0.33797648549079895,-0.028047854080796242,-0.9322091937065125,-0.17804250121116638,-0.12323058396577835,-1.3147776126861572,-0.27073025703430176,-0.18007522821426392,-1.5574911832809448,-0.3604833781719208,-0.23022562265396118,-1.7614798545837402,-0.4232926368713379,-0.22960472106933594,-0.8002743721008301,-0.21887512505054474,-0.4276726245880127,-1.064399003982544,-0.32707491517066956,-0.552074134349823,-1.224944829940796,-0.3913823366165161,-0.6515989303588867,-1.3750406503677368,-0.4318087697029114
0.0,0.0,0.0,0.2571115493774414,-0.16904820501804352,-0.1401519924402237,0.35566627979278564,-0.47107091546058655,-0.20020201802253723,0.13441239297389984,-0.7251067757606506,-0.24973124265670776,-0.07884199917316437,-0.846214234828949,-0.2959970235824585,0.41244542598724365,-0.8900542259216309,-0.13952283561229706,0.6107240915298462,-1.2423592805862427,-0.23295992612838745,0.7081335783004761,-1.4683032035827637,-0.30371835827827454,0.7719081044197083,-1.6617920398712158,-0.360299289226532,0.17108623683452606,-0.9734786748886108,-0.15188372135162354,0.23079942166805267,-1.390019416809082,-0.2280050665140152,0.24481697380542755,-1.6545411348342896,-0.2960871458053589,0.23770874738693237,-1.8685996532440186,-0.34680619835853577,-0.04749712720513344,-0.9306567311286926,-0.18114593625068665,-0.1407930850982666,-1.3113152980804443,-0.2757810056209564,-0.198062926530838,-1.5523163080215454,-0.3652493953704834,-0.24853204190731049,-1.7566430568695068,-0.4276488423347473,-0.24926449358463287,-0.7914870381355286,-0.2219628095626831,-0.44327130913734436,-1.0438318252563477,-0.3322330713272095,-0.5662826895713806,-1.201123595237732,-0.3964744806289673,-0.6647263765335083,-1.3518447875976562,-0.4363573491573334
0.0,0.0,0.0,0.2553422152996063,-0.16497007012367249,-0.14679504930973053,0.3507540822029114,-0.4687862992286682,-0.2066051959991455,0.13351090252399445,-0.7325167655944824,-0.25433826446533203,-0.07826043665409088,-0.8632245063781738,-0.2985740602016449,0.40637853741645813,-0.8927921056747437,-0.1366700977087021,0.5993459820747375,-1.2417961359024048,-0.22835813462734222,0.6936351656913757,-1.4665693044662476,-0.30009424686431885,0.757032036781311,-1.6618705987930298,-0.3590031564235687,0.16635830700397491,-0.9755515456199646,-0.14361123740673065,0.22479240596294403,-1.3836733102798462,-0.2186061441898346,0.24246694147586823,-1.6417198181152344,-0.289353609085083,0.24076788127422333,-1.8551301956176758,-0.34299543499946594,-0.05218328535556793,-0.9302353262901306,-0.1679326891899109,-0.14865712821483612,-1.301323413848877,-0.26383674144744873,-0.2069540023803711,-1.5367306470870972,-0.3563082218170166,-0.25746119022369385,-1.73870050907135,-0.421519935131073,-0.24916580319404602,-0.7870203852653503,-0.20432431995868683,-0.44116660952568054,-1.0312427282333374,-0.3194037079811096,-0.5634714365005493,-1.1802787780761719,-0.38775205612182617,-0.665283739566803,-1.326318383216858,-0.4304151237010956
0.0,0.0,0.0,0.24980510771274567,-0.17628641426563263,-0.15031640231609344,0.33874037861824036,-0.47967854142189026,-0.21599642932415009,0.1059495061635971,-0.7346271872520447,-0.2680872082710266,-0.11112318933010101,-0.8605492115020752,-0.3155868649482727,0.402748703956604,-0.8965721726417542,-0.1507929563522339,0.5989068746566772,-1.2560770511627197,-0.24550065398216248,0.69017094373703,-1.482803225517273,-0.31585681438446045,0.7508707046508789,-1.679634928703308,-0.37239208817481995,0.15911194682121277,-0.9746415019035339,-0.15734456479549408,0.2183833122253418,-1.3893734216690063,-0.23679082095623016,0.22699184715747833,-1.6507314443588257,-0.3058862090110779,0.21852673590183258,-1.8639698028564453,-0.35637617111206055,-0.06057244539260864,-0.9290187954902649,-0.18095462024211884,-0.16012445092201233,-1.3087283372879028,-0.2806325852870941,-0.22125329077243805,-1.544540286064148,-0.370309978723526,-0.2722454071044922,-1.7454806566238403,-0.43126943707466125,-0.2576977014541626,-0.7873203754425049,-0.21644936501979828,-0.452629417181015,-1.0353103876113892,-0.33202919363975525,-0.577174186706543,-1.1888178586959839,-0.3979222774505615,-0.677254855632782,-1.3368483781814575,-0.43743687868118286
0.0,0.0,0.0,0.25359320640563965,-0.1721932291984558,-0.15184293687343597,0.3480723798274994,-0.47671177983283997,-0.21831625699996948,0.10696368664503098,-0.7325683832168579,-0.2710682153701782,-0.12240010499954224,-0.8499321341514587,-0.32048213481903076,0.3991556465625763,-0.8964884877204895,-0.15462493896484375,0.5932900309562683,-1.259240746498108,-0.25073307752609253,0.6854042410850525,-1.489092230796814,-0.322512149810791,0.7461672425270081,-1.6894540786743164,-0.38078415393829346,0.15299172699451447,-0.9747635722160339,-0.16257132589817047,0.21046803891658783,-1.3957747220993042,-0.2434397041797638,0.21716713905334473,-1.6620920896530151,-0.31622591614723206,0.2057153731584549,-1.8811075687408447,-0.36992108821868896,-0.06697724014520645,-0.9276040196418762,-0.18714307248592377,-0.16963426768779755,-1.3093174695968628,-0.2888267934322357,-0.23348468542099,-1.5511587858200073,-0.38316985964775085,-0.2892630100250244,-1.7574856281280518,-0.44793543219566345,-0.26424843072891235,-0.7852100729942322,-0.22334524989128113,-0.4644746780395508,-1.0339183807373047,-0.34113746881484985,-0.5913260579109192,-1.1886882781982422,-0.4090837836265564,-0.6940644979476929,-1.3390077352523804,-0.4504920542240143
0.0,0.0,0.0,0.25984424352645874,-0.17955735325813293,-0.14481931924819946,0.3501588702201843,-0.4548962116241455,-0.221723735332489,0.15983474254608154,-0.704742968082428,-0.2893099784851074,-0.03776126354932785,-0.842138409614563,-0.35280460119247437,0.4388292133808136,-0.880039632320404,-0.1656826138496399,0.6424725651741028,-1.2407984733581543,-0.27607738971710205,0.7365095615386963,-1.4675943851470947,-0.3559505343437195,0.796283483505249,-1.6693357229232788,-0.41682806611061096,0.18922221660614014,-0.9654674530029297,-0.17907403409481049,0.2417270839214325,-1.3894134759902954,-0.27360472083091736,0.2552015781402588,-1.6554887294769287,-0.344897985458374,0.248599573969841,-1.8796169757843018,-0.3934153914451599,-0.042685989290475845,-0.9265602231025696,-0.2084815502166748,-0.1553448736667633,-1.3116804361343384,-0.31651198863983154,-0.21547149121761322,-1.5530927181243896,-0.3979417383670807,-0.26277852058410645,-1.7664738893508911,-0.45017412304878235,-0.24644316732883453,-0.793032705783844,-0.2499404102563858,-0.435419499874115,-1.0446722507476807,-0.36234021186828613,-0.5569714903831482,-1.1943817138671875,-0.41679707169532776,-0.6563324332237244,-1.3370283842086792,-0.4464803636074066
0.0,0.0,0.0,0.2693789005279541,-0.16545704007148743,-0.1446693390607834,0.38388341665267944,-0.4634975790977478,-0.20926980674266815,0.1758093684911728,-0.7251765131950378,-0.2624343931674957,-0.03355130925774574,-0.8559335470199585,-0.3118229806423187,0.4466620981693268,-0.8768190145492554,-0.1498045027256012,0.6629899740219116,-1.2271502017974854,-0.24886837601661682,0.7628144025802612,-1.4537876844406128,-0.3215576708316803,0.8298380970954895,-1.649880051612854,-0.3794161379337311,0.20515500009059906,-0.9654296040534973,-0.1608017385005951,0.27021872997283936,-1.382385492324829,-0.24537688493728638,0.28468090295791626,-1.6492005586624146,-0.3163548409938812,0.280020147562027,-1.8687881231307983,-0.367400586605072,-0.014754868112504482,-0.9264181852340698,-0.188277468085289,-0.10869605839252472,-1.3069303035736084,-0.28837504982948303,-0.16983474791049957,-1.5467430353164673,-0.37586313486099243,-0.2181536853313446,-1.757151484489441,-0.4357786476612091,-0.21369150280952454,-0.7887336611747742,-0.22766897082328796,-0.3977215886116028,-1.0376583337783813,-0.34069693088531494,-0.5142934322357178,-1.1917229890823364,-0.403116911649704,-0.6062220931053162,-1.3425003290176392,-0.4405631124973297
0.0,0.0,0.0,0.2752664089202881,-0.15094032883644104,-0.14599831402301788,0.3965334892272949,-0.4485391080379486,-0.20953886210918427,0.18263685703277588,-0.715888500213623,-0.2605039179325104,-0.033957403153181076,-0.8448700308799744,-0.308196097612381,0.46501612663269043,-0.8670957684516907,-0.15511560440063477,0.6941177845001221,-1.217628836631775,-0.2523795962333679,0.8008644580841064,-1.4457472562789917,-0.32201114296913147,0.8733671307563782,-1.641312837600708,-0.3781408965587616,0.22285130620002747,-0.9605889320373535,-0.16615140438079834,0.29805198311805725,-1.388301134109497,-0.24934495985507965,0.3189592957496643,-1.6594985723495483,-0.3190552890300751,0.31785228848457336,-1.8799761533737183,-0.3690449297428131,0.0017232896061614156,-0.9238235354423523,-0.19315490126609802,-0.08513637632131577,-1.3154784440994263,-0.29645484685897827,-0.14186696708202362,-1.5603729486465454,-0.38622936606407166,-0.18922929465770721,-1.7738600969314575,-0.4470328092575073,-0.1996985226869583,-0.7886765003204346,-0.23148824274539948,-0.38411810994148254,-1.0437572002410889,-0.35267892479896545,-0.5048396587371826,-1.199037790298462,-0.41915786266326904,-0.6029267311096191,-1.35149347782135,-0.45831039547920227
0.0,0.0,0.0,0.27429836988449097,-0.14733293652534485,-0.16110189259052277,0.39733511209487915,-0.43652546405792236,-0.23617978394031525,0.191353440284729,-0.7073904275894165,-0.2950790226459503,-0.017224064096808434,-0.8468296527862549,-0.34949010610580444,0.46013981103897095,-0.8574979305267334,-0.18683817982673645,0.685806155204773,-1.213989496231079,-0.29426005482673645,0.7929631471633911,-1.4433913230895996,-0.3676663935184479,0.8620069026947021,-1.6414071321487427,-0.42498913407325745,0.21760770678520203,-0.9566813111305237,-0.19341067969799042,0.2981061041355133,-1.3919116258621216,-0.287800669670105,0.3211091160774231,-1.666372299194336,-0.3594737648963928,0.3212489187717438,-1.8879536390304565,-0.40757712721824646,-0.0020724376663565636,-0.9254060983657837,-0.2158888429403305,-0.08936245739459991,-1.3276516199111938,-0.3272785544395447,-0.14633166790008545,-1.5767539739608765,-0.41928526759147644,-0.19165481626987457,-1.7907744646072388,-0.4795187711715698,-0.2002856433391571,-0.7924239635467529,-0.2505994141101837,-0.3911023437976837,-1.048179268836975,-0.3770879805088043,-0.5174090266227722,-1.2068291902542114,-0.44612646102905273,-0.6181039810180664,-1.3591688871383667,-0.4854108691215515
0.0,0.0,0.0,0.26197853684425354,-0.15604551136493683,-0.15549533069133759,0.37418603897094727,-0.44783663749694824,-0.2297094166278839,0.16567471623420715,-0.7015784978866577,-0.29012101888656616,-0.051559317857027054,-0.8313766121864319,-0.3476352095603943,0.42300453782081604,-0.8765726089477539,-0.18011750280857086,0.6360569596290588,-1.2356373071670532,-0.28804102540016174,0.7378940582275391,-1.4669537544250488,-0.36459657549858093,0.8062938451766968,-1.666524052619934,-0.4252283573150635,0.18216247856616974,-0.9645406603813171,-0.19099248945713043,0.24345411360263824,-1.3965274095535278,-0.28398796916007996,0.2510937750339508,-1.669277548789978,-0.3606222867965698,0.24011746048927307,-1.8932710886001587,-0.4154205024242401,-0.03505478426814079,-0.9224258065223694,-0.21742577850818634,-0.1309022605419159,-1.3163812160491943,-0.3283393383026123,-0.19786697626113892,-1.5624313354492188,-0.4245586097240448,-0.25397875905036926,-1.7767032384872437,-0.49026885628700256,-0.2314232587814331,-0.7794507741928101,-0.2554972171783447,-0.4312727451324463,-1.0264626741409302,-0.3823396861553192,-0.5624740719795227,-1.179093837738037,-0.4532109498977661,-0.6677358746528625,-1.3297762870788574,-0.49575817584991455
0.0,0.0,0.0,0.2578984498977661,-0.19207905232906342,-0.13497070968151093,0.3427000045776367,-0.4820329248905182,-0.20513440668582916,0.14404162764549255,-0.7291364669799805,-0.2673885226249695,-0.06951844692230225,-0.8446767330169678,-0.327541321516037,0.41540446877479553,-0.8876419067382812,-0.1595422923564911,0.6234501004219055,-1.2476556301116943,-0.26678913831710815,0.7180384397506714,-1.4763290882110596,-0.3453615605831146,0.7808014154434204,-1.6780552864074707,-0.40563806891441345,0.17085355520248413,-0.9692608118057251,-0.17703832685947418,0.21374526619911194,-1.3968548774719238,-0.264837384223938,0.21850520372390747,-1.6660399436950684,-0.3330324590206146,0.20495842397212982,-1.883504867553711,-0.38036981225013733,-0.052086759358644485,-0.9221726059913635,-0.20904085040092468,-0.1726139932870865,-1.3087329864501953,-0.30719268321990967,-0.23937875032424927,-1.5543062686920166,-0.3856015205383301,-0.2914390563964844,-1.7663373947143555,-0.4378775358200073,-0.24656152725219727,-0.7776341438293457,-0.252582311630249,-0.4506288468837738,-1.0204232931137085,-0.35632216930389404,-0.5778408646583557,-1.1760913133621216,-0.40774810314178467,-0.6825319528579712,-1.3217228651046753,-0.43701836466789246
0.0,0.0,0.0,0.2765488624572754,-0.16505716741085052,-0.1378534883260727,0.3883288502693176,-0.4573734402656555,-0.2042955458164215,0.19514404237270355,-0.7225787043571472,-0.26167309284210205,-0.01750955916941166,-0.8458460569381714,-0.3176819086074829,0.4528907239437103,-0.8745633363723755,-0.15405716001987457,0.6769887208938599,-1.2206802368164062,-0.25986719131469727,0.7867268919944763,-1.4467146396636963,-0.3384644687175751,0.8627473711967468,-1.6455494165420532,-0.3996577262878418,0.2116367667913437,-0.9627246260643005,-0.16843758523464203,0.27559903264045715,-1.3815068006515503,-0.25613677501678467,0.29367807507514954,-1.6496179103851318,-0.32681703567504883,0.2914251387119293,-1.8690072298049927,-0.37675872445106506,-0.008378330618143082,-0.9205986261367798,-0.19793477654457092,-0.10561501234769821,-1.3121639490127563,-0.2984919846057892,-0.17233914136886597,-1.5547360181808472,-0.381213903427124,-0.2245815545320511,-1.7651480436325073,-0.4370025098323822,-0.2005060315132141,-0.7774359583854675,-0.238978311419487,-0.3869052827358246,-1.0270369052886963,-0.3496980667114258,-0.5036889314651489,-1.1823277473449707,-0.407213032245636,-0.5983142852783203,-1.329960584640503,-0.4404999911785126
0.0,0.0,0.0,0.2860972285270691,-0.154515340924263,-0.14298038184642792,0.4129183888435364,-0.4337696433067322,-0.21401776373386383,0.23353174328804016,-0.6907520294189453,-0.2751558721065521,0.037455685436725616,-0.8239163160324097,-0.33466628193855286,0.45648229122161865,-0.8740394115447998,-0.16954289376735687,0.684437096118927,-1.227156639099121,-0.28425294160842896,0.7947342991828918,-1.45799720287323,-0.3653491735458374,0.8722708225250244,-1.656964659690857,-0.4272109270095825,0.21389752626419067,-0.9586032032966614,-0.18795695900917053,0.2743843197822571,-1.3918639421463013,-0.28751692175865173,0.28977417945861816,-1.669914960861206,-0.36487242579460144,0.2861323058605194,-1.8961859941482544,-0.4178961515426636,-0.005624520592391491,-0.9085558652877808,-0.221520334482193,-0.10413719713687897,-1.3044730424880981,-0.3378244936466217,-0.17385421693325043,-1.5540281534194946,-0.42919644713401794,-0.22788046300411224,-1.7711962461471558,-0.48929527401924133,-0.1982286423444748,-0.7556121349334717,-0.26607975363731384,-0.3884897530078888,-0.9962639212608337,-0.3964182734489441,-0.5118546485900879,-1.1464821100234985,-0.46318700909614563,-0.613118588924408,-1.29327392578125,-0.5005581974983215
0.0,0.0,0.0,0.2814817726612091,-0.16183532774448395,-0.1444036215543747,0.41175106167793274,-0.43994948267936707,-0.220014289021492,0.22409452497959137,-0.700053334236145,-0.28564679622650146,0.010702838189899921,-0.830287516117096,-0.349498987197876,0.47699543833732605,-0.865645170211792,-0.1745390146970749,0.7126007080078125,-1.219091773033142,-0.2870768904685974,0.825599730014801,-1.4444218873977661,-0.36598727107048035,0.9032042622566223,-1.6422266960144043,-0.42615774273872375,0.23252542316913605,-0.9536153674125671,-0.1911797672510147,0.3008374571800232,-1.3845294713974,-0.2894599735736847,0.3164256513118744,-1.6606720685958862,-0.36410635709762573,0.3113810122013092,-1.8893966674804688,-0.4144076704978943,0.011498929001390934,-0.9092225432395935,-0.22225846350193024,-0.08346244692802429,-1.3046269416809082,-0.33334046602249146,-0.15241378545761108,-1.5504310131072998,-0.4192184805870056,-0.2057325392961502,-1.766843557357788,-0.4752015769481659,-0.18163610994815826,-0.763880729675293,-0.2648436725139618,-0.3627220392227173,-1.0100306272506714,-0.38683998584747314,-0.4835159182548523,-1.1628395318984985,-0.4472953677177429,-0.5828733444213867,-1.309549331665039,-0.4801831543445587
0.0,0.0,0.0,0.29007089138031006,-0.15377722680568695,-0.14907927811145782,0.42512229084968567,-0.4392569065093994,-0.22245770692825317,0.22945721447467804,-0.6968817710876465,-0.2843668758869171,0.006575229112058878,-0.8175092339515686,-0.3449914753437042,0.47549495100975037,-0.8669893145561218,-0.17550800740718842,0.7106328010559082,-1.220870018005371,-0.28374314308166504,0.8239909410476685,-1.4456603527069092,-0.3602943420410156,0.9017515778541565,-1.643021821975708,-0.4195255935192108,0.2264746129512787,-0.9555199146270752,-0.18892017006874084,0.2963608503341675,-1.387003779411316,-0.2822583317756653,0.31484687328338623,-1.6623990535736084,-0.35624822974205017,0.3108333945274353,-1.8881113529205322,-0.4067375957965851,0.004649771377444267,-0.9100882411003113,-0.21686510741710663,-0.08722829818725586,-1.305176854133606,-0.3239867389202118,-0.151553213596344,-1.552384853363037,-0.41115081310272217,-0.2025170624256134,-1.7690415382385254,-0.46870502829551697,-0.1864357441663742,-0.7627912759780884,-0.25677168369293213,-0.36817848682403564,-1.0118699073791504,-0.378220796585083,-0.48823821544647217,-1.1689462661743164,-0.4397808611392975,-0.5874426960945129,-1.3200035095214844,-0.47361552715301514
0.0,0.0,0.0,0.2825759947299957,-0.1451759785413742,-0.1568504273891449,0.4145614802837372,-0.4209849536418915,-0.23535245656967163,0.261740118265152,-0.6871461272239685,-0.30098727345466614,0.06579478830099106,-0.8256654143333435,-0.36412957310676575,0.4829450845718384,-0.8634645342826843,-0.19137006998062134,0.7200431823730469,-1.220847249031067,-0.30576518177986145,0.8353181481361389,-1.4458264112472534,-0.3844725489616394,0.9168135523796082,-1.6435683965682983,-0.44389453530311584,0.23781758546829224,-0.9498013257980347,-0.20327375829219818,0.31694620847702026,-1.3804302215576172,-0.30721935629844666,0.3412190079689026,-1.65872323513031,-0.38296419382095337,0.3443695604801178,-1.8887977600097656,-0.4317432940006256,0.011614282615482807,-0.9036070108413696,-0.23031504452228546,-0.0804632157087326,-1.305148959159851,-0.35080498456954956,-0.14085718989372253,-1.561586856842041,-0.4414750933647156,-0.18296539783477783,-1.7832601070404053,-0.4974767863750458,-0.18277694284915924,-0.7570184469223022,-0.26931890845298767,-0.36015379428863525,-1.016162633895874,-0.402466356754303,-0.47835439443588257,-1.1807719469070435,-0.4681383967399597,-0.5725587010383606,-1.3367292881011963,-0.5019192695617676
0.0,0.0,0.0,0.27979499101638794,-0.16851946711540222,-0.14193210005760193,0.3970935046672821,-0.4638257920742035,-0.21116966009140015,0.2104749083518982,-0.7222175598144531,-0.26981860399246216,-0.0007791065727360547,-0.8410264253616333,-0.32663336396217346,0.4687545597553253,-0.8673996925354004,-0.1740015745162964,0.6973921060562134,-1.2261433601379395,-0.28305187821388245,0.8095459342002869,-1.454480767250061,-0.35837751626968384,0.8876739740371704,-1.6519016027450562,-0.4154714345932007,0.2251719832420349,-0.9555891156196594,-0.19012364745140076,0.2952781021595001,-1.393113136291504,-0.28742456436157227,0.3141062557697296,-1.673124074935913,-0.3595016896724701,0.3121679723262787,-1.9006173610687256,-0.40610793232917786,0.0036989357322454453,-0.912343442440033,-0.220376655459404,-0.09946605563163757,-1.3171651363372803,-0.33237147331237793,-0.16553501784801483,-1.5713679790496826,-0.42065176367759705,-0.21320651471614838,-1.789684534072876,-0.4762209951877594,-0.19075550138950348,-0.7690855860710144,-0.26162344217300415,-0.38172289729118347,-1.0260019302368164,-0.3844867944717407,-0.503863513469696,-1.1893551349639893,-0.4467514753341675,-0.5999440550804138,-1.3438843488693237,-0.4801022410392761
0.0,0.0,0.0,0.2858550548553467,-0.15149980783462524,-0.14123977720737457,0.4091886281967163,-0.4557333290576935,-0.20444516837596893,0.2281523048877716,-0.7244700789451599,-0.2564625144004822,0.02536831796169281,-0.8526056408882141,-0.3060712516307831,0.4713875353336334,-0.8671271800994873,-0.17104791104793549,0.7053021788597107,-1.2261087894439697,-0.276309072971344,0.8180631399154663,-1.4544557332992554,-0.3482421934604645,0.8938015103340149,-1.6489533185958862,-0.4037104547023773,0.2266446202993393,-0.9561718702316284,-0.18538521230220795,0.2959098815917969,-1.3938759565353394,-0.2813320755958557,0.31508275866508484,-1.676039457321167,-0.3535323143005371,0.3114737868309021,-1.9021306037902832,-0.40076732635498047,0.00563657796010375,-0.9158438444137573,-0.21390564739704132,-0.09230033308267593,-1.3234585523605347,-0.32698169350624084,-0.1551002711057663,-1.5744094848632812,-0.41921326518058777,-0.20375016331672668,-1.7895137071609497,-0.47822174429893494,-0.19002793729305267,-0.7756578922271729,-0.25293105840682983,-0.3759542405605316,-1.029335379600525,-0.3819635808467865,-0.4983949661254883,-1.1902819871902466,-0.4513182044029236,-0.5978402495384216,-1.3433181047439575,-0.4896661937236786
0.0,0.0,0.0,0.2745053768157959,-0.15167175233364105,-0.14430508017539978,0.39535224437713623,-0.4376453757286072,-0.21349717676639557,0.21944773197174072,-0.6982894539833069,-0.2711775302886963,0.025282539427280426,-0.8328698873519897,-0.32631418108940125,0.4624440371990204,-0.8636794090270996,-0.17839156091213226,0.6866347789764404,-1.2221113443374634,-0.2879610061645508,0.7935990691184998,-1.4508901834487915,-0.36374402046203613,0.86725914478302,-1.6498476266860962,-0.42156732082366943,0.2211989015340805,-0.9560117125511169,-0.19264647364616394,0.28622952103614807,-1.3922488689422607,-0.2885414659976959,0.30241912603378296,-1.668843150138855,-0.36022165417671204,0.3013630509376526,-1.893946647644043,-0.40772441029548645,0.002590519143268466,-0.9195550084114075,-0.2211916595697403,-0.09788291156291962,-1.3241117000579834,-0.33245667815208435,-0.16400334239006042,-1.5745327472686768,-0.42100778222084045,-0.21208609640598297,-1.7884515523910522,-0.4778168201446533,-0.19158096611499786,-0.7821402549743652,-0.2609432637691498,-0.3848353326320648,-1.0361117124557495,-0.3857492208480835,-0.5080748796463013,-1.1952754259109497,-0.45017021894454956,-0.6043826341629028,-1.3455082178115845,-0.48499733209609985
0.0,0.0,0.0,0.2748667597770691,-0.14243286848068237,-0.15286442637443542,0.39626243710517883,-0.43140652775764465,-0.22348736226558685,0.2206057459115982,-0.6935554146766663,-0.2802739441394806,0.01609325036406517,-0.8289881944656372,-0.33356377482414246,0.45543432235717773,-0.8685774803161621,-0.18405131995677948,0.6765631437301636,-1.2284263372421265,-0.2921198010444641,0.7783306241035461,-1.4576308727264404,-0.36707866191864014,0.8442859053611755,-1.65742826461792,-0.4250982403755188,0.20969964563846588,-0.9582980871200562,-0.19414108991622925,0.2746388912200928,-1.3955371379852295,-0.28957825899124146,0.2894962728023529,-1.6708017587661743,-0.36232060194015503,0.28592216968536377,-1.8967915773391724,-0.41055792570114136,-0.011849524453282356,-0.9190132021903992,-0.21893586218357086,-0.11055075377225876,-1.3275609016418457,-0.33242014050483704,-0.17472973465919495,-1.5757062435150146,-0.42402443289756775,-0.22175592184066772,-1.789835810661316,-0.4824526309967041,-0.2042936235666275,-0.7799353003501892,-0.25527235865592957,-0.39620500802993774,-1.0360255241394043,-0.38454946875572205,-0.5223743319511414,-1.1936103105545044,-0.45218217372894287,-0.6219488382339478,-1.3435206413269043,-0.4885548949241638
0.0,0.0,0.0,0.2729934751987457,-0.13709652423858643,-0.16496959328651428,0.41088828444480896,-0.4102344512939453,-0.24604666233062744,0.24362905323505402,-0.6721993684768677,-0.31138160824775696,0.03617135062813759,-0.8152956366539001,-0.3731720447540283,0.4618188738822937,-0.8658323884010315,-0.20264476537704468,0.6821597218513489,-1.2343229055404663,-0.3189951479434967,0.7851173877716064,-1.4662951231002808,-0.4001692235469818,0.8528234362602234,-1.6676223278045654,-0.4622374475002289,0.2097211480140686,-0.9546438455581665,-0.2113579660654068,0.27470067143440247,-1.3981200456619263,-0.31533825397491455,0.2875060439109802,-1.6807194948196411,-0.3969370126724243,0.27979254722595215,-1.9141929149627686,-0.45231905579566956,-0.015339376404881477,-0.9154412150382996,-0.23506155610084534,-0.11080777645111084,-1.3255174160003662,-0.3554961383342743,-0.17501991987228394,-1.5789347887039185,-0.4538750946521759,-0.22544027864933014,-1.7995233535766602,-0.5179453492164612,-0.2105068862438202,-0.7761085033416748,-0.27098116278648376,-0.40137583017349243,-1.0340607166290283,-0.40703439712524414,-0.5305715799331665,-1.1929948329925537,-0.4799090325832367,-0.6347358226776123,-1.3464866876602173,-0.5203397274017334
0.0,0.0,0.0,0.27230069041252136,-0.14502617716789246,-0.16301175951957703,0.4055805802345276,-0.4195767045021057,-0.2454538196325302,0.21640333533287048,-0.675681471824646,-0.3114829957485199,-0.0008121986757032573,-0.807902991771698,-0.3743116557598114,0.45623424649238586,-0.8618646860122681,-0.20860335230827332,0.6872085928916931,-1.227163314819336,-0.3258063495159149,0.791814386844635,-1.4630275964736938,-0.4059157371520996,0.8597303032875061,-1.6695622205734253,-0.4669055640697479,0.20621107518672943,-0.9537941813468933,-0.2185261994600296,0.2817148268222809,-1.3993654251098633,-0.32301533222198486,0.29819416999816895,-1.6861833333969116,-0.4027844965457916,0.2922295928001404,-1.9247832298278809,-0.4558509588241577,-0.017598383128643036,-0.9158839583396912,-0.24215173721313477,-0.1135173961520195,-1.3265657424926758,-0.3616257309913635,-0.17512919008731842,-1.5815333127975464,-0.4571852684020996,-0.22326026856899261,-1.804379940032959,-0.5186282992362976,-0.21296608448028564,-0.7767156958580017,-0.27753570675849915,-0.4098920226097107,-1.0304031372070312,-0.4096042215824127,-0.5399535298347473,-1.18645179271698,-0.47717148065567017,-0.645250678062439,-1.3374370336532593,-0.5137261748313904
0.0,0.0,0.0,0.26581627130508423,-0.13417601585388184,-0.16703762114048004,0.3877294361591339,-0.43447375297546387,-0.2396199107170105,0.18170447647571564,-0.7134044766426086,-0.2945871651172638,-0.0410274863243103,-0.8510807156562805,-0.34473806619644165,0.45914244651794434,-0.8687272071838379,-0.18447718024253845,0.6791959404945374,-1.229691743850708,-0.29145559668540955,0.7814733982086182,-1.4663794040679932,-0.36842167377471924,0.8459301590919495,-1.6719810962677002,-0.4301338195800781,0.21266160905361176,-0.9583555459976196,-0.1906033605337143,0.27909114956855774,-1.4022868871688843,-0.2885136008262634,0.29328450560569763,-1.6896404027938843,-0.3689940869808197,0.2846556305885315,-1.9289028644561768,-0.4243515431880951,-0.007193176541477442,-0.9183794260025024,-0.21300019323825836,-0.09524858742952347,-1.3217331171035767,-0.33155930042266846,-0.1529565006494522,-1.5765635967254639,-0.4317823350429535,-0.20485800504684448,-1.7988653182983398,-0.4969435930252075,-0.20638643205165863,-0.7806193232536316,-0.24788984656333923,-0.39497092366218567,-1.0438653230667114,-0.3861159384250641,-0.5241401791572571,-1.2069884538650513,-0.46252208948135376,-0.6323308944702148,-1.3688560724258423,-0.5057518482208252
0.0,0.0,0.0,0.2664814889431,-0.14137615263462067,-0.16521500051021576,0.4005829393863678,-0.4319568872451782,-0.24346253275871277,0.2061801701784134,-0.704389750957489,-0.30622589588165283,-0.02955479547381401,-0.8386481404304504,-0.3660314083099365,0.4696434736251831,-0.860393762588501,-0.19146159291267395,0.6966974139213562,-1.2230358123779297,-0.3045634925365448,0.8031778335571289,-1.4619883298873901,-0.3867877423763275,0.8747220635414124,-1.668948769569397,-0.45218145847320557,0.22474418580532074,-0.9533059000968933,-0.20173703134059906,0.299459308385849,-1.3974334001541138,-0.3028361201286316,0.3184765577316284,-1.6847649812698364,-0.38749372959136963,0.3152635991573334,-1.921958088874817,-0.4482596814632416,0.0024130353704094887,-0.9149355888366699,-0.22756190598011017,-0.08078103512525558,-1.3249108791351318,-0.3469430208206177,-0.13786113262176514,-1.5832589864730835,-0.4491766691207886,-0.18771439790725708,-1.807138442993164,-0.5182954668998718,-0.19924412667751312,-0.777689516544342,-0.26572364568710327,-0.384672075510025,-1.0415130853652954,-0.4015212655067444,-0.511685311794281,-1.207664132118225,-0.4776727855205536,-0.6187623143196106,-1.3687458038330078,-0.5234147310256958
0.0,0.0,0.0,0.25562065839767456,-0.1574094444513321,-0.16064369678497314,0.37855473160743713,-0.45770126581192017,-0.2371564656496048,0.15780963003635406,-0.7200992107391357,-0.2978113293647766,-0.08052888512611389,-0.8399754762649536,-0.3561398983001709,0.43940845131874084,-0.8807938098907471,-0.1892281323671341,0.6627976894378662,-1.2369681596755981,-0.30391713976860046,0.7701733708381653,-1.4748672246932983,-0.3852190673351288,0.8421695828437805,-1.6772923469543457,-0.44714978337287903,0.1881444752216339,-0.9611250758171082,-0.20208962261676788,0.261037141084671,-1.400485634803772,-0.30600208044052124,0.27967825531959534,-1.6907405853271484,-0.3890039026737213,0.27407076954841614,-1.930256962776184,-0.4436909854412079,-0.03550175949931145,-0.9097716808319092,-0.23011936247348785,-0.12698325514793396,-1.3268269300460815,-0.3537719249725342,-0.18600329756736755,-1.5905752182006836,-0.4555160105228424,-0.2342032641172409,-1.8175773620605469,-0.5194328427314758,-0.23566192388534546,-0.7609671950340271,-0.26915252208709717,-0.42242640256881714,-1.0325230360031128,-0.4072408676147461,-0.5524668097496033,-1.2006430625915527,-0.4785366654396057,-0.6620990037918091,-1.3638962507247925,-0.5166559219360352
0.0,0.0,0.0,0.24700132012367249,-0.16479383409023285,-0.1505078822374344,0.3592317998409271,-0.4682159423828125,-0.21891380846500397,0.14300070703029633,-0.7254800200462341,-0.27404823899269104,-0.08310715109109879,-0.848810076713562,-0.3254413306713104,0.42483967542648315,-0.8833299279212952,-0.1660994291305542,0.643989622592926,-1.233906865119934,-0.26885902881622314,0.7425743937492371,-1.4666080474853516,-0.3416103422641754,0.8051223158836365,-1.6695396900177002,-0.39941099286079407,0.18246565759181976,-0.96638423204422,-0.18112944066524506,0.25501376390457153,-1.3949919939041138,-0.2763727009296417,0.27152636647224426,-1.6781288385391235,-0.35269665718078613,0.2646223306655884,-1.9122380018234253,-0.40301790833473206,-0.035558272153139114,-0.9179702401161194,-0.21139003336429596,-0.12728577852249146,-1.328104019165039,-0.3290261924266815,-0.1898074746131897,-1.5840933322906494,-0.4276437759399414,-0.24136124551296234,-1.8056867122650146,-0.48981979489326477,-0.23006749153137207,-0.7707427740097046,-0.2523932158946991,-0.42510801553726196,-1.0260382890701294,-0.3868536651134491,-0.5596625804901123,-1.1850608587265015,-0.4585515856742859,-0.6731629371643066,-1.342286467552185,-0.49744895100593567
0.0,0.0,0.0,0.25339287519454956,-0.16126222908496857,-0.15662376582622528,0.3695041239261627,-0.4593508541584015,-0.22652918100357056,0.14170122146606445,-0.7169599533081055,-0.2808672785758972,-0.08731075376272202,-0.8393896818161011,-0.3307955861091614,0.41654136776924133,-0.880247950553894,-0.17824296653270721,0.6348758339881897,-1.243190050125122,-0.2804606854915619,0.7310404777526855,-1.4820774793624878,-0.35098356008529663,0.7911916375160217,-1.6928818225860596,-0.40764015913009644,0.16814321279525757,-0.9674468636512756,-0.1891411542892456,0.23587432503700256,-1.404570460319519,-0.28112369775772095,0.25237733125686646,-1.6880979537963867,-0.3542875647544861,0.24731047451496124,-1.921342134475708,-0.4032147228717804,-0.05086175352334976,-0.9217197299003601,-0.21484899520874023,-0.1525115668773651,-1.3307639360427856,-0.32976847887039185,-0.2152639776468277,-1.58875572681427,-0.42709922790527344,-0.2668217718601227,-1.8103629350662231,-0.4894305169582367,-0.2440555840730667,-0.7751309871673584,-0.2516613304615021,-0.45049652457237244,-1.0266062021255493,-0.38473063707351685,-0.5907769799232483,-1.1830250024795532,-0.45617005228996277,-0.7096314430236816,-1.3370625972747803,-0.4952392876148224
0.0,0.0,0.0,0.2507442235946655,-0.15126974880695343,-0.17500030994415283,0.3689495921134949,-0.4457260072231293,-0.253348171710968,0.11034297198057175,-0.7005448937416077,-0.31196096539497375,-0.13458378612995148,-0.8205731511116028,-0.3664942681789398,0.4170902967453003,-0.8829838037490845,-0.1832788586616516,0.6172058582305908,-1.2418997287750244,-0.28821325302124023,0.7087544202804565,-1.480455756187439,-0.36580103635787964,0.7701389789581299,-1.6904773712158203,-0.43056464195251465,0.16370436549186707,-0.968095600605011,-0.1897152215242386,0.21763856709003448,-1.3973124027252197,-0.2853526771068573,0.2213876098394394,-1.6793444156646729,-0.3740300238132477,0.20786507427692413,-1.9199168682098389,-0.4386080205440521,-0.05834779515862465,-0.9199631810188293,-0.21320044994354248,-0.15194471180438995,-1.3107128143310547,-0.33720409870147705,-0.2159254401922226,-1.5649865865707397,-0.4528091251850128,-0.2718656361103058,-1.79052734375,-0.5308380126953125,-0.25853487849235535,-0.770155668258667,-0.2482326328754425,-0.46629342436790466,-1.0148791074752808,-0.39486047625541687,-0.609283447265625,-1.1640342473983765,-0.48093950748443604,-0.7286372780799866,-1.3218461275100708,-0.5327731966972351
0.0,0.0,0.0,0.25207915902137756,-0.15228772163391113,-0.17670784890651703,0.3662489950656891,-0.4412369430065155,-0.25585755705833435,0.10595855116844177,-0.697167694568634,-0.3146643340587616,-0.12742236256599426,-0.8287393450737,-0.36829525232315063,0.4163070023059845,-0.8827400207519531,-0.1876816600561142,0.6215999722480774,-1.2447832822799683,-0.2930493950843811,0.7115060091018677,-1.4839760065078735,-0.36910271644592285,0.7702133655548096,-1.6929552555084229,-0.43169134855270386,0.1621958315372467,-0.9680176973342896,-0.1914009004831314,0.2181292623281479,-1.4039454460144043,-0.2858930826187134,0.22051270306110382,-1.6851601600646973,-0.37075698375701904,0.2062622457742691,-1.9215528964996338,-0.43237248063087463,-0.06126907467842102,-0.9200791120529175,-0.21228912472724915,-0.15808846056461334,-1.318426489830017,-0.3349841833114624,-0.2268647700548172,-1.570925235748291,-0.4464070498943329,-0.28446319699287415,-1.7912425994873047,-0.5211103558540344,-0.26303499937057495,-0.771307647228241,-0.24490293860435486,-0.4786316752433777,-1.019993543624878,-0.3895012438297272,-0.6245466470718384,-1.1687792539596558,-0.4736478328704834,-0.7439875602722168,-1.322813630104065,-0.523643434047699
0.0,0.0,0.0,0.24859878420829773,-0.15464287996292114,-0.18132731318473816,0.34881308674812317,-0.45346200466156006,-0.26163411140441895,0.07128535211086273,-0.7006767988204956,-0.320769727230072,-0.16628901660442352,-0.8225182890892029,-0.3750078082084656,0.3965437710285187,-0.8911763429641724,-0.1905229687690735,0.5931675434112549,-1.257224202156067,-0.2956916093826294,0.6796504855155945,-1.498030424118042,-0.3736211359500885,0.7351176142692566,-1.7098182439804077,-0.43954920768737793,0.13689856231212616,-0.9716110825538635,-0.19295234978199005,0.18572472035884857,-1.4045524597167969,-0.28819265961647034,0.18314997851848602,-1.6834135055541992,-0.37882962822914124,0.16514207422733307,-1.9252954721450806,-0.44655758142471313,-0.08989573270082474,-0.9208770394325256,-0.2127629816532135,-0.19659225642681122,-1.3181829452514648,-0.3372591435909271,-0.26806405186653137,-1.570166826248169,-0.45725682377815247,-0.32862240076065063,-1.794928789138794,-0.5395988821983337,-0.2889026403427124,-0.7685608863830566,-0.24431850016117096,-0.5078105330467224,-1.0123212337493896,-0.3895484507083893,-0.6554329991340637,-1.1572378873825073,-0.4793702960014343,-0.7773117423057556,-1.3102997541427612,-0.5357059836387634
0.0,0.0,0.0,0.24414612352848053,-0.16414205729961395,-0.1737792193889618,0.3431174159049988,-0.46117809414863586,-0.2529250681400299,0.06423386931419373,-0.703960120677948,-0.3128944933414459,-0.1740831583738327,-0.8217946290969849,-0.36787471175193787,0.3792984187602997,-0.8956913948059082,-0.18314073979854584,0.5729479789733887,-1.262742519378662,-0.2895500361919403,0.6597243547439575,-1.5041639804840088,-0.367475688457489,0.7165819406509399,-1.7138330936431885,-0.4314657747745514,0.12072087079286575,-0.9746203422546387,-0.18852493166923523,0.1636735051870346,-1.409509539604187,-0.282305508852005,0.1595243662595749,-1.6889324188232422,-0.3685358762741089,0.1411149501800537,-1.9274605512619019,-0.4320899248123169,-0.10383808612823486,-0.9238442778587341,-0.2113264501094818,-0.21480289101600647,-1.3190557956695557,-0.33175328373908997,-0.2858772575855255,-1.5715219974517822,-0.4454130232334137,-0.3451683223247528,-1.7960495948791504,-0.5230118632316589,-0.30203065276145935,-0.7715402245521545,-0.24566586315631866,-0.5256317257881165,-1.013398289680481,-0.383781760931015,-0.6740655899047852,-1.1578876972198486,-0.4665854871273041,-0.7947134375572205,-1.3094830513000488,-0.5178654193878174
0.0,0.0,0.0,0.23764216899871826,-0.16133666038513184,-0.18104994297027588,0.3267301023006439,-0.44999581575393677,-0.2649046778678894,0.05941293388605118,-0.6938796043395996,-0.3287840783596039,-0.16944250464439392,-0.8224334120750427,-0.3872531056404114,0.3692140579223633,-0.8975301384925842,-0.1920643299818039,0.5566509366035461,-1.26694655418396,-0.3033548593521118,0.6394262313842773,-1.5105289220809937,-0.3853813409805298,0.6929646134376526,-1.7221895456314087,-0.45184728503227234,0.11324825882911682,-0.9742520451545715,-0.1949560046195984,0.15184937417507172,-1.4114842414855957,-0.2930713891983032,0.14239585399627686,-1.6901013851165771,-0.3832370936870575,0.12094639241695404,-1.9279638528823853,-0.4497051239013672,-0.11136019229888916,-0.9227157235145569,-0.2158464640378952,-0.22547107934951782,-1.3133561611175537,-0.3406722843647003,-0.2965683937072754,-1.5634549856185913,-0.4582188129425049,-0.3541904091835022,-1.7829653024673462,-0.5381689071655273,-0.30987197160720825,-0.7695942521095276,-0.24880081415176392,-0.5391400456428528,-1.0112141370773315,-0.39015093445777893,-0.6887763142585754,-1.154168963432312,-0.4759264886379242,-0.8081532120704651,-1.3027225732803345,-0.5292285680770874
0.0,0.0,0.0,0.23281407356262207,-0.16631315648555756,-0.17032623291015625,0.3175475299358368,-0.4575895071029663,-0.24441620707511902,0.052504293620586395,-0.6888850927352905,-0.3001878261566162,-0.17636717855930328,-0.7966660857200623,-0.35080593824386597,0.3490121066570282,-0.9061002135276794,-0.17436660826206207,0.5306279063224792,-1.2744245529174805,-0.2765740156173706,0.6092004776000977,-1.5154629945755005,-0.3526521325111389,0.6574438810348511,-1.7223097085952759,-0.41455894708633423,0.09494245797395706,-0.979360818862915,-0.1784333437681198,0.12810036540031433,-1.412477731704712,-0.2662655711174011,0.11772887408733368,-1.685241937637329,-0.3482479453086853,0.09566197544336319,-1.9151926040649414,-0.4086904525756836,-0.12631754577159882,-0.9250587224960327,-0.20034192502498627,-0.24283283948898315,-1.3086624145507812,-0.31395861506462097,-0.31597644090652466,-1.5521693229675293,-0.42488616704940796,-0.37522950768470764,-1.7649837732315063,-0.5006266832351685,-0.3218221068382263,-0.7699872851371765,-0.2341688871383667,-0.5519137382507324,-1.0043907165527344,-0.36529287695884705,-0.7019748687744141,-1.145098090171814,-0.44571730494499207,-0.821533739566803,-1.2904099225997925,-0.4955475926399231
0.0,0.0,0.0,0.2233981043100357,-0.17076586186885834,-0.18490402400493622,0.29205432534217834,-0.45046940445899963,-0.269890159368515,0.031492047011852264,-0.6763296127319336,-0.3340741693973541,-0.19930076599121094,-0.7922751903533936,-0.39259475469589233,0.32913732528686523,-0.9089146256446838,-0.1938646286725998,0.5032215118408203,-1.2826857566833496,-0.30118393898010254,0.572939395904541,-1.5263495445251465,-0.3812508285045624,0.6153135299682617,-1.7369391918182373,-0.4459831714630127,0.0740993544459343,-0.9784797430038452,-0.1925790011882782,0.10139425843954086,-1.4120354652404785,-0.28485971689224243,0.08250444382429123,-1.6858820915222168,-0.37057965993881226,0.05477885901927948,-1.9200981855392456,-0.43408066034317017,-0.15105025470256805,-0.9210925102233887,-0.20974577963352203,-0.27478891611099243,-1.3034558296203613,-0.3269888758659363,-0.3540233373641968,-1.5503020286560059,-0.4410299062728882,-0.41695311665534973,-1.7673218250274658,-0.5195046067237854,-0.3483375906944275,-0.7639011740684509,-0.23986317217350006,-0.5848228931427002,-0.9922113418579102,-0.3736632466316223,-0.7378504276275635,-1.1335304975509644,-0.4560406804084778,-0.8596936464309692,-1.278719425201416,-0.5075815916061401
0.0,0.0,0.0,0.21737788617610931,-0.17351913452148438,-0.1737881749868393,0.28855401277542114,-0.47088348865509033,-0.2508474290370941,-0.00505236117169261,-0.6967823505401611,-0.3082331717014313,-0.2549045979976654,-0.7828844785690308,-0.3601570427417755,0.3127298951148987,-0.9190787076950073,-0.16801463067531586,0.47354909777641296,-1.2918121814727783,-0.26658058166503906,0.5413532257080078,-1.532360553741455,-0.3434566855430603,0.5833805203437805,-1.7379018068313599,-0.4062058925628662,0.05445617809891701,-0.9840143322944641,-0.16955941915512085,0.07310104370117188,-1.413783073425293,-0.24989865720272064,0.05763668194413185,-1.6831002235412598,-0.330515056848526,0.03178507462143898,-1.9048100709915161,-0.3917904198169708,-0.16954658925533295,-0.9261324405670166,-0.18970650434494019,-0.3027959167957306,-1.2984619140625,-0.2929500937461853,-0.3766186833381653,-1.547641634941101,-0.4022182524204254,-0.4357960522174835,-1.7610629796981812,-0.4794354736804962,-0.36596372723579407,-0.7697343826293945,-0.2226283848285675,-0.5949957966804504,-1.0009403228759766,-0.33791717886924744,-0.7374529838562012,-1.1416934728622437,-0.4117514491081238,-0.851545512676239,-1.2849369049072266,-0.46046772599220276
0.0,0.0,0.0,0.24196992814540863,-0.16640663146972656,-0.16317205131053925,0.3488534688949585,-0.45948556065559387,-0.23601190745830536,0.07951865345239639,-0.6931243538856506,-0.2923163175582886,-0.16214793920516968,-0.7836422324180603,-0.3450284004211426,0.36808478832244873,-0.9009825587272644,-0.1664828360080719,0.5471787452697754,-1.2665321826934814,-0.26915889978408813,0.6264763474464417,-1.506078839302063,-0.34769168496131897,0.6770175695419312,-1.7131567001342773,-0.4112266004085541,0.10728124529123306,-0.9787570238113403,-0.1747153401374817,0.14022795855998993,-1.4064911603927612,-0.2604996860027313,0.13600760698318481,-1.680760145187378,-0.34305354952812195,0.11736273020505905,-1.9073657989501953,-0.4040774703025818,-0.11743931472301483,-0.9271104335784912,-0.20007668435573578,-0.23833449184894562,-1.311227560043335,-0.308485746383667,-0.308637410402298,-1.56513249874115,-0.4184138774871826,-0.36577990651130676,-1.785136103630066,-0.49442341923713684,-0.31348899006843567,-0.7730557918548584,-0.23702053725719452,-0.534649670124054,-1.0101264715194702,-0.35828736424446106,-0.6760114431381226,-1.1589431762695312,-0.433593213558197,-0.7906331419944763,-1.3085198402404785,-0.48124343156814575
0.0,0.0,0.0,0.24578991532325745,-0.15669980645179749,-0.18050190806388855,0.35625210404396057,-0.44836148619651794,-0.26598888635635376,0.07333028316497803,-0.6882644295692444,-0.33124232292175293,-0.17798294126987457,-0.8002851009368896,-0.3921419382095337,0.38702166080474854,-0.8856692910194397,-0.19200153648853302,0.5733121633529663,-1.2473574876785278,-0.30253416299819946,0.6572157144546509,-1.4854007959365845,-0.3851109743118286,0.7139831185340881,-1.6949645280838013,-0.45310357213020325,0.12858876585960388,-0.9719082713127136,-0.19712719321250916,0.1714901477098465,-1.4018083810806274,-0.29264068603515625,0.16923880577087402,-1.677915096282959,-0.38248175382614136,0.15247373282909393,-1.9160041809082031,-0.4497824013233185,-0.09728027135133743,-0.9247820973396301,-0.2199798971414566,-0.20782454311847687,-1.3167269229888916,-0.3408288061618805,-0.27720922231674194,-1.570279598236084,-0.45677652955055237,-0.33576688170433044,-1.7977327108383179,-0.5372406840324402,-0.2979785203933716,-0.7725925445556641,-0.2549213469028473,-0.515390932559967,-1.0151467323303223,-0.39035308361053467,-0.6586816310882568,-1.161561131477356,-0.47230419516563416,-0.7782783508300781,-1.3143665790557861,-0.5245583057403564
0.0,0.0,0.0,0.25782838463783264,-0.15650440752506256,-0.1651030331850052,0.37128448486328125,-0.45589935779571533,-0.23940390348434448,0.10239513963460922,-0.7099308371543884,-0.29636162519454956,-0.14774177968502045,-0.8125386238098145,-0.3501676619052887,0.41291287541389465,-0.88276606798172,-0.17452873289585114,0.598713219165802,-1.2480037212371826,-0.27511066198349,0.6838369369506836,-1.4856280088424683,-0.350726455450058,0.7408368587493896,-1.6951277256011963,-0.41458186507225037,0.15559682250022888,-0.9708471298217773,-0.1823330670595169,0.2032923847436905,-1.3962510824203491,-0.2693057954311371,0.20506151020526886,-1.673072099685669,-0.3523804545402527,0.19075138866901398,-1.9094592332839966,-0.4147365093231201,-0.07115325331687927,-0.9264326691627502,-0.20633547008037567,-0.1825801283121109,-1.3199141025543213,-0.3181028664112091,-0.2512138783931732,-1.5719581842422485,-0.4278736710548401,-0.3086417019367218,-1.7962920665740967,-0.5045406818389893,-0.27419987320899963,-0.7784735560417175,-0.241694375872612,-0.4877658188343048,-1.0205411911010742,-0.3704637885093689,-0.6270917654037476,-1.166119933128357,-0.4488534927368164,-0.742546021938324,-1.3156002759933472,-0.4985983669757843
0.0,0.0,0.0,0.26607808470726013,-0.15650279819965363,-0.14832346141338348,0.39740991592407227,-0.4527875781059265,-0.21630506217479706,0.15912750363349915,-0.7098981142044067,-0.27146586775779724,-0.0829850360751152,-0.8163413405418396,-0.324432909488678,0.44217607378959656,-0.8750142455101013,-0.16413380205631256,0.6533317565917969,-1.2387516498565674,-0.26655927300453186,0.7500072717666626,-1.4768967628479004,-0.34210968017578125,0.8155245780944824,-1.6863771677017212,-0.4041611850261688,0.18917283415794373,-0.9652441143989563,-0.18032556772232056,0.24866369366645813,-1.4042991399765015,-0.2676193118095398,0.26013949513435364,-1.6863069534301758,-0.34575098752975464,0.2523467242717743,-1.9202529191970825,-0.40289944410324097,-0.035649798810482025,-0.9217890501022339,-0.21140341460704803,-0.13830435276031494,-1.3334534168243408,-0.32140523195266724,-0.20515136420726776,-1.5924333333969116,-0.4229753911495209,-0.26160818338394165,-1.821318507194519,-0.4928898513317108,-0.2377929389476776,-0.7754874229431152,-0.2529847025871277,-0.4393784701824188,-1.0317511558532715,-0.3788759708404541,-0.5733559131622314,-1.1847405433654785,-0.44992753863334656,-0.6859108805656433,-1.3366304636001587,-0.4933987259864807
0.0,0.0,0.0,0.2589397728443146,-0.14281749725341797,-0.1466817557811737,0.3975828289985657,-0.439266562461853,-0.21050702035427094,0.1666608601808548,-0.6965669989585876,-0.26318827271461487,-0.07387131452560425,-0.8029594421386719,-0.3143952488899231,0.4386248290538788,-0.8772038221359253,-0.15184840559959412,0.6466953158378601,-1.2341504096984863,-0.24930663406848907,0.7455318570137024,-1.4671525955200195,-0.3232834041118622,0.8124902844429016,-1.6683937311172485,-0.385103702545166,0.19536326825618744,-0.9660281538963318,-0.16918276250362396,0.25956669449806213,-1.3968254327774048,-0.2544899880886078,0.27282455563545227,-1.6764081716537476,-0.33604639768600464,0.26572421193122864,-1.905805230140686,-0.3965449333190918,-0.021010862663388252,-0.9226332306861877,-0.20209041237831116,-0.10564707219600677,-1.3313419818878174,-0.31002628803253174,-0.17000257968902588,-1.585626482963562,-0.4159737527370453,-0.22646325826644897,-1.806156039237976,-0.4899865984916687,-0.2235887497663498,-0.7788943648338318,-0.24580158293247223,-0.40819209814071655,-1.031863808631897,-0.3739025890827179,-0.5359453558921814,-1.1865590810775757,-0.45076805353164673,-0.644481897354126,-1.34005606174469,-0.49870991706848145
0.0,0.0,0.0,0.2549804747104645,-0.14486238360404968,-0.14593727886676788,0.4029120206832886,-0.43160203099250793,-0.21109440922737122,0.17855197191238403,-0.6891137957572937,-0.266182005405426,-0.059412263333797455,-0.7959611415863037,-0.31965872645378113,0.44725847244262695,-0.869337260723114,-0.1485077291727066,0.661973774433136,-1.225891351699829,-0.2456752508878708,0.7609095573425293,-1.4626790285110474,-0.3194369971752167,0.8231114745140076,-1.6648300886154175,-0.3787420094013214,0.2014511674642563,-0.9655281901359558,-0.16484177112579346,0.2755534052848816,-1.3959919214248657,-0.2464459389448166,0.2983773648738861,-1.6768617630004883,-0.32168668508529663,0.29862385988235474,-1.902461290359497,-0.3769242763519287,-0.018779579550027847,-0.9342787861824036,-0.19728080928325653,-0.0849732756614685,-1.3401949405670166,-0.29334765672683716,-0.12739484012126923,-1.5988107919692993,-0.38885554671287537,-0.16224363446235657,-1.820985198020935,-0.456337034702301,-0.2299218475818634,-0.8028623461723328,-0.2418595254421234,-0.3987828195095062,-1.0645067691802979,-0.3523513078689575,-0.5105890035629272,-1.2315459251403809,-0.41771695017814636,-0.6012125611305237,-1.390937328338623,-0.45861613750457764
0.0,0.0,0.0,0.252400279045105,-0.15893509984016418,-0.13705794513225555,0.4002825915813446,-0.44599685072898865,-0.19667688012123108,0.1830316185951233,-0.6990295648574829,-0.24826563894748688,-0.04515990987420082,-0.8069589734077454,-0.29827427864074707,0.43724972009658813,-0.8766896724700928,-0.12834152579307556,0.656721293926239,-1.2226418256759644,-0.21830599009990692,0.7573326826095581,-1.455273151397705,-0.2883293032646179,0.8227590322494507,-1.653743863105774,-0.34499862790107727,0.20079167187213898,-0.9687178134918213,-0.14583727717399597,0.2818624973297119,-1.3878341913223267,-0.21956199407577515,0.3140348792076111,-1.6618434190750122,-0.2908105254173279,0.3217279016971588,-1.8827271461486816,-0.3447153866291046,-0.013707122765481472,-0.9375824332237244,-0.17998282611370087,-0.07643086463212967,-1.329466462135315,-0.268362820148468,-0.11122265458106995,-1.5913801193237305,-0.36220797896385193,-0.14280588924884796,-1.8145827054977417,-0.4295716881752014,-0.21886226534843445,-0.8124323487281799,-0.22596213221549988,-0.38164424896240234,-1.0749589204788208,-0.32648178935050964,-0.4844439625740051,-1.2502422332763672,-0.38964635133743286,-0.5682623386383057,-1.416191577911377,-0.431226521730423
0.0,0.0,0.0,0.25918763875961304,-0.14961256086826324,-0.14137773215770721,0.40989068150520325,-0.4330540895462036,-0.20167176425457,0.22413834929466248,-0.69903165102005,-0.25313588976860046,0.005481970962136984,-0.8230926990509033,-0.3027094304561615,0.4608168303966522,-0.8638578653335571,-0.13473835587501526,0.6857109665870667,-1.208814024925232,-0.2249000519514084,0.7868715524673462,-1.4412168264389038,-0.29511892795562744,0.8513592481613159,-1.6407177448272705,-0.3527165651321411,0.22906376421451569,-0.961761474609375,-0.1501486748456955,0.31398236751556396,-1.382895827293396,-0.2259819656610489,0.3489798307418823,-1.657485842704773,-0.2966857850551605,0.35817617177963257,-1.8774052858352661,-0.34976980090141296,0.014241821132600307,-0.9347623586654663,-0.18227657675743103,-0.04266946762800217,-1.3288480043411255,-0.2727718949317932,-0.07188325375318527,-1.5889368057250977,-0.36467215418815613,-0.09846621006727219,-1.8104918003082275,-0.43046486377716064,-0.1917482614517212,-0.8119808435440063,-0.2269015908241272,-0.3508909344673157,-1.0731371641159058,-0.33184361457824707,-0.4492510259151459,-1.2524889707565308,-0.39678046107292175,-0.5291907787322998,-1.4198280572891235,-0.43886423110961914
0.0,0.0,0.0,0.2619500756263733,-0.15431678295135498,-0.13850811123847961,0.4114532172679901,-0.4474613070487976,-0.19757677614688873,0.22056467831134796,-0.7164535522460938,-0.24837875366210938,0.00023037542996462435,-0.8399794101715088,-0.2975441515445709,0.44718053936958313,-0.8727855682373047,-0.13112379610538483,0.6627171039581299,-1.2213212251663208,-0.21798621118068695,0.7581973671913147,-1.4487591981887817,-0.28507211804389954,0.8194319605827332,-1.646316409111023,-0.3414442539215088,0.21649011969566345,-0.9651763439178467,-0.14685586094856262,0.2993425726890564,-1.3801121711730957,-0.2212895005941391,0.3329569101333618,-1.6501320600509644,-0.2911968231201172,0.3415311872959137,-1.869372844696045,-0.34449735283851624,0.002595293801277876,-0.9343897104263306,-0.17916367948055267,-0.05888988822698593,-1.3317233324050903,-0.26995208859443665,-0.09233851730823517,-1.5849757194519043,-0.3617238700389862,-0.12079890817403793,-1.8021754026412964,-0.4277900457382202,-0.20222355425357819,-0.8087228536605835,-0.22345273196697235,-0.36737456917762756,-1.0683449506759644,-0.3313319981098175,-0.4701365828514099,-1.2446082830429077,-0.39908674359321594,-0.5521064400672913,-1.4114781618118286,-0.4432191848754883
0.0,0.0,0.0,0.2632615566253662,-0.14962799847126007,-0.1471630185842514,0.4117337465286255,-0.4398927390575409,-0.21028253436088562,0.21997492015361786,-0.7120022177696228,-0.2633766829967499,-0.0001251875946763903,-0.8425547480583191,-0.3146297335624695,0.45380693674087524,-0.8682425022125244,-0.14394256472587585,0.6671200394630432,-1.2214372158050537,-0.23726199567317963,0.7646535038948059,-1.4529720544815063,-0.30964478850364685,0.8272547125816345,-1.6553058624267578,-0.3694455921649933,0.21789751946926117,-0.9633157849311829,-0.15666306018829346,0.2940335273742676,-1.3826161623001099,-0.23537759482860565,0.32217878103256226,-1.657483458518982,-0.3090849816799164,0.3253691494464874,-1.8819172382354736,-0.36506831645965576,0.0017534499056637287,-0.9320997595787048,-0.1860053390264511,-0.06363332271575928,-1.3250652551651,-0.280082643032074,-0.1003393679857254,-1.581122636795044,-0.37354621291160583,-0.13414894044399261,-1.8016352653503418,-0.4406856298446655,-0.20310616493225098,-0.8044956922531128,-0.22810038924217224,-0.37218931317329407,-1.0616415739059448,-0.3394005596637726,-0.47770389914512634,-1.2355244159698486,-0.4081173539161682,-0.5644450783729553,-1.4001697301864624,-0.45223110914230347
0.0,0.0,0.0,0.27907466888427734,-0.13980422914028168,-0.132912278175354,0.4501270651817322,-0.4256550669670105,-0.1883779615163803,0.2706345021724701,-0.695629894733429,-0.23673467338085175,0.051016390323638916,-0.8115695118904114,-0.28488889336586,0.48000600934028625,-0.857672393321991,-0.1328149288892746,0.7060419917106628,-1.2092257738113403,-0.22354982793331146,0.8132921457290649,-1.4400817155838013,-0.29294493794441223,0.8840673565864563,-1.637628436088562,-0.3497728407382965,0.24252107739448547,-0.9582717418670654,-0.15132364630699158,0.32897472381591797,-1.3847670555114746,-0.2278233915567398,0.3645406663417816,-1.6640211343765259,-0.2995792329311371,0.37311890721321106,-1.886254072189331,-0.3526497185230255,0.024270260706543922,-0.9318019151687622,-0.18505817651748657,-0.037455152720212936,-1.336907148361206,-0.27710914611816406,-0.07362684607505798,-1.5992991924285889,-0.3713052272796631,-0.10358770191669464,-1.8215492963790894,-0.43830418586730957,-0.18455402553081512,-0.8071925640106201,-0.22989524900913239,-0.35295748710632324,-1.0642290115356445,-0.3386791944503784,-0.45951610803604126,-1.239288330078125,-0.40595731139183044,-0.5446829795837402,-1.4032849073410034,-0.44852522015571594
0.0,0.0,0.0,0.285941481590271,-0.1586579531431198,-0.11550776660442352,0.4510549306869507,-0.4378472566604614,-0.16724468767642975,0.27941256761550903,-0.6844328045845032,-0.21824009716510773,0.07098378241062164,-0.7871684432029724,-0.27068623900413513,0.4671477973461151,-0.8729438781738281,-0.10904908925294876,0.6925259232521057,-1.2156754732131958,-0.20398281514644623,0.7996174097061157,-1.4393999576568604,-0.2775246500968933,0.8702777624130249,-1.6294183731079102,-0.33421486616134644,0.22616489231586456,-0.9643786549568176,-0.13719752430915833,0.3037922978401184,-1.3841111660003662,-0.21482518315315247,0.3399733901023865,-1.658085584640503,-0.28631672263145447,0.34851309657096863,-1.8756003379821777,-0.33716297149658203,0.005182601977139711,-0.9292260408401489,-0.18092529475688934,-0.062329649925231934,-1.3276349306106567,-0.2704630196094513,-0.10023465007543564,-1.5875129699707031,-0.3591729700565338,-0.12956002354621887,-1.8108652830123901,-0.4205561578273773,-0.2001832276582718,-0.7965489029884338,-0.2351921647787094,-0.36459505558013916,-1.0511332750320435,-0.33467555046081543,-0.4692724645137787,-1.222495675086975,-0.3922390639781952,-0.5560884475708008,-1.381001591682434,-0.42736566066741943
0.0,0.0,0.0,0.2853687107563019,-0.15063829720020294,-0.12164238840341568,0.45690518617630005,-0.41623836755752563,-0.18173019587993622,0.32439127564430237,-0.6703322529792786,-0.24013493955135345,0.1367923766374588,-0.798933207988739,-0.29985108971595764,0.5090745091438293,-0.8461297154426575,-0.13245676457881927,0.7472007870674133,-1.190097451210022,-0.23938843607902527,0.8684192299842834,-1.415256142616272,-0.3190038800239563,0.949084460735321,-1.607986330986023,-0.37849974632263184,0.2724202275276184,-0.9486684799194336,-0.16067145764827728,0.37139683961868286,-1.373666524887085,-0.252330482006073,0.414547860622406,-1.6536760330200195,-0.3297448754310608,0.4273795783519745,-1.878832221031189,-0.38304272294044495,0.044743362814188004,-0.9259240627288818,-0.20406924188137054,-0.0047187190502882,-1.3313196897506714,-0.3047865331172943,-0.0386810302734375,-1.5974462032318115,-0.3972274661064148,-0.06176047772169113,-1.826122522354126,-0.4600936472415924,-0.17249596118927002,-0.8056955933570862,-0.25814950466156006,-0.3289058208465576,-1.0663857460021973,-0.3669617176055908,-0.4300044775009155,-1.2427752017974854,-0.4283950924873352,-0.5063692331314087,-1.4062280654907227,-0.46492886543273926
0.0,0.0,0.0,0.27673548460006714,-0.12335687130689621,-0.14785076677799225,0.4529516100883484,-0.3977431356906891,-0.21869416534900665,0.2961796522140503,-0.6798699498176575,-0.2782714366912842,0.08426856249570847,-0.8252001404762268,-0.33567771315574646,0.5173366665840149,-0.8349742889404297,-0.17400752007961273,0.7669830322265625,-1.1916965246200562,-0.2840382158756256,0.8914008736610413,-1.4240766763687134,-0.36204084753990173,0.9710462093353271,-1.622015357017517,-0.4213455617427826,0.27271032333374023,-0.9426063895225525,-0.1926715075969696,0.379733681678772,-1.3858253955841064,-0.29010310769081116,0.4258238971233368,-1.674649715423584,-0.3696156442165375,0.44002076983451843,-1.9054012298583984,-0.4230800271034241,0.04551035165786743,-0.9191457629203796,-0.22585424780845642,-0.007508714217692614,-1.3500229120254517,-0.3380162715911865,-0.04170740395784378,-1.620901107788086,-0.4349106252193451,-0.06970438361167908,-1.8507418632507324,-0.4987395405769348,-0.17164963483810425,-0.7933541536331177,-0.27017608284950256,-0.3343687057495117,-1.0753999948501587,-0.39707013964653015,-0.44720661640167236,-1.2579885721206665,-0.4663323163986206,-0.5378206372261047,-1.427993893623352,-0.5053123831748962
0.0,0.0,0.0,0.27611395716667175,-0.13839520514011383,-0.14912191033363342,0.44509124755859375,-0.41557735204696655,-0.22219334542751312,0.2622482180595398,-0.6762715578079224,-0.28438422083854675,0.035261280834674835,-0.8029597401618958,-0.34509438276290894,0.49645644426345825,-0.8474177122116089,-0.170879065990448,0.744561493396759,-1.1921002864837646,-0.28362372517585754,0.8671562075614929,-1.4210305213928223,-0.36468958854675293,0.9505211114883423,-1.6190903186798096,-0.4272167682647705,0.25549694895744324,-0.9479354619979858,-0.19010424613952637,0.3616572618484497,-1.3770043849945068,-0.28945988416671753,0.4012237787246704,-1.6629095077514648,-0.37502238154411316,0.41232728958129883,-1.8960133790969849,-0.4350064694881439,0.03197420388460159,-0.9187970757484436,-0.22437919676303864,-0.020598266273736954,-1.332836627960205,-0.33901941776275635,-0.06016126275062561,-1.5973868370056152,-0.44315963983535767,-0.09190882742404938,-1.827417016029358,-0.5137794613838196,-0.17785462737083435,-0.7890174388885498,-0.26974356174468994,-0.33874353766441345,-1.0500946044921875,-0.39751923084259033,-0.4502039849758148,-1.2184133529663086,-0.470130056142807,-0.5406496524810791,-1.3825825452804565,-0.5137795209884644
0.0,0.0,0.0,0.2781699299812317,-0.13307705521583557,-0.14378170669078827,0.46037977933883667,-0.4106312692165375,-0.21184808015823364,0.2757314443588257,-0.676081120967865,-0.27066755294799805,0.048301249742507935,-0.7986477613449097,-0.3286117613315582,0.5052488446235657,-0.8456760048866272,-0.15875250101089478,0.7499331831932068,-1.1931602954864502,-0.269408255815506,0.8753439784049988,-1.4210823774337769,-0.3493196964263916,0.9610852599143982,-1.6168391704559326,-0.41021764278411865,0.26269862055778503,-0.9479916095733643,-0.1797257959842682,0.3661843538284302,-1.377850890159607,-0.27766045928001404,0.40689393877983093,-1.6691019535064697,-0.36296212673187256,0.41689884662628174,-1.9060499668121338,-0.42150193452835083,0.038226451724767685,-0.9194329977035522,-0.2157793939113617,-0.0195245873183012,-1.3355611562728882,-0.32776427268981934,-0.0603899322450161,-1.604050874710083,-0.43105119466781616,-0.0931379422545433,-1.8383407592773438,-0.5002496242523193,-0.17479971051216125,-0.7897815108299255,-0.26269716024398804,-0.3336274325847626,-1.0510053634643555,-0.3862050771713257,-0.4441421627998352,-1.2162154912948608,-0.4558427333831787,-0.5343272089958191,-1.3755663633346558,-0.49679839611053467
0.0,0.0,0.0,0.27839285135269165,-0.13157442212104797,-0.15487006306648254,0.4585769474506378,-0.39852380752563477,-0.23161354660987854,0.27292168140411377,-0.6658166646957397,-0.2948864996433258,0.052165351808071136,-0.8036547899246216,-0.35582882165908813,0.5148541927337646,-0.8379312753677368,-0.18879592418670654,0.7661869525909424,-1.1881344318389893,-0.3108743131160736,0.8950730562210083,-1.4242842197418213,-0.39717862010002136,0.9808498620986938,-1.6284875869750977,-0.4618419110774994,0.26653018593788147,-0.9412855505943298,-0.2072272151708603,0.3720336854457855,-1.3846360445022583,-0.31721335649490356,0.4149570167064667,-1.6791642904281616,-0.4076494574546814,0.4280366599559784,-1.9206947088241577,-0.4684847891330719,0.040755849331617355,-0.915172278881073,-0.23995161056518555,-0.014361212030053139,-1.3422999382019043,-0.36408430337905884,-0.05645041540265083,-1.6168360710144043,-0.4709068238735199,-0.09060624241828918,-1.8549481630325317,-0.5408029556274414,-0.1696191430091858,-0.7867836356163025,-0.2836812436580658,-0.3358768820762634,-1.0565464496612549,-0.4187676012516022,-0.4546106159687042,-1.2275453805923462,-0.49254319071769714,-0.5527362823486328,-1.3944305181503296,-0.5344420671463013
0.0,0.0,0.0,0.2681288421154022,-0.13390183448791504,-0.16679514944553375,0.43274053931236267,-0.3980237543582916,-0.25151240825653076,0.23478484153747559,-0.6538780927658081,-0.3201802372932434,0.010994967073202133,-0.7892324924468994,-0.3866119980812073,0.49983280897140503,-0.8471293449401855,-0.20285777747631073,0.7463052272796631,-1.1966931819915771,-0.32786551117897034,0.8735598921775818,-1.4301880598068237,-0.41761115193367004,0.960772693157196,-1.631756067276001,-0.48551011085510254,0.24808405339717865,-0.943821132183075,-0.21830235421657562,0.34703630208969116,-1.3861026763916016,-0.3294345438480377,0.38410183787345886,-1.678031086921692,-0.42573946714401245,0.39550691843032837,-1.9191031455993652,-0.4925706684589386,0.019274001941084862,-0.9100110530853271,-0.24879886209964752,-0.03652217611670494,-1.329363226890564,-0.37849360704421997,-0.07850565761327744,-1.6015874147415161,-0.4954841434955597,-0.11196066439151764,-1.8383822441101074,-0.573664128780365,-0.1894431859254837,-0.7746332883834839,-0.2903245687484741,-0.3563944101333618,-1.036063313484192,-0.43478989601135254,-0.4785003960132599,-1.1999565362930298,-0.5158763527870178,-0.5801690220832825,-1.3634837865829468,-0.5634700655937195
0.0,0.0,0.0,0.267253041267395,-0.1465243548154831,-0.16110244393348694,0.4300309717655182,-0.404318630695343,-0.24999338388442993,0.24029254913330078,-0.6643783450126648,-0.32516536116600037,0.016240736469626427,-0.8042302131652832,-0.3985656797885895,0.49956125020980835,-0.8364643454551697,-0.20627397298812866,0.7513872385025024,-1.1836295127868652,-0.33771011233329773,0.8820817470550537,-1.4208217859268188,-0.4313015639781952,0.9711499810218811,-1.62740957736969,-0.5008322596549988,0.251606822013855,-0.9409085512161255,-0.22668269276618958,0.35539329051971436,-1.3855693340301514,-0.3392842411994934,0.3939046263694763,-1.6793510913848877,-0.43155232071876526,0.4058455228805542,-1.9234397411346436,-0.4958658516407013,0.022402295842766762,-0.9125532507896423,-0.26168301701545715,-0.035065051168203354,-1.3319423198699951,-0.3870304822921753,-0.07508403807878494,-1.6041561365127563,-0.49324488639831543,-0.10473069548606873,-1.8428270816802979,-0.5648159384727478,-0.1889599710702896,-0.7816044092178345,-0.3085208833217621,-0.3571697771549225,-1.04656982421875,-0.4428488612174988,-0.4763124883174896,-1.216832160949707,-0.5144136548042297,-0.5735211372375488,-1.3824434280395508,-0.5565101504325867
0.0,0.0,0.0,0.27933168411254883,-0.14555688202381134,-0.14883556962013245,0.4475233554840088,-0.4077955484390259,-0.2312539666891098,0.26928743720054626,-0.664800226688385,-0.3010254502296448,0.04706934466958046,-0.7940802574157715,-0.36984196305274963,0.509215235710144,-0.8265308141708374,-0.20348478853702545,0.7714475989341736,-1.16897714138031,-0.3349429965019226,0.9104197025299072,-1.409282922744751,-0.4263419806957245,1.0041741132736206,-1.6172477006912231,-0.49315568804740906,0.2660106122493744,-0.9366363883018494,-0.22792711853981018,0.3845340311527252,-1.386622428894043,-0.3382214605808258,0.4301597774028778,-1.6788101196289062,-0.4231230616569519,0.44679442048072815,-1.9215558767318726,-0.48069965839385986,0.03829985111951828,-0.913556694984436,-0.265605092048645,-0.0136891920119524,-1.3404593467712402,-0.3853706121444702,-0.0479680672287941,-1.6147130727767944,-0.4836774170398712,-0.07016085088253021,-1.8579347133636475,-0.549500048160553,-0.17280127108097076,-0.7880396842956543,-0.31455448269844055,-0.3452456593513489,-1.0567773580551147,-0.44018176198005676,-0.4653991162776947,-1.2276092767715454,-0.5044072270393372,-0.5604414343833923,-1.3946588039398193,-0.5418403744697571
0.0,0.0,0.0,0.2708896994590759,-0.15072058141231537,-0.1559700220823288,0.4394182562828064,-0.4184781014919281,-0.2445726841688156,0.2534744441509247,-0.682245135307312,-0.3183284103870392,0.02587740309536457,-0.813248872756958,-0.39116549491882324,0.4970068633556366,-0.8334110379219055,-0.22088050842285156,0.7559396624565125,-1.1868257522583008,-0.34883013367652893,0.8835181593894958,-1.429082989692688,-0.4353998303413391,0.9608272314071655,-1.6427291631698608,-0.49935317039489746,0.24648411571979523,-0.9382166862487793,-0.2428886890411377,0.3547770380973816,-1.391894817352295,-0.3550477623939514,0.4019709527492523,-1.6861958503723145,-0.4370003640651703,0.4150264859199524,-1.9290038347244263,-0.4908093512058258,0.018630770966410637,-0.9129354357719421,-0.27754247188568115,-0.042575862258672714,-1.3435341119766235,-0.39978647232055664,-0.07480564713478088,-1.6221519708633423,-0.4974260926246643,-0.1029917299747467,-1.8621535301208496,-0.5611649751663208,-0.18906281888484955,-0.7884534001350403,-0.32351988554000854,-0.3705236315727234,-1.0645967721939087,-0.45557841658592224,-0.49899056553840637,-1.244018316268921,-0.5226682424545288,-0.6056390404701233,-1.4187195301055908,-0.5598219633102417
0.0,0.0,0.0,0.26667141914367676,-0.14492635428905487,-0.17681066691875458,0.41618046164512634,-0.41948971152305603,-0.27102822065353394,0.22404533624649048,-0.689201295375824,-0.3456721007823944,-0.012066342867910862,-0.8282262682914734,-0.41849756240844727,0.48405855894088745,-0.8355218768119812,-0.24158015847206116,0.7340992093086243,-1.1949495077133179,-0.3710791766643524,0.8541551828384399,-1.4374572038650513,-0.4601387679576874,0.933926522731781,-1.652612566947937,-0.5289627313613892,0.23624078929424286,-0.9381706714630127,-0.2530336081981659,0.3436063528060913,-1.3927847146987915,-0.3678988814353943,0.37892892956733704,-1.689591884613037,-0.45890551805496216,0.38939064741134644,-1.9384584426879883,-0.5236421227455139,0.008319677785038948,-0.9114128947257996,-0.2780458927154541,-0.04831390082836151,-1.3391695022583008,-0.4089415371417999,-0.08865798264741898,-1.612892746925354,-0.5207615494728088,-0.12136201560497284,-1.8475160598754883,-0.5967675447463989,-0.19816899299621582,-0.7845369577407837,-0.31494274735450745,-0.3837820589542389,-1.0591349601745605,-0.4595130980014801,-0.5159730315208435,-1.2337981462478638,-0.5405350923538208,-0.624870777130127,-1.4041508436203003,-0.5897380113601685
0.0,0.0,0.0,0.2717982232570648,-0.14249078929424286,-0.1667492538690567,0.42859673500061035,-0.42084863781929016,-0.25149938464164734,0.21865573525428772,-0.6827581524848938,-0.3205493092536926,-0.018057825043797493,-0.8206245303153992,-0.3887050151824951,0.4814206063747406,-0.8422771096229553,-0.20886416733264923,0.7290663719177246,-1.2028858661651611,-0.3325326144695282,0.8532865643501282,-1.4427087306976318,-0.4211013615131378,0.9386715292930603,-1.6552528142929077,-0.4896053075790405,0.23602630198001862,-0.9456616640090942,-0.22364182770252228,0.341880738735199,-1.3936320543289185,-0.3319748640060425,0.3770061731338501,-1.6917998790740967,-0.42607027292251587,0.3852933347225189,-1.9436677694320679,-0.49451255798339844,0.00972194503992796,-0.9180222749710083,-0.2529330253601074,-0.043748639523983,-1.3430500030517578,-0.3780463635921478,-0.0806768462061882,-1.6208500862121582,-0.49165189266204834,-0.11393698304891586,-1.8659656047821045,-0.5702999830245972,-0.20159152150154114,-0.7893657684326172,-0.29362979531288147,-0.3814352750778198,-1.0624693632125854,-0.4327089488506317,-0.5083481669425964,-1.2345798015594482,-0.5121866464614868,-0.61464923620224,-1.4054371118545532,-0.5615884065628052
0.0,0.0,0.0,0.27181825041770935,-0.14006976783275604,-0.1698281168937683,0.43381375074386597,-0.4185689091682434,-0.2546672224998474,0.23465745151042938,-0.686448335647583,-0.3233475685119629,0.009650870226323605,-0.8239240646362305,-0.39010900259017944,0.48571908473968506,-0.8489900231361389,-0.20334069430828094,0.7285308837890625,-1.202186942100525,-0.3287019431591034,0.852378249168396,-1.4390442371368408,-0.41962286829948425,0.9403232336044312,-1.6488149166107178,-0.4893966019153595,0.23685313761234283,-0.9469755291938782,-0.2171131819486618,0.3380517363548279,-1.3854814767837524,-0.32717689871788025,0.3749872148036957,-1.6795029640197754,-0.4201521575450897,0.38759127259254456,-1.9274591207504272,-0.4859926998615265,0.008576799184083939,-0.9106319546699524,-0.24647487699985504,-0.04813043028116226,-1.3337492942810059,-0.37549424171447754,-0.09124717116355896,-1.6044700145721436,-0.4853963255882263,-0.12870696187019348,-1.8421987295150757,-0.5591022372245789,-0.20438246428966522,-0.7726927399635315,-0.2876943051815033,-0.37241122126579285,-1.0432642698287964,-0.4314725697040558,-0.498151570558548,-1.2121407985687256,-0.5094668865203857,-0.6054950952529907,-1.3806267976760864,-0.5555052757263184
0.0,0.0,0.0,0.2624056339263916,-0.15439270436763763,-0.16042396426200867,0.40989232063293457,-0.4262978732585907,-0.2463615983724594,0.1996515691280365,-0.6804441213607788,-0.31706875562667847,-0.027042267844080925,-0.81174236536026,-0.38599663972854614,0.48162567615509033,-0.8444790840148926,-0.21062353253364563,0.7380753755569458,-1.1960700750350952,-0.3321448564529419,0.8606582283973694,-1.4327573776245117,-0.41583728790283203,0.942007303237915,-1.6396114826202393,-0.47936370968818665,0.23493310809135437,-0.9448195099830627,-0.22830365598201752,0.34187406301498413,-1.3896998167037964,-0.33626633882522583,0.3744744062423706,-1.6834287643432617,-0.42179420590400696,0.3790750503540039,-1.9263323545455933,-0.4810985028743744,0.0077947815880179405,-0.913494884967804,-0.25956645607948303,-0.04812629148364067,-1.3334126472473145,-0.383386492729187,-0.09034553915262222,-1.6001880168914795,-0.48611173033714294,-0.12652571499347687,-1.831876277923584,-0.5544999241828918,-0.20382653176784515,-0.7828509211540222,-0.30178749561309814,-0.38476064801216125,-1.0497651100158691,-0.4392867386341095,-0.511415958404541,-1.2182875871658325,-0.5111342668533325,-0.6167899370193481,-1.3843592405319214,-0.5522486567497253
0.0,0.0,0.0,0.26169872283935547,-0.14921754598617554,-0.15707038342952728,0.39671799540519714,-0.42672932147979736,-0.235653355717659,0.1896466463804245,-0.6915776133537292,-0.30017784237861633,-0.03625503182411194,-0.8220104575157166,-0.36195871233940125,0.47216829657554626,-0.860770046710968,-0.18477129936218262,0.7125315070152283,-1.2194870710372925,-0.29567161202430725,0.8226124048233032,-1.4526972770690918,-0.3737393915653229,0.894985020160675,-1.65497887134552,-0.43380463123321533,0.22219032049179077,-0.9543161988258362,-0.19977989792823792,0.31280747056007385,-1.3908733129501343,-0.29798102378845215,0.34102141857147217,-1.6756290197372437,-0.3768109679222107,0.3450070321559906,-1.912534236907959,-0.4305568039417267,-0.00789282750338316,-0.9146986603736877,-0.22998282313346863,-0.07648826390504837,-1.3298903703689575,-0.3483782112598419,-0.12294653803110123,-1.5939147472381592,-0.4483952522277832,-0.16068673133850098,-1.8257715702056885,-0.513569712638855,-0.22048525512218475,-0.7745312452316284,-0.2710250914096832,-0.4061018228530884,-1.036461353302002,-0.40449780225753784,-0.5352428555488586,-1.1980582475662231,-0.4747517704963684,-0.6431251764297485,-1.3551956415176392,-0.5137626528739929
0.0,0.0,0.0,0.2651773691177368,-0.1501968652009964,-0.17140278220176697,0.3921555280685425,-0.43114933371543884,-0.25594285130500793,0.15624654293060303,-0.6869564652442932,-0.32230910658836365,-0.07878877967596054,-0.8139830231666565,-0.3855293393135071,0.45224514603614807,-0.8660765290260315,-0.20153066515922546,0.6762322783470154,-1.2268332242965698,-0.31643402576446533,0.7814157605171204,-1.4649680852890015,-0.3983365595340729,0.8519294261932373,-1.6758685111999512,-0.4641353487968445,0.19899702072143555,-0.956671416759491,-0.21255598962306976,0.27958688139915466,-1.3919438123703003,-0.31833189725875854,0.2968970239162445,-1.682745099067688,-0.4094091057777405,0.29217836260795593,-1.9305113554000854,-0.4742521345615387,-0.03130090609192848,-0.9135956168174744,-0.2390812188386917,-0.10923430323600769,-1.3224246501922607,-0.37021106481552124,-0.15978515148162842,-1.5894757509231567,-0.486508846282959,-0.20322978496551514,-1.8276951313018799,-0.5643327832221985,-0.2416680008172989,-0.768988847732544,-0.2763288915157318,-0.43772557377815247,-1.0224277973175049,-0.4252321720123291,-0.5760506391525269,-1.1780827045440674,-0.509307861328125,-0.6920100450515747,-1.3378878831863403,-0.559453547000885
0.0,0.0,0.0,0.2578078806400299,-0.1548466831445694,-0.17744414508342743,0.3817811906337738,-0.4282074272632599,-0.2682909071445465,0.129134401679039,-0.6712919473648071,-0.3402675688266754,-0.10831478983163834,-0.8043177127838135,-0.40854454040527344,0.43929263949394226,-0.8663408160209656,-0.21172885596752167,0.6612299680709839,-1.2315480709075928,-0.3310791850090027,0.7623225450515747,-1.4738482236862183,-0.41502344608306885,0.8295254111289978,-1.6868095397949219,-0.48138439655303955,0.18138213455677032,-0.95803302526474,-0.22197559475898743,0.2570948898792267,-1.3992280960083008,-0.3306780457496643,0.27246296405792236,-1.6897258758544922,-0.42288511991500854,0.267956018447876,-1.93955659866333,-0.4882477819919586,-0.050897032022476196,-0.9158549904823303,-0.24797439575195312,-0.13176119327545166,-1.326893925666809,-0.3807208836078644,-0.18194352090358734,-1.5957281589508057,-0.49588727951049805,-0.2240019142627716,-1.837693691253662,-0.5724430084228516,-0.2627503275871277,-0.7703351974487305,-0.2849716544151306,-0.46532925963401794,-1.0299197435379028,-0.4319959580898285,-0.6044610738754272,-1.1856416463851929,-0.511910617351532,-0.7198683619499207,-1.343541145324707,-0.5588765144348145
