feature_0,feature_1,feature_2,feature_3,feature_4,feature_5,feature_6,feature_7,feature_8,feature_9,feature_10,feature_11,feature_12,feature_13,feature_14,feature_15,feature_16,feature_17,feature_18,feature_19,feature_20,feature_21,feature_22,feature_23,feature_24,feature_25,feature_26,feature_27,feature_28,feature_29,feature_30,feature_31,feature_32,feature_33,feature_34,feature_35,feature_36,feature_37,feature_38,feature_39,feature_40,feature_41,feature_42,feature_43,feature_44,feature_45,feature_46,feature_47,feature_48,feature_49,feature_50,feature_51,feature_52,feature_53,feature_54,feature_55,feature_56,feature_57,feature_58,feature_59,feature_60,feature_61,feature_62
0.0,0.0,0.0,0.27317678928375244,-0.0693749487400055,-0.16553129255771637,0.4736793041229248,-0.32520928978919983,-0.21503734588623047,0.2826608121395111,-0.6003513336181641,-0.2418183982372284,0.06973950564861298,-0.7786270976066589,-0.26848265528678894,0.6010068655014038,-0.8038861751556396,-0.09425941854715347,0.8126131892204285,-1.1387284994125366,-0.15244245529174805,0.9432535171508789,-1.3407398462295532,-0.20350338518619537,1.0372077226638794,-1.5260566473007202,-0.2450951486825943,0.3833925724029541,-0.9187043905258179,-0.09482891112565994,0.5375795364379883,-1.3108444213867188,-0.1386159062385559,0.6297132968902588,-1.5552469491958618,-0.2035365104675293,0.7026451826095581,-1.7758748531341553,-0.24699249863624573,0.17156803607940674,-0.9181705713272095,-0.11474164575338364,0.21913932263851166,-1.2976716756820679,-0.22517259418964386,0.2785983681678772,-1.560113787651062,-0.33729785680770874,0.32686346769332886,-1.799408197402954,-0.4102076292037964,-0.037157557904720306,-0.8324535489082336,-0.14459098875522614,0.03878796100616455,-1.0134986639022827,-0.2825948894023895,0.06952454894781113,-0.8900060653686523,-0.3161969482898712,0.07466649264097214,-0.7598026990890503,-0.3231368064880371
0.0,0.0,0.0,0.2646079957485199,-0.06598465144634247,-0.17029346525669098,0.4624517560005188,-0.3421620726585388,-0.2157302349805832,0.27124083042144775,-0.6228353381156921,-0.23754988610744476,0.0641215369105339,-0.8044973015785217,-0.2586863934993744,0.5886097550392151,-0.8063517808914185,-0.08419781178236008,0.7941144704818726,-1.1389340162277222,-0.14088812470436096,0.9248038530349731,-1.3452062606811523,-0.19405826926231384,1.0188926458358765,-1.5324050188064575,-0.2383551448583603,0.37749069929122925,-0.9222320318222046,-0.08359935879707336,0.5190764665603638,-1.3081551790237427,-0.1258927583694458,0.6089454889297485,-1.553223729133606,-0.19159680604934692,0.681471586227417,-1.7742997407913208,-0.23591454327106476,0.16996677219867706,-0.9264168739318848,-0.10429041087627411,0.23262479901313782,-1.3035634756088257,-0.21651603281497955,0.3036981225013733,-1.5604928731918335,-0.3324149250984192,0.36229920387268066,-1.7980947494506836,-0.40806299448013306,-0.036837540566921234,-0.8485948443412781,-0.1355666220188141,0.03835901990532875,-1.0206493139266968,-0.2851271629333496,0.06143477186560631,-0.9030265212059021,-0.32874059677124023,0.0582885704934597,-0.7851060628890991,-0.34142643213272095
0.0,0.0,0.0,0.2671736478805542,-0.07709760963916779,-0.16287843883037567,0.4587040841579437,-0.33854934573173523,-0.21522606909275055,0.2670115828514099,-0.6145119667053223,-0.24570676684379578,0.06676410138607025,-0.7958162426948547,-0.2762545049190521,0.6020636558532715,-0.8028410077095032,-0.0985322967171669,0.8185372352600098,-1.1448715925216675,-0.1642688661813736,0.951187014579773,-1.3484200239181519,-0.22237227857112885,1.048423171043396,-1.5350749492645264,-0.2684064209461212,0.38453036546707153,-0.9174937009811401,-0.10169379413127899,0.5435956716537476,-1.312628984451294,-0.15275932848453522,0.6386086344718933,-1.5589938163757324,-0.22128301858901978,0.7155991792678833,-1.7809489965438843,-0.26623138785362244,0.17170003056526184,-0.9218354821205139,-0.12357249855995178,0.23041099309921265,-1.3075065612792969,-0.23480960726737976,0.2951747477054596,-1.5653879642486572,-0.3412100672721863,0.3524894714355469,-1.8025881052017212,-0.40997204184532166,-0.04106099531054497,-0.8392674922943115,-0.15564851462841034,0.023234831169247627,-1.0312243700027466,-0.2924889624118805,0.049902692437171936,-0.9180282950401306,-0.3215321898460388,0.05837591737508774,-0.7958292365074158,-0.3245212435722351
0.0,0.0,0.0,0.26389455795288086,-0.08969337493181229,-0.15111786127090454,0.43876320123672485,-0.348249614238739,-0.1990545690059662,0.23500394821166992,-0.5980123281478882,-0.22881200909614563,0.031020166352391243,-0.7647758722305298,-0.2596346139907837,0.5761909484863281,-0.8222300410270691,-0.08735112845897675,0.7914233207702637,-1.1651451587677002,-0.14531266689300537,0.9189144968986511,-1.3721474409103394,-0.19763916730880737,1.0100109577178955,-1.562801480293274,-0.24088406562805176,0.3526824712753296,-0.9308239221572876,-0.0958225354552269,0.5018893480300903,-1.331098198890686,-0.14330747723579407,0.5833002924919128,-1.5811964273452759,-0.20961546897888184,0.6477994322776794,-1.8067779541015625,-0.2531258761882782,0.1369621753692627,-0.9270175695419312,-0.12178768217563629,0.1748889833688736,-1.3119728565216064,-0.23059524595737457,0.2285742312669754,-1.5720425844192505,-0.33622652292251587,0.2755882740020752,-1.8074263334274292,-0.4044122099876404,-0.07733561098575592,-0.8350589275360107,-0.15699313580989838,-0.02591490000486374,-1.0262224674224854,-0.28902819752693176,0.010419640690088272,-0.90822833776474,-0.31465470790863037,0.034028857946395874,-0.7751261591911316,-0.3158447742462158
0.0,0.0,0.0,0.26289835572242737,-0.08299832791090012,-0.1570821851491928,0.4460846781730652,-0.3372918665409088,-0.20877493917942047,0.2320021241903305,-0.5817286372184753,-0.240545853972435,0.0044901384972035885,-0.7340365648269653,-0.2745912969112396,0.5699642300605774,-0.8273746371269226,-0.09696440398693085,0.7859945893287659,-1.1726254224777222,-0.15517780184745789,0.9145985841751099,-1.3852202892303467,-0.20678375661373138,1.0069459676742554,-1.5787773132324219,-0.24969719350337982,0.33980152010917664,-0.9346919059753418,-0.10433591157197952,0.4798799157142639,-1.3402377367019653,-0.1526760309934616,0.5572639107704163,-1.593490481376648,-0.21851803362369537,0.6198659539222717,-1.8208249807357788,-0.262072890996933,0.12235910445451736,-0.9285531044006348,-0.12905161082744598,0.16051439940929413,-1.316245198249817,-0.24183985590934753,0.21366479992866516,-1.5806243419647217,-0.35041356086730957,0.25845658779144287,-1.8181551694869995,-0.420918345451355,-0.09073265641927719,-0.8334994316101074,-0.16303424537181854,-0.02658022753894329,-1.0197292566299438,-0.30081138014793396,0.012137004174292088,-0.8809006810188293,-0.3270156979560852,0.035701632499694824,-0.7302649617195129,-0.3281521201133728
0.0,0.0,0.0,0.2623128890991211,-0.0758029967546463,-0.16853617131710052,0.4385051131248474,-0.3368595540523529,-0.22082413733005524,0.2116704136133194,-0.5965397357940674,-0.25077903270721436,-0.015924865379929543,-0.7678930759429932,-0.28197407722473145,0.5699739456176758,-0.8275406360626221,-0.09019932895898819,0.7751175165176392,-1.1737138032913208,-0.14712662994861603,0.8954471349716187,-1.387620449066162,-0.19994144141674042,0.9824684262275696,-1.5840791463851929,-0.2457336187362671,0.33875223994255066,-0.9364116787910461,-0.0915428176522255,0.4674062132835388,-1.3377118110656738,-0.1387566179037094,0.5356951355934143,-1.5868998765945435,-0.20873641967773438,0.5929480195045471,-1.8147618770599365,-0.25701284408569336,0.118612140417099,-0.9330270886421204,-0.1127682477235794,0.14956453442573547,-1.3209131956100464,-0.23121277987957,0.1923828125,-1.5804203748703003,-0.34611016511917114,0.22902143001556396,-1.820412278175354,-0.4210585653781891,-0.09540166705846786,-0.84474778175354,-0.14379726350307465,-0.038207363337278366,-1.0333396196365356,-0.2948739528656006,-0.004196513909846544,-0.8859469294548035,-0.33164656162261963,0.016426067799329758,-0.7368322610855103,-0.33931002020835876
0.0,0.0,0.0,0.2613469958305359,-0.06993387639522552,-0.1698504388332367,0.4448923170566559,-0.32973307371139526,-0.22083278000354767,0.22229644656181335,-0.5920052528381348,-0.2483338713645935,0.0027066757902503014,-0.7654780149459839,-0.27559423446655273,0.5785993337631226,-0.8209892511367798,-0.09020122140645981,0.7835834622383118,-1.164757251739502,-0.14456376433372498,0.9052302241325378,-1.376470923423767,-0.19831745326519012,0.9954267740249634,-1.5747926235198975,-0.2454136312007904,0.3524903655052185,-0.9312552213668823,-0.09227282553911209,0.49752262234687805,-1.3214932680130005,-0.13932856917381287,0.5706794261932373,-1.568933367729187,-0.2110292911529541,0.6282244324684143,-1.8023194074630737,-0.261350154876709,0.1358267068862915,-0.9325862526893616,-0.11446986347436905,0.1877993792295456,-1.3209017515182495,-0.23353056609630585,0.24189798533916473,-1.5731717348098755,-0.3445996344089508,0.2843039631843567,-1.8164873123168945,-0.4161423444747925,-0.07576116174459457,-0.8487846851348877,-0.14692246913909912,0.00869283452630043,-1.0721555948257446,-0.28717342019081116,0.03564197197556496,-0.924339771270752,-0.31064310669898987,0.03940733149647713,-0.7699761390686035,-0.31089410185813904
0.0,0.0,0.0,0.26626056432724,-0.04963218420743942,-0.18486236035823822,0.4629734456539154,-0.28784188628196716,-0.25117430090904236,0.24104030430316925,-0.5486809611320496,-0.2914761006832123,0.01900581642985344,-0.7306040525436401,-0.33456748723983765,0.6022012829780579,-0.7983695268630981,-0.13620488345623016,0.82672119140625,-1.1403944492340088,-0.21068553626537323,0.96662437915802,-1.3545823097229004,-0.27474337816238403,1.0680075883865356,-1.5552843809127808,-0.32616305351257324,0.37173014879226685,-0.9186181426048279,-0.13400495052337646,0.5258664488792419,-1.3126145601272583,-0.19724437594413757,0.6106013655662537,-1.5701587200164795,-0.28019261360168457,0.6764697432518005,-1.8092787265777588,-0.3359130620956421,0.15297240018844604,-0.9222562313079834,-0.14971373975276947,0.19280265271663666,-1.3063759803771973,-0.2795890271663666,0.24945957958698273,-1.5749162435531616,-0.40345337986946106,0.29533085227012634,-1.8207231760025024,-0.48363634943962097,-0.0658966675400734,-0.8381373286247253,-0.17561566829681396,0.0026554178912192583,-1.010662317276001,-0.33284297585487366,0.032530900090932846,-0.8602879643440247,-0.3713862895965576,0.042922042310237885,-0.7079223394393921,-0.37937605381011963
0.0,0.0,0.0,0.267595499753952,-0.04817526787519455,-0.18452316522598267,0.4672309458255768,-0.28625771403312683,-0.24824471771717072,0.25850334763526917,-0.5591282248497009,-0.2865263819694519,0.04408208653330803,-0.7436131834983826,-0.327042818069458,0.6145482063293457,-0.7845981121063232,-0.12600047886371613,0.8483900427818298,-1.1173584461212158,-0.19533604383468628,0.9934936761856079,-1.3263590335845947,-0.25653520226478577,1.0996521711349487,-1.5226856470108032,-0.3070555329322815,0.3915766775608063,-0.9118157625198364,-0.12352970242500305,0.5510911345481873,-1.303024411201477,-0.18103305995464325,0.6438568234443665,-1.550554871559143,-0.259236603975296,0.7212546467781067,-1.7839469909667969,-0.3124086260795593,0.17630800604820251,-0.9235095977783203,-0.13966229557991028,0.22922241687774658,-1.3076802492141724,-0.26409992575645447,0.2909272313117981,-1.5682512521743774,-0.3818863034248352,0.34585776925086975,-1.8118853569030762,-0.45862871408462524,-0.039668887853622437,-0.8489147424697876,-0.16671106219291687,0.02819226309657097,-1.0317692756652832,-0.32043179869651794,0.05344300717115402,-0.8855823874473572,-0.35646873712539673,0.06285300850868225,-0.7366971969604492,-0.3631540536880493
0.0,0.0,0.0,0.2645455598831177,-0.062172699719667435,-0.16643787920475006,0.44808533787727356,-0.31719663739204407,-0.21785372495651245,0.2467840611934662,-0.5972621440887451,-0.24625693261623383,0.05252784863114357,-0.7926706671714783,-0.2759992182254791,0.5933024883270264,-0.7956588268280029,-0.10276732593774796,0.8339340686798096,-1.1279098987579346,-0.16025564074516296,0.9743747115135193,-1.3366481065750122,-0.21063609421253204,1.0750757455825806,-1.5337224006652832,-0.25336405634880066,0.3775997459888458,-0.9201828241348267,-0.10335401445627213,0.5412449836730957,-1.321401596069336,-0.15278789401054382,0.6322181820869446,-1.575731635093689,-0.2201032191514969,0.7060042023658752,-1.810951828956604,-0.2646034061908722,0.16540855169296265,-0.9306984543800354,-0.12174811214208603,0.2140396535396576,-1.3225082159042358,-0.2380809187889099,0.2757677435874939,-1.5905647277832031,-0.35304689407348633,0.32764869928359985,-1.8359103202819824,-0.42788153886795044,-0.04788489639759064,-0.8547762632369995,-0.14937758445739746,0.01400672271847725,-1.0412598848342896,-0.29350966215133667,0.04111824929714203,-0.9002684950828552,-0.32790395617485046,0.052803799510002136,-0.7519091963768005,-0.33456936478614807
0.0,0.0,0.0,0.2732430100440979,-0.06875058263540268,-0.15991578996181488,0.4646051228046417,-0.3365245759487152,-0.20575180649757385,0.25816452503204346,-0.6183891296386719,-0.22995713353157043,0.049758438020944595,-0.804253339767456,-0.25670573115348816,0.6034430861473083,-0.7973843812942505,-0.08806540817022324,0.8346812129020691,-1.1385421752929688,-0.13856735825538635,0.972427248954773,-1.3518407344818115,-0.18704506754875183,1.0758600234985352,-1.5543957948684692,-0.22988830506801605,0.3809211254119873,-0.9201836585998535,-0.09033786505460739,0.5348660349845886,-1.326475739479065,-0.13440343737602234,0.6211975812911987,-1.5790772438049316,-0.19917833805084229,0.696047306060791,-1.8130985498428345,-0.2437572479248047,0.16577030718326569,-0.9342530369758606,-0.11003094166517258,0.2208869457244873,-1.33291757106781,-0.22226136922836304,0.2814544439315796,-1.6024976968765259,-0.33052390813827515,0.333446741104126,-1.8503447771072388,-0.4021182358264923,-0.05000001937150955,-0.8657870292663574,-0.13908693194389343,0.028215685859322548,-1.0744092464447021,-0.2768254578113556,0.05177420377731323,-0.9236612915992737,-0.30132219195365906,0.059342507272958755,-0.7634689211845398,-0.302635133266449
0.0,0.0,0.0,0.2651812434196472,-0.06957076489925385,-0.15862861275672913,0.4485551118850708,-0.32887154817581177,-0.20642749965190887,0.23448768258094788,-0.5948540568351746,-0.23294302821159363,0.03250904381275177,-0.7720524072647095,-0.2608409523963928,0.5946478843688965,-0.8063405752182007,-0.0948532447218895,0.8209108114242554,-1.155979871749878,-0.147981196641922,0.9550543427467346,-1.3706666231155396,-0.19684326648712158,1.0547627210617065,-1.5750592947006226,-0.23929913341999054,0.37238961458206177,-0.9227544069290161,-0.09924829006195068,0.5248607993125916,-1.3348735570907593,-0.15337011218070984,0.6056660413742065,-1.5864548683166504,-0.21830014884471893,0.6748949885368347,-1.8233169317245483,-0.2593929171562195,0.15766943991184235,-0.9307109713554382,-0.12023738771677017,0.21273086965084076,-1.3266783952713013,-0.23533985018730164,0.2689662575721741,-1.5878422260284424,-0.32975146174430847,0.31993618607521057,-1.8356776237487793,-0.387775719165802,-0.06278836727142334,-0.8507699966430664,-0.15089744329452515,0.007979299873113632,-1.083030343055725,-0.2783959209918976,0.025409787893295288,-0.9415910243988037,-0.2848033607006073,0.034873876720666885,-0.7863962650299072,-0.2721940279006958
0.0,0.0,0.0,0.265643447637558,-0.060998495668172836,-0.17179857194423676,0.45928648114204407,-0.3165644705295563,-0.2223297506570816,0.23555965721607208,-0.5784330368041992,-0.2474621683359146,0.005434986669570208,-0.7362073063850403,-0.27462238073349,0.5991550087928772,-0.80964595079422,-0.09833875298500061,0.8191863894462585,-1.1602022647857666,-0.14808757603168488,0.9521714448928833,-1.3759996891021729,-0.19674113392829895,1.0538063049316406,-1.5839145183563232,-0.23965661227703094,0.3682464063167572,-0.9247259497642517,-0.0963149219751358,0.5189148187637329,-1.3358789682388306,-0.14774201810359955,0.599205493927002,-1.5878366231918335,-0.21288937330245972,0.6705626249313354,-1.8257280588150024,-0.2546268105506897,0.14964334666728973,-0.9313563704490662,-0.1118420660495758,0.19985398650169373,-1.3176738023757935,-0.23166421055793762,0.2475854903459549,-1.5733733177185059,-0.3279315233230591,0.2942475974559784,-1.8155254125595093,-0.38590455055236816,-0.06958340853452682,-0.8498801589012146,-0.13791295886039734,-0.00016169194714166224,-1.0867588520050049,-0.2710120379924774,-0.004568643867969513,-0.9156786203384399,-0.27238404750823975,-0.012408586218953133,-0.7319015264511108,-0.2552154064178467
0.0,0.0,0.0,0.26512107253074646,-0.06277687102556229,-0.16482016444206238,0.459796667098999,-0.3185313940048218,-0.2123163789510727,0.2369595468044281,-0.5828456878662109,-0.23632094264030457,0.008165453560650349,-0.7419453263282776,-0.26237034797668457,0.6036529541015625,-0.8070530295372009,-0.09124927222728729,0.8250537514686584,-1.1564786434173584,-0.1398184895515442,0.9564780592918396,-1.371719479560852,-0.1891103982925415,1.0557829141616821,-1.5808253288269043,-0.23258934915065765,0.37270697951316833,-0.9233737587928772,-0.09203463047742844,0.5219703912734985,-1.330605387687683,-0.1390295922756195,0.6009806394577026,-1.581044316291809,-0.20373813807964325,0.6711940169334412,-1.8218467235565186,-0.2471851408481598,0.15419861674308777,-0.9313716292381287,-0.10988476872444153,0.20561788976192474,-1.3154805898666382,-0.22261615097522736,0.25248536467552185,-1.5667818784713745,-0.3145824670791626,0.29595568776130676,-1.8088347911834717,-0.37132570147514343,-0.06636576354503632,-0.8532816171646118,-0.13831856846809387,0.010972851887345314,-1.095641016960144,-0.26231059432029724,0.011942293494939804,-0.9319358468055725,-0.2593849003314972,0.006541043985635042,-0.7564062476158142,-0.2408779263496399
0.0,0.0,0.0,0.2648417055606842,-0.061466462910175323,-0.16812185943126678,0.45964598655700684,-0.3147476017475128,-0.2167869359254837,0.23739764094352722,-0.5785416960716248,-0.2403656542301178,0.008087173104286194,-0.7371276021003723,-0.26554250717163086,0.6063058972358704,-0.8045088648796082,-0.0975014716386795,0.8307259678840637,-1.1541633605957031,-0.14572909474372864,0.9633777141571045,-1.370835781097412,-0.19296181201934814,1.0652188062667847,-1.581272840499878,-0.23458604514598846,0.37646153569221497,-0.9213990569114685,-0.09643882513046265,0.5322374701499939,-1.3362674713134766,-0.1479092687368393,0.6135492920875549,-1.5890775918960571,-0.20931045711040497,0.6863250732421875,-1.8308067321777344,-0.24731150269508362,0.15886057913303375,-0.9297686219215393,-0.11220301687717438,0.21023383736610413,-1.3136250972747803,-0.22945497930049896,0.25798219442367554,-1.5640449523925781,-0.3162163496017456,0.30559104681015015,-1.805330514907837,-0.36606428027153015,-0.06100841611623764,-0.8494588732719421,-0.1387426257133484,0.010828864760696888,-1.0926371812820435,-0.2645953297615051,0.0020492144394665956,-0.9198699593544006,-0.25554633140563965,-0.008806699886918068,-0.7335529923439026,-0.23046961426734924
0.0,0.0,0.0,0.2681209444999695,-0.0640367791056633,-0.1662929356098175,0.4587673842906952,-0.32495325803756714,-0.21130284667015076,0.2318744957447052,-0.5878342986106873,-0.23185646533966064,0.005139794200658798,-0.7411453127861023,-0.2539040148258209,0.5998003482818604,-0.8119713068008423,-0.09444046020507812,0.8264236450195312,-1.1633849143981934,-0.14329300820827484,0.960452139377594,-1.3835099935531616,-0.19096094369888306,1.0616530179977417,-1.5948621034622192,-0.2326861172914505,0.3715760111808777,-0.923613429069519,-0.09417825937271118,0.5272200107574463,-1.3408011198043823,-0.1439822018146515,0.6060720682144165,-1.5980976819992065,-0.20638994872570038,0.6748754382133484,-1.8426307439804077,-0.2462918609380722,0.15527461469173431,-0.9282986521720886,-0.11093014478683472,0.20265229046344757,-1.317498803138733,-0.22658267617225647,0.24731366336345673,-1.5637125968933105,-0.3140942454338074,0.29094627499580383,-1.8016655445098877,-0.3651702404022217,-0.0641506165266037,-0.8447311520576477,-0.13849569857120514,0.008921233005821705,-1.0933618545532227,-0.26330170035362244,0.0073429737240076065,-0.9249331951141357,-0.25587907433509827,0.0010341932065784931,-0.7438035011291504,-0.23273728787899017
0.0,0.0,0.0,0.2592679262161255,-0.07859662175178528,-0.16168083250522614,0.4342878460884094,-0.3404126465320587,-0.20821991562843323,0.23500597476959229,-0.6124194264411926,-0.23060747981071472,0.06704996526241302,-0.8071712255477905,-0.2516620457172394,0.5906671285629272,-0.8243486285209656,-0.09520833939313889,0.8130037784576416,-1.1795217990875244,-0.14410114288330078,0.9372918009757996,-1.3981165885925293,-0.19045959413051605,1.0271598100662231,-1.607338786125183,-0.2292933315038681,0.3649868071079254,-0.9265888929367065,-0.09065107256174088,0.5148921608924866,-1.350160837173462,-0.14307288825511932,0.5839813351631165,-1.607385277748108,-0.2047896683216095,0.6373758912086487,-1.8500213623046875,-0.2428673654794693,0.15079361200332642,-0.925308883190155,-0.1018831729888916,0.19271259009838104,-1.2929643392562866,-0.21183618903160095,0.23492072522640228,-1.5274676084518433,-0.29099974036216736,0.26945367455482483,-1.7561984062194824,-0.33631429076194763,-0.06473679840564728,-0.8374144434928894,-0.12363738566637039,0.02727365866303444,-1.066876769065857,-0.23773157596588135,0.034862954169511795,-0.9024718403816223,-0.2247982770204544,0.027463365346193314,-0.7289973497390747,-0.19797852635383606
0.0,0.0,0.0,0.2616756558418274,-0.06976038217544556,-0.16321054100990295,0.440512478351593,-0.32688555121421814,-0.21271036565303802,0.23768167197704315,-0.5991853475570679,-0.23784294724464417,0.06202705204486847,-0.7953619360923767,-0.26239949464797974,0.5936723947525024,-0.8193280696868896,-0.10036115348339081,0.8173383474349976,-1.1702909469604492,-0.1521371304988861,0.9439134001731873,-1.3877474069595337,-0.2003101110458374,1.03309965133667,-1.5961909294128418,-0.2408149689435959,0.3677596151828766,-0.9247493147850037,-0.09793655574321747,0.5220596194267273,-1.3440183401107788,-0.15012623369693756,0.5941096544265747,-1.6020221710205078,-0.21647806465625763,0.6467240452766418,-1.8471338748931885,-0.2600230276584625,0.15215109288692474,-0.9229273200035095,-0.11152659356594086,0.1945643424987793,-1.2881731986999512,-0.224606454372406,0.24003882706165314,-1.5278853178024292,-0.3147872984409332,0.27066564559936523,-1.7608511447906494,-0.36978772282600403,-0.06371722370386124,-0.8354083895683289,-0.13520056009292603,0.04085509479045868,-1.0542291402816772,-0.25704580545425415,0.05756347253918648,-0.8887275457382202,-0.2549397051334381,0.04950667545199394,-0.7188372015953064,-0.2368365079164505
0.0,0.0,0.0,0.2608758509159088,-0.06732020527124405,-0.15887677669525146,0.4421590566635132,-0.3281419277191162,-0.20553910732269287,0.2543553411960602,-0.6116493344306946,-0.2277209609746933,0.08485206216573715,-0.8158172369003296,-0.24847866594791412,0.6106870770454407,-0.8052411675453186,-0.09966442734003067,0.83937007188797,-1.1570733785629272,-0.1476738601922989,0.969611644744873,-1.369728446006775,-0.19131311774253845,1.0609177350997925,-1.579024076461792,-0.22859305143356323,0.3884029686450958,-0.9163092970848083,-0.09757214784622192,0.5486002564430237,-1.3356064558029175,-0.14752373099327087,0.6247016191482544,-1.5941323041915894,-0.20972764492034912,0.6795690655708313,-1.8449881076812744,-0.24920140206813812,0.17272672057151794,-0.9186438322067261,-0.11059727519750595,0.2105455994606018,-1.2870385646820068,-0.22153028845787048,0.25686177611351013,-1.540216088294983,-0.31140798330307007,0.28743258118629456,-1.783933162689209,-0.36577633023262024,-0.04364711791276932,-0.8362531065940857,-0.13310542702674866,0.056836217641830444,-1.0440504550933838,-0.25086259841918945,0.07383429259061813,-0.879638671875,-0.24829600751399994,0.06356704235076904,-0.7121053338050842,-0.23007145524024963
0.0,0.0,0.0,0.27855193614959717,-0.06523985415697098,-0.15298950672149658,0.470597505569458,-0.32028430700302124,-0.19852511584758759,0.2871944010257721,-0.6043452024459839,-0.2209710329771042,0.11980319768190384,-0.8098475933074951,-0.2437928169965744,0.6430643200874329,-0.7880675196647644,-0.09391303360462189,0.8881785869598389,-1.12845778465271,-0.141004741191864,1.021541714668274,-1.3409013748168945,-0.18307432532310486,1.1142338514328003,-1.546420931816101,-0.21895714104175568,0.4177839159965515,-0.9035691618919373,-0.09497096389532089,0.5932918787002563,-1.308510184288025,-0.1457756757736206,0.6844713091850281,-1.5681242942810059,-0.21161238849163055,0.7563914060592651,-1.813983678817749,-0.2528388798236847,0.1990797072649002,-0.9119594097137451,-0.11113061755895615,0.25239577889442444,-1.2939947843551636,-0.2289905697107315,0.3067549169063568,-1.5550042390823364,-0.3326422870159149,0.34769248962402344,-1.7991342544555664,-0.39574915170669556,-0.015537773258984089,-0.8352463841438293,-0.1349279135465622,0.10295990854501724,-1.0323446989059448,-0.26615965366363525,0.11894245445728302,-0.861465334892273,-0.2776735723018646,0.10803856700658798,-0.6884381175041199,-0.26772019267082214
0.0,0.0,0.0,0.2769482135772705,-0.054596006870269775,-0.14534646272659302,0.4834308922290802,-0.30475619435310364,-0.18846596777439117,0.3228311240673065,-0.589930534362793,-0.21087604761123657,0.1611284613609314,-0.8002477288246155,-0.23503871262073517,0.6490616798400879,-0.7791568636894226,-0.08782059699296951,0.8920665383338928,-1.1093292236328125,-0.1319277435541153,1.0343151092529297,-1.3126524686813354,-0.17467240989208221,1.1423838138580322,-1.5108083486557007,-0.2118188440799713,0.429092675447464,-0.8983050584793091,-0.09448561072349548,0.6082899570465088,-1.2918057441711426,-0.13717833161354065,0.7081105709075928,-1.5430799722671509,-0.20260322093963623,0.7909286618232727,-1.7810454368591309,-0.24681955575942993,0.21117420494556427,-0.9097315669059753,-0.11568088084459305,0.27638405561447144,-1.294257640838623,-0.23180299997329712,0.34835484623908997,-1.5513010025024414,-0.3406282663345337,0.4024335741996765,-1.7902776002883911,-0.4101868271827698,-0.008556964807212353,-0.8381019234657288,-0.14381787180900574,0.1335984319448471,-1.0305920839309692,-0.27881285548210144,0.1542651206254959,-0.8481521606445312,-0.29525065422058105,0.13829289376735687,-0.6650839447975159,-0.2904649078845978
0.0,0.0,0.0,0.2731730043888092,-0.07475290447473526,-0.13510875403881073,0.48525792360305786,-0.348739892244339,-0.17194455862045288,0.3113832473754883,-0.6374967098236084,-0.18796448409557343,0.12206335365772247,-0.8291701078414917,-0.20657721161842346,0.6307721138000488,-0.8017987608909607,-0.08090383559465408,0.8836120367050171,-1.1412044763565063,-0.11864078044891357,1.0316917896270752,-1.343489408493042,-0.15413859486579895,1.1454873085021973,-1.537353277206421,-0.18546374142169952,0.4096111059188843,-0.9078928828239441,-0.08915840834379196,0.6117761135101318,-1.3156707286834717,-0.1339527666568756,0.7184554934501648,-1.569944977760315,-0.190512016415596,0.8034254908561707,-1.8059391975402832,-0.22502054274082184,0.19201041758060455,-0.9115315675735474,-0.11034265160560608,0.276258260011673,-1.3126206398010254,-0.22572559118270874,0.3577876687049866,-1.5755213499069214,-0.322344034910202,0.42345574498176575,-1.8185210227966309,-0.38041120767593384,-0.033564478158950806,-0.830743670463562,-0.13705511391162872,0.10361853241920471,-1.0573958158493042,-0.2601926624774933,0.11873602867126465,-0.8729007840156555,-0.2568572461605072,0.10384033620357513,-0.6749662756919861,-0.23790691792964935
0.0,0.0,0.0,0.2734612822532654,-0.08616449683904648,-0.15547879040241241,0.4405781626701355,-0.365931898355484,-0.20296046137809753,0.22569411993026733,-0.6615733504295349,-0.2264869511127472,0.04797520488500595,-0.8754986524581909,-0.24830305576324463,0.594399094581604,-0.8165304660797119,-0.0978192389011383,0.8116801381111145,-1.166487693786621,-0.1445429027080536,0.934269368648529,-1.3759304285049438,-0.1869262307882309,1.0243093967437744,-1.5830409526824951,-0.22419023513793945,0.3662344515323639,-0.9253472089767456,-0.09800396859645844,0.5300134420394897,-1.3417898416519165,-0.14646251499652863,0.6138198375701904,-1.6001203060150146,-0.20520004630088806,0.6759270429611206,-1.8361269235610962,-0.24268397688865662,0.1422732025384903,-0.9227007627487183,-0.11419320851564407,0.16911910474300385,-1.3332700729370117,-0.2345057725906372,0.2142770141363144,-1.592578411102295,-0.33541738986968994,0.24284350872039795,-1.8286566734313965,-0.3961411416530609,-0.07882234454154968,-0.8357066512107849,-0.13751918077468872,0.03442512825131416,-1.0662510395050049,-0.2726730406284332,0.06479475647211075,-0.8958674669265747,-0.2856408953666687,0.06537557393312454,-0.7187337279319763,-0.2769293785095215
0.0,0.0,0.0,0.272376149892807,-0.08568350970745087,-0.17633908987045288,0.4243770241737366,-0.3679432272911072,-0.23427698016166687,0.1961425542831421,-0.671194314956665,-0.26469188928604126,0.005682980176061392,-0.8905870914459229,-0.29138341546058655,0.5839307904243469,-0.8263153433799744,-0.11316409707069397,0.7851508855819702,-1.1794958114624023,-0.1679452806711197,0.8984138369560242,-1.3916630744934082,-0.21672752499580383,0.9846236705780029,-1.603241205215454,-0.2591102421283722,0.3488214910030365,-0.9313551783561707,-0.10440783202648163,0.4964757561683655,-1.3488620519638062,-0.1641601324081421,0.5688081383705139,-1.6090646982192993,-0.22854621708393097,0.624085545539856,-1.8505275249481201,-0.2691337764263153,0.12141215801239014,-0.9254298806190491,-0.11403912305831909,0.129890576004982,-1.3369501829147339,-0.2453877478837967,0.15018366277217865,-1.5989961624145508,-0.34871986508369446,0.1590396910905838,-1.83803129196167,-0.4089008569717407,-0.09795065224170685,-0.8352683186531067,-0.13277293741703033,0.0011714852880686522,-1.0753347873687744,-0.27553266286849976,0.0314209870994091,-0.9110398888587952,-0.2932070195674896,0.03779008239507675,-0.7385732531547546,-0.28713861107826233
0.0,0.0,0.0,0.2703970968723297,-0.0984964668750763,-0.17559602856636047,0.4079799950122833,-0.3986068069934845,-0.232269749045372,0.18390139937400818,-0.7097757458686829,-0.26157766580581665,-0.005357574205845594,-0.9305143356323242,-0.2871115803718567,0.5788676738739014,-0.8357438445091248,-0.1070326492190361,0.7667197585105896,-1.206039547920227,-0.15893803536891937,0.8666700124740601,-1.4251283407211304,-0.2065863460302353,0.9392593502998352,-1.6413639783859253,-0.24971447885036469,0.3405891954898834,-0.9348339438438416,-0.10042194277048111,0.46824803948402405,-1.3546000719070435,-0.15718424320220947,0.5267706513404846,-1.6183156967163086,-0.22527089715003967,0.5738193392753601,-1.8667007684707642,-0.27016231417655945,0.11052108556032181,-0.925727128982544,-0.11210701614618301,0.10690593719482422,-1.3446507453918457,-0.24374507367610931,0.12604224681854248,-1.6171504259109497,-0.35304969549179077,0.14009937644004822,-1.8704394102096558,-0.41974642872810364,-0.11262965947389603,-0.8324283361434937,-0.13232025504112244,-0.028009364381432533,-1.0749905109405518,-0.2797589600086212,0.005275391507893801,-0.9115082025527954,-0.3016664683818817,0.019409917294979095,-0.7409444451332092,-0.29967817664146423
0.0,0.0,0.0,0.27981799840927124,-0.10109494626522064,-0.16545593738555908,0.4288124144077301,-0.3910541236400604,-0.22200730443000793,0.21958592534065247,-0.6969628930091858,-0.25561174750328064,0.03276272118091583,-0.9153521060943604,-0.28596413135528564,0.5953269004821777,-0.8291335701942444,-0.08830135315656662,0.7831834554672241,-1.1881533861160278,-0.13843852281570435,0.8830105066299438,-1.3960294723510742,-0.1902325600385666,0.957791268825531,-1.6062239408493042,-0.23781704902648926,0.36229580640792847,-0.9278318285942078,-0.08871172368526459,0.5036428570747375,-1.3350803852081299,-0.1397463083267212,0.5679118633270264,-1.5893449783325195,-0.209722638130188,0.618276834487915,-1.8366376161575317,-0.25928401947021484,0.13274654746055603,-0.9225940108299255,-0.10774867981672287,0.14726074039936066,-1.3370808362960815,-0.23324181139469147,0.18039850890636444,-1.599326491355896,-0.3398588001728058,0.2036072015762329,-1.8513363599777222,-0.40720677375793457,-0.09100979566574097,-0.8375244140625,-0.1350523680448532,0.0013547571143135428,-1.089600682258606,-0.2753594219684601,0.0367165133357048,-0.9343484044075012,-0.2928336560726166,0.04903395101428032,-0.7766052484512329,-0.29011863470077515
0.0,0.0,0.0,0.2716994285583496,-0.10076982527971268,-0.1615656018257141,0.4253178536891937,-0.39710700511932373,-0.20860444009304047,0.22042275965213776,-0.7044662833213806,-0.23289820551872253,0.028193363919854164,-0.9154245257377625,-0.25461870431900024,0.5933380722999573,-0.8263217210769653,-0.07176511734724045,0.7751750349998474,-1.1778336763381958,-0.11488331854343414,0.8755970001220703,-1.3848735094070435,-0.1636994481086731,0.9515737891197205,-1.5946989059448242,-0.2096053808927536,0.36070242524147034,-0.9299826622009277,-0.07089413702487946,0.49702686071395874,-1.3341766595840454,-0.11428708583116531,0.5624984502792358,-1.5874724388122559,-0.17983445525169373,0.6152214407920837,-1.830688714981079,-0.22656725347042084,0.1312304139137268,-0.9283515810966492,-0.0893562063574791,0.1520581841468811,-1.3347939252853394,-0.211027592420578,0.19058343768119812,-1.5905503034591675,-0.3190503418445587,0.21589387953281403,-1.8341944217681885,-0.38728979229927063,-0.0917951688170433,-0.847348153591156,-0.11617901176214218,0.005494405049830675,-1.0887748003005981,-0.2580643594264984,0.04066169634461403,-0.9259229302406311,-0.27966734766960144,0.051163967698812485,-0.7621719837188721,-0.2794722020626068
0.0,0.0,0.0,0.2748997211456299,-0.11020595580339432,-0.14780746400356293,0.42499783635139465,-0.4208114743232727,-0.18471863865852356,0.21932077407836914,-0.7215380072593689,-0.20131230354309082,0.021835340186953545,-0.9191470742225647,-0.21574482321739197,0.5768211483955383,-0.8438727855682373,-0.05436435341835022,0.7595608830451965,-1.1955205202102661,-0.08750402182340622,0.8608678579330444,-1.401058554649353,-0.12855802476406097,0.9341838359832764,-1.6055560111999512,-0.16913624107837677,0.34153294563293457,-0.9380925893783569,-0.057772137224674225,0.47326746582984924,-1.3402578830718994,-0.09218890219926834,0.5428776144981384,-1.5920002460479736,-0.15234555304050446,0.596358060836792,-1.8310884237289429,-0.19575831294059753,0.11162663996219635,-0.9266997575759888,-0.079816073179245,0.12910640239715576,-1.3361468315124512,-0.19231706857681274,0.16840049624443054,-1.5904500484466553,-0.2984435558319092,0.1909216344356537,-1.8295435905456543,-0.36619120836257935,-0.1098903939127922,-0.8376100659370422,-0.10932528972625732,-0.005094963125884533,-1.078794240951538,-0.24418185651302338,0.03666900470852852,-0.9222118258476257,-0.2660840153694153,0.04819558560848236,-0.764667809009552,-0.2671617865562439
0.0,0.0,0.0,0.27200573682785034,-0.10328331589698792,-0.1584121435880661,0.4164236783981323,-0.40546461939811707,-0.19663268327713013,0.21158677339553833,-0.6921457648277283,-0.2133055031299591,0.00874501932412386,-0.877612829208374,-0.22718720138072968,0.570044219493866,-0.8484485745429993,-0.05002230033278465,0.749782383441925,-1.1917375326156616,-0.08452840149402618,0.8512885570526123,-1.3952460289001465,-0.12907500565052032,0.9238689541816711,-1.5981515645980835,-0.17228123545646667,0.3388623297214508,-0.9396224021911621,-0.047771014273166656,0.4634718596935272,-1.3277480602264404,-0.08390334993600845,0.5275536179542542,-1.57538640499115,-0.1483648270368576,0.5796129703521729,-1.816370964050293,-0.1946956366300583,0.1119217574596405,-0.9265991449356079,-0.06612985581159592,0.13555598258972168,-1.3156720399856567,-0.1788683384656906,0.1674138754606247,-1.569972038269043,-0.28634509444236755,0.18810252845287323,-1.8151147365570068,-0.3540714979171753,-0.10630480945110321,-0.8340982794761658,-0.0937589555978775,-0.02200164459645748,-1.0693583488464355,-0.22587373852729797,0.010703770443797112,-0.9266352653503418,-0.2485104203224182,0.024275554344058037,-0.7814539074897766,-0.2501976788043976
0.0,0.0,0.0,0.29007387161254883,-0.09399662166833878,-0.13708221912384033,0.4556860625743866,-0.3900693953037262,-0.16952846944332123,0.2648342549800873,-0.6693131923675537,-0.1844460666179657,0.06540566682815552,-0.8362937569618225,-0.19989368319511414,0.5851763486862183,-0.832912802696228,-0.0603695884346962,0.7763079404830933,-1.1754429340362549,-0.09988859295845032,0.8884426355361938,-1.384474515914917,-0.1454085260629654,0.969577968120575,-1.5869032144546509,-0.18623870611190796,0.3593708872795105,-0.9307530522346497,-0.06746342033147812,0.4998711049556732,-1.3212593793869019,-0.10062418133020401,0.5766936540603638,-1.572860598564148,-0.15808077156543732,0.6363665461540222,-1.8080761432647705,-0.19954486191272736,0.1337503343820572,-0.9215335845947266,-0.0913476049900055,0.1680298149585724,-1.317974328994751,-0.1979210078716278,0.21208633482456207,-1.5699273347854614,-0.2992159128189087,0.24173057079315186,-1.8044803142547607,-0.363485187292099,-0.08770968019962311,-0.829312264919281,-0.12227277457714081,0.0038006503600627184,-1.0700017213821411,-0.24474279582500458,0.03309008479118347,-0.9299705028533936,-0.25782617926597595,0.03889155760407448,-0.7781088948249817,-0.2534914016723633
0.0,0.0,0.0,0.27557510137557983,-0.07325810939073563,-0.13549388945102692,0.4802229106426239,-0.36656972765922546,-0.15970218181610107,0.30775007605552673,-0.6636226773262024,-0.16429604589939117,0.111280657351017,-0.8336179256439209,-0.17042924463748932,0.5919508337974548,-0.8151519894599915,-0.058205075562000275,0.8033532500267029,-1.1452504396438599,-0.09313634037971497,0.924408495426178,-1.3503642082214355,-0.13399532437324524,1.0088202953338623,-1.547664999961853,-0.17132946848869324,0.37899690866470337,-0.9231340885162354,-0.06468945741653442,0.5403797030448914,-1.3112258911132812,-0.09022554755210876,0.6267033815383911,-1.5553456544876099,-0.14232948422431946,0.6905314326286316,-1.7787541151046753,-0.17979061603546143,0.1653473973274231,-0.9208353161811829,-0.08755423873662949,0.22827613353729248,-1.3041021823883057,-0.18619896471500397,0.2944042980670929,-1.5464905500411987,-0.2857847511768341,0.3416646718978882,-1.7751741409301758,-0.3511504828929901,-0.05384555086493492,-0.8363668918609619,-0.11768617480993271,0.050944793969392776,-1.0561792850494385,-0.2379685640335083,0.07308733463287354,-0.9047092795372009,-0.2506653368473053,0.06379811465740204,-0.7457139492034912,-0.24641259014606476
0.0,0.0,0.0,0.27872908115386963,-0.0647401362657547,-0.1331845223903656,0.4844670593738556,-0.34397345781326294,-0.1604098230600357,0.33919259905815125,-0.6442657709121704,-0.16866356134414673,0.1691403090953827,-0.8344627022743225,-0.1799105405807495,0.6042481064796448,-0.8020744323730469,-0.07393015921115875,0.8478979468345642,-1.1360384225845337,-0.11361777037382126,0.9823314547538757,-1.3439805507659912,-0.15421147644519806,1.0725834369659424,-1.5423918962478638,-0.18968966603279114,0.3967432379722595,-0.9142297506332397,-0.082333043217659,0.577710747718811,-1.3089025020599365,-0.11103732138872147,0.6720778346061707,-1.5578422546386719,-0.1647157222032547,0.738949716091156,-1.781367540359497,-0.20237578451633453,0.18104419112205505,-0.9142054915428162,-0.10559553653001785,0.2606114447116852,-1.3064496517181396,-0.2087601274251938,0.33812031149864197,-1.5614107847213745,-0.3141145706176758,0.3943799138069153,-1.797408103942871,-0.38353654742240906,-0.041263170540332794,-0.8306843042373657,-0.13456666469573975,0.0689489021897316,-1.0457894802093506,-0.2599547207355499,0.08949732780456543,-0.9006767272949219,-0.2757323384284973,0.07405932247638702,-0.7422548532485962,-0.2726755738258362
0.0,0.0,0.0,0.27960699796676636,-0.08139754086732864,-0.1380464881658554,0.4765706956386566,-0.3661673665046692,-0.17651152610778809,0.3348467946052551,-0.6624333262443542,-0.19704176485538483,0.1597185730934143,-0.8540191054344177,-0.22144468128681183,0.5780632495880127,-0.8290339112281799,-0.09007225185632706,0.8139621019363403,-1.1709392070770264,-0.1397371143102646,0.9514982104301453,-1.385259985923767,-0.1870366930961609,1.0471577644348145,-1.5811052322387695,-0.22669120132923126,0.3551766574382782,-0.9294233918190002,-0.10010829567909241,0.5104529857635498,-1.3362385034561157,-0.13813067972660065,0.6058225631713867,-1.5897804498672485,-0.1985865831375122,0.6797652840614319,-1.8141887187957764,-0.24174876511096954,0.1326354444026947,-0.9187712669372559,-0.12429079413414001,0.19206205010414124,-1.3318532705307007,-0.23300454020500183,0.26143765449523926,-1.599128007888794,-0.3393157720565796,0.3145741820335388,-1.8367353677749634,-0.4104471206665039,-0.091401606798172,-0.822025716304779,-0.15433450043201447,0.011137910187244415,-1.0534871816635132,-0.28600117564201355,0.050818052142858505,-0.9261103868484497,-0.3064514994621277,0.058248940855264664,-0.77863609790802,-0.3068443834781647
0.0,0.0,0.0,0.2766658067703247,-0.09105692058801651,-0.15269607305526733,0.44543734192848206,-0.4011206328868866,-0.19205144047737122,0.25279608368873596,-0.7086037993431091,-0.2098570615053177,0.052185844630002975,-0.8910347819328308,-0.22974233329296112,0.5468611121177673,-0.8490812182426453,-0.09448881447315216,0.7530076503753662,-1.215092420578003,-0.14284726977348328,0.8701103329658508,-1.4424257278442383,-0.1893807202577591,0.9492269158363342,-1.6519795656204224,-0.2301352173089981,0.31429699063301086,-0.9443771839141846,-0.09679416567087173,0.4421613812446594,-1.370521068572998,-0.13714265823364258,0.5191095471382141,-1.6365445852279663,-0.1986556202173233,0.5781372785568237,-1.8727718591690063,-0.24241743981838226,0.09277702867984772,-0.9309325218200684,-0.1148725301027298,0.11699779331684113,-1.3574719429016113,-0.22525766491889954,0.1643105298280716,-1.632116675376892,-0.33330968022346497,0.1987379640340805,-1.8758325576782227,-0.4051533639431,-0.12823793292045593,-0.836087703704834,-0.1402638852596283,-0.049764618277549744,-1.075924277305603,-0.2724800705909729,-0.007480263244360685,-0.9428972601890564,-0.2961403727531433,0.00942282285541296,-0.7945155501365662,-0.29931169748306274
0.0,0.0,0.0,0.2802932560443878,-0.08239799737930298,-0.14188699424266815,0.44377079606056213,-0.38231736421585083,-0.18046638369560242,0.2634991407394409,-0.6840104460716248,-0.20052044093608856,0.06536125391721725,-0.8676058650016785,-0.2253127545118332,0.5568994283676147,-0.8431237936019897,-0.09552083909511566,0.7688741087913513,-1.2215160131454468,-0.14454981684684753,0.8817423582077026,-1.4572011232376099,-0.19025485217571259,0.9550091624259949,-1.669898509979248,-0.22977350652217865,0.3212154805660248,-0.9413838982582092,-0.10303890705108643,0.44488340616226196,-1.370849370956421,-0.1451159119606018,0.5139303803443909,-1.6449440717697144,-0.20920123159885406,0.567268967628479,-1.8899048566818237,-0.2541664242744446,0.09419418126344681,-0.9270126819610596,-0.1245734691619873,0.11006253212690353,-1.3648619651794434,-0.2347516268491745,0.14393848180770874,-1.6506000757217407,-0.3440179228782654,0.17149336636066437,-1.90522301197052,-0.4163874685764313,-0.13019433617591858,-0.829747200012207,-0.151926651597023,-0.06655008345842361,-1.0777229070663452,-0.28198444843292236,-0.028530187904834747,-0.9628736972808838,-0.3060457706451416,-0.008056689985096455,-0.8289220929145813,-0.3093511462211609
0.0,0.0,0.0,0.28675156831741333,-0.09147364646196365,-0.16077880561351776,0.4362843632698059,-0.4018619656562805,-0.20965994894504547,0.2422688901424408,-0.7164429426193237,-0.23683008551597595,0.03563441336154938,-0.9111855626106262,-0.2677575647830963,0.5331222414970398,-0.8624883890151978,-0.11458100378513336,0.7294543981552124,-1.250942587852478,-0.17205995321273804,0.8366860151290894,-1.4887834787368774,-0.22426654398441315,0.908546507358551,-1.7086772918701172,-0.26849696040153503,0.2896791994571686,-0.9500434398651123,-0.11620454490184784,0.4010350704193115,-1.3970392942428589,-0.1665683090686798,0.4647115468978882,-1.680843472480774,-0.23547324538230896,0.5125110745429993,-1.9316993951797485,-0.28343915939331055,0.06015804409980774,-0.9276108145713806,-0.13306477665901184,0.05835871025919914,-1.372376799583435,-0.2537243664264679,0.08769328147172928,-1.6673660278320312,-0.3685557246208191,0.10687427967786789,-1.9243619441986084,-0.4436163902282715,-0.1611284464597702,-0.8223825693130493,-0.15706339478492737,-0.10111228376626968,-1.0720231533050537,-0.2977944612503052,-0.052872151136398315,-0.949131190776825,-0.3259308636188507,-0.03138267993927002,-0.8051245212554932,-0.330971896648407
0.0,0.0,0.0,0.28152889013290405,-0.09156405180692673,-0.14855410158634186,0.43396759033203125,-0.4138398766517639,-0.1844002902507782,0.22302106022834778,-0.7256925106048584,-0.1995832622051239,0.016439052298665047,-0.9006979465484619,-0.21838024258613586,0.5253876447677612,-0.8678087592124939,-0.09722716361284256,0.7100552916526794,-1.2535775899887085,-0.14541785418987274,0.809588611125946,-1.489090085029602,-0.19138841331005096,0.8767005801200867,-1.7053735256195068,-0.23222801089286804,0.2810877859592438,-0.9543696045875549,-0.10083828866481781,0.3843322694301605,-1.3933393955230713,-0.14187678694725037,0.4437878727912903,-1.66973078250885,-0.2056753933429718,0.4902020990848541,-1.9145586490631104,-0.25183892250061035,0.055489376187324524,-0.931580126285553,-0.11938835680484772,0.05240289494395256,-1.3710681200027466,-0.23078717291355133,0.07971785962581635,-1.6501274108886719,-0.3425188958644867,0.09609382599592209,-1.8964980840682983,-0.4174024760723114,-0.16299337148666382,-0.8267040252685547,-0.14457625150680542,-0.0925951898097992,-1.072914719581604,-0.2762695848941803,-0.04782537370920181,-0.9393314123153687,-0.3019966185092926,-0.03084440529346466,-0.7896604537963867,-0.30771419405937195
0.0,0.0,0.0,0.2799457907676697,-0.09744614362716675,-0.16823507845401764,0.4182994067668915,-0.4000670313835144,-0.22587516903877258,0.21023255586624146,-0.7120596170425415,-0.2594980001449585,0.017752159386873245,-0.9128190875053406,-0.2962789535522461,0.546871542930603,-0.8581368923187256,-0.13348498940467834,0.7477853894233704,-1.251938819885254,-0.2006499320268631,0.8549940586090088,-1.4857879877090454,-0.2587644159793854,0.9286532402038574,-1.7041910886764526,-0.3062992990016937,0.3058532774448395,-0.942671000957489,-0.13351060450077057,0.43821603059768677,-1.3860522508621216,-0.18903973698616028,0.502291202545166,-1.663238286972046,-0.25866785645484924,0.5511379837989807,-1.910395860671997,-0.3072395324707031,0.07459111511707306,-0.9180275201797485,-0.14934024214744568,0.0988408699631691,-1.364870548248291,-0.2722090482711792,0.1372319757938385,-1.6460144519805908,-0.38213157653808594,0.1653975546360016,-1.8977749347686768,-0.4545396566390991,-0.15000037848949432,-0.8102374076843262,-0.17314060032367706,-0.08487021923065186,-1.0569795370101929,-0.3175213038921356,-0.04267095774412155,-0.9254567623138428,-0.3420175313949585,-0.027770863845944405,-0.7784461379051208,-0.34364956617355347
0.0,0.0,0.0,0.28662556409835815,-0.0938994437456131,-0.15987659990787506,0.43497583270072937,-0.37310391664505005,-0.2131199985742569,0.2279827743768692,-0.6466192007064819,-0.24324165284633636,0.038383353501558304,-0.8365750908851624,-0.27583691477775574,0.5421754121780396,-0.8584843277931213,-0.1183476597070694,0.7323054075241089,-1.2285361289978027,-0.17333504557609558,0.8390035033226013,-1.4534990787506104,-0.22482146322727203,0.915481448173523,-1.671034812927246,-0.26980072259902954,0.299568772315979,-0.9464417099952698,-0.1204434186220169,0.4191560745239258,-1.368972897529602,-0.1670421063899994,0.47738009691238403,-1.6340270042419434,-0.2345629632472992,0.5248733162879944,-1.8829576969146729,-0.2840507924556732,0.06959105283021927,-0.9242482781410217,-0.137530118227005,0.07475632429122925,-1.3293923139572144,-0.25401583313941956,0.10567448288202286,-1.59583580493927,-0.3621101975440979,0.12575151026248932,-1.8410475254058838,-0.4345761835575104,-0.14822132885456085,-0.8180112242698669,-0.16280362010002136,-0.0651298388838768,-1.0460445880889893,-0.29931697249412537,-0.01828693598508835,-0.882900595664978,-0.31841397285461426,-0.0013975268229842186,-0.7099691033363342,-0.31794223189353943
0.0,0.0,0.0,0.2919894754886627,-0.08568479865789413,-0.15192796289920807,0.43831390142440796,-0.3722445070743561,-0.19283580780029297,0.2300375998020172,-0.6571945548057556,-0.2125215381383896,0.047692038118839264,-0.8500447273254395,-0.2352435141801834,0.5669929385185242,-0.8523553609848022,-0.0917416363954544,0.7652849555015564,-1.2260185480117798,-0.1346859186887741,0.8736656308174133,-1.451340675354004,-0.17937706410884857,0.9491479992866516,-1.667594313621521,-0.22072482109069824,0.3203873038291931,-0.942766010761261,-0.0924348458647728,0.43549880385398865,-1.3698824644088745,-0.12717196345329285,0.4877232313156128,-1.6400266885757446,-0.19154395163059235,0.5305042266845703,-1.8874895572662354,-0.23865914344787598,0.09099401533603668,-0.9188666939735413,-0.10861612111330032,0.09676346182823181,-1.3266279697418213,-0.22061258554458618,0.12366069108247757,-1.5963153839111328,-0.3351060152053833,0.14034762978553772,-1.840408205986023,-0.41106951236724854,-0.1217355728149414,-0.8085548281669617,-0.13200224936008453,-0.045137010514736176,-1.0205395221710205,-0.27253711223602295,-0.009255094453692436,-0.853015124797821,-0.3000769019126892,-0.0006575919105671346,-0.6761956214904785,-0.3037640154361725
0.0,0.0,0.0,0.291016161441803,-0.08841179311275482,-0.14532168209552765,0.4442541003227234,-0.3791807293891907,-0.18753856420516968,0.2408120483160019,-0.669900119304657,-0.2098853588104248,0.06060706079006195,-0.8533809185028076,-0.23555581271648407,0.5542533993721008,-0.8560453653335571,-0.10296619683504105,0.7607348561286926,-1.2309738397598267,-0.15255264937877655,0.8732432126998901,-1.4576647281646729,-0.2007446438074112,0.9469928741455078,-1.6706751585006714,-0.24290721118450165,0.31119391322135925,-0.9440945982933044,-0.10882895439863205,0.43550607562065125,-1.3748103380203247,-0.14269106090068817,0.49569109082221985,-1.6476027965545654,-0.20519182085990906,0.5400376319885254,-1.8938186168670654,-0.252277672290802,0.08292461931705475,-0.918369472026825,-0.12870104610919952,0.09463038295507431,-1.337186574935913,-0.23274359107017517,0.12946678698062897,-1.6116633415222168,-0.34151503443717957,0.1512036770582199,-1.8563748598098755,-0.4162113666534424,-0.13805410265922546,-0.8077277541160583,-0.1554156243801117,-0.07192792743444443,-1.0314569473266602,-0.28455784916877747,-0.02585807628929615,-0.896172821521759,-0.3076891303062439,-0.009455169551074505,-0.7463503479957581,-0.310942679643631
0.0,0.0,0.0,0.28385961055755615,-0.0780816376209259,-0.16689279675483704,0.4277726709842682,-0.3639063835144043,-0.21540609002113342,0.2329152375459671,-0.6585271954536438,-0.24115151166915894,0.06742115318775177,-0.8601843118667603,-0.26858875155448914,0.5804650187492371,-0.8405096530914307,-0.09865675866603851,0.7790551781654358,-1.2103583812713623,-0.15425948798656464,0.8876392841339111,-1.434269666671753,-0.21041467785835266,0.9603561162948608,-1.642041563987732,-0.2582399249076843,0.33906787633895874,-0.9361466765403748,-0.09307211637496948,0.4567534625530243,-1.3500611782073975,-0.13649068772792816,0.5125554203987122,-1.617400050163269,-0.20438212156295776,0.5573762655258179,-1.8513976335525513,-0.2508602738380432,0.11108754575252533,-0.9199597239494324,-0.10593985766172409,0.14117851853370667,-1.3310271501541138,-0.2204708606004715,0.17445750534534454,-1.5896891355514526,-0.33370712399482727,0.20115435123443604,-1.8168020248413086,-0.4067542850971222,-0.10502691566944122,-0.815155565738678,-0.12807150185108185,-0.04408806934952736,-1.006532907485962,-0.2778998017311096,-0.015544315800070763,-0.8613017797470093,-0.31539466977119446,-0.006586786359548569,-0.7066718339920044,-0.3219448924064636
0.0,0.0,0.0,0.2829228937625885,-0.07048413902521133,-0.17538896203041077,0.43617168068885803,-0.3515799939632416,-0.23030564188957214,0.22595074772834778,-0.6505242586135864,-0.2590605914592743,0.04543449729681015,-0.8439537882804871,-0.28861159086227417,0.5886546969413757,-0.8346644043922424,-0.11705805361270905,0.7870023846626282,-1.2058066129684448,-0.16893790662288666,0.8965470194816589,-1.4228670597076416,-0.22061724960803986,0.9742834568023682,-1.6362943649291992,-0.26457419991493225,0.34825658798217773,-0.9317045211791992,-0.10316980630159378,0.4792329668998718,-1.3548864126205444,-0.14233754575252533,0.5396133065223694,-1.611729621887207,-0.20225407183170319,0.5871134996414185,-1.845494270324707,-0.24459266662597656,0.12524892389774323,-0.9229726791381836,-0.10627574473619461,0.13677647709846497,-1.3124905824661255,-0.20848095417022705,0.15518882870674133,-1.5576701164245605,-0.3020899295806885,0.1705770045518875,-1.7756240367889404,-0.36296212673187256,-0.08649538457393646,-0.8317787647247314,-0.12066974490880966,-0.02305859886109829,-1.0518217086791992,-0.24183537065982819,-0.007018727716058493,-0.8917279243469238,-0.25231683254241943,-0.006594356615096331,-0.719840943813324,-0.24431823194026947
0.0,0.0,0.0,0.28033381700515747,-0.060926638543605804,-0.18775416910648346,0.43754300475120544,-0.31680840253829956,-0.24749571084976196,0.2426699548959732,-0.597885251045227,-0.28356027603149414,0.06543808430433273,-0.7989608645439148,-0.3179503381252289,0.5880475640296936,-0.8261108994483948,-0.11061950773000717,0.7723480463027954,-1.195853590965271,-0.17803218960762024,0.8746992945671082,-1.4184150695800781,-0.23798303306102753,0.9440850615501404,-1.635336995124817,-0.2854181230068207,0.3513765037059784,-0.9313520193099976,-0.09548819810152054,0.4712271988391876,-1.366377353668213,-0.1491927057504654,0.5250884294509888,-1.6278185844421387,-0.2148764282464981,0.5646458268165588,-1.855642318725586,-0.2573194205760956,0.12703700363636017,-0.9218622446060181,-0.10142205655574799,0.13319872319698334,-1.2601770162582397,-0.2147655040025711,0.15165764093399048,-1.465083360671997,-0.30872055888175964,0.16439437866210938,-1.6528210639953613,-0.3642374575138092,-0.08142510801553726,-0.8245397210121155,-0.12173681706190109,-0.03660840541124344,-0.9827478528022766,-0.25508344173431396,-0.02755630388855934,-0.8278454542160034,-0.275750070810318,-0.03399676829576492,-0.6766735911369324,-0.27059727907180786
0.0,0.0,0.0,0.27155801653862,-0.05936668440699577,-0.17788973450660706,0.4264402389526367,-0.313784658908844,-0.234856978058815,0.2106277048587799,-0.5888041853904724,-0.26976510882377625,0.020915435627102852,-0.7799385190010071,-0.30314522981643677,0.5852599143981934,-0.8301061987876892,-0.10023948550224304,0.7542697191238403,-1.2004904747009277,-0.16020311415195465,0.8472579121589661,-1.4198042154312134,-0.21590544283390045,0.9097632169723511,-1.6341303586959839,-0.26089924573898315,0.35221153497695923,-0.9317249655723572,-0.08851888030767441,0.463453471660614,-1.3616727590560913,-0.13514059782028198,0.5105568766593933,-1.6208608150482178,-0.19948580861091614,0.5447065830230713,-1.8511627912521362,-0.24233371019363403,0.13433505594730377,-0.9194697141647339,-0.09668117016553879,0.13183705508708954,-1.250949501991272,-0.2034134566783905,0.14181312918663025,-1.4489511251449585,-0.29464825987815857,0.14651866257190704,-1.634328007698059,-0.34859150648117065,-0.0702996477484703,-0.8208005428314209,-0.11846394836902618,-0.03259248659014702,-0.9855681657791138,-0.24288135766983032,-0.026646368205547333,-0.8303402066230774,-0.25823116302490234,-0.03513132408261299,-0.6756327152252197,-0.250335156917572
0.0,0.0,0.0,0.2594396471977234,-0.04997177794575691,-0.18772196769714355,0.4247104227542877,-0.2849315106868744,-0.2572448253631592,0.20602573454380035,-0.5531194806098938,-0.30193477869033813,-0.003987429663538933,-0.7425815463066101,-0.3471486568450928,0.5769238471984863,-0.8236227035522461,-0.13439981639385223,0.7530292272567749,-1.194524884223938,-0.20275430381298065,0.84634929895401,-1.4166603088378906,-0.26256874203681946,0.9132786989212036,-1.638096570968628,-0.31150010228157043,0.33978286385536194,-0.9323251843452454,-0.12376341223716736,0.45126694440841675,-1.3662724494934082,-0.17941248416900635,0.4926239550113678,-1.6296334266662598,-0.25048089027404785,0.5245642066001892,-1.8692830801010132,-0.29850301146507263,0.12299082428216934,-0.9207499623298645,-0.13056041300296783,0.11301037669181824,-1.2632540464401245,-0.24450863897800446,0.1148727685213089,-1.4756581783294678,-0.3391432464122772,0.11488575488328934,-1.6718662977218628,-0.3972528874874115,-0.07795983552932739,-0.8184117078781128,-0.15104389190673828,-0.05058200657367706,-0.9820213317871094,-0.28140297532081604,-0.05224946141242981,-0.8157190680503845,-0.2955000400543213,-0.060523871332407,-0.6464670300483704,-0.2869185209274292
0.0,0.0,0.0,0.25781455636024475,-0.05858796462416649,-0.18650075793266296,0.3933872878551483,-0.3228811025619507,-0.2484300285577774,0.1665051430463791,-0.6072476506233215,-0.2837314009666443,-0.0365673191845417,-0.800808846950531,-0.3195822834968567,0.5866169929504395,-0.8225544691085815,-0.11990031599998474,0.75627201795578,-1.206957459449768,-0.17831607162952423,0.8445790410041809,-1.4410468339920044,-0.23347564041614532,0.9039185643196106,-1.6617811918258667,-0.2802719175815582,0.35806912183761597,-0.9275447726249695,-0.10699179023504257,0.4609526991844177,-1.363612174987793,-0.15133289992809296,0.49896150827407837,-1.6383086442947388,-0.2171807587146759,0.5324442982673645,-1.8842359781265259,-0.26240748167037964,0.1386980563402176,-0.9153937697410583,-0.11294547468423843,0.1404232233762741,-1.3031693696975708,-0.2243528813123703,0.15169359743595123,-1.5477982759475708,-0.32670408487319946,0.1663128137588501,-1.7720857858657837,-0.39151597023010254,-0.06944915652275085,-0.8129063248634338,-0.13121801614761353,-0.04597650095820427,-1.0026912689208984,-0.2718263268470764,-0.04507100209593773,-0.8387272357940674,-0.2953360080718994,-0.047569889575242996,-0.6687226295471191,-0.29242029786109924
0.0,0.0,0.0,0.26622626185417175,-0.05360514670610428,-0.20866546034812927,0.4046342968940735,-0.32855018973350525,-0.27979978919029236,0.17384770512580872,-0.644435465335846,-0.3195233941078186,-0.01591477356851101,-0.8735231757164001,-0.3590885102748871,0.6035089492797852,-0.8064029812812805,-0.13961286842823029,0.7636567950248718,-1.1919885873794556,-0.20807209610939026,0.8464695811271667,-1.429203987121582,-0.2679803669452667,0.901853621006012,-1.6481316089630127,-0.3177714943885803,0.37669509649276733,-0.9189048409461975,-0.11710983514785767,0.4941589832305908,-1.3493038415908813,-0.17431126534938812,0.5431596040725708,-1.622443675994873,-0.24762490391731262,0.5864388346672058,-1.8569705486297607,-0.29576289653778076,0.15192143619060516,-0.9130249619483948,-0.1161145493388176,0.1575857251882553,-1.3209730386734009,-0.24874268472194672,0.17602628469467163,-1.5661886930465698,-0.3685702979564667,0.20202748477458954,-1.7841740846633911,-0.4428321123123169,-0.06359927356243134,-0.8215319514274597,-0.12706995010375977,-0.039619576185941696,-0.999173104763031,-0.29785454273223877,-0.03243052959442139,-0.8360326290130615,-0.3468869924545288,-0.023855827748775482,-0.6724770665168762,-0.35895025730133057
0.0,0.0,0.0,0.26547086238861084,-0.06220965087413788,-0.21859367191791534,0.39576077461242676,-0.343559205532074,-0.2893126308917999,0.18271107971668243,-0.6637066006660461,-0.3269132673740387,0.0014513194328173995,-0.9010130167007446,-0.36255577206611633,0.6141727566719055,-0.7969582676887512,-0.12814553081989288,0.7813704013824463,-1.172819972038269,-0.197697713971138,0.8666484951972961,-1.4075225591659546,-0.2609635293483734,0.9211252331733704,-1.6222071647644043,-0.31374070048332214,0.39651837944984436,-0.9121880531311035,-0.10337398201227188,0.5171892642974854,-1.3435856103897095,-0.1663977950811386,0.569216787815094,-1.6158148050308228,-0.24511165916919708,0.6131823658943176,-1.8458263874053955,-0.2947857081890106,0.17505262792110443,-0.9119296669960022,-0.10288500040769577,0.18987727165222168,-1.3206140995025635,-0.245069682598114,0.2170342057943344,-1.561890959739685,-0.36995789408683777,0.2493370771408081,-1.7803494930267334,-0.4442964494228363,-0.04013975337147713,-0.8260075449943542,-0.11535767465829849,-0.009363032877445221,-1.0065093040466309,-0.3020930886268616,-0.005885062739253044,-0.8382234573364258,-0.35860705375671387,-0.0037762487772852182,-0.6732640266418457,-0.372091144323349
0.0,0.0,0.0,0.2761182188987732,-0.06627106666564941,-0.20414845645427704,0.41040489077568054,-0.3632153868675232,-0.26417914032936096,0.18995235860347748,-0.7011124491691589,-0.2906509041786194,0.013996463268995285,-0.9426743388175964,-0.3151598870754242,0.6043426394462585,-0.8114949464797974,-0.12050271779298782,0.787300705909729,-1.1876603364944458,-0.17766547203063965,0.8849616646766663,-1.4171462059020996,-0.22907930612564087,0.9538163542747498,-1.6335302591323853,-0.2745610773563385,0.3741370141506195,-0.9219376444816589,-0.10026192665100098,0.4994436800479889,-1.3623260259628296,-0.15229599177837372,0.5574164986610413,-1.6312493085861206,-0.21939003467559814,0.6085007190704346,-1.862323522567749,-0.2614935636520386,0.14761663973331451,-0.9153009653091431,-0.10216985642910004,0.16195890307426453,-1.33297860622406,-0.24218590557575226,0.19678594172000885,-1.5894094705581665,-0.36341235041618347,0.2345471829175949,-1.8220171928405762,-0.43601304292678833,-0.06722566485404968,-0.8197727799415588,-0.1146664097905159,-0.013685072772204876,-1.014581561088562,-0.29757970571517944,-0.0002080119593301788,-0.8241548538208008,-0.34473851323127747,0.0035250948276370764,-0.6370343565940857,-0.3528222143650055
0.0,0.0,0.0,0.28063851594924927,-0.06697648018598557,-0.19174040853977203,0.43430912494659424,-0.3588808476924896,-0.24529053270816803,0.2196270227432251,-0.6884520053863525,-0.26940232515335083,0.040006574243307114,-0.9201733469963074,-0.29466894268989563,0.6023858189582825,-0.8054076433181763,-0.10222935676574707,0.7928032875061035,-1.1668750047683716,-0.15881305932998657,0.8951913118362427,-1.3892431259155273,-0.21433332562446594,0.9703104496002197,-1.6048450469970703,-0.26349133253097534,0.373760461807251,-0.9233216643333435,-0.08820557594299316,0.49926862120628357,-1.353408694267273,-0.1355743408203125,0.5516241192817688,-1.6246864795684814,-0.20491211116313934,0.5996638536453247,-1.8604109287261963,-0.2506984770298004,0.14935997128486633,-0.9220806956291199,-0.09562794864177704,0.1806308627128601,-1.3298407793045044,-0.2294996827840805,0.21988405287265778,-1.5808876752853394,-0.35216599702835083,0.25878721475601196,-1.8086943626403809,-0.4283764064311981,-0.06545549631118774,-0.8302249908447266,-0.11337471753358841,-0.006553778424859047,-1.001401662826538,-0.2959648072719574,0.0012788587482646108,-0.8057690858840942,-0.34582874178886414,-0.00010860386828426272,-0.6198462843894958,-0.3560802638530731
0.0,0.0,0.0,0.26832953095436096,-0.061948422342538834,-0.19306226074695587,0.41222068667411804,-0.34194669127464294,-0.25245201587677,0.22426246106624603,-0.659007728099823,-0.28366774320602417,0.07809589803218842,-0.8978408575057983,-0.31495219469070435,0.5941644906997681,-0.8114986419677734,-0.12085342407226562,0.7938883900642395,-1.1735879182815552,-0.18351496756076813,0.9038310050964355,-1.393175482749939,-0.23934148252010345,0.9808430075645447,-1.5991945266723633,-0.28520193696022034,0.36662325263023376,-0.924056887626648,-0.10819563269615173,0.49317970871925354,-1.3494126796722412,-0.16300800442695618,0.5509815812110901,-1.6265630722045898,-0.23115547001361847,0.604597270488739,-1.8594326972961426,-0.2720414400100708,0.14230482280254364,-0.9202615022659302,-0.11678282171487808,0.1913750022649765,-1.3364084959030151,-0.25442075729370117,0.24046435952186584,-1.6003385782241821,-0.3826466202735901,0.2886844575405121,-1.8331297636032104,-0.46106693148612976,-0.07636458426713943,-0.820576548576355,-0.13527360558509827,-0.011627673171460629,-0.9712707996368408,-0.3201840817928314,0.002169620478525758,-0.7842076420783997,-0.3763803243637085,0.007815220393240452,-0.5994847416877747,-0.3894546926021576
0.0,0.0,0.0,0.2884577512741089,-0.06520843505859375,-0.17945332825183868,0.4443853497505188,-0.36144888401031494,-0.22872743010520935,0.23687028884887695,-0.6892706751823425,-0.25094616413116455,0.0621786005795002,-0.9194772839546204,-0.27530062198638916,0.6265743970870972,-0.8013002276420593,-0.10308457911014557,0.8306785225868225,-1.171359658241272,-0.1557898074388504,0.9412463903427124,-1.4010316133499146,-0.20786438882350922,1.0188798904418945,-1.6219204664230347,-0.25455087423324585,0.38765445351600647,-0.9167558550834656,-0.09634654968976974,0.5152920484542847,-1.3478039503097534,-0.14555853605270386,0.5697243213653564,-1.6256352663040161,-0.2168358415365219,0.6212872862815857,-1.8700475692749023,-0.2632749080657959,0.15210041403770447,-0.9174872040748596,-0.10870728641748428,0.19006691873073578,-1.3523005247116089,-0.2483345866203308,0.23118022084236145,-1.6157265901565552,-0.37436315417289734,0.270825058221817,-1.8543269634246826,-0.4513924717903137,-0.07615409791469574,-0.8296979069709778,-0.1292492151260376,0.012819928117096424,-1.0228745937347412,-0.3141249418258667,0.02629462257027626,-0.824763834476471,-0.3625492453575134,0.025430306792259216,-0.6324824094772339,-0.37145888805389404
0.0,0.0,0.0,0.28535234928131104,-0.07593280076980591,-0.17398212850093842,0.43866896629333496,-0.36396729946136475,-0.22433646023273468,0.22508135437965393,-0.6786770820617676,-0.24866950511932373,0.04724840447306633,-0.9037656784057617,-0.2762429118156433,0.6194184422492981,-0.804105281829834,-0.11015696823596954,0.8228275179862976,-1.1688388586044312,-0.16202600300312042,0.9310758113861084,-1.396386742591858,-0.210307314991951,1.0041834115982056,-1.6136221885681152,-0.25246843695640564,0.3885303735733032,-0.9155096411705017,-0.10433769226074219,0.5209904909133911,-1.3401674032211304,-0.14823845028877258,0.580884575843811,-1.6125611066818237,-0.21486182510852814,0.632363498210907,-1.846150517463684,-0.2579576075077057,0.15945439040660858,-0.9120393991470337,-0.11626601219177246,0.18832886219024658,-1.335829734802246,-0.2478114366531372,0.22788390517234802,-1.6047288179397583,-0.3779064416885376,0.26394349336624146,-1.8401368856430054,-0.46016743779182434,-0.06103570759296417,-0.8219214677810669,-0.1358911395072937,0.008545884862542152,-0.9798344373703003,-0.3174227178096771,0.012814521789550781,-0.7820871472358704,-0.3716920018196106,0.005091486033052206,-0.5848196744918823,-0.385398805141449
0.0,0.0,0.0,0.2793388068675995,-0.1019384115934372,-0.18552547693252563,0.40581047534942627,-0.4040074944496155,-0.25085318088531494,0.15247707068920135,-0.707641065120697,-0.2876822054386139,-0.06534996628761292,-0.9221546053886414,-0.32610833644866943,0.5759572982788086,-0.8330737948417664,-0.13443471491336823,0.7569710612297058,-1.2163009643554688,-0.1948138177394867,0.8452987670898438,-1.4553110599517822,-0.24695509672164917,0.9014764428138733,-1.681069254875183,-0.29167044162750244,0.3407561480998993,-0.9319437742233276,-0.12396018952131271,0.45453548431396484,-1.371587872505188,-0.17587491869926453,0.5006310939788818,-1.649994969367981,-0.24318139255046844,0.5349893569946289,-1.8865550756454468,-0.28648561239242554,0.11685101687908173,-0.9205169677734375,-0.1313091218471527,0.11127464473247528,-1.3666484355926514,-0.27238813042640686,0.12016481161117554,-1.6412125825881958,-0.4021226465702057,0.12498486042022705,-1.880510926246643,-0.4821872413158417,-0.09137789160013199,-0.8270518183708191,-0.14610938727855682,-0.039718370884656906,-1.008379578590393,-0.334151953458786,-0.02793903648853302,-0.8133978843688965,-0.3876439929008484,-0.028993599116802216,-0.6165087819099426,-0.39989587664604187
0.0,0.0,0.0,0.2592817544937134,-0.10395726561546326,-0.20373576879501343,0.3524414300918579,-0.4083877503871918,-0.2767466902732849,0.08095789700746536,-0.6974436044692993,-0.3183499276638031,-0.14501337707042694,-0.9112282395362854,-0.36217790842056274,0.5151781439781189,-0.8611955046653748,-0.15387392044067383,0.6611243486404419,-1.250427007675171,-0.22209863364696503,0.7313635945320129,-1.4939396381378174,-0.2800457179546356,0.7712650895118713,-1.7232352495193481,-0.32902052998542786,0.2798638343811035,-0.9502099752426147,-0.13703037798404694,0.3591036796569824,-1.3929097652435303,-0.19603994488716125,0.3837713599205017,-1.6740329265594482,-0.27105167508125305,0.40177208185195923,-1.908092737197876,-0.3198072910308838,0.056614186614751816,-0.9216718673706055,-0.1394532471895218,0.005025586578994989,-1.3551839590072632,-0.2871650457382202,-0.020284609869122505,-1.6226158142089844,-0.42603787779808044,-0.03914062678813934,-1.8556967973709106,-0.5126062631607056,-0.14925545454025269,-0.8096914291381836,-0.15048308670520782,-0.12626369297504425,-0.9694458246231079,-0.346482515335083,-0.09698380529880524,-0.7812254428863525,-0.4120948910713196,-0.07305176556110382,-0.5960857272148132,-0.4333961009979248
0.0,0.0,0.0,0.26000553369522095,-0.09382714331150055,-0.21503928303718567,0.3567790687084198,-0.3850383758544922,-0.29555806517601013,0.08767493069171906,-0.6805657148361206,-0.34297284483909607,-0.13022369146347046,-0.9032971262931824,-0.3914037346839905,0.5336928367614746,-0.8492680191993713,-0.17279879748821259,0.6977311372756958,-1.2463688850402832,-0.24948757886886597,0.7787886261940002,-1.4932233095169067,-0.312966525554657,0.8290707468986511,-1.7301996946334839,-0.3668411672115326,0.2884024679660797,-0.944977343082428,-0.15440812706947327,0.3634629249572754,-1.3933755159378052,-0.22366659343242645,0.3790953755378723,-1.6800034046173096,-0.3059823513031006,0.39382225275039673,-1.9316402673721313,-0.3619803190231323,0.057955481112003326,-0.9232839345932007,-0.15565472841262817,0.0032504789996892214,-1.359239101409912,-0.3075670003890991,-0.0269694272428751,-1.628496766090393,-0.44114357233047485,-0.046693217009305954,-1.872369647026062,-0.5252770781517029,-0.14965792000293732,-0.8150535225868225,-0.16733993589878082,-0.12035699188709259,-1.0092617273330688,-0.3600093424320221,-0.09181120246648788,-0.8255641460418701,-0.41676056385040283,-0.06973288953304291,-0.6449345946311951,-0.43310168385505676
0.0,0.0,0.0,0.2566819190979004,-0.11360794305801392,-0.19562238454818726,0.3466596305370331,-0.40746670961380005,-0.27142760157585144,0.07412631809711456,-0.6801398396492004,-0.3178497850894928,-0.16130155324935913,-0.8862776756286621,-0.3681654632091522,0.49105799198150635,-0.8745343685150146,-0.1666349470615387,0.6376008987426758,-1.2694894075393677,-0.23568125069141388,0.7079039216041565,-1.5124040842056274,-0.2915632128715515,0.7514548897743225,-1.7470284700393677,-0.3391108810901642,0.2492230087518692,-0.9557024836540222,-0.15659068524837494,0.3148197531700134,-1.4099353551864624,-0.2158941626548767,0.3272266089916229,-1.6953436136245728,-0.2897224724292755,0.3371255695819855,-1.9367972612380981,-0.33848702907562256,0.02708408422768116,-0.9179131388664246,-0.16334852576255798,-0.05106069892644882,-1.353226661682129,-0.30950504541397095,-0.0967627540230751,-1.6360745429992676,-0.4463139772415161,-0.13110655546188354,-1.8842355012893677,-0.5339176654815674,-0.17405548691749573,-0.7958816289901733,-0.17810766398906708,-0.15789003670215607,-0.9549325108528137,-0.3697475492954254,-0.12391537427902222,-0.7623684406280518,-0.4291861951351166,-0.09493020921945572,-0.571401059627533,-0.44805341958999634
0.0,0.0,0.0,0.23708729445934296,-0.10691136121749878,-0.21008577942848206,0.3118962347507477,-0.3732151985168457,-0.3055879473686218,0.04359012097120285,-0.6232695579528809,-0.3720332384109497,-0.20596309006214142,-0.8133760094642639,-0.4429444372653961,0.45446571707725525,-0.885837197303772,-0.20016665756702423,0.5773219466209412,-1.2904789447784424,-0.28142064809799194,0.6283724308013916,-1.5306024551391602,-0.34575045108795166,0.6599553823471069,-1.7569986581802368,-0.39890244603157043,0.21099616587162018,-0.9599136114120483,-0.18451708555221558,0.24980908632278442,-1.408286452293396,-0.2574862837791443,0.2482418566942215,-1.6878552436828613,-0.33884111046791077,0.24926604330539703,-1.9236916303634644,-0.39367496967315674,-0.00641422625631094,-0.9186962842941284,-0.18568485975265503,-0.10876563936471939,-1.3500958681106567,-0.3289477527141571,-0.17977045476436615,-1.6247025728225708,-0.4622995853424072,-0.22671161592006683,-1.8619719743728638,-0.5501683950424194,-0.20109319686889648,-0.790854275226593,-0.19687668979167938,-0.2227826863527298,-0.9517351984977722,-0.37473148107528687,-0.1883719563484192,-0.7888593077659607,-0.43233054876327515,-0.1470624804496765,-0.6190733909606934,-0.4537598192691803
0.0,0.0,0.0,0.22816935181617737,-0.13593675196170807,-0.22416357696056366,0.2603139877319336,-0.42146778106689453,-0.321389764547348,-0.036156073212623596,-0.673708975315094,-0.38668572902679443,-0.2969672381877899,-0.863645076751709,-0.454184889793396,0.42297258973121643,-0.898097574710846,-0.20068848133087158,0.528537929058075,-1.3024166822433472,-0.2923637926578522,0.5684285759925842,-1.5535943508148193,-0.3657260239124298,0.5901211500167847,-1.7881536483764648,-0.42685195803642273,0.18472792208194733,-0.965639054775238,-0.1828026920557022,0.1988469660282135,-1.4240766763687134,-0.2678161859512329,0.17951729893684387,-1.7119187116622925,-0.3587605357170105,0.1700340211391449,-1.9594547748565674,-0.4190253019332886,-0.0296188835054636,-0.9121389389038086,-0.18367454409599304,-0.15624703466892242,-1.3256924152374268,-0.34105733036994934,-0.23313826322555542,-1.5999506711959839,-0.4800153374671936,-0.28077366948127747,-1.8467841148376465,-0.5691496133804321,-0.21561430394649506,-0.7715115547180176,-0.19609268009662628,-0.2788337469100952,-0.9204291701316833,-0.3906612694263458,-0.24264715611934662,-0.7641878724098206,-0.4569382667541504,-0.1878759264945984,-0.6055190563201904,-0.48207759857177734
0.0,0.0,0.0,0.21285299956798553,-0.1320137232542038,-0.24180781841278076,0.23090630769729614,-0.41845396161079407,-0.3436112701892853,-0.07720324397087097,-0.6703581809997559,-0.40958958864212036,-0.3436814248561859,-0.8577377200126648,-0.4761335551738739,0.41323670744895935,-0.9047014713287354,-0.20636974275112152,0.4969096779823303,-1.311367154121399,-0.29649677872657776,0.5234696865081787,-1.559818148612976,-0.3690401613712311,0.5361124277114868,-1.7926548719406128,-0.4308681786060333,0.17036588490009308,-0.9690625667572021,-0.17858682572841644,0.16253836452960968,-1.42568838596344,-0.26361942291259766,0.12632548809051514,-1.7100982666015625,-0.3562048673629761,0.10641301423311234,-1.956791877746582,-0.4178822636604309,-0.04824184253811836,-0.9115897417068481,-0.17168374359607697,-0.1970846801996231,-1.312800407409668,-0.32886120676994324,-0.2854915261268616,-1.5801771879196167,-0.4724334478378296,-0.33667340874671936,-1.8229527473449707,-0.5651988983154297,-0.2324722856283188,-0.7666773200035095,-0.17795872688293457,-0.3148626685142517,-0.9070503115653992,-0.37380173802375793,-0.27931123971939087,-0.7550352811813354,-0.4472852945327759,-0.21837353706359863,-0.6058875918388367,-0.47835126519203186
0.0,0.0,0.0,0.20565100014209747,-0.13892002403736115,-0.27256956696510315,0.20994099974632263,-0.41681548953056335,-0.3892703354358673,-0.10402751713991165,-0.66246497631073,-0.46406489610671997,-0.3777144253253937,-0.8511533141136169,-0.5394688844680786,0.38074547052383423,-0.9138622283935547,-0.23463064432144165,0.45365116000175476,-1.3155394792556763,-0.33891722559928894,0.4762400686740875,-1.5647164583206177,-0.4260491132736206,0.4863068461418152,-1.8029698133468628,-0.4995262622833252,0.13245274126529694,-0.9715419411659241,-0.19637329876422882,0.11687574535608292,-1.4288618564605713,-0.29886558651924133,0.07144873589277267,-1.7132617235183716,-0.4077947735786438,0.04009687900543213,-1.9694762229919434,-0.4802846312522888,-0.086149662733078,-0.9098032116889954,-0.1807137429714203,-0.23697322607040405,-1.3086252212524414,-0.35355114936828613,-0.33405396342277527,-1.57439386844635,-0.5030026435852051,-0.3940655291080475,-1.818294882774353,-0.5975180864334106,-0.2681095004081726,-0.7602441310882568,-0.18001505732536316,-0.3546799421310425,-0.9105547666549683,-0.3850279748439789,-0.3104453682899475,-0.7651265263557434,-0.457734078168869,-0.24248789250850677,-0.6199305653572083,-0.4870687425136566
0.0,0.0,0.0,0.2136593610048294,-0.13070610165596008,-0.24167415499687195,0.2351902425289154,-0.4089052081108093,-0.3441290259361267,-0.06453552842140198,-0.6474178433418274,-0.41070556640625,-0.3297446370124817,-0.8286611437797546,-0.477310448884964,0.40868431329727173,-0.9007492661476135,-0.20396791398525238,0.5053232312202454,-1.2978203296661377,-0.29102396965026855,0.541259765625,-1.5438390970230103,-0.36399972438812256,0.559090793132782,-1.776613712310791,-0.4276394248008728,0.1680954098701477,-0.9700414538383484,-0.1753951460123062,0.17181621491909027,-1.4189951419830322,-0.25558599829673767,0.1429896354675293,-1.6973248720169067,-0.35058319568634033,0.12221948802471161,-1.9483839273452759,-0.41585150361061096,-0.04446903616189957,-0.9181461930274963,-0.16723696887493134,-0.18808160722255707,-1.3070534467697144,-0.3150778114795685,-0.27221035957336426,-1.5734925270080566,-0.4578866958618164,-0.3264833688735962,-1.8148047924041748,-0.5520898103713989,-0.2184572070837021,-0.7785050272941589,-0.17287763953208923,-0.29671552777290344,-0.9217618107795715,-0.35524803400039673,-0.26283684372901917,-0.7772177457809448,-0.4241217076778412,-0.2073223888874054,-0.630774736404419,-0.4542144536972046
0.0,0.0,0.0,0.22966256737709045,-0.12462115287780762,-0.23436428606510162,0.26968929171562195,-0.4060846269130707,-0.3307313323020935,-0.02479129657149315,-0.6576511859893799,-0.3920363485813141,-0.2840566039085388,-0.8430593609809875,-0.4546736478805542,0.42996612191200256,-0.9026793241500854,-0.19652138650417328,0.5556706190109253,-1.3042558431625366,-0.2802439332008362,0.6086869835853577,-1.557102084159851,-0.34877854585647583,0.6358556151390076,-1.7943122386932373,-0.4075894355773926,0.18229037523269653,-0.9681927561759949,-0.17138567566871643,0.1983555257320404,-1.4208903312683105,-0.24978703260421753,0.1747831553220749,-1.7084331512451172,-0.33996161818504333,0.15616513788700104,-1.9617316722869873,-0.40009137988090515,-0.03493966534733772,-0.9124013781547546,-0.16602110862731934,-0.16634255647659302,-1.3172084093093872,-0.32023802399635315,-0.24521933495998383,-1.5888299942016602,-0.4619322419166565,-0.2989807426929474,-1.830604076385498,-0.5524340271949768,-0.21417741477489471,-0.7692388296127319,-0.17307014763355255,-0.26374074816703796,-0.9242540597915649,-0.36872729659080505,-0.2169790118932724,-0.7587056159973145,-0.4367411434650421,-0.15953192114830017,-0.5928146243095398,-0.46167927980422974
0.0,0.0,0.0,0.23675329983234406,-0.11567144840955734,-0.2400444895029068,0.28906843066215515,-0.39294084906578064,-0.3385189473628998,0.008696394972503185,-0.6454594135284424,-0.4011269211769104,-0.23813983798027039,-0.8438329100608826,-0.4652678966522217,0.44328463077545166,-0.8953441381454468,-0.20345109701156616,0.5841872096061707,-1.2979605197906494,-0.2898256480693817,0.6498792767524719,-1.5488450527191162,-0.36159101128578186,0.688927412033081,-1.7859878540039062,-0.42285773158073425,0.1957431435585022,-0.9647069573402405,-0.176139697432518,0.21787534654140472,-1.4101077318191528,-0.2558388113975525,0.20202817022800446,-1.69307279586792,-0.3500796854496002,0.19139115512371063,-1.9382518529891968,-0.41513335704803467,-0.025549404323101044,-0.9150207042694092,-0.1695358157157898,-0.14140377938747406,-1.316205620765686,-0.32688307762145996,-0.20959040522575378,-1.5829963684082031,-0.4744736850261688,-0.2568451464176178,-1.8189892768859863,-0.5707313418388367,-0.21008673310279846,-0.7802494764328003,-0.17581894993782043,-0.23969843983650208,-0.9259393811225891,-0.3796822130680084,-0.19221989810466766,-0.7568295001983643,-0.45585834980010986,-0.13938584923744202,-0.5873798727989197,-0.4867061376571655
0.0,0.0,0.0,0.25025561451911926,-0.10739077627658844,-0.22634772956371307,0.32169365882873535,-0.3900710940361023,-0.3160601854324341,0.03948447108268738,-0.6611411571502686,-0.3711286783218384,-0.19335061311721802,-0.8662958741188049,-0.4278480112552643,0.47592130303382874,-0.8864285349845886,-0.19247592985630035,0.6321352124214172,-1.2888121604919434,-0.2715550661087036,0.7039642333984375,-1.5401426553726196,-0.3346657156944275,0.747108519077301,-1.7766019105911255,-0.38877782225608826,0.22314506769180298,-0.9599840641021729,-0.16922426223754883,0.2587553858757019,-1.4202423095703125,-0.24309687316417694,0.2491491436958313,-1.7072075605392456,-0.32618364691734314,0.24283841252326965,-1.956374168395996,-0.3812420964241028,0.0019482146017253399,-0.9136922955513,-0.16500714421272278,-0.10469122231006622,-1.337293267250061,-0.31772106885910034,-0.171686053276062,-1.6078999042510986,-0.44990992546081543,-0.21529565751552582,-1.848013162612915,-0.533039391040802,-0.18381205201148987,-0.7794474363327026,-0.17256194353103638,-0.20188453793525696,-0.962752640247345,-0.36839109659194946,-0.16566087305545807,-0.7828371524810791,-0.42779701948165894,-0.12107225507497787,-0.5995323657989502,-0.4450206458568573
0.0,0.0,0.0,0.2486744076013565,-0.10822609812021255,-0.2188798487186432,0.32548731565475464,-0.3958900272846222,-0.3050976097583771,0.04600004479289055,-0.669135570526123,-0.3565230071544647,-0.18146857619285583,-0.8779070377349854,-0.40988102555274963,0.48752179741859436,-0.8801519870758057,-0.18833237886428833,0.6516874432563782,-1.2805261611938477,-0.26508399844169617,0.7302389144897461,-1.5279587507247925,-0.325961172580719,0.7797030210494995,-1.7637907266616821,-0.37776851654052734,0.2375015765428543,-0.9568278789520264,-0.16755136847496033,0.28919318318367004,-1.4105304479599,-0.2396128624677658,0.28781160712242126,-1.692565679550171,-0.3214346468448639,0.2891484200954437,-1.9390571117401123,-0.37555307149887085,0.013187846168875694,-0.9175268411636353,-0.16514399647712708,-0.08301801979541779,-1.3415918350219727,-0.318938672542572,-0.14257264137268066,-1.6130008697509766,-0.45244279503822327,-0.18172308802604675,-1.8562322854995728,-0.5365923047065735,-0.1801910698413849,-0.7918819785118103,-0.1732264906167984,-0.1793467104434967,-0.9749441742897034,-0.3701305091381073,-0.14649076759815216,-0.7818326950073242,-0.42787662148475647,-0.10934589058160782,-0.5913832187652588,-0.4439590275287628
0.0,0.0,0.0,0.2526167929172516,-0.1007617935538292,-0.22573129832744598,0.3385940492153168,-0.37921905517578125,-0.31993573904037476,0.056479912251234055,-0.6524121165275574,-0.37912631034851074,-0.17776310443878174,-0.8639037609100342,-0.44035273790359497,0.4811043441295624,-0.8764312863349915,-0.20648445188999176,0.6460239291191101,-1.2799566984176636,-0.2926657497882843,0.7239405512809753,-1.5331085920333862,-0.35839036107063293,0.7689445614814758,-1.7725577354431152,-0.41287171840667725,0.22636160254478455,-0.956061601638794,-0.18629737198352814,0.27983662486076355,-1.4176013469696045,-0.2638002932071686,0.2800808846950531,-1.7066892385482788,-0.34728968143463135,0.27889540791511536,-1.9547055959701538,-0.40235477685928345,0.00043656351044774055,-0.9153245687484741,-0.184591606259346,-0.09539589285850525,-1.3365223407745361,-0.34212014079093933,-0.15419943630695343,-1.609246850013733,-0.47985780239105225,-0.19966663420200348,-1.846910834312439,-0.5672427415847778,-0.19341465830802917,-0.787128210067749,-0.19383016228675842,-0.18854321539402008,-0.9453473687171936,-0.396921306848526,-0.1470545530319214,-0.7583152055740356,-0.4625275731086731,-0.10923892259597778,-0.5761221647262573,-0.48364830017089844
0.0,0.0,0.0,0.2737484872341156,-0.11763142794370651,-0.19312764704227448,0.37563371658325195,-0.40617844462394714,-0.2660832703113556,0.1071801707148552,-0.6893097162246704,-0.30988961458206177,-0.11505310982465744,-0.8873335123062134,-0.35585102438926697,0.5180870294570923,-0.8711899518966675,-0.16635389626026154,0.6894024014472961,-1.2667988538742065,-0.23453223705291748,0.7722209095954895,-1.5155364274978638,-0.28733015060424805,0.8263487815856934,-1.7440447807312012,-0.3326665759086609,0.2616329491138458,-0.9524362087249756,-0.15624785423278809,0.32895413041114807,-1.4113564491271973,-0.21769843995571136,0.35119667649269104,-1.7078595161437988,-0.29416483640670776,0.3694847524166107,-1.9595718383789062,-0.34356167912483215,0.036439623683691025,-0.9099355936050415,-0.16213642060756683,-0.04940596967935562,-1.3584800958633423,-0.3073534369468689,-0.08570877462625504,-1.6436437368392944,-0.4485647678375244,-0.10766331106424332,-1.8858628273010254,-0.537693440914154,-0.15537048876285553,-0.7768149971961975,-0.17555354535579681,-0.13460464775562286,-0.9440048933029175,-0.3675789535045624,-0.07706454396247864,-0.771724283695221,-0.4353942275047302,-0.02907721884548664,-0.5933409929275513,-0.4587167799472809
0.0,0.0,0.0,0.27980732917785645,-0.10010219365358353,-0.20205092430114746,0.39340418577194214,-0.39290672540664673,-0.2744506299495697,0.16471102833747864,-0.6945985555648804,-0.3158373534679413,-0.039366114884614944,-0.9203541278839111,-0.36017388105392456,0.5567605495452881,-0.8440049290657043,-0.16964538395404816,0.764977753162384,-1.232654333114624,-0.24341772496700287,0.8711522817611694,-1.4805870056152344,-0.3009541630744934,0.9436873197555542,-1.709471583366394,-0.3498651087284088,0.30832216143608093,-0.9381892681121826,-0.15728434920310974,0.4040273427963257,-1.3926843404769897,-0.22624756395816803,0.4404244124889374,-1.6873000860214233,-0.3076779842376709,0.4665132462978363,-1.938262701034546,-0.3588240444660187,0.07983049005270004,-0.9032559394836426,-0.16146627068519592,0.027067305520176888,-1.3477447032928467,-0.31732767820358276,0.01103203184902668,-1.6340352296829224,-0.45618927478790283,0.003302868688479066,-1.8844691514968872,-0.5414644479751587,-0.1172533854842186,-0.7727925777435303,-0.17365553975105286,-0.08774171769618988,-0.9384400844573975,-0.37874504923820496,-0.041376300156116486,-0.758355975151062,-0.44452059268951416,-0.010083015076816082,-0.578675389289856,-0.4634447693824768
0.0,0.0,0.0,0.27497926354408264,-0.08058279007673264,-0.1994355022907257,0.40449827909469604,-0.3532879054546356,-0.27156662940979004,0.1882198452949524,-0.6497803926467896,-0.31377747654914856,-0.008065500296652317,-0.8773344159126282,-0.35852113366127014,0.5786155462265015,-0.822472333908081,-0.16742925345897675,0.802337110042572,-1.2011312246322632,-0.24399994313716888,0.9189927577972412,-1.4418936967849731,-0.3021930158138275,1.0007600784301758,-1.6645532846450806,-0.3501144051551819,0.3360843062400818,-0.9287379384040833,-0.15650293231010437,0.4518117308616638,-1.3762438297271729,-0.22286410629749298,0.4985120892524719,-1.6626458168029785,-0.3002792000770569,0.5376439690589905,-1.9063808917999268,-0.3498058319091797,0.10632031410932541,-0.9067737460136414,-0.16296915709972382,0.07252534478902817,-1.3370075225830078,-0.31255167722702026,0.06833240389823914,-1.613396167755127,-0.4446759521961212,0.07241744548082352,-1.8554660081863403,-0.526582658290863,-0.09848729521036148,-0.787892758846283,-0.17828558385372162,-0.06529523432254791,-0.9556089639663696,-0.3723718523979187,-0.03379569202661514,-0.772374153137207,-0.42964309453964233,-0.01438785158097744,-0.5902897715568542,-0.44424334168434143
0.0,0.0,0.0,0.27121591567993164,-0.06313446164131165,-0.1899041086435318,0.4165162742137909,-0.32322007417678833,-0.2573501765727997,0.21425189077854156,-0.6162500381469727,-0.29705870151519775,0.040874283760786057,-0.8453394174575806,-0.33859798312187195,0.6120692491531372,-0.7943721413612366,-0.15609867870807648,0.8540314435958862,-1.1541471481323242,-0.22919276356697083,0.9833313226699829,-1.3838176727294922,-0.28561294078826904,1.0744997262954712,-1.6018903255462646,-0.3319663107395172,0.37897956371307373,-0.9135648608207703,-0.14755970239639282,0.5156261324882507,-1.3476775884628296,-0.20825393497943878,0.5743308663368225,-1.6228830814361572,-0.2797040641307831,0.6210874915122986,-1.856400489807129,-0.3258915841579437,0.15280643105506897,-0.9061087369918823,-0.15667502582073212,0.1488608717918396,-1.3253800868988037,-0.29655301570892334,0.1588357537984848,-1.589706540107727,-0.42220595479011536,0.1685178428888321,-1.8208036422729492,-0.5006383657455444,-0.05429185926914215,-0.803991973400116,-0.17524783313274384,-0.003720336128026247,-0.9633145928382874,-0.3579234480857849,0.010630715638399124,-0.7801253199577332,-0.41071951389312744,0.010186971165239811,-0.5996680855751038,-0.42316851019859314
0.0,0.0,0.0,0.2708265781402588,-0.05125555023550987,-0.17857006192207336,0.42837727069854736,-0.30881214141845703,-0.24091292917728424,0.2488877773284912,-0.6000633239746094,-0.2778533697128296,0.08348549902439117,-0.828373372554779,-0.3177623748779297,0.6353569626808167,-0.7798267602920532,-0.14435695111751556,0.8836661577224731,-1.1285107135772705,-0.21192684769630432,1.0191383361816406,-1.350271224975586,-0.2653435170650482,1.1154944896697998,-1.563381552696228,-0.3090961277484894,0.4060854911804199,-0.903069794178009,-0.13985536992549896,0.5538556575775146,-1.3295685052871704,-0.19462616741657257,0.6220990419387817,-1.603842854499817,-0.2639901340007782,0.6768438220024109,-1.8390052318572998,-0.30907052755355835,0.1798585057258606,-0.8990972638130188,-0.15189231932163239,0.18976083397865295,-1.311261534690857,-0.2883423864841461,0.20744194090366364,-1.574666142463684,-0.4151366055011749,0.22211980819702148,-1.8018720149993896,-0.49476251006126404,-0.030377795919775963,-0.801424503326416,-0.1723465621471405,0.038883015513420105,-0.9468578100204468,-0.35140085220336914,0.04542698338627815,-0.7564147114753723,-0.40364840626716614,0.035050828009843826,-0.5701037049293518,-0.4165875017642975
0.0,0.0,0.0,0.2750419080257416,-0.04396360367536545,-0.17481617629528046,0.4439283311367035,-0.3007896840572357,-0.2333361953496933,0.24262426793575287,-0.5943979620933533,-0.26438871026039124,0.06185660511255264,-0.8154968619346619,-0.29934921860694885,0.6279042363166809,-0.7879637479782104,-0.14672036468982697,0.8821588754653931,-1.139910340309143,-0.21197965741157532,1.0225441455841064,-1.3587692975997925,-0.2607603371143341,1.1247177124023438,-1.571462869644165,-0.30078816413879395,0.39410969614982605,-0.9077998399734497,-0.14344669878482819,0.5552305579185486,-1.3352607488632202,-0.20079179108142853,0.6316806674003601,-1.6062368154525757,-0.2678941786289215,0.694290041923523,-1.8440607786178589,-0.3104282319545746,0.16433650255203247,-0.8986297249794006,-0.15584658086299896,0.183966264128685,-1.3089561462402344,-0.29893553256988525,0.2084004282951355,-1.577681541442871,-0.42407625913619995,0.2285519540309906,-1.8172030448913574,-0.5001811981201172,-0.052691876888275146,-0.7968493103981018,-0.1750202625989914,0.033528901636600494,-0.9662105441093445,-0.3513352572917938,0.03243860974907875,-0.7705820202827454,-0.3919951319694519,0.010899924673140049,-0.5803724527359009,-0.3972030580043793
0.0,0.0,0.0,0.27219435572624207,-0.060591548681259155,-0.19497893750667572,0.43297433853149414,-0.31138136982917786,-0.27172741293907166,0.21025623381137848,-0.6044418215751648,-0.32071638107299805,0.010922352783381939,-0.8327382206916809,-0.37398144602775574,0.6119241714477539,-0.7936410307884216,-0.1741996556520462,0.8653741478919983,-1.1522188186645508,-0.2525089681148529,1.002044439315796,-1.3805335760116577,-0.31214600801467896,1.104636549949646,-1.5985195636749268,-0.3604632318019867,0.37324899435043335,-0.9126139283180237,-0.16679617762565613,0.5308457016944885,-1.3489563465118408,-0.23019549250602722,0.6008660197257996,-1.6353986263275146,-0.30260178446769714,0.6565635204315186,-1.8795206546783447,-0.35118553042411804,0.14508605003356934,-0.9049496650695801,-0.17653433978557587,0.14787447452545166,-1.3216837644577026,-0.3149072229862213,0.16157948970794678,-1.6034038066864014,-0.4406162202358246,0.17623649537563324,-1.850475788116455,-0.5220372676849365,-0.067972332239151,-0.8034285306930542,-0.19626116752624512,-0.031094985082745552,-0.9628642797470093,-0.3719004690647125,-0.019713526591658592,-0.7827492952346802,-0.41892939805984497,-0.019575461745262146,-0.6018856167793274,-0.43072038888931274
0.0,0.0,0.0,0.2735203802585602,-0.051133476197719574,-0.20819061994552612,0.4238027334213257,-0.29904210567474365,-0.291171669960022,0.19470781087875366,-0.5929175019264221,-0.3426862359046936,0.0017637539422139525,-0.8270922899246216,-0.39712467789649963,0.6072952747344971,-0.7929702997207642,-0.18777137994766235,0.8542295098304749,-1.1470588445663452,-0.2694648802280426,0.9857938289642334,-1.3731029033660889,-0.3295009732246399,1.0843416452407837,-1.592866063117981,-0.3794824779033661,0.37408366799354553,-0.9107524156570435,-0.1749042123556137,0.523675799369812,-1.3441390991210938,-0.24976351857185364,0.5860759019851685,-1.6281263828277588,-0.32960835099220276,0.6338311433792114,-1.8729591369628906,-0.38234052062034607,0.1490325629711151,-0.903641939163208,-0.17998187243938446,0.14375074207782745,-1.3168903589248657,-0.33508166670799255,0.1457347422838211,-1.5963962078094482,-0.4706091582775116,0.14924569427967072,-1.8445008993148804,-0.5562414526939392,-0.060045164078474045,-0.803814172744751,-0.19490990042686462,-0.024080147966742516,-0.9569783806800842,-0.3897419571876526,-0.014880113303661346,-0.767606258392334,-0.44954514503479004,-0.013718892820179462,-0.5842693448066711,-0.468245267868042
0.0,0.0,0.0,0.26817888021469116,-0.04262876510620117,-0.20985323190689087,0.4219990074634552,-0.29345226287841797,-0.29196780920028687,0.2052535116672516,-0.5994338989257812,-0.343071311712265,0.025307947769761086,-0.8442813158035278,-0.3967348635196686,0.6256529688835144,-0.7860449552536011,-0.18181286752223969,0.8702759146690369,-1.13956618309021,-0.26349136233329773,1.0070887804031372,-1.365409016609192,-0.32542139291763306,1.1071454286575317,-1.586520791053772,-0.37665116786956787,0.3940371572971344,-0.903206467628479,-0.17015531659126282,0.5371343493461609,-1.3315632343292236,-0.24415388703346252,0.5952457785606384,-1.612566351890564,-0.325375497341156,0.6402941942214966,-1.8561862707138062,-0.3792257010936737,0.16647179424762726,-0.8958103656768799,-0.17728157341480255,0.16468651592731476,-1.3079146146774292,-0.3366798162460327,0.1628359705209732,-1.5824397802352905,-0.4734998047351837,0.16471101343631744,-1.8281522989273071,-0.5596377849578857,-0.05233071744441986,-0.7944117188453674,-0.19438625872135162,0.006981751415878534,-0.9421799778938293,-0.3965596556663513,0.014795122668147087,-0.7392975687980652,-0.45829442143440247,0.013606187887489796,-0.5481532216072083,-0.47747522592544556
0.0,0.0,0.0,0.26310455799102783,-0.05251697823405266,-0.20445342361927032,0.41855257749557495,-0.30690908432006836,-0.28039178252220154,0.209477961063385,-0.6132084727287292,-0.3255438804626465,0.03284384682774544,-0.8550977110862732,-0.37345412373542786,0.6322275996208191,-0.7805577516555786,-0.1714438647031784,0.8804451823234558,-1.1386089324951172,-0.2492906004190445,1.0147672891616821,-1.3649686574935913,-0.3073350489139557,1.11164391040802,-1.5825517177581787,-0.3555389940738678,0.40006324648857117,-0.9022654294967651,-0.1608307659626007,0.5453436970710754,-1.3367325067520142,-0.23093721270561218,0.6054602265357971,-1.6159292459487915,-0.31055378913879395,0.6540274024009705,-1.856951117515564,-0.3616270422935486,0.17301636934280396,-0.8965228796005249,-0.16867804527282715,0.17258019745349884,-1.3098852634429932,-0.3250298798084259,0.17632639408111572,-1.5865696668624878,-0.4632605314254761,0.18534499406814575,-1.8341518640518188,-0.5494711399078369,-0.040722716599702835,-0.7945241928100586,-0.18582063913345337,0.008075281977653503,-0.9386990666389465,-0.3872879147529602,0.013261576183140278,-0.7395172119140625,-0.4495786726474762,0.011769636534154415,-0.5521606206893921,-0.4678967297077179
0.0,0.0,0.0,0.27269595861434937,-0.05288086459040642,-0.20051483809947968,0.4274110198020935,-0.28998157382011414,-0.28146064281463623,0.252113938331604,-0.6013896465301514,-0.3359174430370331,0.09894762188196182,-0.8416829705238342,-0.3919513523578644,0.6489515900611877,-0.7722117304801941,-0.17779965698719025,0.8952307105064392,-1.1235196590423584,-0.26094335317611694,1.025900959968567,-1.3421835899353027,-0.3237808048725128,1.123076319694519,-1.5465421676635742,-0.3726162314414978,0.41467392444610596,-0.8945963978767395,-0.16656193137168884,0.5575302839279175,-1.325667381286621,-0.2358318418264389,0.6250234246253967,-1.604538917541504,-0.30990201234817505,0.6812354326248169,-1.8289153575897217,-0.35526034235954285,0.18900953233242035,-0.8861925601959229,-0.17337310314178467,0.18895944952964783,-1.2992560863494873,-0.3137313723564148,0.1994580328464508,-1.5822573900222778,-0.4460492432117462,0.2175065129995346,-1.816048264503479,-0.5297950506210327,-0.022012775763869286,-0.7737318277359009,-0.1908598244190216,-0.0008141085272654891,-0.8985703587532043,-0.3733786940574646,0.0015957916621118784,-0.7406899333000183,-0.436715304851532,0.00013201759429648519,-0.5751245021820068,-0.4570976793766022
0.0,0.0,0.0,0.2812497615814209,-0.053690023720264435,-0.17150786519050598,0.4537750482559204,-0.30587369203567505,-0.23075687885284424,0.2808823883533478,-0.6143408417701721,-0.2649367153644562,0.11212322860956192,-0.8404747247695923,-0.30523568391799927,0.6428273916244507,-0.7708368897438049,-0.14509271085262299,0.8905119895935059,-1.112299919128418,-0.2135860174894333,1.031722903251648,-1.3297232389450073,-0.26676443219184875,1.1345422267913818,-1.5355384349822998,-0.3087882995605469,0.4136146306991577,-0.8986998796463013,-0.14581291377544403,0.5783112645149231,-1.3169251680374146,-0.20016221702098846,0.6668137907981873,-1.5992740392684937,-0.2729208767414093,0.7366557121276855,-1.8367725610733032,-0.31730538606643677,0.18466442823410034,-0.8919723033905029,-0.1613377332687378,0.21167178452014923,-1.3100557327270508,-0.30292510986328125,0.2533619999885559,-1.5937411785125732,-0.44952908158302307,0.28611183166503906,-1.8319380283355713,-0.5421246290206909,-0.031780969351530075,-0.7839729189872742,-0.182466059923172,0.03297239914536476,-0.8872125148773193,-0.3725702464580536,0.0455482043325901,-0.6934057474136353,-0.43911778926849365,0.03479602932929993,-0.5040499567985535,-0.4607160687446594
0.0,0.0,0.0,0.2749444842338562,-0.04224621504545212,-0.18160496652126312,0.4625610411167145,-0.29303985834121704,-0.24365755915641785,0.32080501317977905,-0.6000239253044128,-0.27827197313308716,0.17638684809207916,-0.8391125202178955,-0.31794387102127075,0.6638545393943787,-0.7515764236450195,-0.1587618887424469,0.9263716340065002,-1.0947718620300293,-0.23497632145881653,1.080295443534851,-1.3114464282989502,-0.29252341389656067,1.1977664232254028,-1.521485447883606,-0.3364885449409485,0.4398222267627716,-0.8847070932388306,-0.15443401038646698,0.6192639470100403,-1.3046849966049194,-0.22281906008720398,0.7142104506492615,-1.5853679180145264,-0.29878532886505127,0.7908152341842651,-1.8246785402297974,-0.3443375527858734,0.21106402575969696,-0.8919188976287842,-0.16561193764209747,0.24751047790050507,-1.305705189704895,-0.3160010278224945,0.29306653141975403,-1.5828033685684204,-0.4522501528263092,0.331320196390152,-1.8205344676971436,-0.5357077121734619,-0.008198295719921589,-0.8015655279159546,-0.1843274086713791,0.07824148237705231,-0.9309109449386597,-0.37220555543899536,0.07293281704187393,-0.7327180504798889,-0.4277302324771881,0.04920484498143196,-0.5442309379577637,-0.4419594407081604
0.0,0.0,0.0,0.2801413834095001,-0.046816058456897736,-0.1765259951353073,0.46571409702301025,-0.29849106073379517,-0.23740388453006744,0.3258057236671448,-0.6054089665412903,-0.27407506108283997,0.18747581541538239,-0.8478024005889893,-0.31473207473754883,0.6745166778564453,-0.7451795935630798,-0.1492035835981369,0.9381687045097351,-1.0841751098632812,-0.2244897484779358,1.0940183401107788,-1.2997570037841797,-0.28290143609046936,1.21477210521698,-1.5070204734802246,-0.32802432775497437,0.4502636194229126,-0.8808190822601318,-0.1463572233915329,0.6299019455909729,-1.2997061014175415,-0.2093096524477005,0.7257106900215149,-1.5762920379638672,-0.28038689494132996,0.8014928698539734,-1.8081347942352295,-0.32454919815063477,0.21965251863002777,-0.8912509679794312,-0.15972068905830383,0.25904545187950134,-1.3067656755447388,-0.30077722668647766,0.30521273612976074,-1.5714936256408691,-0.42826586961746216,0.33949944376945496,-1.7953344583511353,-0.5070350766181946,-0.0015545098576694727,-0.8047559857368469,-0.1814681589603424,0.08720029890537262,-0.9397710561752319,-0.36123859882354736,0.08780724555253983,-0.7528446912765503,-0.41419026255607605,0.065208800137043,-0.5712952613830566,-0.427480012178421
0.0,0.0,0.0,0.2782546281814575,-0.03290512412786484,-0.17967075109481812,0.4743076264858246,-0.2779594659805298,-0.24159525334835052,0.32749587297439575,-0.5893415808677673,-0.27700120210647583,0.18200546503067017,-0.8345107436180115,-0.3176075518131256,0.6690433621406555,-0.7455588579177856,-0.15858593583106995,0.9429994821548462,-1.0858399868011475,-0.23353078961372375,1.1015702486038208,-1.3034542798995972,-0.28922268748283386,1.2231395244598389,-1.5118037462234497,-0.3314906060695648,0.4435465633869171,-0.8828094005584717,-0.15464182198047638,0.6328890323638916,-1.3054720163345337,-0.21788527071475983,0.7343139052391052,-1.585085153579712,-0.2888199985027313,0.8174288272857666,-1.8206117153167725,-0.3325757086277008,0.21403232216835022,-0.8915278315544128,-0.16632932424545288,0.2611067593097687,-1.3087323904037476,-0.31195253133773804,0.3121004104614258,-1.581760048866272,-0.4435281753540039,0.35409194231033325,-1.8137109279632568,-0.5246744155883789,-0.006649501156061888,-0.8028652667999268,-0.18548907339572906,0.09349971264600754,-0.945704460144043,-0.3667462468147278,0.08603325486183167,-0.7503820657730103,-0.41687512397766113,0.055709004402160645,-0.5610073208808899,-0.4286327362060547
0.0,0.0,0.0,0.2802309989929199,-0.03743224963545799,-0.17870864272117615,0.4706670343875885,-0.27669182419776917,-0.24264882504940033,0.32775864005088806,-0.5717165470123291,-0.2819446623325348,0.18329021334648132,-0.8127719163894653,-0.3269256055355072,0.6697590351104736,-0.7461190819740295,-0.1570214182138443,0.9417330026626587,-1.0834139585494995,-0.23312997817993164,1.0986953973770142,-1.3010574579238892,-0.29208552837371826,1.216450810432434,-1.5098644495010376,-0.33668872714042664,0.44176825881004333,-0.8834554553031921,-0.15603595972061157,0.6306291222572327,-1.3097859621047974,-0.2180037796497345,0.7336792945861816,-1.5927925109863281,-0.2918972074985504,0.8172941207885742,-1.832787275314331,-0.3382757604122162,0.20916219055652618,-0.8914661407470703,-0.1705741435289383,0.2598749101161957,-1.3043382167816162,-0.31388938426971436,0.31775161623954773,-1.575772762298584,-0.44667553901672363,0.36126455664634705,-1.8062634468078613,-0.529442548751831,-0.011998245492577553,-0.799831748008728,-0.19292686879634857,0.09427987039089203,-0.9332685470581055,-0.37280067801475525,0.09400288015604019,-0.7389743328094482,-0.42192763090133667,0.06410131603479385,-0.5492370128631592,-0.433040052652359
0.0,0.0,0.0,0.2880580425262451,-0.03391451761126518,-0.16427813470363617,0.49433061480522156,-0.2651033103466034,-0.2234700322151184,0.35391148924827576,-0.5567617416381836,-0.26174959540367126,0.19747914373874664,-0.7888734340667725,-0.30803853273391724,0.683704137802124,-0.751354992389679,-0.13499613106250763,0.9605821967124939,-1.0871504545211792,-0.20594120025634766,1.1202874183654785,-1.299578070640564,-0.2650092840194702,1.2388533353805542,-1.502869963645935,-0.31040719151496887,0.44937193393707275,-0.8820141553878784,-0.14183080196380615,0.6471806168556213,-1.2956030368804932,-0.19923298060894012,0.7500782012939453,-1.580530047416687,-0.28005707263946533,0.8312491774559021,-1.8251417875289917,-0.3323509395122528,0.21173466742038727,-0.8850902915000916,-0.16339807212352753,0.27829238772392273,-1.2933993339538574,-0.3069934844970703,0.34478771686553955,-1.569586157798767,-0.45188236236572266,0.393746942281723,-1.8073023557662964,-0.5441534519195557,-0.016425615176558495,-0.7886245846748352,-0.19057507812976837,0.09617741405963898,-0.9113783240318298,-0.3734342157840729,0.09956125169992447,-0.7151605486869812,-0.42852982878685,0.0733657106757164,-0.5269438028335571,-0.44464775919914246
0.0,0.0,0.0,0.28313806653022766,-0.013185218907892704,-0.1624537706375122,0.5201342701911926,-0.22524762153625488,-0.21998195350170135,0.40091845393180847,-0.5306969881057739,-0.25618332624435425,0.26215437054634094,-0.7661190032958984,-0.3022177815437317,0.7093837857246399,-0.7266287803649902,-0.14713707566261292,0.9934443831443787,-1.0463011264801025,-0.22251348197460175,1.1650097370147705,-1.2539082765579224,-0.2827954888343811,1.2930660247802734,-1.451186180114746,-0.32706889510154724,0.48365944623947144,-0.8615691065788269,-0.15418270230293274,0.6960850954055786,-1.270256519317627,-0.21358603239059448,0.8167612552642822,-1.5491880178451538,-0.2939048409461975,0.9107272028923035,-1.7873231172561646,-0.3463818430900574,0.25236180424690247,-0.8682621717453003,-0.17463281750679016,0.33586254715919495,-1.2701308727264404,-0.3167921006679535,0.4159655272960663,-1.5395865440368652,-0.46295127272605896,0.47403189539909363,-1.7675179243087769,-0.5575277209281921,0.01893632858991623,-0.7802690863609314,-0.2004907876253128,0.15770450234413147,-0.8898447155952454,-0.3780187666416168,0.15904337167739868,-0.6948738098144531,-0.4343755543231964,0.12469866871833801,-0.5057825446128845,-0.45362588763237
0.0,0.0,0.0,0.2654716372489929,-0.024564359337091446,-0.17494802176952362,0.4667569696903229,-0.23651175200939178,-0.24417497217655182,0.34618112444877625,-0.5413753390312195,-0.29283225536346436,0.21235409379005432,-0.7897047996520996,-0.34973254799842834,0.7043622732162476,-0.7260493636131287,-0.15453313291072845,0.9934514760971069,-1.0538904666900635,-0.2364697903394699,1.1572799682617188,-1.2651135921478271,-0.30201855301856995,1.2795131206512451,-1.461584448814392,-0.35078057646751404,0.4773591458797455,-0.8640954494476318,-0.15958476066589355,0.6913455724716187,-1.280843734741211,-0.2247180938720703,0.8057617545127869,-1.5572972297668457,-0.30413809418678284,0.8936000466346741,-1.7789500951766968,-0.3544657528400421,0.24178658425807953,-0.8697339296340942,-0.1806919425725937,0.3284798264503479,-1.2841452360153198,-0.323102742433548,0.40555229783058167,-1.5555270910263062,-0.46706631779670715,0.4609987437725067,-1.7774769067764282,-0.5594251155853271,0.006967301946133375,-0.7754583954811096,-0.20910213887691498,0.10873648524284363,-0.8844774961471558,-0.3921346962451935,0.11539842933416367,-0.7093824148178101,-0.4539472758769989,0.08974812179803848,-0.5321993231773376,-0.4743444323539734
0.0,0.0,0.0,0.27185213565826416,-0.02352241612970829,-0.17939387261867523,0.4650145471096039,-0.2533422112464905,-0.24626228213310242,0.33238649368286133,-0.5528927445411682,-0.28667163848876953,0.17008960247039795,-0.7767106890678406,-0.3328942656517029,0.636547327041626,-0.7766720652580261,-0.17406070232391357,0.9110101461410522,-1.1266037225723267,-0.2550508677959442,1.0657484531402588,-1.350556492805481,-0.3127325475215912,1.1843353509902954,-1.5591225624084473,-0.35469144582748413,0.4055998623371124,-0.8977132439613342,-0.1720452755689621,0.5913406014442444,-1.336199402809143,-0.24489329755306244,0.6915503144264221,-1.6156256198883057,-0.3139782249927521,0.7771483659744263,-1.849411964416504,-0.35455968976020813,0.1804734766483307,-0.8894573450088501,-0.18468408286571503,0.2292354851961136,-1.3005450963974,-0.32785141468048096,0.28370556235313416,-1.582310438156128,-0.44970107078552246,0.33390387892723083,-1.8182462453842163,-0.5241702198982239,-0.033747974783182144,-0.7841701507568359,-0.20569103956222534,0.05354581028223038,-0.9327992796897888,-0.3679178059101105,0.059921737760305405,-0.7614980936050415,-0.4030497074127197,0.04156734421849251,-0.5838719010353088,-0.4071519076824188
0.0,0.0,0.0,0.2897587716579437,-0.029058091342449188,-0.15845565497875214,0.4909178912639618,-0.2651592791080475,-0.20805595815181732,0.3373216986656189,-0.5559844374656677,-0.2360464334487915,0.17000894248485565,-0.7557130455970764,-0.2720939815044403,0.6343069672584534,-0.7843021750450134,-0.1340305060148239,0.8940113186836243,-1.1227831840515137,-0.20272377133369446,1.045141577720642,-1.3419573307037354,-0.25735676288604736,1.1599947214126587,-1.5482183694839478,-0.29966285824775696,0.4017326533794403,-0.9047707915306091,-0.14142361283302307,0.5737847089767456,-1.3369442224502563,-0.1901789903640747,0.6673753261566162,-1.6087323427200317,-0.2542194724082947,0.7474195957183838,-1.8359313011169434,-0.29649391770362854,0.17532385885715485,-0.889234721660614,-0.16376455128192902,0.21762055158615112,-1.2935601472854614,-0.29250916838645935,0.2675172686576843,-1.5665338039398193,-0.4185815751552582,0.30776259303092957,-1.7955350875854492,-0.49984270334243774,-0.04125933721661568,-0.7755792140960693,-0.19331906735897064,0.04568435251712799,-0.9137995839118958,-0.3543892502784729,0.056830015033483505,-0.7354244589805603,-0.39580750465393066,0.037275854498147964,-0.5546653866767883,-0.4058057367801666
0.0,0.0,0.0,0.28431403636932373,-0.053987693041563034,-0.1455996334552765,0.47359320521354675,-0.2978399097919464,-0.19143153727054596,0.2917036712169647,-0.5711077451705933,-0.21976125240325928,0.09062279760837555,-0.7502447962760925,-0.2556605935096741,0.6128594875335693,-0.8082894086837769,-0.1094936951994896,0.8494595289230347,-1.1437008380889893,-0.1681007742881775,0.9769940972328186,-1.3677858114242554,-0.22200404107570648,1.0659615993499756,-1.5755012035369873,-0.2665293514728546,0.3815040588378906,-0.916724681854248,-0.11861948668956757,0.5277915596961975,-1.3279763460159302,-0.16005051136016846,0.6025485396385193,-1.5940659046173096,-0.22635215520858765,0.6644986271858215,-1.815581202507019,-0.27461710572242737,0.1586000770330429,-0.8998060822486877,-0.14209939539432526,0.18584901094436646,-1.298405647277832,-0.2539970278739929,0.22061705589294434,-1.5584900379180908,-0.37440386414527893,0.2470768690109253,-1.775227665901184,-0.4551847279071808,-0.05891978740692139,-0.7923789024353027,-0.172776997089386,0.0008214207482524216,-0.9502008557319641,-0.31544554233551025,0.02817595936357975,-0.8037906289100647,-0.3554759919643402,0.0320921428501606,-0.6422759890556335,-0.36747169494628906
0.0,0.0,0.0,0.26858964562416077,-0.06727518141269684,-0.1555088311433792,0.43907326459884644,-0.30887264013290405,-0.21125559508800507,0.22929497063159943,-0.5681983828544617,-0.24783024191856384,0.015082837082445621,-0.7413789629936218,-0.2887849807739258,0.5783983469009399,-0.8250344395637512,-0.11712446063756943,0.7873754501342773,-1.1684455871582031,-0.17627781629562378,0.9000692963600159,-1.3874855041503906,-0.23167578876018524,0.9811605215072632,-1.594056248664856,-0.2767971456050873,0.34723177552223206,-0.9303250312805176,-0.11800598353147507,0.4706423580646515,-1.3375985622406006,-0.16045330464839935,0.5273094773292542,-1.5967129468917847,-0.22396859526634216,0.5711302757263184,-1.814496397972107,-0.2703874111175537,0.1336437612771988,-0.9184698462486267,-0.13425391912460327,0.12168487161397934,-1.3045679330825806,-0.23600074648857117,0.1279180943965912,-1.5547794103622437,-0.34263676404953003,0.12863759696483612,-1.7589436769485474,-0.41463586688041687,-0.07260659337043762,-0.8210720419883728,-0.16029071807861328,-0.03349606320261955,-0.9934753775596619,-0.28361284732818604,-0.012189879082143307,-0.8456215262413025,-0.3112952709197998,-0.007890374399721622,-0.6762182116508484,-0.3164840340614319
0.0,0.0,0.0,0.25091347098350525,-0.07430889457464218,-0.19373953342437744,0.38706839084625244,-0.3102358281612396,-0.2752313017845154,0.15464827418327332,-0.5556207299232483,-0.3309740126132965,-0.06807000935077667,-0.7259568572044373,-0.38766929507255554,0.5475095510482788,-0.8284069895744324,-0.1729809194803238,0.7442039251327515,-1.200968623161316,-0.2525731027126312,0.8423791527748108,-1.427211880683899,-0.3168712854385376,0.9090796709060669,-1.642418622970581,-0.3675232231616974,0.30445802211761475,-0.9389203786849976,-0.16041772067546844,0.40896275639533997,-1.3682491779327393,-0.2229822427034378,0.440448522567749,-1.6361087560653687,-0.29416874051094055,0.45930686593055725,-1.8694581985473633,-0.34139469265937805,0.09019201993942261,-0.9264290928840637,-0.16414815187454224,0.03585150092840195,-1.3041634559631348,-0.27408379316329956,-0.0021808394230902195,-1.5422478914260864,-0.37165504693984985,-0.026551276445388794,-1.7408380508422852,-0.4340909719467163,-0.09856138378381729,-0.8231005668640137,-0.18146423995494843,-0.10434062778949738,-0.9977396130561829,-0.3071095049381256,-0.09651152044534683,-0.8681596517562866,-0.32900315523147583,-0.08455301076173782,-0.7207025289535522,-0.32702916860580444
0.0,0.0,0.0,0.24377165734767914,-0.08366329222917557,-0.20964425802230835,0.35345569252967834,-0.3180401921272278,-0.3063739240169525,0.09218905121088028,-0.5427560806274414,-0.3750289976596832,-0.14480379223823547,-0.7128645181655884,-0.4447990357875824,0.4962984621524811,-0.8573642373085022,-0.19907866418361664,0.6672139167785645,-1.2360142469406128,-0.2842002809047699,0.7542829513549805,-1.4672807455062866,-0.3523654341697693,0.8144243359565735,-1.6907905340194702,-0.40892699360847473,0.2563832402229309,-0.9490999579429626,-0.1829666942358017,0.33776676654815674,-1.3796381950378418,-0.2615357041358948,0.35734593868255615,-1.648677110671997,-0.3485761880874634,0.36538878083229065,-1.8856526613235474,-0.4111720621585846,0.04466903582215309,-0.9274274110794067,-0.18351039290428162,-0.04415922984480858,-1.3057613372802734,-0.3116205334663391,-0.1102292537689209,-1.5456759929656982,-0.42324236035346985,-0.16165368258953094,-1.7460730075836182,-0.4972805082798004,-0.15127038955688477,-0.8252171277999878,-0.1976681798696518,-0.15966086089611053,-1.0193997621536255,-0.33405500650405884,-0.12794393301010132,-0.888899564743042,-0.3667066693305969,-0.09386792778968811,-0.7400417923927307,-0.3768613040447235
0.0,0.0,0.0,0.24283665418624878,-0.0763234868645668,-0.22836793959140778,0.34347930550575256,-0.3151634931564331,-0.3269200623035431,0.05299448221921921,-0.5411264300346375,-0.39272642135620117,-0.1984066665172577,-0.7066892385482788,-0.4595816731452942,0.4816854000091553,-0.8678832054138184,-0.21026049554347992,0.6548136472702026,-1.2502403259277344,-0.29618319869041443,0.7377093434333801,-1.4844869375228882,-0.36651623249053955,0.7969738245010376,-1.7140214443206787,-0.426952987909317,0.23442786931991577,-0.9536283612251282,-0.1887759417295456,0.2997339069843292,-1.393198847770691,-0.2656068205833435,0.30728593468666077,-1.666014313697815,-0.3577822744846344,0.30941787362098694,-1.910166621208191,-0.4267948567867279,0.017726104706525803,-0.9229636788368225,-0.18562445044517517,-0.0830586850643158,-1.3064333200454712,-0.32031840085983276,-0.16636782884597778,-1.547550916671753,-0.4394690692424774,-0.22656677663326263,-1.7587305307388306,-0.5196540355682373,-0.17974665760993958,-0.8071754574775696,-0.19702783226966858,-0.20895832777023315,-1.0176079273223877,-0.3439236879348755,-0.1965969055891037,-0.8825969696044922,-0.3808347284793854,-0.17373673617839813,-0.7346072196960449,-0.3947523534297943
0.0,0.0,0.0,0.2394285947084427,-0.08189328759908676,-0.24298496544361115,0.32625681161880493,-0.31589266657829285,-0.3464306592941284,0.039421070367097855,-0.5379148125648499,-0.4112100601196289,-0.2212972790002823,-0.7072574496269226,-0.4763539433479309,0.48415669798851013,-0.855683445930481,-0.22989237308502197,0.6544420719146729,-1.2369627952575684,-0.3192727863788605,0.7325621247291565,-1.4747555255889893,-0.3904487192630768,0.7843415141105652,-1.7109901905059814,-0.45072197914123535,0.2398250848054886,-0.9502226114273071,-0.19889943301677704,0.3016534149646759,-1.3870210647583008,-0.2835041880607605,0.29938337206840515,-1.6608779430389404,-0.3746500313282013,0.2884659171104431,-1.9170278310775757,-0.43765854835510254,0.024156004190444946,-0.925478994846344,-0.18566425144672394,-0.09013205766677856,-1.2961968183517456,-0.32796692848205566,-0.17999479174613953,-1.5336551666259766,-0.44225797057151794,-0.240195170044899,-1.754860281944275,-0.5136155486106873,-0.17223413288593292,-0.8097623586654663,-0.1873559057712555,-0.23333951830863953,-1.0143972635269165,-0.33920225501060486,-0.23210181295871735,-0.8704794645309448,-0.3691228926181793,-0.2079285979270935,-0.7164816856384277,-0.37328365445137024
0.0,0.0,0.0,0.22637365758419037,-0.0836176648736,-0.2350177764892578,0.3002888560295105,-0.31894391775131226,-0.33904191851615906,0.0026438101194798946,-0.5509486198425293,-0.4102173447608948,-0.2580344080924988,-0.7237265706062317,-0.4813883304595947,0.47665566205978394,-0.8603813052177429,-0.2144193798303604,0.6375706195831299,-1.2505743503570557,-0.30198848247528076,0.7088218927383423,-1.4880335330963135,-0.3713333010673523,0.7555172443389893,-1.7175825834274292,-0.43032190203666687,0.22628764808177948,-0.9559862613677979,-0.18677301704883575,0.27669984102249146,-1.4035929441452026,-0.2633645534515381,0.269159734249115,-1.682155966758728,-0.34940430521965027,0.2573480010032654,-1.9331629276275635,-0.4102233052253723,0.009981390088796616,-0.9242399334907532,-0.17777091264724731,-0.12169121205806732,-1.3058055639266968,-0.30753064155578613,-0.22077111899852753,-1.554449200630188,-0.422287255525589,-0.281318724155426,-1.7758251428604126,-0.4979851543903351,-0.18136177957057953,-0.7986106276512146,-0.1841694861650467,-0.2657229006290436,-0.9844613671302795,-0.3275693655014038,-0.27506086230278015,-0.8635718822479248,-0.36664512753486633,-0.250440776348114,-0.7309516072273254,-0.3802981674671173
0.0,0.0,0.0,0.21723102033138275,-0.08305924385786057,-0.25681427121162415,0.27701058983802795,-0.3243754208087921,-0.36904165148735046,-0.02008911222219467,-0.5508989691734314,-0.4427221417427063,-0.27458298206329346,-0.7293591499328613,-0.5154947638511658,0.4613816440105438,-0.8669117093086243,-0.23400650918483734,0.6146573424339294,-1.2520673274993896,-0.33194810152053833,0.6812663674354553,-1.4948469400405884,-0.41264355182647705,0.7250498533248901,-1.7346320152282715,-0.48197242617607117,0.2199779599905014,-0.95493483543396,-0.19927170872688293,0.2550565004348755,-1.3922474384307861,-0.29588767886161804,0.2398216277360916,-1.663310170173645,-0.39762410521507263,0.22697852551937103,-1.9160995483398438,-0.47012755274772644,0.0050264750607311726,-0.9282354116439819,-0.18464694917201996,-0.10513504594564438,-1.297776222229004,-0.3333873152732849,-0.18977729976177216,-1.5394539833068848,-0.45531415939331055,-0.2408425658941269,-1.761145830154419,-0.5346072912216187,-0.19033749401569366,-0.8127105832099915,-0.18698878586292267,-0.27059197425842285,-1.0065460205078125,-0.344465047121048,-0.28638893365859985,-0.8840141892433167,-0.38709184527397156,-0.2680882215499878,-0.749497652053833,-0.40313681960105896
0.0,0.0,0.0,0.22060522437095642,-0.09263167530298233,-0.25416386127471924,0.2781561613082886,-0.34776851534843445,-0.36430874466896057,-0.014163319952785969,-0.5999466180801392,-0.4360318183898926,-0.2664205729961395,-0.7915886640548706,-0.5072126984596252,0.4721132516860962,-0.8611458539962769,-0.23127929866313934,0.6317494511604309,-1.2571187019348145,-0.3258466422557831,0.7035932540893555,-1.507711410522461,-0.402845561504364,0.7506594657897949,-1.746689796447754,-0.4679197072982788,0.22474658489227295,-0.954688549041748,-0.1950863003730774,0.26255670189857483,-1.4019418954849243,-0.28094667196273804,0.25404033064842224,-1.6818395853042603,-0.3744853734970093,0.24766673147678375,-1.9321050643920898,-0.4389539659023285,0.008658611215651035,-0.9260966777801514,-0.17831015586853027,-0.11104395985603333,-1.312790036201477,-0.3170808255672455,-0.18072257936000824,-1.5721993446350098,-0.43695443868637085,-0.21806146204471588,-1.803693413734436,-0.5155563354492188,-0.17683027684688568,-0.8065787553787231,-0.17812034487724304,-0.25751131772994995,-0.9771078824996948,-0.33840644359588623,-0.25207147002220154,-0.8515995740890503,-0.3853219449520111,-0.2164255529642105,-0.7156108021736145,-0.4011327028274536
0.0,0.0,0.0,0.22595711052417755,-0.09903216361999512,-0.24270659685134888,0.2910619080066681,-0.3594950735569,-0.3450738787651062,0.021388215944170952,-0.6339935064315796,-0.4108867049217224,-0.22153618931770325,-0.8412140011787415,-0.475216805934906,0.5062788128852844,-0.8494819402694702,-0.2009565234184265,0.6681841015815735,-1.23863685131073,-0.2876877784729004,0.7446075677871704,-1.479203224182129,-0.36209413409233093,0.7963538765907288,-1.711543083190918,-0.42552781105041504,0.2659047544002533,-0.9494368433952332,-0.1669262796640396,0.32745635509490967,-1.3904436826705933,-0.24904662370681763,0.33692941069602966,-1.6696996688842773,-0.3424302339553833,0.34401318430900574,-1.9207849502563477,-0.4049679934978485,0.0488370880484581,-0.9291352033615112,-0.15274931490421295,-0.03489784523844719,-1.3243263959884644,-0.2908802330493927,-0.07816752791404724,-1.58768892288208,-0.41324928402900696,-0.09904049336910248,-1.8212201595306396,-0.491012305021286,-0.13896754384040833,-0.8219969272613525,-0.15384073555469513,-0.19385193288326263,-1.0001856088638306,-0.31439143419265747,-0.18616315722465515,-0.8772278428077698,-0.3621689975261688,-0.1567874699831009,-0.7408046722412109,-0.3766170144081116
0.0,0.0,0.0,0.23514902591705322,-0.08851312100887299,-0.23285001516342163,0.29958850145339966,-0.34690266847610474,-0.3296544551849365,0.05112326145172119,-0.6310304403305054,-0.3935186564922333,-0.1725829392671585,-0.8433619737625122,-0.4546296298503876,0.532757580280304,-0.8338872790336609,-0.18500225245952606,0.6980175971984863,-1.217429757118225,-0.26842057704925537,0.775434136390686,-1.4556622505187988,-0.3403245806694031,0.8277954459190369,-1.6818805932998657,-0.401951402425766,0.2949294447898865,-0.9428445100784302,-0.15511557459831238,0.367514431476593,-1.3804621696472168,-0.23394469916820526,0.3825652003288269,-1.657359004020691,-0.3235706686973572,0.3935900330543518,-1.9046732187271118,-0.3846542537212372,0.07447221130132675,-0.9328643083572388,-0.14588728547096252,0.0026539552491158247,-1.3303463459014893,-0.2784862220287323,-0.03697250410914421,-1.592272400856018,-0.3979026973247528,-0.056948304176330566,-1.821303367614746,-0.4746466279029846,-0.12013034522533417,-0.8356773853302002,-0.15199658274650574,-0.1627587229013443,-1.0317134857177734,-0.3031463325023651,-0.15424509346485138,-0.9248713254928589,-0.3507206439971924,-0.1257300227880478,-0.7997545599937439,-0.367583692073822
0.0,0.0,0.0,0.24602092802524567,-0.08649046719074249,-0.23104119300842285,0.3247908651828766,-0.36299192905426025,-0.3252141773700714,0.07763175666332245,-0.6612555980682373,-0.3864613473415375,-0.1364971548318863,-0.8736838698387146,-0.4455134868621826,0.5492510795593262,-0.8383257985115051,-0.1763385534286499,0.7067866325378418,-1.2279446125030518,-0.2584055960178375,0.7824789881706238,-1.4636012315750122,-0.33127179741859436,0.8344890475273132,-1.6862279176712036,-0.39310938119888306,0.31101080775260925,-0.9390297532081604,-0.14661318063735962,0.3837715685367584,-1.3733950853347778,-0.22674547135829926,0.40638893842697144,-1.6501214504241943,-0.315755158662796,0.42830851674079895,-1.8964496850967407,-0.3759312629699707,0.08752933889627457,-0.9314475655555725,-0.1388232409954071,0.05909328907728195,-1.3555110692977905,-0.27702218294143677,0.041919298470020294,-1.623988151550293,-0.3978468179702759,0.03946317359805107,-1.862423062324524,-0.4739404618740082,-0.11824335157871246,-0.8435750007629395,-0.14547978341579437,-0.13632716238498688,-1.068585753440857,-0.3046209216117859,-0.12946078181266785,-0.9702459573745728,-0.35414648056030273,-0.10820136219263077,-0.8538441061973572,-0.37103384733200073
0.0,0.0,0.0,0.24755990505218506,-0.08719560503959656,-0.2256680279970169,0.3362148106098175,-0.35799500346183777,-0.3157573342323303,0.09530216455459595,-0.6576851010322571,-0.3736494481563568,-0.11184924095869064,-0.8716259002685547,-0.42943844199180603,0.556331217288971,-0.8326160907745361,-0.16281463205814362,0.7288233637809753,-1.21774160861969,-0.24227149784564972,0.8129327893257141,-1.4543923139572144,-0.3133419454097748,0.8706017136573792,-1.6768032312393188,-0.3733721971511841,0.320242315530777,-0.9374599456787109,-0.136432483792305,0.40809574723243713,-1.3707950115203857,-0.21240417659282684,0.4402075707912445,-1.648134708404541,-0.2994181215763092,0.469954252243042,-1.8965038061141968,-0.3580699861049652,0.09664613008499146,-0.93280029296875,-0.13227689266204834,0.07940111309289932,-1.351410984992981,-0.26942601799964905,0.07158363610506058,-1.617579460144043,-0.3907104730606079,0.07556531578302383,-1.8563741445541382,-0.4667856991291046,-0.11103688180446625,-0.844605028629303,-0.14219482243061066,-0.11995391547679901,-1.061782956123352,-0.3039282560348511,-0.11622985452413559,-0.9445879459381104,-0.35169655084609985,-0.10161421447992325,-0.8156825304031372,-0.36596640944480896
0.0,0.0,0.0,0.2566574811935425,-0.09322887659072876,-0.22510699927806854,0.3517725467681885,-0.3715137243270874,-0.31610170006752014,0.11335323005914688,-0.6787197589874268,-0.374872624874115,-0.0953841581940651,-0.8925713300704956,-0.4320017099380493,0.5673922300338745,-0.8303378820419312,-0.17004410922527313,0.7395404577255249,-1.2218002080917358,-0.2526063323020935,0.8261465430259705,-1.4596878290176392,-0.32418712973594666,0.8853190541267395,-1.6806602478027344,-0.3833347260951996,0.32557472586631775,-0.9346147775650024,-0.14316512644290924,0.4219144284725189,-1.3744398355484009,-0.22032301127910614,0.4587385952472687,-1.6574677228927612,-0.30588942766189575,0.490924209356308,-1.899294137954712,-0.3625670075416565,0.0953710749745369,-0.9275223612785339,-0.13840293884277344,0.0774737298488617,-1.357252597808838,-0.2769823968410492,0.07398174703121185,-1.6247190237045288,-0.4008740484714508,0.08163990080356598,-1.8556809425354004,-0.4780331552028656,-0.11464200913906097,-0.8364883065223694,-0.14716418087482452,-0.11666157096624374,-1.0492451190948486,-0.31355422735214233,-0.1051851361989975,-0.9345394372940063,-0.36620721220970154,-0.08649569749832153,-0.8070231080055237,-0.38278013467788696
0.0,0.0,0.0,0.25058677792549133,-0.09933178871870041,-0.2168106585741043,0.33957064151763916,-0.3855741024017334,-0.30223479866981506,0.09703604131937027,-0.6885010004043579,-0.35512664914131165,-0.11870849132537842,-0.9006162285804749,-0.4071602523326874,0.5430629849433899,-0.8408783674240112,-0.1666359156370163,0.7022592425346375,-1.227399230003357,-0.2401657998561859,0.7786427736282349,-1.4669201374053955,-0.30485665798187256,0.8302738666534424,-1.689913272857666,-0.3599928915500641,0.3034445643424988,-0.9423267245292664,-0.1412155032157898,0.38083896040916443,-1.3759639263153076,-0.20695532858371735,0.41185688972473145,-1.6545042991638184,-0.28508344292640686,0.44378477334976196,-1.8910430669784546,-0.3381979465484619,0.07540587335824966,-0.9276095032691956,-0.13623739778995514,0.033072613179683685,-1.3547053337097168,-0.26789891719818115,0.023871855810284615,-1.6178052425384521,-0.39142146706581116,0.029396720230579376,-1.8441308736801147,-0.4707740247249603,-0.1278812140226364,-0.8268358707427979,-0.1437559276819229,-0.13546550273895264,-1.026582956314087,-0.3103455901145935,-0.11610458046197891,-0.8874237537384033,-0.36369988322257996,-0.09175991266965866,-0.7358788251876831,-0.38125866651535034
0.0,0.0,0.0,0.24354834854602814,-0.10674560815095901,-0.234980046749115,0.3101992905139923,-0.37587693333625793,-0.33891600370407104,0.06673906743526459,-0.6614493727684021,-0.40864911675453186,-0.15786613523960114,-0.8793891072273254,-0.47757306694984436,0.5296398997306824,-0.8395841121673584,-0.20499847829341888,0.6805639863014221,-1.23329496383667,-0.2942783832550049,0.7481661438941956,-1.4764302968978882,-0.36780640482902527,0.7946610450744629,-1.7022011280059814,-0.42791423201560974,0.2923349440097809,-0.9402963519096375,-0.174307182431221,0.3647414445877075,-1.379734992980957,-0.254392147064209,0.38907894492149353,-1.6603374481201172,-0.33782583475112915,0.41340017318725586,-1.8933119773864746,-0.3933052122592926,0.06541192531585693,-0.9249055981636047,-0.16439354419708252,0.0021187274251133204,-1.3442573547363281,-0.3012155294418335,-0.0221388041973114,-1.6082509756088257,-0.4236682951450348,-0.02574615180492401,-1.8308193683624268,-0.5026856660842896,-0.133143812417984,-0.8234045505523682,-0.16905100643634796,-0.1608702391386032,-1.0037873983383179,-0.33533385396003723,-0.14484678208827972,-0.875691831111908,-0.3898751139640808,-0.1168084442615509,-0.7307225465774536,-0.4088173508644104
0.0,0.0,0.0,0.2230539470911026,-0.12138830870389938,-0.24242311716079712,0.25504040718078613,-0.40375033020973206,-0.3498574197292328,-5.396354026743211e-05,-0.6863199472427368,-0.421424925327301,-0.22974848747253418,-0.9012361168861389,-0.49188995361328125,0.48711881041526794,-0.8600547313690186,-0.21659034490585327,0.6254225969314575,-1.2600489854812622,-0.3085271120071411,0.685474693775177,-1.5066885948181152,-0.3827262818813324,0.7255529761314392,-1.7327512502670288,-0.44349461793899536,0.2562538981437683,-0.9492899179458618,-0.1821608543395996,0.3115610182285309,-1.3919469118118286,-0.26795944571495056,0.32484492659568787,-1.6703165769577026,-0.35252222418785095,0.34104225039482117,-1.9009315967559814,-0.40778848528862,0.036870550364255905,-0.9242669343948364,-0.1686779409646988,-0.04623162001371384,-1.3470615148544312,-0.3101828396320343,-0.08378183841705322,-1.6143704652786255,-0.4321884214878082,-0.09204789251089096,-1.8405251502990723,-0.5103362202644348,-0.15434934198856354,-0.8143882751464844,-0.17023392021656036,-0.21244345605373383,-1.0040425062179565,-0.33829641342163086,-0.19863705337047577,-0.8833021521568298,-0.3946765661239624,-0.16092753410339355,-0.7408440709114075,-0.41564255952835083
0.0,0.0,0.0,0.20430530607700348,-0.1283954530954361,-0.2649265229701996,0.21208719909191132,-0.41335007548332214,-0.3785751461982727,-0.047851935029029846,-0.6925045251846313,-0.4516485035419464,-0.28239238262176514,-0.9076725840568542,-0.5217562913894653,0.4868984818458557,-0.8631783723831177,-0.22267882525920868,0.6048692464828491,-1.2642362117767334,-0.3141144812107086,0.6543471813201904,-1.5115522146224976,-0.39084672927856445,0.6889958381652832,-1.7387140989303589,-0.45524320006370544,0.26186326146125793,-0.9487965106964111,-0.17667149007320404,0.2998439371585846,-1.3960869312286377,-0.2659663259983063,0.30150219798088074,-1.6798115968704224,-0.35961052775382996,0.3110516369342804,-1.9174704551696777,-0.42111101746559143,0.046587228775024414,-0.9197158813476562,-0.1537521928548813,-0.0559510663151741,-1.3316996097564697,-0.3007904887199402,-0.1059001013636589,-1.601326584815979,-0.43693557381629944,-0.11948679387569427,-1.8313016891479492,-0.5241173505783081,-0.13588716089725494,-0.806796669960022,-0.14724315702915192,-0.22249045968055725,-0.9761389493942261,-0.3240238130092621,-0.21471039950847626,-0.8582068085670471,-0.39354974031448364,-0.1751422882080078,-0.7226108908653259,-0.42377594113349915
0.0,0.0,0.0,0.19386722147464752,-0.13167284429073334,-0.2704187035560608,0.19637219607830048,-0.4224805235862732,-0.3806651532649994,-0.07262204587459564,-0.6984695792198181,-0.44915318489074707,-0.3113824725151062,-0.9064847826957703,-0.5139261484146118,0.46623292565345764,-0.8782016038894653,-0.21289007365703583,0.5719661712646484,-1.2736761569976807,-0.30414217710494995,0.6134295463562012,-1.5194171667099,-0.3831325173377991,0.6408588290214539,-1.7456670999526978,-0.44968223571777344,0.24235093593597412,-0.956333577632904,-0.16337695717811584,0.2672383189201355,-1.3964080810546875,-0.25524842739105225,0.2582659423351288,-1.676292896270752,-0.352831095457077,0.2601200342178345,-1.9140511751174927,-0.41659921407699585,0.031079784035682678,-0.9226205348968506,-0.1383655071258545,-0.07729820907115936,-1.3225531578063965,-0.28763899207115173,-0.13796935975551605,-1.5861225128173828,-0.42384061217308044,-0.1586012840270996,-1.8147540092468262,-0.5095887780189514,-0.15028902888298035,-0.8062912225723267,-0.1305297315120697,-0.2483321875333786,-0.9729056358337402,-0.30730903148651123,-0.24776509404182434,-0.8617415428161621,-0.3771795630455017,-0.20975561439990997,-0.7362964749336243,-0.4073706865310669
0.0,0.0,0.0,0.17542341351509094,-0.14627496898174286,-0.259198397397995,0.16044069826602936,-0.44182083010673523,-0.36485061049461365,-0.10415170341730118,-0.7077075839042664,-0.43091192841529846,-0.3383468985557556,-0.9129266142845154,-0.4944961667060852,0.43663841485977173,-0.8907251954078674,-0.20576976239681244,0.5353331565856934,-1.2821240425109863,-0.29501062631607056,0.5724035501480103,-1.52715003490448,-0.37393951416015625,0.5957767963409424,-1.7523646354675293,-0.4402740001678467,0.21772804856300354,-0.9624117612838745,-0.162351593375206,0.23754726350307465,-1.4017581939697266,-0.2515206038951874,0.22635574638843536,-1.6835860013961792,-0.3495531380176544,0.22715771198272705,-1.925528883934021,-0.4142032265663147,0.007228508125990629,-0.9250830411911011,-0.14224915206432343,-0.10641217231750488,-1.3295327425003052,-0.2907593250274658,-0.16362375020980835,-1.5926672220230103,-0.42852574586868286,-0.18006086349487305,-1.8238428831100464,-0.5157557129859924,-0.17280565202236176,-0.8068955540657043,-0.13825947046279907,-0.278156042098999,-0.9735906720161438,-0.3157985806465149,-0.27287912368774414,-0.8565360903739929,-0.38501524925231934,-0.2296624332666397,-0.724013090133667,-0.4146580100059509
0.0,0.0,0.0,0.16718004643917084,-0.14532804489135742,-0.2712271511554718,0.14545468986034393,-0.4466329514980316,-0.37976202368736267,-0.11012213677167892,-0.7247490882873535,-0.4467678368091583,-0.3454098105430603,-0.929164707660675,-0.5100526809692383,0.4254354238510132,-0.8970311284065247,-0.20983931422233582,0.5202875733375549,-1.2894240617752075,-0.3004806339740753,0.556107223033905,-1.533479928970337,-0.3827613890171051,0.5787888169288635,-1.759372353553772,-0.4526060223579407,0.20931610465049744,-0.9649709463119507,-0.15817001461982727,0.22272507846355438,-1.4005448818206787,-0.2497515231370926,0.206298828125,-1.6836273670196533,-0.35155028104782104,0.19896869361400604,-1.9262464046478271,-0.4196438789367676,0.0037748105823993683,-0.9251845479011536,-0.1312260776758194,-0.10607939213514328,-1.3263674974441528,-0.27683931589126587,-0.17516404390335083,-1.596372127532959,-0.41718292236328125,-0.20472314953804016,-1.8283249139785767,-0.5061663389205933,-0.17187635600566864,-0.8062666058540344,-0.12178968638181686,-0.2956618070602417,-0.987968385219574,-0.29360494017601013,-0.31032150983810425,-0.910053551197052,-0.3695269525051117,-0.282205730676651,-0.8095864057540894,-0.40540552139282227
0.0,0.0,0.0,0.16362181305885315,-0.14960458874702454,-0.27277672290802,0.13930203020572662,-0.4566892087459564,-0.37881386280059814,-0.11446070671081543,-0.7348434329032898,-0.44170641899108887,-0.3414659798145294,-0.9421118497848511,-0.4992622435092926,0.4348627030849457,-0.8977200984954834,-0.206353098154068,0.5196385979652405,-1.2919546365737915,-0.2938179075717926,0.5522885918617249,-1.5379276275634766,-0.37354445457458496,0.5720878839492798,-1.7637205123901367,-0.4409310221672058,0.22034163773059845,-0.9636246562004089,-0.15125170350074768,0.23162738978862762,-1.4019265174865723,-0.24018901586532593,0.21224498748779297,-1.6855653524398804,-0.339387446641922,0.20195765793323517,-1.9297795295715332,-0.40448153018951416,0.015226024203002453,-0.9239554405212402,-0.12115775048732758,-0.10089098662137985,-1.323950171470642,-0.2651456892490387,-0.170802041888237,-1.5914589166641235,-0.4035382568836212,-0.20055818557739258,-1.8237507343292236,-0.4898013472557068,-0.15895439684391022,-0.808402419090271,-0.10867897421121597,-0.28410667181015015,-0.9886649250984192,-0.2788531184196472,-0.30278071761131287,-0.9006991386413574,-0.35123777389526367,-0.2777132987976074,-0.7930811047554016,-0.3838118314743042
0.0,0.0,0.0,0.1728941798210144,-0.15744096040725708,-0.2676604092121124,0.1565229892730713,-0.4700629711151123,-0.36907973885536194,-0.10586147755384445,-0.7517005205154419,-0.42799946665763855,-0.33769381046295166,-0.9561201930046082,-0.48334380984306335,0.44305455684661865,-0.8995940089225769,-0.19468268752098083,0.5441359877586365,-1.293758749961853,-0.2819151282310486,0.5802631974220276,-1.5383048057556152,-0.3622649312019348,0.6039574146270752,-1.7666219472885132,-0.4308532476425171,0.22525349259376526,-0.9635963439941406,-0.14402440190315247,0.25046655535697937,-1.4006330966949463,-0.23662543296813965,0.23763710260391235,-1.6851698160171509,-0.34031379222869873,0.23505116999149323,-1.9392393827438354,-0.4079955220222473,0.01622726023197174,-0.92530357837677,-0.11825601011514664,-0.08553208410739899,-1.335103988647461,-0.2742675244808197,-0.15035861730575562,-1.609041452407837,-0.41880762577056885,-0.17607490718364716,-1.8564128875732422,-0.507530927658081,-0.16066309809684753,-0.8101734519004822,-0.10841799527406693,-0.28771263360977173,-0.9957751631736755,-0.29411476850509644,-0.30451899766921997,-0.8928603529930115,-0.36867696046829224,-0.2769622206687927,-0.776993453502655,-0.4003089964389801
0.0,0.0,0.0,0.1707114279270172,-0.1472463309764862,-0.27355167269706726,0.15867526829242706,-0.4625011682510376,-0.37572968006134033,-0.08922000974416733,-0.7513454556465149,-0.43309417366981506,-0.30939584970474243,-0.9643267393112183,-0.4858063757419586,0.46573007106781006,-0.8821718096733093,-0.21172772347927094,0.5727217793464661,-1.2814280986785889,-0.3033202290534973,0.6163590550422668,-1.5294874906539917,-0.38367658853530884,0.6434681415557861,-1.760504126548767,-0.4505195915699005,0.24911357462406158,-0.9555608034133911,-0.15762624144554138,0.28060537576675415,-1.4005916118621826,-0.24800081551074982,0.2705778479576111,-1.6833367347717285,-0.34617936611175537,0.26972496509552,-1.9321180582046509,-0.410005658864975,0.037802554666996,-0.9257016777992249,-0.12843100726604462,-0.06074725091457367,-1.3304307460784912,-0.27771273255348206,-0.11938182264566422,-1.60002601146698,-0.4160318672657013,-0.13993293046951294,-1.840343952178955,-0.5018172860145569,-0.14252710342407227,-0.8168687224388123,-0.11665602773427963,-0.2552426755428314,-0.9985125660896301,-0.2955009341239929,-0.27065733075141907,-0.893537163734436,-0.3661065697669983,-0.24737253785133362,-0.7753283977508545,-0.39574167132377625
0.0,0.0,0.0,0.1642700731754303,-0.16005127131938934,-0.2706190049648285,0.153686061501503,-0.4789569079875946,-0.36321067810058594,-0.0897236317396164,-0.765792191028595,-0.4108412563800812,-0.3180517256259918,-0.9723978042602539,-0.45403987169265747,0.45723429322242737,-0.8928321599960327,-0.18315578997135162,0.5646525025367737,-1.2854875326156616,-0.2577894330024719,0.6106951832771301,-1.5302119255065918,-0.3318095803260803,0.6421000361442566,-1.759740948677063,-0.39659279584884644,0.24395400285720825,-0.9618921875953674,-0.12349075824022293,0.2785807251930237,-1.3986232280731201,-0.20196381211280823,0.2765449285507202,-1.6826503276824951,-0.30132728815078735,0.28072163462638855,-1.9309073686599731,-0.36765170097351074,0.03633800894021988,-0.9289467334747314,-0.0891118273139,-0.05630968511104584,-1.3365740776062012,-0.22990353405475616,-0.11010326445102692,-1.6126072406768799,-0.37710899114608765,-0.13043783605098724,-1.8539341688156128,-0.4700559675693512,-0.14117728173732758,-0.8204959630966187,-0.07157226651906967,-0.2590017318725586,-1.0032485723495483,-0.24500533938407898,-0.2776959538459778,-0.9019902348518372,-0.32186758518218994,-0.2581474184989929,-0.780156135559082,-0.3574278950691223
0.0,0.0,0.0,0.17177151143550873,-0.15018759667873383,-0.27040040493011475,0.17233064770698547,-0.4576060175895691,-0.3696063160896301,-0.06711146235466003,-0.7505135536193848,-0.4267938435077667,-0.28463175892829895,-0.9631492495536804,-0.4791700839996338,0.47097229957580566,-0.8842383027076721,-0.1930776983499527,0.5791432857513428,-1.2833669185638428,-0.2815043032169342,0.6270037293434143,-1.5305352210998535,-0.3618276119232178,0.6599769592285156,-1.759557843208313,-0.4295863211154938,0.25308364629745483,-0.9573832750320435,-0.13916145265102386,0.28605371713638306,-1.3986003398895264,-0.22901888191699982,0.2805882692337036,-1.6777366399765015,-0.3297714293003082,0.2844144403934479,-1.9227964878082275,-0.39617204666137695,0.04464573413133621,-0.9234223961830139,-0.11087502539157867,-0.05375910550355911,-1.3260835409164429,-0.2570561170578003,-0.11707496643066406,-1.5916566848754883,-0.3934295177459717,-0.13922645151615143,-1.82625412940979,-0.47850289940834045,-0.13400213420391083,-0.8116791248321533,-0.10013881325721741,-0.249482199549675,-0.9932486414909363,-0.2726760506629944,-0.2545681595802307,-0.8963735103607178,-0.34085509181022644,-0.219237819314003,-0.7844663858413696,-0.3701359033584595
0.0,0.0,0.0,0.20459750294685364,-0.1270933449268341,-0.2533455491065979,0.23484225571155548,-0.409307062625885,-0.3546520471572876,0.004885952454060316,-0.6977723836898804,-0.4196256697177887,-0.22263632714748383,-0.9088005423545837,-0.48229512572288513,0.4763256013393402,-0.8713976740837097,-0.18880437314510345,0.5922959446907043,-1.2657532691955566,-0.28180018067359924,0.6480304002761841,-1.5057647228240967,-0.36501216888427734,0.6889582276344299,-1.7321765422821045,-0.4339061975479126,0.2449091672897339,-0.9581748843193054,-0.14805525541305542,0.2803214490413666,-1.4026089906692505,-0.24002903699874878,0.2802489995956421,-1.6810652017593384,-0.3386155068874359,0.2865307331085205,-1.930968999862671,-0.4033597409725189,0.031380366533994675,-0.9334818720817566,-0.13130588829517365,-0.04772152379155159,-1.3409414291381836,-0.2768758535385132,-0.1024908646941185,-1.6065312623977661,-0.4052559733390808,-0.1291942298412323,-1.8382071256637573,-0.4852898120880127,-0.15053866803646088,-0.8237193822860718,-0.13115966320037842,-0.21906939148902893,-1.0172686576843262,-0.2968044579029083,-0.20799274742603302,-0.9091522097587585,-0.3518831431865692,-0.17293499410152435,-0.7850011587142944,-0.37182578444480896
0.0,0.0,0.0,0.22080574929714203,-0.09942690283060074,-0.25995561480522156,0.2704037129878998,-0.3624976575374603,-0.36900290846824646,0.03881431743502617,-0.6518505215644836,-0.4416305124759674,-0.184133380651474,-0.8739529252052307,-0.512821614742279,0.5117170214653015,-0.8514696359634399,-0.20740410685539246,0.6477564573287964,-1.2392324209213257,-0.3049309253692627,0.7113891839981079,-1.4794470071792603,-0.38962748646736145,0.757728099822998,-1.7062599658966064,-0.45984601974487305,0.276890367269516,-0.9460705518722534,-0.16817310452461243,0.32723796367645264,-1.3917577266693115,-0.2617526948451996,0.33321672677993774,-1.6718515157699585,-0.35970550775527954,0.34338459372520447,-1.9177879095077515,-0.4248291850090027,0.057234760373830795,-0.9211748242378235,-0.15280292928218842,-0.014213025569915771,-1.328126072883606,-0.29989367723464966,-0.06076079607009888,-1.5880098342895508,-0.4263504445552826,-0.07727422565221786,-1.8149826526641846,-0.5057013630867004,-0.13294067978858948,-0.8086988925933838,-0.15484219789505005,-0.19853493571281433,-0.9953527450561523,-0.3244132697582245,-0.18943044543266296,-0.8844785094261169,-0.38069599866867065,-0.15496069192886353,-0.7563236951828003,-0.40098118782043457
0.0,0.0,0.0,0.21069294214248657,-0.12170419842004776,-0.26248106360435486,0.23417659103870392,-0.3926786184310913,-0.3748433291912079,-0.014113357290625572,-0.6604349613189697,-0.44818180799484253,-0.24827904999256134,-0.867691695690155,-0.5202662944793701,0.4858469069004059,-0.8592015504837036,-0.22176283597946167,0.6129487752914429,-1.2432498931884766,-0.3136734366416931,0.667600691318512,-1.4860719442367554,-0.3931626081466675,0.7052750587463379,-1.7102586030960083,-0.46008777618408203,0.2596307694911957,-0.949225664138794,-0.17765851318836212,0.30075207352638245,-1.3872867822647095,-0.2632392346858978,0.3020305037498474,-1.6679320335388184,-0.35692256689071655,0.309177428483963,-1.9010316133499146,-0.4207722842693329,0.04420500621199608,-0.9199713468551636,-0.15645016729831696,-0.05235090106725693,-1.3197379112243652,-0.29622897505760193,-0.10003442317247391,-1.5801665782928467,-0.428928941488266,-0.11377892643213272,-1.7987933158874512,-0.516219973564148,-0.14116579294204712,-0.8037105798721313,-0.15261265635490417,-0.21494950354099274,-0.9687723517417908,-0.32115232944488525,-0.20142990350723267,-0.8555201292037964,-0.38821941614151,-0.15994752943515778,-0.7196847200393677,-0.41874775290489197
0.0,0.0,0.0,0.2049885392189026,-0.12392549216747284,-0.2566840350627899,0.23096336424350739,-0.3995450437068939,-0.3638926148414612,-0.02198866941034794,-0.6720250248908997,-0.4336785078048706,-0.26204943656921387,-0.8799816966056824,-0.5019369721412659,0.4668700397014618,-0.874383270740509,-0.20566266775131226,0.5799175500869751,-1.2646397352218628,-0.29925358295440674,0.6275912523269653,-1.5084095001220703,-0.380379319190979,0.6589470505714417,-1.7377846240997314,-0.4483354687690735,0.23526911437511444,-0.9577734470367432,-0.16528306901454926,0.2640763819217682,-1.3972276449203491,-0.2527323365211487,0.25510382652282715,-1.674872636795044,-0.3464308977127075,0.2554347813129425,-1.912704586982727,-0.4093741476535797,0.0195689145475626,-0.9243515133857727,-0.14836794137954712,-0.07513166964054108,-1.316397786140442,-0.2911369204521179,-0.1347041130065918,-1.5712226629257202,-0.41963931918144226,-0.16104984283447266,-1.7924586534500122,-0.5020121932029724,-0.16139592230319977,-0.8066492080688477,-0.14868710935115814,-0.24228765070438385,-0.9615388512611389,-0.32101762294769287,-0.23210571706295013,-0.8455032706260681,-0.3851035535335541,-0.19381630420684814,-0.7190438508987427,-0.41115134954452515
0.0,0.0,0.0,0.22696460783481598,-0.11210041493177414,-0.23335358500480652,0.2722359597682953,-0.38483890891075134,-0.3257710635662079,0.020660387352108955,-0.6704765558242798,-0.3865968883037567,-0.20666629076004028,-0.8768986463546753,-0.4453388452529907,0.48631900548934937,-0.8620571494102478,-0.16336238384246826,0.6094652414321899,-1.243796706199646,-0.24927081167697906,0.6631842851638794,-1.4784504175186157,-0.3255910873413086,0.7040979862213135,-1.7010279893875122,-0.3916319012641907,0.2517019212245941,-0.9583725929260254,-0.13478882610797882,0.2940869927406311,-1.3956936597824097,-0.21501308679580688,0.295032262802124,-1.668735384941101,-0.30380889773368835,0.30443304777145386,-1.9107003211975098,-0.363680362701416,0.03560679778456688,-0.9298570156097412,-0.1300985962152481,-0.044329579919576645,-1.3325449228286743,-0.26868245005607605,-0.09824105352163315,-1.586503028869629,-0.3907787799835205,-0.12112301588058472,-1.8135550022125244,-0.46843746304512024,-0.15205839276313782,-0.8101236820220947,-0.14079706370830536,-0.22853872179985046,-0.9894042611122131,-0.30624765157699585,-0.21710197627544403,-0.8767463564872742,-0.3612874150276184,-0.17695623636245728,-0.7543883919715881,-0.3811870813369751
0.0,0.0,0.0,0.2366887331008911,-0.10976231098175049,-0.23261547088623047,0.2973194420337677,-0.3826987147331238,-0.32321783900260925,0.03591559827327728,-0.6534605622291565,-0.38018396496772766,-0.20403964817523956,-0.8524850606918335,-0.43603217601776123,0.49223998188972473,-0.8669241070747375,-0.17338065803050995,0.6569251418113708,-1.2419325113296509,-0.2528090178966522,0.7361850738525391,-1.4745241403579712,-0.3219216763973236,0.790610134601593,-1.690913200378418,-0.3810141682624817,0.2520294487476349,-0.9573442935943604,-0.1413264125585556,0.30856114625930786,-1.3923383951187134,-0.21285289525985718,0.31892329454421997,-1.6675689220428467,-0.298628568649292,0.32881826162338257,-1.9030532836914062,-0.35634854435920715,0.03529782593250275,-0.9236542582511902,-0.1311890333890915,-0.03893131762742996,-1.3135654926300049,-0.2643982172012329,-0.07450587302446365,-1.5645533800125122,-0.39124757051467896,-0.09094151854515076,-1.785369873046875,-0.4718419313430786,-0.1481054425239563,-0.8014066219329834,-0.13561312854290009,-0.19891484081745148,-0.9661198854446411,-0.30193522572517395,-0.17816343903541565,-0.8464584350585938,-0.3614119589328766,-0.14274196326732635,-0.7184678316116333,-0.3830855190753937
0.0,0.0,0.0,0.22705645859241486,-0.10488086938858032,-0.23948031663894653,0.28627803921699524,-0.36883848905563354,-0.33745846152305603,0.04444921016693115,-0.6388025283813477,-0.4027547836303711,-0.1871456503868103,-0.8388137817382812,-0.4666072130203247,0.48979175090789795,-0.8649551272392273,-0.18030808866024017,0.6489797830581665,-1.239353895187378,-0.2685772180557251,0.7279132604598999,-1.4719654321670532,-0.345801442861557,0.7832528948783875,-1.6888889074325562,-0.4100973308086395,0.25490066409111023,-0.9556933045387268,-0.14722761511802673,0.31315720081329346,-1.3813618421554565,-0.22712309658527374,0.32671186327934265,-1.6534100770950317,-0.3167021572589874,0.3419908881187439,-1.886807918548584,-0.37745118141174316,0.03617522493004799,-0.9276818037033081,-0.13737553358078003,-0.029219798743724823,-1.3168320655822754,-0.27328070998191833,-0.06210821494460106,-1.5639325380325317,-0.39695918560028076,-0.0723990648984909,-1.7782200574874878,-0.47591400146484375,-0.15597645938396454,-0.811481237411499,-0.14373552799224854,-0.2051188349723816,-0.9812946319580078,-0.3084644675254822,-0.18913522362709045,-0.8684259653091431,-0.3667110800743103,-0.15462680160999298,-0.7428889870643616,-0.38847482204437256
0.0,0.0,0.0,0.23294061422348022,-0.10169458389282227,-0.23183000087738037,0.3034106194972992,-0.36230841279029846,-0.3261584937572479,0.04938800632953644,-0.6287452578544617,-0.38884973526000977,-0.1833944171667099,-0.824148416519165,-0.45010268688201904,0.48886844515800476,-0.8647229671478271,-0.17488613724708557,0.6512606739997864,-1.240810513496399,-0.2627688944339752,0.730426013469696,-1.472201943397522,-0.3390906751155853,0.7859817147254944,-1.6891649961471558,-0.40315374732017517,0.2504666745662689,-0.9569724202156067,-0.1465269774198532,0.3095983862876892,-1.390213131904602,-0.22759708762168884,0.31834256649017334,-1.6639556884765625,-0.3205304741859436,0.3257259130477905,-1.9060276746749878,-0.38427451252937317,0.03474166616797447,-0.9306121468544006,-0.14018188416957855,-0.02987491525709629,-1.3166760206222534,-0.275698184967041,-0.06635751575231552,-1.5656569004058838,-0.39842188358306885,-0.08244239538908005,-1.7874627113342285,-0.47707676887512207,-0.15700532495975494,-0.8159030079841614,-0.14909446239471436,-0.21329961717128754,-0.999868631362915,-0.3077840805053711,-0.20154961943626404,-0.8950316309928894,-0.36090415716171265,-0.16864848136901855,-0.7801203727722168,-0.3808305859565735
0.0,0.0,0.0,0.2316807508468628,-0.1022416278719902,-0.21855175495147705,0.29732567071914673,-0.3599250316619873,-0.307351291179657,0.04314553365111351,-0.6329620480537415,-0.36708587408065796,-0.18159599602222443,-0.8330798745155334,-0.4248894155025482,0.5039294362068176,-0.8550496101379395,-0.1668846309185028,0.6643908619880676,-1.243967890739441,-0.25015708804130554,0.741496741771698,-1.4801161289215088,-0.3200494050979614,0.7976946830749512,-1.6978340148925781,-0.3787517249584198,0.2620849013328552,-0.9542862772941589,-0.14369812607765198,0.3202740550041199,-1.4039663076400757,-0.2190273553133011,0.32895445823669434,-1.6833189725875854,-0.3039380609989166,0.3385236859321594,-1.9277880191802979,-0.36003589630126953,0.0444631353020668,-0.9292452931404114,-0.14107701182365417,-0.03131040558218956,-1.328967571258545,-0.2688461244106293,-0.07171806693077087,-1.5895984172821045,-0.38447055220603943,-0.08706367760896683,-1.8221373558044434,-0.45745187997817993,-0.14627885818481445,-0.813194215297699,-0.1529017686843872,-0.21562081575393677,-0.9995121359825134,-0.30254852771759033,-0.20747704803943634,-0.9043483734130859,-0.3487446904182434,-0.17298543453216553,-0.7952137589454651,-0.3628755211830139
0.0,0.0,0.0,0.25537383556365967,-0.07573133707046509,-0.21505184471607208,0.3609772324562073,-0.3258928954601288,-0.2977816164493561,0.10665280371904373,-0.595967173576355,-0.3498642146587372,-0.11813004314899445,-0.7863980531692505,-0.402019739151001,0.5452055335044861,-0.8353689908981323,-0.16363558173179626,0.7292836904525757,-1.2057623863220215,-0.23989099264144897,0.8218603730201721,-1.4364867210388184,-0.3062768876552582,0.8866215348243713,-1.652614951133728,-0.36298632621765137,0.3020299971103668,-0.9426804780960083,-0.14188529551029205,0.3868100941181183,-1.3839720487594604,-0.20882631838321686,0.4109768271446228,-1.6608834266662598,-0.2921624779701233,0.4317001700401306,-1.907112717628479,-0.34847143292427063,0.08262653648853302,-0.9256392121315002,-0.13950563967227936,0.03613488748669624,-1.322409987449646,-0.265093594789505,0.016337478533387184,-1.5852495431900024,-0.3835349977016449,0.012534656561911106,-1.821636438369751,-0.4596955180168152,-0.11806682497262955,-0.8159263730049133,-0.15053604543209076,-0.14801189303398132,-1.0062497854232788,-0.2998044490814209,-0.1366761326789856,-0.8835102319717407,-0.341189980506897,-0.10986214876174927,-0.7507311701774597,-0.3524560332298279
0.0,0.0,0.0,0.25749140977859497,-0.06191475689411163,-0.20976752042770386,0.3794271945953369,-0.2920544445514679,-0.2969761788845062,0.13516399264335632,-0.5581260323524475,-0.3547874391078949,-0.07478717714548111,-0.7511455416679382,-0.41251254081726074,0.5691990852355957,-0.8180139660835266,-0.1768304854631424,0.7707251310348511,-1.180740475654602,-0.2585861086845398,0.8801752328872681,-1.4070332050323486,-0.3258538544178009,0.9564287066459656,-1.6182323694229126,-0.3807623088359833,0.3277307450771332,-0.9311419725418091,-0.15989740192890167,0.4322406053543091,-1.3724626302719116,-0.2290845662355423,0.4703655242919922,-1.6504682302474976,-0.31064870953559875,0.4998050928115845,-1.8968029022216797,-0.36524513363838196,0.10590314865112305,-0.9186083078384399,-0.16122326254844666,0.07091134041547775,-1.3147956132888794,-0.2896239161491394,0.05965908244252205,-1.573594331741333,-0.40568599104881287,0.06063529849052429,-1.803841233253479,-0.4789826273918152,-0.09961693733930588,-0.8126490116119385,-0.17537356913089752,-0.10700991004705429,-1.0072352886199951,-0.3249049484729767,-0.10328828543424606,-0.8846402168273926,-0.3631743788719177,-0.09155278652906418,-0.7520615458488464,-0.37163490056991577
0.0,0.0,0.0,0.2594132721424103,-0.05569509416818619,-0.19328516721725464,0.40913519263267517,-0.28749141097068787,-0.270568311214447,0.1965554803609848,-0.563939094543457,-0.3230140805244446,0.010515740141272545,-0.761547863483429,-0.37493616342544556,0.5946200489997864,-0.7992774844169617,-0.1581159085035324,0.8090856671333313,-1.1547313928604126,-0.24348720908164978,0.9222030639648438,-1.3788822889328003,-0.3142503499984741,0.9994797706604004,-1.5864524841308594,-0.3712337911128998,0.3555472195148468,-0.922412633895874,-0.15080183744430542,0.47269418835639954,-1.356931209564209,-0.2242259532213211,0.5164720416069031,-1.6304128170013428,-0.3077826499938965,0.547949492931366,-1.8700937032699585,-0.3632603883743286,0.1337498128414154,-0.9159759879112244,-0.16158899664878845,0.12959547340869904,-1.3191893100738525,-0.2878132462501526,0.12844660878181458,-1.574777364730835,-0.3998495638370514,0.13523447513580322,-1.8034287691116333,-0.470076322555542,-0.07810859382152557,-0.8147866129875183,-0.18443553149700165,-0.07880039513111115,-1.0227082967758179,-0.3285847008228302,-0.07807624340057373,-0.9425685405731201,-0.36743009090423584,-0.07019178569316864,-0.853274405002594,-0.3769804537296295
0.0,0.0,0.0,0.27861422300338745,-0.05084717273712158,-0.17003607749938965,0.44050413370132446,-0.2925892472267151,-0.22915339469909668,0.2447647601366043,-0.5819420218467712,-0.26791927218437195,0.07534370571374893,-0.7815970778465271,-0.30822959542274475,0.634888768196106,-0.7775250673294067,-0.11888004839420319,0.8644741773605347,-1.1175339221954346,-0.18830737471580505,0.9905738830566406,-1.338392972946167,-0.2522069215774536,1.081276297569275,-1.5414297580718994,-0.3058038055896759,0.40369945764541626,-0.9072115421295166,-0.11829591542482376,0.5373273491859436,-1.3221502304077148,-0.1748751997947693,0.6028814911842346,-1.593985915184021,-0.2536372244358063,0.6571295857429504,-1.832819938659668,-0.30879342555999756,0.18362614512443542,-0.9098952412605286,-0.13473650813102722,0.20214132964611053,-1.3133373260498047,-0.2501952052116394,0.22552232444286346,-1.5667153596878052,-0.36195987462997437,0.2532728910446167,-1.7914621829986572,-0.4346525967121124,-0.03128143027424812,-0.8153445720672607,-0.1616441309452057,-0.016336672008037567,-1.0229414701461792,-0.30269813537597656,-0.007944067008793354,-0.9144467115402222,-0.339087575674057,0.0032223237212747335,-0.7895797491073608,-0.3475095331668854
0.0,0.0,0.0,0.29439136385917664,-0.03764529153704643,-0.1639591008424759,0.4916364848613739,-0.28377169370651245,-0.21169951558113098,0.2942487299442291,-0.5865005254745483,-0.23790603876113892,0.1131644994020462,-0.7849701046943665,-0.26758360862731934,0.6612300872802734,-0.7559115290641785,-0.10414788872003555,0.9126128554344177,-1.08132803440094,-0.16395187377929688,1.0531350374221802,-1.29621160030365,-0.2229491025209427,1.157950520515442,-1.5030139684677124,-0.27420079708099365,0.43424031138420105,-0.8947623372077942,-0.10409490019083023,0.5935992002487183,-1.305966854095459,-0.14720186591148376,0.6712297201156616,-1.5754497051239014,-0.22044847905635834,0.7353730201721191,-1.8205630779266357,-0.2743802070617676,0.2164611965417862,-0.9069312214851379,-0.12042892724275589,0.253780335187912,-1.2959047555923462,-0.22968363761901855,0.29756560921669006,-1.5505530834197998,-0.34079888463020325,0.3360835909843445,-1.7834054231643677,-0.4156271815299988,0.0030194385908544064,-0.8258782625198364,-0.14680565893650055,0.05827416852116585,-1.0167100429534912,-0.2848087251186371,0.06603173166513443,-0.8728203177452087,-0.3138684630393982,0.0629526749253273,-0.7237551212310791,-0.3187422752380371
0.0,0.0,0.0,0.2929604649543762,-0.022689180448651314,-0.16011182963848114,0.5026181936264038,-0.2683292329311371,-0.20377269387245178,0.3311949372291565,-0.5856589674949646,-0.22486816346645355,0.16149066388607025,-0.794463574886322,-0.24959801137447357,0.6841177344322205,-0.7316528558731079,-0.10796666890382767,0.9545796513557434,-1.0525621175765991,-0.16523750126361847,1.1051477193832397,-1.266586422920227,-0.21913740038871765,1.2169965505599976,-1.4703933000564575,-0.26566988229751587,0.46341627836227417,-0.8797487616539001,-0.1062425896525383,0.6320264339447021,-1.2902309894561768,-0.1433742344379425,0.7137874364852905,-1.555006504058838,-0.2080308198928833,0.7823189496994019,-1.7878519296646118,-0.2558757960796356,0.2471255511045456,-0.9014188647270203,-0.1199774518609047,0.30181965231895447,-1.2918466329574585,-0.22310617566108704,0.35939085483551025,-1.541961908340454,-0.32890546321868896,0.40716129541397095,-1.7642117738723755,-0.4010651707649231,0.029451267793774605,-0.8303329348564148,-0.1433161348104477,0.09593276679515839,-1.011149525642395,-0.2760864496231079,0.10765035450458527,-0.8642516732215881,-0.30334627628326416,0.09979739040136337,-0.7077025771141052,-0.30723676085472107
0.0,0.0,0.0,0.2828785181045532,-0.024083096534013748,-0.15233410894870758,0.4934566915035248,-0.2589556574821472,-0.1943088173866272,0.34013503789901733,-0.549964964389801,-0.21496228873729706,0.16161394119262695,-0.7450740337371826,-0.23918884992599487,0.678488552570343,-0.7339397072792053,-0.10112307220697403,0.9567134976387024,-1.0482268333435059,-0.15044347941875458,1.1175109148025513,-1.250343918800354,-0.19798511266708374,1.2396842241287231,-1.4483810663223267,-0.23929257690906525,0.4622093439102173,-0.8808993101119995,-0.10187703371047974,0.6426100730895996,-1.2854443788528442,-0.13657601177692413,0.7361786961555481,-1.5419467687606812,-0.19390204548835754,0.8153747916221619,-1.7715550661087036,-0.2347976565361023,0.2457016557455063,-0.9028630256652832,-0.11724093556404114,0.31308671832084656,-1.2803783416748047,-0.21735480427742004,0.3866288661956787,-1.5349549055099487,-0.3169463574886322,0.44463208317756653,-1.7608979940414429,-0.3832613229751587,0.025052743032574654,-0.8308239579200745,-0.141880601644516,0.11462866514921188,-1.011605978012085,-0.26047569513320923,0.11825723201036453,-0.8507530689239502,-0.2723562717437744,0.0965796411037445,-0.6768195629119873,-0.2666863203048706
0.0,0.0,0.0,0.2875533103942871,0.0032244944013655186,-0.15644273161888123,0.5111255049705505,-0.21391981840133667,-0.19976715743541718,0.3775427043437958,-0.5147103667259216,-0.22150208055973053,0.2232494354248047,-0.7208048105239868,-0.24755865335464478,0.7148863077163696,-0.7004472017288208,-0.10885392129421234,1.0059324502944946,-0.9991811513900757,-0.16196008026599884,1.174776315689087,-1.194778323173523,-0.21229667961597443,1.3029621839523315,-1.3870211839675903,-0.2548823356628418,0.5089356303215027,-0.8539040684700012,-0.10877612978219986,0.7099471092224121,-1.2543494701385498,-0.1462184190750122,0.8138871788978577,-1.5082144737243652,-0.20776598155498505,0.8965633511543274,-1.7363535165786743,-0.2517102360725403,0.2957148849964142,-0.8821150660514832,-0.1230059415102005,0.37768375873565674,-1.2515507936477661,-0.22440871596336365,0.4583530128002167,-1.4952757358551025,-0.3232496380805969,0.5210021138191223,-1.7159268856048584,-0.3890511095523834,0.07152687013149261,-0.816748857498169,-0.14689667522907257,0.17722757160663605,-0.9959841966629028,-0.26676344871520996,0.17287756502628326,-0.8377166390419006,-0.2783598005771637,0.14050719141960144,-0.6703546643257141,-0.27246761322021484
0.0,0.0,0.0,0.2824498116970062,0.012436272576451302,-0.15744441747665405,0.5121895670890808,-0.19246339797973633,-0.2035381942987442,0.392015665769577,-0.49501824378967285,-0.2279258668422699,0.24308811128139496,-0.7092065215110779,-0.256630539894104,0.7348366975784302,-0.673005998134613,-0.11690081655979156,1.0387128591537476,-0.9608945250511169,-0.17238260805606842,1.2161844968795776,-1.1486754417419434,-0.2236274629831314,1.3525123596191406,-1.3367981910705566,-0.26594340801239014,0.5349981784820557,-0.8367506265640259,-0.11672738194465637,0.7547513842582703,-1.228009581565857,-0.1535889357328415,0.8722189664840698,-1.477931261062622,-0.2134634256362915,0.9656326174736023,-1.702032208442688,-0.25634098052978516,0.3229188919067383,-0.8741170763969421,-0.13063310086727142,0.41863736510276794,-1.23818039894104,-0.22857902944087982,0.5116736888885498,-1.479344367980957,-0.3269786238670349,0.5827112197875977,-1.6953232288360596,-0.39313340187072754,0.09881956875324249,-0.8183807730674744,-0.15466518700122833,0.2054443061351776,-0.9865720868110657,-0.2702902555465698,0.1983826905488968,-0.8309841156005859,-0.28204771876335144,0.16035453975200653,-0.6650905013084412,-0.27664217352867126
0.0,0.0,0.0,0.2886560261249542,-0.02456117421388626,-0.15046991407871246,0.505210280418396,-0.2380494326353073,-0.19880259037017822,0.34104710817337036,-0.5303736329078674,-0.22853370010852814,0.16170422732830048,-0.7288289666175842,-0.2625010907649994,0.7033002376556396,-0.7105496525764465,-0.1057015135884285,0.9794058799743652,-1.0034370422363281,-0.1634969860315323,1.1410112380981445,-1.1965128183364868,-0.21990026533603668,1.2660380601882935,-1.3851408958435059,-0.2677510976791382,0.4908536970615387,-0.8639675378799438,-0.11235116422176361,0.6785153150558472,-1.261289358139038,-0.15232647955417633,0.7801030278205872,-1.5157698392868042,-0.2165168821811676,0.8683910965919495,-1.738351583480835,-0.2642767131328583,0.2753429412841797,-0.8898937106132507,-0.1338498741388321,0.346734881401062,-1.2705323696136475,-0.23681293427944183,0.4172319173812866,-1.5185258388519287,-0.34071654081344604,0.47802919149398804,-1.7350990772247314,-0.4109492301940918,0.053988903760910034,-0.8214118480682373,-0.16478131711483002,0.12500189244747162,-0.9993776679039001,-0.28793224692344666,0.12591607868671417,-0.8565179109573364,-0.3084421455860138,0.10862553119659424,-0.6980531811714172,-0.3089665174484253
0.0,0.0,0.0,0.2803075909614563,-0.04637796804308891,-0.19202254712581635,0.45256325602531433,-0.2759076952934265,-0.26820796728134155,0.24835512042045593,-0.5666048526763916,-0.3187900483608246,0.06316754221916199,-0.7715811133384705,-0.37038835883140564,0.6337379217147827,-0.7689862251281738,-0.16267266869544983,0.875392735004425,-1.1063556671142578,-0.2450002282857895,1.010448932647705,-1.3230173587799072,-0.31292545795440674,1.1109585762023926,-1.5289250612258911,-0.36781853437423706,0.4057377278804779,-0.9009242653846741,-0.15398801863193512,0.5569278001785278,-1.3187872171401978,-0.21875974535942078,0.6275859475135803,-1.583382248878479,-0.29467031359672546,0.6852120161056519,-1.8149977922439575,-0.34839290380477905,0.18563251197338104,-0.9085619449615479,-0.162809818983078,0.19962167739868164,-1.303483486175537,-0.28296566009521484,0.2260129749774933,-1.5537875890731812,-0.3908499777317047,0.255490243434906,-1.7740700244903564,-0.462223082780838,-0.029452990740537643,-0.8218496441841125,-0.18410919606685638,0.003042631782591343,-1.020637035369873,-0.32524624466896057,0.010838175192475319,-0.8954102993011475,-0.35789811611175537,0.015509630553424358,-0.7592031359672546,-0.36501941084861755
0.0,0.0,0.0,0.28142058849334717,-0.04860053211450577,-0.18963739275932312,0.44989803433418274,-0.2941020429134369,-0.2605063021183014,0.24168513715267181,-0.5974274277687073,-0.30626651644706726,0.042407792061567307,-0.7908787727355957,-0.3546031415462494,0.6133793592453003,-0.7894301414489746,-0.16134750843048096,0.8493906855583191,-1.1433643102645874,-0.24202436208724976,0.9783878922462463,-1.3685719966888428,-0.3081248104572296,1.0732311010360718,-1.5801407098770142,-0.3622237741947174,0.3797782361507416,-0.9123848080635071,-0.1527172327041626,0.5191090106964111,-1.345862865447998,-0.21652770042419434,0.5790308117866516,-1.6205912828445435,-0.2912461757659912,0.6276113390922546,-1.8545490503311157,-0.3444100320339203,0.15951605141162872,-0.9106809496879578,-0.16122065484523773,0.15772077441215515,-1.3192256689071655,-0.2793586254119873,0.16952484846115112,-1.581405520439148,-0.386747807264328,0.18998509645462036,-1.8061200380325317,-0.458006352186203,-0.05916740745306015,-0.8149287700653076,-0.18186023831367493,-0.05951659753918648,-1.034953236579895,-0.3184245526790619,-0.051776137202978134,-0.9305858016014099,-0.35062700510025024,-0.03854852169752121,-0.8046655654907227,-0.35889822244644165
0.0,0.0,0.0,0.2642388343811035,-0.06495066732168198,-0.18119685351848602,0.40231239795684814,-0.32026976346969604,-0.2484828680753708,0.19017697870731354,-0.6107114553451538,-0.29283079504966736,-0.01114118006080389,-0.7928438186645508,-0.3400721251964569,0.571363091468811,-0.8184455633163452,-0.1579226851463318,0.7782323956489563,-1.1854362487792969,-0.23659643530845642,0.8886693716049194,-1.412320613861084,-0.30227452516555786,0.9676842093467712,-1.6245323419570923,-0.35474273562431335,0.33180779218673706,-0.931293249130249,-0.1503213793039322,0.44457995891571045,-1.3678439855575562,-0.21250848472118378,0.49162718653678894,-1.6419559717178345,-0.2835920751094818,0.529708981513977,-1.8705233335494995,-0.33248960971832275,0.11133702844381332,-0.9200407266616821,-0.1593165546655655,0.08350589871406555,-1.3363673686981201,-0.2725552022457123,0.07328055053949356,-1.5972304344177246,-0.3758397400379181,0.07714813947677612,-1.8128876686096191,-0.44262394309043884,-0.103742316365242,-0.8139776587486267,-0.1800404191017151,-0.12535551190376282,-1.03403639793396,-0.30808025598526,-0.12381761521100998,-0.9437322616577148,-0.3376385271549225,-0.10952414572238922,-0.8256531357765198,-0.3436981737613678
0.0,0.0,0.0,0.22603698074817657,-0.06438905000686646,-0.22013960778713226,0.3177727460861206,-0.29301533102989197,-0.31657737493515015,0.0592929981648922,-0.5471224784851074,-0.3832649886608124,-0.15174810588359833,-0.7271723747253418,-0.45416831970214844,0.5051455497741699,-0.8393440246582031,-0.21344323456287384,0.6929795145988464,-1.213950276374817,-0.3029029369354248,0.7819118499755859,-1.4437681436538696,-0.37584882974624634,0.8446791768074036,-1.6590238809585571,-0.43489888310432434,0.25370126962661743,-0.9477401971817017,-0.19345338642597198,0.3338455855846405,-1.3930630683898926,-0.2715647518634796,0.3492666780948639,-1.673639178276062,-0.3560505211353302,0.3669016659259796,-1.907084345817566,-0.4117674231529236,0.027035268023610115,-0.9276811480522156,-0.19090667366981506,-0.044506072998046875,-1.3554083108901978,-0.32889246940612793,-0.10089831054210663,-1.6092387437820435,-0.4549744129180908,-0.12736016511917114,-1.8192050457000732,-0.5352795124053955,-0.1793549656867981,-0.8059443235397339,-0.20090097188949585,-0.2391650229692459,-0.9802610874176025,-0.3645774722099304,-0.2560904324054718,-0.8498297333717346,-0.41606825590133667,-0.24471311271190643,-0.7035289406776428,-0.4325316548347473
0.0,0.0,0.0,0.20775862038135529,-0.0734703466296196,-0.279822438955307,0.25971585512161255,-0.3146408796310425,-0.40879833698272705,-0.019665131345391273,-0.5818004608154297,-0.494578093290329,-0.26162275671958923,-0.8022148609161377,-0.580073356628418,0.5025966167449951,-0.8280669450759888,-0.27672484517097473,0.6755983829498291,-1.21173894405365,-0.3903837502002716,0.7541844844818115,-1.4520423412322998,-0.4778667390346527,0.8124394416809082,-1.683904767036438,-0.5496551394462585,0.25808268785476685,-0.9372391700744629,-0.23446987569332123,0.314622700214386,-1.391257405281067,-0.34590545296669006,0.3125472962856293,-1.6759169101715088,-0.45029520988464355,0.31442952156066895,-1.934049367904663,-0.5193822979927063,0.036922745406627655,-0.9189879298210144,-0.21227635443210602,-0.0699690654873848,-1.317247986793518,-0.3722384572029114,-0.13550671935081482,-1.5861947536468506,-0.496818870306015,-0.16168397665023804,-1.828987956047058,-0.5757281184196472,-0.1623753160238266,-0.8041654229164124,-0.20760132372379303,-0.25013333559036255,-0.9899869561195374,-0.3796284794807434,-0.2557598650455475,-0.8741808533668518,-0.42848727107048035,-0.22260189056396484,-0.7438338398933411,-0.4452737867832184
0.0,0.0,0.0,0.18694321811199188,-0.08807626366615295,-0.29010435938835144,0.2013365775346756,-0.34584829211235046,-0.4214744567871094,-0.06055769696831703,-0.6276144981384277,-0.5095434188842773,-0.2840755581855774,-0.859158992767334,-0.5951717495918274,0.49259135127067566,-0.8442310690879822,-0.2705301344394684,0.6640127897262573,-1.2281849384307861,-0.38351520895957947,0.7405729293823242,-1.4743874073028564,-0.4740831255912781,0.7897310853004456,-1.7037692070007324,-0.5476151704788208,0.2548557221889496,-0.9411845803260803,-0.22185605764389038,0.3026314675807953,-1.3870476484298706,-0.3311358094215393,0.2973122298717499,-1.6710225343704224,-0.4383091628551483,0.297418475151062,-1.9159729480743408,-0.5100167393684387,0.03127254545688629,-0.9168018698692322,-0.19641490280628204,-0.06622804701328278,-1.32212495803833,-0.35738444328308105,-0.12591148912906647,-1.5887081623077393,-0.49493634700775146,-0.14546379446983337,-1.8213601112365723,-0.582912266254425,-0.1602972149848938,-0.8023004531860352,-0.1898820996284485,-0.25003305077552795,-0.9821612238883972,-0.3748807907104492,-0.25735634565353394,-0.8869275450706482,-0.4474415183067322,-0.22634384036064148,-0.7740806937217712,-0.4795480966567993
0.0,0.0,0.0,0.186232790350914,-0.11000986397266388,-0.2674550712108612,0.19767050445079803,-0.3757033348083496,-0.390569269657135,-0.05487345904111862,-0.6509281396865845,-0.4752572774887085,-0.2838156521320343,-0.8725593090057373,-0.5602784752845764,0.48127567768096924,-0.8504607081413269,-0.25128206610679626,0.64316326379776,-1.2320873737335205,-0.3599207401275635,0.717822790145874,-1.4722498655319214,-0.4492757022380829,0.7678124308586121,-1.6966458559036255,-0.521459698677063,0.2525068521499634,-0.9441619515419006,-0.2116563767194748,0.29404205083847046,-1.3917104005813599,-0.31369006633758545,0.2833157479763031,-1.6717133522033691,-0.41529905796051025,0.2817884087562561,-1.913135290145874,-0.4827033579349518,0.03436518833041191,-0.9184702634811401,-0.19301451742649078,-0.06712666153907776,-1.3167487382888794,-0.3446733057498932,-0.12275756150484085,-1.583033800125122,-0.47407838702201843,-0.1374947875738144,-1.817809820175171,-0.5583773255348206,-0.1548307090997696,-0.8022045493125916,-0.1922799050807953,-0.24599699676036835,-0.9616820216178894,-0.36888137459754944,-0.24231523275375366,-0.8445766568183899,-0.4312465190887451,-0.20014436542987823,-0.711612343788147,-0.4565776288509369
0.0,0.0,0.0,0.1648324579000473,-0.11560750752687454,-0.3197305202484131,0.14795610308647156,-0.3918426036834717,-0.44940680265426636,-0.11747629940509796,-0.6657722592353821,-0.5268548130989075,-0.34810003638267517,-0.8912636637687683,-0.6012192368507385,0.44873106479644775,-0.8741586804389954,-0.2702147364616394,0.580554723739624,-1.2574621438980103,-0.3751642107963562,0.6382324695587158,-1.5031707286834717,-0.4683566689491272,0.6798475980758667,-1.7371753454208374,-0.5484235882759094,0.22210662066936493,-0.9542514681816101,-0.20018185675144196,0.22592298686504364,-1.392220139503479,-0.30983105301856995,0.19858086109161377,-1.6720668077468872,-0.4313916862010956,0.18757383525371552,-1.9214122295379639,-0.5167248249053955,0.009659371338784695,-0.9234293103218079,-0.1560383141040802,-0.11813759058713913,-1.311301827430725,-0.3239157497882843,-0.1955910474061966,-1.575447678565979,-0.4836631417274475,-0.22894203662872314,-1.807007074356079,-0.5881142020225525,-0.16425254940986633,-0.8103193044662476,-0.13228629529476166,-0.2808067798614502,-0.9745749235153198,-0.32883507013320923,-0.28822576999664307,-0.8673517107963562,-0.419619619846344,-0.2536000609397888,-0.7446049451828003,-0.4668289124965668
0.0,0.0,0.0,0.16883057355880737,-0.11672170460224152,-0.30190035700798035,0.17101982235908508,-0.391977995634079,-0.4257949888706207,-0.0883805975317955,-0.6837455630302429,-0.5013381242752075,-0.3118484914302826,-0.9082995057106018,-0.5726132988929749,0.48087549209594727,-0.860772430896759,-0.2573220729827881,0.6147862076759338,-1.2483793497085571,-0.36047273874282837,0.6752275824546814,-1.497639775276184,-0.44987422227859497,0.7203183770179749,-1.7307233810424805,-0.5258319973945618,0.2465316206216812,-0.9495527148246765,-0.1938346028327942,0.2602081894874573,-1.3961081504821777,-0.29923343658447266,0.24054783582687378,-1.677169919013977,-0.4103449285030365,0.23411957919597626,-1.9218039512634277,-0.4861975610256195,0.03141523152589798,-0.922368586063385,-0.15453612804412842,-0.09493587911128998,-1.3146415948867798,-0.3114659786224365,-0.16696085035800934,-1.578144907951355,-0.4521685540676117,-0.19664266705513,-1.8042773008346558,-0.542110025882721,-0.14524145424365997,-0.809799075126648,-0.13534656167030334,-0.25866442918777466,-0.9845932722091675,-0.3164944648742676,-0.26417016983032227,-0.8903974294662476,-0.3920876383781433,-0.22962920367717743,-0.7780425548553467,-0.4272249937057495
0.0,0.0,0.0,0.17545750737190247,-0.10400497913360596,-0.3120293915271759,0.1839340329170227,-0.37429696321487427,-0.4433014392852783,-0.06092553958296776,-0.6656045317649841,-0.5238054990768433,-0.29261690378189087,-0.8986102938652039,-0.6022453904151917,0.4864445924758911,-0.8526927828788757,-0.27497658133506775,0.6375904083251953,-1.2364709377288818,-0.3824778199195862,0.7061002254486084,-1.484934687614441,-0.47456496953964233,0.755685567855835,-1.722350835800171,-0.5516902208328247,0.25752100348472595,-0.9433769583702087,-0.20910009741783142,0.28641802072525024,-1.3842815160751343,-0.3159990608692169,0.27277445793151855,-1.6637874841690063,-0.4286298453807831,0.27014753222465515,-1.910614013671875,-0.5061532855033875,0.04012654721736908,-0.919579803943634,-0.16774415969848633,-0.08127015084028244,-1.3082351684570312,-0.33171433210372925,-0.1559591293334961,-1.5761444568634033,-0.4787502586841583,-0.18793985247612,-1.8085711002349854,-0.5744738578796387,-0.141649529337883,-0.8100935816764832,-0.14673784375190735,-0.24587900936603546,-0.9713594913482666,-0.3392529785633087,-0.25181320309638977,-0.8481197953224182,-0.4182419776916504,-0.21910786628723145,-0.709394097328186,-0.4555658996105194
0.0,0.0,0.0,0.19311976432800293,-0.12837788462638855,-0.254895955324173,0.20793764293193817,-0.41267114877700806,-0.36148834228515625,-0.045049022883176804,-0.7146128416061401,-0.4308412969112396,-0.26547497510910034,-0.9378739595413208,-0.4977336525917053,0.5053414702415466,-0.8535366654396057,-0.2174186408519745,0.6486212611198425,-1.2596718072891235,-0.30834636092185974,0.7172115445137024,-1.5041391849517822,-0.38503730297088623,0.765338659286499,-1.7307296991348267,-0.4489499032497406,0.267212837934494,-0.9476608633995056,-0.17474645376205444,0.3158039152622223,-1.4054945707321167,-0.2616230547428131,0.3106311559677124,-1.691250205039978,-0.3555625379085541,0.3058191239833832,-1.9357762336730957,-0.41768568754196167,0.047982074320316315,-0.9222316741943359,-0.153166726231575,-0.06902403384447098,-1.3466897010803223,-0.28930097818374634,-0.1444694548845291,-1.617058515548706,-0.41403937339782715,-0.18437127768993378,-1.8462005853652954,-0.49318450689315796,-0.1419270932674408,-0.8101232051849365,-0.147934228181839,-0.24549874663352966,-1.0185906887054443,-0.30297592282295227,-0.24947406351566315,-0.9293044805526733,-0.3575058579444885,-0.21840812265872955,-0.8137639760971069,-0.37853047251701355
0.0,0.0,0.0,0.24026212096214294,-0.10471440851688385,-0.22055469453334808,0.3018367886543274,-0.37134894728660583,-0.3140096664428711,0.07209747284650803,-0.6686332821846008,-0.3789442181587219,-0.13593584299087524,-0.8870124220848083,-0.44465172290802,0.5300157070159912,-0.8406932353973389,-0.1883816421031952,0.6983778476715088,-1.2345227003097534,-0.27583953738212585,0.7805657982826233,-1.4706834554672241,-0.34834665060043335,0.8383867740631104,-1.6897571086883545,-0.4076251983642578,0.2868397533893585,-0.9440622329711914,-0.1626940667629242,0.3626192808151245,-1.3948074579238892,-0.2430189549922943,0.37912413477897644,-1.6785484552383423,-0.32740458846092224,0.3879854381084442,-1.9198025465011597,-0.38216620683670044,0.05943358689546585,-0.9247540235519409,-0.15622000396251678,-0.019502565264701843,-1.353336215019226,-0.2871185839176178,-0.06991074979305267,-1.616487979888916,-0.40250203013420105,-0.09771516919136047,-1.8398641347885132,-0.47495952248573303,-0.14456266164779663,-0.8157429695129395,-0.16359589993953705,-0.20347793400287628,-1.0153541564941406,-0.3163197338581085,-0.19913728535175323,-0.9149091243743896,-0.3634849786758423,-0.1744760125875473,-0.7944665551185608,-0.3775653541088104
0.0,0.0,0.0,0.27264001965522766,-0.09891606867313385,-0.19462113082408905,0.36861997842788696,-0.3754088878631592,-0.27185770869255066,0.141198068857193,-0.6785042881965637,-0.3236638009548187,-0.06262762099504471,-0.8897967338562012,-0.37545841932296753,0.5608623623847961,-0.8367795348167419,-0.15627357363700867,0.7457267045974731,-1.2296720743179321,-0.23549702763557434,0.8365238904953003,-1.4668221473693848,-0.3013843595981598,0.9029573798179626,-1.6863912343978882,-0.35704582929611206,0.31314948201179504,-0.9387893080711365,-0.14356885850429535,0.4006434977054596,-1.3867110013961792,-0.2148183435201645,0.4296651780605316,-1.6698729991912842,-0.29493972659111023,0.44994619488716125,-1.9131897687911987,-0.34835538268089294,0.08357162028551102,-0.9172073602676392,-0.14891371130943298,0.02509240433573723,-1.3519731760025024,-0.28011658787727356,-0.005754069425165653,-1.6214081048965454,-0.3971409797668457,-0.024572089314460754,-1.8512589931488037,-0.47073954343795776,-0.12062963843345642,-0.8048406839370728,-0.16528266668319702,-0.1468830555677414,-1.0061516761779785,-0.32343995571136475,-0.12437763065099716,-0.893490731716156,-0.37089109420776367,-0.09645667672157288,-0.7655823230743408,-0.3843485713005066
0.0,0.0,0.0,0.28061625361442566,-0.0939284935593605,-0.19607579708099365,0.3893745541572571,-0.38411813974380493,-0.261861652135849,0.15608011186122894,-0.690407395362854,-0.29893583059310913,-0.058005161583423615,-0.8878018260002136,-0.3357730209827423,0.5625008344650269,-0.8349916934967041,-0.14119622111320496,0.7689934372901917,-1.2117127180099487,-0.20735520124435425,0.8739187717437744,-1.4507254362106323,-0.2648719847202301,0.9484823942184448,-1.6721510887145996,-0.3155727684497833,0.31472617387771606,-0.9411777853965759,-0.12301144003868103,0.4163133203983307,-1.375717043876648,-0.18366378545761108,0.46007227897644043,-1.6604695320129395,-0.2593012750148773,0.49280211329460144,-1.9070935249328613,-0.311767041683197,0.0856550857424736,-0.9267061948776245,-0.12398476153612137,0.04210921376943588,-1.3568764925003052,-0.2528347671031952,0.02793204039335251,-1.625771164894104,-0.37362849712371826,0.020528966560959816,-1.8559900522232056,-0.44993704557418823,-0.11587397754192352,-0.8231660723686218,-0.13575658202171326,-0.1143701896071434,-1.0455288887023926,-0.2938154935836792,-0.09333787858486176,-0.9222392439842224,-0.3427039384841919,-0.07443434745073318,-0.7843477129936218,-0.35865896940231323
0.0,0.0,0.0,0.2842603623867035,-0.0865585133433342,-0.20365852117538452,0.386391818523407,-0.36342981457710266,-0.27779215574264526,0.17194224894046783,-0.6668417453765869,-0.3221205174922943,-0.016008777543902397,-0.8797577619552612,-0.36714968085289,0.5694449543952942,-0.8256423473358154,-0.1637394279241562,0.7815232872962952,-1.200955867767334,-0.23818570375442505,0.890974760055542,-1.4433338642120361,-0.3008826673030853,0.966365396976471,-1.669151782989502,-0.35472750663757324,0.3284449577331543,-0.933347225189209,-0.14486846327781677,0.4294913709163666,-1.3664854764938354,-0.21208456158638,0.4695034921169281,-1.6522945165634155,-0.2928966283798218,0.49915415048599243,-1.8989206552505493,-0.3498917818069458,0.09832277148962021,-0.9205626249313354,-0.1448243260383606,0.057862091809511185,-1.3472788333892822,-0.2785895764827728,0.044614821672439575,-1.6258984804153442,-0.4051625430583954,0.04018809273838997,-1.8641941547393799,-0.4874763786792755,-0.1098174899816513,-0.8178609609603882,-0.15615689754486084,-0.10766665637493134,-1.0338764190673828,-0.3190581202507019,-0.08462648838758469,-0.9173185229301453,-0.37456727027893066,-0.062096498906612396,-0.7830737233161926,-0.39650389552116394
0.0,0.0,0.0,0.2916622757911682,-0.08951178938150406,-0.19610822200775146,0.41769203543663025,-0.3707926869392395,-0.26762402057647705,0.1962040215730667,-0.6828575730323792,-0.3097728192806244,-0.003552263369783759,-0.8934410810470581,-0.3515137732028961,0.5729140639305115,-0.8282064199447632,-0.15935026109218597,0.7922886610031128,-1.2071958780288696,-0.23135145008563995,0.8993379473686218,-1.4497780799865723,-0.2888720631599426,0.9709528684616089,-1.6721446514129639,-0.33789512515068054,0.3255477547645569,-0.9345709085464478,-0.14351217448711395,0.43477535247802734,-1.3783434629440308,-0.20641618967056274,0.4771304726600647,-1.6615935564041138,-0.27896878123283386,0.5099391937255859,-1.9031805992126465,-0.32844018936157227,0.09706789255142212,-0.9227234125137329,-0.14566075801849365,0.05660370737314224,-1.3558154106140137,-0.27426669001579285,0.04794251546263695,-1.6334190368652344,-0.3941751718521118,0.04770456627011299,-1.869796633720398,-0.4721215069293976,-0.10789941996335983,-0.8223194479942322,-0.15844888985157013,-0.09507981687784195,-1.0310580730438232,-0.31697365641593933,-0.06316784769296646,-0.9031399488449097,-0.36643704771995544,-0.03397141024470329,-0.7618757486343384,-0.3834196925163269
0.0,0.0,0.0,0.30160585045814514,-0.08146084100008011,-0.16981226205825806,0.4462478458881378,-0.36832791566848755,-0.2199043333530426,0.23374100029468536,-0.6814095377922058,-0.24492354691028595,0.0329991914331913,-0.884120523929596,-0.27182692289352417,0.5980442762374878,-0.8179792761802673,-0.11876422166824341,0.8246472477912903,-1.1817553043365479,-0.17335347831249237,0.9433440566062927,-1.4135156869888306,-0.2224494218826294,1.0249649286270142,-1.629930853843689,-0.26642975211143494,0.3552267551422119,-0.9280872941017151,-0.1116601824760437,0.4816928803920746,-1.3617403507232666,-0.15597482025623322,0.5383492112159729,-1.648105502128601,-0.2237149477005005,0.5793039798736572,-1.8960788249969482,-0.2710389792919159,0.12753595411777496,-0.9145036935806274,-0.12082543224096298,0.1050296202301979,-1.3446104526519775,-0.24240127205848694,0.11137634515762329,-1.620024561882019,-0.3667115271091461,0.11556683480739594,-1.8564082384109497,-0.4463247060775757,-0.07976503670215607,-0.8102856278419495,-0.13759343326091766,-0.051739148795604706,-1.0131412744522095,-0.2965628206729889,-0.020717483013868332,-0.8711904883384705,-0.34550905227661133,-0.004895357880741358,-0.7179974913597107,-0.3605126440525055
0.0,0.0,0.0,0.29081496596336365,-0.0706789419054985,-0.16502532362937927,0.4445003569126129,-0.3518335223197937,-0.21406860649585724,0.25435301661491394,-0.6618021130561829,-0.23926371335983276,0.060932062566280365,-0.8630661964416504,-0.2667398154735565,0.6077537536621094,-0.8040857911109924,-0.11846484243869781,0.8388075232505798,-1.158255934715271,-0.1736709475517273,0.9623032808303833,-1.3843083381652832,-0.22399917244911194,1.0476588010787964,-1.5972479581832886,-0.26790741086006165,0.3760501742362976,-0.9196712374687195,-0.11309758573770523,0.508709192276001,-1.3467726707458496,-0.15610909461975098,0.569112241268158,-1.6292271614074707,-0.2237081080675125,0.6114214658737183,-1.8778119087219238,-0.2698124945163727,0.15533576905727386,-0.9097715020179749,-0.12259719520807266,0.14103519916534424,-1.3313932418823242,-0.23894040286540985,0.15489357709884644,-1.604272484779358,-0.35940006375312805,0.16031038761138916,-1.8385577201843262,-0.43627676367759705,-0.05158929154276848,-0.8092518448829651,-0.1400163173675537,-0.014358187094330788,-0.9933636784553528,-0.2942752540111542,0.018084630370140076,-0.8478556871414185,-0.3400396704673767,0.02810164913535118,-0.6916782259941101,-0.3517117500305176
0.0,0.0,0.0,0.2849355638027191,-0.06199997290968895,-0.16037388145923615,0.4395446479320526,-0.3305247724056244,-0.21358118951320648,0.2688937485218048,-0.6416821479797363,-0.24473892152309418,0.0879368782043457,-0.8465245366096497,-0.27839139103889465,0.6195788383483887,-0.7873229384422302,-0.12984178960323334,0.8670539259910583,-1.1362662315368652,-0.187785342335701,0.9985520839691162,-1.3596848249435425,-0.23730440437793732,1.0899873971939087,-1.5709632635116577,-0.2800760269165039,0.3937554955482483,-0.9102864265441895,-0.12780922651290894,0.5395539999008179,-1.33391535282135,-0.1688871532678604,0.6076420545578003,-1.6056214570999146,-0.22908614575862885,0.6599796414375305,-1.8380664587020874,-0.27305489778518677,0.17098450660705566,-0.9100390672683716,-0.1402009278535843,0.165420264005661,-1.329394817352295,-0.24748529493808746,0.18756896257400513,-1.5987765789031982,-0.3564648926258087,0.20513853430747986,-1.8255534172058105,-0.4303334951400757,-0.044978659600019455,-0.8196387887001038,-0.16129954159259796,0.0009337892406620085,-1.0175848007202148,-0.29704609513282776,0.027027470991015434,-0.874696671962738,-0.3306971490383148,0.034996598958969116,-0.7143669128417969,-0.33958959579467773
0.0,0.0,0.0,0.2947703003883362,-0.061535537242889404,-0.176031693816185,0.44431477785110474,-0.328145295381546,-0.23996053636074066,0.2689588963985443,-0.6406629085540771,-0.2802712321281433,0.07964741438627243,-0.8515694737434387,-0.3219253122806549,0.6268746852874756,-0.7845471501350403,-0.14237578213214874,0.871161699295044,-1.1352300643920898,-0.21003516018390656,1.0013744831085205,-1.356921672821045,-0.2670806646347046,1.0968873500823975,-1.566667914390564,-0.31517183780670166,0.40146729350090027,-0.9059046506881714,-0.13476169109344482,0.5446642637252808,-1.3263994455337524,-0.18953748047351837,0.6120952367782593,-1.5989689826965332,-0.25671422481536865,0.6636419892311096,-1.8328038454055786,-0.303716778755188,0.17987383902072906,-0.9079714417457581,-0.14363668859004974,0.17378626763820648,-1.3293287754058838,-0.2602953314781189,0.18586519360542297,-1.5990909337997437,-0.3693058490753174,0.20104484260082245,-1.8319522142410278,-0.44116437435150146,-0.03407057374715805,-0.8189192414283752,-0.16269497573375702,-0.0006352728814817965,-1.0288975238800049,-0.30233296751976013,0.015787605196237564,-0.9025729894638062,-0.33810994029045105,0.026460343971848488,-0.7621261477470398,-0.3482915759086609
0.0,0.0,0.0,0.29204314947128296,-0.05508146062493324,-0.18441613018512726,0.4480292797088623,-0.31383946537971497,-0.25337499380111694,0.26092031598091125,-0.6297315359115601,-0.29681363701820374,0.07910382747650146,-0.858719527721405,-0.34154340624809265,0.642476499080658,-0.772190272808075,-0.14658840000629425,0.895592987537384,-1.1211398839950562,-0.2170911431312561,1.0311856269836426,-1.3417866230010986,-0.27562853693962097,1.131522536277771,-1.5531665086746216,-0.32567664980888367,0.4139311909675598,-0.899698793888092,-0.13857482373714447,0.563094437122345,-1.3225756883621216,-0.19863218069076538,0.6315089464187622,-1.5949695110321045,-0.27160340547561646,0.6873238682746887,-1.8332061767578125,-0.3225783407688141,0.18869264423847198,-0.9062498211860657,-0.14774520695209503,0.18678732216358185,-1.3305869102478027,-0.27792873978614807,0.20225012302398682,-1.6008615493774414,-0.39471226930618286,0.21988463401794434,-1.8371062278747559,-0.47074103355407715,-0.02750425413250923,-0.8224875926971436,-0.16664618253707886,0.012293469160795212,-1.0279743671417236,-0.3265553116798401,0.0267825685441494,-0.874095618724823,-0.36820435523986816,0.03406934812664986,-0.7138067483901978,-0.37932950258255005
0.0,0.0,0.0,0.29418647289276123,-0.05522206053137779,-0.17149955034255981,0.4622160792350769,-0.32551926374435425,-0.22950606048107147,0.30108511447906494,-0.6485020518302917,-0.2629137635231018,0.10955552756786346,-0.8658562302589417,-0.29915308952331543,0.6546484231948853,-0.7629849314689636,-0.13257594406604767,0.9077876210212708,-1.0958982706069946,-0.1925390660762787,1.0443955659866333,-1.3113855123519897,-0.24566102027893066,1.146569848060608,-1.5197981595993042,-0.29313018918037415,0.4309007525444031,-0.8934535384178162,-0.12674908339977264,0.5880399942398071,-1.3072620630264282,-0.17623358964920044,0.6627600193023682,-1.5775209665298462,-0.24414224922657013,0.7211037278175354,-1.8106060028076172,-0.2931891083717346,0.20645231008529663,-0.9013006687164307,-0.13633741438388824,0.21466615796089172,-1.3218600749969482,-0.25581735372543335,0.23958587646484375,-1.5932317972183228,-0.37127119302749634,0.26008427143096924,-1.8228424787521362,-0.4478546679019928,-0.008541450835764408,-0.8198379874229431,-0.1548578292131424,0.040636658668518066,-1.02334725856781,-0.3037553131580353,0.055216386914253235,-0.8790029883384705,-0.3438507318496704,0.055633433163166046,-0.7206536531448364,-0.3562208116054535
0.0,0.0,0.0,0.28003817796707153,-0.04790778458118439,-0.16506816446781158,0.4581838548183441,-0.30108848214149475,-0.22033201158046722,0.3056875765323639,-0.6139730215072632,-0.2517419755458832,0.13356542587280273,-0.8402274250984192,-0.2866035997867584,0.6606976389884949,-0.7519140839576721,-0.13467855751514435,0.9272188544273376,-1.0892205238342285,-0.19369123876094818,1.0717008113861084,-1.3021516799926758,-0.24252919852733612,1.1771544218063354,-1.5067437887191772,-0.2844070494174957,0.4360605478286743,-0.8900545835494995,-0.1328679621219635,0.6040681600570679,-1.3140101432800293,-0.18247462809085846,0.6856491565704346,-1.5888804197311401,-0.25029778480529785,0.7492547035217285,-1.8269511461257935,-0.29660362005233765,0.21105489134788513,-0.9025295972824097,-0.14501917362213135,0.22864162921905518,-1.3267771005630493,-0.26852917671203613,0.2652648985385895,-1.6016682386398315,-0.38757655024528503,0.29353857040405273,-1.836341142654419,-0.4644591808319092,-0.00647015543654561,-0.8230265378952026,-0.16456931829452515,0.06853620707988739,-1.012447476387024,-0.3174208104610443,0.0844610333442688,-0.8483342528343201,-0.3558068871498108,0.07810388505458832,-0.6748567819595337,-0.36430612206459045
0.0,0.0,0.0,0.2808516025543213,-0.06000462919473648,-0.16026915609836578,0.45816993713378906,-0.3132134974002838,-0.2160056084394455,0.2948347330093384,-0.6203082799911499,-0.25001442432403564,0.11195433139801025,-0.8276375532150269,-0.28715503215789795,0.6350992321968079,-0.7752203941345215,-0.1309938132762909,0.884365439414978,-1.1149582862854004,-0.19265277683734894,1.0194025039672852,-1.3305240869522095,-0.24551786482334137,1.1173402070999146,-1.536999225616455,-0.29079562425613403,0.4064328074455261,-0.9040803909301758,-0.13210192322731018,0.5566040873527527,-1.3229482173919678,-0.181083545088768,0.6286505460739136,-1.5944483280181885,-0.24750393629074097,0.6854557991027832,-1.8304777145385742,-0.29432860016822815,0.18284593522548676,-0.9082089066505432,-0.14724881947040558,0.18509458005428314,-1.3262865543365479,-0.26198330521583557,0.20906269550323486,-1.595462679862976,-0.37185823917388916,0.23123301565647125,-1.8264678716659546,-0.4443628489971161,-0.03537426143884659,-0.8181644082069397,-0.17072910070419312,0.014811069704592228,-1.0226408243179321,-0.30939599871635437,0.03362711891531944,-0.8801301121711731,-0.3406476080417633,0.03918083384633064,-0.7240884304046631,-0.34673425555229187
0.0,0.0,0.0,0.2856598496437073,-0.06976549327373505,-0.1661071479320526,0.436642587184906,-0.3427917957305908,-0.224034383893013,0.23886947333812714,-0.6506096720695496,-0.25936463475227356,0.04361465200781822,-0.8515865206718445,-0.29665204882621765,0.6114834547042847,-0.7926051616668701,-0.13919685781002045,0.8526825308799744,-1.1420978307724,-0.20503661036491394,0.9845151305198669,-1.3607079982757568,-0.2593163549900055,1.082811713218689,-1.5669726133346558,-0.3060198426246643,0.38110989332199097,-0.9144113063812256,-0.13640810549259186,0.5208178758621216,-1.336634874343872,-0.18937349319458008,0.5864235162734985,-1.6068004369735718,-0.253793865442276,0.6392612457275391,-1.836181879043579,-0.2998407185077667,0.15857215225696564,-0.9126870036125183,-0.14890208840370178,0.14471666514873505,-1.3385714292526245,-0.2635645568370819,0.15708933770656586,-1.6074492931365967,-0.3696615397930145,0.17324936389923096,-1.8374626636505127,-0.4402240812778473,-0.058192651718854904,-0.818095326423645,-0.17044760286808014,-0.034115955233573914,-1.035732388496399,-0.3068430721759796,-0.010748641565442085,-0.9163823127746582,-0.33995530009269714,0.006570721510797739,-0.7799851298332214,-0.3491784334182739
0.0,0.0,0.0,0.28339916467666626,-0.06367743015289307,-0.1900770217180252,0.43242767453193665,-0.32774510979652405,-0.2640586495399475,0.22184202075004578,-0.6416724920272827,-0.31181076169013977,0.02132817730307579,-0.8577882051467896,-0.3613807260990143,0.6041243076324463,-0.7996267676353455,-0.17154763638973236,0.8304335474967957,-1.170078992843628,-0.24955324828624725,0.9457029104232788,-1.3986716270446777,-0.3115611970424652,1.0304150581359863,-1.614780306816101,-0.3640080988407135,0.36079975962638855,-0.9183613061904907,-0.1625918596982956,0.48515406250953674,-1.3596893548965454,-0.22900374233722687,0.5370984673500061,-1.637854814529419,-0.30320173501968384,0.5784626007080078,-1.8737894296646118,-0.3554806709289551,0.1321841925382614,-0.9118412137031555,-0.16990794241428375,0.0967845618724823,-1.3508884906768799,-0.2989844083786011,0.08347469568252563,-1.6252388954162598,-0.41203972697257996,0.08292607218027115,-1.861158847808838,-0.4862028956413269,-0.08418809622526169,-0.8107619285583496,-0.18739992380142212,-0.08632905036211014,-1.0345206260681152,-0.3405492603778839,-0.07058198750019073,-0.9163476824760437,-0.3806245028972626,-0.050056442618370056,-0.7817558646202087,-0.3926098942756653
0.0,0.0,0.0,0.27044039964675903,-0.0707492008805275,-0.1980898678302765,0.40173470973968506,-0.32574430108070374,-0.27822741866111755,0.17662100493907928,-0.6152182817459106,-0.33037132024765015,-0.029180428013205528,-0.8246316909790039,-0.38470664620399475,0.5871994495391846,-0.8129222393035889,-0.1813776046037674,0.803841233253479,-1.189520239830017,-0.2577269971370697,0.909903347492218,-1.423896074295044,-0.3183164596557617,0.9850091934204102,-1.647948980331421,-0.3715341091156006,0.3377710282802582,-0.9253877401351929,-0.17195403575897217,0.4449668824672699,-1.3735390901565552,-0.24055998027324677,0.4829273223876953,-1.6527878046035767,-0.31989046931266785,0.5154313445091248,-1.89432692527771,-0.37735140323638916,0.1035984456539154,-0.9143041372299194,-0.17882226407527924,0.05708209425210953,-1.3513274192810059,-0.31700408458709717,0.03088676929473877,-1.627730369567871,-0.43960899114608765,0.016787948086857796,-1.8677170276641846,-0.5205432772636414,-0.11343798041343689,-0.8110398650169373,-0.19557233154773712,-0.105045847594738,-1.0413957834243774,-0.35998499393463135,-0.08760059624910355,-0.9009610414505005,-0.4039710760116577,-0.06983871012926102,-0.7448596358299255,-0.41832321882247925
0.0,0.0,0.0,0.2722054421901703,-0.07257836312055588,-0.2167941778898239,0.40174955129623413,-0.32139408588409424,-0.31361937522888184,0.13936734199523926,-0.6001136302947998,-0.3797927498817444,-0.09348977357149124,-0.8032159805297852,-0.4486753046512604,0.5565400123596191,-0.827281653881073,-0.21107003092765808,0.7589309811592102,-1.2128957509994507,-0.3019312024116516,0.8552841544151306,-1.4545754194259644,-0.37112799286842346,0.9245070219039917,-1.6812838315963745,-0.42988982796669006,0.30209389328956604,-0.9327806830406189,-0.19662019610404968,0.392768532037735,-1.3877791166305542,-0.2788214385509491,0.421375572681427,-1.668654203414917,-0.36642685532569885,0.4462750554084778,-1.9092919826507568,-0.42937013506889343,0.07219889014959335,-0.9121750593185425,-0.19900032877922058,-0.0011701168259605765,-1.3502627611160278,-0.34505119919776917,-0.04238247126340866,-1.6223278045654297,-0.4681699275970459,-0.06334514915943146,-1.8561404943466187,-0.5492969155311584,-0.13721942901611328,-0.7995116710662842,-0.21259383857250214,-0.16671223938465118,-1.034501314163208,-0.38058510422706604,-0.14703109860420227,-0.9057448506355286,-0.42596495151519775,-0.11606694012880325,-0.7562820911407471,-0.44133585691452026
0.0,0.0,0.0,0.2594529390335083,-0.08983717113733292,-0.22409261763095856,0.35753172636032104,-0.3515515923500061,-0.32297247648239136,0.0951797291636467,-0.6211174130439758,-0.38860592246055603,-0.14254704117774963,-0.8203185200691223,-0.456290066242218,0.5170425772666931,-0.845911979675293,-0.2146712839603424,0.6962201595306396,-1.2330886125564575,-0.30313098430633545,0.7811756134033203,-1.4734278917312622,-0.3715195655822754,0.8394549489021301,-1.7020599842071533,-0.4301105737686157,0.2653655409812927,-0.9440525770187378,-0.19582127034664154,0.33415162563323975,-1.3931827545166016,-0.27755704522132874,0.34771889448165894,-1.6742454767227173,-0.36469101905822754,0.3605666160583496,-1.9176346063613892,-0.4259002208709717,0.03619984909892082,-0.9195576906204224,-0.19460535049438477,-0.05837790668010712,-1.3415864706039429,-0.3450412154197693,-0.11304157227277756,-1.6146634817123413,-0.4770865738391876,-0.14758941531181335,-1.852508544921875,-0.5641353130340576,-0.1703045517206192,-0.8052601218223572,-0.20491677522659302,-0.200445756316185,-0.9996964931488037,-0.3860616385936737,-0.16978572309017181,-0.8474571704864502,-0.44273313879966736,-0.13234969973564148,-0.6860175132751465,-0.46424469351768494
0.0,0.0,0.0,0.24575023353099823,-0.09278299659490585,-0.22887590527534485,0.31999582052230835,-0.3585576117038727,-0.3281882703304291,0.05487543344497681,-0.6385816335678101,-0.393186092376709,-0.18603114783763885,-0.8437401652336121,-0.458339124917984,0.5062516331672668,-0.8507954478263855,-0.21235841512680054,0.6838762164115906,-1.2504059076309204,-0.2972917854785919,0.7612850069999695,-1.4963008165359497,-0.3620217442512512,0.8124771118164062,-1.72686767578125,-0.41853219270706177,0.2550722062587738,-0.9483874440193176,-0.1884128451347351,0.31642064452171326,-1.4107486009597778,-0.2686081528663635,0.32325807213783264,-1.695005178451538,-0.35388892889022827,0.32815390825271606,-1.942823886871338,-0.41355380415916443,0.029176509007811546,-0.9225295186042786,-0.18240895867347717,-0.08054094761610031,-1.3441540002822876,-0.32451945543289185,-0.14594775438308716,-1.618949055671692,-0.4471629858016968,-0.18418903648853302,-1.861023187637329,-0.5276798009872437,-0.16957245767116547,-0.8076394200325012,-0.18908372521400452,-0.23513923585414886,-1.0266141891479492,-0.3539738357067108,-0.2165447324514389,-0.900449812412262,-0.4019555151462555,-0.17653027176856995,-0.7584627866744995,-0.41942650079727173
0.0,0.0,0.0,0.24496521055698395,-0.09339799731969833,-0.23634664714336395,0.31668809056282043,-0.35510000586509705,-0.339053213596344,0.05715647712349892,-0.6364389061927795,-0.4054059386253357,-0.18168355524539948,-0.8467944860458374,-0.47121044993400574,0.5161872506141663,-0.8422369956970215,-0.21614865958690643,0.685043215751648,-1.2302507162094116,-0.3041402995586395,0.7588356733322144,-1.4695621728897095,-0.37298837304115295,0.8110721707344055,-1.696587324142456,-0.43261128664016724,0.26807349920272827,-0.9449036121368408,-0.1878662407398224,0.32833191752433777,-1.3988218307495117,-0.27142760157585144,0.3362498879432678,-1.6783580780029297,-0.3600914180278778,0.34267526865005493,-1.9267398118972778,-0.42094025015830994,0.0443427711725235,-0.9208751320838928,-0.17810548841953278,-0.06510856747627258,-1.3281242847442627,-0.3210374712944031,-0.12840597331523895,-1.5991157293319702,-0.4462507665157318,-0.16502633690834045,-1.83999502658844,-0.5275368690490723,-0.14907997846603394,-0.8070563673973083,-0.18174631893634796,-0.21776452660560608,-1.007336974143982,-0.34772130846977234,-0.2001223862171173,-0.8858294486999512,-0.3995378017425537,-0.16213731467723846,-0.7534934878349304,-0.41889065504074097
0.0,0.0,0.0,0.25092098116874695,-0.0796593427658081,-0.2241048663854599,0.35198521614074707,-0.3387981057167053,-0.31578415632247925,0.10730379819869995,-0.6296942234039307,-0.3735150992870331,-0.11247952282428741,-0.8463287949562073,-0.4303787052631378,0.5560415983200073,-0.8266416192054749,-0.18758341670036316,0.7384334802627563,-1.2031203508377075,-0.26882490515708923,0.8229341506958008,-1.43800687789917,-0.33338186144828796,0.882859468460083,-1.6613940000534058,-0.38907867670059204,0.3103153109550476,-0.936438798904419,-0.1636664718389511,0.3944498598575592,-1.381906270980835,-0.24046416580677032,0.41669708490371704,-1.6607660055160522,-0.32365089654922485,0.43731689453125,-1.908212661743164,-0.3790660798549652,0.08524725586175919,-0.9205913543701172,-0.15898877382278442,0.007368527352809906,-1.3313844203948975,-0.30133071541786194,-0.03916386514902115,-1.6023770570755005,-0.42520982027053833,-0.06332705169916153,-1.8438416719436646,-0.503366231918335,-0.11573513597249985,-0.8135016560554504,-0.16686297953128815,-0.15868587791919708,-1.009643316268921,-0.33688539266586304,-0.14602771401405334,-0.869304895401001,-0.38765662908554077,-0.11738013476133347,-0.7229586243629456,-0.40344294905662537
0.0,0.0,0.0,0.2720237076282501,-0.06527190655469894,-0.2127016931772232,0.40863037109375,-0.3169884979724884,-0.3015580177307129,0.17732350528240204,-0.6222032904624939,-0.35853463411331177,-0.030371278524398804,-0.8468685150146484,-0.4164896607398987,0.5959939956665039,-0.8056294918060303,-0.1863338053226471,0.8091297149658203,-1.177954077720642,-0.2649497389793396,0.9115748405456543,-1.4106680154800415,-0.32881325483322144,0.9849826097488403,-1.6355618238449097,-0.3843429386615753,0.3479815721511841,-0.9222015738487244,-0.16868028044700623,0.46002212166786194,-1.3589873313903809,-0.24088026583194733,0.49732160568237305,-1.6360914707183838,-0.3239252269268036,0.5276449918746948,-1.8816524744033813,-0.3828612267971039,0.11652562022209167,-0.9156240224838257,-0.16856598854064941,0.06691522896289825,-1.347074031829834,-0.31162333488464355,0.03983718529343605,-1.618618130683899,-0.4363609552383423,0.026416270062327385,-1.8586338758468628,-0.5175266861915588,-0.09797364473342896,-0.8174786567687988,-0.17907418310642242,-0.09829163551330566,-1.0374480485916138,-0.35170838236808777,-0.08633279800415039,-0.8833854794502258,-0.39925315976142883,-0.06979623436927795,-0.722058892250061,-0.41391971707344055
0.0,0.0,0.0,0.27174630761146545,-0.04736926034092903,-0.1992528736591339,0.43082886934280396,-0.31827688217163086,-0.274224191904068,0.21000300347805023,-0.6421006321907043,-0.3200992941856384,-0.0022664754651486874,-0.8641084432601929,-0.36865484714508057,0.626893937587738,-0.7892293930053711,-0.15878596901893616,0.8539612293243408,-1.1431957483291626,-0.22950948774814606,0.9702479839324951,-1.3689035177230835,-0.2911642789840698,1.05757474899292,-1.5894163846969604,-0.34736472368240356,0.38199281692504883,-0.9120141863822937,-0.14937081933021545,0.5068123936653137,-1.3354291915893555,-0.2181588113307953,0.5561127662658691,-1.606559157371521,-0.30100196599960327,0.6013109683990479,-1.8470468521118164,-0.3598356544971466,0.1471194624900818,-0.9101424813270569,-0.15734653174877167,0.133287250995636,-1.3575283288955688,-0.30747756361961365,0.12411177158355713,-1.630406379699707,-0.4345000088214874,0.1286844164133072,-1.8763242959976196,-0.5158511996269226,-0.08500560373067856,-0.8147475719451904,-0.17399443686008453,-0.056345775723457336,-1.0356839895248413,-0.3585732877254486,-0.04115457832813263,-0.8639697432518005,-0.4074666202068329,-0.026625100523233414,-0.6897182464599609,-0.421627014875412
0.0,0.0,0.0,0.27553287148475647,-0.04298063740134239,-0.20178422331809998,0.4401548504829407,-0.3019568622112274,-0.2785585820674896,0.2390778362751007,-0.6323860287666321,-0.32409724593162537,0.047958120703697205,-0.8720571994781494,-0.37078073620796204,0.6523019671440125,-0.7623098492622375,-0.16624046862125397,0.8948523998260498,-1.1058077812194824,-0.23631510138511658,1.0193359851837158,-1.321553111076355,-0.2945440113544464,1.112660527229309,-1.5393072366714478,-0.3468386232852936,0.4135648012161255,-0.8973808884620667,-0.15385597944259644,0.560279130935669,-1.324080467224121,-0.21930669248104095,0.6170085072517395,-1.5924729108810425,-0.29721876978874207,0.6645832657814026,-1.835923671722412,-0.3523096442222595,0.18057763576507568,-0.9070219397544861,-0.15873093903064728,0.17527882754802704,-1.3371186256408691,-0.30158764123916626,0.17296963930130005,-1.6143074035644531,-0.4249551594257355,0.17601950466632843,-1.8624768257141113,-0.5047155022621155,-0.04471259191632271,-0.8269357681274414,-0.17332516610622406,0.010966554284095764,-1.0414960384368896,-0.34738853573799133,0.020658941939473152,-0.8696379065513611,-0.3919924795627594,0.02199322171509266,-0.6983518004417419,-0.40445345640182495
0.0,0.0,0.0,0.2756008803844452,-0.04462476074695587,-0.19206373393535614,0.4490867257118225,-0.3072306513786316,-0.2618134021759033,0.24680370092391968,-0.6392078995704651,-0.3010963499546051,0.055115584284067154,-0.8748395442962646,-0.3415135443210602,0.6670852899551392,-0.7478999495506287,-0.1570516973733902,0.9217259883880615,-1.0937267541885376,-0.2213602364063263,1.0535404682159424,-1.3097186088562012,-0.2730363607406616,1.1514354944229126,-1.5240107774734497,-0.3200691342353821,0.43352919816970825,-0.8890736699104309,-0.14697085320949554,0.5915588736534119,-1.3165377378463745,-0.20526964962482452,0.6559993624687195,-1.58871591091156,-0.27717092633247375,0.7085936069488525,-1.8313604593276978,-0.32826727628707886,0.2014848291873932,-0.9056268334388733,-0.15329653024673462,0.2062458097934723,-1.3353341817855835,-0.29014909267425537,0.21647058427333832,-1.613571286201477,-0.41282933950424194,0.22667209804058075,-1.8603365421295166,-0.49296635389328003,-0.02618899755179882,-0.8329631686210632,-0.16831627488136292,0.03225167840719223,-1.040776014328003,-0.33943161368370056,0.0384892076253891,-0.8662492632865906,-0.38427141308784485,0.03442259877920151,-0.6919822692871094,-0.3970693349838257
0.0,0.0,0.0,0.26487863063812256,-0.04901996627449989,-0.17654883861541748,0.43296054005622864,-0.30564582347869873,-0.23861214518547058,0.26190808415412903,-0.6158600449562073,-0.27444955706596375,0.09965148568153381,-0.8501351475715637,-0.31124362349510193,0.6466141939163208,-0.7628604769706726,-0.14506155252456665,0.8942287564277649,-1.104020118713379,-0.2087620496749878,1.022115707397461,-1.3134374618530273,-0.2599320411682129,1.1166912317276,-1.5216420888900757,-0.3049747049808502,0.41497868299484253,-0.8985523581504822,-0.1428157240152359,0.5672184824943542,-1.3248510360717773,-0.2055535763502121,0.632435142993927,-1.5934667587280273,-0.2765643000602722,0.687823474407196,-1.834643006324768,-0.32383912801742554,0.18426989018917084,-0.9094855189323425,-0.15615254640579224,0.19070160388946533,-1.3394060134887695,-0.29510051012039185,0.20027516782283783,-1.6183786392211914,-0.41401126980781555,0.21272273361682892,-1.8678672313690186,-0.48886409401893616,-0.04623553901910782,-0.8260452747344971,-0.17712394893169403,0.018206343054771423,-1.0351725816726685,-0.3409580588340759,0.023712020367383957,-0.864898681640625,-0.37722620368003845,0.02007555402815342,-0.6901511549949646,-0.3836161494255066
0.0,0.0,0.0,0.2674514651298523,-0.05106370523571968,-0.17551380395889282,0.4385264813899994,-0.28650277853012085,-0.244872584939003,0.25224927067756653,-0.5751081109046936,-0.28954845666885376,0.05872124433517456,-0.7817398309707642,-0.33936357498168945,0.639657735824585,-0.783294677734375,-0.15586671233177185,0.8680195808410645,-1.1278239488601685,-0.2223997563123703,0.9839321970939636,-1.339295506477356,-0.2782900929450989,1.0708670616149902,-1.5458993911743164,-0.32775288820266724,0.3938208520412445,-0.905502200126648,-0.15802191197872162,0.525147557258606,-1.3356659412384033,-0.22218050062656403,0.5796918272972107,-1.6021684408187866,-0.29974380135536194,0.6298078894615173,-1.835211157798767,-0.3545973300933838,0.15791857242584229,-0.8978153467178345,-0.1747089922428131,0.14225506782531738,-1.3303484916687012,-0.31654348969459534,0.13073202967643738,-1.609829306602478,-0.4418641924858093,0.13100089132785797,-1.850493311882019,-0.5232521891593933,-0.07413534820079803,-0.7971736192703247,-0.19837644696235657,-0.032437484711408615,-1.0225772857666016,-0.36585620045661926,-0.024930818006396294,-0.8576444387435913,-0.40464115142822266,-0.019669417291879654,-0.678054690361023,-0.41429272294044495
0.0,0.0,0.0,0.27119624614715576,-0.06627966463565826,-0.2030896693468094,0.415043443441391,-0.32057926058769226,-0.2864658832550049,0.17408928275108337,-0.6181963086128235,-0.33962786197662354,-0.051847733557224274,-0.8387050032615662,-0.395315557718277,0.5986126661300659,-0.8034926652908325,-0.18275709450244904,0.8154416680335999,-1.1668449640274048,-0.2558923363685608,0.9223679304122925,-1.3925427198410034,-0.3136753737926483,1.002394676208496,-1.6161041259765625,-0.36650219559669495,0.34631308913230896,-0.92181396484375,-0.17414432764053345,0.4587326943874359,-1.3639875650405884,-0.24315978586673737,0.4952836036682129,-1.6391172409057617,-0.32352641224861145,0.5304455757141113,-1.8876111507415771,-0.38207268714904785,0.108987957239151,-0.9120091199874878,-0.1818556934595108,0.05164296180009842,-1.345733880996704,-0.3291323184967041,0.014868357218801975,-1.6239382028579712,-0.4538800120353699,-0.0028392195235937834,-1.8748406171798706,-0.53598552942276,-0.11841762810945511,-0.8108881711959839,-0.19889821112155914,-0.10648515075445175,-1.0332820415496826,-0.375773549079895,-0.0836203321814537,-0.8617561459541321,-0.41946476697921753,-0.05953827127814293,-0.6851052641868591,-0.4325125217437744
0.0,0.0,0.0,0.2577486038208008,-0.0828942209482193,-0.18748818337917328,0.3737665116786957,-0.3334095776081085,-0.26579996943473816,0.1183464303612709,-0.6053241491317749,-0.317539781332016,-0.11449553072452545,-0.8006983995437622,-0.3725270628929138,0.5502831935882568,-0.8268298506736755,-0.17166057229042053,0.7455224394798279,-1.2023565769195557,-0.24585512280464172,0.8401466608047485,-1.435948133468628,-0.30572712421417236,0.9089416265487671,-1.6624855995178223,-0.3583039343357086,0.29601913690567017,-0.9403781890869141,-0.16751599311828613,0.38583725690841675,-1.395604133605957,-0.23443512618541718,0.4047437310218811,-1.6865861415863037,-0.31578344106674194,0.41773679852485657,-1.9491480588912964,-0.37136417627334595,0.06586752831935883,-0.9194530248641968,-0.17747631669044495,-0.020938294008374214,-1.3497986793518066,-0.31297507882118225,-0.0763322189450264,-1.6352930068969727,-0.4356958568096161,-0.110733263194561,-1.8904300928115845,-0.514613687992096,-0.1445627510547638,-0.8006752729415894,-0.19626206159591675,-0.18265900015830994,-1.0164533853530884,-0.3563270568847656,-0.16790859401226044,-0.872745156288147,-0.39645758271217346,-0.1394660621881485,-0.7173664569854736,-0.40622401237487793
0.0,0.0,0.0,0.26112210750579834,-0.06604069471359253,-0.19351546466350555,0.38801246881484985,-0.3012625277042389,-0.27507907152175903,0.12226899713277817,-0.5570378303527832,-0.32946667075157166,-0.1036614179611206,-0.7421131134033203,-0.38787367939949036,0.5502291321754456,-0.8262848854064941,-0.18865074217319489,0.7395275831222534,-1.2054787874221802,-0.2650873363018036,0.8271135091781616,-1.4436646699905396,-0.3248647153377533,0.8913764357566833,-1.6731348037719727,-0.37841033935546875,0.29203182458877563,-0.9383665323257446,-0.1848936527967453,0.3740660846233368,-1.3980660438537598,-0.2596653401851654,0.39090514183044434,-1.6931277513504028,-0.3464101254940033,0.4056616425514221,-1.9624121189117432,-0.4061480760574341,0.062386106699705124,-0.9158379435539246,-0.19458535313606262,-0.030736463144421577,-1.3477050065994263,-0.33772724866867065,-0.09548146277666092,-1.6307612657546997,-0.46267467737197876,-0.13183552026748657,-1.888032078742981,-0.5425082445144653,-0.15075992047786713,-0.7901380658149719,-0.21304263174533844,-0.2019103318452835,-1.0211455821990967,-0.3762761354446411,-0.19343003630638123,-0.8828239440917969,-0.41627204418182373,-0.16045372188091278,-0.7304317355155945,-0.42677608132362366
0.0,0.0,0.0,0.26180124282836914,-0.06405570358037949,-0.22089600563049316,0.38822028040885925,-0.29449450969696045,-0.31959763169288635,0.10956576466560364,-0.551812469959259,-0.384570837020874,-0.13142210245132446,-0.7434048652648926,-0.4540398418903351,0.5574840903282166,-0.8169465661048889,-0.22991377115249634,0.7490635514259338,-1.2033419609069824,-0.31973621249198914,0.8384230732917786,-1.4487279653549194,-0.38679635524749756,0.9051139950752258,-1.6843687295913696,-0.4451036751270294,0.30088964104652405,-0.92889803647995,-0.21590249240398407,0.3843715786933899,-1.3880776166915894,-0.3036987781524658,0.4025125205516815,-1.6835423707962036,-0.3981865346431732,0.4200509488582611,-1.95229971408844,-0.46456265449523926,0.07175423949956894,-0.9112274646759033,-0.2164146900177002,-0.022318635135889053,-1.3351372480392456,-0.3712801933288574,-0.0864289253950119,-1.622885823249817,-0.5044595003128052,-0.12176431715488434,-1.8809064626693726,-0.591311514377594,-0.1400100290775299,-0.7958731055259705,-0.22736959159374237,-0.1919674128293991,-1.019591212272644,-0.4048292338848114,-0.1809752881526947,-0.8730523586273193,-0.453128457069397,-0.14769019186496735,-0.7142436504364014,-0.4695352017879486
0.0,0.0,0.0,0.267214834690094,-0.05952715873718262,-0.21732117235660553,0.4034462869167328,-0.29076293110847473,-0.31157416105270386,0.1621447205543518,-0.564268946647644,-0.3727572560310364,-0.05529390648007393,-0.7766469717025757,-0.43679091334342957,0.5772780179977417,-0.8124570846557617,-0.21312953531742096,0.790450930595398,-1.1864027976989746,-0.2984398305416107,0.8938626050949097,-1.4221892356872559,-0.3642039895057678,0.9684110283851624,-1.6547136306762695,-0.421336829662323,0.32408174872398376,-0.9247090220451355,-0.1997104287147522,0.4245973229408264,-1.3798576593399048,-0.2821732759475708,0.4549267292022705,-1.6636829376220703,-0.37221965193748474,0.4809882640838623,-1.922210693359375,-0.43585485219955444,0.09142164140939713,-0.9100173711776733,-0.20186521112918854,0.022661030292510986,-1.335852861404419,-0.3561285734176636,-0.0205682422965765,-1.6196987628936768,-0.4840208888053894,-0.045603834092617035,-1.8740015029907227,-0.5663132667541504,-0.12441704422235489,-0.8010030388832092,-0.2144167721271515,-0.1339695006608963,-1.0405107736587524,-0.39118582010269165,-0.11760079860687256,-0.8829927444458008,-0.4321082830429077,-0.09291679412126541,-0.712240993976593,-0.44230398535728455
0.0,0.0,0.0,0.27002862095832825,-0.050292007625103,-0.22362065315246582,0.4144962728023529,-0.2790992856025696,-0.3202621638774872,0.16741269826889038,-0.5530433058738708,-0.3814813196659088,-0.05600717291235924,-0.7651413083076477,-0.44553685188293457,0.5792163014411926,-0.803272008895874,-0.2259613573551178,0.7983422875404358,-1.1752674579620361,-0.3151618242263794,0.9059358835220337,-1.416037678718567,-0.3832950294017792,0.9816240668296814,-1.654330849647522,-0.4419206380844116,0.3250602185726166,-0.9218625426292419,-0.21096265316009521,0.43295663595199585,-1.377747893333435,-0.2964170575141907,0.4637390971183777,-1.6642590761184692,-0.3899206519126892,0.48947271704673767,-1.9263559579849243,-0.45619988441467285,0.09192492812871933,-0.9135208129882812,-0.21114981174468994,0.026546461507678032,-1.3362298011779785,-0.3693917691707611,-0.01596989296376705,-1.6202802658081055,-0.5023490786552429,-0.04260510951280594,-1.8748384714126587,-0.5887011289596558,-0.12930847704410553,-0.8108946084976196,-0.22188618779182434,-0.1351780742406845,-1.0376067161560059,-0.4034019112586975,-0.11301764845848083,-0.8715754747390747,-0.4479990005493164,-0.08524642139673233,-0.694084107875824,-0.46078839898109436
0.0,0.0,0.0,0.26484599709510803,-0.0642956867814064,-0.21802891790866852,0.3953905999660492,-0.2933557331562042,-0.31697559356689453,0.13060103356838226,-0.55973881483078,-0.38354018330574036,-0.09875686466693878,-0.7665736079216003,-0.45420271158218384,0.5493146181106567,-0.8215315937995911,-0.2239726483821869,0.734991729259491,-1.2080440521240234,-0.31730109453201294,0.8215689063072205,-1.4531065225601196,-0.3895152807235718,0.8880020976066589,-1.6913496255874634,-0.4520339369773865,0.29275742173194885,-0.9318460822105408,-0.21437300741672516,0.3759339451789856,-1.391761064529419,-0.30584216117858887,0.39352673292160034,-1.6841959953308105,-0.4059111177921295,0.4120781719684601,-1.9536563158035278,-0.47710472345352173,0.064735546708107,-0.9127215147018433,-0.21961399912834167,-0.021324336528778076,-1.341422200202942,-0.37957924604415894,-0.08560576289892197,-1.6279761791229248,-0.5155624151229858,-0.12308718264102936,-1.8857810497283936,-0.6041897535324097,-0.14431022107601166,-0.7949236035346985,-0.23467595875263214,-0.1929035186767578,-1.0320838689804077,-0.4154070019721985,-0.18225374817848206,-0.8901396989822388,-0.46349209547042847,-0.15087933838367462,-0.7340181469917297,-0.47992125153541565
0.0,0.0,0.0,0.2586744427680969,-0.07889937609434128,-0.20543523132801056,0.3854936361312866,-0.3073383569717407,-0.2986414432525635,0.1289885938167572,-0.5523995757102966,-0.3624013066291809,-0.10408750921487808,-0.7361388802528381,-0.43032050132751465,0.5213761925697327,-0.8417235016822815,-0.21586468815803528,0.7100124359130859,-1.227129340171814,-0.30693870782852173,0.7987209558486938,-1.4725514650344849,-0.37580299377441406,0.8610705733299255,-1.711203694343567,-0.43400144577026367,0.2653123438358307,-0.9408566951751709,-0.21070867776870728,0.34015002846717834,-1.400336742401123,-0.29696160554885864,0.35655078291893005,-1.6911455392837524,-0.3876117169857025,0.37096285820007324,-1.9583840370178223,-0.45049718022346497,0.04009881615638733,-0.9113156795501709,-0.21920083463191986,-0.05241498723626137,-1.3257194757461548,-0.36882415413856506,-0.11224392801523209,-1.6094410419464111,-0.4920441508293152,-0.1492416262626648,-1.8656220436096191,-0.5712594389915466,-0.16420866549015045,-0.7841652035713196,-0.23801666498184204,-0.21076495945453644,-1.0116766691207886,-0.4044094979763031,-0.194121852517128,-0.877422034740448,-0.44144687056541443,-0.16094659268856049,-0.7263612151145935,-0.44995811581611633
0.0,0.0,0.0,0.26425036787986755,-0.06648840010166168,-0.21693934500217438,0.3952653408050537,-0.29090142250061035,-0.3155004382133484,0.1520404815673828,-0.5454911589622498,-0.3823600113391876,-0.06695865839719772,-0.7436272501945496,-0.45329776406288147,0.5492380261421204,-0.8257271647453308,-0.21994511783123016,0.7391254901885986,-1.2006406784057617,-0.31317874789237976,0.8334518671035767,-1.436397910118103,-0.38707005977630615,0.9019889831542969,-1.6703484058380127,-0.4491335153579712,0.29701825976371765,-0.9315682649612427,-0.20966848731040955,0.3827534019947052,-1.3824249505996704,-0.29559800028800964,0.4031839966773987,-1.667492389678955,-0.3898829221725464,0.4234541356563568,-1.930298924446106,-0.4562142789363861,0.06847141683101654,-0.9104586243629456,-0.21460314095020294,-0.009368053637444973,-1.3233954906463623,-0.36844921112060547,-0.061131954193115234,-1.600165605545044,-0.49615660309791565,-0.09243465960025787,-1.8481459617614746,-0.5784487724304199,-0.1434347927570343,-0.7915302515029907,-0.23062542080879211,-0.1672784984111786,-1.0238090753555298,-0.40715765953063965,-0.14440426230430603,-0.8707165122032166,-0.4480968117713928,-0.10959161072969437,-0.7021111249923706,-0.457689493894577
0.0,0.0,0.0,0.26995399594306946,-0.06870615482330322,-0.20587721467018127,0.3998647630214691,-0.3016964793205261,-0.29054591059684753,0.16039979457855225,-0.5675907731056213,-0.34581899642944336,-0.0611814446747303,-0.7584202885627747,-0.40511515736579895,0.5566768050193787,-0.8317698836326599,-0.19916728138923645,0.7525403499603271,-1.2178064584732056,-0.28500664234161377,0.8475282192230225,-1.4593900442123413,-0.3536188304424286,0.9189492464065552,-1.6919922828674316,-0.41135847568511963,0.3045785129070282,-0.9330609440803528,-0.19138701260089874,0.3992970883846283,-1.3895769119262695,-0.27135100960731506,0.4291161000728607,-1.6816445589065552,-0.36042460799217224,0.456743985414505,-1.9403318166732788,-0.422747403383255,0.07516378909349442,-0.9095289707183838,-0.1993950605392456,0.015524817630648613,-1.3423969745635986,-0.34609419107437134,-0.02941877208650112,-1.6259815692901611,-0.4700806736946106,-0.05320851504802704,-1.8750382661819458,-0.5485259890556335,-0.1368182748556137,-0.7864819765090942,-0.21787570416927338,-0.16718760132789612,-1.049612045288086,-0.3813244104385376,-0.15880757570266724,-0.9243175387382507,-0.41714704036712646,-0.13478893041610718,-0.7701404690742493,-0.42454221844673157
0.0,0.0,0.0,0.2654377222061157,-0.07095085829496384,-0.2058163583278656,0.3920075297355652,-0.3143916428089142,-0.2863098382949829,0.1448405683040619,-0.5745145082473755,-0.3346608281135559,-0.0736142098903656,-0.7610841393470764,-0.385363906621933,0.5432252287864685,-0.8325014114379883,-0.1918998509645462,0.7333261966705322,-1.2127175331115723,-0.2758493423461914,0.8303555250167847,-1.4545339345932007,-0.34202226996421814,0.900486946105957,-1.6872457265853882,-0.39728420972824097,0.30022355914115906,-0.9364317059516907,-0.18155300617218018,0.3920314610004425,-1.3828169107437134,-0.25966545939445496,0.42057499289512634,-1.671181082725525,-0.3465970456600189,0.4460764229297638,-1.9332586526870728,-0.40508076548576355,0.07863263785839081,-0.9161975979804993,-0.18733525276184082,0.005831832066178322,-1.3380299806594849,-0.3345094323158264,-0.03911313787102699,-1.6141129732131958,-0.4603596329689026,-0.06250310689210892,-1.8630621433258057,-0.5387763977050781,-0.12902109324932098,-0.7966277003288269,-0.2033972591161728,-0.1656048744916916,-1.031113862991333,-0.37220054864883423,-0.14877401292324066,-0.8831557631492615,-0.4124152362346649,-0.11509663611650467,-0.7213320136070251,-0.42068299651145935
0.0,0.0,0.0,0.25452303886413574,-0.06546077877283096,-0.21782784163951874,0.38867416977882385,-0.30129921436309814,-0.303070068359375,0.13416646420955658,-0.5567229986190796,-0.35389244556427,-0.10187767446041107,-0.7262914180755615,-0.406892865896225,0.5547583699226379,-0.8374330401420593,-0.203714519739151,0.7528135180473328,-1.21886146068573,-0.28797879815101624,0.8482155799865723,-1.4577217102050781,-0.35227158665657043,0.9161213636398315,-1.688137412071228,-0.40513724088668823,0.30281001329421997,-0.9348132610321045,-0.18555396795272827,0.4001605808734894,-1.3850438594818115,-0.27425867319107056,0.4289349317550659,-1.667250156402588,-0.36156991124153137,0.4514874815940857,-1.9205257892608643,-0.4173632562160492,0.07634025812149048,-0.912509024143219,-0.18391764163970947,0.01018400676548481,-1.3262525796890259,-0.33433276414871216,-0.04234037175774574,-1.5948295593261719,-0.4508279263973236,-0.07184939086437225,-1.833682656288147,-0.5187732577323914,-0.13940075039863586,-0.7923715710639954,-0.19403515756130219,-0.1692289561033249,-1.0481021404266357,-0.34831753373146057,-0.16729317605495453,-0.9122143387794495,-0.3730287253856659,-0.1464722752571106,-0.7507725954055786,-0.3711698651313782
0.0,0.0,0.0,0.25438588857650757,-0.05019225552678108,-0.2108045518398285,0.3943431079387665,-0.25379279255867004,-0.30738842487335205,0.11430449038743973,-0.480732262134552,-0.37685203552246094,-0.13506443798542023,-0.6320688724517822,-0.4512607455253601,0.5345842242240906,-0.8289828896522522,-0.2065093070268631,0.7251980304718018,-1.2017052173614502,-0.30230432748794556,0.8159328103065491,-1.4356762170791626,-0.3769429624080658,0.8857004642486572,-1.6619534492492676,-0.4383513927459717,0.28791651129722595,-0.9361470937728882,-0.20182369649410248,0.3846101462841034,-1.3728461265563965,-0.2881030738353729,0.4083032011985779,-1.6548874378204346,-0.38265126943588257,0.43154892325401306,-1.912696123123169,-0.44858577847480774,0.0641070008277893,-0.9090016484260559,-0.2135629504919052,-0.016019443050026894,-1.3092503547668457,-0.36074310541152954,-0.08083422482013702,-1.5577037334442139,-0.48360857367515564,-0.1108442023396492,-1.781227946281433,-0.5610137581825256,-0.14948853850364685,-0.7766156792640686,-0.23692496120929718,-0.2161845862865448,-0.9905874133110046,-0.39750322699546814,-0.21312111616134644,-0.8543847799301147,-0.4339132308959961,-0.17482340335845947,-0.7024220824241638,-0.4419540464878082
0.0,0.0,0.0,0.24166077375411987,-0.007568059954792261,-0.2302263379096985,0.41253623366355896,-0.17245519161224365,-0.3437652885913849,0.15120969712734222,-0.39557865262031555,-0.426189661026001,-0.11230145394802094,-0.5642111897468567,-0.5166422724723816,0.5787745118141174,-0.7972947955131531,-0.2369883507490158,0.80760657787323,-1.1690279245376587,-0.32880041003227234,0.9217082262039185,-1.4055262804031372,-0.40306034684181213,1.0098702907562256,-1.6337145566940308,-0.4645921587944031,0.3278256356716156,-0.9180800318717957,-0.22284384071826935,0.44516050815582275,-1.3657957315444946,-0.3094484806060791,0.47705358266830444,-1.6559239625930786,-0.4081558883190155,0.4963698387145996,-1.9130033254623413,-0.47535502910614014,0.10196110606193542,-0.8952140212059021,-0.22228491306304932,0.03871656209230423,-1.3097199201583862,-0.3751455545425415,-0.015343298204243183,-1.5637085437774658,-0.4956555962562561,-0.04401831701397896,-1.7843389511108398,-0.5696901679039001,-0.1173568069934845,-0.7684532999992371,-0.2333659827709198,-0.16575032472610474,-0.9783530235290527,-0.40324652194976807,-0.17657819390296936,-0.805886447429657,-0.4298829436302185,-0.1629249006509781,-0.6085152626037598,-0.42667147517204285
0.0,0.0,0.0,0.2561481297016144,-0.052605047821998596,-0.18786531686782837,0.4261572062969208,-0.24879714846611023,-0.2682226300239563,0.19833478331565857,-0.4600556492805481,-0.3223440945148468,-0.03500896319746971,-0.6116213202476501,-0.3818826377391815,0.5732527375221252,-0.8094305992126465,-0.19504322111606598,0.8318794369697571,-1.1549632549285889,-0.27857065200805664,0.9739495515823364,-1.384555697441101,-0.3412706255912781,1.0732656717300415,-1.606584072113037,-0.3909682035446167,0.3294694721698761,-0.9233111143112183,-0.19734884798526764,0.48073574900627136,-1.363357663154602,-0.27596956491470337,0.5407423377037048,-1.6452181339263916,-0.35373014211654663,0.5786320567131042,-1.9040287733078003,-0.4028523564338684,0.10871942341327667,-0.9021682739257812,-0.21242503821849823,0.08312374353408813,-1.2964366674423218,-0.34803828597068787,0.06447029858827591,-1.5593289136886597,-0.44985681772232056,0.057053543627262115,-1.8037244081497192,-0.5105964541435242,-0.10531721264123917,-0.7711406946182251,-0.23841165006160736,-0.1011282280087471,-0.994547963142395,-0.3761516809463501,-0.10297531634569168,-0.8405010104179382,-0.3803699016571045,-0.09727222472429276,-0.6605778336524963,-0.3647509515285492
0.0,0.0,0.0,0.2751723527908325,-0.0599825344979763,-0.16995012760162354,0.4519461989402771,-0.2755257189273834,-0.2406509667634964,0.23499304056167603,-0.5104464292526245,-0.2904166281223297,0.018330508843064308,-0.6746248602867126,-0.34749430418014526,0.6027947664260864,-0.7942779064178467,-0.16344808042049408,0.8635609149932861,-1.1378755569458008,-0.24108511209487915,1.0113608837127686,-1.363648533821106,-0.3032805919647217,1.1125003099441528,-1.5745365619659424,-0.3535377085208893,0.3699873387813568,-0.9128929972648621,-0.17244112491607666,0.5299965143203735,-1.3442445993423462,-0.23579898476600647,0.6008974313735962,-1.6280301809310913,-0.3175048232078552,0.6494895219802856,-1.8809669017791748,-0.3748946785926819,0.14830632507801056,-0.8997551798820496,-0.19396169483661652,0.15147528052330017,-1.2951195240020752,-0.3191096782684326,0.16416828334331512,-1.5659688711166382,-0.43673309683799744,0.1787104606628418,-1.808171272277832,-0.5155254006385803,-0.07204163074493408,-0.784942626953125,-0.2245645821094513,-0.04895487800240517,-0.9848232269287109,-0.37259843945503235,-0.03714188188314438,-0.8367962837219238,-0.4003770053386688,-0.027775457128882408,-0.6698216795921326,-0.4033970534801483
0.0,0.0,0.0,0.2794882357120514,-0.05248769372701645,-0.1744704246520996,0.4530703127384186,-0.2641716003417969,-0.24629001319408417,0.24891285598278046,-0.5129002928733826,-0.29492077231407166,0.037321384996175766,-0.6915607452392578,-0.35080596804618835,0.6068879961967468,-0.7856491804122925,-0.17250339686870575,0.8684292435646057,-1.126924753189087,-0.24961645901203156,1.0111879110336304,-1.352027416229248,-0.3108443021774292,1.1117756366729736,-1.5696687698364258,-0.36132901906967163,0.3725937306880951,-0.9104876518249512,-0.17940504848957062,0.5331514477729797,-1.3443830013275146,-0.2444400042295456,0.6088441014289856,-1.6249010562896729,-0.3254689872264862,0.6669535636901855,-1.8805032968521118,-0.38151589035987854,0.14936630427837372,-0.8991561532020569,-0.19818709790706635,0.14691679179668427,-1.2986164093017578,-0.3283265233039856,0.16539917886257172,-1.5702520608901978,-0.4453152120113373,0.18598000705242157,-1.81745445728302,-0.5216993689537048,-0.0680273100733757,-0.783011257648468,-0.22582967579364777,-0.04073762893676758,-0.9872313737869263,-0.377106249332428,-0.019463056698441505,-0.8309670686721802,-0.40212827920913696,-0.005048487801104784,-0.6554839015007019,-0.40192070603370667
0.0,0.0,0.0,0.2757438123226166,-0.036920543760061264,-0.1815103441476822,0.4685652256011963,-0.23517552018165588,-0.2582743763923645,0.2700759172439575,-0.49580857157707214,-0.3115178346633911,0.06497540324926376,-0.692574679851532,-0.37122055888175964,0.624965250492096,-0.769286036491394,-0.17766395211219788,0.8884701132774353,-1.1066503524780273,-0.26198631525039673,1.034156322479248,-1.3281352519989014,-0.3298608660697937,1.1403799057006836,-1.5440473556518555,-0.3841523230075836,0.3910374045372009,-0.9021041393280029,-0.1824772208929062,0.5638570189476013,-1.3281126022338867,-0.2531431019306183,0.6452807188034058,-1.6070975065231323,-0.3380706310272217,0.7047970294952393,-1.8604775667190552,-0.39663058519363403,0.16870537400245667,-0.8983779549598694,-0.20023901760578156,0.18072232604026794,-1.295923113822937,-0.33258137106895447,0.20462191104888916,-1.5571377277374268,-0.4485071301460266,0.22693008184432983,-1.7936537265777588,-0.524016797542572,-0.05400288105010986,-0.7906942963600159,-0.22770802676677704,-0.0149101372808218,-0.9896790385246277,-0.37929317355155945,-0.005503831431269646,-0.8347597122192383,-0.4042915105819702,-0.00429043173789978,-0.665015459060669,-0.40398308634757996
0.0,0.0,0.0,0.29185426235198975,-0.025088079273700714,-0.16642877459526062,0.5114644765853882,-0.21480122208595276,-0.23576992750167847,0.3156621754169464,-0.46831920742988586,-0.2843737304210663,0.10572240501642227,-0.6504427194595337,-0.3415427505970001,0.6515129208564758,-0.7540393471717834,-0.16890881955623627,0.9342451095581055,-1.085608720779419,-0.24655090272426605,1.0956476926803589,-1.3058468103408813,-0.30881375074386597,1.2120254039764404,-1.518479347229004,-0.3577895164489746,0.41706928610801697,-0.8913509249687195,-0.17761385440826416,0.606086254119873,-1.3139034509658813,-0.23687446117401123,0.6984575986862183,-1.5910487174987793,-0.31528037786483765,0.7654680013656616,-1.8453972339630127,-0.3707085847854614,0.19195902347564697,-0.8951981067657471,-0.19744819402694702,0.2153017818927765,-1.289945363998413,-0.3170800507068634,0.2533596456050873,-1.5541317462921143,-0.4303780198097229,0.2824968695640564,-1.7911574840545654,-0.5065802931785583,-0.03625864163041115,-0.7986607551574707,-0.22613023221492767,0.024254120886325836,-0.9873409867286682,-0.36253321170806885,0.036448605358600616,-0.8290961384773254,-0.3816433548927307,0.030806494876742363,-0.656183660030365,-0.3799464702606201
0.0,0.0,0.0,0.2869674563407898,-0.02444942109286785,-0.1696019470691681,0.509215235710144,-0.2095654159784317,-0.23730413615703583,0.3338799774646759,-0.4672953486442566,-0.28322649002075195,0.1395922303199768,-0.654859185218811,-0.33576691150665283,0.6541810035705566,-0.7544518113136292,-0.1627454161643982,0.94157475233078,-1.076399326324463,-0.23676671087741852,1.103619933128357,-1.2857681512832642,-0.29620105028152466,1.2244031429290771,-1.4904460906982422,-0.3434087932109833,0.42701563239097595,-0.8883817791938782,-0.1686282604932785,0.6261050701141357,-1.3066232204437256,-0.22818082571029663,0.7271429896354675,-1.5719807147979736,-0.3036894202232361,0.8046040534973145,-1.8172577619552612,-0.3560563921928406,0.20871108770370483,-0.8901112079620361,-0.18658246099948883,0.24065226316452026,-1.2725657224655151,-0.30246126651763916,0.28560519218444824,-1.5295292139053345,-0.4084562063217163,0.32780903577804565,-1.7645951509475708,-0.4785606861114502,-0.015295887365937233,-0.7926630973815918,-0.21434210240840912,0.04688507318496704,-0.9948909878730774,-0.34055042266845703,0.05577625706791878,-0.8491180539131165,-0.3524114191532135,0.053225163370370865,-0.6869922876358032,-0.3466533422470093
0.0,0.0,0.0,0.2872558832168579,-0.030276812613010406,-0.16795258224010468,0.5079770088195801,-0.21920645236968994,-0.2339029312133789,0.3192899227142334,-0.4764360189437866,-0.27929162979125977,0.11462782323360443,-0.6574399471282959,-0.33182767033576965,0.6520835161209106,-0.7585505247116089,-0.155836820602417,0.9361897706985474,-1.0841798782348633,-0.22748075425624847,1.0952739715576172,-1.2963896989822388,-0.2860804796218872,1.2113714218139648,-1.5034915208816528,-0.33344322443008423,0.4188383221626282,-0.8933613896369934,-0.1627264767885208,0.6105203032493591,-1.3135651350021362,-0.21767476201057434,0.7064211368560791,-1.581190586090088,-0.2928113639354706,0.7788334488868713,-1.8254358768463135,-0.3463667035102844,0.19581453502178192,-0.8939337134361267,-0.182124063372612,0.22100555896759033,-1.2817741632461548,-0.29628875851631165,0.2610939145088196,-1.539878010749817,-0.4060104489326477,0.2973400056362152,-1.772255301475525,-0.47972139716148376,-0.030728453770279884,-0.7950921654701233,-0.2111491709947586,0.027709003537893295,-0.99546879529953,-0.3408225178718567,0.038507357239723206,-0.8497918248176575,-0.3578701317310333,0.03763021156191826,-0.6872473955154419,-0.35566025972366333
0.0,0.0,0.0,0.2828655242919922,-0.04063194990158081,-0.17325140535831451,0.48464471101760864,-0.24016089737415314,-0.24305814504623413,0.2869672179222107,-0.5025618076324463,-0.2904749810695648,0.08122220635414124,-0.6895347833633423,-0.34336891770362854,0.6335285305976868,-0.770429790019989,-0.16157177090644836,0.9052269458770752,-1.093467116355896,-0.23895928263664246,1.057122826576233,-1.3084615468978882,-0.301021546125412,1.1671069860458374,-1.5178974866867065,-0.35066989064216614,0.4034799039363861,-0.8997302055358887,-0.16640180349349976,0.5811440348625183,-1.3179587125778198,-0.22897469997406006,0.6690475940704346,-1.5844866037368774,-0.3052608072757721,0.7361007332801819,-1.8282756805419922,-0.3583197295665741,0.1836322844028473,-0.8961347341537476,-0.18468371033668518,0.19797326624393463,-1.2782845497131348,-0.3065061867237091,0.22851234674453735,-1.532672643661499,-0.41575175523757935,0.25610464811325073,-1.7640105485916138,-0.4872368276119232,-0.03701377660036087,-0.7940942645072937,-0.21294181048870087,0.011090091429650784,-0.9896940588951111,-0.34964171051979065,0.021764716133475304,-0.8424611687660217,-0.3695085346698761,0.02278020791709423,-0.6804436445236206,-0.3678147494792938
0.0,0.0,0.0,0.28062885999679565,-0.03377121314406395,-0.17943452298641205,0.4847782850265503,-0.23204638063907623,-0.2534732520580292,0.2878974676132202,-0.4977288246154785,-0.30354371666908264,0.08269114047288895,-0.6916953921318054,-0.35898226499557495,0.6391981244087219,-0.7669223546981812,-0.17343467473983765,0.912882387638092,-1.0956991910934448,-0.25398772954940796,1.0635645389556885,-1.3129088878631592,-0.31754159927368164,1.173599362373352,-1.525713562965393,-0.3680934011936188,0.405971497297287,-0.8968080878257751,-0.17584779858589172,0.5854575634002686,-1.3207244873046875,-0.24194014072418213,0.672968327999115,-1.5888124704360962,-0.32030585408210754,0.7416479587554932,-1.8355457782745361,-0.3744587302207947,0.1846272200345993,-0.8945965766906738,-0.1914435178041458,0.19839777052402496,-1.278975486755371,-0.31640395522117615,0.22850918769836426,-1.5336534976959229,-0.4247347116470337,0.25788676738739014,-1.766446828842163,-0.4950307607650757,-0.03537954017519951,-0.7939872145652771,-0.2173352688550949,0.01330377347767353,-0.9923193454742432,-0.3566201627254486,0.023855801671743393,-0.8409122228622437,-0.3749009966850281,0.025794370099902153,-0.6768589019775391,-0.37135830521583557
0.0,0.0,0.0,0.28426313400268555,-0.036856092512607574,-0.1736578494310379,0.4869518280029297,-0.23238086700439453,-0.24432046711444855,0.2875226140022278,-0.4934099018573761,-0.2927665710449219,0.08899828791618347,-0.68423992395401,-0.3468654751777649,0.6414681673049927,-0.7694947123527527,-0.1650809496641159,0.9186593890190125,-1.0978026390075684,-0.2434738725423813,1.0735023021697998,-1.3157449960708618,-0.3056163489818573,1.1851774454116821,-1.5284935235977173,-0.354934424161911,0.40823885798454285,-0.8970006704330444,-0.16950179636478424,0.5906258821487427,-1.3221063613891602,-0.23369565606117249,0.6781545877456665,-1.5936437845230103,-0.31158918142318726,0.7459478378295898,-1.844344139099121,-0.3652576506137848,0.1882365196943283,-0.8927340507507324,-0.18695983290672302,0.20356348156929016,-1.2772996425628662,-0.308010458946228,0.2340569794178009,-1.5356708765029907,-0.41612979769706726,0.2646269202232361,-1.773080825805664,-0.4866545796394348,-0.032364003360271454,-0.7900766134262085,-0.21457915008068085,0.015834908932447433,-0.9909175038337708,-0.3479900658130646,0.02799486368894577,-0.8451878428459167,-0.36449530720710754,0.033700112253427505,-0.6835333704948425,-0.3605521619319916
0.0,0.0,0.0,0.2933165431022644,-0.036028534173965454,-0.16658566892147064,0.5087496638298035,-0.23233218491077423,-0.23330765962600708,0.3159404695034027,-0.488383412361145,-0.2781852185726166,0.10882040113210678,-0.6676612496376038,-0.3298715054988861,0.6473427414894104,-0.765163242816925,-0.15919506549835205,0.931892454624176,-1.0905320644378662,-0.22918778657913208,1.0918329954147339,-1.3041789531707764,-0.2860153019428253,1.209908366203308,-1.5114328861236572,-0.331777423620224,0.41512972116470337,-0.8945783972740173,-0.16551978886127472,0.6058143377304077,-1.3186620473861694,-0.22121605277061462,0.7003188133239746,-1.5888211727142334,-0.2950165867805481,0.7710214257240295,-1.8372958898544312,-0.3471464216709137,0.19384247064590454,-0.8936383128166199,-0.18339477479457855,0.2182500958442688,-1.2776798009872437,-0.2990698516368866,0.26023703813552856,-1.536912441253662,-0.40587878227233887,0.2936001121997833,-1.7726410627365112,-0.47684937715530396,-0.02844446897506714,-0.7940018773078918,-0.2106238454580307,0.042044274508953094,-0.9961945414543152,-0.33873870968818665,0.057345472276210785,-0.8391891121864319,-0.34985971450805664,0.05408989265561104,-0.6649914979934692,-0.3433302640914917
0.0,0.0,0.0,0.29204851388931274,-0.03312109038233757,-0.1693742275238037,0.5149351954460144,-0.2322181761264801,-0.23583996295928955,0.3246821463108063,-0.4890212416648865,-0.27996826171875,0.1191008985042572,-0.6748456954956055,-0.3311890661716461,0.6417601704597473,-0.7654412388801575,-0.1607387810945511,0.9210395812988281,-1.0916365385055542,-0.2335909605026245,1.0801852941513062,-1.3049614429473877,-0.2925509214401245,1.1992748975753784,-1.5141334533691406,-0.3399635851383209,0.4108619689941406,-0.8963003158569336,-0.16684788465499878,0.6027763485908508,-1.3175773620605469,-0.22310853004455566,0.6971845626831055,-1.588159441947937,-0.2987535893917084,0.7699743509292603,-1.8367449045181274,-0.35311299562454224,0.18920737504959106,-0.8969090580940247,-0.18534377217292786,0.21557828783988953,-1.2773057222366333,-0.3044354319572449,0.2588193416595459,-1.537568211555481,-0.4169243574142456,0.29380935430526733,-1.772325038909912,-0.4927246570587158,-0.03295256197452545,-0.8009775280952454,-0.21317851543426514,0.03684456646442413,-0.9888008832931519,-0.3493967354297638,0.05777246877551079,-0.8257443904876709,-0.36786508560180664,0.05969202145934105,-0.6489936113357544,-0.3662262558937073
0.0,0.0,0.0,0.2859017252922058,-0.04895908385515213,-0.16499030590057373,0.4856801927089691,-0.2625580430030823,-0.23064403235912323,0.2887057363986969,-0.5186170935630798,-0.2764378488063812,0.07492967694997787,-0.6911118626594543,-0.32887351512908936,0.623363733291626,-0.7837860584259033,-0.1475543975830078,0.8952195048332214,-1.1134393215179443,-0.22175303101539612,1.0461968183517456,-1.3302338123321533,-0.2837640047073364,1.1546818017959595,-1.536741852760315,-0.33283403515815735,0.3927876055240631,-0.9063964486122131,-0.1554456502199173,0.5688914060592651,-1.329262137413025,-0.21031078696250916,0.6568120121955872,-1.5981136560440063,-0.28332778811454773,0.7232934236526489,-1.8372175693511963,-0.3354516625404358,0.17172634601593018,-0.9005754590034485,-0.17706820368766785,0.18933656811714172,-1.2939672470092773,-0.29286453127861023,0.22587299346923828,-1.5479891300201416,-0.4009561240673065,0.2560010850429535,-1.772878885269165,-0.4731172025203705,-0.04633166640996933,-0.7998481392860413,-0.20831574499607086,0.007953785359859467,-0.9943576455116272,-0.3419588804244995,0.025824863463640213,-0.8436245918273926,-0.3604561388492584,0.028200367465615273,-0.6771920919418335,-0.3583645224571228
0.0,0.0,0.0,0.28015273809432983,-0.062289681285619736,-0.171511709690094,0.4543110728263855,-0.28929227590560913,-0.2428281307220459,0.24448062479496002,-0.5322856307029724,-0.2924738824367523,0.02483556978404522,-0.6992677450180054,-0.3491136133670807,0.5798094868659973,-0.8092328906059265,-0.16876482963562012,0.8399287462234497,-1.1558003425598145,-0.25296279788017273,0.9864475727081299,-1.3828896284103394,-0.3212892711162567,1.0943738222122192,-1.5999010801315308,-0.37528476119041443,0.3439945876598358,-0.9221816062927246,-0.17677338421344757,0.4923754036426544,-1.355991005897522,-0.2447635382413864,0.564600944519043,-1.6361780166625977,-0.3233327865600586,0.6223912239074707,-1.8858509063720703,-0.3788282573223114,0.12522126734256744,-0.9065231084823608,-0.19847939908504486,0.11982300132513046,-1.312511682510376,-0.32400158047676086,0.13435707986354828,-1.5789310932159424,-0.43298327922821045,0.15463195741176605,-1.8179113864898682,-0.505099356174469,-0.08382973819971085,-0.7925837635993958,-0.23020251095294952,-0.06669409573078156,-1.006834864616394,-0.3690014183521271,-0.05375341698527336,-0.8663162589073181,-0.38770660758018494,-0.04096492379903793,-0.7081809639930725,-0.3859848082065582
