feature_0,feature_1,feature_2,feature_3,feature_4,feature_5,feature_6,feature_7,feature_8,feature_9,feature_10,feature_11,feature_12,feature_13,feature_14,feature_15,feature_16,feature_17,feature_18,feature_19,feature_20,feature_21,feature_22,feature_23,feature_24,feature_25,feature_26,feature_27,feature_28,feature_29,feature_30,feature_31,feature_32,feature_33,feature_34,feature_35,feature_36,feature_37,feature_38,feature_39,feature_40,feature_41,feature_42,feature_43,feature_44,feature_45,feature_46,feature_47,feature_48,feature_49,feature_50,feature_51,feature_52,feature_53,feature_54,feature_55,feature_56,feature_57,feature_58,feature_59,feature_60,feature_61,feature_62
0.0,0.0,0.0,0.3441910445690155,-0.11607103049755096,-0.09283217787742615,0.6399862170219421,-0.38387125730514526,-0.14299720525741577,0.7673630714416504,-0.6548041105270386,-0.20891085267066956,0.6474462747573853,-0.8435753583908081,-0.2661939263343811,0.47799715399742126,-0.8301143050193787,0.020739290863275528,0.6373852491378784,-1.049893856048584,-0.1349238157272339,0.6383744478225708,-0.9373555183410645,-0.2727372646331787,0.576184093952179,-0.8073201775550842,-0.33916395902633667,0.2982102632522583,-0.9543481469154358,-0.017033344134688377,0.4637031853199005,-1.3110159635543823,-0.08282243460416794,0.567642331123352,-1.5282909870147705,-0.15693601965904236,0.6495379209518433,-1.7327862977981567,-0.2112872451543808,0.09005353599786758,-0.9895074367523193,-0.09268578141927719,0.1605454534292221,-1.382216453552246,-0.18184027075767517,0.22146901488304138,-1.633032202720642,-0.2711438238620758,0.2821239233016968,-1.844285488128662,-0.32838061451911926,-0.1288701593875885,-0.9386563897132874,-0.18049591779708862,-0.18400374054908752,-1.2575902938842773,-0.2571493089199066,-0.21923242509365082,-1.4733712673187256,-0.29430970549583435,-0.24239005148410797,-1.665054202079773,-0.31978774070739746
0.0,0.0,0.0,0.33537712693214417,-0.11000967770814896,-0.09331247955560684,0.6284603476524353,-0.3862103223800659,-0.1440100073814392,0.7614912390708923,-0.6612077355384827,-0.20936168730258942,0.606159508228302,-0.8293830156326294,-0.2643428444862366,0.45292872190475464,-0.8445915579795837,0.0194910429418087,0.6280744671821594,-1.075585126876831,-0.13299566507339478,0.6299757957458496,-0.9424702525138855,-0.270150750875473,0.561641275882721,-0.806602418422699,-0.33824896812438965,0.280882328748703,-0.9595698714256287,-0.018185384571552277,0.4590592086315155,-1.311569333076477,-0.08064278215169907,0.5678243041038513,-1.5203030109405518,-0.1550123542547226,0.65082186460495,-1.7212799787521362,-0.2110597938299179,0.0786612406373024,-0.9875470399856567,-0.09366625547409058,0.1590828150510788,-1.3790346384048462,-0.17870216071605682,0.2256525605916977,-1.6290632486343384,-0.2691127359867096,0.2885408103466034,-1.8418554067611694,-0.3290325403213501,-0.13375148177146912,-0.9347003102302551,-0.18161214888095856,-0.181029811501503,-1.2494081258773804,-0.2546529173851013,-0.21357963979244232,-1.4647105932235718,-0.2934730350971222,-0.23300465941429138,-1.6594053506851196,-0.3221921920776367
0.0,0.0,0.0,0.3538801074028015,-0.14462317526340485,-0.0888654813170433,0.646641194820404,-0.3965417444705963,-0.14398615062236786,0.7738648653030396,-0.6650462746620178,-0.21691271662712097,0.6422296762466431,-0.849919319152832,-0.2818581461906433,0.46748194098472595,-0.8319579362869263,0.039580874145030975,0.6403918266296387,-1.0211015939712524,-0.10752160847187042,0.6266452074050903,-0.9318659901618958,-0.24171601235866547,0.5478357672691345,-0.8304592370986938,-0.3091917634010315,0.2878727316856384,-0.9576603770256042,-0.003974121995270252,0.47514018416404724,-1.326781153678894,-0.07017697393894196,0.5874443054199219,-1.5675692558288574,-0.14467740058898926,0.6786125302314758,-1.790443778038025,-0.19880574941635132,0.07753483206033707,-0.9985944628715515,-0.08639056980609894,0.1573251634836197,-1.4188026189804077,-0.1846396028995514,0.2151876538991928,-1.6850402355194092,-0.2815646827220917,0.2774186432361603,-1.9000777006149292,-0.34131771326065063,-0.1437765210866928,-0.9516895413398743,-0.1795843094587326,-0.20624485611915588,-1.280473232269287,-0.26725906133651733,-0.2460598349571228,-1.4982284307479858,-0.31096261739730835,-0.27095526456832886,-1.6878834962844849,-0.33975720405578613
0.0,0.0,0.0,0.32252058386802673,-0.11404936760663986,-0.12375213950872421,0.6008867621421814,-0.3805380165576935,-0.19209031760692596,0.7084082365036011,-0.6486513018608093,-0.2687525153160095,0.6069014668464661,-0.8432168960571289,-0.33237385749816895,0.4667186141014099,-0.8333957195281982,-0.0319770872592926,0.5980193614959717,-1.067518949508667,-0.20831024646759033,0.5551342368125916,-0.9247755408287048,-0.3538591265678406,0.46885040402412415,-0.7628235220909119,-0.4210369884967804,0.2769047021865845,-0.9592500329017639,-0.0562419630587101,0.4265817105770111,-1.3273111581802368,-0.12684549391269684,0.511965811252594,-1.5576415061950684,-0.19776979088783264,0.5837751030921936,-1.7887506484985352,-0.24997492134571075,0.05874759703874588,-0.9908768534660339,-0.12015895545482635,0.11093190312385559,-1.3960736989974976,-0.21309301257133484,0.1514427214860916,-1.6574182510375977,-0.30338847637176514,0.19738440215587616,-1.8872824907302856,-0.3609156310558319,-0.1703902781009674,-0.9288948774337769,-0.19783957302570343,-0.25887152552604675,-1.2455579042434692,-0.28233975172042847,-0.31354862451553345,-1.4598138332366943,-0.3226211965084076,-0.35343921184539795,-1.652241826057434,-0.34700146317481995
0.0,0.0,0.0,0.3228951394557953,-0.1157844066619873,-0.10880544036626816,0.6071126461029053,-0.3850325345993042,-0.17036588490009308,0.7228140234947205,-0.6507089138031006,-0.24334628880023956,0.5948287844657898,-0.8352252244949341,-0.30606013536453247,0.47026243805885315,-0.8321882486343384,-0.015840303152799606,0.6098612546920776,-1.0606764554977417,-0.1858588606119156,0.5917975902557373,-0.9281796813011169,-0.3306148946285248,0.5245808362960815,-0.7830535769462585,-0.400578111410141,0.2871095836162567,-0.9567008018493652,-0.047870200127363205,0.44142353534698486,-1.317047119140625,-0.11940645426511765,0.5330139398574829,-1.5411512851715088,-0.19493688642978668,0.6063533425331116,-1.761513590812683,-0.2508885860443115,0.07600732147693634,-0.9876094460487366,-0.11798415333032608,0.13209185004234314,-1.388796329498291,-0.2112433910369873,0.1789412796497345,-1.649043083190918,-0.3048781752586365,0.23094606399536133,-1.877218246459961,-0.365558385848999,-0.14454130828380585,-0.9267871379852295,-0.20081594586372375,-0.22972145676612854,-1.2399382591247559,-0.2848879098892212,-0.2828069031238556,-1.4529167413711548,-0.3285125195980072,-0.3182481825351715,-1.6466392278671265,-0.35699841380119324
0.0,0.0,0.0,0.33442971110343933,-0.13394106924533844,-0.09938761591911316,0.6120332479476929,-0.38831791281700134,-0.15580494701862335,0.7088455557823181,-0.639719545841217,-0.22646930813789368,0.6213343739509583,-0.8306666612625122,-0.28876250982284546,0.46203434467315674,-0.8390258550643921,-0.004198849201202393,0.6036690473556519,-1.053348183631897,-0.16315330564975739,0.6129113435745239,-0.9568250179290771,-0.30023008584976196,0.5733019709587097,-0.8373823761940002,-0.36778390407562256,0.2804890275001526,-0.9588596820831299,-0.04375018551945686,0.4381764829158783,-1.3244946002960205,-0.12082245200872421,0.5391286611557007,-1.5495167970657349,-0.19964052736759186,0.6241344213485718,-1.7600942850112915,-0.25529298186302185,0.06629806756973267,-0.9881669878959656,-0.1197674423456192,0.12363539636135101,-1.395780324935913,-0.22289493680000305,0.17505720257759094,-1.6604002714157104,-0.3233276307582855,0.23586136102676392,-1.8869178295135498,-0.38525819778442383,-0.15990418195724487,-0.9269275665283203,-0.20665745437145233,-0.24267412722110748,-1.2574365139007568,-0.2980084717273712,-0.29411494731903076,-1.47864830493927,-0.3451245427131653,-0.3267136216163635,-1.6770139932632446,-0.37473949790000916
0.0,0.0,0.0,0.33521851897239685,-0.12021441757678986,-0.10340889543294907,0.6280239820480347,-0.3776698410511017,-0.15748460590839386,0.7359759211540222,-0.6426380276679993,-0.22037863731384277,0.6094575524330139,-0.8262128233909607,-0.27584293484687805,0.4748779237270355,-0.8294004797935486,-0.01617426611483097,0.6357172727584839,-1.037974238395691,-0.15688307583332062,0.6479251384735107,-0.9453743100166321,-0.28001290559768677,0.6121426224708557,-0.8398240208625793,-0.3436056673526764,0.2958832383155823,-0.9538775682449341,-0.050701964646577835,0.4796907603740692,-1.3084913492202759,-0.11624611169099808,0.5931000709533691,-1.5282886028289795,-0.18723097443580627,0.690228283405304,-1.7307523488998413,-0.2397654950618744,0.08025041967630386,-0.9843471050262451,-0.11990354210138321,0.1508021354675293,-1.3887510299682617,-0.21995864808559418,0.20548292994499207,-1.6541509628295898,-0.326561838388443,0.2715921998023987,-1.8760069608688354,-0.39467012882232666,-0.14714689552783966,-0.9226258993148804,-0.19865316152572632,-0.24769636988639832,-1.2443714141845703,-0.2960302531719208,-0.31445053219795227,-1.4604352712631226,-0.3530785143375397,-0.356529176235199,-1.6548508405685425,-0.39080309867858887
0.0,0.0,0.0,0.3428893983364105,-0.11345087736845016,-0.09444978088140488,0.6423133611679077,-0.37114429473876953,-0.1459086388349533,0.7615403532981873,-0.6308994293212891,-0.2096269428730011,0.6257920265197754,-0.802002489566803,-0.26633915305137634,0.49352678656578064,-0.8175226449966431,-0.011277500540018082,0.6493958830833435,-1.0281563997268677,-0.1629566103219986,0.6517479419708252,-0.9115983247756958,-0.29423803091049194,0.6090719699859619,-0.783897876739502,-0.36034223437309265,0.32018646597862244,-0.9460232257843018,-0.050206296145915985,0.5060092210769653,-1.2889801263809204,-0.11931758373975754,0.6266074776649475,-1.5017744302749634,-0.1930069625377655,0.7344096302986145,-1.7041980028152466,-0.24759511649608612,0.10603012889623642,-0.9835127592086792,-0.1239171251654625,0.18310530483722687,-1.3878170251846313,-0.22443857789039612,0.2392679899930954,-1.6527423858642578,-0.3300035893917084,0.30777832865715027,-1.8758506774902344,-0.3974091708660126,-0.12091700732707977,-0.9296478033065796,-0.2069479376077652,-0.21771357953548431,-1.257589340209961,-0.2994668781757355,-0.2806527316570282,-1.4730323553085327,-0.35196083784103394,-0.3190374970436096,-1.6644822359085083,-0.3869873285293579
0.0,0.0,0.0,0.34608498215675354,-0.11413842439651489,-0.0990508571267128,0.644733190536499,-0.37700173258781433,-0.1599258929491043,0.787912905216217,-0.6530410647392273,-0.23524755239486694,0.6456220149993896,-0.8534343242645264,-0.3016001582145691,0.46550098061561584,-0.8310917615890503,-0.002082507126033306,0.6263372302055359,-1.0722202062606812,-0.167173370718956,0.6524078845977783,-0.9534428715705872,-0.30627670884132385,0.618694543838501,-0.8043982982635498,-0.36941686272621155,0.2982855439186096,-0.9537489414215088,-0.03726590797305107,0.48499205708503723,-1.308670997619629,-0.10521642863750458,0.6201796531677246,-1.5173360109329224,-0.17401202023029327,0.733944833278656,-1.7138210535049438,-0.2220751792192459,0.0933089479804039,-0.9901185035705566,-0.1103992834687233,0.16550800204277039,-1.396246075630188,-0.20367474853992462,0.22838591039180756,-1.6610050201416016,-0.29665040969848633,0.29434627294540405,-1.8795052766799927,-0.3543517291545868,-0.12928244471549988,-0.9378719329833984,-0.19500981271266937,-0.20817866921424866,-1.2687145471572876,-0.27588409185409546,-0.26083195209503174,-1.4864075183868408,-0.31722360849380493,-0.2963995635509491,-1.6779652833938599,-0.34364786744117737
0.0,0.0,0.0,0.3470698595046997,-0.12470297515392303,-0.07442271709442139,0.6337418556213379,-0.3798868954181671,-0.12025078386068344,0.7741788029670715,-0.6299076676368713,-0.1842784583568573,0.6701253652572632,-0.8161237239837646,-0.23892593383789062,0.44129446148872375,-0.855750322341919,0.015869660302996635,0.6123014092445374,-1.1537649631500244,-0.1467524766921997,0.7132245302200317,-1.065270185470581,-0.2838599979877472,0.7516288757324219,-0.9087015986442566,-0.34585198760032654,0.282096266746521,-0.9589848518371582,-0.027742400765419006,0.4658547043800354,-1.326123833656311,-0.10346745699644089,0.6094038486480713,-1.5349018573760986,-0.18324528634548187,0.7208587527275085,-1.7180167436599731,-0.23750799894332886,0.08497671782970428,-0.9859192371368408,-0.10604588687419891,0.14948917925357819,-1.395739197731018,-0.1961042881011963,0.21443434059619904,-1.6602027416229248,-0.2871869206428528,0.2796766757965088,-1.8753437995910645,-0.3432164788246155,-0.1360703706741333,-0.9336273670196533,-0.19472408294677734,-0.20542152225971222,-1.2602505683898926,-0.2675890326499939,-0.25269994139671326,-1.4836064577102661,-0.3050265908241272,-0.28236687183380127,-1.6805905103683472,-0.3283996880054474
0.0,0.0,0.0,0.3383341133594513,-0.1308201253414154,-0.07631489634513855,0.6259780526161194,-0.38359734416007996,-0.13248011469841003,0.7710096836090088,-0.6416087746620178,-0.20844799280166626,0.6441814303398132,-0.8335179090499878,-0.2762797772884369,0.44320690631866455,-0.8462153077125549,0.019410274922847748,0.6092007160186768,-1.1072801351547241,-0.14285844564437866,0.6947155594825745,-1.0128737688064575,-0.2805018723011017,0.7154455184936523,-0.8672492504119873,-0.34635084867477417,0.2888646125793457,-0.956935703754425,-0.028832506388425827,0.4737825393676758,-1.3131332397460938,-0.1038716733455658,0.6083382964134216,-1.5211254358291626,-0.1824762374162674,0.7157859206199646,-1.7179661989212036,-0.23767198622226715,0.10050338506698608,-0.9847946166992188,-0.11256738752126694,0.16792142391204834,-1.3883225917816162,-0.20612764358520508,0.22724765539169312,-1.6485048532485962,-0.29717889428138733,0.2862516939640045,-1.8640729188919067,-0.3552819490432739,-0.1054394543170929,-0.9299460053443909,-0.20701535046100616,-0.17814993858337402,-1.2407387495040894,-0.28755059838294983,-0.22443698346614838,-1.4598469734191895,-0.32975101470947266,-0.25268885493278503,-1.652245044708252,-0.3578108251094818
0.0,0.0,0.0,0.3342589735984802,-0.12984344363212585,-0.08649954199790955,0.64200758934021,-0.37232327461242676,-0.14899557828903198,0.7959744930267334,-0.6276186108589172,-0.22884255647659302,0.6584213972091675,-0.8193113207817078,-0.3012460768222809,0.460670530796051,-0.8394755721092224,-0.007854416966438293,0.6403847336769104,-1.0919151306152344,-0.17702792584896088,0.699982225894928,-0.985966145992279,-0.31952714920043945,0.6916307210922241,-0.8530160784721375,-0.38933393359184265,0.29591134190559387,-0.9536535143852234,-0.05460330843925476,0.47768452763557434,-1.3138540983200073,-0.1357322484254837,0.6059640049934387,-1.5269858837127686,-0.21793770790100098,0.7052080631256104,-1.728712558746338,-0.27734172344207764,0.09818814694881439,-0.9781681299209595,-0.13627472519874573,0.16641731560230255,-1.3851380348205566,-0.23221193253993988,0.2231196165084839,-1.6456353664398193,-0.3239763379096985,0.282377153635025,-1.867799162864685,-0.38441911339759827,-0.11359192430973053,-0.9158068895339966,-0.22936415672302246,-0.182296484708786,-1.228304147720337,-0.31181156635284424,-0.2296600639820099,-1.4385850429534912,-0.3538697063922882,-0.2607465088367462,-1.6274608373641968,-0.38259264826774597
0.0,0.0,0.0,0.3413392901420593,-0.1320396512746811,-0.09753753989934921,0.6315919160842896,-0.3793177902698517,-0.1644735187292099,0.7551587224006653,-0.645344078540802,-0.24670767784118652,0.6073567271232605,-0.833885133266449,-0.3220968246459961,0.4559638798236847,-0.8305523991584778,-0.022066380828619003,0.6179372668266296,-1.0694423913955688,-0.19365738332271576,0.6359381675720215,-0.9629343748092651,-0.33855342864990234,0.5957885980606079,-0.8364003896713257,-0.4099544584751129,0.27710744738578796,-0.9586914777755737,-0.06420322507619858,0.4535509943962097,-1.3388707637786865,-0.14729945361614227,0.5751149654388428,-1.5811611413955688,-0.22879499197006226,0.6715442538261414,-1.8070160150527954,-0.28730061650276184,0.066655732691288,-0.9893675446510315,-0.14159125089645386,0.10987734794616699,-1.4249383211135864,-0.24653752148151398,0.15304028987884521,-1.7001774311065674,-0.34725382924079895,0.20793993771076202,-1.928370475769043,-0.41098839044570923,-0.15150129795074463,-0.9222317337989807,-0.2297287881374359,-0.25196003913879395,-1.247229814529419,-0.32253769040107727,-0.313900351524353,-1.4617663621902466,-0.3707515299320221,-0.3563835918903351,-1.6492265462875366,-0.40183278918266296
0.0,0.0,0.0,0.34997591376304626,-0.10697321593761444,-0.10557257384061813,0.6323476433753967,-0.3747299611568451,-0.1647036075592041,0.7491083145141602,-0.6477063298225403,-0.23404459655284882,0.6211636662483215,-0.8237589597702026,-0.2949891984462738,0.45719829201698303,-0.8277732133865356,-0.04205671697854996,0.6154477000236511,-1.0734350681304932,-0.2095232754945755,0.6349300742149353,-0.9586182236671448,-0.34919995069503784,0.5987984538078308,-0.8239531517028809,-0.418048620223999,0.27691322565078735,-0.9580597281455994,-0.07376010715961456,0.4472838342189789,-1.334781289100647,-0.15490077435970306,0.5659376978874207,-1.5654499530792236,-0.2325098216533661,0.6591377854347229,-1.7806476354599,-0.2883549928665161,0.06537286192178726,-0.9906826615333557,-0.13948789238929749,0.10957209020853043,-1.4102061986923218,-0.24024973809719086,0.15601074695587158,-1.6787728071212769,-0.3381018042564392,0.2106311023235321,-1.9090765714645386,-0.40088358521461487,-0.1506788432598114,-0.9289019703865051,-0.2162155956029892,-0.24730712175369263,-1.242897391319275,-0.3058874309062958,-0.30708828568458557,-1.4556258916854858,-0.3534937798976898,-0.34874066710472107,-1.6457778215408325,-0.38471075892448425
0.0,0.0,0.0,0.3435516655445099,-0.11374469846487045,-0.10070430487394333,0.6271722912788391,-0.37074053287506104,-0.16454902291297913,0.7521754503250122,-0.6371285319328308,-0.24106726050376892,0.61403888463974,-0.8049823641777039,-0.3115551471710205,0.4559074938297272,-0.8280174732208252,-0.03583227097988129,0.6130754947662354,-1.0648308992385864,-0.20793265104293823,0.6027698516845703,-0.9635776281356812,-0.3550334870815277,0.5359403491020203,-0.8374173045158386,-0.42856645584106445,0.26827964186668396,-0.9605044722557068,-0.07387346029281616,0.44548913836479187,-1.3353980779647827,-0.15480098128318787,0.5637743473052979,-1.5753295421600342,-0.23269738256931305,0.6564427614212036,-1.8040462732315063,-0.2887974679470062,0.04878285527229309,-0.9941081404685974,-0.14626874029636383,0.0993613675236702,-1.4193674325942993,-0.24801254272460938,0.14525863528251648,-1.694417953491211,-0.3455338776111603,0.19945618510246277,-1.9321353435516357,-0.4081168472766876,-0.17612741887569427,-0.9279617667198181,-0.2293735146522522,-0.27381908893585205,-1.2430185079574585,-0.32189124822616577,-0.3355887234210968,-1.4559686183929443,-0.3665473461151123,-0.3809107542037964,-1.6460750102996826,-0.3949677348136902
0.0,0.0,0.0,0.34019461274147034,-0.11702423542737961,-0.10393203794956207,0.6265286207199097,-0.3730800747871399,-0.176020085811615,0.7561923265457153,-0.6414583921432495,-0.26146385073661804,0.5967608690261841,-0.7939823269844055,-0.33866024017333984,0.447553426027298,-0.8382623195648193,-0.03885276988148689,0.6099527478218079,-1.078721046447754,-0.21287740767002106,0.607018232345581,-0.9655715823173523,-0.35382336378097534,0.5426011681556702,-0.8255581259727478,-0.420196533203125,0.2572283446788788,-0.9633498787879944,-0.07609522342681885,0.4255256652832031,-1.3335515260696411,-0.15585096180438995,0.5431597828865051,-1.566728949546814,-0.2224084436893463,0.6372818946838379,-1.7967959642410278,-0.2677117884159088,0.04137778654694557,-0.9894915819168091,-0.1491798758506775,0.08031619340181351,-1.4179664850234985,-0.24884536862373352,0.12061988562345505,-1.6927152872085571,-0.3387364447116852,0.1703648716211319,-1.9294216632843018,-0.3950808346271515,-0.17531143128871918,-0.9152437448501587,-0.2337651401758194,-0.2788280248641968,-1.2233141660690308,-0.32390737533569336,-0.3426702916622162,-1.4346201419830322,-0.36744362115859985,-0.38803964853286743,-1.6222572326660156,-0.39400753378868103
0.0,0.0,0.0,0.3511148691177368,-0.11450783908367157,-0.10074437409639359,0.6436363458633423,-0.37148526310920715,-0.16104158759117126,0.7643316388130188,-0.6367776989936829,-0.23202911019325256,0.6104875802993774,-0.7960451245307922,-0.2938769459724426,0.46227824687957764,-0.8288520574569702,-0.03399928659200668,0.6363425254821777,-1.0708248615264893,-0.2074250876903534,0.6438606977462769,-0.9443773031234741,-0.3547613024711609,0.5907031893730164,-0.8047076463699341,-0.4269731640815735,0.2758779525756836,-0.9588653445243835,-0.06684716790914536,0.44657012820243835,-1.3310481309890747,-0.1478460282087326,0.5698369741439819,-1.5578749179840088,-0.22755669057369232,0.6633151769638062,-1.771082878112793,-0.2841661870479584,0.059179410338401794,-0.9908273220062256,-0.13375850021839142,0.10662675648927689,-1.4047070741653442,-0.2298951894044876,0.1552640199661255,-1.6684033870697021,-0.32504621148109436,0.21127398312091827,-1.899407982826233,-0.385893851518631,-0.16014185547828674,-0.924867570400238,-0.2116081416606903,-0.25357764959335327,-1.2255604267120361,-0.2947300970554352,-0.3093213140964508,-1.4328033924102783,-0.3371654152870178,-0.34722477197647095,-1.6217597723007202,-0.3641601502895355
0.0,0.0,0.0,0.3492755591869354,-0.11345475912094116,-0.08961518108844757,0.6291544437408447,-0.3530546724796295,-0.15152248740196228,0.7615485191345215,-0.5981736183166504,-0.22925810515880585,0.661361575126648,-0.7840204238891602,-0.2980313003063202,0.46208280324935913,-0.8254213333129883,-0.025807682424783707,0.6360174417495728,-1.0702162981033325,-0.20897355675697327,0.659309446811676,-0.9519662261009216,-0.36098864674568176,0.6195171475410461,-0.805841326713562,-0.4331926703453064,0.2802734971046448,-0.9575818777084351,-0.06696018576622009,0.45374545454978943,-1.327849268913269,-0.15925456583499908,0.5885953307151794,-1.5599726438522339,-0.2420661598443985,0.6936378479003906,-1.7787996530532837,-0.2971324324607849,0.06617432087659836,-0.9920102953910828,-0.14258180558681488,0.11499574780464172,-1.4199918508529663,-0.24773916602134705,0.16577108204364777,-1.6910998821258545,-0.3428092300891876,0.22587615251541138,-1.9249435663223267,-0.40022969245910645,-0.14876998960971832,-0.9248150587081909,-0.22827818989753723,-0.243296816945076,-1.233822226524353,-0.31820473074913025,-0.29748696088790894,-1.4471970796585083,-0.3606721758842468,-0.3321540057659149,-1.6364400386810303,-0.3844146132469177
0.0,0.0,0.0,0.33564072847366333,-0.11984283477067947,-0.10054320842027664,0.6113807559013367,-0.33218881487846375,-0.17836755514144897,0.7177001237869263,-0.5532668232917786,-0.2706255614757538,0.6374742984771729,-0.7534764409065247,-0.3540809154510498,0.4527977406978607,-0.8209670782089233,-0.03877967968583107,0.6541635394096375,-1.010501503944397,-0.24634592235088348,0.6792091727256775,-0.8643474578857422,-0.420728862285614,0.6316031217575073,-0.7011634111404419,-0.5033022165298462,0.2803387939929962,-0.9562810063362122,-0.08328799158334732,0.4713309407234192,-1.3186622858047485,-0.1895219385623932,0.6109649538993835,-1.5439797639846802,-0.2836928367614746,0.7201647162437439,-1.7524632215499878,-0.3449470102787018,0.06802122294902802,-0.9900648593902588,-0.1644992083311081,0.135525181889534,-1.409031867980957,-0.2826903760433197,0.19500625133514404,-1.6783561706542969,-0.3845037817955017,0.2637002766132355,-1.9126449823379517,-0.4435393214225769,-0.1510017216205597,-0.91754150390625,-0.2559250295162201,-0.23625512421131134,-1.2281622886657715,-0.34994566440582275,-0.28567588329315186,-1.4382604360580444,-0.3875487446784973,-0.31614750623703003,-1.6264842748641968,-0.4060818552970886
0.0,0.0,0.0,0.34017518162727356,-0.09465023875236511,-0.10826201736927032,0.6430301666259766,-0.3152448236942291,-0.1824265718460083,0.728958785533905,-0.5412706732749939,-0.26745209097862244,0.5463718175888062,-0.6849284768104553,-0.3411734700202942,0.49592164158821106,-0.8089447021484375,-0.04543149843811989,0.6868772506713867,-0.9928473234176636,-0.24670542776584625,0.6492750644683838,-0.8227783441543579,-0.41489869356155396,0.5466772317886353,-0.656866729259491,-0.49621397256851196,0.3137213885784149,-0.9460030794143677,-0.08159133791923523,0.49960607290267944,-1.2668763399124146,-0.17891016602516174,0.6374722123146057,-1.4753488302230835,-0.2639574110507965,0.7494823336601257,-1.6842893362045288,-0.3216584622859955,0.09540282189846039,-0.979215145111084,-0.1549687385559082,0.15191465616226196,-1.3829776048660278,-0.2654019892215729,0.2047397494316101,-1.6361660957336426,-0.36498191952705383,0.2704299986362457,-1.8683605194091797,-0.4258498549461365,-0.1302899718284607,-0.903648316860199,-0.2394159883260727,-0.23515307903289795,-1.1926759481430054,-0.3273605406284332,-0.2938907742500305,-1.3895398378372192,-0.3680117130279541,-0.332644522190094,-1.5754908323287964,-0.3918164074420929
0.0,0.0,0.0,0.3295806348323822,-0.10820235311985016,-0.1055985763669014,0.628354012966156,-0.3289700448513031,-0.1822187602519989,0.7370424270629883,-0.5567291975021362,-0.2712993323802948,0.5664564967155457,-0.7090561389923096,-0.3483036756515503,0.4908117949962616,-0.8225232362747192,-0.036082811653614044,0.655707597732544,-1.027531623840332,-0.23052237927913666,0.6206290125846863,-0.8588554263114929,-0.3908618986606598,0.5358256697654724,-0.6879515647888184,-0.46640315651893616,0.304396390914917,-0.9496751427650452,-0.07389085739850998,0.47941848635673523,-1.2822508811950684,-0.1647806167602539,0.618297278881073,-1.4849234819412231,-0.24192723631858826,0.7392406463623047,-1.69514000415802,-0.2942877411842346,0.08131541311740875,-0.9797863960266113,-0.1495032161474228,0.14966313540935516,-1.3860806226730347,-0.25353485345840454,0.21373377740383148,-1.63902747631073,-0.34559276700019836,0.2925276458263397,-1.8712877035140991,-0.40241560339927673,-0.150812029838562,-0.9072443246841431,-0.23671521246433258,-0.2508377730846405,-1.2053778171539307,-0.3211788535118103,-0.3102850615978241,-1.406996488571167,-0.35848259925842285,-0.3469579219818115,-1.5962491035461426,-0.3803064823150635
0.0,0.0,0.0,0.33147674798965454,-0.11099141091108322,-0.09603319317102432,0.6262365579605103,-0.3291870057582855,-0.16620993614196777,0.7203676104545593,-0.5496156811714172,-0.24935410916805267,0.5891938209533691,-0.7033860087394714,-0.32395145297050476,0.4908491373062134,-0.8156594634056091,-0.04508025571703911,0.662346601486206,-1.029582142829895,-0.23348478972911835,0.6502537131309509,-0.8799506425857544,-0.38923898339271545,0.5809260010719299,-0.7182189226150513,-0.46322935819625854,0.3039754331111908,-0.9486539959907532,-0.08749010413885117,0.489398717880249,-1.302248239517212,-0.17650911211967468,0.6102532744407654,-1.5157651901245117,-0.2595299482345581,0.7052409648895264,-1.722367286682129,-0.31749236583709717,0.07954743504524231,-0.9846341609954834,-0.16425393521785736,0.15102024376392365,-1.392950415611267,-0.269489049911499,0.20898368954658508,-1.6535903215408325,-0.3732057213783264,0.2757374942302704,-1.8850208520889282,-0.4388886094093323,-0.15384502708911896,-0.9208975434303284,-0.25025859475135803,-0.25885704159736633,-1.2278395891189575,-0.3387649953365326,-0.3242645859718323,-1.4324384927749634,-0.38289982080459595,-0.36740174889564514,-1.621573567390442,-0.4101540744304657
0.0,0.0,0.0,0.34061139822006226,-0.08896197378635406,-0.12035826593637466,0.6412991881370544,-0.3216633200645447,-0.1971893012523651,0.7540764212608337,-0.5821452736854553,-0.2822061777114868,0.5971932411193848,-0.7609730958938599,-0.3564750552177429,0.524781346321106,-0.7895894050598145,-0.054751429706811905,0.6866185665130615,-1.0067859888076782,-0.24076460301876068,0.6202729940414429,-0.8686679601669312,-0.39108192920684814,0.50565505027771,-0.7159925699234009,-0.4613897204399109,0.33678746223449707,-0.9379810094833374,-0.08225437253713608,0.5222777724266052,-1.295283317565918,-0.16327859461307526,0.6321132779121399,-1.523975133895874,-0.2358110398054123,0.7224588394165039,-1.7545440196990967,-0.2876373827457428,0.11436828970909119,-0.9888342618942261,-0.14682283997535706,0.18321770429611206,-1.3953793048858643,-0.2495606690645218,0.23553809523582458,-1.656203269958496,-0.3456370234489441,0.2918437123298645,-1.8851089477539062,-0.4064271152019501,-0.12064686417579651,-0.9399005174636841,-0.22318744659423828,-0.22082483768463135,-1.2473626136779785,-0.3154807388782501,-0.2853298783302307,-1.4551324844360352,-0.3602196276187897,-0.33315664529800415,-1.6435037851333618,-0.3871541917324066
0.0,0.0,0.0,0.3382788300514221,-0.0877259150147438,-0.1172100305557251,0.6097801327705383,-0.3182620704174042,-0.1945820152759552,0.7138935327529907,-0.5875532627105713,-0.2860971689224243,0.5678465366363525,-0.7908650636672974,-0.3676639497280121,0.4860498905181885,-0.805284321308136,-0.02667849510908127,0.6764885187149048,-1.0065521001815796,-0.19598016142845154,0.6777333617210388,-0.9132480621337891,-0.33067190647125244,0.6115179657936096,-0.8095566034317017,-0.3954565227031708,0.31924378871917725,-0.9458543062210083,-0.05867750942707062,0.5009925961494446,-1.3116952180862427,-0.14484691619873047,0.6216568946838379,-1.5374418497085571,-0.21275417506694794,0.7176046967506409,-1.7575219869613647,-0.2562180757522583,0.12804026901721954,-0.97890305519104,-0.12909972667694092,0.1458551436662674,-1.404238224029541,-0.24053660035133362,0.1670798510313034,-1.6680206060409546,-0.32789555191993713,0.19604693353176117,-1.8920329809188843,-0.37730538845062256,-0.06361088901758194,-0.9145950078964233,-0.21319542825222015,-0.104751817882061,-1.2322139739990234,-0.30939924716949463,-0.1309867799282074,-1.4460749626159668,-0.35572487115859985,-0.14922378957271576,-1.6340134143829346,-0.38286373019218445
0.0,0.0,0.0,0.3371647596359253,-0.09670698642730713,-0.11217930912971497,0.6077502369880676,-0.3357824981212616,-0.18217167258262634,0.6970602869987488,-0.6115323305130005,-0.2651671767234802,0.5422930717468262,-0.810221254825592,-0.3378447890281677,0.486719012260437,-0.8060752749443054,-0.018106549978256226,0.6812242865562439,-1.004653811454773,-0.18288342654705048,0.6776085495948792,-0.9117572903633118,-0.31871575117111206,0.6099909543991089,-0.8173012137413025,-0.3862799406051636,0.3152167499065399,-0.9476509690284729,-0.050951629877090454,0.4767296612262726,-1.314508318901062,-0.13571564853191376,0.5788640379905701,-1.5416300296783447,-0.21166643500328064,0.6531749367713928,-1.754453420639038,-0.262819766998291,0.12430939823389053,-0.9790613651275635,-0.12082226574420929,0.12978869676589966,-1.3966349363327026,-0.23105160892009735,0.1420426219701767,-1.6672192811965942,-0.32453033328056335,0.1567576825618744,-1.8965612649917603,-0.3798471689224243,-0.06399321556091309,-0.9156891703605652,-0.2033749222755432,-0.08297773450613022,-1.2382471561431885,-0.29441842436790466,-0.10319440066814423,-1.4453139305114746,-0.33868977427482605,-0.12266239523887634,-1.6236974000930786,-0.3663405179977417
0.0,0.0,0.0,0.3344477415084839,-0.0850997269153595,-0.12669578194618225,0.6216106414794922,-0.3372710347175598,-0.1942996233701706,0.7057586312294006,-0.6224117279052734,-0.2716625928878784,0.5432878732681274,-0.809456467628479,-0.3382761776447296,0.49455127120018005,-0.8039515018463135,-0.020755816251039505,0.677566409111023,-1.0047475099563599,-0.19005709886550903,0.6982253789901733,-0.8886879086494446,-0.328949898481369,0.6633527278900146,-0.7780528664588928,-0.39825716614723206,0.3254900574684143,-0.9443126320838928,-0.048269160091876984,0.481952041387558,-1.3140088319778442,-0.13778603076934814,0.5815175771713257,-1.5468826293945312,-0.22178128361701965,0.6599814295768738,-1.76776921749115,-0.2788844406604767,0.1332051306962967,-0.971760630607605,-0.11487310379743576,0.14978639781475067,-1.3863681554794312,-0.2313305139541626,0.1685539335012436,-1.6590746641159058,-0.3310799300670624,0.19222936034202576,-1.8916757106781006,-0.38999056816101074,-0.06140131130814552,-0.9089958071708679,-0.19558016955852509,-0.061241328716278076,-1.2311220169067383,-0.28887081146240234,-0.07556462287902832,-1.4409458637237549,-0.33546754717826843,-0.08671513199806213,-1.6269819736480713,-0.36570361256599426
0.0,0.0,0.0,0.3326798379421234,-0.0938117578625679,-0.1230463758111,0.6055928468704224,-0.34237655997276306,-0.18815977871418,0.6884311437606812,-0.6104779243469238,-0.26365435123443604,0.5511364340782166,-0.7974984645843506,-0.3312371075153351,0.4977724850177765,-0.8054331541061401,-0.022809429094195366,0.665302574634552,-1.0078940391540527,-0.1803024709224701,0.6907201409339905,-0.9306749105453491,-0.31181800365448,0.6623073816299438,-0.8396138548851013,-0.3776531517505646,0.3219798803329468,-0.945378303527832,-0.05088011920452118,0.4756028354167938,-1.320273995399475,-0.13367418944835663,0.5738676190376282,-1.5594621896743774,-0.21037878096103668,0.653163731098175,-1.7837257385253906,-0.2608639895915985,0.12311528623104095,-0.9747205972671509,-0.11618892848491669,0.1417079120874405,-1.3898524045944214,-0.22406388819217682,0.16349473595619202,-1.6628204584121704,-0.3158409893512726,0.19247594475746155,-1.8950456380844116,-0.3688289225101471,-0.0803900808095932,-0.9159253239631653,-0.1957121640443802,-0.08422453701496124,-1.2452253103256226,-0.2831938564777374,-0.09358870983123779,-1.4563095569610596,-0.3225795328617096,-0.09484416991472244,-1.6418087482452393,-0.3463279902935028
0.0,0.0,0.0,0.3336474895477295,-0.09606735408306122,-0.13516300916671753,0.6165629029273987,-0.3397034704685211,-0.2154926359653473,0.7024350166320801,-0.6206493377685547,-0.30515164136886597,0.5433853268623352,-0.8052648305892944,-0.3854130804538727,0.491213858127594,-0.8086428046226501,-0.042209379374980927,0.6773551106452942,-1.0082361698150635,-0.21621878445148468,0.69753098487854,-0.9092897176742554,-0.3543461561203003,0.6595313549041748,-0.8084313869476318,-0.4242546856403351,0.3210507333278656,-0.9445798993110657,-0.06852136552333832,0.49881452322006226,-1.305895447731018,-0.16314654052257538,0.6095995903015137,-1.5316826105117798,-0.2429468184709549,0.7005916833877563,-1.7578792572021484,-0.29635944962501526,0.12483787536621094,-0.9681938886642456,-0.13410314917564392,0.13848206400871277,-1.3840038776397705,-0.25804251432418823,0.15193821489810944,-1.6528522968292236,-0.3598468601703644,0.17528583109378815,-1.8855763673782349,-0.4198838174343109,-0.07291967421770096,-0.8953169584274292,-0.21401220560073853,-0.12004891037940979,-1.1995818614959717,-0.32252535223960876,-0.159144327044487,-1.4084490537643433,-0.37976157665252686,-0.19196976721286774,-1.597760796546936,-0.41557931900024414
0.0,0.0,0.0,0.32281234860420227,-0.09675963222980499,-0.1300095170736313,0.604726254940033,-0.3430112302303314,-0.20595002174377441,0.6939018964767456,-0.6174449324607849,-0.29142680764198303,0.5383837223052979,-0.8031062483787537,-0.36841723322868347,0.48520955443382263,-0.8075803518295288,-0.043317198753356934,0.6818355321884155,-1.0048017501831055,-0.21433039009571075,0.7133333086967468,-0.9055671691894531,-0.35102829337120056,0.6858108043670654,-0.8109168410301208,-0.4217616021633148,0.3217206299304962,-0.9440746307373047,-0.07224228978157043,0.49946707487106323,-1.304473876953125,-0.1694049835205078,0.6151393055915833,-1.531396746635437,-0.25298213958740234,0.7070203423500061,-1.7522672414779663,-0.3084920644760132,0.12874437868595123,-0.9648014307022095,-0.1388879269361496,0.14667969942092896,-1.3845771551132202,-0.2656373083591461,0.16346614062786102,-1.6480791568756104,-0.3726325035095215,0.19097906351089478,-1.879003643989563,-0.4363655149936676,-0.06399613618850708,-0.8873472213745117,-0.21856707334518433,-0.10832928121089935,-1.1753360033035278,-0.3317353129386902,-0.14642572402954102,-1.3743866682052612,-0.3933439254760742,-0.17725245654582977,-1.5593607425689697,-0.4321419298648834
0.0,0.0,0.0,0.33096957206726074,-0.09100250899791718,-0.132684588432312,0.6138197779655457,-0.33389943838119507,-0.20915314555168152,0.7070050239562988,-0.6095108389854431,-0.29424139857292175,0.5515815615653992,-0.7972541451454163,-0.36980509757995605,0.48102936148643494,-0.8135557770729065,-0.04776379093527794,0.6652961373329163,-1.0191442966461182,-0.2167150378227234,0.6774913668632507,-0.9100885987281799,-0.3510037958621979,0.6322140097618103,-0.8112388849258423,-0.42051973938941956,0.31341180205345154,-0.946617066860199,-0.07542601972818375,0.49089473485946655,-1.3073099851608276,-0.1707572042942047,0.6099497675895691,-1.5347741842269897,-0.2518930733203888,0.7051333785057068,-1.7573164701461792,-0.30644986033439636,0.11672604084014893,-0.963515043258667,-0.14114075899124146,0.12521637976169586,-1.383519172668457,-0.26731929183006287,0.1371927261352539,-1.6515982151031494,-0.3754054307937622,0.16350524127483368,-1.8856333494186401,-0.4403122067451477,-0.07906581461429596,-0.8811742067337036,-0.21990476548671722,-0.13643410801887512,-1.1726778745651245,-0.3344441056251526,-0.17748697102069855,-1.3765455484390259,-0.39784955978393555,-0.2086089551448822,-1.5644139051437378,-0.43811532855033875
0.0,0.0,0.0,0.3279570937156677,-0.0985257476568222,-0.13050208985805511,0.605876088142395,-0.3409308195114136,-0.21032796800136566,0.6988735795021057,-0.6182664632797241,-0.2994459271430969,0.5564506649971008,-0.8252140283584595,-0.3799305856227875,0.48203569650650024,-0.8132234811782837,-0.05010056495666504,0.6621313691139221,-1.0255333185195923,-0.21826286613941193,0.674618124961853,-0.9429217576980591,-0.3506350815296173,0.6298798322677612,-0.8540406823158264,-0.4183426797389984,0.31268611550331116,-0.9465455412864685,-0.07924004644155502,0.4921771287918091,-1.3110709190368652,-0.17320038378238678,0.6100465655326843,-1.5430868864059448,-0.2500816285610199,0.7054727673530579,-1.7695945501327515,-0.30147409439086914,0.11576217412948608,-0.9643458127975464,-0.1460900753736496,0.11915770918130875,-1.3825078010559082,-0.26933279633522034,0.1250932812690735,-1.6549714803695679,-0.37144970893859863,0.1471642553806305,-1.891675591468811,-0.43280142545700073,-0.08287303894758224,-0.8812059760093689,-0.22617970407009125,-0.1472765952348709,-1.1799018383026123,-0.33861005306243896,-0.19145680963993073,-1.3889939785003662,-0.3988586366176605,-0.22385305166244507,-1.5809884071350098,-0.4369339048862457
0.0,0.0,0.0,0.34329304099082947,-0.09648597985506058,-0.11765287816524506,0.6132299304008484,-0.34071052074432373,-0.18711425364017487,0.723260223865509,-0.6284383535385132,-0.26819732785224915,0.5969414114952087,-0.848609447479248,-0.34342679381370544,0.4931480586528778,-0.8060129284858704,-0.021472124382853508,0.67877197265625,-1.0237458944320679,-0.17131435871124268,0.7299099564552307,-0.9867620468139648,-0.29264360666275024,0.7199828624725342,-0.9222890138626099,-0.354056715965271,0.3288288712501526,-0.9430232644081116,-0.05078086256980896,0.5159654021263123,-1.3154337406158447,-0.12785691022872925,0.6385442614555359,-1.5514575242996216,-0.19291004538536072,0.736420214176178,-1.7786188125610352,-0.23530380427837372,0.13658328354358673,-0.9745445847511292,-0.11683554947376251,0.17424865067005157,-1.3930420875549316,-0.22451893985271454,0.2093796283006668,-1.6639678478240967,-0.31469258666038513,0.24964773654937744,-1.8916678428649902,-0.3679907023906708,-0.06384433805942535,-0.9099016189575195,-0.19587114453315735,-0.12298110127449036,-1.2100461721420288,-0.30000245571136475,-0.15884165465831757,-1.4212543964385986,-0.3543262183666229,-0.18444541096687317,-1.6060999631881714,-0.3871435225009918
0.0,0.0,0.0,0.3445613980293274,-0.09396059811115265,-0.10668911039829254,0.6241514682769775,-0.329802006483078,-0.16996267437934875,0.7438752055168152,-0.6016190648078918,-0.24485933780670166,0.6389327049255371,-0.8166067600250244,-0.3150666356086731,0.5016370415687561,-0.8036941289901733,-0.03359222784638405,0.7000033259391785,-1.047991156578064,-0.19014541804790497,0.7801881432533264,-1.0212688446044922,-0.31732693314552307,0.8000262975692749,-0.9449732899665833,-0.3813914954662323,0.3393838107585907,-0.9383165240287781,-0.06618759036064148,0.539249837398529,-1.3109519481658936,-0.1483995020389557,0.6756540536880493,-1.5441107749938965,-0.22164897620677948,0.7829163074493408,-1.7540779113769531,-0.27045536041259766,0.14579710364341736,-0.9725703001022339,-0.1320422738790512,0.205842062830925,-1.3970144987106323,-0.23612460494041443,0.2593575119972229,-1.66905677318573,-0.32731547951698303,0.31706881523132324,-1.8940788507461548,-0.3829500079154968,-0.05957479029893875,-0.910820484161377,-0.2098151445388794,-0.11552326381206512,-1.2188454866409302,-0.3095613121986389,-0.14870449900627136,-1.434990644454956,-0.3619556128978729,-0.16879791021347046,-1.6231660842895508,-0.39310723543167114
0.0,0.0,0.0,0.3454430401325226,-0.09539979696273804,-0.10965658724308014,0.618155300617218,-0.32726892828941345,-0.17751535773277283,0.7456631064414978,-0.5966368913650513,-0.2582913637161255,0.6516642570495605,-0.8232448697090149,-0.33296239376068115,0.5048090815544128,-0.799545407295227,-0.02763790264725685,0.6933544874191284,-1.039222002029419,-0.187851220369339,0.7474724054336548,-0.9942612648010254,-0.3180500864982605,0.740776777267456,-0.905235230922699,-0.38186192512512207,0.34309595823287964,-0.9374291300773621,-0.05926038697361946,0.5387749075889587,-1.3097522258758545,-0.1385742723941803,0.6743448376655579,-1.540192723274231,-0.20776236057281494,0.7838939428329468,-1.7537050247192383,-0.25384047627449036,0.1499381959438324,-0.9753897786140442,-0.1266520917415619,0.20718279480934143,-1.3958393335342407,-0.22915460169315338,0.26174676418304443,-1.6670515537261963,-0.31814348697662354,0.3201451897621155,-1.8923548460006714,-0.37230926752090454,-0.054484352469444275,-0.9182509183883667,-0.20668449997901917,-0.11260557174682617,-1.2257065773010254,-0.3055047392845154,-0.14402903616428375,-1.4422473907470703,-0.3565100431442261,-0.1637384444475174,-1.6302013397216797,-0.3867816925048828
0.0,0.0,0.0,0.3426521122455597,-0.09742555022239685,-0.11662483960390091,0.6156181693077087,-0.32910656929016113,-0.18683657050132751,0.7492820024490356,-0.6046892404556274,-0.2693282961845398,0.6629840731620789,-0.8419542908668518,-0.3465239703655243,0.5047332644462585,-0.8013468980789185,-0.020608868449926376,0.6909133791923523,-1.0388317108154297,-0.1765211671590805,0.7579318881034851,-1.0133616924285889,-0.3038783669471741,0.7644663453102112,-0.9305726289749146,-0.365878701210022,0.34452998638153076,-0.9374526143074036,-0.04981644079089165,0.5440843105316162,-1.3079924583435059,-0.12307091802358627,0.6760623455047607,-1.5396305322647095,-0.1891755312681198,0.7872543334960938,-1.7578011751174927,-0.2342161238193512,0.15265309810638428,-0.9783747792243958,-0.11651534587144852,0.23131650686264038,-1.38835608959198,-0.21574904024600983,0.30049651861190796,-1.659098744392395,-0.30474838614463806,0.36986327171325684,-1.88210129737854,-0.36010122299194336,-0.05820967257022858,-0.9296970963478088,-0.19675876200199127,-0.12154272943735123,-1.2371336221694946,-0.29584628343582153,-0.15767695009708405,-1.4600529670715332,-0.3489256799221039,-0.18106231093406677,-1.6523209810256958,-0.38133370876312256
0.0,0.0,0.0,0.3485231399536133,-0.09731565415859222,-0.10969866067171097,0.6314387321472168,-0.33650845289230347,-0.17316795885562897,0.7669055461883545,-0.6131276488304138,-0.24799644947052002,0.6625685095787048,-0.8418180346488953,-0.31886833906173706,0.5093099474906921,-0.8039053678512573,-0.018383119255304337,0.7043712735176086,-1.0447136163711548,-0.1721505969762802,0.772225558757782,-1.0131113529205322,-0.30080583691596985,0.7813934683799744,-0.9251864552497864,-0.3646593391895294,0.3511969745159149,-0.9349101781845093,-0.051025908440351486,0.5586819052696228,-1.3070588111877441,-0.12299736589193344,0.6916695237159729,-1.5367289781570435,-0.19541870057582855,0.8000274300575256,-1.746495246887207,-0.2477462738752365,0.15745475888252258,-0.9740554690361023,-0.11963003873825073,0.2617633044719696,-1.3737744092941284,-0.21850018203258514,0.3557899594306946,-1.6371753215789795,-0.3151392936706543,0.4426833391189575,-1.8530967235565186,-0.3781874179840088,-0.06064552441239357,-0.9291877150535583,-0.2002655416727066,-0.12233980745077133,-1.2393797636032104,-0.2997838258743286,-0.15620790421962738,-1.4650803804397583,-0.35649946331977844,-0.17667987942695618,-1.6644169092178345,-0.39370548725128174
0.0,0.0,0.0,0.3544270992279053,-0.10299224406480789,-0.10732340067625046,0.6346900463104248,-0.33276042342185974,-0.16744595766067505,0.7488203048706055,-0.614536464214325,-0.23786868155002594,0.6587074398994446,-0.8534709215164185,-0.3075934946537018,0.5200396776199341,-0.7996482253074646,-0.023216256871819496,0.7082480788230896,-1.0367233753204346,-0.1636645644903183,0.8182130455970764,-1.0567477941513062,-0.28097012639045715,0.8861750364303589,-1.0208401679992676,-0.34283512830734253,0.35867270827293396,-0.9317051768302917,-0.05726528912782669,0.566428005695343,-1.305463194847107,-0.13381104171276093,0.7049192190170288,-1.5446199178695679,-0.20751042664051056,0.8240461945533752,-1.7597178220748901,-0.2587783932685852,0.15764811635017395,-0.9749805927276611,-0.12395238876342773,0.2598513066768646,-1.3906506299972534,-0.22998200356960297,0.3502051830291748,-1.6628118753433228,-0.3277481496334076,0.4406162202358246,-1.8800991773605347,-0.3888184428215027,-0.07212326675653458,-0.9357966780662537,-0.2011730819940567,-0.13494953513145447,-1.2603137493133545,-0.30787137150764465,-0.16735726594924927,-1.4910520315170288,-0.36670050024986267,-0.18222375214099884,-1.6892606019973755,-0.40279725193977356
0.0,0.0,0.0,0.3774763345718384,-0.0903029665350914,-0.10823623836040497,0.6674456596374512,-0.33255326747894287,-0.1645287722349167,0.7928552627563477,-0.6099315881729126,-0.23242917656898499,0.6768085360527039,-0.8294653296470642,-0.2988264262676239,0.5351267457008362,-0.7869618535041809,-0.009837910532951355,0.7334537506103516,-0.9913182258605957,-0.15055930614471436,0.8046136498451233,-0.9671589136123657,-0.2720299959182739,0.8217847347259521,-0.9163158535957336,-0.33671703934669495,0.37179771065711975,-0.9272854924201965,-0.043681882321834564,0.5916248559951782,-1.296397089958191,-0.12039743363857269,0.7354177236557007,-1.5327197313308716,-0.19333723187446594,0.8527056574821472,-1.7463575601577759,-0.24288702011108398,0.16370786726474762,-0.9761072397232056,-0.11301147192716599,0.2634696960449219,-1.39822256565094,-0.22574999928474426,0.3455602526664734,-1.674568772315979,-0.3298887014389038,0.42584410309791565,-1.896666169166565,-0.39201653003692627,-0.06329911202192307,-0.939805269241333,-0.19238170981407166,-0.12258365005254745,-1.2699476480484009,-0.30401748418807983,-0.1553400754928589,-1.5014387369155884,-0.3654406666755676,-0.17329053580760956,-1.7012666463851929,-0.40312930941581726
0.0,0.0,0.0,0.3668062686920166,-0.11967094242572784,-0.12093902379274368,0.6472688913345337,-0.3831333816051483,-0.19873933494091034,0.7518855929374695,-0.6865450739860535,-0.29100939631462097,0.678596556186676,-0.9272295832633972,-0.3747105896472931,0.5186985731124878,-0.7978895902633667,-0.01222145278006792,0.6950400471687317,-1.0324252843856812,-0.19729100167751312,0.7072827219963074,-0.9709398746490479,-0.34103643894195557,0.6499646902084351,-0.8573279976844788,-0.4024227559566498,0.34757399559020996,-0.9367519617080688,-0.04108468070626259,0.5841667056083679,-1.3292561769485474,-0.12311960756778717,0.7304530739784241,-1.572178840637207,-0.18361689150333405,0.8556878566741943,-1.806230068206787,-0.21728183329105377,0.14195069670677185,-0.9904040098190308,-0.11289304494857788,0.22421057522296906,-1.4492161273956299,-0.2262987196445465,0.2981436848640442,-1.7288058996200562,-0.30943724513053894,0.3792361915111542,-1.9514203071594238,-0.35119202733039856,-0.08862584829330444,-0.9518409967422485,-0.19814392924308777,-0.16362212598323822,-1.3044887781143188,-0.2996964454650879,-0.19894635677337646,-1.5369441509246826,-0.33845773339271545,-0.21570876240730286,-1.7319881916046143,-0.3549780547618866
0.0,0.0,0.0,0.354847252368927,-0.0946282222867012,-0.13120995461940765,0.6184991598129272,-0.37839871644973755,-0.20341424643993378,0.7151171565055847,-0.6898999810218811,-0.28474316000938416,0.6417609453201294,-0.9230934977531433,-0.3564322292804718,0.5001131892204285,-0.8024963736534119,-0.03934270888566971,0.6852025389671326,-1.0468789339065552,-0.22005268931388855,0.692369818687439,-0.9550346732139587,-0.3611797094345093,0.6353480219841003,-0.8220301866531372,-0.42371466755867004,0.3310689628124237,-0.9416834115982056,-0.06021297350525856,0.5499361157417297,-1.3328590393066406,-0.13798317313194275,0.6848340034484863,-1.583750605583191,-0.2004632204771042,0.7958531975746155,-1.8253483772277832,-0.2406327873468399,0.1262291520833969,-0.9889845848083496,-0.12284641712903976,0.19697906076908112,-1.4371238946914673,-0.23138073086738586,0.25918546319007874,-1.7212175130844116,-0.3213343024253845,0.32463759183883667,-1.95164155960083,-0.3718615174293518,-0.09351558983325958,-0.9417620301246643,-0.19926613569259644,-0.18078213930130005,-1.284994125366211,-0.3019458055496216,-0.227288156747818,-1.5141983032226562,-0.3483825623989105,-0.25879785418510437,-1.7108696699142456,-0.37281113862991333
0.0,0.0,0.0,0.351809024810791,-0.0799027606844902,-0.15460723638534546,0.6110454201698303,-0.34268391132354736,-0.2398303598165512,0.7074652314186096,-0.6440879106521606,-0.33056262135505676,0.6255229115486145,-0.8921158909797668,-0.41064026951789856,0.5042166709899902,-0.7966353893280029,-0.07448996603488922,0.6686259508132935,-1.0616445541381836,-0.27591606974601746,0.6636987924575806,-0.9670295119285583,-0.4312005341053009,0.6053342223167419,-0.834650993347168,-0.5026419162750244,0.33287951350212097,-0.9387967586517334,-0.08861060440540314,0.528867244720459,-1.3395432233810425,-0.185611754655838,0.651252031326294,-1.5955380201339722,-0.26296836137771606,0.7543522715568542,-1.8469597101211548,-0.3144702911376953,0.12588541209697723,-0.9746911525726318,-0.1455332189798355,0.1778617948293686,-1.4080617427825928,-0.26591867208480835,0.22899723052978516,-1.69092857837677,-0.361792653799057,0.28756028413772583,-1.9342716932296753,-0.4171701967716217,-0.09312082827091217,-0.9140439629554749,-0.21835574507713318,-0.17147107422351837,-1.2445942163467407,-0.3292400538921356,-0.21759656071662903,-1.4720805883407593,-0.3815959393978119,-0.25369906425476074,-1.677108883857727,-0.4105903208255768
0.0,0.0,0.0,0.3431798219680786,-0.08039180934429169,-0.15690813958644867,0.6051298379898071,-0.3380625545978546,-0.2477366179227829,0.6994442343711853,-0.6340556740760803,-0.3442995846271515,0.6085424423217773,-0.8782029747962952,-0.4296438694000244,0.4992688298225403,-0.8006453514099121,-0.08768608421087265,0.6677036285400391,-1.0652190446853638,-0.29512110352516174,0.6563187837600708,-0.9647459387779236,-0.4508340358734131,0.5874348282814026,-0.8305380940437317,-0.5217382907867432,0.32687824964523315,-0.9395415186882019,-0.10204102843999863,0.52116858959198,-1.3289178609848022,-0.20501405000686646,0.6396855115890503,-1.5792744159698486,-0.2826843559741974,0.7362048625946045,-1.8292104005813599,-0.3335048258304596,0.1201338842511177,-0.969539225101471,-0.15884748101234436,0.16119509935379028,-1.4015604257583618,-0.2838864326477051,0.19640786945819855,-1.683280110359192,-0.38006725907325745,0.2400442659854889,-1.929958701133728,-0.43553420901298523,-0.0974281057715416,-0.899635910987854,-0.23145411908626556,-0.1790066808462143,-1.219376802444458,-0.3460249602794647,-0.22928960621356964,-1.4420841932296753,-0.40117451548576355,-0.27015259861946106,-1.6450376510620117,-0.43180176615715027
0.0,0.0,0.0,0.3430631756782532,-0.09779244661331177,-0.14231961965560913,0.5975735187530518,-0.3668311834335327,-0.22111551463603973,0.671435534954071,-0.6577675938606262,-0.3053850531578064,0.580071747303009,-0.8929471969604492,-0.3795575499534607,0.5041120052337646,-0.7987808585166931,-0.07403295487165451,0.6630808711051941,-1.0539907217025757,-0.2758398950099945,0.6465886831283569,-0.9600118398666382,-0.4335212707519531,0.579403817653656,-0.835591733455658,-0.507567822933197,0.3269914388656616,-0.940369188785553,-0.09371428191661835,0.5187004208564758,-1.3351562023162842,-0.19468863308429718,0.6316200494766235,-1.585249662399292,-0.2775557339191437,0.7216726541519165,-1.8280502557754517,-0.33180156350135803,0.11245271563529968,-0.9715868234634399,-0.15336653590202332,0.1439598798751831,-1.398584246635437,-0.27722206711769104,0.1752019077539444,-1.6835376024246216,-0.3777734935283661,0.2188989818096161,-1.9346325397491455,-0.4354085922241211,-0.11159145832061768,-0.9019020795822144,-0.22667334973812103,-0.2080586701631546,-1.227457046508789,-0.3370915651321411,-0.26784875988960266,-1.4493484497070312,-0.38773488998413086,-0.31533339619636536,-1.6520534753799438,-0.41508129239082336
0.0,0.0,0.0,0.3174521327018738,-0.1026497483253479,-0.16067227721214294,0.5531834363937378,-0.37519553303718567,-0.2512986958026886,0.6097003221511841,-0.6697768568992615,-0.34389957785606384,0.5121099352836609,-0.909002423286438,-0.4232383966445923,0.4798777401447296,-0.8142642378807068,-0.09214437007904053,0.6214386820793152,-1.062945008277893,-0.2992098331451416,0.5829306840896606,-0.9528617262840271,-0.45588555932044983,0.4960598349571228,-0.818397045135498,-0.5275197625160217,0.30773892998695374,-0.9457675218582153,-0.10402147471904755,0.48451459407806396,-1.3264071941375732,-0.2049279361963272,0.586036205291748,-1.573668122291565,-0.28392598032951355,0.6663900017738342,-1.8256782293319702,-0.33558347821235657,0.1000586524605751,-0.9676503539085388,-0.15788838267326355,0.11839891970157623,-1.3810173273086548,-0.28378745913505554,0.13399675488471985,-1.6565443277359009,-0.385235071182251,0.15937183797359467,-1.9077049493789673,-0.443501353263855,-0.1192278042435646,-0.8881638646125793,-0.22665435075759888,-0.22470034658908844,-1.1980955600738525,-0.34104788303375244,-0.29433611035346985,-1.4086834192276,-0.3952171504497528,-0.35471463203430176,-1.6041349172592163,-0.42422059178352356
0.0,0.0,0.0,0.31667348742485046,-0.10375767946243286,-0.1475778967142105,0.555995523929596,-0.37281182408332825,-0.23480123281478882,0.6136925220489502,-0.6705907583236694,-0.3263031542301178,0.4693317115306854,-0.8895650506019592,-0.40794244408607483,0.4771190583705902,-0.8190969824790955,-0.08310411125421524,0.6106051802635193,-1.061023473739624,-0.2746398448944092,0.5755077600479126,-0.9652238488197327,-0.420354962348938,0.4975420832633972,-0.8422238230705261,-0.48857226967811584,0.29863694310188293,-0.9487273097038269,-0.10359775274991989,0.46675434708595276,-1.3279833793640137,-0.1955784112215042,0.5568499565124512,-1.5778292417526245,-0.26980480551719666,0.6287619471549988,-1.8281570672988892,-0.319743812084198,0.08504363894462585,-0.9642689228057861,-0.16339074075222015,0.09217976778745651,-1.3734558820724487,-0.2840137779712677,0.09607523679733276,-1.6513445377349854,-0.3852231204509735,0.11277377605438232,-1.8989921808242798,-0.44568994641304016,-0.13987606763839722,-0.8778643608093262,-0.2367415875196457,-0.2530803978443146,-1.182387351989746,-0.3504832684993744,-0.32810524106025696,-1.390599250793457,-0.40622496604919434,-0.39297088980674744,-1.582077980041504,-0.43803703784942627
0.0,0.0,0.0,0.2986547648906708,-0.10577945411205292,-0.14378376305103302,0.5505841970443726,-0.34296995401382446,-0.23092220723628998,0.5881926417350769,-0.6027476787567139,-0.32316404581069946,0.48412567377090454,-0.8246079087257385,-0.40629643201828003,0.4887446463108063,-0.806290328502655,-0.0890684500336647,0.6434115171432495,-1.0226079225540161,-0.2860751748085022,0.6095507740974426,-0.9244838356971741,-0.4425398111343384,0.524436354637146,-0.8065192699432373,-0.5200808644294739,0.3067653775215149,-0.9446396827697754,-0.11640800535678864,0.47520342469215393,-1.3229222297668457,-0.2208707630634308,0.5697324275970459,-1.5721380710601807,-0.31311824917793274,0.6420131921768188,-1.8089395761489868,-0.3765164911746979,0.08744527399539948,-0.9623295068740845,-0.18084034323692322,0.09838088601827621,-1.3709832429885864,-0.3090910315513611,0.10431321710348129,-1.647915244102478,-0.4225088953971863,0.12725377082824707,-1.8997329473495483,-0.4921901822090149,-0.1404307335615158,-0.8741189241409302,-0.25784963369369507,-0.24837346374988556,-1.170847773551941,-0.3756267726421356,-0.3261016011238098,-1.3681399822235107,-0.4333564043045044,-0.39057162404060364,-1.5566670894622803,-0.466999351978302
0.0,0.0,0.0,0.29379040002822876,-0.10583970695734024,-0.15311367809772491,0.5413216948509216,-0.32822972536087036,-0.24790415167808533,0.5802332758903503,-0.5713750123977661,-0.346788227558136,0.4950624108314514,-0.7880849242210388,-0.43455609679222107,0.4729795455932617,-0.8120297193527222,-0.10207994282245636,0.625700831413269,-1.018499732017517,-0.3066014349460602,0.5939257740974426,-0.9007190465927124,-0.46743059158325195,0.5096229910850525,-0.7715038657188416,-0.5456655025482178,0.28946295380592346,-0.9485198855400085,-0.12853506207466125,0.4596588611602783,-1.3314563035964966,-0.23703376948833466,0.553416907787323,-1.5868282318115234,-0.3297927677631378,0.6270738244056702,-1.8312969207763672,-0.3919908404350281,0.0681648701429367,-0.9606473445892334,-0.1935729682445526,0.06930971145629883,-1.3737869262695312,-0.3280229866504669,0.06622311472892761,-1.6533188819885254,-0.4459548890590668,0.08639927953481674,-1.907065749168396,-0.5166653394699097,-0.16307313740253448,-0.8616562485694885,-0.27164626121520996,-0.29299187660217285,-1.1560605764389038,-0.39302927255630493,-0.3800719380378723,-1.3514515161514282,-0.4515542984008789,-0.44836464524269104,-1.5361647605895996,-0.48436373472213745
0.0,0.0,0.0,0.2733501195907593,-0.09550406038761139,-0.15990124642848969,0.5416557192802429,-0.29573771357536316,-0.2678123116493225,0.5893042087554932,-0.4873884916305542,-0.37671762704849243,0.48102349042892456,-0.6319140791893005,-0.47412529587745667,0.47623345255851746,-0.8166776299476624,-0.15075969696044922,0.6273780465126038,-0.9955874085426331,-0.37291911244392395,0.5715446472167969,-0.8313482403755188,-0.5447563529014587,0.46597620844841003,-0.6768233776092529,-0.6307939887046814,0.27128711342811584,-0.9450559020042419,-0.18240830302238464,0.4396129250526428,-1.3115218877792358,-0.31282466650009155,0.5284209847450256,-1.5626676082611084,-0.4184596538543701,0.5957710146903992,-1.805967926979065,-0.4891512989997864,0.03101486898958683,-0.9387497305870056,-0.2500489354133606,0.011520235799252987,-1.3594448566436768,-0.4042021930217743,-0.025120534002780914,-1.6307305097579956,-0.5402989387512207,-0.031680069863796234,-1.8896043300628662,-0.6230105757713318,-0.2098521888256073,-0.8118604421615601,-0.3289841115474701,-0.35191312432289124,-1.0885776281356812,-0.45797908306121826,-0.4613652229309082,-1.250516414642334,-0.5229783058166504,-0.5486188530921936,-1.4159506559371948,-0.5624828934669495
0.0,0.0,0.0,0.2698065936565399,-0.09361328929662704,-0.17696544528007507,0.5358055830001831,-0.2941853702068329,-0.2980758249759674,0.5769876837730408,-0.4865815341472626,-0.41650301218032837,0.4086291491985321,-0.5794729590415955,-0.523471474647522,0.4459303319454193,-0.8319017291069031,-0.17465943098068237,0.5864341855049133,-1.011709451675415,-0.4006158709526062,0.5262309312820435,-0.8332268595695496,-0.5730490684509277,0.4256709814071655,-0.6766082048416138,-0.662458062171936,0.23574286699295044,-0.9497231841087341,-0.206037238240242,0.39516910910606384,-1.3096020221710205,-0.3464283049106598,0.4714135229587555,-1.5532854795455933,-0.4588398039340973,0.5297078490257263,-1.7958672046661377,-0.5347107648849487,-0.009777547791600227,-0.9307148456573486,-0.2735661268234253,-0.051944196224212646,-1.351304054260254,-0.4431318938732147,-0.11247360706329346,-1.6208281517028809,-0.5923875570297241,-0.14062897861003876,-1.8820017576217651,-0.6831136345863342,-0.24966943264007568,-0.7888504266738892,-0.3521499037742615,-0.4143417179584503,-1.0563881397247314,-0.4935009181499481,-0.5513045787811279,-1.2021621465682983,-0.5673883557319641,-0.6709822416305542,-1.356779932975769,-0.6142780184745789
0.0,0.0,0.0,0.25244295597076416,-0.08992856740951538,-0.19010087847709656,0.4974554777145386,-0.24870380759239197,-0.33792033791542053,0.5615721344947815,-0.37419697642326355,-0.48211339116096497,0.4674909710884094,-0.4818993806838989,-0.6131671071052551,0.45273083448410034,-0.8265827298164368,-0.22416652739048004,0.5983588695526123,-0.9800028204917908,-0.47344475984573364,0.5317610502243042,-0.7772188782691956,-0.659399688243866,0.42173129320144653,-0.6098430156707764,-0.7555826902389526,0.23592253029346466,-0.9370096921920776,-0.25759127736091614,0.3918701112270355,-1.2885080575942993,-0.4244228005409241,0.47173699736595154,-1.524240255355835,-0.5495399832725525,0.5281735062599182,-1.7730177640914917,-0.6304600834846497,-0.021608226001262665,-0.9094951748847961,-0.3261573612689972,-0.08053149282932281,-1.3189568519592285,-0.5125110745429993,-0.1459563970565796,-1.576092004776001,-0.664513885974884,-0.17814743518829346,-1.8428723812103271,-0.7554818987846375,-0.27047282457351685,-0.7553008794784546,-0.4055465757846832,-0.44874775409698486,-1.002199649810791,-0.5561653971672058,-0.5927436351776123,-1.1301954984664917,-0.6262526512145996,-0.7114670276641846,-1.2759058475494385,-0.6679369211196899
0.0,0.0,0.0,0.26011112332344055,-0.07558565586805344,-0.20380675792694092,0.5233532786369324,-0.21959906816482544,-0.36371472477912903,0.5995346307754517,-0.33487600088119507,-0.5176466107368469,0.46250471472740173,-0.42598262429237366,-0.660007119178772,0.4657156467437744,-0.8259130120277405,-0.2444758117198944,0.615321695804596,-0.9594065546989441,-0.5007668733596802,0.5416728854179382,-0.742763340473175,-0.6924893856048584,0.42135757207870483,-0.5732696652412415,-0.7924594879150391,0.2415180653333664,-0.9309594631195068,-0.2738310992717743,0.40046456456184387,-1.2646257877349854,-0.4430188834667206,0.48573192954063416,-1.4854810237884521,-0.569835901260376,0.5459563136100769,-1.7225168943405151,-0.6533737182617188,-0.021113168448209763,-0.901348352432251,-0.3390759527683258,-0.0742996409535408,-1.3061573505401611,-0.526802659034729,-0.1435844600200653,-1.5637547969818115,-0.684025228023529,-0.18078552186489105,-1.8326488733291626,-0.7800899744033813,-0.2720619738101959,-0.7436697483062744,-0.4157909154891968,-0.45563074946403503,-0.9871140718460083,-0.5659763216972351,-0.6104333996772766,-1.1109673976898193,-0.6399251818656921,-0.7410311102867126,-1.2518706321716309,-0.6860122084617615
0.0,0.0,0.0,0.2860063910484314,-0.08972054719924927,-0.19249361753463745,0.5756601691246033,-0.25504735112190247,-0.33652305603027344,0.6567660570144653,-0.3940230906009674,-0.47923964262008667,0.5295752882957458,-0.4384108781814575,-0.6097772121429443,0.4804973304271698,-0.8276180028915405,-0.1848842203617096,0.618129551410675,-0.9748410582542419,-0.42690128087997437,0.5586687326431274,-0.7942258715629578,-0.609409511089325,0.4539814293384552,-0.6376597285270691,-0.7025330662727356,0.26396217942237854,-0.9397961497306824,-0.2170417457818985,0.4243057668209076,-1.274583339691162,-0.36564597487449646,0.5203933119773865,-1.5060834884643555,-0.4750209152698517,0.6007533073425293,-1.743488073348999,-0.5459592342376709,0.011653169989585876,-0.9180511832237244,-0.2893955111503601,-0.023734169080853462,-1.3314547538757324,-0.4631406366825104,-0.0694495290517807,-1.5962766408920288,-0.6107727885246277,-0.08232935518026352,-1.859464168548584,-0.6990996599197388,-0.233383446931839,-0.7718095779418945,-0.3754463493824005,-0.38923534750938416,-1.02462637424469,-0.5143834948539734,-0.5217000246047974,-1.161795735359192,-0.5851584076881409,-0.6335390210151672,-1.309572696685791,-0.6296594738960266
0.0,0.0,0.0,0.2860701382160187,-0.1032748743891716,-0.15510737895965576,0.5578640699386597,-0.2862946689128876,-0.26656028628349304,0.6525042057037354,-0.4576357305049896,-0.38355371356010437,0.5691992044448853,-0.6085860133171082,-0.48762354254722595,0.4734865725040436,-0.8271434307098389,-0.1344849318265915,0.6313196420669556,-1.0337305068969727,-0.349258154630661,0.5805433988571167,-0.8723366260528564,-0.5149961113929749,0.4781002700328827,-0.7150203585624695,-0.5976971983909607,0.27246469259262085,-0.9469035267829895,-0.1706949919462204,0.43616458773612976,-1.3017606735229492,-0.29535946249961853,0.5390458106994629,-1.5385057926177979,-0.393009215593338,0.6238818764686584,-1.7748887538909912,-0.4578430950641632,0.030326221138238907,-0.9390486478805542,-0.2444562166929245,0.019978247582912445,-1.3638086318969727,-0.3909878432750702,0.0012882733717560768,-1.6404139995574951,-0.5183494091033936,0.0127273453399539,-1.905449390411377,-0.5963838696479797,-0.21070463955402374,-0.8132283091545105,-0.33051690459251404,-0.34016016125679016,-1.0930031538009644,-0.45663443207740784,-0.4387918710708618,-1.2625689506530762,-0.5179529190063477,-0.5164045095443726,-1.4298810958862305,-0.5540716052055359
0.0,0.0,0.0,0.2840553820133209,-0.11819030344486237,-0.12425357848405838,0.5310242772102356,-0.33972567319869995,-0.20588460564613342,0.6001689434051514,-0.5591479539871216,-0.29608866572380066,0.5413743853569031,-0.7601513266563416,-0.37616172432899475,0.45741087198257446,-0.8329029083251953,-0.08886256814002991,0.6203674674034119,-1.0636059045791626,-0.28130877017974854,0.6176730990409851,-0.9539921283721924,-0.430969774723053,0.5654096007347107,-0.8299727439880371,-0.5052885413169861,0.27043381333351135,-0.9542020559310913,-0.12792174518108368,0.43159395456314087,-1.3255854845046997,-0.23926253616809845,0.5295037031173706,-1.5623774528503418,-0.3314306139945984,0.6078177690505981,-1.788204550743103,-0.39174318313598633,0.046077653765678406,-0.953605055809021,-0.20127169787883759,0.05268750339746475,-1.3658148050308228,-0.33340585231781006,0.05400363355875015,-1.6401429176330566,-0.4483122229576111,0.0796489417552948,-1.895290732383728,-0.5182526111602783,-0.18221589922904968,-0.8438172340393066,-0.28510403633117676,-0.30196186900138855,-1.1243191957473755,-0.40663695335388184,-0.3871557414531708,-1.3116692304611206,-0.4671519994735718,-0.45194461941719055,-1.4941926002502441,-0.5011325478553772
0.0,0.0,0.0,0.300188273191452,-0.12825718522071838,-0.1137114018201828,0.5352172255516052,-0.36879605054855347,-0.18726016581058502,0.6110649108886719,-0.6089382767677307,-0.2713490128517151,0.5585296750068665,-0.8280237913131714,-0.34786084294319153,0.43507617712020874,-0.8363524079322815,-0.07532007247209549,0.5993846654891968,-1.0761741399765015,-0.2641119360923767,0.6388883590698242,-1.0007396936416626,-0.4124072790145874,0.6276633143424988,-0.8878903388977051,-0.48589685559272766,0.2528141736984253,-0.9606397151947021,-0.11513613164424896,0.4099653661251068,-1.3427271842956543,-0.22526471316814423,0.5135996341705322,-1.5901612043380737,-0.31796735525131226,0.5930584073066711,-1.8164379596710205,-0.3789205849170685,0.03209663927555084,-0.9649928212165833,-0.18830105662345886,0.034144558012485504,-1.3854624032974243,-0.3187549412250519,0.037050411105155945,-1.6674625873565674,-0.4318118691444397,0.06222504377365112,-1.9213511943817139,-0.5002669095993042,-0.19243910908699036,-0.861013650894165,-0.2710804343223572,-0.312569797039032,-1.153654932975769,-0.3893849849700928,-0.39619871973991394,-1.3511358499526978,-0.4483683407306671,-0.45968344807624817,-1.5367308855056763,-0.481777548789978
0.0,0.0,0.0,0.31902191042900085,-0.12582406401634216,-0.1211642175912857,0.5475301146507263,-0.3915002942085266,-0.19020050764083862,0.6281749606132507,-0.6559703350067139,-0.2688997983932495,0.5618222951889038,-0.8827887177467346,-0.3386261761188507,0.4369184076786041,-0.8381108045578003,-0.05927512049674988,0.587647557258606,-1.0912606716156006,-0.2474755197763443,0.6102414131164551,-0.9957515001296997,-0.3987707495689392,0.5870027542114258,-0.8650439381599426,-0.4730808734893799,0.2548617422580719,-0.9628223180770874,-0.08954679220914841,0.4051315486431122,-1.3477336168289185,-0.19164200127124786,0.5057304501533508,-1.5930664539337158,-0.28167036175727844,0.5864240527153015,-1.820326566696167,-0.34313738346099854,0.038061533123254776,-0.9733113646507263,-0.15643224120140076,0.0440792441368103,-1.389891266822815,-0.27950525283813477,0.05722368136048317,-1.6693930625915527,-0.3874671757221222,0.09016731381416321,-1.9176807403564453,-0.45317599177360535,-0.17892050743103027,-0.8831178545951843,-0.2347557544708252,-0.291011244058609,-1.187721610069275,-0.3468762934207916,-0.36601120233535767,-1.3983045816421509,-0.4052877724170685,-0.42247509956359863,-1.594176173210144,-0.4397391974925995
0.0,0.0,0.0,0.3526011109352112,-0.12452761083841324,-0.11686214804649353,0.5866230130195618,-0.4240604043006897,-0.17759393155574799,0.6833609938621521,-0.7269511222839355,-0.24900613725185394,0.6013604402542114,-0.9577594995498657,-0.31223875284194946,0.45258399844169617,-0.8338748216629028,-0.03231501951813698,0.5974881649017334,-1.1098438501358032,-0.20785290002822876,0.6282691955566406,-1.0548639297485352,-0.34801480174064636,0.611775279045105,-0.9404252767562866,-0.4145269989967346,0.27065691351890564,-0.9610844850540161,-0.05532975122332573,0.4265987277030945,-1.36284601688385,-0.14296840131282806,0.5353321433067322,-1.613598346710205,-0.21865688264369965,0.6243121027946472,-1.8494850397109985,-0.26913440227508545,0.062478821724653244,-0.990472137928009,-0.11630550026893616,0.07134277373552322,-1.423195719718933,-0.22796230018138885,0.09884513169527054,-1.7065798044204712,-0.3231177031993866,0.1359383463859558,-1.9437119960784912,-0.37897565960884094,-0.14819717407226562,-0.9276934862136841,-0.18968039751052856,-0.2600250840187073,-1.2564083337783813,-0.2919318675994873,-0.32453611493110657,-1.4843612909317017,-0.3446618318557739,-0.36980754137039185,-1.6854941844940186,-0.3754456043243408
0.0,0.0,0.0,0.3779239356517792,-0.13762815296649933,-0.09320859611034393,0.6301206350326538,-0.4614929258823395,-0.1447538137435913,0.7417029142379761,-0.7796614170074463,-0.21356795728206635,0.6385368704795837,-1.0021106004714966,-0.2733754813671112,0.4644947946071625,-0.8322995901107788,0.0040742564015090466,0.6089795827865601,-1.108777403831482,-0.16979080438613892,0.642572820186615,-1.0295464992523193,-0.3083837330341339,0.6154376864433289,-0.8959100842475891,-0.36927223205566406,0.2773706912994385,-0.96039217710495,-0.026687754318118095,0.4393717646598816,-1.359089970588684,-0.10388006269931793,0.5519953966140747,-1.6067322492599487,-0.17088361084461212,0.6366695761680603,-1.8472819328308105,-0.21395958960056305,0.06560273468494415,-1.0017130374908447,-0.09580820798873901,0.06752008944749832,-1.4425028562545776,-0.19392570853233337,0.09584694355726242,-1.7188769578933716,-0.2735351324081421,0.12864749133586884,-1.9451144933700562,-0.31808191537857056,-0.150502011179924,-0.9544958472251892,-0.17694716155529022,-0.2554681897163391,-1.299695372581482,-0.2578025758266449,-0.31171461939811707,-1.5298689603805542,-0.29250648617744446,-0.3505105972290039,-1.7259942293167114,-0.31172895431518555
0.0,0.0,0.0,0.3902151882648468,-0.12743283808231354,-0.09272191673517227,0.6407924890518188,-0.46034562587738037,-0.14401911199092865,0.7597424387931824,-0.8039165735244751,-0.21499867737293243,0.6609910726547241,-1.047912836074829,-0.27886760234832764,0.47637346386909485,-0.8264397978782654,0.027054766193032265,0.6175506711006165,-1.102982759475708,-0.14295834302902222,0.6634671092033386,-1.0671643018722534,-0.27518564462661743,0.6437124609947205,-0.9482588768005371,-0.32904762029647827,0.27718833088874817,-0.9608154296875,-0.0006107259541749954,0.4490838944911957,-1.3599530458450317,-0.06498456001281738,0.5605271458625793,-1.6066012382507324,-0.11279131472110748,0.6506347060203552,-1.8527116775512695,-0.13951076567173004,0.060837697237730026,-1.0126575231552124,-0.07020082324743271,0.06723839044570923,-1.453403115272522,-0.15909124910831451,0.09717860072851181,-1.7337614297866821,-0.22474999725818634,0.13027751445770264,-1.958031415939331,-0.2587159276008606,-0.16681574285030365,-0.9761280417442322,-0.1534862518310547,-0.2663585841655731,-1.3202720880508423,-0.23086020350456238,-0.31910440325737,-1.5570077896118164,-0.2621717154979706,-0.35086286067962646,-1.7590084075927734,-0.27749764919281006
0.0,0.0,0.0,0.3971169888973236,-0.13414506614208221,-0.1089603379368782,0.6519896984100342,-0.45762962102890015,-0.16900810599327087,0.7447113990783691,-0.8050116896629333,-0.24513846635818481,0.6536684036254883,-1.05949866771698,-0.31362155079841614,0.48100826144218445,-0.8298794031143188,0.002373181749135256,0.6211985349655151,-1.1152949333190918,-0.1805611550807953,0.6643572449684143,-1.0732994079589844,-0.32052797079086304,0.6443964242935181,-0.9466438293457031,-0.37860897183418274,0.27331075072288513,-0.9617090225219727,-0.020420460030436516,0.44623997807502747,-1.3680148124694824,-0.09654293954372406,0.5582844018936157,-1.6193567514419556,-0.15273049473762512,0.6472494006156921,-1.866837739944458,-0.18550637364387512,0.047001443803310394,-1.0081074237823486,-0.0860033854842186,0.04704432189464569,-1.4546492099761963,-0.18513232469558716,0.0752701461315155,-1.7408947944641113,-0.25685861706733704,0.10942663252353668,-1.9713698625564575,-0.2940089702606201,-0.19125749170780182,-0.9646076560020447,-0.16583338379859924,-0.3037518560886383,-1.3157453536987305,-0.25074392557144165,-0.3603871762752533,-1.5557650327682495,-0.2850677967071533,-0.39470428228378296,-1.7623300552368164,-0.30156680941581726
0.0,0.0,0.0,0.37569546699523926,-0.15326964855194092,-0.11290393769741058,0.6154967546463013,-0.48515981435775757,-0.1720508635044098,0.7021671533584595,-0.8178958892822266,-0.24549748003482819,0.6105794906616211,-1.0641484260559082,-0.3082893192768097,0.46769988536834717,-0.8410547971725464,-0.0017238575965166092,0.5858604311943054,-1.1234971284866333,-0.17495037615299225,0.579184889793396,-1.06290864944458,-0.31099560856819153,0.5237995386123657,-0.9441327452659607,-0.3688073754310608,0.2548202574253082,-0.9666564464569092,-0.025337638333439827,0.4053420424461365,-1.3763370513916016,-0.1024237796664238,0.4988701343536377,-1.6318987607955933,-0.16521580517292023,0.5761282444000244,-1.877353310585022,-0.20208917558193207,0.020472168922424316,-1.005357027053833,-0.09016045182943344,-0.004514976870268583,-1.4511847496032715,-0.19341091811656952,0.005884101614356041,-1.7347787618637085,-0.2729382812976837,0.0318431630730629,-1.9633172750473022,-0.31332704424858093,-0.21567778289318085,-0.9546761512756348,-0.16799548268318176,-0.32813793420791626,-1.3090606927871704,-0.25267043709754944,-0.3868672251701355,-1.5430124998092651,-0.2858878970146179,-0.42312437295913696,-1.740511178970337,-0.3008935749530792
0.0,0.0,0.0,0.3910696804523468,-0.13882923126220703,-0.12268650531768799,0.6250200867652893,-0.4502120316028595,-0.18612536787986755,0.7109843492507935,-0.7776817083358765,-0.2627345025539398,0.6650211811065674,-1.0404852628707886,-0.33217546343803406,0.46844547986984253,-0.8243173360824585,-0.0025638951919972897,0.5970073342323303,-1.0711828470230103,-0.170090913772583,0.625150740146637,-1.0642085075378418,-0.3011069893836975,0.5976860523223877,-0.9891564249992371,-0.35940057039260864,0.2585160434246063,-0.9656463861465454,-0.02639063075184822,0.4244917333126068,-1.3856821060180664,-0.11023994535207748,0.5344282984733582,-1.654226303100586,-0.17240434885025024,0.6243772506713867,-1.9011521339416504,-0.2053905427455902,0.028060732409358025,-1.0103310346603394,-0.09285280108451843,0.00582659849897027,-1.4740508794784546,-0.2133147418498993,0.014509000815451145,-1.772940754890442,-0.3028242290019989,0.042051978409290314,-2.010925769805908,-0.34611862897872925,-0.2010304033756256,-0.9590665698051453,-0.1718287467956543,-0.3131171464920044,-1.3175297975540161,-0.27993786334991455,-0.3707379400730133,-1.5561437606811523,-0.3268905580043793,-0.4038434624671936,-1.7589682340621948,-0.34884580969810486
0.0,0.0,0.0,0.3802854120731354,-0.14707228541374207,-0.10006488114595413,0.6319329142570496,-0.44642797112464905,-0.15651236474514008,0.7319048047065735,-0.7510825991630554,-0.22734014689922333,0.6484648585319519,-0.9873618483543396,-0.28947851061820984,0.4351370334625244,-0.842982828617096,-0.012246770784258842,0.5933405756950378,-1.108996033668518,-0.17976132035255432,0.6416665315628052,-1.0539851188659668,-0.31034910678863525,0.6229021549224854,-0.9497395753860474,-0.36832883954048157,0.24388979375362396,-0.9688281416893005,-0.04347051680088043,0.41587603092193604,-1.365981101989746,-0.12998291850090027,0.5381112098693848,-1.6053625345230103,-0.19711486995220184,0.6278954744338989,-1.8254374265670776,-0.23503902554512024,0.028226085007190704,-1.002469539642334,-0.11223738640546799,0.008055905811488628,-1.4516124725341797,-0.22651229798793793,0.016811061650514603,-1.7447539567947388,-0.3186701834201813,0.0373891144990921,-1.9806174039840698,-0.3671785593032837,-0.18442799150943756,-0.9420698285102844,-0.1909901201725006,-0.2920791208744049,-1.286954402923584,-0.286848783493042,-0.35022905468940735,-1.5157221555709839,-0.33098527789115906,-0.3880511522293091,-1.7087935209274292,-0.3536771237850189
0.0,0.0,0.0,0.38244155049324036,-0.12901683151721954,-0.09942573308944702,0.6557178497314453,-0.41894444823265076,-0.1610652208328247,0.805168628692627,-0.7055054903030396,-0.2399677038192749,0.708696186542511,-0.9239627122879028,-0.3103053867816925,0.44328707456588745,-0.8354208469390869,-0.0161422248929739,0.6239806413650513,-1.0967398881912231,-0.19990038871765137,0.6804078817367554,-1.0138601064682007,-0.34098631143569946,0.667864203453064,-0.8779577016830444,-0.403340607881546,0.26012665033340454,-0.964149534702301,-0.05243946984410286,0.4438702464103699,-1.3562299013137817,-0.14633214473724365,0.5831922888755798,-1.5994914770126343,-0.21726636588573456,0.6921185851097107,-1.8259997367858887,-0.25924748182296753,0.05090424418449402,-0.9925076961517334,-0.12790055572986603,0.04358344525098801,-1.4442107677459717,-0.24757160246372223,0.055898647755384445,-1.7356854677200317,-0.3422071039676666,0.08196689933538437,-1.9755527973175049,-0.3937325179576874,-0.1517312377691269,-0.9211971759796143,-0.21451084315776825,-0.24604301154613495,-1.2580865621566772,-0.3166605830192566,-0.30100032687187195,-1.4854439496994019,-0.3651910424232483,-0.3375132083892822,-1.6810600757598877,-0.3920983672142029
0.0,0.0,0.0,0.3602735698223114,-0.11909239739179611,-0.09794486314058304,0.6328368186950684,-0.3936116397380829,-0.1653660535812378,0.8057960271835327,-0.6660874485969543,-0.2512170374393463,0.7208728790283203,-0.8839484453201294,-0.32916197180747986,0.4435611367225647,-0.8253139853477478,-0.008944851346313953,0.62111496925354,-1.0680387020111084,-0.18908865749835968,0.6975414752960205,-0.9942155480384827,-0.3284439444541931,0.7101184129714966,-0.8644906282424927,-0.3911306858062744,0.26764801144599915,-0.9622046947479248,-0.05026569962501526,0.45542871952056885,-1.3377004861831665,-0.143515482544899,0.6042672991752625,-1.5813159942626953,-0.2144288271665573,0.7300717830657959,-1.8163057565689087,-0.25694212317466736,0.06375880539417267,-0.9965606331825256,-0.13107168674468994,0.06178350746631622,-1.4408162832260132,-0.25048717856407166,0.08138930052518845,-1.7378820180892944,-0.34637439250946045,0.11793477833271027,-1.9847840070724487,-0.40088534355163574,-0.13755938410758972,-0.9286858439445496,-0.22356373071670532,-0.22187158465385437,-1.2524142265319824,-0.3242928683757782,-0.2727041244506836,-1.4755744934082031,-0.3729695677757263,-0.30127161741256714,-1.670520305633545,-0.4022175073623657
0.0,0.0,0.0,0.35445716977119446,-0.11756158620119095,-0.0999048575758934,0.6249864101409912,-0.38146230578422546,-0.16655203700065613,0.769944965839386,-0.6558807492256165,-0.24981223046779633,0.7140749096870422,-0.8770943284034729,-0.3246195912361145,0.4492676258087158,-0.8313413262367249,-0.018100189045071602,0.6339372396469116,-1.088379979133606,-0.1959196925163269,0.7079806923866272,-1.0330157279968262,-0.3323780298233032,0.7161813974380493,-0.9037120938301086,-0.39251866936683655,0.2669203281402588,-0.962199866771698,-0.05408328026533127,0.4535602629184723,-1.341368556022644,-0.1435827612876892,0.5972470641136169,-1.5816073417663574,-0.20960436761379242,0.7155705094337463,-1.8082588911056519,-0.24825456738471985,0.05969878286123276,-0.9915010333061218,-0.12882272899150848,0.054475702345371246,-1.4283745288848877,-0.24210456013679504,0.07104822993278503,-1.7218486070632935,-0.3348517417907715,0.1056414246559143,-1.9669183492660522,-0.38749173283576965,-0.14820274710655212,-0.9175415635108948,-0.21531030535697937,-0.24975824356079102,-1.2344141006469727,-0.31539011001586914,-0.3094359338283539,-1.454590082168579,-0.36488157510757446,-0.3452632427215576,-1.6499404907226562,-0.3930077850818634
0.0,0.0,0.0,0.3380560278892517,-0.11056206375360489,-0.11058223992586136,0.6133534908294678,-0.34469693899154663,-0.1939650923013687,0.7901800870895386,-0.5795837044715881,-0.2911318242549896,0.7456417083740234,-0.7902295589447021,-0.37926217913627625,0.4728732705116272,-0.8175721764564514,-0.0689488872885704,0.691604495048523,-1.051114559173584,-0.2648255527019501,0.733199417591095,-0.9523150324821472,-0.4116343855857849,0.7001091837882996,-0.819952130317688,-0.48002195358276367,0.293667733669281,-0.9493727087974548,-0.11158328503370285,0.5001539587974548,-1.3177908658981323,-0.2222375124692917,0.6481300592422485,-1.552392601966858,-0.303923636674881,0.7636988162994385,-1.7773957252502441,-0.3541143536567688,0.08133979886770248,-0.9652145504951477,-0.19032518565654755,0.08723766356706619,-1.3952523469924927,-0.3208242952823639,0.09679082781076431,-1.6925499439239502,-0.42895811796188354,0.12752558290958405,-1.9553662538528442,-0.49382588267326355,-0.1263948231935501,-0.8710168600082397,-0.27945613861083984,-0.21937501430511475,-1.1645233631134033,-0.39216190576553345,-0.27590808272361755,-1.3754527568817139,-0.4491969645023346,-0.3076414465904236,-1.570177674293518,-0.48363909125328064
0.0,0.0,0.0,0.315197229385376,-0.10081051290035248,-0.12193010747432709,0.5979702472686768,-0.3157808184623718,-0.2149292230606079,0.7640136480331421,-0.5127063393592834,-0.3185749053955078,0.7135917544364929,-0.701157808303833,-0.40939489006996155,0.48164764046669006,-0.8109958171844482,-0.09629323333501816,0.7219754457473755,-1.00700044631958,-0.31838610768318176,0.7260839939117432,-0.8165733218193054,-0.48899441957473755,0.6513432860374451,-0.634489893913269,-0.5693299174308777,0.30403751134872437,-0.9422041773796082,-0.14075686037540436,0.5181090235710144,-1.291599154472351,-0.27181679010391235,0.6627019047737122,-1.5177983045578003,-0.37659987807273865,0.770692765712738,-1.736456036567688,-0.4428689181804657,0.0829898789525032,-0.9465871453285217,-0.22163048386573792,0.09177184849977493,-1.358374834060669,-0.3677152395248413,0.09558800607919693,-1.6377079486846924,-0.4928741753101349,0.12418878823518753,-1.8995836973190308,-0.5677626729011536,-0.13662809133529663,-0.8356645703315735,-0.3120271861553192,-0.2343713939189911,-1.1046369075775146,-0.4283413290977478,-0.30633172392845154,-1.2830730676651,-0.48427489399909973,-0.3570190668106079,-1.4588390588760376,-0.517444372177124
0.0,0.0,0.0,0.3181880712509155,-0.0861193910241127,-0.12563015520572662,0.6176162362098694,-0.27906280755996704,-0.22473983466625214,0.78059321641922,-0.4569380581378937,-0.33320191502571106,0.6865689754486084,-0.615388035774231,-0.42873746156692505,0.509811282157898,-0.7937079071998596,-0.11648041754961014,0.7621771693229675,-0.9677814245223999,-0.34121158719062805,0.7589779496192932,-0.7601321935653687,-0.5125851035118103,0.6782302856445312,-0.5770495533943176,-0.5944477915763855,0.3282179534435272,-0.9303640127182007,-0.16338858008384705,0.5521323680877686,-1.2695575952529907,-0.2981794476509094,0.7024232149124146,-1.4913177490234375,-0.4060710370540619,0.815648078918457,-1.707128882408142,-0.47517096996307373,0.10090767592191696,-0.9336395263671875,-0.2449866235256195,0.10734017193317413,-1.342965006828308,-0.39199820160865784,0.1032329797744751,-1.6157398223876953,-0.5219765305519104,0.12870916724205017,-1.8713923692703247,-0.6012327075004578,-0.12550848722457886,-0.8169218301773071,-0.3362222909927368,-0.2354436069726944,-1.077673316001892,-0.4499833285808563,-0.31714335083961487,-1.2469509840011597,-0.5080275535583496,-0.37180450558662415,-1.4154253005981445,-0.5447472333908081
0.0,0.0,0.0,0.31816044449806213,-0.08578522503376007,-0.12042054533958435,0.6173436045646667,-0.2772700786590576,-0.21840506792068481,0.7758864164352417,-0.4385679066181183,-0.3254322111606598,0.6896159648895264,-0.5831929445266724,-0.4196356534957886,0.5057452917098999,-0.8005028963088989,-0.11370846629142761,0.7611646056175232,-0.9499414563179016,-0.347533255815506,0.7564197182655334,-0.7321892380714417,-0.5300376415252686,0.6747897267341614,-0.5490143895149231,-0.6191030144691467,0.32818788290023804,-0.9298929572105408,-0.1661078780889511,0.5512471795082092,-1.2690446376800537,-0.3117525577545166,0.7060049772262573,-1.4950428009033203,-0.43117114901542664,0.8240857124328613,-1.7144813537597656,-0.5063472390174866,0.10609704256057739,-0.9233077764511108,-0.25234243273735046,0.12492848932743073,-1.3314168453216553,-0.4086073338985443,0.13481102883815765,-1.6049702167510986,-0.5452501177787781,0.17436914145946503,-1.8682200908660889,-0.6263554096221924,-0.11235073953866959,-0.794396162033081,-0.3469586968421936,-0.21812710165977478,-1.0499520301818848,-0.4673881530761719,-0.2935399115085602,-1.219804048538208,-0.5268797278404236,-0.34154531359672546,-1.3965139389038086,-0.5626829266548157
0.0,0.0,0.0,0.3168928325176239,-0.09203285723924637,-0.12646764516830444,0.6134182214736938,-0.28159961104393005,-0.2287653237581253,0.7637893557548523,-0.45054498314857483,-0.34066903591156006,0.6390659809112549,-0.5958211421966553,-0.440829336643219,0.49627402424812317,-0.8064422607421875,-0.11450261622667313,0.7399823069572449,-0.9718322157859802,-0.3486139476299286,0.746672511100769,-0.7593724727630615,-0.5310906767845154,0.6803545355796814,-0.5777889490127563,-0.6197564601898193,0.31279855966567993,-0.9352405071258545,-0.1657775193452835,0.5093448162078857,-1.2866724729537964,-0.30502548813819885,0.643231987953186,-1.5217679738998413,-0.42167899012565613,0.7438762187957764,-1.7557275295257568,-0.497928261756897,0.08808322250843048,-0.9258414506912231,-0.2521613538265228,0.10225789248943329,-1.3299310207366943,-0.4046459197998047,0.1086137443780899,-1.6065682172775269,-0.539576530456543,0.1404426544904709,-1.872249960899353,-0.6210716366767883,-0.13030871748924255,-0.7980287075042725,-0.34820955991744995,-0.23071670532226562,-1.0581265687942505,-0.4664498567581177,-0.3103940188884735,-1.2321044206619263,-0.5258010029792786,-0.36643028259277344,-1.4102365970611572,-0.5623918175697327
0.0,0.0,0.0,0.31122833490371704,-0.105278380215168,-0.12026668339967728,0.5879250764846802,-0.30600789189338684,-0.21947188675403595,0.732182502746582,-0.48034560680389404,-0.33329400420188904,0.6248976588249207,-0.6557973623275757,-0.4352186620235443,0.47024837136268616,-0.8279911875724792,-0.08715987950563431,0.7037451863288879,-1.0168473720550537,-0.3208857774734497,0.7292264699935913,-0.8255895376205444,-0.5055385828018188,0.6753644943237305,-0.6511649489402771,-0.595201849937439,0.28895077109336853,-0.9468700289726257,-0.14122524857521057,0.451077401638031,-1.3213870525360107,-0.2751074731349945,0.5688602924346924,-1.5649645328521729,-0.39270374178886414,0.6549571752548218,-1.8050674200057983,-0.4711756110191345,0.07732877880334854,-0.9300272464752197,-0.23196059465408325,0.08023180067539215,-1.3370448350906372,-0.37630653381347656,0.08445171266794205,-1.6201567649841309,-0.5018324255943298,0.10964743793010712,-1.8920990228652954,-0.5788156986236572,-0.12460166960954666,-0.800308883190155,-0.334108829498291,-0.20591041445732117,-1.0720845460891724,-0.44976797699928284,-0.2718004286289215,-1.2605915069580078,-0.5055500268936157,-0.3167334198951721,-1.4494256973266602,-0.5391750931739807
0.0,0.0,0.0,0.30743229389190674,-0.11074753105640411,-0.11865229159593582,0.577928900718689,-0.3162996470928192,-0.21688038110733032,0.7149978876113892,-0.4997960329055786,-0.3296947181224823,0.6101773381233215,-0.6817549467086792,-0.4309312403202057,0.4702177941799164,-0.8271365761756897,-0.09888122975826263,0.6859745383262634,-1.0317893028259277,-0.3249172270298004,0.6929991841316223,-0.8574706315994263,-0.49953439831733704,0.6304966807365417,-0.6942373514175415,-0.584500789642334,0.2862818241119385,-0.9460092782974243,-0.15201660990715027,0.4567485451698303,-1.3221744298934937,-0.28449827432632446,0.5757511854171753,-1.568128228187561,-0.3949374854564667,0.6648828387260437,-1.8154481649398804,-0.4683226943016052,0.07155027985572815,-0.9336536526679993,-0.24012240767478943,0.06093530356884003,-1.3450815677642822,-0.38356688618659973,0.051614467054605484,-1.6240311861038208,-0.5054217576980591,0.06431474536657333,-1.893216848373413,-0.58013516664505,-0.13544128835201263,-0.8080026507377625,-0.3393848240375519,-0.23060719668865204,-1.0843145847320557,-0.45412692427635193,-0.3054176867008209,-1.2686201333999634,-0.5089458227157593,-0.3609701693058014,-1.4511569738388062,-0.5421784520149231
0.0,0.0,0.0,0.3049783408641815,-0.11068035662174225,-0.12929487228393555,0.5514264702796936,-0.3378409445285797,-0.2201683074235916,0.6810492873191833,-0.5554938912391663,-0.32562455534935,0.639226496219635,-0.7773554921150208,-0.4177303612232208,0.47515571117401123,-0.831707775592804,-0.07070939242839813,0.6761562824249268,-1.0661330223083496,-0.2885165512561798,0.6695322394371033,-0.9256932139396667,-0.4559398293495178,0.5972561836242676,-0.7691329717636108,-0.5336793065071106,0.2903948128223419,-0.9507778286933899,-0.10813136398792267,0.42729172110557556,-1.3397057056427002,-0.2247917503118515,0.5202608704566956,-1.5821330547332764,-0.32128477096557617,0.5877521634101868,-1.8254411220550537,-0.3854139745235443,0.08640678972005844,-0.9478551149368286,-0.1847260296344757,0.0820779949426651,-1.3489396572113037,-0.310071736574173,0.08158183842897415,-1.6250951290130615,-0.40868350863456726,0.09397391974925995,-1.8879120349884033,-0.4687698483467102,-0.11144943535327911,-0.843110978603363,-0.27606871724128723,-0.17376574873924255,-1.1297663450241089,-0.37973055243492126,-0.22353258728981018,-1.3288735151290894,-0.4250759184360504,-0.2634713351726532,-1.51871657371521,-0.4504081904888153
0.0,0.0,0.0,0.31464534997940063,-0.123033806681633,-0.10905198752880096,0.5300348997116089,-0.3993819057941437,-0.17804355919361115,0.6290163397789001,-0.6768836379051208,-0.26244452595710754,0.6343801617622375,-0.9148610234260559,-0.33866479992866516,0.4111623167991638,-0.8496198058128357,-0.04471315070986748,0.5864003896713257,-1.1053390502929688,-0.21571563184261322,0.6517249941825867,-1.0541282892227173,-0.344853013753891,0.6580294370651245,-0.9696751236915588,-0.4080691337585449,0.24227680265903473,-0.9664700031280518,-0.08507455885410309,0.3866783082485199,-1.3630226850509644,-0.1842908412218094,0.49039918184280396,-1.6096094846725464,-0.2620573043823242,0.5659312009811401,-1.8511219024658203,-0.3137079179286957,0.05270440876483917,-0.9708988070487976,-0.1611972153186798,0.021272199228405952,-1.4007583856582642,-0.2876839339733124,0.01047269906848669,-1.6868436336517334,-0.3851885497570038,0.00883593037724495,-1.9393762350082397,-0.44359371066093445,-0.1342921406030655,-0.876876950263977,-0.24893222749233246,-0.20704948902130127,-1.2002568244934082,-0.36257198452949524,-0.2600003182888031,-1.4144212007522583,-0.4174124002456665,-0.3074724078178406,-1.6043425798416138,-0.45106998085975647
0.0,0.0,0.0,0.3716541528701782,-0.12009826302528381,-0.11629831790924072,0.5798251628875732,-0.4382064938545227,-0.16329911351203918,0.684259831905365,-0.769195020198822,-0.22171546518802643,0.6498892307281494,-1.04307222366333,-0.27054354548454285,0.4082157015800476,-0.8530365824699402,0.01631440781056881,0.5617722868919373,-1.1033556461334229,-0.1108320876955986,0.6265419721603394,-1.0891920328140259,-0.21591579914093018,0.6439083218574524,-1.064817190170288,-0.26862838864326477,0.24064329266548157,-0.970551609992981,-0.010970698669552803,0.37762215733528137,-1.3789787292480469,-0.07830319553613663,0.48690998554229736,-1.633463978767395,-0.13876371085643768,0.5768002271652222,-1.872334361076355,-0.17945675551891327,0.0636528953909874,-0.9854368567466736,-0.07924456149339676,0.020663410425186157,-1.400503396987915,-0.1852179914712906,0.016152942553162575,-1.6995733976364136,-0.27835360169410706,0.02313804440200329,-1.945749282836914,-0.3334466218948364,-0.09447295218706131,-0.9250187277793884,-0.1613330990076065,-0.11621633917093277,-1.2692722082138062,-0.25185832381248474,-0.12986773252487183,-1.497743010520935,-0.302984356880188,-0.13401876389980316,-1.692598819732666,-0.33936935663223267
0.0,0.0,0.0,0.3825857639312744,-0.11504509299993515,-0.1392926424741745,0.5987091660499573,-0.4159824550151825,-0.2028147131204605,0.7017788290977478,-0.7608196139335632,-0.2771855592727661,0.662774384021759,-1.0585120916366577,-0.34324556589126587,0.4483109414577484,-0.8232647180557251,0.017542537301778793,0.5898579359054565,-1.0636659860610962,-0.10698115080595016,0.6455236077308655,-1.0890387296676636,-0.20464181900024414,0.6546333432197571,-1.080346941947937,-0.25201573967933655,0.2704862952232361,-0.9627237915992737,-3.8979917007964104e-05,0.4191528260707855,-1.3710203170776367,-0.06374891102313995,0.5217150449752808,-1.6296992301940918,-0.11332947760820389,0.6118082404136658,-1.8789137601852417,-0.14318741858005524,0.08346475660800934,-0.9999373555183411,-0.06255638599395752,0.05261316895484924,-1.438990592956543,-0.1738114207983017,0.04650984704494476,-1.7446699142456055,-0.26380491256713867,0.04960482195019722,-1.9945788383483887,-0.31395256519317627,-0.09634558111429214,-0.9558536410331726,-0.14046216011047363,-0.12113434821367264,-1.3031781911849976,-0.24152818322181702,-0.13647055625915527,-1.5326037406921387,-0.29753953218460083,-0.14634697139263153,-1.725533366203308,-0.3348563313484192
0.0,0.0,0.0,0.37631797790527344,-0.11882312595844269,-0.13428349792957306,0.5877808332443237,-0.42063385248184204,-0.19687128067016602,0.6918577551841736,-0.7541693449020386,-0.2700302302837372,0.6619581580162048,-1.0536612272262573,-0.33243677020072937,0.4193115234375,-0.8362270593643188,0.0132120531052351,0.5631422996520996,-1.0683923959732056,-0.11359523236751556,0.6174346208572388,-1.0602970123291016,-0.21360275149345398,0.6232578754425049,-1.0324541330337524,-0.26204049587249756,0.2496095597743988,-0.9683247804641724,-0.006486894097179174,0.42495766282081604,-1.3634296655654907,-0.0742201879620552,0.5541504621505737,-1.6236556768417358,-0.12608711421489716,0.6651630997657776,-1.869986891746521,-0.15660607814788818,0.06283513456583023,-0.99723881483078,-0.07096987962722778,0.026696594431996346,-1.4348039627075195,-0.18700389564037323,0.01819329336285591,-1.7409989833831787,-0.2813304662704468,0.026335598900914192,-1.9921050071716309,-0.33188748359680176,-0.11283838003873825,-0.9434003829956055,-0.14944835007190704,-0.14145319163799286,-1.2965192794799805,-0.2532261610031128,-0.15512758493423462,-1.5323147773742676,-0.3101722002029419,-0.15732243657112122,-1.7328784465789795,-0.34682878851890564
0.0,0.0,0.0,0.37935855984687805,-0.12079968303442001,-0.1373654007911682,0.5921732783317566,-0.4183286428451538,-0.2059626281261444,0.6933990120887756,-0.7490419149398804,-0.2854054272174835,0.6602399349212646,-1.0429630279541016,-0.3545645475387573,0.42207059264183044,-0.8368159532546997,-0.0020371919963508844,0.5703294277191162,-1.0879809856414795,-0.14367680251598358,0.6251052021980286,-1.072136640548706,-0.2533595860004425,0.6268677115440369,-1.0148446559906006,-0.3031832277774811,0.2465001791715622,-0.9689531922340393,-0.019168654456734657,0.42622652649879456,-1.3680198192596436,-0.09036007523536682,0.560474693775177,-1.6247905492782593,-0.14385831356048584,0.6767541170120239,-1.8651756048202515,-0.1743088960647583,0.05251116678118706,-0.9960356950759888,-0.08105704188346863,0.018252629786729813,-1.439907431602478,-0.19641508162021637,0.016741588711738586,-1.7482026815414429,-0.2908341884613037,0.03250440955162048,-1.9970548152923584,-0.34131890535354614,-0.1309095174074173,-0.9377427101135254,-0.15705223381519318,-0.1684354543685913,-1.2934716939926147,-0.26068270206451416,-0.18625415861606598,-1.5303109884262085,-0.3154301941394806,-0.19184763729572296,-1.7275736331939697,-0.34890854358673096
0.0,0.0,0.0,0.38514211773872375,-0.122513048350811,-0.12859007716178894,0.6047560572624207,-0.4271702170372009,-0.19337047636508942,0.7101646661758423,-0.7597329020500183,-0.2721793055534363,0.6675196886062622,-1.035395860671997,-0.34119027853012085,0.4458392858505249,-0.8288108706474304,0.01653503254055977,0.5925098061561584,-1.0730695724487305,-0.13240978121757507,0.6214048862457275,-1.04996919631958,-0.2524254620075226,0.5917378067970276,-0.9771386384963989,-0.30738168954849243,0.26720288395881653,-0.9636377692222595,-0.0022182620596140623,0.44850897789001465,-1.359932780265808,-0.07093346863985062,0.5743598937988281,-1.6206520795822144,-0.12399251759052277,0.6837970018386841,-1.8705846071243286,-0.15519434213638306,0.07122199982404709,-0.9998106360435486,-0.066545769572258,0.056742437183856964,-1.4450229406356812,-0.1749020218849182,0.05983825773000717,-1.7434663772583008,-0.25975143909454346,0.07784337550401688,-1.9833319187164307,-0.30455347895622253,-0.12130017578601837,-0.9491711258888245,-0.14600905776023865,-0.1721673458814621,-1.2941867113113403,-0.2446916550397873,-0.2006290853023529,-1.5289064645767212,-0.293355256319046,-0.2153676599264145,-1.726401925086975,-0.3222479820251465
0.0,0.0,0.0,0.3568521738052368,-0.11843691766262054,-0.10338955372571945,0.5645464062690735,-0.4442184269428253,-0.14246217906475067,0.6230708360671997,-0.762990415096283,-0.19274525344371796,0.608811616897583,-1.0102628469467163,-0.23157422244548798,0.4884451627731323,-0.8154231905937195,-0.005242092534899712,0.6342857480049133,-1.0973999500274658,-0.15186242759227753,0.6430028080940247,-1.0606173276901245,-0.2694452106952667,0.5967286825180054,-0.9774896502494812,-0.3243773579597473,0.30563947558403015,-0.9517679214477539,-0.026877479627728462,0.4754888713359833,-1.3423491716384888,-0.09752071648836136,0.5833900570869446,-1.5899046659469604,-0.16059288382530212,0.6637359261512756,-1.8264778852462769,-0.20054125785827637,0.09595650434494019,-0.9901942014694214,-0.08503221720457077,0.07296299189329147,-1.4150218963623047,-0.18124012649059296,0.07003537565469742,-1.6879578828811646,-0.2616238296031952,0.0770680159330368,-1.91981041431427,-0.30646342039108276,-0.11634792387485504,-0.9390398859977722,-0.15527357161045074,-0.1679033786058426,-1.2757993936538696,-0.2358177751302719,-0.19839195907115936,-1.4927078485488892,-0.2706277370452881,-0.2169782668352127,-1.680708408355713,-0.29019537568092346
0.0,0.0,0.0,0.32383090257644653,-0.12821967899799347,-0.12014974653720856,0.5341010689735413,-0.41997668147087097,-0.18308573961257935,0.5857431888580322,-0.723183274269104,-0.2571427524089813,0.5233542919158936,-0.9767388105392456,-0.31452104449272156,0.5130753517150879,-0.8087955117225647,-0.016363978385925293,0.6408185958862305,-1.0898019075393677,-0.18970967829227448,0.5880650877952576,-1.004876971244812,-0.32879331707954407,0.48971298336982727,-0.8763701319694519,-0.39114144444465637,0.32084921002388,-0.9466175436973572,-0.03116185963153839,0.49401554465293884,-1.3245429992675781,-0.10884180665016174,0.5872712731361389,-1.5679898262023926,-0.1739160269498825,0.6634687781333923,-1.8078217506408691,-0.21427497267723083,0.10779966413974762,-0.9839403033256531,-0.08496106415987015,0.08513004332780838,-1.3798600435256958,-0.17318016290664673,0.07665155827999115,-1.6371926069259644,-0.23533983528614044,0.08935835212469101,-1.8623905181884766,-0.2679147720336914,-0.11140638589859009,-0.9253492951393127,-0.15492232143878937,-0.15367799997329712,-1.2401224374771118,-0.21529164910316467,-0.17301464080810547,-1.4416474103927612,-0.22581665217876434,-0.1785406917333603,-1.6165740489959717,-0.2275099903345108
0.0,0.0,0.0,0.3021562993526459,-0.09567748755216599,-0.14117684960365295,0.5163267254829407,-0.40647244453430176,-0.20590068399906158,0.5689457058906555,-0.7243487238883972,-0.2772118151187897,0.5207394361495972,-0.9761242866516113,-0.3305433392524719,0.5439580678939819,-0.7845561504364014,-0.024450933560729027,0.6923609972000122,-1.0451960563659668,-0.1940186619758606,0.6275209784507751,-0.9904130101203918,-0.32860469818115234,0.5064140558242798,-0.8918445110321045,-0.38874125480651855,0.3730950653553009,-0.9273501038551331,-0.02866678684949875,0.5693169236183167,-1.2803760766983032,-0.09899300336837769,0.6842561960220337,-1.5114731788635254,-0.15405644476413727,0.7769116163253784,-1.74264395236969,-0.187253937125206,0.17337048053741455,-0.9702679514884949,-0.07609960436820984,0.17560775578022003,-1.3631733655929565,-0.16842100024223328,0.1839044839143753,-1.621730089187622,-0.2373364269733429,0.19968286156654358,-1.8478705883026123,-0.273226261138916,-0.03930237516760826,-0.9227555990219116,-0.1410416066646576,-0.08277564495801926,-1.2352200746536255,-0.21894387900829315,-0.10500378906726837,-1.4423786401748657,-0.24860885739326477,-0.11833800375461578,-1.6300008296966553,-0.26236724853515625
0.0,0.0,0.0,0.3038175702095032,-0.09500674903392792,-0.11781911551952362,0.5204722285270691,-0.42847251892089844,-0.1566658914089203,0.5773643255233765,-0.7505692839622498,-0.2034565508365631,0.5251696705818176,-0.9872295260429382,-0.23990453779697418,0.5466016530990601,-0.7951692342758179,0.004577219486236572,0.70481276512146,-1.0484144687652588,-0.13370771706104279,0.6633237600326538,-1.0493236780166626,-0.2483035922050476,0.5628830194473267,-0.9885945916175842,-0.30164897441864014,0.38255906105041504,-0.9238728284835815,-0.010374010540544987,0.5668696761131287,-1.2913469076156616,-0.06542221456766129,0.6699143052101135,-1.5259872674942017,-0.11223774403333664,0.7515851855278015,-1.742293357849121,-0.1418207734823227,0.18563488125801086,-0.9599893689155579,-0.0660686194896698,0.2482711523771286,-1.3523014783859253,-0.15393026173114777,0.30885475873947144,-1.6108405590057373,-0.22801139950752258,0.36469587683677673,-1.8356096744537354,-0.27111518383026123,-0.03230051323771477,-0.9215026497840881,-0.1361880600452423,-0.08044184744358063,-1.235063076019287,-0.2339126318693161,-0.1085398867726326,-1.4482537508010864,-0.28050753474235535,-0.12805601954460144,-1.6479777097702026,-0.30585959553718567
0.0,0.0,0.0,0.2906797528266907,-0.10374325513839722,-0.11919383704662323,0.5061309337615967,-0.4367469251155853,-0.16901159286499023,0.5729264616966248,-0.7594557404518127,-0.22837889194488525,0.5080244541168213,-1.0031445026397705,-0.276390939950943,0.5268179178237915,-0.8036543726921082,-0.0052790455520153046,0.6808068156242371,-1.0588973760604858,-0.1589539796113968,0.6306078433990479,-1.0327898263931274,-0.283631831407547,0.521415114402771,-0.948961079120636,-0.34027570486068726,0.3629741966724396,-0.9315080046653748,-0.023294523358345032,0.5465322136878967,-1.300724744796753,-0.08224847912788391,0.646242082118988,-1.5385632514953613,-0.12981903553009033,0.725459098815918,-1.7649006843566895,-0.1598222553730011,0.16792365908622742,-0.9660500288009644,-0.08266662061214447,0.2242155224084854,-1.3521883487701416,-0.16903817653656006,0.28484609723091125,-1.6073461771011353,-0.23672834038734436,0.3406578600406647,-1.8306884765625,-0.2759464979171753,-0.04884583503007889,-0.9239209890365601,-0.15763013064861298,-0.10177531838417053,-1.2329412698745728,-0.25069719552993774,-0.13191799819469452,-1.445326566696167,-0.28977566957473755,-0.15331575274467468,-1.6459951400756836,-0.309724897146225
0.0,0.0,0.0,0.2966926395893097,-0.09724227339029312,-0.11709152907133102,0.508736789226532,-0.4251512587070465,-0.15107816457748413,0.5685749650001526,-0.7418358325958252,-0.19112847745418549,0.5569078326225281,-0.9530650973320007,-0.22051571309566498,0.5519649982452393,-0.7955929636955261,0.0044365813955664635,0.7097406983375549,-1.0451983213424683,-0.11846616864204407,0.6841084361076355,-1.0447345972061157,-0.22345392405986786,0.6113123893737793,-0.9907150268554688,-0.2764972150325775,0.3856062591075897,-0.9226121306419373,-0.009732887148857117,0.5626894235610962,-1.2809377908706665,-0.06573360413312912,0.6547533869743347,-1.504209041595459,-0.12014897167682648,0.7305654287338257,-1.7102875709533691,-0.15722593665122986,0.18764421343803406,-0.9563482403755188,-0.06221150606870651,0.24844639003276825,-1.3413115739822388,-0.15518133342266083,0.30244871973991394,-1.5886147022247314,-0.240727499127388,0.3544168174266815,-1.8037649393081665,-0.29267066717147827,-0.029233857989311218,-0.9165041446685791,-0.12767542898654938,-0.08263247460126877,-1.2317832708358765,-0.2298656702041626,-0.11985486000776291,-1.4389780759811401,-0.2852663993835449,-0.14650563895702362,-1.6333403587341309,-0.3183996379375458
0.0,0.0,0.0,0.3189895749092102,-0.1274302452802658,-0.10635613650083542,0.5345848202705383,-0.4565890431404114,-0.14595822989940643,0.6110890507698059,-0.7909097075462341,-0.2002449333667755,0.6070741415023804,-1.0395959615707397,-0.24347813427448273,0.5611987113952637,-0.8008264303207397,0.029202373698353767,0.7171126008033752,-1.0849477052688599,-0.11685819923877716,0.7206276655197144,-1.0736243724822998,-0.23278586566448212,0.665985643863678,-0.9706650376319885,-0.2815908193588257,0.389315128326416,-0.9210295081138611,0.0117596834897995,0.5723044872283936,-1.2860267162322998,-0.04504503309726715,0.6779791116714478,-1.5078824758529663,-0.0946197435259819,0.7733374238014221,-1.7247161865234375,-0.1247808188199997,0.18839110434055328,-0.9569455981254578,-0.04779979586601257,0.2505449652671814,-1.3480899333953857,-0.13599960505962372,0.31381818652153015,-1.602417230606079,-0.20987221598625183,0.37616488337516785,-1.8215956687927246,-0.25159189105033875,-0.039254117757081985,-0.9233693480491638,-0.12150242179632187,-0.09263452142477036,-1.2443686723709106,-0.21315307915210724,-0.12775404751300812,-1.4587461948394775,-0.25726622343063354,-0.147338405251503,-1.6576128005981445,-0.2804332971572876
0.0,0.0,0.0,0.31831663846969604,-0.11772594600915909,-0.11309365183115005,0.5313111543655396,-0.4368535876274109,-0.1611563116312027,0.6030356884002686,-0.7640772461891174,-0.2205788493156433,0.5946463942527771,-1.0186798572540283,-0.2702804505825043,0.5536769032478333,-0.797173023223877,-0.0006462543969973922,0.7232993245124817,-1.0640130043029785,-0.15126478672027588,0.7158414721488953,-1.056503415107727,-0.27197158336639404,0.6454207301139832,-0.9786837697029114,-0.3272814154624939,0.3836362659931183,-0.9232575297355652,-0.020461110398173332,0.5802333354949951,-1.2923142910003662,-0.08415820449590683,0.6897527575492859,-1.521170735359192,-0.13828761875629425,0.7793057560920715,-1.7402622699737549,-0.1736583262681961,0.17946678400039673,-0.9615793824195862,-0.08055248111486435,0.24385376274585724,-1.3629158735275269,-0.17421510815620422,0.3107295036315918,-1.6224641799926758,-0.2513369619846344,0.3753039240837097,-1.8462306261062622,-0.29671359062194824,-0.04705888405442238,-0.9219362735748291,-0.15441490709781647,-0.10768885910511017,-1.2479802370071411,-0.25360986590385437,-0.14101828634738922,-1.4700512886047363,-0.3008118271827698,-0.1611129343509674,-1.6748285293579102,-0.32665538787841797
0.0,0.0,0.0,0.32330429553985596,-0.1204490140080452,-0.11122966557741165,0.5239718556404114,-0.43694645166397095,-0.1493862122297287,0.5578863024711609,-0.7480720281600952,-0.1962120532989502,0.5358366370201111,-0.9800211191177368,-0.23226897418498993,0.5410094857215881,-0.8142356276512146,-0.004961495287716389,0.6839360594749451,-1.0850565433502197,-0.14018046855926514,0.665597677230835,-1.0649911165237427,-0.24998943507671356,0.5920164585113525,-0.9889127612113953,-0.30097994208335876,0.35996580123901367,-0.9326947331428528,-0.022477878257632256,0.5226194858551025,-1.3113162517547607,-0.08340110629796982,0.6212533712387085,-1.5429757833480835,-0.1366584300994873,0.6981939673423767,-1.7597070932388306,-0.17074409127235413,0.153171107172966,-0.9571352005004883,-0.07760689407587051,0.18365344405174255,-1.3546909093856812,-0.16805361211299896,0.22972260415554047,-1.6125980615615845,-0.24695244431495667,0.27868813276290894,-1.8364830017089844,-0.29298749566078186,-0.06737352162599564,-0.8995373845100403,-0.14579549431800842,-0.13571931421756744,-1.2157469987869263,-0.23976214230060577,-0.17016834020614624,-1.4312719106674194,-0.2863265573978424,-0.19343426823616028,-1.6304028034210205,-0.3119383752346039
0.0,0.0,0.0,0.2971229553222656,-0.12558038532733917,-0.12701235711574554,0.4959147572517395,-0.46771252155303955,-0.18376874923706055,0.5423699021339417,-0.7932193875312805,-0.25065454840660095,0.47931772470474243,-1.0371371507644653,-0.3055320084095001,0.49890783429145813,-0.8272712230682373,-0.015722280368208885,0.6347677707672119,-1.0890389680862427,-0.17429204285144806,0.585028350353241,-1.0412790775299072,-0.29656732082366943,0.4837745130062103,-0.9405383467674255,-0.35001760721206665,0.32355573773384094,-0.9456854462623596,-0.031475406140089035,0.48065102100372314,-1.3217300176620483,-0.0900208130478859,0.5625200271606445,-1.5556837320327759,-0.12970326840877533,0.6290377378463745,-1.790378212928772,-0.15296600759029388,0.12417569756507874,-0.9635329842567444,-0.09031692892313004,0.14206300675868988,-1.3590375185012817,-0.181614950299263,0.17268313467502594,-1.6241062879562378,-0.24815291166305542,0.20406635105609894,-1.8609434366226196,-0.2847137153148651,-0.08962678909301758,-0.8950837254524231,-0.16503331065177917,-0.17703641951084137,-1.1991709470748901,-0.26447075605392456,-0.2297746241092682,-1.4154553413391113,-0.30740591883659363,-0.27209120988845825,-1.6204769611358643,-0.32860052585601807
0.0,0.0,0.0,0.2961631715297699,-0.12690845131874084,-0.11939696967601776,0.4956050217151642,-0.4782293736934662,-0.16419926285743713,0.5114732384681702,-0.8042505383491516,-0.21963557600975037,0.42561185359954834,-1.0390050411224365,-0.263044536113739,0.4967719614505768,-0.8370516896247864,-0.007711088750511408,0.6222130060195923,-1.120110034942627,-0.1630094200372696,0.5666576027870178,-1.0564228296279907,-0.28398197889328003,0.4686478078365326,-0.9398593306541443,-0.33849671483039856,0.31911543011665344,-0.947344183921814,-0.026539640501141548,0.46140429377555847,-1.3352198600769043,-0.08739233762025833,0.5350401401519775,-1.576117992401123,-0.13943910598754883,0.5952929854393005,-1.814089059829712,-0.17420288920402527,0.1180787906050682,-0.954738974571228,-0.08655429631471634,0.1261412501335144,-1.3515355587005615,-0.1781049221754074,0.1470053344964981,-1.6167508363723755,-0.2577163279056549,0.17345759272575378,-1.8585894107818604,-0.30666452646255493,-0.09703636914491653,-0.8767651915550232,-0.161087304353714,-0.1865934580564499,-1.1691042184829712,-0.25864753127098083,-0.24156291782855988,-1.3722389936447144,-0.30688104033470154,-0.28554821014404297,-1.5681179761886597,-0.33499807119369507
0.0,0.0,0.0,0.29366111755371094,-0.11556711792945862,-0.14343573153018951,0.4957612156867981,-0.455171674489975,-0.20777742564678192,0.5088109970092773,-0.7930359840393066,-0.2806561589241028,0.4107082188129425,-1.044630527496338,-0.3400816321372986,0.4991946220397949,-0.8342879414558411,-0.02411014586687088,0.6190842986106873,-1.123046875,-0.19466988742351532,0.5661266446113586,-1.0646013021469116,-0.3248876929283142,0.46986183524131775,-0.9486560225486755,-0.38253724575042725,0.3199397325515747,-0.9467470645904541,-0.036173008382320404,0.4565041661262512,-1.3465391397476196,-0.10508423298597336,0.5245490074157715,-1.590269923210144,-0.1618720293045044,0.580678403377533,-1.8366317749023438,-0.19884520769119263,0.12217061221599579,-0.956248939037323,-0.092493936419487,0.11827397346496582,-1.3584790229797363,-0.1906558722257614,0.13350267708301544,-1.6254355907440186,-0.2701146602630615,0.15250776708126068,-1.8706541061401367,-0.31764304637908936,-0.0872890055179596,-0.8819553256034851,-0.16604016721248627,-0.16476301848888397,-1.1820859909057617,-0.2652580142021179,-0.21144963800907135,-1.3901865482330322,-0.3135651648044586,-0.25114041566848755,-1.5901825428009033,-0.3415203392505646
0.0,0.0,0.0,0.29243233799934387,-0.12516087293624878,-0.14356175065040588,0.48564547300338745,-0.4699343740940094,-0.20906448364257812,0.49992403388023376,-0.8040774464607239,-0.2829693853855133,0.4028122127056122,-1.052916169166565,-0.34318843483924866,0.48535284399986267,-0.8422753810882568,-0.02804795280098915,0.6089933514595032,-1.1219496726989746,-0.2008242905139923,0.551677942276001,-1.0526471138000488,-0.33107224106788635,0.44865095615386963,-0.9331303834915161,-0.3876687288284302,0.3062703609466553,-0.9510770440101624,-0.04063346982002258,0.4453414976596832,-1.3474723100662231,-0.10830207914113998,0.516456127166748,-1.5917754173278809,-0.15987493097782135,0.5735843777656555,-1.8380991220474243,-0.19198833405971527,0.10792417079210281,-0.9552929997444153,-0.0980721041560173,0.10301103442907333,-1.3536348342895508,-0.1967783272266388,0.11660310626029968,-1.6204372644424438,-0.2753680348396301,0.13416092097759247,-1.8649442195892334,-0.32126638293266296,-0.1020011305809021,-0.8729482889175415,-0.1725497543811798,-0.1930086612701416,-1.160995364189148,-0.2743939459323883,-0.24851487576961517,-1.361274242401123,-0.3225005269050598,-0.2967161536216736,-1.5530542135238647,-0.3488924503326416
0.0,0.0,0.0,0.30142179131507874,-0.12526610493659973,-0.1293170154094696,0.48916158080101013,-0.46655774116516113,-0.18233950436115265,0.4886031150817871,-0.7967469096183777,-0.24397224187850952,0.4186457395553589,-1.0399588346481323,-0.29272139072418213,0.4908944368362427,-0.8396808505058289,-0.01459217257797718,0.6045964360237122,-1.1146212816238403,-0.16693659126758575,0.5430583953857422,-1.0661767721176147,-0.28807446360588074,0.4413747191429138,-0.966329038143158,-0.3437654674053192,0.3058069348335266,-0.9516339302062988,-0.02957712486386299,0.4348774552345276,-1.3442981243133545,-0.0893368124961853,0.49804994463920593,-1.5870133638381958,-0.14317668974399567,0.5474807024002075,-1.825086236000061,-0.17824162542819977,0.10402591526508331,-0.9593814611434937,-0.08542412519454956,0.08626563847064972,-1.3558987379074097,-0.17795883119106293,0.0953698605298996,-1.6260287761688232,-0.260092169046402,0.11102089285850525,-1.8731482028961182,-0.30945059657096863,-0.10562233626842499,-0.878462016582489,-0.1561087667942047,-0.1999811977148056,-1.174133062362671,-0.254530668258667,-0.25750887393951416,-1.3769268989562988,-0.30231767892837524,-0.3054511845111847,-1.5700156688690186,-0.3289167284965515
0.0,0.0,0.0,0.29792502522468567,-0.1258412003517151,-0.12013987451791763,0.49896439909935,-0.4561011493206024,-0.17631886899471283,0.5335362553596497,-0.7748613953590393,-0.24283598363399506,0.4461025297641754,-1.0160105228424072,-0.2994126081466675,0.4727911353111267,-0.8366923928260803,-0.0204209815710783,0.6184309720993042,-1.1088122129440308,-0.17608805000782013,0.5716092586517334,-1.067291021347046,-0.30244311690330505,0.47412580251693726,-0.9768298268318176,-0.3639468848705292,0.30295196175575256,-0.9519965052604675,-0.04385051876306534,0.46709144115448,-1.3460862636566162,-0.11480021476745605,0.5500926971435547,-1.6005499362945557,-0.18161316215991974,0.6142846941947937,-1.8387291431427002,-0.2269565463066101,0.10572459548711777,-0.9633057117462158,-0.1056191474199295,0.11241072416305542,-1.3768465518951416,-0.205525740981102,0.1257948875427246,-1.6507911682128906,-0.296883225440979,0.14823339879512787,-1.892430305480957,-0.3535380959510803,-0.097391277551651,-0.8850796818733215,-0.18048177659511566,-0.17751580476760864,-1.1841155290603638,-0.2837291359901428,-0.22847409546375275,-1.3949767351150513,-0.337428480386734,-0.2682498097419739,-1.5944949388504028,-0.36999958753585815
0.0,0.0,0.0,0.2875257134437561,-0.13415716588497162,-0.13714466989040375,0.4868223965167999,-0.4526546597480774,-0.2021370679140091,0.48568078875541687,-0.7680558562278748,-0.2732070982456207,0.40129077434539795,-1.0084786415100098,-0.33064350485801697,0.4909832775592804,-0.8422366380691528,-0.04759492352604866,0.5935471057891846,-1.134655475616455,-0.21565131843090057,0.5106785893440247,-1.091671109199524,-0.34488144516944885,0.39657387137413025,-0.9955897927284241,-0.40680161118507385,0.29862022399902344,-0.9521719217300415,-0.06476546823978424,0.44073590636253357,-1.3390271663665771,-0.14582563936710358,0.5099415183067322,-1.5974700450897217,-0.21374905109405518,0.5650370121002197,-1.8574151992797852,-0.2604650855064392,0.090151347219944,-0.9575883150100708,-0.12121151387691498,0.07789172232151031,-1.3586347103118896,-0.22911711037158966,0.07099148631095886,-1.63040030002594,-0.3171711564064026,0.07688338309526443,-1.8781850337982178,-0.3710506856441498,-0.12744036316871643,-0.8682896494865417,-0.1921352744102478,-0.2378106266260147,-1.1614599227905273,-0.2988981306552887,-0.2986237108707428,-1.3647302389144897,-0.34985217452049255,-0.34317341446876526,-1.5570873022079468,-0.3791917562484741
0.0,0.0,0.0,0.2911175787448883,-0.1423986852169037,-0.12311744689941406,0.47133323550224304,-0.44981297850608826,-0.1783691644668579,0.4393836259841919,-0.741466760635376,-0.24050605297088623,0.3868032991886139,-0.9717875123023987,-0.2876943349838257,0.4833419919013977,-0.8450833559036255,-0.05032112076878548,0.5857345461845398,-1.13981032371521,-0.2127828598022461,0.49575966596603394,-1.0637173652648926,-0.3387490212917328,0.38040363788604736,-0.9483650326728821,-0.39945346117019653,0.2938567101955414,-0.9531910419464111,-0.07123913615942001,0.42294445633888245,-1.3415558338165283,-0.15030114352703094,0.4842791259288788,-1.5947027206420898,-0.22282539308071136,0.5281128883361816,-1.8441280126571655,-0.2742469906806946,0.08161915838718414,-0.9545491933822632,-0.12778598070144653,0.061870358884334564,-1.3564345836639404,-0.23302146792411804,0.053279027342796326,-1.622747540473938,-0.333022803068161,0.05741657316684723,-1.8718401193618774,-0.3961845338344574,-0.13668221235275269,-0.8579471707344055,-0.19580693542957306,-0.25124672055244446,-1.1474183797836304,-0.2972360849380493,-0.31965598464012146,-1.3387786149978638,-0.3507331907749176,-0.3748739957809448,-1.5190870761871338,-0.382514089345932
0.0,0.0,0.0,0.2752598822116852,-0.1460358202457428,-0.1384485960006714,0.4642101228237152,-0.4211432635784149,-0.21176116168498993,0.4048294723033905,-0.6935127973556519,-0.28978195786476135,0.2987602651119232,-0.9179757833480835,-0.3519221246242523,0.46370241045951843,-0.8580768704414368,-0.07411492615938187,0.5473185777664185,-1.1481890678405762,-0.24430368840694427,0.444786012172699,-1.056257724761963,-0.37746915221214294,0.32466694712638855,-0.9259320497512817,-0.4422030746936798,0.2637256681919098,-0.9600666165351868,-0.0933849886059761,0.37997254729270935,-1.3393945693969727,-0.17271679639816284,0.430279940366745,-1.594954252243042,-0.24899156391620636,0.46553125977516174,-1.8497856855392456,-0.30495598912239075,0.044016145169734955,-0.9501974582672119,-0.14874684810638428,0.010458475910127163,-1.3412301540374756,-0.25212177634239197,-0.012964979745447636,-1.609119176864624,-0.3546963930130005,-0.02200678363442421,-1.857437252998352,-0.4210777282714844,-0.1806282103061676,-0.8395889401435852,-0.21708233654499054,-0.3111568093299866,-1.1231179237365723,-0.3174390494823456,-0.3919738531112671,-1.312431812286377,-0.3702695369720459,-0.45812156796455383,-1.4889414310455322,-0.4014143645763397
0.0,0.0,0.0,0.2542933523654938,-0.15113523602485657,-0.1591968685388565,0.419009804725647,-0.42698603868484497,-0.24710416793823242,0.32494792342185974,-0.6945584416389465,-0.3351761996746063,0.18323393166065216,-0.9114131927490234,-0.4062595069408417,0.43412771821022034,-0.8677212595939636,-0.10558050125837326,0.5149142146110535,-1.1564701795578003,-0.2905530035495758,0.3952741026878357,-1.039368748664856,-0.43676644563674927,0.26384928822517395,-0.887606143951416,-0.509728729724884,0.22511281073093414,-0.9670169353485107,-0.11917450278997421,0.33518561720848083,-1.3589849472045898,-0.20141300559043884,0.3719480335712433,-1.618366003036499,-0.28351864218711853,0.39263981580734253,-1.8762356042861938,-0.34698963165283203,-0.003849559696391225,-0.9486250281333923,-0.17074857652187347,-0.04278876259922981,-1.3490965366363525,-0.27741914987564087,-0.07546677440404892,-1.6220322847366333,-0.3899049758911133,-0.10043871402740479,-1.8731064796447754,-0.4651840925216675,-0.23525887727737427,-0.8266164660453796,-0.2364981472492218,-0.3749033808708191,-1.1136019229888916,-0.3421458303928375,-0.46906813979148865,-1.3066834211349487,-0.40141329169273376,-0.5559443235397339,-1.48336923122406,-0.4384939968585968
0.0,0.0,0.0,0.2506658732891083,-0.14111760258674622,-0.15354178845882416,0.42404988408088684,-0.41290390491485596,-0.2366955280303955,0.33249297738075256,-0.6514237523078918,-0.3192884624004364,0.16395804286003113,-0.8391230702400208,-0.38494500517845154,0.410296767950058,-0.872817873954773,-0.10987573117017746,0.48816829919815063,-1.1539255380630493,-0.28589650988578796,0.3840142488479614,-0.9964342713356018,-0.42625096440315247,0.2653835713863373,-0.8316838145256042,-0.49772563576698303,0.20262156426906586,-0.9708118438720703,-0.1283309906721115,0.3005352318286896,-1.3626456260681152,-0.21244877576828003,0.3277890682220459,-1.617571473121643,-0.3016183078289032,0.33384448289871216,-1.8680248260498047,-0.369976669549942,-0.030709654092788696,-0.9462310671806335,-0.18228945136070251,-0.08314026147127151,-1.3485549688339233,-0.2945408523082733,-0.13393311202526093,-1.6178842782974243,-0.4173387289047241,-0.17500780522823334,-1.8706753253936768,-0.49887874722480774,-0.26049086451530457,-0.8182870745658875,-0.24821652472019196,-0.41083335876464844,-1.0969345569610596,-0.3587343096733093,-0.5196269154548645,-1.2833266258239746,-0.4233788251876831,-0.6214683651924133,-1.462148904800415,-0.4647024869918823
0.0,0.0,0.0,0.2459363490343094,-0.14011427760124207,-0.1597944051027298,0.42109382152557373,-0.4019792377948761,-0.247588112950325,0.32358917593955994,-0.6174526214599609,-0.3330731987953186,0.13600294291973114,-0.7665513753890991,-0.4027714729309082,0.3838897943496704,-0.8805995583534241,-0.11940760910511017,0.4576219320297241,-1.1274566650390625,-0.30206984281539917,0.3575064241886139,-0.9682388305664062,-0.449386328458786,0.2410731166601181,-0.8106199502944946,-0.5256832838058472,0.16927704215049744,-0.9756238460540771,-0.13965433835983276,0.25296247005462646,-1.3596014976501465,-0.2275102287530899,0.27202945947647095,-1.6163198947906494,-0.31812411546707153,0.2736040949821472,-1.8737318515777588,-0.3875923454761505,-0.0647725835442543,-0.9445468783378601,-0.1961309015750885,-0.13349390029907227,-1.3410980701446533,-0.3130432665348053,-0.19869345426559448,-1.6101940870285034,-0.4399539530277252,-0.25107720494270325,-1.8705220222473145,-0.5241720676422119,-0.29236647486686707,-0.8063830137252808,-0.2651270031929016,-0.4637243151664734,-1.0769495964050293,-0.37636497616767883,-0.5888911485671997,-1.2531300783157349,-0.4402943551540375,-0.7052597403526306,-1.4248971939086914,-0.4818096160888672
0.0,0.0,0.0,0.2538531720638275,-0.1341424286365509,-0.17216718196868896,0.4257551431655884,-0.41058674454689026,-0.26026651263237,0.3047971725463867,-0.6502602100372314,-0.34489861130714417,0.1560392826795578,-0.8297194242477417,-0.4119529128074646,0.3937031626701355,-0.87907475233078,-0.12282884120941162,0.4591936767101288,-1.1622803211212158,-0.303604394197464,0.34938913583755493,-1.0201077461242676,-0.44532299041748047,0.22403199970722198,-0.8576913475990295,-0.5177120566368103,0.17872639000415802,-0.9750251770019531,-0.13184306025505066,0.26150932908058167,-1.3595092296600342,-0.22043749690055847,0.27877500653266907,-1.605463981628418,-0.3088190257549286,0.2830463945865631,-1.853079080581665,-0.3755892813205719,-0.052183568477630615,-0.949084460735321,-0.17841461300849915,-0.1214660033583641,-1.3457142114639282,-0.29534268379211426,-0.18949031829833984,-1.6050578355789185,-0.4173700213432312,-0.24080446362495422,-1.8521398305892944,-0.49754655361175537,-0.27727144956588745,-0.8171219825744629,-0.23900078237056732,-0.4350721836090088,-1.0908901691436768,-0.35453951358795166,-0.5532310009002686,-1.2669007778167725,-0.42161825299263,-0.6596418619155884,-1.440267562866211,-0.4634202718734741
0.0,0.0,0.0,0.272590309381485,-0.14757132530212402,-0.12951943278312683,0.4490782916545868,-0.4473552405834198,-0.1855860948562622,0.3890399932861328,-0.7047861218452454,-0.24642132222652435,0.3067152500152588,-0.8865811228752136,-0.29332929849624634,0.42322391271591187,-0.8722474575042725,-0.06781651079654694,0.4981843829154968,-1.1579372882843018,-0.2249312400817871,0.4307032823562622,-1.0662199258804321,-0.3462693393230438,0.34131675958633423,-0.9352229237556458,-0.4054360091686249,0.2206079363822937,-0.9713740944862366,-0.08811647444963455,0.3110957443714142,-1.3545622825622559,-0.16143584251403809,0.3513338267803192,-1.5979971885681152,-0.2324235886335373,0.3804594576358795,-1.837371587753296,-0.2851022481918335,0.0001422630448359996,-0.9571622610092163,-0.14384037256240845,-0.058032866567373276,-1.3513195514678955,-0.24551178514957428,-0.10521045327186584,-1.6069315671920776,-0.35244831442832947,-0.1332021802663803,-1.8447444438934326,-0.422541081905365,-0.21926109492778778,-0.8402915596961975,-0.2120228111743927,-0.3614182472229004,-1.1178264617919922,-0.31406670808792114,-0.46184590458869934,-1.3007373809814453,-0.37490835785865784,-0.5494557023048401,-1.4787335395812988,-0.4137672483921051
0.0,0.0,0.0,0.30097174644470215,-0.1556667536497116,-0.11322812736034393,0.4693853557109833,-0.4946008324623108,-0.158377543091774,0.4219585657119751,-0.779112696647644,-0.21253277361392975,0.3304803669452667,-0.9643788933753967,-0.2542544901371002,0.44834548234939575,-0.8691920638084412,-0.04120451584458351,0.536253035068512,-1.1487252712249756,-0.20307548344135284,0.46517977118492126,-1.0471597909927368,-0.32743561267852783,0.3596973121166229,-0.9075148105621338,-0.3855883479118347,0.2508343756198883,-0.9657853841781616,-0.06588476151227951,0.349916934967041,-1.3558021783828735,-0.13779819011688232,0.3975759744644165,-1.602331280708313,-0.20287050306797028,0.42871442437171936,-1.8462923765182495,-0.2497926503419876,0.03524279594421387,-0.9519191980361938,-0.1271359622478485,-0.015121860429644585,-1.3463916778564453,-0.22577443718910217,-0.04300817847251892,-1.6147770881652832,-0.3214423358440399,-0.057761676609516144,-1.8644583225250244,-0.3828888535499573,-0.1826021671295166,-0.8458844423294067,-0.20038095116615295,-0.31561440229415894,-1.1315267086029053,-0.2967362403869629,-0.39953330159187317,-1.3264588117599487,-0.34906893968582153,-0.4707593619823456,-1.5162107944488525,-0.38218745589256287
0.0,0.0,0.0,0.29009711742401123,-0.14695629477500916,-0.1277630478143692,0.4717664122581482,-0.45661303400993347,-0.1978015899658203,0.4511156976222992,-0.7581297159194946,-0.2774396240711212,0.35170692205429077,-0.9901833534240723,-0.3456980884075165,0.4323986768722534,-0.8620441555976868,-0.06146807596087456,0.5470467209815979,-1.1528297662734985,-0.24264854192733765,0.5088055729866028,-1.0789809226989746,-0.3803957998752594,0.42377400398254395,-0.9535659551620483,-0.445564866065979,0.23961931467056274,-0.9670058488845825,-0.08649999648332596,0.3563620150089264,-1.3708853721618652,-0.17464886605739594,0.4181150197982788,-1.628916621208191,-0.24922926723957062,0.45923399925231934,-1.8817731142044067,-0.3018217384815216,0.029680538922548294,-0.9601114988327026,-0.14920596778392792,-0.011763705871999264,-1.3753961324691772,-0.260019987821579,-0.03863649442791939,-1.6561901569366455,-0.3560017943382263,-0.051885273307561874,-1.9101604223251343,-0.4166842997074127,-0.18452440202236176,-0.856311559677124,-0.22525732219219208,-0.30904895067214966,-1.1533445119857788,-0.33137214183807373,-0.3880820572376251,-1.3632773160934448,-0.3868016004562378,-0.4534494876861572,-1.5622704029083252,-0.4209449887275696
0.0,0.0,0.0,0.29050958156585693,-0.15292325615882874,-0.1443089246749878,0.461011677980423,-0.45951148867607117,-0.21836543083190918,0.42464056611061096,-0.7623593211174011,-0.29654479026794434,0.3237854540348053,-0.9959666728973389,-0.3616750240325928,0.44168737530708313,-0.8695374131202698,-0.08485306799411774,0.5288430452346802,-1.1709483861923218,-0.2599020302295685,0.46217548847198486,-1.0943151712417603,-0.3930181562900543,0.36526748538017273,-0.969831645488739,-0.4577871859073639,0.23396722972393036,-0.9669782519340515,-0.10105612128973007,0.33211684226989746,-1.3726073503494263,-0.18912173807621002,0.3838493227958679,-1.6351691484451294,-0.2659747302532196,0.4190642833709717,-1.8958882093429565,-0.3223569989204407,0.013315098360180855,-0.9524821043014526,-0.15439051389694214,-0.041827242821455,-1.3615862131118774,-0.2701111435890198,-0.07768556475639343,-1.6417893171310425,-0.3742632567882538,-0.10049934685230255,-1.8942115306854248,-0.44052350521087646,-0.20565958321094513,-0.8423866629600525,-0.22104530036449432,-0.3436223566532135,-1.1399339437484741,-0.3346693515777588,-0.43049392104148865,-1.3439737558364868,-0.3968431353569031,-0.506046712398529,-1.5341557264328003,-0.4351428151130676
0.0,0.0,0.0,0.2831205129623413,-0.15062351524829865,-0.15861102938652039,0.4536227583885193,-0.4567963182926178,-0.2368268519639969,0.39538341760635376,-0.7656940817832947,-0.31661736965179443,0.28494536876678467,-0.9964863061904907,-0.3812479078769684,0.4218364655971527,-0.8829626441001892,-0.09497730433940887,0.49505308270454407,-1.213727593421936,-0.2685965895652771,0.4151311218738556,-1.1278204917907715,-0.39682239294052124,0.3143407106399536,-0.9900969862937927,-0.4576151371002197,0.20928922295570374,-0.9721848368644714,-0.10514134168624878,0.3062838315963745,-1.3910411596298218,-0.19236315786838531,0.34715884923934937,-1.6593965291976929,-0.26971933245658875,0.37387555837631226,-1.9292906522750854,-0.32801616191864014,-0.01346056628972292,-0.953118622303009,-0.1539260447025299,-0.07918643206357956,-1.3644216060638428,-0.2719271779060364,-0.1292949914932251,-1.6500389575958252,-0.38119804859161377,-0.1652154177427292,-1.9047061204910278,-0.4516351819038391,-0.23594829440116882,-0.8432700037956238,-0.21688538789749146,-0.38271334767341614,-1.1479394435882568,-0.3326927125453949,-0.47519105672836304,-1.3539093732833862,-0.3981586992740631,-0.5560191869735718,-1.5460728406906128,-0.4398581087589264
0.0,0.0,0.0,0.2943688929080963,-0.15304364264011383,-0.1770288348197937,0.45653969049453735,-0.4699976146221161,-0.26056990027427673,0.3764309287071228,-0.7849693298339844,-0.34020882844924927,0.24064400792121887,-1.0055632591247559,-0.4031548798084259,0.4299875795841217,-0.8883441686630249,-0.11293543875217438,0.4811558425426483,-1.2181406021118164,-0.2874634265899658,0.3782455623149872,-1.128695011138916,-0.4153142273426056,0.2664016783237457,-0.9922979474067688,-0.47705078125,0.20865172147750854,-0.9715439677238464,-0.11210150271654129,0.29313188791275024,-1.3886791467666626,-0.20028327405452728,0.3216281533241272,-1.655584454536438,-0.2744654417037964,0.3405514359474182,-1.927014946937561,-0.3311713635921478,-0.018940983340144157,-0.946015477180481,-0.15170666575431824,-0.0964774563908577,-1.3501900434494019,-0.27436062693595886,-0.15515224635601044,-1.6299350261688232,-0.3830633759498596,-0.20052948594093323,-1.8795307874679565,-0.4520290791988373,-0.24251879751682281,-0.8328450322151184,-0.20650701224803925,-0.40039703249931335,-1.1391878128051758,-0.32626479864120483,-0.4978170394897461,-1.343965768814087,-0.393110454082489,-0.5830633044242859,-1.5343585014343262,-0.43550845980644226
0.0,0.0,0.0,0.2773583233356476,-0.1724734753370285,-0.19871099293231964,0.4239720404148102,-0.48773401975631714,-0.30345457792282104,0.3055076599121094,-0.8063903450965881,-0.4018203318119049,0.10200073570013046,-0.9922934174537659,-0.48310497403144836,0.42340704798698425,-0.9007889628410339,-0.11725188791751862,0.42888253927230835,-1.2180523872375488,-0.29755502939224243,0.2958166003227234,-1.1237399578094482,-0.4333813190460205,0.17480340600013733,-0.9741647243499756,-0.4986300468444824,0.19111715257167816,-0.9755722284317017,-0.1083192378282547,0.25053030252456665,-1.3820925951004028,-0.18588009476661682,0.2593247890472412,-1.6459323167800903,-0.24946144223213196,0.27030467987060547,-1.9123600721359253,-0.2986946403980255,-0.03861832618713379,-0.9423635005950928,-0.14338088035583496,-0.12827984988689423,-1.3328958749771118,-0.2564604878425598,-0.19117045402526855,-1.6051342487335205,-0.3531058728694916,-0.23734241724014282,-1.8407076597213745,-0.4135161340236664,-0.261471152305603,-0.8191385269165039,-0.19726014137268066,-0.4333936870098114,-1.1148490905761719,-0.31005188822746277,-0.5325813889503479,-1.3110644817352295,-0.3676879405975342,-0.6170447468757629,-1.485538363456726,-0.40247175097465515
0.0,0.0,0.0,0.27882087230682373,-0.1605173796415329,-0.22267989814281464,0.423003613948822,-0.5074533820152283,-0.33510908484458923,0.29488450288772583,-0.8518955707550049,-0.4380588233470917,0.06788147985935211,-1.0519963502883911,-0.5230379700660706,0.4230698347091675,-0.8960540890693665,-0.12740696966648102,0.4303537905216217,-1.216694712638855,-0.3216412663459778,0.32406020164489746,-1.1430816650390625,-0.4564613997936249,0.2219661921262741,-0.9998275637626648,-0.5160077810287476,0.18746039271354675,-0.9757425785064697,-0.11307094991207123,0.24265934526920319,-1.3978279829025269,-0.20052257180213928,0.25007617473602295,-1.6693309545516968,-0.26065945625305176,0.2622421085834503,-1.9408135414123535,-0.302689790725708,-0.04364271089434624,-0.941666841506958,-0.14836853742599487,-0.14225846529006958,-1.3542579412460327,-0.28234562277793884,-0.21622464060783386,-1.6324918270111084,-0.3875817656517029,-0.27201539278030396,-1.8685742616653442,-0.4481600821018219,-0.27040961384773254,-0.8192926645278931,-0.20396211743354797,-0.4457899034023285,-1.1256879568099976,-0.3400864899158478,-0.5532641410827637,-1.3272007703781128,-0.4140583872795105,-0.6473798155784607,-1.5070477724075317,-0.45740795135498047
0.0,0.0,0.0,0.27249738574028015,-0.17661477625370026,-0.19943617284297943,0.4078288674354553,-0.5112238526344299,-0.30340075492858887,0.2763519585132599,-0.8358237743377686,-0.3985852897167206,0.05620098486542702,-1.0307108163833618,-0.47783327102661133,0.4094659686088562,-0.902981162071228,-0.13206356763839722,0.4052848815917969,-1.2208542823791504,-0.3118329644203186,0.27862873673439026,-1.149729609489441,-0.4438197612762451,0.15702788531780243,-1.0216343402862549,-0.507398784160614,0.17462024092674255,-0.9768626689910889,-0.12347939610481262,0.2230003923177719,-1.387892723083496,-0.20495253801345825,0.2298288494348526,-1.6573296785354614,-0.26648402214050293,0.23523648083209991,-1.9218754768371582,-0.31316909193992615,-0.05584781989455223,-0.9380453824996948,-0.15771126747131348,-0.16486571729183197,-1.3426388502120972,-0.27796149253845215,-0.23999889194965363,-1.615270733833313,-0.37600213289260864,-0.29841065406799316,-1.8518402576446533,-0.43610677123069763,-0.2765011787414551,-0.8091219663619995,-0.20975852012634277,-0.4610445201396942,-1.1093283891677856,-0.33420276641845703,-0.5707190036773682,-1.3040286302566528,-0.39842623472213745,-0.6660822033882141,-1.4802868366241455,-0.4364677965641022
0.0,0.0,0.0,0.271097868680954,-0.1813993602991104,-0.20728884637355804,0.39383476972579956,-0.5074934363365173,-0.31440290808677673,0.2492021918296814,-0.8238986730575562,-0.4121849834918976,0.03686794266104698,-1.027609944343567,-0.4932416081428528,0.4087108075618744,-0.9004889130592346,-0.12795160710811615,0.40746214985847473,-1.2043198347091675,-0.31387028098106384,0.29195401072502136,-1.1401408910751343,-0.4507220685482025,0.18426813185214996,-1.012160062789917,-0.5166459679603577,0.17425912618637085,-0.9775427579879761,-0.1185072511434555,0.21623815596103668,-1.3850538730621338,-0.20546217262744904,0.21803626418113708,-1.655032992362976,-0.27512890100479126,0.2230253964662552,-1.9198615550994873,-0.3277548849582672,-0.05742870271205902,-0.942611038684845,-0.1543225198984146,-0.16872838139533997,-1.3426542282104492,-0.2815023362636566,-0.25045403838157654,-1.614385962486267,-0.39448195695877075,-0.31131288409233093,-1.850546956062317,-0.4649817645549774,-0.278481125831604,-0.814762532711029,-0.20838776230812073,-0.4694196581840515,-1.1094225645065308,-0.3355402648448944,-0.5821090340614319,-1.3039028644561768,-0.4101913571357727,-0.6793767809867859,-1.4788545370101929,-0.4577208161354065
0.0,0.0,0.0,0.28349459171295166,-0.17384456098079681,-0.21089546382427216,0.4094877243041992,-0.5126801133155823,-0.3097269535064697,0.25527694821357727,-0.8252008557319641,-0.39843347668647766,0.030339481309056282,-0.9870401620864868,-0.46893739700317383,0.41581255197525024,-0.9034098982810974,-0.11745760589838028,0.4277117848396301,-1.2225974798202515,-0.2904275357723236,0.313170462846756,-1.1563773155212402,-0.4165481626987457,0.2091735601425171,-1.0242379903793335,-0.4749552309513092,0.183362677693367,-0.9775981307029724,-0.10334416478872299,0.2343401312828064,-1.3977116346359253,-0.18161694705486298,0.2302357703447342,-1.6685317754745483,-0.24666857719421387,0.2292003333568573,-1.9269813299179077,-0.294100284576416,-0.05006536468863487,-0.9443665146827698,-0.13533221185207367,-0.1634572446346283,-1.350874423980713,-0.2584753632545471,-0.2520405054092407,-1.6280518770217896,-0.37783706188201904,-0.32165592908859253,-1.8628047704696655,-0.45048844814300537,-0.27415111660957336,-0.8225452899932861,-0.1855522245168686,-0.4587878882884979,-1.1320680379867554,-0.30765336751937866,-0.5759994387626648,-1.3286280632019043,-0.3832781910896301,-0.6816350221633911,-1.500038743019104,-0.4314662218093872
0.0,0.0,0.0,0.2826814651489258,-0.16864106059074402,-0.1596844643354416,0.43065470457077026,-0.46905165910720825,-0.23766307532787323,0.3437117636203766,-0.7292901277542114,-0.3132455050945282,0.20704235136508942,-0.8913806080818176,-0.37366920709609985,0.4152940511703491,-0.887352705001831,-0.11880581080913544,0.4638914167881012,-1.2111177444458008,-0.27999821305274963,0.36997872591018677,-1.146435260772705,-0.3987441062927246,0.27270686626434326,-1.0352965593338013,-0.4566853940486908,0.19153480231761932,-0.973139226436615,-0.12772789597511292,0.2662484645843506,-1.3968009948730469,-0.2121635228395462,0.279953271150589,-1.6685857772827148,-0.2825583517551422,0.28131958842277527,-1.9253528118133545,-0.3331897556781769,-0.041701626032590866,-0.9501916766166687,-0.17248506844043732,-0.14382803440093994,-1.364043951034546,-0.2890022397041321,-0.22405168414115906,-1.6394896507263184,-0.4018367528915405,-0.28545325994491577,-1.8839359283447266,-0.47168678045272827,-0.26438403129577637,-0.8334292769432068,-0.2304166555404663,-0.43791088461875916,-1.1463897228240967,-0.3411846160888672,-0.5533680319786072,-1.3466209173202515,-0.40498435497283936,-0.653521716594696,-1.5325584411621094,-0.4448810815811157
0.0,0.0,0.0,0.27361491322517395,-0.1567074954509735,-0.18390989303588867,0.42915064096450806,-0.442268431186676,-0.28503772616386414,0.4060767590999603,-0.735620379447937,-0.3842315077781677,0.3452067971229553,-0.9705879092216492,-0.4652307629585266,0.4265691041946411,-0.8761924505233765,-0.1267092227935791,0.4957610070705414,-1.1809989213943481,-0.3183964788913727,0.40644633769989014,-1.107047200202942,-0.4568845331668854,0.29609790444374084,-0.9870041608810425,-0.5199101567268372,0.20975615084171295,-0.9695305228233337,-0.1265421211719513,0.3041010797023773,-1.3855260610580444,-0.22245310246944427,0.33750370144844055,-1.645984411239624,-0.2863742709159851,0.3588486611843109,-1.9131745100021362,-0.3269995450973511,-0.015088940039277077,-0.9561141133308411,-0.16837473213672638,-0.09641546756029129,-1.367091417312622,-0.29174360632896423,-0.15293686091899872,-1.6398111581802368,-0.38080018758773804,-0.1924113631248474,-1.8924329280853271,-0.4295285642147064,-0.2351817935705185,-0.8496567606925964,-0.22789230942726135,-0.38555917143821716,-1.1663724184036255,-0.3427482843399048,-0.4853968620300293,-1.3715726137161255,-0.39376720786094666,-0.5709488391876221,-1.565171241760254,-0.4188758432865143
0.0,0.0,0.0,0.30039602518081665,-0.15471698343753815,-0.144317165017128,0.4713745415210724,-0.47180941700935364,-0.22025252878665924,0.44859883189201355,-0.7830602526664734,-0.30184224247932434,0.3334658145904541,-1.0096780061721802,-0.36653873324394226,0.4361027181148529,-0.8683016896247864,-0.07467637956142426,0.532339334487915,-1.1662460565567017,-0.25543391704559326,0.4710524380207062,-1.0544613599777222,-0.3873327970504761,0.37918996810913086,-0.914984405040741,-0.446250855922699,0.23267190158367157,-0.9683490991592407,-0.0903535932302475,0.34802117943763733,-1.3759346008300781,-0.18078041076660156,0.4025980532169342,-1.6295783519744873,-0.24992382526397705,0.4395751953125,-1.8887474536895752,-0.2949989140033722,0.009802460670471191,-0.9591291546821594,-0.14545971155166626,-0.061752934008836746,-1.3766372203826904,-0.26443710923194885,-0.10961826890707016,-1.6527281999588013,-0.3579216003417969,-0.13931338489055634,-1.9064823389053345,-0.4103986620903015,-0.21054628491401672,-0.8561632037162781,-0.21410880982875824,-0.34110280871391296,-1.17266047000885,-0.3188035488128662,-0.42258402705192566,-1.3845628499984741,-0.36737775802612305,-0.4928748607635498,-1.582135796546936,-0.3937523365020752
0.0,0.0,0.0,0.2949974238872528,-0.15037749707698822,-0.1446581333875656,0.4871618449687958,-0.47359687089920044,-0.23103903234004974,0.5254920125007629,-0.7873724699020386,-0.3264082372188568,0.39708447456359863,-1.0238105058670044,-0.4085264801979065,0.43386101722717285,-0.8587945103645325,-0.07333019375801086,0.549409031867981,-1.1450752019882202,-0.26720088720321655,0.4983319044113159,-1.0461806058883667,-0.41326192021369934,0.40331631898880005,-0.918785035610199,-0.48067983984947205,0.22952663898468018,-0.968683123588562,-0.09471260011196136,0.36545807123184204,-1.3758100271224976,-0.19174741208553314,0.4317866861820221,-1.6401594877243042,-0.2689298093318939,0.47914940118789673,-1.9092323780059814,-0.319710910320282,0.005583330988883972,-0.9667479991912842,-0.1563921570777893,-0.05658284202218056,-1.3956652879714966,-0.27797824144363403,-0.09281021356582642,-1.6828190088272095,-0.37231701612472534,-0.110209621489048,-1.9433772563934326,-0.4264831244945526,-0.21236227452754974,-0.8704279661178589,-0.2325320541858673,-0.32371747493743896,-1.1925525665283203,-0.3370249271392822,-0.39496859908103943,-1.4139667749404907,-0.3846290409564972,-0.4537622332572937,-1.6204429864883423,-0.4121873378753662
0.0,0.0,0.0,0.29467126727104187,-0.14236760139465332,-0.15250788629055023,0.4910295605659485,-0.4552527666091919,-0.24678322672843933,0.534070611000061,-0.7682377696037292,-0.34875190258026123,0.4006190598011017,-1.0132120847702026,-0.4372917711734772,0.43196526169776917,-0.850762665271759,-0.08589327335357666,0.5611070990562439,-1.1317048072814941,-0.28733155131340027,0.5168397426605225,-1.0308445692062378,-0.4381980001926422,0.42624154686927795,-0.9059433937072754,-0.5090562701225281,0.23804809153079987,-0.9654402136802673,-0.10610535740852356,0.3812452554702759,-1.3703348636627197,-0.21081651747226715,0.45796269178390503,-1.6332648992538452,-0.2925548553466797,0.5134387612342834,-1.9003255367279053,-0.3469363749027252,0.020857244729995728,-0.9648887515068054,-0.1671292632818222,-0.0312768779695034,-1.392918586730957,-0.2942458987236023,-0.06356097757816315,-1.6775130033493042,-0.3916477560997009,-0.07894134521484375,-1.9382476806640625,-0.44862040877342224,-0.19133524596691132,-0.8671285510063171,-0.2430928349494934,-0.2929496765136719,-1.1833065748214722,-0.3524109721183777,-0.3594961166381836,-1.4014643430709839,-0.40362367033958435,-0.41880905628204346,-1.6062215566635132,-0.43416109681129456
0.0,0.0,0.0,0.2953111231327057,-0.13237842917442322,-0.15586937963962555,0.4864770174026489,-0.4374665915966034,-0.2540591061115265,0.5370621681213379,-0.7458661794662476,-0.35871097445487976,0.41236722469329834,-0.9959326982498169,-0.45065057277679443,0.4166446924209595,-0.8489487171173096,-0.10641992092132568,0.5482323169708252,-1.130618929862976,-0.3136317729949951,0.5108902454376221,-1.0227487087249756,-0.46727895736694336,0.4244793653488159,-0.8983832001686096,-0.5401439666748047,0.22607876360416412,-0.9656952619552612,-0.1277536153793335,0.3715263605117798,-1.3758562803268433,-0.23700997233390808,0.4531576335430145,-1.6389902830123901,-0.3203481137752533,0.5088728666305542,-1.9054430723190308,-0.3765234053134918,0.011051490902900696,-0.9616923332214355,-0.18906322121620178,-0.041556209325790405,-1.3900408744812012,-0.3191656768321991,-0.07514981925487518,-1.6768566370010376,-0.4194430410861969,-0.09331709146499634,-1.9416052103042603,-0.47975683212280273,-0.19770073890686035,-0.8570050001144409,-0.2651691734790802,-0.30182352662086487,-1.1703122854232788,-0.37765130400657654,-0.37080758810043335,-1.3839807510375977,-0.4310300946235657,-0.4333684742450714,-1.5842126607894897,-0.46380922198295593
0.0,0.0,0.0,0.29843756556510925,-0.1434057503938675,-0.15523870289325714,0.4919056296348572,-0.44527825713157654,-0.2552868127822876,0.5482820272445679,-0.7492893934249878,-0.3638206124305725,0.4349563717842102,-0.9986828565597534,-0.46009063720703125,0.4048543870449066,-0.8567053079605103,-0.08916277438402176,0.5426170229911804,-1.1308677196502686,-0.29398366808891296,0.5241695046424866,-1.0529052019119263,-0.4441523253917694,0.4488179385662079,-0.9379366040229797,-0.5127047896385193,0.21705865859985352,-0.9700338244438171,-0.10917790234088898,0.3654080927371979,-1.3758798837661743,-0.21556456387043,0.4544256031513214,-1.6358882188796997,-0.2917541265487671,0.5187861323356628,-1.8997255563735962,-0.33994820713996887,0.00917221698909998,-0.9678435325622559,-0.17113493382930756,-0.041450172662734985,-1.3975328207015991,-0.30006012320518494,-0.07253096997737885,-1.684532880783081,-0.3952655792236328,-0.08994327485561371,-1.944209337234497,-0.4499180018901825,-0.1926453709602356,-0.8647926449775696,-0.24878640472888947,-0.2910657525062561,-1.1780799627304077,-0.3599654734134674,-0.35575953125953674,-1.3931381702423096,-0.41189566254615784,-0.41532981395721436,-1.5914710760116577,-0.44226914644241333
0.0,0.0,0.0,0.2912658154964447,-0.15114006400108337,-0.14256641268730164,0.4755489230155945,-0.4445725977420807,-0.2312222570180893,0.5090305805206299,-0.7328475713729858,-0.3267178535461426,0.39992719888687134,-0.9718396067619324,-0.4106301963329315,0.38611721992492676,-0.8635276556015015,-0.08788596838712692,0.5008403658866882,-1.1299811601638794,-0.28738027811050415,0.4786560535430908,-1.0305036306381226,-0.44003307819366455,0.41357409954071045,-0.9039778113365173,-0.5134679079055786,0.1905497908592224,-0.9752569794654846,-0.11209216713905334,0.3198598027229309,-1.3698841333389282,-0.2171163260936737,0.3958851993083954,-1.627638339996338,-0.30002540349960327,0.44809630513191223,-1.8765519857406616,-0.35465115308761597,-0.027805564925074577,-0.964491069316864,-0.17495380342006683,-0.08724436908960342,-1.3815454244613647,-0.3029135763645172,-0.12886828184127808,-1.6608459949493408,-0.4046161472797394,-0.14923197031021118,-1.9182151556015015,-0.4643023908138275,-0.23543012142181396,-0.8481152653694153,-0.2509506940841675,-0.36756432056427,-1.143039584159851,-0.3645857274532318,-0.45537441968917847,-1.3428136110305786,-0.41716936230659485,-0.5315375924110413,-1.5298843383789062,-0.4466671347618103
0.0,0.0,0.0,0.28904807567596436,-0.14294911921024323,-0.1350298374891281,0.475975900888443,-0.4339003562927246,-0.21894878149032593,0.525540828704834,-0.7243579030036926,-0.31165286898612976,0.4349384009838104,-0.9722474813461304,-0.3930016756057739,0.3899601697921753,-0.8566491007804871,-0.08019834756851196,0.5056285858154297,-1.1280027627944946,-0.28260087966918945,0.5023664832115173,-1.0346719026565552,-0.435461163520813,0.45730915665626526,-0.9087041020393372,-0.506325364112854,0.19682101905345917,-0.9743824601173401,-0.10881315916776657,0.3263479173183441,-1.3799824714660645,-0.21593330800533295,0.3993881046772003,-1.6356127262115479,-0.2988397181034088,0.4495799243450165,-1.8864456415176392,-0.3510203957557678,-0.021039476618170738,-0.9703123569488525,-0.17565687000751495,-0.08361783623695374,-1.390799880027771,-0.30404987931251526,-0.12585663795471191,-1.6728860139846802,-0.4025929570198059,-0.14589136838912964,-1.93751060962677,-0.4583452045917511,-0.23325279355049133,-0.859195351600647,-0.25531837344169617,-0.36420509219169617,-1.1631134748458862,-0.3647013306617737,-0.4494740664958954,-1.3643324375152588,-0.41157159209251404,-0.5236598253250122,-1.5529111623764038,-0.4364825487136841
0.0,0.0,0.0,0.2924233376979828,-0.1499849110841751,-0.13032028079032898,0.4755072295665741,-0.4365096390247345,-0.21381337940692902,0.523041307926178,-0.7174757122993469,-0.308443158864975,0.435303270816803,-0.9588935375213623,-0.39071375131607056,0.3807417154312134,-0.8645376563072205,-0.06394663453102112,0.4965533912181854,-1.1324752569198608,-0.2682838439941406,0.4923476576805115,-1.02271568775177,-0.4261455237865448,0.44308608770370483,-0.8850111961364746,-0.49994930624961853,0.18886686861515045,-0.9775317311286926,-0.09359993785619736,0.3184102773666382,-1.3718829154968262,-0.19955171644687653,0.40352243185043335,-1.6255370378494263,-0.28193095326423645,0.46694692969322205,-1.8751850128173828,-0.3342871069908142,-0.027111778035759926,-0.9718279242515564,-0.1635078489780426,-0.08303514868021011,-1.392637848854065,-0.29069390892982483,-0.12010642141103745,-1.6736630201339722,-0.3888404369354248,-0.13468867540359497,-1.9343608617782593,-0.443887859582901,-0.2330789566040039,-0.8584100604057312,-0.24649766087532043,-0.35563623905181885,-1.161106824874878,-0.35462090373039246,-0.43635430932044983,-1.3650269508361816,-0.4019069969654083,-0.5069771409034729,-1.5545306205749512,-0.42685142159461975
0.0,0.0,0.0,0.29881760478019714,-0.15189196169376373,-0.12279023230075836,0.480112224817276,-0.440347820520401,-0.1977144032716751,0.5234885215759277,-0.710874080657959,-0.2851637899875641,0.4583595395088196,-0.9502318501472473,-0.36017924547195435,0.4116990864276886,-0.8553346991539001,-0.0546339675784111,0.5331543684005737,-1.121544361114502,-0.2537178099155426,0.516577959060669,-1.0186787843704224,-0.40850701928138733,0.45446696877479553,-0.8816471099853516,-0.48141148686408997,0.2220103144645691,-0.9713032245635986,-0.08533138781785965,0.36050739884376526,-1.3615821599960327,-0.1908486783504486,0.4460580050945282,-1.6113475561141968,-0.2738054394721985,0.5095985531806946,-1.8545061349868774,-0.32624953985214233,0.007443177048116922,-0.9706095457077026,-0.15527915954589844,-0.040258195251226425,-1.3897963762283325,-0.28115344047546387,-0.0723530501127243,-1.6651891469955444,-0.3766331672668457,-0.08283664286136627,-1.9210762977600098,-0.4298132359981537,-0.19922251999378204,-0.8638167977333069,-0.23789332807064056,-0.30263832211494446,-1.1687663793563843,-0.3425058424472809,-0.36961349844932556,-1.3716059923171997,-0.3856183886528015,-0.42522627115249634,-1.5589836835861206,-0.407836377620697
0.0,0.0,0.0,0.2914779782295227,-0.14059193432331085,-0.13327765464782715,0.478199303150177,-0.422971248626709,-0.21415434777736664,0.5164473056793213,-0.699386715888977,-0.3043159544467926,0.443824827671051,-0.9445222616195679,-0.3813896179199219,0.4104137420654297,-0.8522965312004089,-0.07470041513442993,0.5514166951179504,-1.128515362739563,-0.2730697691440582,0.5298202037811279,-1.0195194482803345,-0.427743524312973,0.4584302306175232,-0.8910571932792664,-0.5032644271850586,0.2287915199995041,-0.9680770039558411,-0.1023789569735527,0.3811075687408447,-1.3635663986206055,-0.21321550011634827,0.4721181094646454,-1.616119384765625,-0.3038632273674011,0.535752534866333,-1.8572138547897339,-0.3629077672958374,0.01908891834318638,-0.9637863636016846,-0.16799989342689514,-0.018286487087607384,-1.3859994411468506,-0.298676073551178,-0.043284498155117035,-1.662994623184204,-0.3999887704849243,-0.048437539488077164,-1.918007731437683,-0.4576181173324585,-0.18431533873081207,-0.8554828763008118,-0.24634180963039398,-0.27798789739608765,-1.1632095575332642,-0.35810965299606323,-0.3403450846672058,-1.3690211772918701,-0.4077865183353424,-0.3943999707698822,-1.5608245134353638,-0.43446245789527893
0.0,0.0,0.0,0.29364556074142456,-0.15412099659442902,-0.123663529753685,0.46569883823394775,-0.4603237807750702,-0.19044864177703857,0.4794955551624298,-0.7356039881706238,-0.267412006855011,0.4111904799938202,-0.9587843418121338,-0.33234933018684387,0.41118544340133667,-0.8600879311561584,-0.05169200152158737,0.5526436567306519,-1.1396236419677734,-0.23389071226119995,0.5478180646896362,-1.0506231784820557,-0.3775483965873718,0.49330565333366394,-0.917085587978363,-0.4473654627799988,0.22904276847839355,-0.9703452587127686,-0.07726220041513443,0.37429940700531006,-1.3567849397659302,-0.175451397895813,0.46400272846221924,-1.6039963960647583,-0.2590469717979431,0.5325088500976562,-1.832411289215088,-0.3136778175830841,0.018474075943231583,-0.9663962721824646,-0.14071376621723175,-0.003501872532069683,-1.3811396360397339,-0.25936853885650635,-0.015001406893134117,-1.660228967666626,-0.36133667826652527,-0.0033946260809898376,-1.9109944105148315,-0.4218268394470215,-0.1890348196029663,-0.8605863451957703,-0.21653184294700623,-0.3009129762649536,-1.1513293981552124,-0.3241122364997864,-0.37467584013938904,-1.3560129404067993,-0.3785634934902191,-0.4305552542209625,-1.549066185951233,-0.4096614122390747
0.0,0.0,0.0,0.28949496150016785,-0.1450713723897934,-0.15166613459587097,0.4771093726158142,-0.43690240383148193,-0.2348860651254654,0.486362487077713,-0.7142666578292847,-0.3250035345554352,0.4143849313259125,-0.9567404985427856,-0.3998611569404602,0.42476096749305725,-0.859613835811615,-0.07505888491868973,0.5409363508224487,-1.1345949172973633,-0.28332993388175964,0.49342596530914307,-1.0268150568008423,-0.44394874572753906,0.4057598412036896,-0.884269654750824,-0.5201786160469055,0.22509947419166565,-0.9698668122291565,-0.09321269392967224,0.34976926445961,-1.3560137748718262,-0.20738741755485535,0.40940651297569275,-1.6027499437332153,-0.3008856177330017,0.4527444541454315,-1.8428889513015747,-0.3598060607910156,0.0013218466192483902,-0.9610721468925476,-0.15241678059101105,-0.04740753024816513,-1.3645761013031006,-0.28263822197914124,-0.08341557532548904,-1.6308995485305786,-0.38383767008781433,-0.09564010053873062,-1.8815410137176514,-0.4405023157596588,-0.22089281678199768,-0.8457333445549011,-0.22652669250965118,-0.34125325083732605,-1.129732608795166,-0.3353920876979828,-0.4209909737110138,-1.3214970827102661,-0.38269883394241333,-0.4870484471321106,-1.5021259784698486,-0.4060635268688202
0.0,0.0,0.0,0.27011311054229736,-0.14497509598731995,-0.14599458873271942,0.458282470703125,-0.42873552441596985,-0.2262316644191742,0.4549572467803955,-0.6955369114875793,-0.31480124592781067,0.35120946168899536,-0.9158129096031189,-0.390715628862381,0.41116657853126526,-0.8696183562278748,-0.06464037299156189,0.51730877161026,-1.1367995738983154,-0.26809024810791016,0.4761967062950134,-1.050423502922058,-0.43081772327423096,0.39747631549835205,-0.9200601577758789,-0.5102866291999817,0.20737357437610626,-0.9744565486907959,-0.0862005278468132,0.3160499036312103,-1.3661354780197144,-0.19620099663734436,0.3623623847961426,-1.6210047006607056,-0.29102715849876404,0.39304685592651367,-1.8626660108566284,-0.35296356678009033,-0.013992270454764366,-0.9626986384391785,-0.14799946546554565,-0.06069750338792801,-1.3600094318389893,-0.2712743878364563,-0.09476499259471893,-1.624165415763855,-0.3705724775791168,-0.10481806844472885,-1.8745713233947754,-0.42823100090026855,-0.2334028035402298,-0.8461092710494995,-0.22569157183170319,-0.3590053915977478,-1.1263413429260254,-0.3299466073513031,-0.4462852478027344,-1.317372441291809,-0.3764529526233673,-0.5167662501335144,-1.5032364130020142,-0.40066078305244446
0.0,0.0,0.0,0.2725450396537781,-0.13942208886146545,-0.15756018459796906,0.48344457149505615,-0.4094676971435547,-0.24908767640590668,0.4817922115325928,-0.6854972839355469,-0.34579747915267944,0.3368792235851288,-0.9030946493148804,-0.43231266736984253,0.409292995929718,-0.8658798933029175,-0.06978272646665573,0.5174422264099121,-1.1039384603500366,-0.2793178856372833,0.4828433096408844,-1.0250104665756226,-0.4502435326576233,0.40869393944740295,-0.9049248099327087,-0.5337854027748108,0.21060200035572052,-0.9735154509544373,-0.08896303176879883,0.3380168378353119,-1.3619718551635742,-0.1969345510005951,0.38760435581207275,-1.6119252443313599,-0.28978797793388367,0.4231117367744446,-1.8505589962005615,-0.35073360800743103,-0.008042044937610626,-0.9648925065994263,-0.15024568140506744,-0.02274176850914955,-1.3646461963653564,-0.27504512667655945,-0.031903479248285294,-1.6278197765350342,-0.3745322823524475,-0.021450525149703026,-1.879820466041565,-0.43205809593200684,-0.23417197167873383,-0.8525620102882385,-0.22806736826896667,-0.35480648279190063,-1.140884280204773,-0.3348245322704315,-0.43834710121154785,-1.3327637910842896,-0.381234735250473,-0.5079078078269958,-1.5239131450653076,-0.4058574140071869
0.0,0.0,0.0,0.28003665804862976,-0.1350957453250885,-0.16080263257026672,0.4688399136066437,-0.4094155728816986,-0.2501775026321411,0.47301629185676575,-0.6904599070549011,-0.3428550958633423,0.36061349511146545,-0.9242463707923889,-0.4218970835208893,0.4007039964199066,-0.8713889718055725,-0.07844066619873047,0.5302871465682983,-1.1347144842147827,-0.2637362480163574,0.48501062393188477,-1.052871584892273,-0.4139096140861511,0.3893742561340332,-0.9333708882331848,-0.48879626393318176,0.21224266290664673,-0.9729711413383484,-0.09099627286195755,0.3502170741558075,-1.3560678958892822,-0.18731258809566498,0.41246894001960754,-1.6026942729949951,-0.27195635437965393,0.45416051149368286,-1.8296526670455933,-0.3304382860660553,0.002088178414851427,-0.9649729132652283,-0.14407725632190704,-0.003481280989944935,-1.3511277437210083,-0.2588789761066437,-0.0027218719478696585,-1.6116271018981934,-0.3562507629394531,0.01170473825186491,-1.8486863374710083,-0.4159916341304779,-0.21014641225337982,-0.8600426912307739,-0.21374623477458954,-0.32218170166015625,-1.1394619941711426,-0.32222795486450195,-0.40134066343307495,-1.3359439373016357,-0.37595659494400024,-0.4681210517883301,-1.5255597829818726,-0.4066573977470398
0.0,0.0,0.0,0.28137296438217163,-0.16369543969631195,-0.15111328661441803,0.47046878933906555,-0.46130266785621643,-0.23893234133720398,0.4712375998497009,-0.7595434188842773,-0.3359730541706085,0.36756089329719543,-1.00606107711792,-0.420870840549469,0.4040359556674957,-0.8758698105812073,-0.04712873697280884,0.5243098139762878,-1.1398998498916626,-0.24758657813072205,0.48405638337135315,-1.050244688987732,-0.411342978477478,0.3933311700820923,-0.9183487296104431,-0.4900798797607422,0.20769110321998596,-0.9760068655014038,-0.06538332998752594,0.335447758436203,-1.3654391765594482,-0.16515369713306427,0.38759884238243103,-1.6171600818634033,-0.254325807094574,0.42106056213378906,-1.8598512411117554,-0.3135436475276947,-0.006892140954732895,-0.9692103266716003,-0.1265236884355545,-0.028882399201393127,-1.3587687015533447,-0.24202460050582886,-0.03185329958796501,-1.6193647384643555,-0.3305184245109558,-0.020334472879767418,-1.858747959136963,-0.38156482577323914,-0.2285652756690979,-0.8683197498321533,-0.2046569287776947,-0.34592515230178833,-1.1512706279754639,-0.3033533990383148,-0.42118749022483826,-1.3518515825271606,-0.34134209156036377,-0.4822273850440979,-1.5424787998199463,-0.359880268573761
0.0,0.0,0.0,0.26914864778518677,-0.16663163900375366,-0.12697602808475494,0.4211846888065338,-0.4654098153114319,-0.20152804255485535,0.4199972450733185,-0.7569138407707214,-0.2866750955581665,0.312671959400177,-0.9915634393692017,-0.35964396595954895,0.3572425842285156,-0.8887373805046082,-0.038776569068431854,0.47696927189826965,-1.173602819442749,-0.21728849411010742,0.4497159719467163,-1.0853084325790405,-0.3642693758010864,0.37132781744003296,-0.9443143010139465,-0.43404534459114075,0.168108731508255,-0.9837691783905029,-0.06275054812431335,0.2903066873550415,-1.3798027038574219,-0.14409925043582916,0.34436461329460144,-1.632338047027588,-0.21997934579849243,0.3718053102493286,-1.8672683238983154,-0.2723611891269684,-0.04057498648762703,-0.9720085859298706,-0.1258423775434494,-0.06633566319942474,-1.366598129272461,-0.22408612072467804,-0.07050339132547379,-1.6328750848770142,-0.3102317452430725,-0.06540048867464066,-1.8699098825454712,-0.3630982041358948,-0.25262120366096497,-0.8645851016044617,-0.20340393483638763,-0.38258907198905945,-1.1474906206130981,-0.29490238428115845,-0.4661915898323059,-1.3511966466903687,-0.33564117550849915,-0.5347413420677185,-1.541324496269226,-0.35797443985939026
0.0,0.0,0.0,0.28211140632629395,-0.16694287955760956,-0.128370001912117,0.43597760796546936,-0.46371009945869446,-0.19724327325820923,0.39978310465812683,-0.7486929297447205,-0.274239718914032,0.305946409702301,-0.9702815413475037,-0.3361508846282959,0.36575478315353394,-0.8976874947547913,-0.043938927352428436,0.45570963621139526,-1.1910479068756104,-0.21839380264282227,0.4140840172767639,-1.078029751777649,-0.3625825047492981,0.33851420879364014,-0.9224327206611633,-0.4318446218967438,0.16548143327236176,-0.9842358231544495,-0.06241556257009506,0.26735997200012207,-1.3754290342330933,-0.1418537199497223,0.31470954418182373,-1.6273949146270752,-0.2181309014558792,0.34001103043556213,-1.8636200428009033,-0.27151739597320557,-0.04705419763922691,-0.9682822227478027,-0.11883841454982758,-0.09430216252803802,-1.3527034521102905,-0.2146959751844406,-0.1169418916106224,-1.6189124584197998,-0.30095410346984863,-0.12343701720237732,-1.8557319641113281,-0.35365167260169983,-0.25607988238334656,-0.8550840616226196,-0.18956242501735687,-0.4055219888687134,-1.1316057443618774,-0.2770729660987854,-0.49732697010040283,-1.3268243074417114,-0.31579825282096863,-0.569621741771698,-1.5073997974395752,-0.33613747358322144
0.0,0.0,0.0,0.2775063216686249,-0.17608502507209778,-0.12936556339263916,0.43167468905448914,-0.46526968479156494,-0.19767579436302185,0.37317800521850586,-0.7461276650428772,-0.2750658392906189,0.26207754015922546,-0.9666537642478943,-0.3387461006641388,0.3753068149089813,-0.9064821600914001,-0.04873001575469971,0.45729586482048035,-1.20941162109375,-0.21725688874721527,0.40644946694374084,-1.126758098602295,-0.35675016045570374,0.3211715817451477,-0.9850058555603027,-0.4251049757003784,0.16206996142864227,-0.9845585227012634,-0.0661640539765358,0.2411450743675232,-1.3675227165222168,-0.1469530463218689,0.27726978063583374,-1.6194382905960083,-0.2261272668838501,0.2943582236766815,-1.8558746576309204,-0.28277117013931274,-0.05418563634157181,-0.9583242535591125,-0.11994491517543793,-0.11802466958761215,-1.3325694799423218,-0.2141401469707489,-0.16246476769447327,-1.5945755243301392,-0.3022436201572418,-0.1883227527141571,-1.82742178440094,-0.35857105255126953,-0.2642895579338074,-0.8356666564941406,-0.1883293241262436,-0.42675501108169556,-1.1041371822357178,-0.276926726102829,-0.5271121859550476,-1.293626308441162,-0.32049018144607544,-0.6042235493659973,-1.4702918529510498,-0.34485867619514465
0.0,0.0,0.0,0.26930755376815796,-0.187781423330307,-0.12856027483940125,0.41587916016578674,-0.4745464026927948,-0.19620709121227264,0.3281797170639038,-0.7549728155136108,-0.2705298066139221,0.19283105432987213,-0.9690630435943604,-0.3324829339981079,0.3628653287887573,-0.9041121006011963,-0.050793010741472244,0.4377163350582123,-1.2072609663009644,-0.20756101608276367,0.37821078300476074,-1.151199460029602,-0.34039321541786194,0.2875378429889679,-1.0287202596664429,-0.40748777985572815,0.14555133879184723,-0.9871211647987366,-0.06638247519731522,0.20938260853290558,-1.3711248636245728,-0.1375586837530136,0.22892887890338898,-1.6255017518997192,-0.21299070119857788,0.23106715083122253,-1.8584320545196533,-0.2695755362510681,-0.07330910116434097,-0.9635956883430481,-0.11656154692173004,-0.14998668432235718,-1.3341416120529175,-0.2033356875181198,-0.20558159053325653,-1.5992639064788818,-0.29273471236228943,-0.24464237689971924,-1.829050898551941,-0.3529990315437317,-0.28548508882522583,-0.8420756459236145,-0.18084119260311127,-0.4576263427734375,-1.10322904586792,-0.26786211133003235,-0.5647233128547668,-1.2918014526367188,-0.3139696419239044,-0.6505111455917358,-1.464577078819275,-0.3417452573776245
0.0,0.0,0.0,0.27194124460220337,-0.19805414974689484,-0.13165321946144104,0.4101303517818451,-0.49325522780418396,-0.19989974796772003,0.2943941056728363,-0.7689729332923889,-0.27167171239852905,0.14723685383796692,-0.9729771614074707,-0.33129066228866577,0.38483232259750366,-0.9056118130683899,-0.05574710667133331,0.4431053698062897,-1.208140254020691,-0.2080729454755783,0.3552253544330597,-1.16875422000885,-0.3414517939090729,0.2414986938238144,-1.0682613849639893,-0.4115043878555298,0.1589551568031311,-0.9849763512611389,-0.06748909503221512,0.21043893694877625,-1.3626776933670044,-0.13785818219184875,0.21568210422992706,-1.617675542831421,-0.21763132512569427,0.207375630736351,-1.8509095907211304,-0.2788308262825012,-0.06340773403644562,-0.9570640921592712,-0.1126592606306076,-0.14571434259414673,-1.319172739982605,-0.19934982061386108,-0.20711827278137207,-1.5815486907958984,-0.292707234621048,-0.25247231125831604,-1.8088951110839844,-0.35652729868888855,-0.27464303374290466,-0.8331902623176575,-0.17159418761730194,-0.4522337019443512,-1.0962523221969604,-0.2613770663738251,-0.5627919435501099,-1.283180832862854,-0.31096234917640686,-0.6528891324996948,-1.4559590816497803,-0.34166499972343445
0.0,0.0,0.0,0.2625785171985626,-0.20817092061042786,-0.1429756134748459,0.387938529253006,-0.49294957518577576,-0.22389638423919678,0.25298598408699036,-0.7720321416854858,-0.3070029616355896,0.09643036872148514,-0.9778650403022766,-0.37903720140457153,0.3825230300426483,-0.8983564972877502,-0.07420589029788971,0.44002866744995117,-1.195569396018982,-0.244980588555336,0.34334832429885864,-1.178745150566101,-0.39042866230010986,0.2186598926782608,-1.0856009721755981,-0.46558576822280884,0.15398897230625153,-0.9841802716255188,-0.08761613070964813,0.20544175803661346,-1.376283884048462,-0.16819368302822113,0.1915733516216278,-1.6435716152191162,-0.249898299574852,0.15986435115337372,-1.884554147720337,-0.3103376626968384,-0.07606976479291916,-0.9613906741142273,-0.13640175759792328,-0.1620514839887619,-1.3396849632263184,-0.23364941775798798,-0.22999535501003265,-1.6050128936767578,-0.32725104689598083,-0.28385788202285767,-1.8297449350357056,-0.388231098651886,-0.3016728460788727,-0.8378742933273315,-0.20004260540008545,-0.4843209683895111,-1.1102752685546875,-0.29669901728630066,-0.6047099232673645,-1.2979426383972168,-0.3447284400463104,-0.7084318399429321,-1.466341495513916,-0.3723118305206299
0.0,0.0,0.0,0.2567254900932312,-0.2214050441980362,-0.1464267373085022,0.3665144145488739,-0.5212910771369934,-0.22284336388111115,0.18358394503593445,-0.7919425368309021,-0.29825037717819214,0.0034681500401347876,-0.9773656129837036,-0.36192721128463745,0.357853502035141,-0.9144432544708252,-0.07590305060148239,0.40085259079933167,-1.2205188274383545,-0.23667970299720764,0.2848469316959381,-1.1991746425628662,-0.37790030241012573,0.14939577877521515,-1.106699824333191,-0.45438316464424133,0.11927741765975952,-0.9892024397850037,-0.08515499532222748,0.14967872202396393,-1.3842082023620605,-0.16125096380710602,0.12130052596330643,-1.6517857313156128,-0.2475569248199463,0.08114978671073914,-1.8886293172836304,-0.31528139114379883,-0.11068800836801529,-0.9561618566513062,-0.12883155047893524,-0.21706214547157288,-1.331088900566101,-0.2252877652645111,-0.3010305166244507,-1.5954864025115967,-0.3283737897872925,-0.3676503300666809,-1.816913366317749,-0.39866119623184204,-0.33017462491989136,-0.8250367641448975,-0.1864878386259079,-0.5305562019348145,-1.0931220054626465,-0.2862362265586853,-0.6578910946846008,-1.275573968887329,-0.3425048291683197,-0.7642665505409241,-1.4414297342300415,-0.37834295630455017
0.0,0.0,0.0,0.24247466027736664,-0.20392264425754547,-0.18627849221229553,0.3477341830730438,-0.5063276886940002,-0.28460633754730225,0.16240592300891876,-0.7853066921234131,-0.3748815059661865,-0.028665365651249886,-0.9822578430175781,-0.4508410692214966,0.35265594720840454,-0.9192007184028625,-0.10444746166467667,0.3590354025363922,-1.203412652015686,-0.28703033924102783,0.24524886906147003,-1.162082552909851,-0.44183287024497986,0.12303648889064789,-1.0566102266311646,-0.5247210264205933,0.1124589815735817,-0.9887466430664062,-0.09865643829107285,0.12362593412399292,-1.3689637184143066,-0.18884141743183136,0.09122361987829208,-1.6276775598526,-0.27790409326553345,0.05051148682832718,-1.8667370080947876,-0.34550973773002625,-0.11432899534702301,-0.9476900100708008,-0.1333317905664444,-0.2335045337677002,-1.3166241645812988,-0.24969181418418884,-0.3230278491973877,-1.5785465240478516,-0.35563504695892334,-0.39604318141937256,-1.8050479888916016,-0.42320379614830017,-0.32540592551231384,-0.8108671307563782,-0.18510045111179352,-0.5247649550437927,-1.0816724300384521,-0.3027980923652649,-0.6582372188568115,-1.2631003856658936,-0.36616936326026917,-0.7775497436523438,-1.4332774877548218,-0.40398287773132324
0.0,0.0,0.0,0.27046287059783936,-0.20742158591747284,-0.15369434654712677,0.39027807116508484,-0.512748658657074,-0.23168157041072845,0.21484974026679993,-0.7920479774475098,-0.30623865127563477,0.025877825915813446,-0.9700577855110168,-0.36865752935409546,0.3980703055858612,-0.8965298533439636,-0.08010916411876678,0.4579463601112366,-1.1744506359100342,-0.24685880541801453,0.3436649441719055,-1.1712900400161743,-0.3909323811531067,0.19806651771068573,-1.1031901836395264,-0.4678395390510559,0.16076971590518951,-0.9829263687133789,-0.08949187397956848,0.19836704432964325,-1.3847030401229858,-0.17433175444602966,0.16928161680698395,-1.658294677734375,-0.2593725621700287,0.11950406432151794,-1.898218035697937,-0.3205660581588745,-0.07473881542682648,-0.9613877534866333,-0.13385187089443207,-0.17763873934745789,-1.3536136150360107,-0.2432941198348999,-0.25140437483787537,-1.619342565536499,-0.3418673276901245,-0.3179984986782074,-1.8445168733596802,-0.40228158235549927,-0.2999170422554016,-0.84358811378479,-0.1921900063753128,-0.49405914545059204,-1.1286522150039673,-0.3010111451148987,-0.6199742555618286,-1.3131588697433472,-0.35190966725349426,-0.7356903553009033,-1.4760273694992065,-0.37929806113243103
0.0,0.0,0.0,0.26703354716300964,-0.18506291508674622,-0.13500677049160004,0.42622655630111694,-0.4851559102535248,-0.20814824104309082,0.34109845757484436,-0.7669694423675537,-0.2847578525543213,0.17511102557182312,-0.9577412605285645,-0.3498161733150482,0.4056359529495239,-0.889488935470581,-0.07426469027996063,0.45655232667922974,-1.1897296905517578,-0.2352427989244461,0.3714977502822876,-1.1145650148391724,-0.36829522252082825,0.27448585629463196,-0.9889240264892578,-0.43610501289367676,0.18908509612083435,-0.9776228666305542,-0.09219727665185928,0.2449485957622528,-1.3798918724060059,-0.17152753472328186,0.23783427476882935,-1.6377912759780884,-0.2520773112773895,0.21648988127708435,-1.8672391176223755,-0.3105491101741791,-0.03668796643614769,-0.956918478012085,-0.1426512598991394,-0.1063881367444992,-1.3487930297851562,-0.2421150505542755,-0.1588892638683319,-1.6105782985687256,-0.33606356382369995,-0.1967540979385376,-1.836793065071106,-0.39619436860084534,-0.2599771022796631,-0.8432255983352661,-0.2056816667318344,-0.417879194021225,-1.1291111707687378,-0.3026891052722931,-0.5272449851036072,-1.3178218603134155,-0.34816914796829224,-0.6219457387924194,-1.4891870021820068,-0.37351223826408386
0.0,0.0,0.0,0.2752608358860016,-0.16555041074752808,-0.13054834306240082,0.44881191849708557,-0.45278069376945496,-0.20446865260601044,0.39569786190986633,-0.7299714088439941,-0.28457173705101013,0.25576651096343994,-0.9394264817237854,-0.3497432470321655,0.41539251804351807,-0.8791513442993164,-0.06843205541372299,0.49825990200042725,-1.1683757305145264,-0.2439144104719162,0.4207983613014221,-1.0407813787460327,-0.3864631950855255,0.32014819979667664,-0.8856238722801208,-0.4561925232410431,0.2084418684244156,-0.9740332365036011,-0.08838144689798355,0.29857760667800903,-1.3656575679779053,-0.17169591784477234,0.33087772130966187,-1.612601399421692,-0.2501753270626068,0.341055691242218,-1.8450156450271606,-0.3060731887817383,-0.014708337374031544,-0.9625406861305237,-0.14346124231815338,-0.05870405584573746,-1.3562458753585815,-0.24131086468696594,-0.08660901337862015,-1.6223878860473633,-0.32906728982925415,-0.10418850183486938,-1.8653873205184937,-0.3837108612060547,-0.2354048788547516,-0.8534901738166809,-0.21159371733665466,-0.36469048261642456,-1.146299958229065,-0.299405574798584,-0.4470611810684204,-1.3467146158218384,-0.3369862735271454,-0.5180374383926392,-1.5331474542617798,-0.35701289772987366
0.0,0.0,0.0,0.2720116674900055,-0.14843367040157318,-0.13438650965690613,0.44840577244758606,-0.42559489607810974,-0.21146143972873688,0.4334351718425751,-0.7007859945297241,-0.2954530715942383,0.3137280344963074,-0.9205496311187744,-0.3654574155807495,0.41178134083747864,-0.8706343173980713,-0.06683965027332306,0.5147257447242737,-1.1433430910110474,-0.24326911568641663,0.4499554932117462,-1.0335543155670166,-0.3872111439704895,0.3496548533439636,-0.8949955105781555,-0.4584779441356659,0.21646663546562195,-0.9724103808403015,-0.08694999665021896,0.325460284948349,-1.3549752235412598,-0.17291003465652466,0.37546974420547485,-1.603631854057312,-0.2532150149345398,0.40371719002723694,-1.8387389183044434,-0.31096145510673523,0.001324568991549313,-0.9628989696502686,-0.14346201717853546,-0.04190051183104515,-1.3473761081695557,-0.2459537386894226,-0.0680513083934784,-1.6154035329818726,-0.33861860632896423,-0.07920355349779129,-1.8598028421401978,-0.39740926027297974,-0.21086639165878296,-0.8552994132041931,-0.2137567400932312,-0.32639434933662415,-1.1399351358413696,-0.3071225881576538,-0.40219032764434814,-1.3411321640014648,-0.3517719507217407,-0.464870810508728,-1.531103253364563,-0.37812331318855286
0.0,0.0,0.0,0.27062806487083435,-0.14399775862693787,-0.13734334707260132,0.4489922821521759,-0.42688459157943726,-0.21626682579517365,0.44037002325057983,-0.711787223815918,-0.30165910720825195,0.30952173471450806,-0.9356928467750549,-0.3729141056537628,0.40158554911613464,-0.8666743636131287,-0.06608350574970245,0.513407289981842,-1.1350632905960083,-0.24684211611747742,0.4629051983356476,-1.0121574401855469,-0.39208418130874634,0.36748021841049194,-0.8709951639175415,-0.4624742865562439,0.2121705561876297,-0.9732748866081238,-0.08786124736070633,0.3299989104270935,-1.3558735847473145,-0.1738203912973404,0.37748974561691284,-1.600504755973816,-0.25270310044288635,0.3987019956111908,-1.834437370300293,-0.30761972069740295,-0.003974121529608965,-0.9636936783790588,-0.1474217027425766,-0.03856530785560608,-1.349958062171936,-0.25374335050582886,-0.06438229233026505,-1.6184828281402588,-0.34850597381591797,-0.07671547681093216,-1.8662843704223633,-0.40693190693855286,-0.22204089164733887,-0.8544468879699707,-0.22053131461143494,-0.35232168436050415,-1.1335827112197876,-0.31983861327171326,-0.4419487416744232,-1.3293482065200806,-0.36639416217803955,-0.5185994505882263,-1.5159403085708618,-0.3924017548561096
0.0,0.0,0.0,0.27778205275535583,-0.14721979200839996,-0.12807758152484894,0.45717182755470276,-0.43472936749458313,-0.19995227456092834,0.46429964900016785,-0.7258017659187317,-0.2802741825580597,0.34763726592063904,-0.9560710787773132,-0.3479328453540802,0.41012951731681824,-0.8643284440040588,-0.04831742122769356,0.5229883790016174,-1.1320686340332031,-0.21841606497764587,0.4768661558628082,-1.0334521532058716,-0.35469764471054077,0.387596994638443,-0.9077021479606628,-0.4202369153499603,0.22364823520183563,-0.9719942808151245,-0.07217042148113251,0.3459189534187317,-1.3595494031906128,-0.15174570679664612,0.40002164244651794,-1.6045222282409668,-0.22256973385810852,0.4315745234489441,-1.8389495611190796,-0.2712019383907318,0.010018800385296345,-0.9684118032455444,-0.1339258998632431,-0.019682032987475395,-1.3621628284454346,-0.2370539903640747,-0.03940136730670929,-1.6344103813171387,-0.3292285203933716,-0.04480413347482681,-1.882359266281128,-0.38577431440353394,-0.20878899097442627,-0.8670821189880371,-0.2088339626789093,-0.33729782700538635,-1.1520880460739136,-0.3074271082878113,-0.42257755994796753,-1.3525232076644897,-0.3556402623653412,-0.4934905469417572,-1.541396141052246,-0.38317209482192993
0.0,0.0,0.0,0.2799351215362549,-0.15707778930664062,-0.12500396370887756,0.4538852870464325,-0.44818609952926636,-0.19619593024253845,0.4679677188396454,-0.739575982093811,-0.27706068754196167,0.3744364082813263,-0.9801200032234192,-0.34829989075660706,0.39729270339012146,-0.8684706687927246,-0.04312700405716896,0.5120180249214172,-1.129358172416687,-0.21079367399215698,0.4821416735649109,-1.0776301622390747,-0.34628549218177795,0.4065200984477997,-0.9809514880180359,-0.41209664940834045,0.2086530476808548,-0.9755629301071167,-0.06885410100221634,0.3342559337615967,-1.3676528930664062,-0.1481696516275406,0.39160847663879395,-1.6243284940719604,-0.21662572026252747,0.42594340443611145,-1.8690693378448486,-0.2626526951789856,-0.005048312246799469,-0.9730587601661682,-0.13241185247898102,-0.030750349164009094,-1.3778371810913086,-0.23660284280776978,-0.045958951115608215,-1.65434992313385,-0.32593870162963867,-0.04810553044080734,-1.9027173519134521,-0.379656046628952,-0.2242763489484787,-0.8708693981170654,-0.20920243859291077,-0.3535909354686737,-1.1624027490615845,-0.3109833002090454,-0.4391888976097107,-1.3678367137908936,-0.3591306805610657,-0.5097877383232117,-1.5598822832107544,-0.3857702314853668
0.0,0.0,0.0,0.28825080394744873,-0.15421396493911743,-0.12117946147918701,0.4653675854206085,-0.4466628432273865,-0.18819938600063324,0.4827272891998291,-0.7373434901237488,-0.26556965708732605,0.3517819046974182,-0.9584190845489502,-0.3315824568271637,0.40163034200668335,-0.8677047491073608,-0.03285908326506615,0.5169247984886169,-1.1407251358032227,-0.20429734885692596,0.47588711977005005,-1.0473389625549316,-0.3478504717350006,0.3912976384162903,-0.9201747179031372,-0.41807234287261963,0.21848037838935852,-0.9741058945655823,-0.05817165598273277,0.3309561610221863,-1.369195818901062,-0.13705159723758698,0.3909572958946228,-1.6137006282806396,-0.2129567563533783,0.43055713176727295,-1.8447884321212769,-0.2674638330936432,0.01032621506601572,-0.976878821849823,-0.12132430821657181,0.005962545983493328,-1.3778080940246582,-0.21791119873523712,0.016192546114325523,-1.6418585777282715,-0.3023252785205841,0.03234419599175453,-1.876481294631958,-0.35499152541160583,-0.20510362088680267,-0.8902847170829773,-0.19852693378925323,-0.2933681309223175,-1.197944164276123,-0.2859576940536499,-0.345564603805542,-1.410348892211914,-0.32508134841918945,-0.3894564211368561,-1.6050604581832886,-0.34808528423309326
0.0,0.0,0.0,0.28582698106765747,-0.14451345801353455,-0.12323647737503052,0.4894326329231262,-0.43472108244895935,-0.1947440654039383,0.5294176340103149,-0.726026713848114,-0.2748948633670807,0.40955615043640137,-0.9538088440895081,-0.34410056471824646,0.43655383586883545,-0.850132942199707,-0.04570186883211136,0.563269853591919,-1.1090847253799438,-0.21580781042575836,0.5301269292831421,-1.0283234119415283,-0.3550228178501129,0.450371116399765,-0.9232439398765564,-0.4235140383243561,0.25587204098701477,-0.9640429615974426,-0.07176758348941803,0.3888733983039856,-1.347143292427063,-0.15221849083900452,0.4584834575653076,-1.58847975730896,-0.22506137192249298,0.5038495063781738,-1.821947455406189,-0.2760758101940155,0.0499182865023613,-0.973386287689209,-0.13469168543815613,0.035121310502290726,-1.3721097707748413,-0.23581664264202118,0.034869372844696045,-1.6369857788085938,-0.32113760709762573,0.041648369282484055,-1.8741319179534912,-0.3733532130718231,-0.16312193870544434,-0.8916753530502319,-0.21133917570114136,-0.263907790184021,-1.2000280618667603,-0.30411607027053833,-0.3260970413684845,-1.4084222316741943,-0.3461092710494995,-0.3777928948402405,-1.601195216178894,-0.3705257475376129
0.0,0.0,0.0,0.3000277876853943,-0.1235027089715004,-0.11702977120876312,0.5176441669464111,-0.40116047859191895,-0.181562602519989,0.584135890007019,-0.6894333958625793,-0.25645342469215393,0.473531037569046,-0.9074488282203674,-0.3218778073787689,0.4753272235393524,-0.825775682926178,-0.031017744913697243,0.6096511483192444,-1.0864087343215942,-0.19978928565979004,0.5660639405250549,-1.010350227355957,-0.34073111414909363,0.48055094480514526,-0.8959155082702637,-0.4107542335987091,0.30759546160697937,-0.9498321413993835,-0.05660327523946762,0.45642057061195374,-1.3363686800003052,-0.13349415361881256,0.5408722758293152,-1.5747520923614502,-0.20478492975234985,0.6079936623573303,-1.7964962720870972,-0.2559901475906372,0.10922323167324066,-0.973196268081665,-0.11951395869255066,0.14620356261730194,-1.378872036933899,-0.21628932654857635,0.184249609708786,-1.6400749683380127,-0.2995365262031555,0.2284419983625412,-1.86992347240448,-0.3523674011230469,-0.1031646728515625,-0.907133936882019,-0.19629913568496704,-0.16256609559059143,-1.2139118909835815,-0.28847169876098633,-0.19656077027320862,-1.4258662462234497,-0.331111878156662,-0.221419557929039,-1.621819257736206,-0.35705628991127014
0.0,0.0,0.0,0.3098650276660919,-0.1382555067539215,-0.09981530904769897,0.5129347443580627,-0.41811421513557434,-0.14967863261699677,0.5594073534011841,-0.6900328397750854,-0.21267646551132202,0.4808846414089203,-0.8984630107879639,-0.2673987150192261,0.47438693046569824,-0.8300948739051819,-0.011882370337843895,0.598271906375885,-1.083539605140686,-0.164595365524292,0.5755891799926758,-1.0287339687347412,-0.29450151324272156,0.5120428204536438,-0.9315199851989746,-0.3591915965080261,0.30031323432922363,-0.9527879953384399,-0.044799383729696274,0.43482452630996704,-1.341555118560791,-0.11581578105688095,0.5119434595108032,-1.5893913507461548,-0.18651063740253448,0.5729243755340576,-1.819400429725647,-0.23710355162620544,0.09605132788419724,-0.978116512298584,-0.11243979632854462,0.12421993911266327,-1.383171796798706,-0.2039327174425125,0.1552005410194397,-1.6436940431594849,-0.28753387928009033,0.1970365047454834,-1.8689196109771729,-0.34033480286598206,-0.12479785084724426,-0.9148141741752625,-0.19251608848571777,-0.20776093006134033,-1.2271736860275269,-0.27939268946647644,-0.24918216466903687,-1.4407007694244385,-0.3202238976955414,-0.2725282907485962,-1.632792353630066,-0.3446439504623413
0.0,0.0,0.0,0.3013593256473541,-0.1501006931066513,-0.11633697897195816,0.5046460628509521,-0.4233922064304352,-0.17488576471805573,0.5229780673980713,-0.6866234540939331,-0.24453654885292053,0.4591618478298187,-0.8992419838905334,-0.3036481440067291,0.45565536618232727,-0.8402697443962097,-0.012055479921400547,0.5679397583007812,-1.0783491134643555,-0.18236225843429565,0.5349897146224976,-1.0058059692382812,-0.3278912305831909,0.462863951921463,-0.88676518201828,-0.3993467688560486,0.2785760164260864,-0.9596408009529114,-0.03853556141257286,0.40386295318603516,-1.3373677730560303,-0.11766230314970016,0.4729407727718353,-1.5800074338912964,-0.1938329041004181,0.5266848802566528,-1.8068407773971558,-0.24676382541656494,0.07374387234449387,-0.9765689373016357,-0.10411369800567627,0.0938882827758789,-1.3660115003585815,-0.20405064523220062,0.12066049873828888,-1.6202014684677124,-0.28956130146980286,0.1572311818599701,-1.8467470407485962,-0.3412707448005676,-0.14685098826885223,-0.8996292352676392,-0.1836826652288437,-0.22890830039978027,-1.199543833732605,-0.27528002858161926,-0.2779031991958618,-1.4053431749343872,-0.31480520963668823,-0.3152852952480316,-1.595847487449646,-0.3366486430168152
0.0,0.0,0.0,0.28427278995513916,-0.1520051211118698,-0.12404090911149979,0.47603756189346313,-0.420212984085083,-0.19000618159770966,0.4936988651752472,-0.6852085590362549,-0.2663009762763977,0.4421740770339966,-0.9071271419525146,-0.3309035003185272,0.44001591205596924,-0.8462738990783691,-0.019163081422448158,0.5523359179496765,-1.0907480716705322,-0.1877216398715973,0.514499843120575,-1.0277701616287231,-0.3305085301399231,0.4347180128097534,-0.9123000502586365,-0.3997907042503357,0.26484012603759766,-0.9633647203445435,-0.042287372052669525,0.3894883096218109,-1.3440254926681519,-0.1188620924949646,0.45145145058631897,-1.5887196063995361,-0.19146648049354553,0.4964173436164856,-1.8160289525985718,-0.2408573180437088,0.06447537988424301,-0.9795753359794617,-0.1046595424413681,0.08001367002725601,-1.365684986114502,-0.2003057897090912,0.10263165831565857,-1.6214689016342163,-0.2827611565589905,0.13471274077892303,-1.8473697900772095,-0.3327735662460327,-0.15115699172019958,-0.9004788994789124,-0.18209373950958252,-0.24062000215053558,-1.1917848587036133,-0.2729458510875702,-0.2970309257507324,-1.3933390378952026,-0.31135398149490356,-0.34096449613571167,-1.5783787965774536,-0.3311935067176819
0.0,0.0,0.0,0.2870745062828064,-0.13311335444450378,-0.1213805228471756,0.4933048188686371,-0.4088432192802429,-0.18091313540935516,0.5018227696418762,-0.6795259118080139,-0.24769163131713867,0.41123589873313904,-0.8852056860923767,-0.30515924096107483,0.44707754254341125,-0.832040548324585,-0.016384679824113846,0.574844479560852,-1.0685614347457886,-0.1743251085281372,0.5505356788635254,-1.0556050539016724,-0.31008070707321167,0.47838306427001953,-0.97441166639328,-0.3764863610267639,0.2625296413898468,-0.9640178084373474,-0.04180605709552765,0.387301504611969,-1.3564904928207397,-0.1115562692284584,0.44624295830726624,-1.606555700302124,-0.18300749361515045,0.48479631543159485,-1.84124755859375,-0.23122763633728027,0.057257622480392456,-0.98673415184021,-0.10453193634748459,0.0680631473660469,-1.3756484985351562,-0.19909781217575073,0.08823345601558685,-1.6264073848724365,-0.2887849509716034,0.11237082630395889,-1.8514933586120605,-0.34397172927856445,-0.16041095554828644,-0.9107149243354797,-0.1810135394334793,-0.2620730698108673,-1.2023173570632935,-0.27386531233787537,-0.3311094641685486,-1.3922560214996338,-0.3163479268550873,-0.3898022174835205,-1.5676515102386475,-0.34013256430625916
0.0,0.0,0.0,0.2750243544578552,-0.14044052362442017,-0.11659718304872513,0.4658680260181427,-0.410958856344223,-0.1799621880054474,0.4995259642601013,-0.6751616597175598,-0.2539132535457611,0.44298696517944336,-0.88695228099823,-0.31819310784339905,0.43947604298591614,-0.8367847800254822,-0.013936696574091911,0.5653311014175415,-1.0708571672439575,-0.1687079221010208,0.5412926077842712,-1.0464236736297607,-0.29970914125442505,0.4710306227207184,-0.9562467932701111,-0.3626878261566162,0.26973986625671387,-0.9620743989944458,-0.04066035524010658,0.41420090198516846,-1.339158296585083,-0.10660380870103836,0.47867047786712646,-1.5864752531051636,-0.1708029806613922,0.5270804762840271,-1.8188444375991821,-0.2145073413848877,0.06918416172266006,-0.986197292804718,-0.10519305616617203,0.09405242651700974,-1.3672239780426025,-0.19407103955745697,0.11569894850254059,-1.6160850524902344,-0.27804237604141235,0.1462467461824417,-1.8350589275360107,-0.3308064937591553,-0.15022528171539307,-0.9163573980331421,-0.18400108814239502,-0.253521591424942,-1.1953765153884888,-0.2728549838066101,-0.324561208486557,-1.3833932876586914,-0.31469792127609253,-0.3801848590373993,-1.5561323165893555,-0.3384428024291992
0.0,0.0,0.0,0.2835422456264496,-0.14805196225643158,-0.11346835643053055,0.48567792773246765,-0.44079920649528503,-0.16587437689304352,0.5200169682502747,-0.7219358086585999,-0.2292778193950653,0.4307542145252228,-0.928898811340332,-0.2822912037372589,0.4532538950443268,-0.8393208980560303,0.00853875745087862,0.5746921896934509,-1.0758092403411865,-0.1402280181646347,0.5466839075088501,-1.0375022888183594,-0.26896634697914124,0.4770801365375519,-0.9378291964530945,-0.3310183882713318,0.2760906219482422,-0.9610138535499573,-0.01503981277346611,0.41196876764297485,-1.3331202268600464,-0.07312911003828049,0.48049235343933105,-1.5747195482254028,-0.13407570123672485,0.5379550457000732,-1.8042066097259521,-0.17611131072044373,0.07379920780658722,-0.9822617173194885,-0.07767646014690399,0.0912676528096199,-1.353477954864502,-0.16038888692855835,0.11497367173433304,-1.5952998399734497,-0.24270658195018768,0.1512543261051178,-1.8094475269317627,-0.2950417399406433,-0.14639024436473846,-0.9118525981903076,-0.15507903695106506,-0.253576397895813,-1.1766046285629272,-0.23983979225158691,-0.328743040561676,-1.356130599975586,-0.28141459822654724,-0.38719189167022705,-1.5246987342834473,-0.3057851791381836
0.0,0.0,0.0,0.29172903299331665,-0.13490819931030273,-0.12141954153776169,0.5125765204429626,-0.42951154708862305,-0.17644870281219482,0.5784309506416321,-0.7069960236549377,-0.23992066085338593,0.5090984106063843,-0.9164930582046509,-0.2941300570964813,0.44072356820106506,-0.8458783626556396,-0.014529647305607796,0.5644296407699585,-1.064207911491394,-0.16415466368198395,0.5505935549736023,-1.0197420120239258,-0.29010817408561707,0.49416038393974304,-0.9316326379776001,-0.351762592792511,0.26147302985191345,-0.9644574522972107,-0.03812539577484131,0.39312443137168884,-1.33897864818573,-0.10506638884544373,0.4553394317626953,-1.5828425884246826,-0.16680079698562622,0.5017622113227844,-1.8171308040618896,-0.207669198513031,0.05883462727069855,-0.9784452319145203,-0.10010233521461487,0.05985676869750023,-1.3495837450027466,-0.19625213742256165,0.07306067645549774,-1.5977935791015625,-0.28159037232398987,0.09772166609764099,-1.8190579414367676,-0.33321526646614075,-0.15581747889518738,-0.9011454582214355,-0.17650702595710754,-0.28205791115760803,-1.1746654510498047,-0.2736990451812744,-0.36971524357795715,-1.3611456155776978,-0.3201506435871124,-0.4387687146663666,-1.5373073816299438,-0.34657612442970276
0.0,0.0,0.0,0.28833526372909546,-0.14222405850887299,-0.12418356537818909,0.5022759437561035,-0.4370022416114807,-0.1804359406232834,0.5570396780967712,-0.7254514694213867,-0.2442185878753662,0.5133989453315735,-0.9501946568489075,-0.2986150085926056,0.4445064067840576,-0.8467246890068054,-0.011307777836918831,0.5661450028419495,-1.0665836334228516,-0.15838897228240967,0.5604023337364197,-1.0286235809326172,-0.2825963795185089,0.5113762617111206,-0.9460370540618896,-0.3429098427295685,0.2658853232860565,-0.9634331464767456,-0.03319002315402031,0.4032830595970154,-1.3410084247589111,-0.09801259636878967,0.4676513671875,-1.5828770399093628,-0.1589888334274292,0.516570508480072,-1.8142801523208618,-0.19922588765621185,0.06274447590112686,-0.978000819683075,-0.09407943487167358,0.06462765485048294,-1.352170705795288,-0.1895829141139984,0.08058582991361618,-1.5992705821990967,-0.274752140045166,0.108222097158432,-1.8178057670593262,-0.3259598910808563,-0.1547277569770813,-0.9031498432159424,-0.16943685710430145,-0.2796257436275482,-1.182350993156433,-0.2655566334724426,-0.3626241087913513,-1.3698800802230835,-0.31126049160957336,-0.4286957383155823,-1.5451295375823975,-0.33709993958473206
0.0,0.0,0.0,0.28012266755104065,-0.13278798758983612,-0.12910404801368713,0.4939025044441223,-0.41971665620803833,-0.19271329045295715,0.5557267069816589,-0.7078187465667725,-0.2630058526992798,0.495466947555542,-0.9380583167076111,-0.3242824077606201,0.44291114807128906,-0.8389891386032104,-0.021029965952038765,0.569178581237793,-1.0603139400482178,-0.17809654772281647,0.5614489912986755,-1.03011953830719,-0.31008586287498474,0.5106140375137329,-0.9469069242477417,-0.373658150434494,0.2653707265853882,-0.9632638096809387,-0.041245438158512115,0.40565285086631775,-1.341213583946228,-0.1086714044213295,0.472490131855011,-1.5817335844039917,-0.1714848130941391,0.5236038565635681,-1.8158658742904663,-0.21328815817832947,0.0627610981464386,-0.9828100204467773,-0.10091384500265121,0.07466502487659454,-1.3590831756591797,-0.1967042088508606,0.09610288590192795,-1.6049726009368896,-0.28144586086273193,0.12623469531536102,-1.821970820426941,-0.33275651931762695,-0.157398521900177,-0.9107391834259033,-0.17563220858573914,-0.2775695025920868,-1.1916786432266235,-0.27227920293807983,-0.35889822244644165,-1.3808332681655884,-0.3182847499847412,-0.4238070845603943,-1.5574796199798584,-0.3441387712955475
0.0,0.0,0.0,0.2879706621170044,-0.12967614829540253,-0.1246386170387268,0.5001116991043091,-0.4102209806442261,-0.18352937698364258,0.5608934760093689,-0.6970198750495911,-0.25034651160240173,0.5013024806976318,-0.9229029417037964,-0.3078154921531677,0.4323553740978241,-0.8419183492660522,-0.006866484880447388,0.5615615844726562,-1.0636073350906372,-0.15639598667621613,0.5638975501060486,-1.0377706289291382,-0.2827446162700653,0.5205076336860657,-0.9563635587692261,-0.3429030776023865,0.2604261636734009,-0.9650929570198059,-0.02781667746603489,0.400850772857666,-1.3413323163986206,-0.09028960019350052,0.4695950746536255,-1.5815184116363525,-0.14895941317081451,0.5226027965545654,-1.8126622438430786,-0.18706615269184113,0.06304755061864853,-0.9852502942085266,-0.0884641483426094,0.07655986398458481,-1.3574315309524536,-0.17999882996082306,0.10190915316343307,-1.604025959968567,-0.2630992531776428,0.13648715615272522,-1.820431113243103,-0.3132191598415375,-0.15289214253425598,-0.9126400947570801,-0.16416212916374207,-0.27301186323165894,-1.188347578048706,-0.2582351565361023,-0.3519618511199951,-1.376125454902649,-0.3039204776287079,-0.4135754406452179,-1.5487480163574219,-0.32946398854255676
0.0,0.0,0.0,0.26797306537628174,-0.12615244090557098,-0.12799853086471558,0.4872172176837921,-0.3983553946018219,-0.19545522332191467,0.5632767677307129,-0.6509625315666199,-0.27054300904273987,0.5106306076049805,-0.8561137914657593,-0.3308940529823303,0.44283050298690796,-0.8339933753013611,-0.038594577461481094,0.5781154632568359,-1.0505423545837402,-0.2190164029598236,0.5563287734985352,-0.9542297124862671,-0.36368733644485474,0.4842633008956909,-0.8206004500389099,-0.429309219121933,0.2633311152458191,-0.962877094745636,-0.05936674401164055,0.4029769003391266,-1.3302379846572876,-0.13768529891967773,0.4660833775997162,-1.5680944919586182,-0.20189610123634338,0.5069072842597961,-1.802461862564087,-0.2421194612979889,0.05914650112390518,-0.9831534028053284,-0.11990470439195633,0.03999105468392372,-1.3469538688659668,-0.21670116484165192,0.030351445078849792,-1.5840885639190674,-0.2932946979999542,0.0347810834646225,-1.8046166896820068,-0.3363530933856964,-0.15361157059669495,-0.9033889770507812,-0.19647172093391418,-0.2895278036594391,-1.1653120517730713,-0.28298768401145935,-0.3798690736293793,-1.3402949571609497,-0.31683507561683655,-0.4528769254684448,-1.5091638565063477,-0.332279771566391
0.0,0.0,0.0,0.2704627215862274,-0.13586093485355377,-0.11688742786645889,0.4818345010280609,-0.41250506043434143,-0.17524974048137665,0.5656911730766296,-0.6744089126586914,-0.24119533598423004,0.503379225730896,-0.8799598813056946,-0.2991945445537567,0.4173099100589752,-0.847858726978302,-0.023804254829883575,0.583333432674408,-1.0454477071762085,-0.1461387574672699,0.6335594654083252,-1.0464376211166382,-0.24836896359920502,0.6308361887931824,-1.0272356271743774,-0.30362245440483093,0.24660146236419678,-0.9677477478981018,-0.05149788409471512,0.39780035614967346,-1.3305875062942505,-0.11974004656076431,0.48072636127471924,-1.5666872262954712,-0.1736266016960144,0.5385491251945496,-1.7979187965393066,-0.20654039084911346,0.04988306388258934,-0.9806007146835327,-0.11377471685409546,0.022567549720406532,-1.3620575666427612,-0.21776074171066284,0.004612724296748638,-1.609000325202942,-0.30062317848205566,0.0029146717861294746,-1.832478404045105,-0.3467518389225006,-0.14729124307632446,-0.9024009704589844,-0.18916834890842438,-0.2799834609031677,-1.181672215461731,-0.2934020459651947,-0.36996185779571533,-1.3719274997711182,-0.3448221981525421,-0.4345398545265198,-1.5521754026412964,-0.3736836910247803
0.0,0.0,0.0,0.27449551224708557,-0.1362304836511612,-0.11512438207864761,0.4815286099910736,-0.4123665392398834,-0.17612722516059875,0.5581467747688293,-0.6790862083435059,-0.24592234194278717,0.5017673373222351,-0.8985419869422913,-0.3073400855064392,0.412898987531662,-0.8497017025947571,-0.023892195895314217,0.5748707056045532,-1.0557900667190552,-0.14909961819648743,0.6266805529594421,-1.0528206825256348,-0.25094321370124817,0.6216922998428345,-1.030432105064392,-0.3048509657382965,0.2448521852493286,-0.9681136012077332,-0.052946846932172775,0.4065764844417572,-1.3353606462478638,-0.12313573807477951,0.4958696663379669,-1.5725442171096802,-0.17534440755844116,0.5567920804023743,-1.802489161491394,-0.20619440078735352,0.04974740371108055,-0.980936586856842,-0.1173117607831955,0.016302039846777916,-1.3701417446136475,-0.2221640646457672,-0.005417339038103819,-1.62105131149292,-0.30369532108306885,-0.009468222968280315,-1.8438187837600708,-0.3487255275249481,-0.14546415209770203,-0.9027464389801025,-0.1947571188211441,-0.281122088432312,-1.183417558670044,-0.2995603680610657,-0.37058931589126587,-1.3774387836456299,-0.3518546223640442,-0.4327247738838196,-1.5590262413024902,-0.3812826871871948
0.0,0.0,0.0,0.28702545166015625,-0.1398715376853943,-0.1055460125207901,0.5025703310966492,-0.4270442724227905,-0.1521243155002594,0.5710039138793945,-0.6938275098800659,-0.2079143077135086,0.5236985087394714,-0.9038655161857605,-0.2560063898563385,0.42856672406196594,-0.8497305512428284,-0.002040618099272251,0.5862258672714233,-1.046824336051941,-0.11568048596382141,0.62730473279953,-1.0444213151931763,-0.21288669109344482,0.614795982837677,-1.0244784355163574,-0.26512470841407776,0.25619053840637207,-0.9661108255386353,-0.03156401962041855,0.4137439429759979,-1.3284286260604858,-0.09536668658256531,0.4986377954483032,-1.5648380517959595,-0.14832694828510284,0.5553486943244934,-1.7931958436965942,-0.17971208691596985,0.059072066098451614,-0.9794423580169678,-0.09544820338487625,0.03222287818789482,-1.3656954765319824,-0.1967608630657196,0.017344320192933083,-1.6144403219223022,-0.28022676706314087,0.01751783676445484,-1.8369444608688354,-0.32595834136009216,-0.1399640142917633,-0.9047620892524719,-0.17118923366069794,-0.27233099937438965,-1.1853197813034058,-0.27341657876968384,-0.3614793121814728,-1.3742908239364624,-0.3241296708583832,-0.4251261055469513,-1.5522851943969727,-0.351802796125412
0.0,0.0,0.0,0.2892354726791382,-0.14146609604358673,-0.12380973249673843,0.5118099451065063,-0.4139960706233978,-0.18657946586608887,0.5856102108955383,-0.6839467287063599,-0.25750017166137695,0.5567272305488586,-0.9090223908424377,-0.3206026554107666,0.43546679615974426,-0.8439398407936096,-0.016113370656967163,0.5941178798675537,-1.0394706726074219,-0.14527472853660583,0.6375121474266052,-1.0381739139556885,-0.2516961693763733,0.6241000890731812,-1.0042376518249512,-0.3058014512062073,0.2650287449359894,-0.9634081721305847,-0.04005633294582367,0.43472686409950256,-1.3241111040115356,-0.10935091972351074,0.5279699563980103,-1.560408353805542,-0.16297776997089386,0.5958914756774902,-1.7899082899093628,-0.1936827152967453,0.06875835359096527,-0.9799055457115173,-0.10172530263662338,0.04917776584625244,-1.3693605661392212,-0.20853781700134277,0.03719152882695198,-1.628438115119934,-0.2936667501926422,0.04341765493154526,-1.8576173782348633,-0.3400075435638428,-0.13320212066173553,-0.905823290348053,-0.1769292801618576,-0.26353561878204346,-1.1908711194992065,-0.28341880440711975,-0.3481615483760834,-1.384677767753601,-0.3353009819984436,-0.4071623682975769,-1.5656315088272095,-0.363313764333725
0.0,0.0,0.0,0.2896616458892822,-0.13746494054794312,-0.12237855046987534,0.5297766923904419,-0.40705928206443787,-0.18635554611682892,0.6079655885696411,-0.675716757774353,-0.2590072453022003,0.5502282381057739,-0.8904030323028564,-0.3242601752281189,0.453064888715744,-0.8357865214347839,-0.024620741605758667,0.6133719682693481,-1.032550573348999,-0.16641327738761902,0.6459642648696899,-1.0154956579208374,-0.2825964391231537,0.624364972114563,-0.9666779041290283,-0.34207937121391296,0.2796550691127777,-0.9587173461914062,-0.051518261432647705,0.4488687515258789,-1.3145768642425537,-0.13097763061523438,0.5379002094268799,-1.5502023696899414,-0.19537945091724396,0.6050797700881958,-1.7794246673583984,-0.23459582030773163,0.07858874648809433,-0.9764642715454102,-0.11510614305734634,0.06771260499954224,-1.3653894662857056,-0.22754032909870148,0.05566756799817085,-1.625319480895996,-0.3177761733531952,0.06360756605863571,-1.854562759399414,-0.36827319860458374,-0.13035836815834045,-0.9009028077125549,-0.1917751580476761,-0.2588749825954437,-1.186950445175171,-0.2987605929374695,-0.3439823389053345,-1.3802975416183472,-0.35060352087020874,-0.4042113125324249,-1.560363531112671,-0.379367470741272
0.0,0.0,0.0,0.3204297423362732,-0.1502869576215744,-0.07890688627958298,0.5646493434906006,-0.43769240379333496,-0.11488987505435944,0.6621805429458618,-0.6882579326629639,-0.16797879338264465,0.5944273471832275,-0.8708778619766235,-0.213716521859169,0.44594547152519226,-0.8476240038871765,0.017222682014107704,0.6079264879226685,-1.0539246797561646,-0.10450436174869537,0.6359688639640808,-1.0064876079559326,-0.21111032366752625,0.6128206849098206,-0.937214195728302,-0.2658554017543793,0.26786351203918457,-0.9630647897720337,-0.027483554556965828,0.4315732419490814,-1.3264846801757812,-0.0943848267197609,0.533566415309906,-1.5648566484451294,-0.15608495473861694,0.6087474822998047,-1.788038730621338,-0.19432824850082397,0.06170357018709183,-0.9834795594215393,-0.10503401607275009,0.053997356444597244,-1.388372540473938,-0.20457451045513153,0.053277548402547836,-1.6522845029830933,-0.29762354493141174,0.07161528617143631,-1.8794972896575928,-0.3501429855823517,-0.14364267885684967,-0.9133961796760559,-0.19185535609722137,-0.2728078365325928,-1.2258117198944092,-0.28390541672706604,-0.35633817315101624,-1.4275506734848022,-0.3297582268714905,-0.41426143050193787,-1.6080222129821777,-0.3558351695537567
0.0,0.0,0.0,0.3318398594856262,-0.12594769895076752,-0.08921420574188232,0.6236662268638611,-0.3752779960632324,-0.15184101462364197,0.8004946708679199,-0.6084147691726685,-0.23596228659152985,0.7192701101303101,-0.7827223539352417,-0.3101070523262024,0.4820213317871094,-0.8423107862472534,0.01976102963089943,0.6462006568908691,-1.0848429203033447,-0.16778253018856049,0.7023578882217407,-0.9813157916069031,-0.3257567286491394,0.6942546963691711,-0.8224866390228271,-0.39635252952575684,0.31807515025138855,-0.9477934241294861,-0.022710507735610008,0.4860740005970001,-1.3020230531692505,-0.10324575752019882,0.6125918030738831,-1.5280431509017944,-0.17798998951911926,0.7140362858772278,-1.754617691040039,-0.22553783655166626,0.12926003336906433,-0.9720463752746582,-0.10529758781194687,0.18194231390953064,-1.3647421598434448,-0.19470591843128204,0.22725142538547516,-1.6278923749923706,-0.2681245803833008,0.27513548731803894,-1.8504352569580078,-0.3091602027416229,-0.07553990185260773,-0.9072626233100891,-0.20311011373996735,-0.15389226377010345,-1.2199076414108276,-0.27317675948143005,-0.20079617202281952,-1.4360802173614502,-0.2976771295070648,-0.22922131419181824,-1.6255179643630981,-0.30795636773109436
0.0,0.0,0.0,0.3214823603630066,-0.13806326687335968,-0.06781141459941864,0.6008005142211914,-0.40122994780540466,-0.11618787795305252,0.7514566779136658,-0.6427812576293945,-0.1878686100244522,0.6292005777359009,-0.7838619947433472,-0.25021448731422424,0.45215845108032227,-0.8601683974266052,0.03986018896102905,0.6193674802780151,-1.1398457288742065,-0.13124249875545502,0.6707252860069275,-1.0569559335708618,-0.28111791610717773,0.6436461806297302,-0.9043053984642029,-0.34895461797714233,0.2909846603870392,-0.9567034840583801,-0.006807313766330481,0.4555720090866089,-1.3109124898910522,-0.07298774272203445,0.5756620764732361,-1.5281509160995483,-0.14471261203289032,0.6618616580963135,-1.7273515462875366,-0.19410932064056396,0.10819946974515915,-0.9700818657875061,-0.09073193371295929,0.16007034480571747,-1.3500739336013794,-0.16013577580451965,0.20588034391403198,-1.6083784103393555,-0.23281952738761902,0.2520616054534912,-1.8231416940689087,-0.28037434816360474,-0.09078578650951385,-0.8965837955474854,-0.1886458545923233,-0.1647835224866867,-1.1911966800689697,-0.2408219277858734,-0.2128092348575592,-1.3952288627624512,-0.2640174329280853,-0.2429524064064026,-1.575698733329773,-0.27957844734191895
0.0,0.0,0.0,0.29596787691116333,-0.14594487845897675,-0.07775354385375977,0.5407671928405762,-0.3940727710723877,-0.1308169960975647,0.6637904644012451,-0.6315553188323975,-0.20413000881671906,0.6036348938941956,-0.8359374403953552,-0.26777997612953186,0.4321986734867096,-0.8640378713607788,0.021750599145889282,0.5840359330177307,-1.1498020887374878,-0.13931265473365784,0.654711902141571,-1.1093190908432007,-0.27548661828041077,0.6634133458137512,-0.9946980476379395,-0.34014180302619934,0.2779860198497772,-0.960324764251709,-0.0223642960190773,0.4341033697128296,-1.3195220232009888,-0.09901876747608185,0.5388962626457214,-1.538490653038025,-0.17441494762897491,0.6188443899154663,-1.7416038513183594,-0.2256922423839569,0.0970940813422203,-0.9728053212165833,-0.10188959538936615,0.13307791948318481,-1.3522478342056274,-0.18752102553844452,0.1652158945798874,-1.6052545309066772,-0.2624959647655487,0.20599287748336792,-1.8237651586532593,-0.3100547790527344,-0.09928076714277267,-0.9011349081993103,-0.19471204280853271,-0.19621992111206055,-1.1854649782180786,-0.2701907753944397,-0.2564842104911804,-1.3922178745269775,-0.30461356043815613,-0.2930617928504944,-1.5828001499176025,-0.32463976740837097
0.0,0.0,0.0,0.29165932536125183,-0.1475783884525299,-0.07673566043376923,0.5368644595146179,-0.39698055386543274,-0.12926556169986725,0.663080096244812,-0.6292435526847839,-0.2017904371023178,0.5979940891265869,-0.8282989859580994,-0.2667067050933838,0.42532357573509216,-0.866382360458374,0.014446647837758064,0.5817622542381287,-1.1463595628738403,-0.14553306996822357,0.6737719774246216,-1.117925763130188,-0.2821602523326874,0.710554838180542,-1.0229284763336182,-0.35010138154029846,0.27343079447746277,-0.9613234400749207,-0.033057261258363724,0.4253617227077484,-1.3197964429855347,-0.11391133069992065,0.5289238095283508,-1.5368324518203735,-0.19463887810707092,0.6104309558868408,-1.7375521659851074,-0.2504788339138031,0.09379164129495621,-0.9729347825050354,-0.11418741196393967,0.13865429162979126,-1.355263352394104,-0.20196980237960815,0.1729733645915985,-1.6048557758331299,-0.2773188650608063,0.21563677489757538,-1.8213468790054321,-0.32583680748939514,-0.10284534096717834,-0.9022170901298523,-0.20856060087680817,-0.18192164599895477,-1.1914337873458862,-0.28388670086860657,-0.23351533710956573,-1.3983732461929321,-0.31783154606819153,-0.26321354508399963,-1.5886813402175903,-0.3383141756057739
0.0,0.0,0.0,0.2918800711631775,-0.14199352264404297,-0.09199918061494827,0.5393829941749573,-0.3862636685371399,-0.15491600334644318,0.6660062074661255,-0.6190128326416016,-0.23559091985225677,0.5994082093238831,-0.8279349207878113,-0.30609843134880066,0.4352605938911438,-0.8592173457145691,-0.0015393830835819244,0.5830171704292297,-1.1322232484817505,-0.17515750229358673,0.627966046333313,-1.062409520149231,-0.32318294048309326,0.6177842020988464,-0.9390563368797302,-0.39503949880599976,0.2752823829650879,-0.9604384899139404,-0.04216131567955017,0.42338618636131287,-1.3198237419128418,-0.125674307346344,0.520158052444458,-1.5386658906936646,-0.20794537663459778,0.5969997048377991,-1.7462067604064941,-0.26501336693763733,0.08835837990045547,-0.9740760326385498,-0.11874867230653763,0.12718689441680908,-1.3541592359542847,-0.20803797245025635,0.15749861299991608,-1.6019490957260132,-0.2848108410835266,0.1979537457227707,-1.8206628561019897,-0.333700954914093,-0.11304664611816406,-0.9008646607398987,-0.20962612330913544,-0.19528236985206604,-1.190313696861267,-0.284640908241272,-0.24739961326122284,-1.3940585851669312,-0.3164899945259094,-0.27901744842529297,-1.5833325386047363,-0.3348393738269806
0.0,0.0,0.0,0.29238489270210266,-0.17140549421310425,-0.0832785964012146,0.5279937386512756,-0.42998090386390686,-0.1385740339756012,0.636535108089447,-0.6519784331321716,-0.21207478642463684,0.5690539479255676,-0.8491793870925903,-0.27733153104782104,0.41801202297210693,-0.8716170787811279,0.002493728883564472,0.5620338320732117,-1.0960023403167725,-0.15626835823059082,0.5979631543159485,-1.0086579322814941,-0.2982270419597626,0.5838884115219116,-0.9034299254417419,-0.37226083874702454,0.24416737258434296,-0.9687049984931946,-0.044640980660915375,0.3781464993953705,-1.3230857849121094,-0.1270267218351364,0.4672297537326813,-1.5528779029846191,-0.21149122714996338,0.5343943238258362,-1.7633689641952515,-0.2708267867565155,0.044892605394124985,-0.9711461067199707,-0.12565617263317108,0.07433272153139114,-1.3597619533538818,-0.22250472009181976,0.09577881544828415,-1.6119674444198608,-0.3097648620605469,0.13097837567329407,-1.8320224285125732,-0.36368900537490845,-0.15334634482860565,-0.8828949332237244,-0.2182490974664688,-0.24030880630016327,-1.1773642301559448,-0.3046943247318268,-0.29901787638664246,-1.3781874179840088,-0.3437526226043701,-0.3393985629081726,-1.5608491897583008,-0.365888774394989
0.0,0.0,0.0,0.2772202491760254,-0.16233213245868683,-0.08787576854228973,0.4948566257953644,-0.42542845010757446,-0.13627026975154877,0.5881458520889282,-0.6646152138710022,-0.19682323932647705,0.5243251323699951,-0.8618571162223816,-0.2551264464855194,0.3846963047981262,-0.8763223886489868,-0.012009342201054096,0.560975968837738,-1.098301887512207,-0.13822036981582642,0.6782059669494629,-1.1446540355682373,-0.2518150806427002,0.7533131241798401,-1.1627141237258911,-0.3188381493091583,0.2126861810684204,-0.9755015969276428,-0.05622502416372299,0.32507801055908203,-1.3449063301086426,-0.13840322196483612,0.4043707847595215,-1.585183024406433,-0.21785467863082886,0.4576161801815033,-1.8006925582885742,-0.2716147303581238,0.015213449485599995,-0.9720858335494995,-0.12871907651424408,0.01776914671063423,-1.365075945854187,-0.2303893119096756,0.03034539707005024,-1.6190910339355469,-0.3181929886341095,0.05263359844684601,-1.843724012374878,-0.3718794584274292,-0.18672004342079163,-0.8796496391296387,-0.2114565223455429,-0.2779739499092102,-1.1652467250823975,-0.3102022111415863,-0.3386136293411255,-1.368329644203186,-0.3595498204231262,-0.37732771039009094,-1.5543239116668701,-0.3880603611469269
0.0,0.0,0.0,0.27281850576400757,-0.15755806863307953,-0.08304429799318314,0.4931532144546509,-0.4180101156234741,-0.1285388022661209,0.5970540642738342,-0.6535924077033997,-0.18685948848724365,0.5442124605178833,-0.8548729419708252,-0.24340951442718506,0.3965916931629181,-0.8687130808830261,-0.005640751216560602,0.5633923411369324,-1.0830960273742676,-0.13031338155269623,0.6698667407035828,-1.116840124130249,-0.24464718997478485,0.7332870364189148,-1.1285957098007202,-0.31295281648635864,0.23118188977241516,-0.971476674079895,-0.05280169099569321,0.3599271774291992,-1.3408994674682617,-0.13444115221500397,0.4461996257305145,-1.5779727697372437,-0.21662335097789764,0.5057370662689209,-1.7903850078582764,-0.2737002968788147,0.03459587320685387,-0.9754621982574463,-0.128126859664917,0.06539975106716156,-1.3738452196121216,-0.23166008293628693,0.09408935159444809,-1.628026008605957,-0.3249223232269287,0.13070322573184967,-1.8542901277542114,-0.3833938241004944,-0.17132148146629333,-0.8915316462516785,-0.2126985788345337,-0.2577076852321625,-1.1807458400726318,-0.3139581084251404,-0.3170797824859619,-1.3851683139801025,-0.36655813455581665,-0.3545481860637665,-1.5745058059692383,-0.3986380994319916
0.0,0.0,0.0,0.2770744860172272,-0.15851274132728577,-0.08011741191148758,0.5003405809402466,-0.4181285798549652,-0.12415602058172226,0.5894893407821655,-0.6541393995285034,-0.18183183670043945,0.5460244417190552,-0.8595676422119141,-0.23621483147144318,0.4038112461566925,-0.8651796579360962,-0.0010936536127701402,0.5670965909957886,-1.0864118337631226,-0.14023126661777496,0.6609799265861511,-1.0781859159469604,-0.26612991094589233,0.7123748064041138,-1.0295815467834473,-0.33604446053504944,0.24136982858181,-0.9692063927650452,-0.04878022149205208,0.37797707319259644,-1.3382925987243652,-0.12987571954727173,0.4705159068107605,-1.5692890882492065,-0.21545584499835968,0.5413583517074585,-1.7699267864227295,-0.27629151940345764,0.04527463763952255,-0.9741844534873962,-0.12666702270507812,0.08459138125181198,-1.3700424432754517,-0.22924841940402985,0.1200324296951294,-1.6275215148925781,-0.3279111385345459,0.16628438234329224,-1.8510949611663818,-0.3913012146949768,-0.16547416150569916,-0.8903016448020935,-0.2135494202375412,-0.2532725930213928,-1.1878759860992432,-0.3113434910774231,-0.31282544136047363,-1.3942471742630005,-0.36325961351394653,-0.3507990837097168,-1.585821270942688,-0.3960878252983093
0.0,0.0,0.0,0.2924343943595886,-0.15710721909999847,-0.08605707436800003,0.5274693965911865,-0.42387697100639343,-0.13134358823299408,0.6210702061653137,-0.6744267344474792,-0.19003720581531525,0.568798840045929,-0.8827090263366699,-0.24443009495735168,0.4212838113307953,-0.8617271184921265,0.0025569528806954622,0.5637688040733337,-1.1060943603515625,-0.13435660302639008,0.6258400082588196,-1.101425290107727,-0.2563720643520355,0.6461598873138428,-1.0470144748687744,-0.3208882808685303,0.2511569559574127,-0.9671860337257385,-0.038358401507139206,0.39107197523117065,-1.343369960784912,-0.11215505003929138,0.48359712958335876,-1.5766425132751465,-0.18940825760364532,0.5588226914405823,-1.7845685482025146,-0.24320578575134277,0.053890686482191086,-0.9793546795845032,-0.11094125360250473,0.08845065534114838,-1.3768775463104248,-0.20618383586406708,0.1216188371181488,-1.6397716999053955,-0.29844722151756287,0.16745434701442719,-1.8657695055007935,-0.3571808934211731,-0.15640780329704285,-0.9044003486633301,-0.19391104578971863,-0.24649576842784882,-1.207047700881958,-0.28519731760025024,-0.30410027503967285,-1.4164022207260132,-0.33240076899528503,-0.33951547741889954,-1.6088896989822388,-0.36150211095809937
0.0,0.0,0.0,0.29220855236053467,-0.1698606312274933,-0.09111873060464859,0.5200713276863098,-0.4422016739845276,-0.14056119322776794,0.5976967215538025,-0.6952770948410034,-0.20380491018295288,0.5428318381309509,-0.9101846218109131,-0.2620667517185211,0.41276946663856506,-0.8676763772964478,-0.0012623191578313708,0.563700258731842,-1.0998179912567139,-0.1449863165616989,0.6203991770744324,-1.0836125612258911,-0.27204978466033936,0.625781238079071,-1.0378451347351074,-0.34064623713493347,0.2427806258201599,-0.9691113829612732,-0.04336680471897125,0.3866172730922699,-1.3425893783569336,-0.12622426450252533,0.47407016158103943,-1.5833230018615723,-0.20876432955265045,0.5381578803062439,-1.801641821861267,-0.26531678438186646,0.04432041943073273,-0.9747040867805481,-0.11845868825912476,0.06314112991094589,-1.3762919902801514,-0.22382524609565735,0.0832924023270607,-1.6368364095687866,-0.3168308138847351,0.1167793944478035,-1.8659558296203613,-0.3735143840312958,-0.16203650832176208,-0.8939403891563416,-0.20413632690906525,-0.25827476382255554,-1.1936101913452148,-0.30247241258621216,-0.32045605778694153,-1.4020878076553345,-0.35044044256210327,-0.36060869693756104,-1.5953806638717651,-0.3789936900138855
0.0,0.0,0.0,0.2801535129547119,-0.15926775336265564,-0.0986516922712326,0.4807780086994171,-0.4476015567779541,-0.14992421865463257,0.5367207527160645,-0.7080273032188416,-0.21352683007717133,0.46647316217422485,-0.9174373149871826,-0.2690790295600891,0.39380601048469543,-0.8673349618911743,-0.011510595679283142,0.5308358073234558,-1.1134209632873535,-0.1688103824853897,0.5322557091712952,-1.0483965873718262,-0.3059539496898651,0.4846709668636322,-0.9470657706260681,-0.3764420449733734,0.22126221656799316,-0.9740418195724487,-0.04780703783035278,0.35793304443359375,-1.359816551208496,-0.12934140861034393,0.4392937123775482,-1.6004842519760132,-0.21202141046524048,0.4999092221260071,-1.818545937538147,-0.2698090970516205,0.02176838368177414,-0.9752757549285889,-0.11878176033496857,0.03182265907526016,-1.3786275386810303,-0.2218569666147232,0.0486430861055851,-1.6419039964675903,-0.31890109181404114,0.0777495950460434,-1.8747352361679077,-0.3795718252658844,-0.18275627493858337,-0.885700523853302,-0.20078955590724945,-0.2693914771080017,-1.1837221384048462,-0.29724904894828796,-0.32756558060646057,-1.3875198364257812,-0.3456498682498932,-0.3716830015182495,-1.5780857801437378,-0.37502554059028625
0.0,0.0,0.0,0.27134838700294495,-0.16003897786140442,-0.09946578741073608,0.4552101492881775,-0.44364437460899353,-0.15032990276813507,0.48073896765708923,-0.6928598284721375,-0.21308860182762146,0.3927481174468994,-0.8842931985855103,-0.26611799001693726,0.3956318795681,-0.8703086376190186,-0.012763678096234798,0.5117223262786865,-1.1146824359893799,-0.1640121191740036,0.48200541734695435,-1.0447680950164795,-0.2969838082790375,0.4069995582103729,-0.9424348473548889,-0.36561527848243713,0.2202427089214325,-0.9743277430534363,-0.046675875782966614,0.34114310145378113,-1.3519008159637451,-0.11794111132621765,0.40665414929389954,-1.5924161672592163,-0.19302470982074738,0.45134085416793823,-1.816367268562317,-0.246318981051445,0.018829649314284325,-0.9717972874641418,-0.11471983790397644,0.015375573188066483,-1.3589946031570435,-0.20726321637630463,0.01663285121321678,-1.6172047853469849,-0.29996830224990845,0.03130769357085228,-1.8519577980041504,-0.3595257103443146,-0.185287743806839,-0.8714893460273743,-0.1942485123872757,-0.2907709777355194,-1.1477547883987427,-0.28500375151634216,-0.3632386326789856,-1.335908055305481,-0.3299286365509033,-0.42299920320510864,-1.5136176347732544,-0.3568352460861206
0.0,0.0,0.0,0.2537364661693573,-0.16771624982357025,-0.13864584267139435,0.42164596915245056,-0.4241759777069092,-0.2203129678964615,0.4195575714111328,-0.6860874891281128,-0.30973106622695923,0.3502323627471924,-0.9196069836616516,-0.38651037216186523,0.3863385021686554,-0.8761964440345764,-0.04492171108722687,0.495229035615921,-1.1401621103286743,-0.21914154291152954,0.45743539929389954,-1.0707882642745972,-0.36431005597114563,0.38217511773109436,-0.951278567314148,-0.43606600165367126,0.20830224454402924,-0.9758725166320801,-0.0654446929693222,0.31686660647392273,-1.3603739738464355,-0.14678658545017242,0.36177560687065125,-1.6066886186599731,-0.22680683434009552,0.3907431960105896,-1.8457365036010742,-0.28307920694351196,0.0050963182002305984,-0.9682374596595764,-0.12529553472995758,-0.009178915061056614,-1.354678750038147,-0.22760120034217834,-0.02257724292576313,-1.6170200109481812,-0.3248290419578552,-0.02201169542968273,-1.8600817918777466,-0.3867577016353607,-0.20751747488975525,-0.8642938137054443,-0.19989778101444244,-0.3278079032897949,-1.1370172500610352,-0.30105042457580566,-0.41234269738197327,-1.3248615264892578,-0.35197609663009644,-0.484889417886734,-1.5042939186096191,-0.38106799125671387
0.0,0.0,0.0,0.24970443546772003,-0.1615515500307083,-0.14895641803741455,0.41864651441574097,-0.41841524839401245,-0.23741523921489716,0.41511547565460205,-0.6801676154136658,-0.33102959394454956,0.34288129210472107,-0.9145950675010681,-0.40887147188186646,0.39709213376045227,-0.871233344078064,-0.05815501883625984,0.5019408464431763,-1.1329820156097412,-0.24045854806900024,0.44989776611328125,-1.0361244678497314,-0.39049234986305237,0.3626156151294708,-0.8984202742576599,-0.4636191725730896,0.21802669763565063,-0.9732001423835754,-0.07311467826366425,0.3330904543399811,-1.3506944179534912,-0.15736344456672668,0.3773098886013031,-1.5911052227020264,-0.23836173117160797,0.4041241705417633,-1.831432580947876,-0.2953822910785675,0.011500643566250801,-0.9700352549552917,-0.12857797741889954,-0.012688100337982178,-1.350093960762024,-0.23272569477558136,-0.030859289690852165,-1.6075998544692993,-0.32892611622810364,-0.03509746491909027,-1.8487844467163086,-0.38930362462997437,-0.20271089673042297,-0.8723233938217163,-0.19966816902160645,-0.3287428319454193,-1.1491503715515137,-0.2988550066947937,-0.4167693853378296,-1.3389021158218384,-0.34778136014938354,-0.4921290874481201,-1.5215709209442139,-0.37549272179603577
0.0,0.0,0.0,0.2478480488061905,-0.15854018926620483,-0.1476380079984665,0.4154743552207947,-0.4222549498081207,-0.23548921942710876,0.4114149212837219,-0.6928974986076355,-0.3279394805431366,0.34496942162513733,-0.9318544864654541,-0.4036168158054352,0.39203324913978577,-0.872056245803833,-0.06315795332193375,0.4931669235229492,-1.1423598527908325,-0.25017601251602173,0.4380176365375519,-1.0412076711654663,-0.4003341794013977,0.3499772846698761,-0.8961904644966125,-0.4712093770503998,0.21080374717712402,-0.9744251370429993,-0.07782962918281555,0.32491546869277954,-1.3555890321731567,-0.1643020361661911,0.3695261478424072,-1.5986090898513794,-0.24089856445789337,0.3953998386859894,-1.8397636413574219,-0.2941143214702606,0.005179728381335735,-0.9750692844390869,-0.13323967158794403,-0.017496464774012566,-1.3574268817901611,-0.23739153146743774,-0.03319977596402168,-1.617533564567566,-0.3266685903072357,-0.03765588253736496,-1.8565410375595093,-0.3812148869037628,-0.21068163216114044,-0.8838378190994263,-0.20442308485507965,-0.34034305810928345,-1.1765937805175781,-0.30093124508857727,-0.4272492527961731,-1.3768926858901978,-0.34480613470077515,-0.5007293224334717,-1.5660793781280518,-0.3682805001735687
0.0,0.0,0.0,0.251985639333725,-0.15996278822422028,-0.1501561552286148,0.4223564565181732,-0.4210658669471741,-0.23988603055477142,0.4168711304664612,-0.6895384192466736,-0.33394455909729004,0.33929717540740967,-0.9267696142196655,-0.41209158301353455,0.4011588394641876,-0.8672617673873901,-0.06936915963888168,0.5140946507453918,-1.1359089612960815,-0.26031574606895447,0.4694724380970001,-1.0390058755874634,-0.4144577085971832,0.3846026659011841,-0.896105170249939,-0.48722535371780396,0.21835452318191528,-0.9722743630409241,-0.08368910849094391,0.3344295620918274,-1.3571184873580933,-0.17320725321769714,0.37894564867019653,-1.6019858121871948,-0.2559480667114258,0.4018121659755707,-1.842430591583252,-0.31379517912864685,0.008947351016104221,-0.9742989540100098,-0.1382742077112198,-0.0152609096840024,-1.3559134006500244,-0.24386881291866302,-0.029767950996756554,-1.615209698677063,-0.33793699741363525,-0.03408658504486084,-1.8515188694000244,-0.39588919281959534,-0.2120254635810852,-0.8860273957252502,-0.20868241786956787,-0.33856451511383057,-1.1806007623672485,-0.3040091395378113,-0.4236302375793457,-1.3806875944137573,-0.3492385149002075,-0.49593019485473633,-1.5694208145141602,-0.37433940172195435
0.0,0.0,0.0,0.25934165716171265,-0.17071451246738434,-0.13566863536834717,0.43268826603889465,-0.44371816515922546,-0.21444976329803467,0.4272615313529968,-0.7234079241752625,-0.3003491759300232,0.3514789640903473,-0.9640127420425415,-0.3723016381263733,0.3923465609550476,-0.8737407922744751,-0.041450414806604385,0.5102828741073608,-1.144342303276062,-0.2151341587305069,0.4775615930557251,-1.0635528564453125,-0.3574316203594208,0.403177410364151,-0.9348710775375366,-0.42453786730766296,0.21247239410877228,-0.9752254486083984,-0.061569176614284515,0.3345900774002075,-1.3608149290084839,-0.13902734220027924,0.3843311369419098,-1.6035254001617432,-0.21396641433238983,0.41394639015197754,-1.8419400453567505,-0.26668140292167664,0.00614477414637804,-0.978751540184021,-0.12179571390151978,0.0015053865499794483,-1.3701905012130737,-0.22361110150814056,0.0035762684419751167,-1.634329080581665,-0.3186866044998169,0.01295074075460434,-1.8725916147232056,-0.3774457573890686,-0.21515896916389465,-0.895058810710907,-0.19610506296157837,-0.34668484330177307,-1.1947156190872192,-0.2944476306438446,-0.4343874156475067,-1.3969097137451172,-0.34330958127975464,-0.5072517991065979,-1.5856188535690308,-0.37088000774383545
0.0,0.0,0.0,0.27032822370529175,-0.16497935354709625,-0.11290768533945084,0.4630545377731323,-0.4458959698677063,-0.1715400367975235,0.4941575229167938,-0.7187814712524414,-0.24071192741394043,0.4233663082122803,-0.9465917944908142,-0.2977851331233978,0.4034268260002136,-0.8746179342269897,-0.014382901601493359,0.5304338932037354,-1.1400729417800903,-0.1740526705980301,0.5191425681114197,-1.0577149391174316,-0.31002479791641235,0.4646350145339966,-0.9362014532089233,-0.375164270401001,0.22798308730125427,-0.9728099703788757,-0.04079825058579445,0.35301461815834045,-1.343355417251587,-0.1121104508638382,0.40983131527900696,-1.579566240310669,-0.18774287402629852,0.4441361129283905,-1.8071767091751099,-0.24078862369060516,0.02610212191939354,-0.9740325808525085,-0.10463280230760574,0.03410514444112778,-1.3636704683303833,-0.1999622881412506,0.03632454201579094,-1.6223915815353394,-0.2930569350719452,0.046107400208711624,-1.8565531969070435,-0.3505035936832428,-0.1910213977098465,-0.8871583342552185,-0.18081888556480408,-0.3082837760448456,-1.1829674243927002,-0.2733480632305145,-0.3884165585041046,-1.3814069032669067,-0.31939685344696045,-0.45382392406463623,-1.5665709972381592,-0.34483838081359863
0.0,0.0,0.0,0.26730766892433167,-0.1585685908794403,-0.11227159202098846,0.459930419921875,-0.43124470114707947,-0.1749747395515442,0.5160170793533325,-0.7046794295310974,-0.24836575984954834,0.4295521676540375,-0.9362706542015076,-0.3122788369655609,0.40108782052993774,-0.8682309985160828,-0.020533859729766846,0.5262540578842163,-1.1220816373825073,-0.17684274911880493,0.516789436340332,-1.0594671964645386,-0.30920863151550293,0.46423664689064026,-0.9610344171524048,-0.3745090961456299,0.22635501623153687,-0.9727677702903748,-0.049861401319503784,0.35257092118263245,-1.3451220989227295,-0.12173809856176376,0.41835740208625793,-1.5783106088638306,-0.1932530701160431,0.4640547037124634,-1.8015378713607788,-0.24411381781101227,0.02119961567223072,-0.9750705361366272,-0.11603094637393951,0.027643030509352684,-1.363921046257019,-0.21280409395694733,0.03716881200671196,-1.6245661973953247,-0.30514875054359436,0.056703608483076096,-1.8591349124908447,-0.36359187960624695,-0.1957336813211441,-0.8876937627792358,-0.19459666311740875,-0.3114168345928192,-1.1791439056396484,-0.291095107793808,-0.38946983218193054,-1.3804104328155518,-0.34139248728752136,-0.45225316286087036,-1.5687861442565918,-0.37132060527801514
0.0,0.0,0.0,0.2737489640712738,-0.16394838690757751,-0.11155211180448532,0.46283063292503357,-0.4530012011528015,-0.17091144621372223,0.5111326575279236,-0.7347475290298462,-0.2403511106967926,0.43619927763938904,-0.9696798920631409,-0.3009188175201416,0.3871074616909027,-0.8788089752197266,-0.022109685465693474,0.5054800510406494,-1.132941722869873,-0.17586323618888855,0.504727303981781,-1.0827076435089111,-0.3044620752334595,0.4614108204841614,-0.9934757947921753,-0.3679202198982239,0.2097649872303009,-0.9763976335525513,-0.05144196376204491,0.3318949341773987,-1.352260947227478,-0.12450351566076279,0.39556795358657837,-1.5920323133468628,-0.195065438747406,0.4409480690956116,-1.8216426372528076,-0.24396954476833344,0.005458671599626541,-0.9700180888175964,-0.11699333041906357,-0.005104915704578161,-1.3600027561187744,-0.216404527425766,-0.008237388916313648,-1.624922752380371,-0.30901771783828735,0.003340327413752675,-1.863093614578247,-0.3666433095932007,-0.20519474148750305,-0.8714717030525208,-0.19458645582199097,-0.33634769916534424,-1.156127691268921,-0.29514217376708984,-0.42251983284950256,-1.3542102575302124,-0.3471691608428955,-0.4906119704246521,-1.5410898923873901,-0.37730544805526733
0.0,0.0,0.0,0.27547115087509155,-0.16544806957244873,-0.11683598905801773,0.46359431743621826,-0.44702500104904175,-0.18004776537418365,0.5142894983291626,-0.730737030506134,-0.25372475385665894,0.4482276439666748,-0.9720585942268372,-0.31898215413093567,0.3837183713912964,-0.8838372826576233,-0.018224624916911125,0.5030412673950195,-1.1347061395645142,-0.16740070283412933,0.5050353407859802,-1.0976492166519165,-0.29227158427238464,0.46106529235839844,-1.0151398181915283,-0.35375842452049255,0.2060268074274063,-0.9775062203407288,-0.04510488361120224,0.32400476932525635,-1.3510127067565918,-0.11451359838247299,0.3857348561286926,-1.5865639448165894,-0.18078559637069702,0.42944395542144775,-1.8156580924987793,-0.22647210955619812,0.003924310207366943,-0.9697205424308777,-0.10936114192008972,-0.003946277312934399,-1.3583662509918213,-0.20757164061069489,-0.00484677217900753,-1.6219013929367065,-0.29834887385368347,0.006066908128559589,-1.8577203750610352,-0.35468897223472595,-0.20651113986968994,-0.8718044757843018,-0.18648305535316467,-0.3346807062625885,-1.1572500467300415,-0.288906067609787,-0.41965001821517944,-1.35563325881958,-0.34242716431617737,-0.48866787552833557,-1.5406856536865234,-0.3731667399406433
0.0,0.0,0.0,0.2749275267124176,-0.16141611337661743,-0.12265462428331375,0.464324951171875,-0.44407206773757935,-0.18684324622154236,0.5177603363990784,-0.7322317361831665,-0.25957173109054565,0.4469696581363678,-0.9758427739143372,-0.32416459918022156,0.3803853988647461,-0.881010890007019,-0.02605418488383293,0.5012375712394714,-1.1365920305252075,-0.17760522663593292,0.5109830498695374,-1.1141562461853027,-0.3033929169178009,0.47568807005882263,-1.039962649345398,-0.36527982354164124,0.20312048494815826,-0.9778062105178833,-0.05135301873087883,0.32042035460472107,-1.3597819805145264,-0.12538214027881622,0.3792303502559662,-1.6055463552474976,-0.19684921205043793,0.41863158345222473,-1.841519832611084,-0.2464028149843216,0.0002146916085621342,-0.9725057482719421,-0.11389859020709991,-0.006394459865987301,-1.3577582836151123,-0.21675926446914673,-0.0014615778345614672,-1.6231732368469238,-0.31238749623298645,0.013578863814473152,-1.8575353622436523,-0.3719627261161804,-0.21452686190605164,-0.8804399371147156,-0.18944910168647766,-0.34958067536354065,-1.1664735078811646,-0.29585421085357666,-0.4388425946235657,-1.3688819408416748,-0.35350608825683594,-0.5102949738502502,-1.5577731132507324,-0.3874412775039673
0.0,0.0,0.0,0.27500084042549133,-0.1617187261581421,-0.12359796464443207,0.46664154529571533,-0.44635382294654846,-0.1895538866519928,0.522482693195343,-0.7385466694831848,-0.2651357650756836,0.4378319978713989,-0.9809660911560059,-0.3326810896396637,0.38420307636260986,-0.8799933195114136,-0.0181655865162611,0.5049178600311279,-1.1321309804916382,-0.1703435331583023,0.5073365569114685,-1.1040537357330322,-0.29741987586021423,0.4665582478046417,-1.0241854190826416,-0.3594839870929718,0.20771875977516174,-0.9772117137908936,-0.043704260140657425,0.3242546319961548,-1.3583133220672607,-0.11412415653467178,0.38204023241996765,-1.5998547077178955,-0.18359233438968658,0.42442598938941956,-1.8354511260986328,-0.23234377801418304,0.006229687947779894,-0.9731208086013794,-0.10772868990898132,0.009696952067315578,-1.3569769859313965,-0.20837914943695068,0.021094905212521553,-1.619429349899292,-0.302954763174057,0.04179370775818825,-1.852695107460022,-0.3625331223011017,-0.2097730040550232,-0.882286012172699,-0.18514695763587952,-0.33993491530418396,-1.1666789054870605,-0.29009610414505005,-0.4265997111797333,-1.3675051927566528,-0.34718427062034607,-0.4969526529312134,-1.5551886558532715,-0.3813991844654083
0.0,0.0,0.0,0.27071624994277954,-0.15579158067703247,-0.11949589103460312,0.45474547147750854,-0.4475334584712982,-0.18143627047538757,0.5084073543548584,-0.7331525087356567,-0.2537006437778473,0.4331115484237671,-0.9752090573310852,-0.3175168037414551,0.3829805254936218,-0.8784029483795166,-0.023244503885507584,0.5072751641273499,-1.1389073133468628,-0.17639686167240143,0.5091742873191833,-1.1005902290344238,-0.30377620458602905,0.46425148844718933,-1.015123724937439,-0.3668577969074249,0.2111654430627823,-0.9761040210723877,-0.05128517374396324,0.3309323489665985,-1.3671410083770752,-0.12473466247320175,0.3878559172153473,-1.6098071336746216,-0.19645407795906067,0.4253585636615753,-1.8372575044631958,-0.24635781347751617,0.012842271476984024,-0.9696148037910461,-0.11674558371305466,0.017115868628025055,-1.3645368814468384,-0.21730950474739075,0.027043169364333153,-1.6286288499832153,-0.3124498128890991,0.04580282047390938,-1.8652987480163574,-0.3729535639286041,-0.19580304622650146,-0.87522292137146,-0.19529713690280914,-0.3032568395137787,-1.1621602773666382,-0.3003702759742737,-0.37849152088165283,-1.3627276420593262,-0.357436865568161,-0.4412403106689453,-1.5518500804901123,-0.3920556902885437
0.0,0.0,0.0,0.26910245418548584,-0.15786968171596527,-0.12130117416381836,0.4477626383304596,-0.44846174120903015,-0.1869010627269745,0.49695825576782227,-0.7338593006134033,-0.2633509933948517,0.4314008951187134,-0.9800757765769958,-0.33095237612724304,0.37262168526649475,-0.8755416870117188,-0.027991443872451782,0.4928826093673706,-1.137676477432251,-0.18998827040195465,0.4961290955543518,-1.09530508518219,-0.3230035603046417,0.45457977056503296,-1.007966160774231,-0.3888983726501465,0.2014072686433792,-0.9778949022293091,-0.05618429556488991,0.32035478949546814,-1.373923897743225,-0.13465040922164917,0.3774828612804413,-1.622554898262024,-0.20780837535858154,0.4156390130519867,-1.856515645980835,-0.2576442360877991,0.0042139384895563126,-0.9706859588623047,-0.1220892146229744,-0.006619681604206562,-1.3698699474334717,-0.2256041318178177,-0.012460066005587578,-1.6370488405227661,-0.3192366361618042,-0.0049026659689843655,-1.880734920501709,-0.3782586455345154,-0.19983051717281342,-0.868576169013977,-0.20141690969467163,-0.31097501516342163,-1.140356421470642,-0.306347131729126,-0.3907359540462494,-1.3301643133163452,-0.36027124524116516,-0.45908311009407043,-1.5102033615112305,-0.3921948969364166
0.0,0.0,0.0,0.2758820354938507,-0.16042160987854004,-0.12134504318237305,0.4649462103843689,-0.44890472292900085,-0.1861662119626999,0.5120131969451904,-0.7426510453224182,-0.2611463963985443,0.4297822415828705,-0.9855175614356995,-0.3269471526145935,0.3810780942440033,-0.8814244270324707,-0.02495117485523224,0.5028772950172424,-1.1476291418075562,-0.18463926017284393,0.5071225166320801,-1.1040589809417725,-0.3150656521320343,0.465385764837265,-1.0089044570922852,-0.37776124477386475,0.20481444895267487,-0.9774778485298157,-0.050873178988695145,0.31716328859329224,-1.3647412061691284,-0.12531891465187073,0.36884164810180664,-1.609033226966858,-0.19591966271400452,0.39993229508399963,-1.8443403244018555,-0.24453572928905487,0.005382850766181946,-0.9692094922065735,-0.1145726889371872,-0.007422564551234245,-1.3515952825546265,-0.21338437497615814,-0.009985054843127728,-1.6160866022109985,-0.30312272906303406,-0.001741465530358255,-1.8562018871307373,-0.35964661836624146,-0.20484794676303864,-0.8714442849159241,-0.19208507239818573,-0.33335956931114197,-1.1469124555587769,-0.29263487458229065,-0.419676810503006,-1.3428467512130737,-0.34411701560020447,-0.4917750954627991,-1.5290244817733765,-0.3740360736846924
0.0,0.0,0.0,0.2807731032371521,-0.16016550362110138,-0.11666374653577805,0.472385972738266,-0.45761895179748535,-0.1763094663619995,0.518515944480896,-0.7566994428634644,-0.24608203768730164,0.430738627910614,-0.995891809463501,-0.3087579607963562,0.38634905219078064,-0.8801090121269226,-0.019071713089942932,0.5051644444465637,-1.1369764804840088,-0.16440384089946747,0.5102649927139282,-1.1254559755325317,-0.2845989167690277,0.46871674060821533,-1.0607283115386963,-0.34395936131477356,0.20710241794586182,-0.9771428108215332,-0.04796351492404938,0.31832805275917053,-1.3684837818145752,-0.11807458847761154,0.36838048696517944,-1.6180810928344727,-0.18536074459552765,0.3981477618217468,-1.858972191810608,-0.23181143403053284,0.005957429297268391,-0.9729448556900024,-0.11335589736700058,-0.0002411480963928625,-1.3585162162780762,-0.21265782415866852,0.005958671681582928,-1.6229356527328491,-0.3040045499801636,0.01998050883412361,-1.8588409423828125,-0.36152276396751404,-0.20781421661376953,-0.8818638324737549,-0.1916840523481369,-0.34092020988464355,-1.1672766208648682,-0.2959558665752411,-0.42918911576271057,-1.3687870502471924,-0.35129135847091675,-0.5015395879745483,-1.5581092834472656,-0.38443267345428467
0.0,0.0,0.0,0.273737370967865,-0.1585075855255127,-0.11340828239917755,0.46839460730552673,-0.45757365226745605,-0.16974924504756927,0.5232529044151306,-0.7545672655105591,-0.23571373522281647,0.4244495928287506,-0.9861930012702942,-0.29642775654792786,0.384909987449646,-0.8796669840812683,-0.013169670477509499,0.49983134865760803,-1.1380387544631958,-0.1526014357805252,0.5034033060073853,-1.1300712823867798,-0.2695271670818329,0.4678248167037964,-1.0600268840789795,-0.3271403908729553,0.21099138259887695,-0.9765571355819702,-0.04264745116233826,0.3169219195842743,-1.3703510761260986,-0.10596001893281937,0.36832037568092346,-1.618654727935791,-0.17217016220092773,0.4059409201145172,-1.8531322479248047,-0.22014813125133514,0.014135627076029778,-0.9750619530677795,-0.10838188976049423,0.04270322993397713,-1.3693145513534546,-0.20539020001888275,0.07822610437870026,-1.6336970329284668,-0.30159178376197815,0.11676883697509766,-1.8646035194396973,-0.36444327235221863,-0.20235437154769897,-0.8911364078521729,-0.18588410317897797,-0.3233289420604706,-1.1834295988082886,-0.2926120162010193,-0.4001399278640747,-1.3905222415924072,-0.3534852862358093,-0.45990878343582153,-1.5850211381912231,-0.3921148478984833
0.0,0.0,0.0,0.278173565864563,-0.15433254837989807,-0.13010241091251373,0.4663240313529968,-0.4477466642856598,-0.197859987616539,0.5147066712379456,-0.7440088391304016,-0.2734672725200653,0.43343326449394226,-0.9857301115989685,-0.3404918909072876,0.37983760237693787,-0.8795672059059143,-0.0368388332426548,0.5011011958122253,-1.1356724500656128,-0.19422569870948792,0.49666494131088257,-1.09696364402771,-0.32173997163772583,0.4457177221775055,-1.0126261711120605,-0.38422074913978577,0.2016151249408722,-0.9776453971862793,-0.05967182666063309,0.31571274995803833,-1.3630181550979614,-0.13427233695983887,0.36847585439682007,-1.60916006565094,-0.20211046934127808,0.4025244414806366,-1.8459640741348267,-0.24823416769504547,5.0360038585495204e-05,-0.9667835831642151,-0.12064085900783539,-0.014046930707991123,-1.3556265830993652,-0.2242739349603653,-0.02064991183578968,-1.6233967542648315,-0.31828904151916504,-0.013841051608324051,-1.8638657331466675,-0.3768112361431122,-0.20974589884281158,-0.8621838092803955,-0.19533902406692505,-0.34528955817222595,-1.1312668323516846,-0.30422428250312805,-0.43722325563430786,-1.3230228424072266,-0.36204758286476135,-0.5143123865127563,-1.5030781030654907,-0.39558619260787964
0.0,0.0,0.0,0.2941591441631317,-0.15615405142307281,-0.1079755648970604,0.4764370024204254,-0.4579385817050934,-0.1560191661119461,0.5182589888572693,-0.7456579208374023,-0.2155306488275528,0.44679078459739685,-0.9685626029968262,-0.2687933146953583,0.3881465494632721,-0.878131091594696,-0.023687787353992462,0.5087885856628418,-1.1394944190979004,-0.16630388796329498,0.5263979434967041,-1.1309125423431396,-0.2819511294364929,0.499395489692688,-1.069474458694458,-0.34102219343185425,0.20718900859355927,-0.9767757654190063,-0.05460591986775398,0.31036466360092163,-1.3770033121109009,-0.1329449862241745,0.3642385005950928,-1.6372013092041016,-0.20591139793395996,0.3961847722530365,-1.8696033954620361,-0.25340536236763,0.00556568568572402,-0.9608502388000488,-0.1189144179224968,-0.03814183175563812,-1.355408787727356,-0.2250918745994568,-0.06749383360147476,-1.625403642654419,-0.3246312737464905,-0.07827138900756836,-1.8668595552444458,-0.3866725564002991,-0.19551916420459747,-0.8468617796897888,-0.19446678459644318,-0.3121062219142914,-1.0990798473358154,-0.30051010847091675,-0.3926880359649658,-1.2722806930541992,-0.3576121926307678,-0.4606175124645233,-1.4345731735229492,-0.3919275999069214
0.0,0.0,0.0,0.31462791562080383,-0.16115674376487732,-0.10533596575260162,0.4934123158454895,-0.500993549823761,-0.1377698928117752,0.5348350405693054,-0.8012433052062988,-0.18220515549182892,0.4997808337211609,-1.0188871622085571,-0.2177518904209137,0.3935353457927704,-0.888239860534668,-0.0037327369209378958,0.5105333924293518,-1.1496549844741821,-0.1437424123287201,0.5207093954086304,-1.1039471626281738,-0.25796014070510864,0.48531630635261536,-1.0187132358551025,-0.31425899267196655,0.21118853986263275,-0.9770026803016663,-0.02941349521279335,0.31638380885124207,-1.3698290586471558,-0.10166453570127487,0.38322725892066956,-1.6290099620819092,-0.1692247986793518,0.4296433925628662,-1.866546869277954,-0.21313083171844482,0.015557792037725449,-0.9573779702186584,-0.09116359055042267,-0.03525911644101143,-1.3501358032226562,-0.1947968304157257,-0.06620919704437256,-1.6117528676986694,-0.29040345549583435,-0.0789252445101738,-1.8471375703811646,-0.3479248881340027,-0.1752866506576538,-0.8429304957389832,-0.1649194061756134,-0.2832385301589966,-1.103418231010437,-0.2652762234210968,-0.35671183466911316,-1.2781392335891724,-0.3189759850502014,-0.42084091901779175,-1.441773772239685,-0.35101786255836487
0.0,0.0,0.0,0.3033923804759979,-0.14910338819026947,-0.12536761164665222,0.493943452835083,-0.4397719204425812,-0.19094033539295197,0.5459417700767517,-0.7358028292655945,-0.2684415280818939,0.49901801347732544,-0.9819334149360657,-0.337064266204834,0.41640156507492065,-0.8725013136863708,-0.04471530392765999,0.5538341999053955,-1.1465169191360474,-0.20921725034713745,0.566008985042572,-1.0980101823806763,-0.33707645535469055,0.5273160338401794,-1.0067481994628906,-0.3993137776851654,0.22988276183605194,-0.9705705642700195,-0.07174074649810791,0.3449747860431671,-1.371364712715149,-0.15851488709449768,0.4101845324039459,-1.6282246112823486,-0.23632147908210754,0.4504395127296448,-1.8727967739105225,-0.2886163294315338,0.026203535497188568,-0.9522558450698853,-0.13511855900287628,-0.01916491985321045,-1.3421738147735596,-0.24740725755691528,-0.05008123815059662,-1.6078087091445923,-0.3447068929672241,-0.06740596145391464,-1.8471789360046387,-0.40479496121406555,-0.17461887001991272,-0.8380991220474243,-0.21187956631183624,-0.2808089256286621,-1.1006971597671509,-0.318829208612442,-0.3546711206436157,-1.279759168624878,-0.3736827075481415,-0.4214823544025421,-1.4458630084991455,-0.4060288965702057
0.0,0.0,0.0,0.338486909866333,-0.15998676419258118,-0.10503328591585159,0.541691243648529,-0.475299209356308,-0.1477971225976944,0.581900954246521,-0.7782764434814453,-0.20372118055820465,0.5229959487915039,-1.0056164264678955,-0.25165876746177673,0.44972923398017883,-0.8714683651924133,-0.013482595793902874,0.5825865268707275,-1.1516475677490234,-0.16645260155200958,0.5847241878509521,-1.1086816787719727,-0.29237812757492065,0.5380207300186157,-1.0161417722702026,-0.3537980914115906,0.25331270694732666,-0.9664967656135559,-0.04143206775188446,0.36910396814346313,-1.360453486442566,-0.11876162141561508,0.43713146448135376,-1.616405725479126,-0.19628821313381195,0.47885313630104065,-1.852428913116455,-0.24909646809101105,0.04202856123447418,-0.9530373215675354,-0.1040835827589035,0.011224450543522835,-1.3383090496063232,-0.20523488521575928,7.24875062587671e-05,-1.5997896194458008,-0.29780304431915283,0.0003068751539103687,-1.8296433687210083,-0.3543718457221985,-0.16642959415912628,-0.8498455286026001,-0.17881058156490326,-0.2683195173740387,-1.125054955482483,-0.27505913376808167,-0.3367372751235962,-1.3140764236450195,-0.3229004740715027,-0.3959737718105316,-1.4869390726089478,-0.3502754867076874
