feature_0,feature_1,feature_2,feature_3,feature_4,feature_5,feature_6,feature_7,feature_8,feature_9,feature_10,feature_11,feature_12,feature_13,feature_14,feature_15,feature_16,feature_17,feature_18,feature_19,feature_20,feature_21,feature_22,feature_23,feature_24,feature_25,feature_26,feature_27,feature_28,feature_29,feature_30,feature_31,feature_32,feature_33,feature_34,feature_35,feature_36,feature_37,feature_38,feature_39,feature_40,feature_41,feature_42,feature_43,feature_44,feature_45,feature_46,feature_47,feature_48,feature_49,feature_50,feature_51,feature_52,feature_53,feature_54,feature_55,feature_56,feature_57,feature_58,feature_59,feature_60,feature_61,feature_62
0.0,0.0,0.0,0.4281542897224426,0.021429555490612984,0.06150638684630394,0.7582055330276489,-0.09147699922323227,0.08814902603626251,1.012621521949768,-0.17541435360908508,0.05891735851764679,1.243087887763977,-0.28843775391578674,0.02846585586667061,0.6681004166603088,-0.6825458407402039,0.3239402770996094,0.8998664617538452,-0.880821943283081,0.2767431139945984,1.1166841983795166,-0.8434466123580933,0.17729009687900543,1.2355785369873047,-0.7317571043968201,0.1155414804816246,0.6032100915908813,-0.7673617601394653,0.21747100353240967,0.8756595253944397,-1.035548210144043,0.14768587052822113,1.1155532598495483,-0.9483917951583862,0.016829025000333786,1.2152153253555298,-0.749292254447937,-0.05659642443060875,0.5149853825569153,-0.833267867565155,0.08706118911504745,0.7894781827926636,-1.1301320791244507,0.027002008631825447,1.044594407081604,-1.037585735321045,-0.05724750831723213,1.166744351387024,-0.8484021425247192,-0.09743276238441467,0.4199245870113373,-0.8555157780647278,-0.04839521646499634,0.674429178237915,-1.1192295551300049,-0.09814410656690598,0.90428626537323,-1.0899858474731445,-0.1266208440065384,1.0515532493591309,-0.9476725459098816,-0.13356080651283264
0.0,0.0,0.0,0.4330982267856598,0.01750299520790577,0.07957033812999725,0.7561797499656677,-0.0895700678229332,0.11448265612125397,1.00873863697052,-0.15899604558944702,0.08743978291749954,1.2365410327911377,-0.2626706659793854,0.05831238999962807,0.6724991798400879,-0.6630778312683105,0.3638039231300354,0.9074872136116028,-0.848639726638794,0.32421451807022095,1.1226965188980103,-0.8045506477355957,0.22396087646484375,1.2356932163238525,-0.6925923824310303,0.1611824482679367,0.6137765049934387,-0.7494924664497375,0.24807128310203552,0.89689040184021,-0.99869704246521,0.18251273036003113,1.132685661315918,-0.8995901942253113,0.04545088857412338,1.219232439994812,-0.6952306628227234,-0.03145840764045715,0.5331658124923706,-0.8203688859939575,0.10847447067499161,0.815203845500946,-1.0989971160888672,0.056100696325302124,1.0677242279052734,-0.996453583240509,-0.03040054626762867,1.1787567138671875,-0.8035544753074646,-0.07198970764875412,0.44611799716949463,-0.8501633405685425,-0.035633355379104614,0.6998897194862366,-1.1082167625427246,-0.07538168132305145,0.9263562560081482,-1.0728120803833008,-0.10048655420541763,1.0674864053726196,-0.9263784885406494,-0.10598273575305939
0.0,0.0,0.0,0.436432808637619,0.01826510764658451,0.06680946052074432,0.7648614048957825,-0.07250168919563293,0.09454464167356491,1.0185860395431519,-0.13973446190357208,0.0631924569606781,1.2486103773117065,-0.25316670536994934,0.029796043410897255,0.6869007349014282,-0.6493236422538757,0.35230183601379395,0.9120896458625793,-0.8438758254051208,0.30916455388069153,1.1088464260101318,-0.8107183575630188,0.20927532017230988,1.2033697366714478,-0.7108380198478699,0.14766278862953186,0.6258054375648499,-0.7410950660705566,0.24319887161254883,0.9060186147689819,-0.9924178719520569,0.17482633888721466,1.1222960948944092,-0.8967999815940857,0.03796180337667465,1.1932162046432495,-0.6998968720436096,-0.037784140557050705,0.5402222275733948,-0.8160091638565063,0.10923431813716888,0.8194455504417419,-1.0956321954727173,0.05268840119242668,1.0584412813186646,-0.9965729117393494,-0.0312955267727375,1.163012146949768,-0.8101685643196106,-0.07019127905368805,0.44016215205192566,-0.847004234790802,-0.02961576357483864,0.6895340085029602,-1.1044361591339111,-0.07315126061439514,0.9110022187232971,-1.070433259010315,-0.09724897146224976,1.0505616664886475,-0.92847740650177,-0.10113006085157394
0.0,0.0,0.0,0.42776060104370117,0.026527652516961098,0.039934251457452774,0.7651358842849731,-0.06327246129512787,0.05151805654168129,1.0232408046722412,-0.13141824305057526,0.012034984305500984,1.2613075971603394,-0.23677270114421844,-0.02679399587213993,0.6974025368690491,-0.6688987612724304,0.28961604833602905,0.9220753908157349,-0.8868934512138367,0.229897603392601,1.1200809478759766,-0.8480485081672668,0.1263374239206314,1.2160046100616455,-0.732177734375,0.06468617171049118,0.6279743313789368,-0.7541332840919495,0.19217486679553986,0.89195317029953,-1.037851095199585,0.11300749331712723,1.1160188913345337,-0.9496912956237793,-0.019263936206698418,1.1948431730270386,-0.751349687576294,-0.09272680431604385,0.5354443192481995,-0.8180662393569946,0.06984660774469376,0.8068283796310425,-1.113280177116394,-0.0010887697571888566,1.0536673069000244,-1.0176771879196167,-0.08823031932115555,1.1637284755706787,-0.8281788229942322,-0.12817856669425964,0.43605101108551025,-0.8383421897888184,-0.05807746574282646,0.690556526184082,-1.0942103862762451,-0.11551900207996368,0.9154819846153259,-1.0614995956420898,-0.14689789712429047,1.0542666912078857,-0.922545313835144,-0.15465512871742249
0.0,0.0,0.0,0.43789640069007874,0.03526969626545906,0.06209254264831543,0.773571252822876,-0.05287865176796913,0.08756069839000702,1.0305981636047363,-0.1134376972913742,0.05580446496605873,1.2593458890914917,-0.204573392868042,0.023686744272708893,0.709266722202301,-0.6481941938400269,0.3197609484195709,0.9509863257408142,-0.8628093004226685,0.25991448760032654,1.1491562128067017,-0.8060459494590759,0.1552683562040329,1.2315353155136108,-0.6737768650054932,0.09509345144033432,0.6486989855766296,-0.7308564782142639,0.2122226506471634,0.9384403228759766,-0.9992043972015381,0.12642931938171387,1.1560938358306885,-0.8793044686317444,-0.012564202770590782,1.2100104093551636,-0.6617757081985474,-0.08489400893449783,0.5662274360656738,-0.8008543252944946,0.08072150498628616,0.8534987568855286,-1.088144063949585,0.01097817998379469,1.093473196029663,-0.9712636470794678,-0.0769207775592804,1.180637240409851,-0.7678347229957581,-0.11359548568725586,0.47209063172340393,-0.8348842263221741,-0.05553346499800682,0.7288660407066345,-1.0909662246704102,-0.10620945692062378,0.9524800181388855,-1.0506362915039062,-0.13509544730186462,1.0824463367462158,-0.9034924507141113,-0.13992497324943542
0.0,0.0,0.0,0.43983471393585205,0.033648911863565445,0.06308777630329132,0.7724938988685608,-0.051183510571718216,0.08762513846158981,1.0249204635620117,-0.11176949739456177,0.05532612279057503,1.2595106363296509,-0.20651426911354065,0.021927325055003166,0.7014490962028503,-0.651364266872406,0.3230193257331848,0.9464889168739319,-0.847011387348175,0.27088505029678345,1.154542326927185,-0.7933216094970703,0.1704970896244049,1.2547482252120972,-0.6720080971717834,0.11017700284719467,0.643361508846283,-0.7346405982971191,0.21538130939006805,0.9402260780334473,-0.9869680404663086,0.13576939702033997,1.163314938545227,-0.8661409616470337,0.00018293593893758953,1.2271509170532227,-0.6508243083953857,-0.07195168733596802,0.5621963739395142,-0.8034441471099854,0.08431388437747955,0.8550720810890198,-1.0782127380371094,0.018271157518029213,1.1002228260040283,-0.9614475965499878,-0.0668966993689537,1.196761965751648,-0.7616391777992249,-0.10352006554603577,0.46988338232040405,-0.8342962265014648,-0.05122803896665573,0.7264008522033691,-1.090006947517395,-0.10036130994558334,0.9508606791496277,-1.0487289428710938,-0.12707377970218658,1.085120439529419,-0.9021885395050049,-0.13114339113235474
0.0,0.0,0.0,0.43899086117744446,0.036502331495285034,0.07524914294481277,0.7654498219490051,-0.045717183500528336,0.10740403085947037,1.02490234375,-0.10777106136083603,0.079445019364357,1.267377257347107,-0.20016993582248688,0.051616985350847244,0.6870272755622864,-0.6467735171318054,0.37041282653808594,0.9163799285888672,-0.834405779838562,0.343097984790802,1.113124966621399,-0.8016346096992493,0.2561742067337036,1.2108938694000244,-0.708580732345581,0.20132865011692047,0.6283586025238037,-0.733197033405304,0.2599761486053467,0.9007071256637573,-0.996466875076294,0.20885895192623138,1.1227335929870605,-0.9092870354652405,0.08642356842756271,1.205712080001831,-0.7274437546730042,0.01728568971157074,0.5516343116760254,-0.8056029677391052,0.12458339333534241,0.8309959769248962,-1.0910745859146118,0.07671108841896057,1.0760433673858643,-0.9913261532783508,-0.0013563400134444237,1.1840481758117676,-0.8067376017570496,-0.037371233105659485,0.47098496556282043,-0.8377031683921814,-0.01535830833017826,0.7318661212921143,-1.0940526723861694,-0.05223151296377182,0.9570993185043335,-1.0524814128875732,-0.07335394620895386,1.0974706411361694,-0.9081124067306519,-0.07626610994338989
0.0,0.0,0.0,0.4316485822200775,0.034105297178030014,0.07265628129243851,0.7566925883293152,-0.04743611812591553,0.09993281215429306,1.0160231590270996,-0.10347842425107956,0.06780922412872314,1.2562553882598877,-0.19647647440433502,0.03571914881467819,0.6925435662269592,-0.6469148993492126,0.3559090495109558,0.9261250495910645,-0.8308225870132446,0.3218553960323334,1.1195813417434692,-0.7908077239990234,0.23189331591129303,1.2107107639312744,-0.6890075206756592,0.17684851586818695,0.6336231827735901,-0.7335161566734314,0.24591805040836334,0.9122362732887268,-0.9882431626319885,0.19075800478458405,1.1279934644699097,-0.8924024105072021,0.06801646202802658,1.2001166343688965,-0.702074408531189,0.00012497072748374194,0.5556071996688843,-0.8033345937728882,0.11167866736650467,0.838161051273346,-1.0794458389282227,0.06419461220502853,1.0763212442398071,-0.977330207824707,-0.009266376495361328,1.1760591268539429,-0.7919910550117493,-0.04207010567188263,0.4719298183917999,-0.8309165239334106,-0.02734849788248539,0.7278837561607361,-1.0833401679992676,-0.06362820416688919,0.9501164555549622,-1.0468202829360962,-0.08210741728544235,1.0879002809524536,-0.907267689704895,-0.0825771912932396
0.0,0.0,0.0,0.4492507576942444,0.03443736955523491,0.08834441751241684,0.7723206877708435,-0.058904532343149185,0.12961210310459137,1.0250513553619385,-0.11952406167984009,0.10758769512176514,1.2482048273086548,-0.2019616961479187,0.08518894016742706,0.6928775906562805,-0.6486675143241882,0.3709266781806946,0.9301031827926636,-0.849899411201477,0.3265387713909149,1.1231770515441895,-0.7920903563499451,0.22656448185443878,1.207463264465332,-0.6696802973747253,0.16678482294082642,0.6317076683044434,-0.7323277592658997,0.2542468309402466,0.9150370359420776,-1.0011298656463623,0.18490464985370636,1.1354584693908691,-0.8875988721847534,0.05045504868030548,1.2014844417572021,-0.6822736263275146,-0.022639239206910133,0.5552442669868469,-0.8017970323562622,0.11322992295026779,0.8359355330467224,-1.0963027477264404,0.053060878068208694,1.0810993909835815,-0.9797636866569519,-0.036420147866010666,1.1779916286468506,-0.7774009108543396,-0.07667456567287445,0.4739644229412079,-0.8354762196540833,-0.030955718830227852,0.7265408635139465,-1.0938154458999634,-0.07711952924728394,0.9492983222007751,-1.0390044450759888,-0.10742123425006866,1.0850775241851807,-0.8814334273338318,-0.1151445135474205
0.0,0.0,0.0,0.4498535692691803,0.03577505052089691,0.09889403730630875,0.773041844367981,-0.05873356759548187,0.14881925284862518,1.020967721939087,-0.12823228538036346,0.13378287851810455,1.2328343391418457,-0.2306048721075058,0.11832834035158157,0.6879542469978333,-0.6465305089950562,0.4113794267177582,0.915264368057251,-0.8444768190383911,0.39424777030944824,1.0998271703720093,-0.7897530794143677,0.30540743470191956,1.1891154050827026,-0.6702320575714111,0.24769310653209686,0.621671199798584,-0.7254444360733032,0.29539015889167786,0.8903889656066895,-0.9836258888244629,0.258249968290329,1.1005682945251465,-0.889238715171814,0.13159480690956116,1.1807332038879395,-0.6996340155601501,0.05382881313562393,0.544087827205658,-0.7924081087112427,0.1547892689704895,0.8144203424453735,-1.0558741092681885,0.11942248046398163,1.0464019775390625,-0.9433956146240234,0.03244703635573387,1.1440818309783936,-0.743747889995575,-0.014993749558925629,0.4685349762439728,-0.8197434544563293,0.01080920547246933,0.716274619102478,-1.0549933910369873,-0.01716718077659607,0.9252899885177612,-0.996906042098999,-0.0438300184905529,1.0539271831512451,-0.8371095657348633,-0.055049795657396317
0.0,0.0,0.0,0.43853744864463806,0.03797819837927818,0.08912289142608643,0.769761323928833,-0.04642567038536072,0.12868398427963257,1.0227878093719482,-0.10844473540782928,0.10490193217992783,1.2152549028396606,-0.22547779977321625,0.0799151286482811,0.6727723479270935,-0.6618741750717163,0.3757629096508026,0.9054053425788879,-0.8482165932655334,0.34687232971191406,1.1065435409545898,-0.7933759689331055,0.2561107277870178,1.2039391994476318,-0.6695318818092346,0.19989228248596191,0.610723078250885,-0.7473606467247009,0.2616667151451111,0.8822767734527588,-1.005947470664978,0.2059561163187027,1.11212158203125,-0.8938134908676147,0.07807733863592148,1.195136547088623,-0.6860834956169128,0.007350636180490255,0.5376511216163635,-0.8155016899108887,0.12490713596343994,0.8112834692001343,-1.085549235343933,0.079982228577137,1.0620378255844116,-0.9632912278175354,-0.003016944508999586,1.1634036302566528,-0.7534063458442688,-0.04287329316139221,0.4649386703968048,-0.8415085673332214,-0.015698125585913658,0.7100999355316162,-1.083058476448059,-0.04664872586727142,0.9312962889671326,-1.037636160850525,-0.07027804851531982,1.0664536952972412,-0.8872705698013306,-0.0765000432729721
0.0,0.0,0.0,0.42649775743484497,0.015397257171571255,0.11852017045021057,0.7493869066238403,-0.08076900988817215,0.1678788810968399,1.004206657409668,-0.15332670509815216,0.14660821855068207,1.2228578329086304,-0.2623029053211212,0.12564271688461304,0.6051576733589172,-0.7053712606430054,0.42658472061157227,0.8190548419952393,-0.9117540121078491,0.4178694188594818,1.0469177961349487,-0.8938589096069336,0.34466344118118286,1.1907442808151245,-0.8064424395561218,0.29700493812561035,0.5490856170654297,-0.7793373465538025,0.3018910586833954,0.8043542504310608,-1.0588880777359009,0.2725695073604584,1.0627071857452393,-0.9988099932670593,0.1680615246295929,1.2160342931747437,-0.8569995760917664,0.10645607858896255,0.4951939284801483,-0.8332374691963196,0.15315398573875427,0.7789638042449951,-1.126328945159912,0.10434696823358536,1.0656002759933472,-1.0183401107788086,0.024877605959773064,1.2225048542022705,-0.8301692605018616,-0.011115485802292824,0.46333640813827515,-0.8528802990913391,0.0042895907536149025,0.7478158473968506,-1.1025304794311523,-0.03718354552984238,0.9848514199256897,-1.0417728424072266,-0.060612890869379044,1.1393619775772095,-0.8906077146530151,-0.06471648067235947
0.0,0.0,0.0,0.38331159949302673,0.05000244453549385,0.008794819936156273,0.7132458090782166,-0.02267390303313732,-0.022368473932147026,0.974364697933197,-0.08536743372678757,-0.10749974846839905,1.204522728919983,-0.20462219417095184,-0.18096797168254852,0.5996851325035095,-0.7241331934928894,0.2444155514240265,0.8858566880226135,-0.8646856546401978,0.12936659157276154,1.0929044485092163,-0.7379987835884094,-0.009396330453455448,1.1655042171478271,-0.5869793891906738,-0.08305943012237549,0.5292578935623169,-0.8332121968269348,0.160135880112648,0.8664875626564026,-1.0986980199813843,0.0361778661608696,1.1347966194152832,-0.953331470489502,-0.09526725113391876,1.2411226034164429,-0.7480167746543884,-0.15646880865097046,0.471204549074173,-0.8952754139900208,0.04529041051864624,0.8159155249595642,-1.2094659805297852,-0.0890502780675888,1.1172523498535156,-1.0446852445602417,-0.17870301008224487,1.2492517232894897,-0.818769633769989,-0.1980404406785965,0.4406574070453644,-0.9014817476272583,-0.07363218814134598,0.8028054237365723,-1.124407172203064,-0.17385606467723846,1.0791993141174316,-1.02779221534729,-0.2081010788679123,1.2384053468704224,-0.8596834540367126,-0.20536614954471588
0.0,0.0,0.0,0.38036152720451355,0.07185202091932297,-0.025322703644633293,0.7295776009559631,0.020777400583028793,-0.0742735043168068,0.9995645880699158,-0.03437070921063423,-0.16258801519870758,1.2242742776870728,-0.13847316801548004,-0.23816019296646118,0.6476044654846191,-0.6873714327812195,0.14588715136051178,1.0268807411193848,-0.8152541518211365,0.01709514483809471,1.227733850479126,-0.6353005766868591,-0.11533986777067184,1.2906460762023926,-0.4658665955066681,-0.1844290941953659,0.564666748046875,-0.8211932182312012,0.0824211835861206,0.9822016954421997,-0.9971391558647156,-0.05221592262387276,1.2179406881332397,-0.796342134475708,-0.17999128997325897,1.3039129972457886,-0.5862208604812622,-0.24183329939842224,0.5080655217170715,-0.8947765231132507,-0.00677884416654706,0.899849534034729,-1.1582506895065308,-0.12984876334667206,1.1810561418533325,-0.9965187311172485,-0.20193515717983246,1.3112094402313232,-0.8073272705078125,-0.21960248053073883,0.48061561584472656,-0.907319962978363,-0.10215524584054947,0.8361929059028625,-1.164004921913147,-0.18377454578876495,1.084109902381897,-1.075437307357788,-0.1937086433172226,1.229716181755066,-0.9189786911010742,-0.17845506966114044
0.0,0.0,0.0,0.4089260697364807,0.1418432742357254,0.02315543405711651,0.7685703039169312,0.1358751356601715,-0.014493254013359547,1.0830940008163452,0.08983271569013596,-0.10688620060682297,1.3492721319198608,-0.02442660927772522,-0.18557126820087433,0.4800550043582916,-0.7066460251808167,0.2597118020057678,0.9362553954124451,-0.669716477394104,0.19469663500785828,1.2273192405700684,-0.5190865397453308,0.09324046224355698,1.343833088874817,-0.40345025062561035,0.036727432161569595,0.4647022783756256,-0.8671705722808838,0.17907260358333588,1.0228629112243652,-0.9740591645240784,0.12122824788093567,1.3264191150665283,-0.7651824355125427,0.038724303245544434,1.4105647802352905,-0.5581786036491394,-0.0029860055074095726,0.5080578923225403,-0.9544363617897034,0.07557947933673859,1.0573984384536743,-1.1853909492492676,-0.003672591410577297,1.3671176433563232,-0.9537570476531982,-0.036985427141189575,1.444818377494812,-0.7140809297561646,-0.02784099243581295,0.6050121784210205,-0.969482958316803,-0.03091203048825264,1.102304458618164,-1.1831382513046265,-0.07364878058433533,1.3735655546188354,-1.0351731777191162,-0.04739699885249138,1.468132495880127,-0.8374068737030029,-0.00613992428407073
0.0,0.0,0.0,0.3959285020828247,0.1338791698217392,0.034293558448553085,0.7818945050239563,0.13412436842918396,0.05966811999678612,1.07490074634552,0.05874629691243172,0.038784272968769073,1.3287339210510254,-0.03654590621590614,0.0314846970140934,0.6409993767738342,-0.5589427947998047,0.35697558522224426,0.989122211933136,-0.5821971297264099,0.32171258330345154,1.226561188697815,-0.46261367201805115,0.23659075796604156,1.3347643613815308,-0.35668617486953735,0.19108419120311737,0.6144742369651794,-0.7332702279090881,0.2910948097705841,1.0078799724578857,-0.8975817561149597,0.2487410604953766,1.285028338432312,-0.7692582607269287,0.14760303497314453,1.4406081438064575,-0.6184244751930237,0.09031070023775101,0.5993936061859131,-0.8598297238349915,0.19539353251457214,0.9771386981010437,-1.1268149614334106,0.12211926281452179,1.285313367843628,-0.9810724258422852,0.03290000557899475,1.44732666015625,-0.7848204970359802,-0.003517881501466036,0.603466808795929,-0.9541468024253845,0.09775760024785995,0.9786778092384338,-1.171398639678955,0.04491347819566727,1.238930344581604,-1.0609663724899292,0.024099694564938545,1.4046911001205444,-0.8825915455818176,0.026161540299654007
0.0,0.0,0.0,0.37180793285369873,0.12017599493265152,-0.01145152933895588,0.723942756652832,0.0629526674747467,-0.003016659989953041,1.0181008577346802,-0.0030451978091150522,-0.03409655764698982,1.2823152542114258,-0.057681113481521606,-0.05531805381178856,0.6670623421669006,-0.6235515475273132,0.3102904260158539,0.9844576716423035,-0.7169004678726196,0.28072312474250793,1.218984842300415,-0.644346296787262,0.19394594430923462,1.3598809242248535,-0.5478845238685608,0.13669534027576447,0.6150693297386169,-0.7452324032783508,0.25752344727516174,0.9666275978088379,-0.9230233430862427,0.21215638518333435,1.2293802499771118,-0.8446674942970276,0.10897569358348846,1.4011130332946777,-0.7239051461219788,0.04509902000427246,0.5616176128387451,-0.835298478603363,0.17127463221549988,0.9065166711807251,-1.0825539827346802,0.09001438319683075,1.194226622581482,-0.9796836376190186,-0.004126463085412979,1.3667775392532349,-0.8097254037857056,-0.04458310455083847,0.5199033617973328,-0.9003953337669373,0.07705044001340866,0.8694524765014648,-1.1157464981079102,0.012027500197291374,1.117901086807251,-1.0406180620193481,-0.02281574159860611,1.2876720428466797,-0.8857806324958801,-0.0330151803791523
0.0,0.0,0.0,0.40426376461982727,0.06978998333215714,0.05376842990517616,0.7456470727920532,-0.007087305188179016,0.09363272041082382,1.0183868408203125,-0.07286806404590607,0.08143908530473709,1.276540756225586,-0.15677328407764435,0.07459723949432373,0.6139519214630127,-0.6466208100318909,0.42416882514953613,0.8754439353942871,-0.7612577080726624,0.4523044228553772,1.10693359375,-0.7391787767410278,0.39437344670295715,1.2635046243667603,-0.6994613409042358,0.34745994210243225,0.5721281170845032,-0.7450894713401794,0.3427988290786743,0.8765890598297119,-0.9418461322784424,0.3472531735897064,1.130047082901001,-0.8933237195014954,0.2511294186115265,1.2985347509384155,-0.7894315123558044,0.18618467450141907,0.5290681719779968,-0.8185246586799622,0.23206134140491486,0.8349286913871765,-1.0591727495193481,0.20786094665527344,1.109264612197876,-0.9756250977516174,0.1236032098531723,1.2770211696624756,-0.8190248608589172,0.07700733095407486,0.49644625186920166,-0.8638083934783936,0.11540436744689941,0.8021338582038879,-1.074735164642334,0.09053313732147217,1.0433812141418457,-1.0176780223846436,0.062301211059093475,1.2167941331863403,-0.8782947659492493,0.04898817837238312
0.0,0.0,0.0,0.4415126442909241,0.05910692736506462,0.10426249355077744,0.7742466926574707,-0.024648325517773628,0.15709589421749115,1.048106074333191,-0.08367893844842911,0.13916325569152832,1.291884422302246,-0.176235169172287,0.12117616832256317,0.6528593897819519,-0.6316744685173035,0.4731316566467285,0.89371657371521,-0.783977746963501,0.4831157326698303,1.1055641174316406,-0.7570364475250244,0.4099639356136322,1.2256087064743042,-0.6797481775283813,0.3579930067062378,0.5979154109954834,-0.7203728556632996,0.3515113294124603,0.8925577402114868,-0.9592581391334534,0.32000309228897095,1.1360825300216675,-0.871123731136322,0.19317308068275452,1.2529278993606567,-0.6967107653617859,0.11927284300327301,0.5403535962104797,-0.7928810119628906,0.202376589179039,0.8445940017700195,-1.0532400608062744,0.15595543384552002,1.1080725193023682,-0.9202225208282471,0.05953139066696167,1.2291673421859741,-0.7109090685844421,0.01284550130367279,0.49179133772850037,-0.8262796401977539,0.05132271721959114,0.7888616323471069,-1.05551016330719,0.015166806988418102,1.0209554433822632,-0.9800847768783569,-0.01637875661253929,1.1674901247024536,-0.8147363662719727,-0.02861928567290306
0.0,0.0,0.0,0.43352416157722473,0.06132161617279053,0.07150626927614212,0.7722026705741882,-0.012123990803956985,0.10850661993026733,1.0417938232421875,-0.07179559767246246,0.08314049243927002,1.2843127250671387,-0.18681718409061432,0.059987425804138184,0.6648613810539246,-0.6272891163825989,0.4244075119495392,0.9085599780082703,-0.7723993062973022,0.42511382699012756,1.1240999698638916,-0.751712441444397,0.3497299551963806,1.254522681236267,-0.6851210594177246,0.297186940908432,0.6118888854980469,-0.7235291004180908,0.3195272386074066,0.901686429977417,-0.9615107774734497,0.28818485140800476,1.1514086723327637,-0.8869647979736328,0.16859319806098938,1.2831885814666748,-0.7249794006347656,0.0972510278224945,0.550561785697937,-0.8034104704856873,0.18587328493595123,0.8594487905502319,-1.0605156421661377,0.14285977184772491,1.1230908632278442,-0.9381638169288635,0.053938496857881546,1.2476719617843628,-0.7351460456848145,0.009972422383725643,0.4950476884841919,-0.8456680178642273,0.0470871664583683,0.7826710343360901,-1.077583909034729,0.01364943664520979,1.01619291305542,-1.0097869634628296,-0.014172879979014397,1.1629456281661987,-0.8419512510299683,-0.024062160402536392
0.0,0.0,0.0,0.417433500289917,0.06456079334020615,-0.01205255463719368,0.7779728770256042,0.019039664417505264,-0.0249618049710989,1.0621016025543213,-0.036712560802698135,-0.07787185162305832,1.3170623779296875,-0.1462659388780594,-0.12821193039417267,0.7429462671279907,-0.6069682836532593,0.25008660554885864,0.9877273440361023,-0.7734816670417786,0.19943742454051971,1.1907252073287964,-0.7489100098609924,0.10631577670574188,1.3139708042144775,-0.6697850227355957,0.048305753618478775,0.6790602207183838,-0.7107399106025696,0.18364645540714264,0.9732906818389893,-0.9603899717330933,0.11596992611885071,1.1942739486694336,-0.8818346858024597,0.00046353565994650126,1.299708604812622,-0.720072329044342,-0.062389831990003586,0.5948234796524048,-0.790320873260498,0.08919978886842728,0.8912271857261658,-1.0559109449386597,0.022856220602989197,1.1283204555511475,-0.9495835900306702,-0.055549073964357376,1.2397223711013794,-0.7613547444343567,-0.08813461661338806,0.500372052192688,-0.8331106305122375,-0.015293242409825325,0.7677016854286194,-1.0771305561065674,-0.06625356525182724,0.9895759224891663,-1.026971459388733,-0.09265576303005219,1.1257075071334839,-0.8726658821105957,-0.09629535675048828
0.0,0.0,0.0,0.3951738178730011,0.0781199038028717,-0.0696427971124649,0.7753685116767883,0.06467975676059723,-0.0998697504401207,1.0654388666152954,0.016861988231539726,-0.15407048165798187,1.3085532188415527,-0.11238451302051544,-0.20057621598243713,0.7950965166091919,-0.5500380396842957,0.17678223550319672,1.044196605682373,-0.7037268280982971,0.1085081472992897,1.2432746887207031,-0.6943848133087158,0.009078508242964745,1.3715884685516357,-0.6315897703170776,-0.05114701762795448,0.7259994745254517,-0.6728017926216125,0.14234651625156403,1.015357494354248,-0.8965743184089661,0.06281325966119766,1.2269231081008911,-0.8452630043029785,-0.05033675581216812,1.3361964225769043,-0.6961139440536499,-0.11126399040222168,0.6295983791351318,-0.7666919231414795,0.07712764292955399,0.9165502786636353,-1.0075292587280273,-0.0024766637943685055,1.1379534006118774,-0.9340907335281372,-0.08029713481664658,1.2512174844741821,-0.7594563364982605,-0.11080010235309601,0.5134119987487793,-0.8231709003448486,-0.0025384295731782913,0.7569199800491333,-1.0425881147384644,-0.07093007862567902,0.9601184725761414,-1.017356038093567,-0.10612403601408005,1.0888519287109375,-0.8742427825927734,-0.11179515719413757
0.0,0.0,0.0,0.3776990473270416,0.09310194849967957,-0.0775560587644577,0.7579052448272705,0.09548124670982361,-0.12277606874704361,1.045357584953308,0.06154616177082062,-0.18941356241703033,1.288345217704773,-0.0542600043118,-0.24924178421497345,0.8291526436805725,-0.5104299187660217,0.1228538304567337,1.0813449621200562,-0.6748751401901245,0.032348375767469406,1.2696919441223145,-0.6551103591918945,-0.07528793811798096,1.3672419786453247,-0.5792611241340637,-0.13593031466007233,0.7583475708961487,-0.6456335186958313,0.08981234580278397,1.0541564226150513,-0.874570369720459,-0.01158553920686245,1.243387222290039,-0.7977342009544373,-0.12863117456436157,1.2971351146697998,-0.624363899230957,-0.18574348092079163,0.6517069339752197,-0.7460061311721802,0.029354196041822433,0.9273799657821655,-1.0002976655960083,-0.0602417029440403,1.1153390407562256,-0.9130138158798218,-0.13099455833435059,1.1801834106445312,-0.7317171692848206,-0.15338419377803802,0.5112481713294983,-0.8017926216125488,-0.04451477527618408,0.7472258806228638,-1.0136693716049194,-0.1199798509478569,0.9434574842453003,-0.9842967391014099,-0.15421558916568756,1.058984398841858,-0.8472005724906921,-0.1558360457420349
0.0,0.0,0.0,0.3851875066757202,0.09233558177947998,-0.0783514678478241,0.7613733410835266,0.10010572522878647,-0.12706594169139862,1.0494358539581299,0.07532491534948349,-0.19830720126628876,1.2988581657409668,-0.036730363965034485,-0.26377612352371216,0.8349087834358215,-0.5019555687904358,0.12852804362773895,1.0912197828292847,-0.6521955728530884,0.040547020733356476,1.2709764242172241,-0.6184433102607727,-0.07040764391422272,1.3598017692565918,-0.5341772437095642,-0.13498002290725708,0.7646750807762146,-0.6374202370643616,0.09469640254974365,1.0612072944641113,-0.8591823577880859,-0.006078855134546757,1.2427401542663574,-0.7780610918998718,-0.1316566914319992,1.2841697931289673,-0.5989806056022644,-0.1955612450838089,0.6559969186782837,-0.7359787821769714,0.033829156309366226,0.9239646196365356,-0.9961104393005371,-0.05458077788352966,1.1059678792953491,-0.9079387187957764,-0.13148605823516846,1.1633989810943604,-0.7219163179397583,-0.1588144302368164,0.5133797526359558,-0.7876817584037781,-0.04008294269442558,0.7522817254066467,-0.9977321624755859,-0.11257611960172653,0.941758394241333,-0.9677937626838684,-0.14650143682956696,1.046598196029663,-0.8293612003326416,-0.14909827709197998
0.0,0.0,0.0,0.38277360796928406,0.08738426864147186,-0.07409429550170898,0.7604535818099976,0.0901414006948471,-0.11849123239517212,1.0514191389083862,0.06776981055736542,-0.18461064994335175,1.2961242198944092,-0.03617974743247032,-0.24426555633544922,0.8320345878601074,-0.5071520805358887,0.12527966499328613,1.0848972797393799,-0.6558380722999573,0.037787292152643204,1.268369436264038,-0.6266660094261169,-0.07138440012931824,1.3660480976104736,-0.5499137043952942,-0.13481354713439941,0.7617636919021606,-0.6413838863372803,0.09133889526128769,1.0539997816085815,-0.861038088798523,-0.007261170074343681,1.2354352474212646,-0.7836270332336426,-0.1273566037416458,1.289038896560669,-0.615760087966919,-0.18889102339744568,0.656163215637207,-0.7394139170646667,0.03085060976445675,0.9194152355194092,-0.9867640733718872,-0.05648310109972954,1.1007874011993408,-0.9011133313179016,-0.1314316838979721,1.1669104099273682,-0.7232769131660461,-0.15881045162677765,0.5197368860244751,-0.7924082279205322,-0.04270162433385849,0.7538660764694214,-1.002432107925415,-0.11249731481075287,0.9407498836517334,-0.9727014303207397,-0.14509093761444092,1.0504064559936523,-0.8359929323196411,-0.14835545420646667
0.0,0.0,0.0,0.3801838457584381,0.09189237654209137,-0.07977805286645889,0.7577449679374695,0.09222416579723358,-0.12532125413417816,1.0455597639083862,0.06478320807218552,-0.18960526585578918,1.2907993793487549,-0.028832238167524338,-0.2483513057231903,0.8447114825248718,-0.5047377347946167,0.08566778153181076,1.0986504554748535,-0.6778704524040222,-0.012865634635090828,1.2787898778915405,-0.6484118103981018,-0.12306354194879532,1.367174506187439,-0.5682258009910583,-0.18349096179008484,0.7655903697013855,-0.6409808993339539,0.05490737780928612,1.0662776231765747,-0.8916037082672119,-0.052345387637615204,1.2372138500213623,-0.8156521320343018,-0.16886337101459503,1.264467477798462,-0.6460646390914917,-0.22448007762432098,0.647549569606781,-0.7377438545227051,-0.0003914259432349354,0.9119369387626648,-1.00319504737854,-0.09536236524581909,1.076507329940796,-0.9179568886756897,-0.16548393666744232,1.1138811111450195,-0.7393071055412292,-0.1857379972934723,0.4930253326892853,-0.7939148545265198,-0.06813672930002213,0.7210500240325928,-1.0218443870544434,-0.14632003009319305,0.907253623008728,-1.0007046461105347,-0.18047073483467102,1.0095006227493286,-0.8687741160392761,-0.18172699213027954
0.0,0.0,0.0,0.38842785358428955,0.08979503065347672,-0.07683201879262924,0.7716715335845947,0.09821899980306625,-0.13040506839752197,1.0600874423980713,0.07228842377662659,-0.20504313707351685,1.305485725402832,-0.03171255439519882,-0.2747742831707001,0.8646517992019653,-0.4992208480834961,0.06204310059547424,1.1237409114837646,-0.7221596240997314,-0.04864354804158211,1.2932449579238892,-0.6588181257247925,-0.16446542739868164,1.3516172170639038,-0.5441305041313171,-0.22535595297813416,0.7784000039100647,-0.627248227596283,0.02555495873093605,1.0789092779159546,-0.9240268468856812,-0.09427743405103683,1.2490088939666748,-0.8156110048294067,-0.221104234457016,1.2467421293258667,-0.6216144561767578,-0.28291353583335876,0.6563746333122253,-0.7221330404281616,-0.032878365367650986,0.9162346124649048,-1.0205446481704712,-0.13275203108787537,1.0811296701431274,-0.8983615636825562,-0.21030311286449432,1.0896382331848145,-0.6938816905021667,-0.235971137881279,0.49858802556991577,-0.782340943813324,-0.10277289152145386,0.728988766670227,-1.0281577110290527,-0.18537917733192444,0.9051213264465332,-0.9692708849906921,-0.22189965844154358,0.9741125702857971,-0.8051405549049377,-0.22431530058383942
0.0,0.0,0.0,0.38592231273651123,0.08976328372955322,-0.083841972053051,0.7646554112434387,0.10154666006565094,-0.1440173089504242,1.054997205734253,0.08548903465270996,-0.2255038022994995,1.2993768453598022,-0.027752116322517395,-0.30173036456108093,0.8593635559082031,-0.5009029507637024,0.06370245665311813,1.1211466789245605,-0.716253399848938,-0.049272939562797546,1.297351598739624,-0.649473249912262,-0.1680022031068802,1.3618723154067993,-0.5327298641204834,-0.23108410835266113,0.7773975729942322,-0.6283921003341675,0.02786179631948471,1.0828206539154053,-0.9194144010543823,-0.09140782803297043,1.2621642351150513,-0.8087121844291687,-0.21942727267742157,1.2710447311401367,-0.6129681468009949,-0.2832943797111511,0.6567660570144653,-0.7261067032814026,-0.03165698051452637,0.9224036931991577,-1.0175468921661377,-0.1328941434621811,1.0846046209335327,-0.8906975984573364,-0.2102849781513214,1.0904418230056763,-0.684677004814148,-0.2362024039030075,0.49793851375579834,-0.7894791960716248,-0.10359898954629898,0.7335078120231628,-1.023514986038208,-0.18737033009529114,0.9090946912765503,-0.9624664187431335,-0.22455233335494995,0.9757425785064697,-0.8004320859909058,-0.2279328852891922
0.0,0.0,0.0,0.3859088718891144,0.08147196471691132,-0.07334545999765396,0.7716348767280579,0.09701140224933624,-0.1318163424730301,1.0647194385528564,0.08652854710817337,-0.21368823945522308,1.3119064569473267,-0.017027463763952255,-0.28943631052970886,0.8566060662269592,-0.5116555690765381,0.08500414341688156,1.1165088415145874,-0.7371591329574585,-0.023390620946884155,1.2826815843582153,-0.6602730751037598,-0.14085200428962708,1.3321492671966553,-0.5379316210746765,-0.20243073999881744,0.7735580205917358,-0.6320935487747192,0.04545019194483757,1.076195478439331,-0.9306067228317261,-0.06723130494356155,1.2468324899673462,-0.8135690689086914,-0.1932825744152069,1.2451153993606567,-0.6200428605079651,-0.25628238916397095,0.6575660705566406,-0.7255007028579712,-0.017826581373810768,0.9253997802734375,-1.012589693069458,-0.11073601990938187,1.087432861328125,-0.8750007748603821,-0.18360038101673126,1.0945780277252197,-0.6697989702224731,-0.20753522217273712,0.5096802115440369,-0.7829351425170898,-0.09337118268013,0.7525026798248291,-1.0122966766357422,-0.16706249117851257,0.9287663698196411,-0.9421629309654236,-0.19789524376392365,0.9963110089302063,-0.7804586887359619,-0.19832997024059296
0.0,0.0,0.0,0.4065306484699249,0.08198224008083344,-0.00558139942586422,0.767784833908081,0.07388896495103836,-0.013446927070617676,1.0472831726074219,0.06027793884277344,-0.06142072007060051,1.2936965227127075,0.010871736332774162,-0.10586396604776382,0.8133692741394043,-0.5206196308135986,0.23794139921665192,1.0551612377166748,-0.6702035665512085,0.1794539839029312,1.2326560020446777,-0.6151381731033325,0.08330943435430527,1.325548529624939,-0.5225778222084045,0.023699218407273293,0.7574384212493896,-0.6308610439300537,0.16823019087314606,1.0554753541946411,-0.8482792377471924,0.09123392403125763,1.2508164644241333,-0.7529712319374084,-0.025224141776561737,1.32131028175354,-0.5876468420028687,-0.08914529532194138,0.6767002940177917,-0.7203798294067383,0.07143985480070114,0.9730488061904907,-0.9384251236915588,-0.0064620329067111015,1.1836053133010864,-0.8136084675788879,-0.08524243533611298,1.2656105756759644,-0.6169058084487915,-0.11695576459169388,0.5715277194976807,-0.7798120975494385,-0.03468412160873413,0.817271888256073,-1.0024901628494263,-0.09815747290849686,1.0151435136795044,-0.9441931247711182,-0.12830090522766113,1.1279569864273071,-0.7776895761489868,-0.13288238644599915
0.0,0.0,0.0,0.40566781163215637,0.10624893754720688,0.027735479176044464,0.7597103714942932,0.07800435274839401,0.03828215226531029,1.03884756565094,0.05728055536746979,0.00022843228362035006,1.282256007194519,-0.013955486938357353,-0.03583307936787605,0.7756186723709106,-0.5581716299057007,0.31138861179351807,1.0222973823547363,-0.7027550339698792,0.27802547812461853,1.2153550386428833,-0.6424455046653748,0.18973113596439362,1.3078835010528564,-0.5367252826690674,0.13419730961322784,0.7175934910774231,-0.6579563021659851,0.2283705174922943,1.0239074230194092,-0.8687916398048401,0.18249115347862244,1.2269765138626099,-0.7606948018074036,0.07014883309602737,1.2959498167037964,-0.5852090120315552,0.00471734581515193,0.645575761795044,-0.7427672743797302,0.1188557893037796,0.9637287855148315,-0.9620815515518188,0.07351548224687576,1.1822940111160278,-0.8312298655509949,0.004243795294314623,1.2585813999176025,-0.6375151872634888,-0.02735273912549019,0.5653309226036072,-0.7884345054626465,0.0009265546104870737,0.8501679301261902,-0.9999426007270813,-0.03468652069568634,1.056788682937622,-0.9271044731140137,-0.0501897819340229,1.1653419733047485,-0.7614610195159912,-0.048994094133377075
0.0,0.0,0.0,0.42918238043785095,0.0791967511177063,0.09607652574777603,0.7634435892105103,0.012903242371976376,0.14679348468780518,1.0341154336929321,-0.03160132095217705,0.1311303675174713,1.2827621698379517,-0.09591979533433914,0.11805640161037445,0.662553071975708,-0.6177113056182861,0.4555393159389496,0.9176894426345825,-0.755647599697113,0.4654691815376282,1.1162320375442505,-0.7085199952125549,0.39610472321510315,1.2173681259155273,-0.6219082474708557,0.34970465302467346,0.6167144179344177,-0.7080925107002258,0.3439015746116638,0.9163979291915894,-0.9187329411506653,0.32885822653770447,1.146217703819275,-0.8189190626144409,0.21714268624782562,1.2521796226501465,-0.6447260975837708,0.1505371481180191,0.5656603574752808,-0.7859704494476318,0.20503871142864227,0.8816934823989868,-1.013659954071045,0.18420317769050598,1.1352758407592773,-0.8853244781494141,0.10449440777301788,1.2480801343917847,-0.6854166984558105,0.06326418370008469,0.5223443508148193,-0.8289802670478821,0.06155113875865936,0.8130341172218323,-1.0474884510040283,0.04887082427740097,1.0444220304489136,-0.9750847816467285,0.02978893555700779,1.191630482673645,-0.8081963658332825,0.023775819689035416
0.0,0.0,0.0,0.4074662923812866,0.07581540197134018,-0.012038648128509521,0.7683622241020203,0.03218558430671692,-0.028540275990962982,1.0599842071533203,-0.012500990182161331,-0.08675917983055115,1.319688081741333,-0.10661060363054276,-0.14122021198272705,0.7397571206092834,-0.606269121170044,0.2624646723270416,0.9853998422622681,-0.7669798135757446,0.21380986273288727,1.1844629049301147,-0.7274289727210999,0.11983459442853928,1.2932161092758179,-0.6228150725364685,0.0622587576508522,0.6767147779464722,-0.7098522186279297,0.19536375999450684,0.9684993624687195,-0.940535306930542,0.13651719689369202,1.1799969673156738,-0.8572927117347717,0.021416977047920227,1.2806919813156128,-0.684493362903595,-0.043128930032253265,0.5946270227432251,-0.7970325350761414,0.09943521022796631,0.8902583122253418,-1.0455970764160156,0.04669782519340515,1.1238024234771729,-0.9464213252067566,-0.02979274094104767,1.235677719116211,-0.7538148760795593,-0.06568879634141922,0.5004177689552307,-0.8469019532203674,-0.008387514390051365,0.757680356502533,-1.071821928024292,-0.05039465054869652,0.9775251746177673,-1.0221574306488037,-0.07623564451932907,1.1164356470108032,-0.8582006692886353,-0.08113951981067657
0.0,0.0,0.0,0.39396142959594727,0.07747618108987808,-0.07053136080503464,0.7739875912666321,0.058608926832675934,-0.10998968034982681,1.0602439641952515,0.016115933656692505,-0.17295721173286438,1.302127480506897,-0.09369537234306335,-0.22740024328231812,0.8078517913818359,-0.5599375367164612,0.1438678354024887,1.0442384481430054,-0.7596487402915955,0.05883388966321945,1.2180918455123901,-0.7262923121452332,-0.04563700035214424,1.2910985946655273,-0.6279603242874146,-0.1015983298420906,0.7265845537185669,-0.6783096194267273,0.10941171646118164,1.0038294792175293,-0.9343898892402649,0.02012087032198906,1.182350754737854,-0.8619013428688049,-0.08970313519239426,1.2197397947311401,-0.6898680329322815,-0.1413179636001587,0.6168595552444458,-0.7666446566581726,0.0463215596973896,0.8782852292060852,-1.0249738693237305,-0.03345457464456558,1.069170355796814,-0.9543921947479248,-0.094843789935112,1.133931040763855,-0.7900161743164062,-0.11017438024282455,0.47816675901412964,-0.8164787292480469,-0.030452679842710495,0.7027505040168762,-1.0447652339935303,-0.09461963176727295,0.8903425335884094,-1.0314933061599731,-0.11644297093153,0.9966890215873718,-0.9089279174804688,-0.10893881320953369
0.0,0.0,0.0,0.3695231080055237,0.07999241352081299,-0.08804693818092346,0.7613015174865723,0.07239510118961334,-0.14635157585144043,1.0545309782028198,0.04084472358226776,-0.2242286205291748,1.302607536315918,-0.08218665421009064,-0.2910041809082031,0.8309919834136963,-0.5363665223121643,0.07994250953197479,1.0887863636016846,-0.7779436111450195,-0.024937357753515244,1.2471176385879517,-0.7064223885536194,-0.1300668865442276,1.2658694982528687,-0.5873010158538818,-0.17791475355625153,0.7483655214309692,-0.6613506078720093,0.05064086988568306,1.0517369508743286,-0.956585168838501,-0.047847285866737366,1.200818419456482,-0.8361705541610718,-0.14907246828079224,1.1638590097427368,-0.6519058346748352,-0.19111526012420654,0.6306383609771729,-0.759032130241394,-0.005595665890723467,0.9068488478660583,-1.0549914836883545,-0.09152515232563019,1.0545463562011719,-0.9315738677978516,-0.13574586808681488,1.0313663482666016,-0.7441516518592834,-0.13598087430000305,0.47662460803985596,-0.8221783638000488,-0.07593821734189987,0.7305100560188293,-1.0589323043823242,-0.15062735974788666,0.899942934513092,-1.002590298652649,-0.16748660802841187,0.9440515041351318,-0.85665363073349,-0.15224581956863403
0.0,0.0,0.0,0.38738319277763367,0.07670888304710388,-0.06935124844312668,0.7706283926963806,0.08937337249517441,-0.13072574138641357,1.0517958402633667,0.07349816709756851,-0.2157391607761383,1.2908960580825806,-0.020877139642834663,-0.2939135730266571,0.8597282767295837,-0.5190072059631348,0.03651072829961777,1.1229650974273682,-0.7971397042274475,-0.0800054669380188,1.2691539525985718,-0.6961955428123474,-0.1865401566028595,1.2840361595153809,-0.5553898215293884,-0.23753207921981812,0.7692427635192871,-0.6389018297195435,-0.008370542898774147,1.0721172094345093,-0.964123547077179,-0.1244581863284111,1.215896487236023,-0.8147448301315308,-0.2334073930978775,1.1750409603118896,-0.6160442233085632,-0.284030020236969,0.6412996053695679,-0.7300966382026672,-0.07403542101383209,0.9130860567092896,-1.0535928010940552,-0.17068739235401154,1.054147481918335,-0.9015939831733704,-0.22346176207065582,1.0302767753601074,-0.696701169013977,-0.23416651785373688,0.47369056940078735,-0.7868425846099854,-0.15091176331043243,0.7183342576026917,-1.0380576848983765,-0.2339065968990326,0.8794505596160889,-0.9576026201248169,-0.2568250298500061,0.9166971445083618,-0.7921661734580994,-0.2497272491455078
0.0,0.0,0.0,0.38298478722572327,0.07946565002202988,-0.07198484241962433,0.7592568397521973,0.09978741407394409,-0.14256000518798828,1.0248725414276123,0.09580570459365845,-0.23600037395954132,1.2518218755722046,-2.321384954484529e-06,-0.3228656053543091,0.8813959956169128,-0.5090386867523193,-1.7303276763414033e-05,1.1697834730148315,-0.8052954077720642,-0.13682273030281067,1.294809341430664,-0.6619006395339966,-0.2588304877281189,1.2754946947097778,-0.5024084448814392,-0.3180393874645233,0.7802401781082153,-0.6237090229988098,-0.04703603684902191,1.0999008417129517,-0.9543486833572388,-0.18053416907787323,1.2115033864974976,-0.7682304382324219,-0.30560553073883057,1.1389250755310059,-0.5672841668128967,-0.36810043454170227,0.6440295577049255,-0.7138692736625671,-0.11257422715425491,0.9201047420501709,-1.040915846824646,-0.21128308773040771,1.0453293323516846,-0.8669098019599915,-0.27221620082855225,1.0026140213012695,-0.6592656970024109,-0.29166996479034424,0.4681410491466522,-0.7737217545509338,-0.18945086002349854,0.714084267616272,-1.0170751810073853,-0.2720043361186981,0.868524432182312,-0.923292875289917,-0.30014219880104065,0.8934668302536011,-0.7584931254386902,-0.3001459240913391
0.0,0.0,0.0,0.3682173192501068,0.07112744450569153,-0.09209181368350983,0.7371312379837036,0.08866764605045319,-0.17291124165058136,1.0012171268463135,0.0825236365199089,-0.27057817578315735,1.2241694927215576,-0.025713112205266953,-0.3632951080799103,0.8774336576461792,-0.5195311307907104,-0.03546503186225891,1.161882758140564,-0.8105461597442627,-0.1828136295080185,1.2832889556884766,-0.672673761844635,-0.3172140121459961,1.2792091369628906,-0.5086949467658997,-0.3857419490814209,0.769703209400177,-0.634505033493042,-0.07042903453111649,1.0825632810592651,-0.9583293199539185,-0.21187786757946014,1.19290292263031,-0.7805429100990295,-0.3464657962322235,1.139034390449524,-0.5756604671478271,-0.41765138506889343,0.6235547065734863,-0.7212634682655334,-0.12297583371400833,0.8866764307022095,-1.042518138885498,-0.22580978274345398,1.013820767402649,-0.8810009360313416,-0.29584410786628723,0.9843676686286926,-0.6749262809753418,-0.32387828826904297,0.43480974435806274,-0.7787560820579529,-0.1875709593296051,0.6681777238845825,-1.017235279083252,-0.2716755270957947,0.8166419267654419,-0.9342315793037415,-0.30320337414741516,0.8496272563934326,-0.7811446189880371,-0.3068840801715851
0.0,0.0,0.0,0.38393911719322205,0.07023684680461884,-0.09377497434616089,0.7785460948944092,0.07968822866678238,-0.16844046115875244,1.0526940822601318,0.059315238147974014,-0.2607001066207886,1.24398672580719,-0.089388906955719,-0.3479757308959961,0.8751226663589478,-0.5400421619415283,-0.032031137496232986,1.15057373046875,-0.8824188113212585,-0.18545633554458618,1.2852239608764648,-0.7798718214035034,-0.3272874653339386,1.2760554552078247,-0.6138699054718018,-0.39651137590408325,0.7540726065635681,-0.653501570224762,-0.06565222889184952,1.06671941280365,-1.0003018379211426,-0.21295006573200226,1.1737792491912842,-0.8434306383132935,-0.3486521542072296,1.102423906326294,-0.6297199130058289,-0.4150962829589844,0.6030646562576294,-0.7415165901184082,-0.11829106509685516,0.872562050819397,-1.0646802186965942,-0.22056493163108826,0.9922128915786743,-0.928533136844635,-0.2881801724433899,0.9449175596237183,-0.7198336720466614,-0.3108968138694763,0.41092872619628906,-0.8048623204231262,-0.1844128668308258,0.6446484327316284,-1.0657299757003784,-0.26800796389579773,0.7852752804756165,-0.9949257373809814,-0.2976505756378174,0.801561176776886,-0.8308670520782471,-0.29620423913002014
0.0,0.0,0.0,0.39356768131256104,0.08581896871328354,-0.11017033457756042,0.7982560992240906,0.09100888669490814,-0.1787899136543274,1.0861334800720215,0.03757554292678833,-0.2597384452819824,1.3036980628967285,-0.10855385661125183,-0.3378557860851288,0.8857816457748413,-0.525959849357605,-0.02034871093928814,1.151656150817871,-0.8333673477172852,-0.14958837628364563,1.2817702293395996,-0.7461026310920715,-0.27876919507980347,1.2939046621322632,-0.6033288836479187,-0.3481839895248413,0.7623774409294128,-0.6459230780601501,-0.039548106491565704,1.068806529045105,-0.9706857800483704,-0.17141705751419067,1.1780766248703003,-0.8310074806213379,-0.30874425172805786,1.123659372329712,-0.6250690817832947,-0.38356998562812805,0.6070741415023804,-0.7378494739532471,-0.07864708453416824,0.8740655779838562,-1.0474716424942017,-0.17999644577503204,1.0007089376449585,-0.9241802096366882,-0.26444512605667114,0.9656932353973389,-0.717340350151062,-0.3033902049064636,0.40502065420150757,-0.8096450567245483,-0.13053178787231445,0.6305950880050659,-1.0692726373672485,-0.21688959002494812,0.7673314809799194,-1.0019477605819702,-0.25606074929237366,0.7854639887809753,-0.839188814163208,-0.26542767882347107
0.0,0.0,0.0,0.375136137008667,0.09975441545248032,-0.12048608064651489,0.7783598303794861,0.1135546937584877,-0.19729287922382355,1.0612698793411255,0.06925135850906372,-0.2837999761104584,1.2720720767974854,-0.08757646381855011,-0.36801213026046753,0.8838015198707581,-0.5227187275886536,-0.05232289806008339,1.154950499534607,-0.844231128692627,-0.19279322028160095,1.2910957336425781,-0.7564896941184998,-0.3302377760410309,1.3069183826446533,-0.6112857460975647,-0.40404605865478516,0.7610378265380859,-0.6449012160301208,-0.07017014920711517,1.0725895166397095,-0.9784485697746277,-0.21582765877246857,1.1874771118164062,-0.8256582617759705,-0.36135396361351013,1.1305365562438965,-0.6100627183914185,-0.43996015191078186,0.6042007803916931,-0.738525390625,-0.10686782747507095,0.878929615020752,-1.0638598203659058,-0.2170562893152237,1.010921835899353,-0.9284881949424744,-0.30872467160224915,0.9708904027938843,-0.7139626741409302,-0.35146138072013855,0.39870786666870117,-0.8121687173843384,-0.1565205305814743,0.6322930455207825,-1.075989007949829,-0.2516633868217468,0.7740494012832642,-1.0038572549819946,-0.2980988919734955,0.7920443415641785,-0.8379619717597961,-0.31192609667778015
0.0,0.0,0.0,0.3434530198574066,0.11255665868520737,-0.13428150117397308,0.7278211116790771,0.1320892572402954,-0.22087518870830536,0.984484851360321,0.1056104451417923,-0.3142925500869751,1.1857540607452393,-0.02803342416882515,-0.40425413846969604,0.8781031966209412,-0.5266038775444031,-0.06427295506000519,1.1315202713012695,-0.8272354602813721,-0.20702536404132843,1.2463723421096802,-0.7344309687614441,-0.34765297174453735,1.233986496925354,-0.58709317445755,-0.4222102761268616,0.7521101832389832,-0.6546188592910767,-0.07618699222803116,1.049462080001831,-0.9833247661590576,-0.21843497455120087,1.1486232280731201,-0.825121283531189,-0.3653837740421295,1.0724570751190186,-0.6077286601066589,-0.4450089931488037,0.589668333530426,-0.7456026673316956,-0.10761912167072296,0.857511579990387,-1.0623993873596191,-0.21966305375099182,0.9802186489105225,-0.9234275221824646,-0.31486746668815613,0.9255302548408508,-0.7169747948646545,-0.35938966274261475,0.3745705485343933,-0.8087158203125,-0.15187977254390717,0.6090325713157654,-1.0610259771347046,-0.24892522394657135,0.7370424866676331,-0.9807790517807007,-0.2944849133491516,0.7346082925796509,-0.8178075551986694,-0.3073417544364929
0.0,0.0,0.0,0.34598904848098755,0.11723102629184723,-0.12878718972206116,0.7099679112434387,0.1427854299545288,-0.2190576046705246,0.9535725712776184,0.1215582937002182,-0.3188267648220062,1.1428216695785522,-0.005287360865622759,-0.4146689176559448,0.8785650730133057,-0.5355038046836853,-0.0654754713177681,1.1347250938415527,-0.8439210653305054,-0.2157246321439743,1.223528504371643,-0.7310843467712402,-0.3622269928455353,1.1843743324279785,-0.5733557343482971,-0.43845394253730774,0.7415668964385986,-0.665813148021698,-0.08228807151317596,1.0375158786773682,-1.012419581413269,-0.2267330288887024,1.113005518913269,-0.8409613370895386,-0.3741154968738556,1.024074673652649,-0.6246791481971741,-0.45363926887512207,0.5727570056915283,-0.7592644095420837,-0.1183912381529808,0.8425474166870117,-1.0817126035690308,-0.22678454220294952,0.9452546834945679,-0.9298518300056458,-0.31607237458229065,0.8768834471702576,-0.7249108552932739,-0.35734423995018005,0.35510948300361633,-0.8231072425842285,-0.16770948469638824,0.5838029384613037,-1.0781259536743164,-0.2577228844165802,0.7036144733428955,-0.9895592927932739,-0.29572024941444397,0.6960887908935547,-0.8268689513206482,-0.3043444752693176
0.0,0.0,0.0,0.34513020515441895,0.13129699230194092,-0.12549743056297302,0.7158485651016235,0.14710456132888794,-0.2201956957578659,0.9643335342407227,0.136361762881279,-0.32605472207069397,1.14995539188385,0.00740625336766243,-0.42847567796707153,0.8852086663246155,-0.5302984714508057,-0.09808715432882309,1.1538338661193848,-0.8614195585250854,-0.26114028692245483,1.247025489807129,-0.7305914163589478,-0.40934085845947266,1.1988105773925781,-0.557506263256073,-0.48519226908683777,0.7445806860923767,-0.6558052897453308,-0.12457515299320221,1.051947832107544,-1.034237265586853,-0.28326117992401123,1.1224370002746582,-0.8344843983650208,-0.43012097477912903,1.0171746015548706,-0.6091660857200623,-0.5076038837432861,0.570183277130127,-0.7478721141815186,-0.1686059981584549,0.8564343452453613,-1.1122632026672363,-0.2875592112541199,0.9531039595603943,-0.9340153336524963,-0.3693411350250244,0.8652657270431519,-0.7212253212928772,-0.4044371545314789,0.34886088967323303,-0.8127663731575012,-0.22561578452587128,0.5881384611129761,-1.0830518007278442,-0.32995590567588806,0.7114936709403992,-0.9836864471435547,-0.37094858288764954,0.6942508220672607,-0.8197231888771057,-0.38072678446769714
0.0,0.0,0.0,0.3439521789550781,0.13540694117546082,-0.1312655508518219,0.7157483100891113,0.15199191868305206,-0.2350701540708542,0.9644193649291992,0.1443243771791458,-0.35043105483055115,1.147843599319458,0.009528149850666523,-0.461664617061615,0.8831788897514343,-0.5377411842346191,-0.11954276263713837,1.1620372533798218,-0.9039849638938904,-0.30334872007369995,1.2426267862319946,-0.7474462985992432,-0.46761882305145264,1.1771296262741089,-0.5569505095481873,-0.5504432916641235,0.7348026037216187,-0.6622202396392822,-0.14672955870628357,1.0442923307418823,-1.0692999362945557,-0.31590408086776733,1.112121820449829,-0.8516975045204163,-0.46598684787750244,1.0034416913986206,-0.6222729086875916,-0.5453842878341675,0.5541236400604248,-0.7555256485939026,-0.19259317219257355,0.8390144109725952,-1.1395158767700195,-0.31309083104133606,0.9345688819885254,-0.9490798711776733,-0.3899691104888916,0.8451349139213562,-0.7319783568382263,-0.42250776290893555,0.329493910074234,-0.8221361041069031,-0.2525845170021057,0.56156325340271,-1.1082117557525635,-0.35496971011161804,0.6843085289001465,-0.9999837279319763,-0.39107242226600647,0.6644289493560791,-0.8306592702865601,-0.39786186814308167
0.0,0.0,0.0,0.35234060883522034,0.1512497365474701,-0.11767200380563736,0.740688681602478,0.17087453603744507,-0.21117062866687775,1.005039095878601,0.1709376871585846,-0.3204600512981415,1.1908873319625854,0.05324145779013634,-0.42610466480255127,0.8888629078865051,-0.5282226204872131,-0.1030653789639473,1.1861964464187622,-0.8888289928436279,-0.2792679965496063,1.257646083831787,-0.7100887298583984,-0.4370190501213074,1.1824581623077393,-0.5168179869651794,-0.5179054141044617,0.7433577179908752,-0.6548359990119934,-0.13641507923603058,1.062471628189087,-1.053371787071228,-0.2989911139011383,1.1171988248825073,-0.8109785318374634,-0.447354257106781,1.0006163120269775,-0.5872036814689636,-0.5284909605979919,0.5683709383010864,-0.7568424344062805,-0.1873437911272049,0.8590101599693298,-1.1378834247589111,-0.3042339086532593,0.9417914152145386,-0.9194077253341675,-0.3782767951488495,0.8384811282157898,-0.7006687521934509,-0.4107535183429718,0.35172805190086365,-0.8343194723129272,-0.2514350116252899,0.586757481098175,-1.1196098327636719,-0.35034626722335815,0.6981855630874634,-0.9864053726196289,-0.3823387026786804,0.659778892993927,-0.8054623603820801,-0.3882271647453308
0.0,0.0,0.0,0.3579803705215454,0.1580425500869751,-0.11473435908555984,0.7482527494430542,0.17283999919891357,-0.20956966280937195,1.024354100227356,0.17490829527378082,-0.32095545530319214,1.2308106422424316,0.0762462168931961,-0.42806896567344666,0.8990158438682556,-0.5132505893707275,-0.11343368887901306,1.208180546760559,-0.8735563158988953,-0.289949893951416,1.2722469568252563,-0.680758535861969,-0.43768101930618286,1.188131332397461,-0.48934611678123474,-0.5116679072380066,0.7541011571884155,-0.6393786072731018,-0.15008780360221863,1.084621548652649,-1.0351184606552124,-0.31483030319213867,1.1266629695892334,-0.7678313851356506,-0.44706669449806213,1.0009934902191162,-0.5506535768508911,-0.515206515789032,0.5778440833091736,-0.7412368655204773,-0.20413903892040253,0.8854119777679443,-1.1265745162963867,-0.3274236023426056,0.9563802480697632,-0.8809003233909607,-0.3805065155029297,0.8452134728431702,-0.6662959456443787,-0.3963499963283539,0.35981425642967224,-0.8209992051124573,-0.2709801197052002,0.6163375973701477,-1.102429986000061,-0.3782559037208557,0.7214705944061279,-0.946388304233551,-0.3991505205631256,0.6696193218231201,-0.7655797600746155,-0.39460206031799316
0.0,0.0,0.0,0.35662347078323364,0.15461036562919617,-0.12689654529094696,0.7496089339256287,0.17162244021892548,-0.22882132232189178,1.0231965780258179,0.1747613400220871,-0.34552136063575745,1.2307493686676025,0.06592314690351486,-0.4574005901813507,0.897002637386322,-0.5122693181037903,-0.12806184589862823,1.207499384880066,-0.8608512282371521,-0.3072679936885834,1.2717736959457397,-0.664905846118927,-0.45466962456703186,1.187211513519287,-0.47295379638671875,-0.5285761952400208,0.7532534599304199,-0.6374801397323608,-0.16195136308670044,1.0906394720077515,-1.0255825519561768,-0.3316628336906433,1.1295002698898315,-0.753466784954071,-0.4703773260116577,1.0054478645324707,-0.5365162491798401,-0.5435592532157898,0.5807297825813293,-0.7398030161857605,-0.21335165202617645,0.892429530620575,-1.1176557540893555,-0.34322232007980347,0.9605679512023926,-0.8644193410873413,-0.40478554368019104,0.8467473983764648,-0.6454271674156189,-0.42644017934799194,0.3642999529838562,-0.8186404705047607,-0.2779971957206726,0.6295709609985352,-1.0980877876281738,-0.392349511384964,0.7311826944351196,-0.9340748190879822,-0.41937538981437683,0.6720739006996155,-0.7455378770828247,-0.4193660020828247
0.0,0.0,0.0,0.3525773584842682,0.146571084856987,-0.11326701194047928,0.7402747273445129,0.16545827686786652,-0.2070479691028595,1.0201809406280518,0.17757588624954224,-0.3177263140678406,1.2207211256027222,0.07241936773061752,-0.4231736660003662,0.8942812085151672,-0.5165688991546631,-0.09996998310089111,1.2059017419815063,-0.8529224395751953,-0.2695716321468353,1.2626557350158691,-0.6572859883308411,-0.4107570946216583,1.1719727516174316,-0.4732744097709656,-0.47989511489868164,0.7588663697242737,-0.6366847157478333,-0.13694728910923004,1.0972050428390503,-1.0155411958694458,-0.29475128650665283,1.1314191818237305,-0.7472962737083435,-0.42617636919021606,1.0014567375183105,-0.5340754985809326,-0.4934908449649811,0.5926997065544128,-0.7350823283195496,-0.1912383735179901,0.9022550582885742,-1.0985691547393799,-0.3102516233921051,0.9652637839317322,-0.8508312702178955,-0.36512449383735657,0.8497247695922852,-0.640315055847168,-0.38166624307632446,0.3815669119358063,-0.8116297721862793,-0.2583686411380768,0.6415942311286926,-1.0863993167877197,-0.3606036603450775,0.7419026494026184,-0.9251271486282349,-0.37975025177001953,0.6852752566337585,-0.7398735880851746,-0.3742016851902008
0.0,0.0,0.0,0.34458494186401367,0.14492027461528778,-0.10759583115577698,0.7471933364868164,0.17039744555950165,-0.19023869931697845,1.0339581966400146,0.17994308471679688,-0.2883507311344147,1.2285789251327515,0.039572130888700485,-0.3827938139438629,0.9026598334312439,-0.49477651715278625,-0.08491362631320953,1.2246683835983276,-0.8093608021736145,-0.23720502853393555,1.303788185119629,-0.6282905340194702,-0.3751031458377838,1.2277331352233887,-0.4591459333896637,-0.4473755955696106,0.7790307402610779,-0.6153527498245239,-0.12021683156490326,1.131272554397583,-0.9732019305229187,-0.26439768075942993,1.1891824007034302,-0.7221553325653076,-0.41001999378204346,1.06657075881958,-0.5147107243537903,-0.4946630001068115,0.6207501292228699,-0.7202434539794922,-0.1705106794834137,0.9390508532524109,-1.0643949508666992,-0.27470746636390686,1.0238231420516968,-0.8348843455314636,-0.3517422676086426,0.9149008989334106,-0.6269045472145081,-0.39201611280441284,0.4110225737094879,-0.8039255738258362,-0.2330896556377411,0.6832416653633118,-1.0646350383758545,-0.3286975622177124,0.7966997623443604,-0.9152827858924866,-0.36443856358528137,0.7460657954216003,-0.7326687574386597,-0.37723231315612793
0.0,0.0,0.0,0.39206185936927795,0.07876373082399368,-0.04825414717197418,0.7700717449188232,0.08444757014513016,-0.1028757393360138,1.0523743629455566,0.07599455118179321,-0.18856976926326752,1.3058545589447021,0.029295818880200386,-0.268636554479599,0.8549268245697021,-0.5301254391670227,0.08237583935260773,1.117779016494751,-0.7773036360740662,-0.035262320190668106,1.2789796590805054,-0.6611571907997131,-0.15180321037769318,1.3332666158676147,-0.507098376750946,-0.21549254655838013,0.7745007276535034,-0.6321905851364136,0.021990740671753883,1.0790369510650635,-0.9080174565315247,-0.10728756338357925,1.251473307609558,-0.7272088527679443,-0.22915498912334442,1.2606546878814697,-0.5027979016304016,-0.2878754138946533,0.6647418141365051,-0.7107504606246948,-0.06075140833854675,0.9469597935676575,-0.9860498309135437,-0.1686071902513504,1.1247401237487793,-0.8110983967781067,-0.2322508692741394,1.14939546585083,-0.5868566036224365,-0.24852173030376434,0.5272831320762634,-0.756698489189148,-0.1549445539712906,0.784529983997345,-0.9898704290390015,-0.23855191469192505,0.9599650502204895,-0.8992833495140076,-0.26168209314346313,1.0200082063674927,-0.7228612303733826,-0.2554110884666443
0.0,0.0,0.0,0.41226112842559814,0.07701463252305984,0.04368220269680023,0.7534723877906799,0.047374989837408066,0.06034237518906593,1.0236608982086182,0.021540049463510513,0.02100830152630806,1.272619366645813,-0.05652536451816559,-0.014269488863646984,0.7290862202644348,-0.5785450339317322,0.36663365364074707,0.9894594550132751,-0.69559246301651,0.33961597084999084,1.1825300455093384,-0.6271398663520813,0.2508055567741394,1.2890279293060303,-0.5260944366455078,0.1930897980928421,0.6839569211006165,-0.6766231656074524,0.2727344334125519,0.9960204362869263,-0.8656100630760193,0.22414356470108032,1.212417483329773,-0.7510372400283813,0.10270155966281891,1.3135790824890137,-0.5749630928039551,0.030936188995838165,0.625699520111084,-0.7640454173088074,0.1492815911769867,0.9515332579612732,-0.9588341116905212,0.09336010366678238,1.1817032098770142,-0.8063952326774597,0.009457363747060299,1.2775439023971558,-0.5914652943611145,-0.028530020266771317,0.5652973055839539,-0.82137531042099,0.018230678513646126,0.845655620098114,-1.0187574625015259,-0.01937415450811386,1.0552393198013306,-0.9320060610771179,-0.04140529781579971,1.176682472229004,-0.7525595426559448,-0.04535125195980072
0.0,0.0,0.0,0.424742728471756,0.08454302698373795,0.13641248643398285,0.7385672330856323,0.03449337184429169,0.20725934207439423,0.9793334603309631,0.005455324426293373,0.2005799561738968,1.19672691822052,-0.07079176604747772,0.19529801607131958,0.6152558922767639,-0.6245177984237671,0.5254826545715332,0.872370719909668,-0.7290072441101074,0.5522100329399109,1.0638474225997925,-0.6607374548912048,0.48663026094436646,1.1633039712905884,-0.5690818428993225,0.44055795669555664,0.5760784149169922,-0.715719997882843,0.39481469988822937,0.8872063159942627,-0.8969797492027283,0.38096654415130615,1.1152756214141846,-0.7842170596122742,0.26045191287994385,1.2225579023361206,-0.6142286062240601,0.18932880461215973,0.5411220192909241,-0.7842589020729065,0.2376733124256134,0.8651822209358215,-0.9953967928886414,0.19801642000675201,1.1146434545516968,-0.8313825130462646,0.09933508187532425,1.2209346294403076,-0.6138336062431335,0.05412744730710983,0.5216500759124756,-0.8137803077697754,0.08177019655704498,0.8406655192375183,-1.0158395767211914,0.054921720176935196,1.0601012706756592,-0.91367107629776,0.02781490422785282,1.192020297050476,-0.7363297343254089,0.018865572288632393
0.0,0.0,0.0,0.39060381054878235,0.06635342538356781,0.14943429827690125,0.6770884394645691,-0.004724242724478245,0.20214301347732544,0.9387350678443909,-0.04827547445893288,0.1685352474451065,1.1543715000152588,-0.1445193737745285,0.1345389187335968,0.47310537099838257,-0.7037765979766846,0.523123025894165,0.7639300227165222,-0.799108624458313,0.5356020331382751,1.0090150833129883,-0.7158662676811218,0.4534110426902771,1.1403822898864746,-0.6056528687477112,0.3981737196445465,0.4493292272090912,-0.807288646697998,0.382607102394104,0.8233358860015869,-0.9776703715324402,0.3708629906177521,1.1083921194076538,-0.8359315991401672,0.2506018877029419,1.2475353479385376,-0.6436169743537903,0.17611590027809143,0.4537731409072876,-0.8739730715751648,0.21769364178180695,0.8233464956283569,-1.1184569597244263,0.19331441819667816,1.1228495836257935,-0.951530396938324,0.10734231770038605,1.2559102773666382,-0.7260030508041382,0.06500452756881714,0.4920019209384918,-0.8933705687522888,0.054127972573041916,0.8311188220977783,-1.1422839164733887,0.052951980382204056,1.0689376592636108,-1.0391901731491089,0.04997869208455086,1.1988096237182617,-0.8471700549125671,0.05406494066119194
0.0,0.0,0.0,0.36098378896713257,0.06571119278669357,0.06868638843297958,0.6441595554351807,-0.003271120833232999,0.05575510859489441,0.9111878275871277,-0.03553839400410652,-0.025044206529855728,1.1176997423171997,-0.13546091318130493,-0.09789957851171494,0.41036975383758545,-0.7997016310691833,0.31616175174713135,0.7381772398948669,-0.9444214105606079,0.24948112666606903,0.9625267386436462,-0.8390029668807983,0.14361533522605896,1.02444326877594,-0.6788020730018616,0.09225965291261673,0.38777920603752136,-0.8963780403137207,0.2147877961397171,0.8091191649436951,-1.1485118865966797,0.16708031296730042,1.077399730682373,-0.9948672652244568,0.08075259625911713,1.13450026512146,-0.7806376218795776,0.040463048964738846,0.41079580783843994,-0.936633825302124,0.08987187594175339,0.8393563628196716,-1.2357137203216553,0.03445211052894592,1.1102782487869263,-1.0555591583251953,-0.0034008182119578123,1.1618114709854126,-0.8225180506706238,0.0009105167118832469,0.488235741853714,-0.9140105247497559,-0.03695502132177353,0.8802976608276367,-1.167926549911499,-0.05762048438191414,1.1024385690689087,-1.0563853979110718,-0.033152125775814056,1.1660926342010498,-0.8699177503585815,0.003972318023443222
0.0,0.0,0.0,0.37061548233032227,0.0420517772436142,0.044498927891254425,0.6468673944473267,-0.05717989429831505,0.010218409821391106,0.9002929925918579,-0.12681084871292114,-0.08048839867115021,1.1486150026321411,-0.2052629590034485,-0.1614483892917633,0.39444205164909363,-0.8596546053886414,0.21747525036334991,0.8063302636146545,-1.0876929759979248,0.13393649458885193,1.050215721130371,-0.9421852231025696,0.027695955708622932,1.1363487243652344,-0.7557953596115112,-0.02485746145248413,0.34282490611076355,-0.9299330711364746,0.13302433490753174,0.8296195268630981,-1.1784014701843262,0.0775645524263382,1.0962340831756592,-1.0039262771606445,-0.0064073000103235245,1.1777206659317017,-0.7898316383361816,-0.052767276763916016,0.369448721408844,-0.9399266839027405,0.030191835016012192,0.8584105372428894,-1.2118481397628784,-0.019426003098487854,1.117292046546936,-1.0310691595077515,-0.04675551503896713,1.1941032409667969,-0.8059353232383728,-0.04534870386123657,0.4727228879928589,-0.8850695490837097,-0.07642453163862228,0.876147985458374,-1.1277673244476318,-0.0859624445438385,1.094264268875122,-1.0111348628997803,-0.05561785027384758,1.18450129032135,-0.8258371949195862,-0.02078804187476635
0.0,0.0,0.0,0.4190376400947571,-0.05685311183333397,0.12759608030319214,0.670886218547821,-0.20542001724243164,0.11029142141342163,0.8926608562469482,-0.2560008466243744,0.01704833097755909,1.1365009546279907,-0.28806883096694946,-0.07256804406642914,0.30566316843032837,-0.9446647763252258,0.20151720941066742,0.7152746319770813,-1.2055864334106445,0.08701223134994507,0.9581844210624695,-1.0419172048568726,-0.02805141545832157,1.0352133512496948,-0.8082243800163269,-0.08348754048347473,0.2820163667201996,-0.9580541253089905,0.05098147317767143,0.7880234122276306,-1.2252492904663086,-0.04255758970975876,1.0477471351623535,-1.0098506212234497,-0.13010407984256744,1.1064682006835938,-0.7488670945167542,-0.17422126233577728,0.34685856103897095,-0.9094632267951965,-0.10813555866479874,0.8653069734573364,-1.1798574924468994,-0.18203860521316528,1.1138935089111328,-0.9577738642692566,-0.19388821721076965,1.171199083328247,-0.7057926654815674,-0.18006230890750885,0.48819127678871155,-0.799247145652771,-0.2641640901565552,0.8947222232818604,-1.0401829481124878,-0.2837395668029785,1.09535551071167,-0.9100736379623413,-0.23838527500629425,1.1559900045394897,-0.7226384282112122,-0.1942567527294159
0.0,0.0,0.0,0.42359715700149536,-0.10869980603456497,0.10397276282310486,0.6817094683647156,-0.27352437376976013,0.07815594226121902,0.9080811738967896,-0.33187058568000793,-0.006414934527128935,1.1193948984146118,-0.33757930994033813,-0.08902624994516373,0.3271840214729309,-0.9485805034637451,0.1261080950498581,0.7680891156196594,-1.1160292625427246,0.016584770753979683,1.0318410396575928,-0.9848049283027649,-0.09234634041786194,1.1614986658096313,-0.7989971041679382,-0.15137960016727448,0.2903451919555664,-0.9569093585014343,-0.004926534369587898,0.8298394680023193,-1.1669474840164185,-0.09885133802890778,1.0845403671264648,-0.9796927571296692,-0.17971138656139374,1.1698341369628906,-0.7503473162651062,-0.21816526353359222,0.3409850597381592,-0.8913012146949768,-0.13793128728866577,0.8447189927101135,-1.1229209899902344,-0.20699100196361542,1.0891997814178467,-0.9408493041992188,-0.21854311227798462,1.1666443347930908,-0.7230150103569031,-0.2055535763502121,0.45806923508644104,-0.7641987800598145,-0.2688565254211426,0.8324947953224182,-0.9784778952598572,-0.2953527867794037,1.0275038480758667,-0.9079671502113342,-0.2632739841938019,1.1142871379852295,-0.7775252461433411,-0.22642037272453308
0.0,0.0,0.0,0.43230077624320984,-0.09061243385076523,0.15376698970794678,0.6893126964569092,-0.24774426221847534,0.15531951189041138,0.9187275767326355,-0.31843650341033936,0.08948782086372375,1.1132698059082031,-0.34417054057121277,0.02409209869801998,0.3583144545555115,-0.9396214485168457,0.19407103955745697,0.8042935132980347,-1.0737056732177734,0.12039341032505035,1.0447616577148438,-0.93300861120224,0.027777956798672676,1.153238296508789,-0.7470192909240723,-0.025530356913805008,0.3335200548171997,-0.941589891910553,0.0466146320104599,0.8756228089332581,-1.1136431694030762,-0.0026586351450532675,1.0939102172851562,-0.9238879680633545,-0.06989657133817673,1.1567444801330566,-0.7010921239852905,-0.10821091383695602,0.3935145437717438,-0.8645645976066589,-0.09847337752580643,0.9002817869186401,-1.0664787292480469,-0.11899082362651825,1.109416127204895,-0.8892925977706909,-0.11005111783742905,1.1646496057510376,-0.6838892102241516,-0.09515918791294098,0.5175053477287292,-0.7219229340553284,-0.2396324723958969,0.8899995684623718,-0.92072594165802,-0.2257470190525055,1.0755141973495483,-0.8511313199996948,-0.17398372292518616,1.1594200134277344,-0.7253941297531128,-0.13031364977359772
0.0,0.0,0.0,0.45322179794311523,-0.08592542260885239,0.06871005892753601,0.7650057077407837,-0.24097687005996704,0.02578175626695156,1.0240617990493774,-0.3006139099597931,-0.0683654397726059,1.2371054887771606,-0.28530174493789673,-0.1583229899406433,0.394563764333725,-0.9133343696594238,0.0763591080904007,0.8615810871124268,-1.0971662998199463,-0.03321978077292442,1.136035680770874,-0.961859941482544,-0.1300041824579239,1.2690569162368774,-0.7901512384414673,-0.18237709999084473,0.3378012180328369,-0.9402886033058167,-0.041806627064943314,0.9094979166984558,-1.1523315906524658,-0.13997723162174225,1.1777644157409668,-0.9703369736671448,-0.20738838613033295,1.2678401470184326,-0.7552091479301453,-0.23672908544540405,0.3695608973503113,-0.895781397819519,-0.16404743492603302,0.9077074527740479,-1.1044117212295532,-0.23627957701683044,1.1665832996368408,-0.9399774074554443,-0.24563823640346527,1.2612076997756958,-0.7443188428878784,-0.2337888777256012,0.47747814655303955,-0.7894089818000793,-0.28769657015800476,0.8795428276062012,-0.9800660014152527,-0.3182186782360077,1.0880342721939087,-0.9017478823661804,-0.28738412261009216,1.1856156587600708,-0.7669420838356018,-0.2522742450237274
0.0,0.0,0.0,0.4305207431316376,-0.09812299907207489,0.15178260207176208,0.7281019687652588,-0.25969401001930237,0.18035215139389038,0.9743018746376038,-0.3375990092754364,0.14218218624591827,1.1705694198608398,-0.3896650969982147,0.10696899145841599,0.39487218856811523,-0.9012596607208252,0.2734224200248718,0.7506882548332214,-1.0929111242294312,0.21987631916999817,0.9961686134338379,-0.9872639179229736,0.13814395666122437,1.1185091733932495,-0.8314213752746582,0.08939077705144882,0.3389333486557007,-0.9315069913864136,0.13198065757751465,0.794032871723175,-1.153560996055603,0.08312132209539413,1.0438014268875122,-1.017836570739746,0.016755234450101852,1.1367093324661255,-0.8265250325202942,-0.020645001903176308,0.34963271021842957,-0.9057607650756836,-0.017712881788611412,0.8088412284851074,-1.1286985874176025,-0.061035145074129105,1.0605032444000244,-1.0030590295791626,-0.0831374004483223,1.1617366075515747,-0.8208078145980835,-0.0877087265253067,0.42255428433418274,-0.8264023661613464,-0.16360734403133392,0.7897312641143799,-0.9956063628196716,-0.18645304441452026,0.9997471570968628,-0.9355496764183044,-0.17135944962501526,1.1099222898483276,-0.8149113059043884,-0.15197061002254486
0.0,0.0,0.0,0.4655458629131317,-0.10246904194355011,0.1383214145898819,0.7740609645843506,-0.26116418838500977,0.15208247303962708,1.0305355787277222,-0.33521154522895813,0.09484584629535675,1.2582138776779175,-0.4258098602294922,0.04129414260387421,0.4344800114631653,-0.8877956867218018,0.2850189208984375,0.7941292524337769,-1.0958654880523682,0.2175757884979248,1.049691081047058,-0.9891123175621033,0.12159929424524307,1.169083595275879,-0.8375629186630249,0.06613147258758545,0.36392977833747864,-0.9203004837036133,0.14353419840335846,0.819980263710022,-1.1576950550079346,0.07896977663040161,1.0793508291244507,-1.0078612565994263,-0.009948201477527618,1.159052848815918,-0.8093014359474182,-0.05919577553868294,0.35750532150268555,-0.8946674466133118,-0.008702164515852928,0.8101329803466797,-1.151138424873352,-0.06580515205860138,1.0745813846588135,-1.0066252946853638,-0.09761177003383636,1.1638277769088745,-0.8089121580123901,-0.10259179770946503,0.4190536141395569,-0.8126107454299927,-0.1575452834367752,0.7935138940811157,-1.0239628553390503,-0.1860216110944748,1.0126349925994873,-0.9501117467880249,-0.1680457442998886,1.1115431785583496,-0.8096105456352234,-0.1432850956916809
0.0,0.0,0.0,0.4669991135597229,-0.10547647625207901,0.13807541131973267,0.7639859318733215,-0.26482588052749634,0.15820308029651642,1.0146968364715576,-0.33997344970703125,0.10772353410720825,1.2366820573806763,-0.4214635193347931,0.061452481895685196,0.43815308809280396,-0.8842135071754456,0.2931837737560272,0.7805904150009155,-1.0854074954986572,0.2303115576505661,1.0236674547195435,-0.9794670939445496,0.13821199536323547,1.1436411142349243,-0.8298784494400024,0.08386728912591934,0.3607870042324066,-0.9202226400375366,0.15173356235027313,0.8017372488975525,-1.1440887451171875,0.084581658244133,1.053625464439392,-0.994938313961029,-0.003035631263628602,1.140485167503357,-0.7947090268135071,-0.04918304830789566,0.34633857011795044,-0.8942329287528992,-0.001624002936296165,0.7874653935432434,-1.1332546472549438,-0.06267102807760239,1.0461134910583496,-0.9909587502479553,-0.0978451818227768,1.1411499977111816,-0.7956576943397522,-0.10360517352819443,0.39769673347473145,-0.8091751933097839,-0.15207800269126892,0.7662436962127686,-1.0092371702194214,-0.18919925391674042,0.9862567186355591,-0.937015950679779,-0.17948220670223236,1.097703456878662,-0.7988185882568359,-0.15884390473365784
0.0,0.0,0.0,0.45571985840797424,-0.09054845571517944,0.12406723201274872,0.771653413772583,-0.2472645789384842,0.15040738880634308,1.0271958112716675,-0.3269266188144684,0.10930094867944717,1.2384892702102661,-0.41405096650123596,0.07434264570474625,0.5119671821594238,-0.8488959074020386,0.3075525760650635,0.8188292980194092,-1.070748209953308,0.24995289742946625,1.0471700429916382,-0.9570287466049194,0.1581413447856903,1.163513422012329,-0.803815484046936,0.10320102423429489,0.428475022315979,-0.8865468502044678,0.17448192834854126,0.8110432028770447,-1.1304277181625366,0.11031069606542587,1.0597100257873535,-0.9858843684196472,0.01601741649210453,1.150156021118164,-0.7841256260871887,-0.03521350026130676,0.3884131908416748,-0.8711620569229126,0.026248358190059662,0.7836728096008301,-1.1237508058547974,-0.035310693085193634,1.0407814979553223,-0.9854886531829834,-0.08009720593690872,1.1373066902160645,-0.7923737168312073,-0.09224514663219452,0.4042954444885254,-0.8003621697425842,-0.12052453309297562,0.7502437829971313,-1.0066750049591064,-0.16017276048660278,0.9682407975196838,-0.9314079880714417,-0.15764521062374115,1.0792516469955444,-0.7883783578872681,-0.1419307291507721
0.0,0.0,0.0,0.4432041645050049,-0.10768462717533112,0.14349372684955597,0.7460834383964539,-0.27160823345184326,0.17607755959033966,0.9922958016395569,-0.352785587310791,0.13786561787128448,1.2101240158081055,-0.4331708550453186,0.10479754209518433,0.4752033054828644,-0.8636797070503235,0.32632389664649963,0.7853571176528931,-1.0731616020202637,0.2772674858570099,1.0073646306991577,-0.9729194641113281,0.19255205988883972,1.1085424423217773,-0.8212960958480835,0.1433236002922058,0.3898760974407196,-0.9016786217689514,0.18700893223285675,0.783637523651123,-1.1329610347747803,0.13637009263038635,1.0198545455932617,-0.986514687538147,0.051717743277549744,1.0887101888656616,-0.7838971018791199,0.006916971877217293,0.35130763053894043,-0.8826060891151428,0.03490647301077843,0.7526124119758606,-1.1238044500350952,-0.015300675295293331,0.9990587830543518,-0.9826228022575378,-0.04935356229543686,1.0772820711135864,-0.789637565612793,-0.05500829592347145,0.3701104521751404,-0.8088147044181824,-0.11392442137002945,0.7187552452087402,-1.009730339050293,-0.14307838678359985,0.9280925989151001,-0.9308704733848572,-0.1293361335992813,1.0227489471435547,-0.7878971099853516,-0.10623537749052048
0.0,0.0,0.0,0.44827255606651306,-0.059863995760679245,0.18699513375759125,0.7673177123069763,-0.2011062055826187,0.2544834613800049,1.0282151699066162,-0.2693789005279541,0.24240975081920624,1.2309175729751587,-0.35825851559638977,0.2307119220495224,0.5570998787879944,-0.7910451889038086,0.4038905203342438,0.851418673992157,-1.0070271492004395,0.3826380968093872,1.0847959518432617,-0.9168202877044678,0.3075634241104126,1.1991379261016846,-0.7650847434997559,0.2606276571750641,0.48236244916915894,-0.8416052460670471,0.242954820394516,0.8361803293228149,-1.0932048559188843,0.21160569787025452,1.0969969034194946,-0.9724265336990356,0.12100598961114883,1.1827539205551147,-0.773493766784668,0.06631536036729813,0.43162742257118225,-0.8457254767417908,0.06895136088132858,0.8020415902137756,-1.1045950651168823,0.02924877218902111,1.0835028886795044,-0.976318359375,-0.025225060060620308,1.1820484399795532,-0.7845721244812012,-0.05133860930800438,0.4317787289619446,-0.7967796325683594,-0.09826021641492844,0.7745921015739441,-1.0161653757095337,-0.13217903673648834,0.9975735545158386,-0.9355297684669495,-0.13503821194171906,1.0989035367965698,-0.781425952911377,-0.12756852805614471
0.0,0.0,0.0,0.4616321623325348,-0.023960096761584282,0.2100154012441635,0.766839325428009,-0.13265685737133026,0.3020802140235901,1.023226261138916,-0.19010290503501892,0.30160725116729736,1.2272953987121582,-0.2862418591976166,0.2935108244419098,0.6176764369010925,-0.6705992221832275,0.5409424901008606,0.8767725825309753,-0.8625061511993408,0.561896562576294,1.0756866931915283,-0.7996951937675476,0.49208953976631165,1.176517367362976,-0.6795284152030945,0.44217362999916077,0.559159517288208,-0.7429074048995972,0.36800694465637207,0.8628613948822021,-0.9933438897132874,0.3559408485889435,1.0917034149169922,-0.8757990002632141,0.23410573601722717,1.1660236120224,-0.6636918783187866,0.16032643616199493,0.5038763284683228,-0.7877383232116699,0.17750567197799683,0.8097620010375977,-1.0464211702346802,0.16481059789657593,1.0596210956573486,-0.910132646560669,0.08547686785459518,1.1520220041275024,-0.710335910320282,0.04038596525788307,0.4797498881816864,-0.7839615345001221,-0.0076217339374125,0.7757938504219055,-1.0190984010696411,-0.009813115000724792,0.9772292971611023,-0.9382871389389038,-0.016943354159593582,1.0737980604171753,-0.7812685966491699,-0.01922074519097805
0.0,0.0,0.0,0.4401189386844635,0.03996824845671654,0.1748298853635788,0.7596254348754883,-0.04020456224679947,0.25642362236976624,1.0107735395431519,-0.09534318745136261,0.2557365596294403,1.227629542350769,-0.18652896583080292,0.24912136793136597,0.6652757525444031,-0.6077015995979309,0.530100405216217,0.8943926095962524,-0.7667661309242249,0.5742948055267334,1.0825483798980713,-0.7297612428665161,0.519656240940094,1.1867790222167969,-0.6445007920265198,0.47455182671546936,0.6126731038093567,-0.6935813426971436,0.3789149820804596,0.8891046047210693,-0.9158165454864502,0.3890579044818878,1.1113355159759521,-0.8286492824554443,0.2765425741672516,1.198123812675476,-0.6461907029151917,0.20290951430797577,0.5550982356071472,-0.7585557103157043,0.2083384096622467,0.8395661115646362,-0.9838376045227051,0.21111133694648743,1.0788711309432983,-0.8547155261039734,0.13357265293598175,1.1720839738845825,-0.6567717790603638,0.08442111313343048,0.5099358558654785,-0.7739917635917664,0.039709143340587616,0.7844101190567017,-0.9811415076255798,0.04490635544061661,0.9883566498756409,-0.9065636992454529,0.03348434343934059,1.101520299911499,-0.7515394687652588,0.02542782574892044
0.0,0.0,0.0,0.4309340715408325,0.05977562442421913,0.13221600651741028,0.7575730085372925,-0.0030040519777685404,0.18839703500270844,1.008410930633545,-0.05240510031580925,0.1718863993883133,1.2298245429992676,-0.13306213915348053,0.15192821621894836,0.6880794763565063,-0.6189021468162537,0.45051953196525574,0.9285447597503662,-0.7780020236968994,0.4589598774909973,1.1158246994018555,-0.714630663394928,0.3864125907421112,1.206247329711914,-0.5987035036087036,0.33608347177505493,0.6326282024383545,-0.7058619260787964,0.31865429878234863,0.9263978004455566,-0.9346814751625061,0.29893162846565247,1.141973853111267,-0.8204978704452515,0.1820487678050995,1.2143365144729614,-0.6195842027664185,0.11208631098270416,0.5682893991470337,-0.775301456451416,0.16623246669769287,0.8744999766349792,-1.0025252103805542,0.14753764867782593,1.1100465059280396,-0.86308354139328,0.06933998316526413,1.1921199560165405,-0.6570361256599426,0.02609131671488285,0.5098846554756165,-0.8003855347633362,0.01331885252147913,0.7918155193328857,-1.0099141597747803,0.004412129987031221,0.9950214624404907,-0.9334931969642639,-0.008832457475364208,1.1021533012390137,-0.7721362709999084,-0.013033624738454819
0.0,0.0,0.0,0.45224225521087646,0.09476155042648315,0.0742865800857544,0.8056527972221375,0.043398547917604446,0.10501593351364136,1.0735301971435547,-0.0011637972202152014,0.07551749795675278,1.311920404434204,-0.058384351432323456,0.04343326762318611,0.7477695941925049,-0.5874269604682922,0.3644881844520569,0.991033673286438,-0.7467334270477295,0.35122933983802795,1.1836785078048706,-0.692214846611023,0.2765820622444153,1.280624270439148,-0.5818488001823425,0.22799111902713776,0.6845309734344482,-0.6814470887184143,0.2589348256587982,0.9868154525756836,-0.9144028425216675,0.22024472057819366,1.2011628150939941,-0.797648012638092,0.11054638028144836,1.2743663787841797,-0.5995661020278931,0.050205085426568985,0.6041581034660339,-0.75882887840271,0.13000847399234772,0.9194515347480774,-1.0019956827163696,0.0873638316988945,1.151354432106018,-0.8605270981788635,0.010526531375944614,1.2329412698745728,-0.6521911025047302,-0.024767359718680382,0.5182805061340332,-0.7985635995864868,-0.0027018734253942966,0.8057389855384827,-1.0223846435546875,-0.03890524432063103,1.0219712257385254,-0.9407349824905396,-0.06159209832549095,1.1377549171447754,-0.7668004631996155,-0.06559490412473679
0.0,0.0,0.0,0.4145739674568176,0.09686533361673355,-0.003806924447417259,0.7899527549743652,0.07338861376047134,-0.012753776274621487,1.0712498426437378,0.025715278461575508,-0.06262551993131638,1.3272013664245605,-0.0729248970746994,-0.11121594160795212,0.7911995053291321,-0.5472552180290222,0.25361520051956177,1.045377492904663,-0.7080687284469604,0.20633016526699066,1.236809492111206,-0.6560664176940918,0.1157393753528595,1.3283569812774658,-0.5562084913253784,0.05916023626923561,0.7280784845352173,-0.6608145833015442,0.18227961659431458,1.038382649421692,-0.8914045691490173,0.11242391914129257,1.2414156198501587,-0.7748467326164246,-0.006252320483326912,1.2907158136367798,-0.5815684795379639,-0.06976374983787537,0.6370028853416443,-0.7601642608642578,0.08492179214954376,0.9454542398452759,-1.0047849416732788,0.01285927277058363,1.1597987413406372,-0.8607981204986572,-0.0666687935590744,1.2129557132720947,-0.6498107314109802,-0.09925062209367752,0.522426426410675,-0.8288573622703552,-0.020528698340058327,0.7902935743331909,-1.048259973526001,-0.08460313826799393,0.9841089248657227,-0.9533815383911133,-0.11151489615440369,1.0606852769851685,-0.7634512782096863,-0.11261327564716339
0.0,0.0,0.0,0.38605788350105286,0.09762462973594666,-0.05711369588971138,0.7975441217422485,0.05690617114305496,-0.08430782705545425,1.1049127578735352,0.003008826170116663,-0.13537517189979553,1.3518860340118408,-0.05084243416786194,-0.1798703819513321,0.8276790380477905,-0.5458897948265076,0.11834227293729782,1.0893123149871826,-0.7553231120109558,0.028725922107696533,1.2564945220947266,-0.670926570892334,-0.0750887542963028,1.3110270500183105,-0.5364074110984802,-0.13144448399543762,0.7444324493408203,-0.6628506779670715,0.08030758053064346,1.0484305620193481,-0.9204195737838745,-0.020930258557200432,1.226078987121582,-0.7956854104995728,-0.13027499616146088,1.2430920600891113,-0.6025146842002869,-0.18134959042072296,0.6325371265411377,-0.7561157941818237,0.017458314076066017,0.9172763228416443,-1.0330804586410522,-0.07502137869596481,1.0881085395812988,-0.9072412252426147,-0.14202174544334412,1.1049472093582153,-0.7109776735305786,-0.1604451835155487,0.4923799932003021,-0.8264600038528442,-0.0570269338786602,0.7377858757972717,-1.0529282093048096,-0.13575837016105652,0.9142899513244629,-0.9896307587623596,-0.16874592006206512,0.9869776368141174,-0.8304682374000549,-0.169712632894516
0.0,0.0,0.0,0.3934341371059418,0.0893915444612503,-0.06840697675943375,0.792671263217926,0.06728500872850418,-0.09311562031507492,1.0808544158935547,0.011802463792264462,-0.1362532675266266,1.2675793170928955,-0.11403384804725647,-0.17269916832447052,0.8413164019584656,-0.5407202243804932,0.08617721498012543,1.076607346534729,-0.7655611634254456,-0.001008676248602569,1.2346384525299072,-0.7068980932235718,-0.1016790047287941,1.2969964742660522,-0.5929163098335266,-0.15650026500225067,0.7410635948181152,-0.6689600944519043,0.0575941726565361,1.0113197565078735,-0.9733840823173523,-0.04546819627285004,1.1725213527679443,-0.8640183806419373,-0.15420769155025482,1.1749964952468872,-0.661187469959259,-0.20482198894023895,0.6106930375099182,-0.7629605531692505,0.006650981027632952,0.8679044246673584,-1.0720404386520386,-0.09713821858167648,1.0172406435012817,-0.9454048275947571,-0.17280873656272888,1.0132263898849487,-0.7337759733200073,-0.19431068003177643,0.4475652873516083,-0.8271217942237854,-0.05412571132183075,0.6909956336021423,-1.0542728900909424,-0.14939731359481812,0.838601291179657,-0.9767926335334778,-0.19101278483867645,0.8734480142593384,-0.7992960810661316,-0.19501151144504547
0.0,0.0,0.0,0.395028293132782,0.08306156098842621,-0.08282537013292313,0.7861161828041077,0.06007082760334015,-0.12388036400079727,1.062639594078064,0.005155937280505896,-0.1802036464214325,1.2362329959869385,-0.1352599710226059,-0.23168160021305084,0.8373967409133911,-0.5634511709213257,0.028370248153805733,1.0706809759140015,-0.8352239727973938,-0.08189928531646729,1.2221004962921143,-0.755382239818573,-0.19870571792125702,1.2649130821228027,-0.6180806756019592,-0.2611754238605499,0.7288392186164856,-0.6846714019775391,0.004311122465878725,1.0043613910675049,-0.9973846077919006,-0.11279229819774628,1.1487547159194946,-0.8665728569030762,-0.23035091161727905,1.1286466121673584,-0.657793402671814,-0.2889470160007477,0.5866249203681946,-0.7762047648429871,-0.04061620309948921,0.8414398431777954,-1.0864338874816895,-0.14471112191677094,0.986069917678833,-0.9564014673233032,-0.22463315725326538,0.9696624875068665,-0.7474016547203064,-0.2538781762123108,0.40374866127967834,-0.8417242765426636,-0.09634937345981598,0.6409333348274231,-1.0868738889694214,-0.19244664907455444,0.7836310863494873,-1.0034886598587036,-0.23533987998962402,0.8083120584487915,-0.8207256197929382,-0.24260570108890533
0.0,0.0,0.0,0.400623083114624,0.08972702920436859,-0.08905144035816193,0.7993770837783813,0.062283601611852646,-0.13375838100910187,1.0790901184082031,-0.005972915794700384,-0.19322913885116577,1.2634568214416504,-0.14160430431365967,-0.2486380934715271,0.8439710736274719,-0.5714985728263855,0.01711972989141941,1.076314091682434,-0.8692766427993774,-0.09631714969873428,1.225501298904419,-0.7803882956504822,-0.21501484513282776,1.266053318977356,-0.6325632333755493,-0.2792309820652008,0.7278267741203308,-0.6857475638389587,-0.004295753315091133,1.0015242099761963,-1.0255354642868042,-0.1244097352027893,1.1441471576690674,-0.8877816200256348,-0.24695910513401031,1.1251928806304932,-0.6734069585800171,-0.3098409175872803,0.5799941420555115,-0.7719689011573792,-0.04591986909508705,0.8302308917045593,-1.1036702394485474,-0.15162107348442078,0.9727126359939575,-0.9672802090644836,-0.23380854725837708,0.9519100785255432,-0.7518315315246582,-0.2650052309036255,0.39230334758758545,-0.8353844881057739,-0.0985226109623909,0.6306818723678589,-1.0874096155166626,-0.19709740579128265,0.7712634801864624,-1.0042928457260132,-0.24234560132026672,0.7910107374191284,-0.8249332904815674,-0.25169646739959717
0.0,0.0,0.0,0.40689316391944885,0.09325681626796722,-0.09353480488061905,0.814674437046051,0.05698274448513985,-0.13988462090492249,1.0895906686782837,-0.019253935664892197,-0.20102892816066742,1.2496594190597534,-0.16638685762882233,-0.25888246297836304,0.8463879227638245,-0.5741907358169556,-0.0008090987685136497,1.089934229850769,-0.8925048112869263,-0.1361709088087082,1.2396875619888306,-0.8011978268623352,-0.27254733443260193,1.258342981338501,-0.6369689106941223,-0.3422273099422455,0.719578742980957,-0.6940945386886597,-0.020956695079803467,1.0020533800125122,-1.0530050992965698,-0.15735802054405212,1.1284202337265015,-0.9190171360969543,-0.2930295169353485,1.0776512622833252,-0.6989856958389282,-0.3602471947669983,0.561360239982605,-0.7814751863479614,-0.061125773936510086,0.8070687651634216,-1.1287099123001099,-0.16947826743125916,0.9496214985847473,-1.0124024152755737,-0.2570923864841461,0.9157254695892334,-0.7945194244384766,-0.29037588834762573,0.36029884219169617,-0.8450244665145874,-0.11271744221448898,0.5825199484825134,-1.1115906238555908,-0.21232932806015015,0.7310514450073242,-1.0506447553634644,-0.262594997882843,0.7576611638069153,-0.8792963027954102,-0.2740127444267273
0.0,0.0,0.0,0.40442994236946106,0.07620519399642944,-0.08616805076599121,0.7994120717048645,0.047440316528081894,-0.14063459634780884,1.0776914358139038,-0.020777437835931778,-0.21144895255565643,1.2536468505859375,-0.17763207852840424,-0.27690941095352173,0.8320376873016357,-0.584119975566864,0.003512072376906872,1.0837560892105103,-0.8891221880912781,-0.12329933792352676,1.2323347330093384,-0.7749838829040527,-0.24478018283843994,1.2564891576766968,-0.6132609844207764,-0.30628055334091187,0.7178587317466736,-0.695719838142395,-0.025547511875629425,1.0097393989562988,-1.041274905204773,-0.15244220197200775,1.1397130489349365,-0.8813897371292114,-0.2716415226459503,1.1020209789276123,-0.670550525188446,-0.3305143117904663,0.5704084038734436,-0.7824131846427917,-0.07461696118116379,0.828125,-1.1288950443267822,-0.1810622215270996,0.9648870825767517,-0.978344738483429,-0.24933555722236633,0.9318246841430664,-0.7647084593772888,-0.27132290601730347,0.38020002841949463,-0.8467749953269958,-0.13507503271102905,0.6234449744224548,-1.1091820001602173,-0.2333686202764511,0.7660025358200073,-1.01515531539917,-0.26711392402648926,0.7799610495567322,-0.8378787040710449,-0.2676409184932709
0.0,0.0,0.0,0.4073413610458374,0.04986065626144409,-0.05677032843232155,0.8147764205932617,-0.0313858725130558,-0.09480645507574081,1.1228749752044678,-0.11024845391511917,-0.1586492657661438,1.3633676767349243,-0.19919143617153168,-0.21408286690711975,0.7641558051109314,-0.6515998840332031,0.0781816840171814,1.0207037925720215,-0.9327609539031982,-0.038266271352767944,1.206563115119934,-0.8170782923698425,-0.15222565829753876,1.2798389196395874,-0.6471948027610779,-0.21193927526474,0.6662730574607849,-0.745021402835846,0.03198868781328201,0.954788327217102,-1.0785576105117798,-0.09653482586145401,1.1575433015823364,-0.9172804951667786,-0.214646577835083,1.2017247676849365,-0.6930027604103088,-0.2693955898284912,0.5468239188194275,-0.8132649660110474,-0.03699074685573578,0.8137569427490234,-1.1596745252609253,-0.15145644545555115,1.0124987363815308,-1.0077970027923584,-0.2181280553340912,1.055037260055542,-0.7836813926696777,-0.23342682421207428,0.4109329879283905,-0.8527166843414307,-0.11703667044639587,0.6667062640190125,-1.100249171257019,-0.2110796868801117,0.8531705141067505,-1.0265311002731323,-0.24346007406711578,0.9288948178291321,-0.8601522445678711,-0.24238543212413788
0.0,0.0,0.0,0.46673867106437683,0.04298752173781395,0.11292225122451782,0.8086801171302795,-0.05035632476210594,0.15219125151634216,1.083709716796875,-0.11459974944591522,0.11685211211442947,1.332525372505188,-0.16537512838840485,0.08049699664115906,0.68001788854599,-0.6518670320510864,0.42716100811958313,0.9337592124938965,-0.8392078280448914,0.4064818024635315,1.1284281015396118,-0.7521289587020874,0.319183349609375,1.219451904296875,-0.6076962351799011,0.2616765797138214,0.6141769289970398,-0.7309715747833252,0.29743432998657227,0.9142726063728333,-0.9826874732971191,0.24363477528095245,1.1431939601898193,-0.8480117321014404,0.11611288785934448,1.2218424081802368,-0.6290808320045471,0.04486740380525589,0.5456147193908691,-0.7879810333251953,0.14376673102378845,0.8591750860214233,-1.0382237434387207,0.09082125127315521,1.1148145198822021,-0.8769282698631287,0.002756340429186821,1.2053200006484985,-0.6490366458892822,-0.038837581872940063,0.49308687448501587,-0.7998106479644775,-0.011232261545956135,0.8041039109230042,-1.0039730072021484,-0.04626884311437607,1.0235958099365234,-0.9082463383674622,-0.07165300101041794,1.1339490413665771,-0.733729362487793,-0.08020841330289841
0.0,0.0,0.0,0.4331975281238556,0.039621442556381226,0.21394017338752747,0.7231651544570923,-0.04872078821063042,0.3051043152809143,0.9691970944404602,-0.10411646217107773,0.3007313013076782,1.1916747093200684,-0.16427282989025116,0.2897624969482422,0.600848376750946,-0.6499546766281128,0.5702950358390808,0.8639014959335327,-0.7990269660949707,0.6112715005874634,1.0464035272598267,-0.7070859670639038,0.5579148530960083,1.1342370510101318,-0.5762858986854553,0.5166431069374084,0.5532540678977966,-0.7288719415664673,0.40330591797828674,0.8726837038993835,-0.9201385378837585,0.41189172863960266,1.0783010721206665,-0.7725846767425537,0.3061528205871582,1.151752233505249,-0.5672620534896851,0.24198018014431,0.519614040851593,-0.7766225337982178,0.21862196922302246,0.8489112854003906,-0.9696813225746155,0.21055451035499573,1.078001618385315,-0.7882972955703735,0.13511894643306732,1.1552202701568604,-0.5698358416557312,0.09540413320064545,0.5133688449859619,-0.7736247181892395,0.040205273777246475,0.8277392387390137,-0.9543213248252869,0.04290999844670296,1.0283267498016357,-0.8321645259857178,0.035978347063064575,1.1287715435028076,-0.6473940014839172,0.03485985845327377
0.0,0.0,0.0,0.40139809250831604,0.06718792021274567,0.08677706122398376,0.7180255055427551,0.00361259700730443,0.08938761055469513,0.9962592720985413,-0.04755833372473717,0.02358824387192726,1.210130214691162,-0.11648273468017578,-0.03474374860525131,0.5520790815353394,-0.7495718002319336,0.33110684156417847,0.902008593082428,-0.867193341255188,0.2728734314441681,1.117142915725708,-0.745528519153595,0.1727226972579956,1.1926043033599854,-0.5684062242507935,0.12157601863145828,0.5112676024436951,-0.8289847373962402,0.22669284045696259,0.9224889874458313,-1.0112862586975098,0.16995926201343536,1.1550328731536865,-0.8371773958206177,0.07121434062719345,1.2241153717041016,-0.6087493300437927,0.02233731932938099,0.5107824206352234,-0.8559401631355286,0.1014033704996109,0.9295662641525269,-1.066036343574524,0.0371389277279377,1.1773550510406494,-0.8714749217033386,-0.025453468784689903,1.2453880310058594,-0.6227273344993591,-0.039219554513692856,0.5607360601425171,-0.828123927116394,-0.023882126435637474,0.951708197593689,-0.9991976618766785,-0.053802791982889175,1.1714701652526855,-0.8788512945175171,-0.05522778630256653,1.2660861015319824,-0.6879430413246155,-0.038888126611709595
0.0,0.0,0.0,0.37414485216140747,0.09265809506177902,0.032628629356622696,0.6861048340797424,0.039094630628824234,-0.007606434170156717,1.0007435083389282,0.016956718638539314,-0.10096119344234467,1.2676374912261963,-0.03453915938735008,-0.1817222386598587,0.42740917205810547,-0.8179429173469543,0.20366758108139038,0.8843011260032654,-0.9379143118858337,0.13602149486541748,1.1353676319122314,-0.7599180936813354,0.04513778164982796,1.204697608947754,-0.5642843246459961,-0.00017470750026404858,0.4157438576221466,-0.9005264043807983,0.12731535732746124,0.943337619304657,-1.0421677827835083,0.09290651232004166,1.1969677209854126,-0.816417396068573,0.0259852297604084,1.2420904636383057,-0.5867606401443481,-0.012599165551364422,0.47778505086898804,-0.9006214737892151,0.03405437618494034,0.9860855937004089,-1.0819987058639526,-0.00471584452316165,1.2316856384277344,-0.8489312529563904,-0.021879006177186966,1.2675080299377441,-0.6104514598846436,-0.01588996686041355,0.606132984161377,-0.8282467722892761,-0.06321471184492111,1.0426884889602661,-1.0048437118530273,-0.0693964809179306,1.239703893661499,-0.8494750261306763,-0.02991293929517269,1.282676339149475,-0.645911455154419,0.011696981266140938
0.0,0.0,0.0,0.24905258417129517,0.0534837581217289,-0.05515189468860626,0.5212985873222351,0.03195673227310181,-0.1659158617258072,0.8377968072891235,0.028941331431269646,-0.3063614070415497,1.1213688850402832,0.007439939305186272,-0.4288100600242615,0.30263328552246094,-0.8510316610336304,-0.009987737983465195,0.8024108409881592,-0.9604145884513855,-0.13501931726932526,1.0015060901641846,-0.7609102725982666,-0.24528390169143677,1.025160551071167,-0.5604539513587952,-0.3012453019618988,0.3313143849372864,-0.9419482350349426,-0.05444560572504997,0.8838686347007751,-1.043061375617981,-0.13084255158901215,1.0861406326293945,-0.8090983033180237,-0.1960003823041916,1.0978816747665405,-0.5882520079612732,-0.24101439118385315,0.42485618591308594,-0.9434599280357361,-0.11410858482122421,0.9767585396766663,-1.073720932006836,-0.17591601610183716,1.1555191278457642,-0.8264569044113159,-0.18051761388778687,1.1564128398895264,-0.5923391580581665,-0.17614349722862244,0.5729354023933411,-0.8661168813705444,-0.18369463086128235,1.030056357383728,-0.9845050573348999,-0.20153681933879852,1.186862826347351,-0.8010982275009155,-0.15997526049613953,1.1972612142562866,-0.5910317301750183,-0.12325578182935715
0.0,0.0,0.0,0.2117845118045807,0.016313331201672554,0.08478416502475739,0.48164764046669006,-0.03795010969042778,0.054080814123153687,0.7748301029205322,-0.025459028780460358,-0.02936282567679882,1.0419445037841797,-0.02965986542403698,-0.10762058198451996,0.36461877822875977,-0.8531317710876465,0.14647887647151947,0.855839192867279,-0.8781390190124512,0.07413439452648163,1.0882911682128906,-0.6385992169380188,-0.01449332945048809,1.1667929887771606,-0.41973039507865906,-0.06609537452459335,0.407560259103775,-0.9122107625007629,0.04202515631914139,0.9434403777122498,-0.9418694376945496,0.006996345240622759,1.163111925125122,-0.6710559725761414,-0.05723334848880768,1.196097731590271,-0.4134770631790161,-0.10613825172185898,0.5047162175178528,-0.8803650140762329,-0.06704514473676682,1.0061062574386597,-0.9599200487136841,-0.09544238448143005,1.2162617444992065,-0.6862074732780457,-0.10571007430553436,1.2420872449874878,-0.4238303005695343,-0.11074880510568619,0.6518939733505249,-0.7767468094825745,-0.17457039654254913,1.0694533586502075,-0.8776116967201233,-0.16926944255828857,1.2227479219436646,-0.6851158142089844,-0.12679272890090942,1.2334959506988525,-0.4661998748779297,-0.09418708086013794
0.0,0.0,0.0,0.05740724876523018,-0.13780203461647034,0.2378348559141159,0.29880332946777344,-0.19642330706119537,0.27942749857902527,0.6230112314224243,-0.08127471059560776,0.23258762061595917,0.9283087849617004,0.003130953060463071,0.17604146897792816,0.27999019622802734,-0.8057382702827454,0.35989558696746826,0.6898202896118164,-0.6901886463165283,0.37041786313056946,0.8458194136619568,-0.403280645608902,0.32352685928344727,0.8611610531806946,-0.20261643826961517,0.28954067826271057,0.4351627826690674,-0.8790863752365112,0.19452612102031708,0.9102178812026978,-0.8388177156448364,0.24481475353240967,1.0549821853637695,-0.5476963520050049,0.20076708495616913,1.0325753688812256,-0.30771705508232117,0.15715041756629944,0.611237108707428,-0.8494316935539246,0.034634560346603394,1.087174415588379,-0.8834288716316223,0.05389868840575218,1.2082034349441528,-0.5441280007362366,0.051171090453863144,1.1547915935516357,-0.28051918745040894,0.05035695061087608,0.8087624311447144,-0.7418212294578552,-0.1097271516919136,1.228308916091919,-0.7807228565216064,-0.07861967384815216,1.3161612749099731,-0.5314269661903381,-0.01878340356051922,1.2390670776367188,-0.2971903681755066,0.025902358815073967
0.0,0.0,0.0,0.07462271302938461,-0.14512036740779877,0.27977532148361206,0.29639244079589844,-0.20036053657531738,0.36385053396224976,0.6029449105262756,-0.10037300735712051,0.3508909344673157,0.8825493454933167,0.0027807755395770073,0.3295195698738098,0.27697423100471497,-0.7953269481658936,0.4828895330429077,0.672285795211792,-0.8002288937568665,0.5378285050392151,0.7924608588218689,-0.5887765884399414,0.5123398303985596,0.7896559238433838,-0.4159526228904724,0.4939521551132202,0.42575109004974365,-0.8479059338569641,0.315898060798645,0.8882158994674683,-0.8479110598564148,0.40059801936149597,1.020758867263794,-0.5810216665267944,0.35573604702949524,0.9935035705566406,-0.35047054290771484,0.3124285340309143,0.5908559560775757,-0.8129647374153137,0.15365563333034515,1.0587857961654663,-0.8245323896408081,0.21006345748901367,1.163190245628357,-0.5170226097106934,0.19619201123714447,1.1054880619049072,-0.27249351143836975,0.18395857512950897,0.7826518416404724,-0.7219133377075195,0.00894429162144661,1.1805728673934937,-0.7475730180740356,0.08640003204345703,1.249218225479126,-0.5158712267875671,0.1513478010892868,1.169426679611206,-0.300157368183136,0.1931694597005844
0.0,0.0,0.0,0.1884760558605194,0.06225297227501869,0.13563577830791473,0.4326930344104767,0.09541753679513931,0.1361682116985321,0.7507787346839905,0.1994636058807373,0.05712062865495682,1.0332564115524292,0.2116231769323349,-0.021260354667901993,0.3363473415374756,-0.770035982131958,0.3674226701259613,0.7361752986907959,-0.7619287371635437,0.36069896817207336,0.8857129216194153,-0.5133664608001709,0.2860535979270935,0.9000654220581055,-0.33012819290161133,0.2377905547618866,0.46199965476989746,-0.8544270992279053,0.2377198040485382,0.9774470329284668,-0.8402697443962097,0.25452324748039246,1.1677510738372803,-0.5440404415130615,0.17027559876441956,1.1526260375976562,-0.27876558899879456,0.109438955783844,0.6212627291679382,-0.8430099487304688,0.09757491946220398,1.1594128608703613,-0.8393926620483398,0.08640924096107483,1.3223932981491089,-0.4939258396625519,0.04741615429520607,1.2789374589920044,-0.21724064648151398,0.03424090892076492,0.8306434750556946,-0.7546415328979492,-0.037147048860788345,1.3052024841308594,-0.757156252861023,-0.01804232969880104,1.4019533395767212,-0.4983890950679779,0.026541249826550484,1.3237733840942383,-0.2509141266345978,0.06568378210067749
0.0,0.0,0.0,0.3305066227912903,0.2400127798318863,0.1649945080280304,0.6328436732292175,0.2953242063522339,0.23405055701732635,0.9364412426948547,0.366464763879776,0.22753635048866272,1.228542447090149,0.35271987318992615,0.22614747285842896,0.4594154953956604,-0.595004677772522,0.4976423680782318,0.8788961172103882,-0.5354431867599487,0.5597302913665771,1.123540997505188,-0.31329432129859924,0.5163142085075378,1.2056760787963867,-0.12664222717285156,0.4866488575935364,0.5285542607307434,-0.7521497011184692,0.39357486367225647,1.0597139596939087,-0.7085213661193848,0.4780464470386505,1.3226454257965088,-0.4250251352787018,0.4006592929363251,1.353007197380066,-0.1656263768672943,0.3386845886707306,0.6497718691825867,-0.8034447431564331,0.27974510192871094,1.1905139684677124,-0.8015542030334473,0.34193864464759827,1.4307447671890259,-0.4903021454811096,0.2943703830242157,1.4281420707702637,-0.22361864149570465,0.26313361525535583,0.8402612805366516,-0.7667590379714966,0.17205433547496796,1.3266758918762207,-0.7885156869888306,0.24640685319900513,1.4975720643997192,-0.5531014204025269,0.2854945659637451,1.474482536315918,-0.3052111268043518,0.31399989128112793
0.0,0.0,0.0,0.36173927783966064,0.31354862451553345,0.08443690836429596,0.6982536911964417,0.38558539748191833,0.12087000161409378,1.0316869020462036,0.43560707569122314,0.10152650624513626,1.3450446128845215,0.4277171790599823,0.09663355350494385,0.5166252255439758,-0.5521745085716248,0.39820995926856995,0.9823832511901855,-0.4068096876144409,0.4437306821346283,1.2655380964279175,-0.1586480587720871,0.4019554853439331,1.3525450229644775,0.008727054111659527,0.37670615315437317,0.5717084407806396,-0.7491574287414551,0.33453336358070374,1.156489372253418,-0.712222158908844,0.3914571702480316,1.4618909358978271,-0.4153091609477997,0.32683220505714417,1.4960098266601562,-0.16572055220603943,0.2843917906284332,0.6861564517021179,-0.8267362117767334,0.2567039132118225,1.2589911222457886,-0.8690230846405029,0.28590795397758484,1.5521044731140137,-0.5399553775787354,0.2411586046218872,1.5645829439163208,-0.2720175087451935,0.22460117936134338,0.8745315670967102,-0.8091997504234314,0.18074050545692444,1.3983427286148071,-0.8519675731658936,0.22526852786540985,1.6046103239059448,-0.6050533652305603,0.25591662526130676,1.5913777351379395,-0.35211941599845886,0.28601977229118347
0.0,0.0,0.0,0.3579460084438324,0.29944244027137756,0.007508938666433096,0.6968907713890076,0.3704403042793274,-0.0020368113182485104,1.012389898300171,0.4142707884311676,-0.0551181361079216,1.3355093002319336,0.38913798332214355,-0.09404982626438141,0.6343646049499512,-0.5318449139595032,0.32873040437698364,1.0909368991851807,-0.44910603761672974,0.35475993156433105,1.3247743844985962,-0.21990807354450226,0.3092787563800812,1.3778409957885742,-0.058830372989177704,0.2822701334953308,0.659464418888092,-0.6936591863632202,0.2897302806377411,1.198277473449707,-0.692992627620697,0.31393328309059143,1.4548490047454834,-0.41275399923324585,0.23238186538219452,1.4807778596878052,-0.16748236119747162,0.18299657106399536,0.7236567139625549,-0.7560253739356995,0.23053380846977234,1.2568564414978027,-0.8274440765380859,0.23400762677192688,1.5071892738342285,-0.5137250423431396,0.17961879074573517,1.5233049392700195,-0.2577548325061798,0.15876905620098114,0.8403000831604004,-0.7265776991844177,0.1674116998910904,1.337012767791748,-0.8032699227333069,0.18464423716068268,1.53221595287323,-0.5716886520385742,0.20201922953128815,1.541533350944519,-0.33576512336730957,0.22531896829605103
0.0,0.0,0.0,0.377084344625473,0.22267886996269226,0.023705361410975456,0.7183217406272888,0.2790692150592804,0.05780141428112984,0.9964351058006287,0.2988753318786621,0.041667550802230835,1.2545607089996338,0.28017252683639526,0.029590103775262833,0.8257125616073608,-0.314822793006897,0.375736802816391,1.1100194454193115,-0.321268767118454,0.37101712822914124,1.2810606956481934,-0.16801735758781433,0.290670782327652,1.361589789390564,-0.030505476519465446,0.23469007015228271,0.8364591002464294,-0.45123863220214844,0.3109980821609497,1.1937978267669678,-0.5207434892654419,0.271648108959198,1.364078402519226,-0.32467469573020935,0.14231662452220917,1.4024100303649902,-0.11748876422643661,0.06461343169212341,0.8171098828315735,-0.5871620774269104,0.21791212260723114,1.210468053817749,-0.7061240077018738,0.16791613399982452,1.380338430404663,-0.4943837821483612,0.06608840078115463,1.4009283781051636,-0.26793646812438965,0.015669671818614006,0.777727484703064,-0.7036371827125549,0.11881928890943527,1.1614925861358643,-0.8024089932441711,0.0856037512421608,1.3269761800765991,-0.6414664387702942,0.058904312551021576,1.366075038909912,-0.4288282096385956,0.051925189793109894
0.0,0.0,0.0,0.3655073344707489,0.1859733909368515,-0.030189840123057365,0.724899411201477,0.2527278959751129,-0.04087403416633606,1.0399317741394043,0.2687486410140991,-0.09265406429767609,1.332743525505066,0.2118804156780243,-0.14138053357601166,0.8561471700668335,-0.3277333676815033,0.3043661117553711,1.1586976051330566,-0.35784319043159485,0.2691273093223572,1.3466156721115112,-0.23280559480190277,0.1711389422416687,1.4368726015090942,-0.11074135452508926,0.10461200028657913,0.848118245601654,-0.46693137288093567,0.2503408193588257,1.2160918712615967,-0.5728359222412109,0.19572164118289948,1.393357515335083,-0.4172610342502594,0.061146389693021774,1.4292744398117065,-0.2195330113172531,-0.021086111664772034,0.805812418460846,-0.6118505001068115,0.1643829643726349,1.1778972148895264,-0.7722257375717163,0.1049298346042633,1.3497310876846313,-0.6055909991264343,0.014470070600509644,1.3738147020339966,-0.3903599679470062,-0.031187115237116814,0.732759416103363,-0.7361640930175781,0.06607071310281754,1.05965256690979,-0.8690338134765625,0.01732689142227173,1.2245359420776367,-0.7490962743759155,-0.009431661106646061,1.2653710842132568,-0.551462709903717,-0.015526791103184223
0.0,0.0,0.0,0.37337303161621094,0.1366422176361084,-0.028150977566838264,0.7215741872787476,0.17928603291511536,-0.046851180493831635,1.0108745098114014,0.1632155478000641,-0.10466291755437851,1.2630466222763062,0.08668263256549835,-0.15794727206230164,0.890485942363739,-0.37045466899871826,0.1975071281194687,1.240309715270996,-0.46820884943008423,0.09586931765079498,1.3687680959701538,-0.3360596001148224,-0.024285683408379555,1.3626147508621216,-0.20790240168571472,-0.08795706182718277,0.8581796288490295,-0.4937528669834137,0.14048424363136292,1.2569303512573242,-0.6473674774169922,0.0313851572573185,1.3816606998443604,-0.4808567464351654,-0.10039153695106506,1.3442360162734985,-0.3035375475883484,-0.16903358697891235,0.7856786847114563,-0.6131314635276794,0.0540209598839283,1.156315803527832,-0.7700410485267639,-0.056956954300403595,1.2811802625656128,-0.5766560435295105,-0.14267860352993011,1.2389764785766602,-0.37392356991767883,-0.1697022169828415,0.6836605668067932,-0.7174893021583557,-0.04006815329194069,1.0241236686706543,-0.8717465400695801,-0.12333563715219498,1.160917043685913,-0.7234292030334473,-0.15056659281253815,1.1578874588012695,-0.5241040587425232,-0.14815109968185425
0.0,0.0,0.0,0.42948615550994873,0.07042137533426285,0.20963682234287262,0.7504783272743225,0.03329652175307274,0.2953321039676666,1.0159406661987305,0.029728878289461136,0.28452128171920776,1.230349063873291,-0.04960744082927704,0.26507970690727234,0.7157700061798096,-0.5726620554924011,0.5226665139198303,1.0660039186477661,-0.6877187490463257,0.5170624256134033,1.251633644104004,-0.5312551259994507,0.42981329560279846,1.3075803518295288,-0.3592182397842407,0.374446302652359,0.678346574306488,-0.6489412784576416,0.34455931186676025,1.0824089050292969,-0.7675491571426392,0.3088524043560028,1.2745565176010132,-0.5452969074249268,0.17269611358642578,1.281510353088379,-0.2998751699924469,0.09113950282335281,0.6429035067558289,-0.6960483193397522,0.14967910945415497,1.0503584146499634,-0.8287287950515747,0.10852833092212677,1.244067668914795,-0.5810084342956543,0.025651732459664345,1.2496930360794067,-0.3383311331272125,-0.012367988005280495,0.6210430860519409,-0.6888859272003174,-0.0384349524974823,1.0053743124008179,-0.8573333621025085,-0.05074991658329964,1.1683698892593384,-0.6977923512458801,-0.04769890010356903,1.1847877502441406,-0.4877258837223053,-0.03774877265095711
0.0,0.0,0.0,0.44865527749061584,0.013592292554676533,0.21667686104774475,0.7662922143936157,-0.06430087983608246,0.2694193422794342,1.0188820362091064,-0.08471730351448059,0.23534949123859406,1.1970785856246948,-0.15724341571331024,0.20181900262832642,0.5912990570068359,-0.7870609760284424,0.3723362386226654,0.9690897464752197,-0.9565182328224182,0.3310171067714691,1.154299020767212,-0.7611024975776672,0.2521038055419922,1.1761846542358398,-0.5571405291557312,0.21130312979221344,0.5362380146980286,-0.8213970065116882,0.1943083554506302,0.994877278804779,-0.9824579358100891,0.16795459389686584,1.1859562397003174,-0.7577368021011353,0.09915236383676529,1.1655491590499878,-0.5344238877296448,0.061567146331071854,0.5242059230804443,-0.7949004173278809,0.009620093740522861,0.9754683971405029,-0.9656599760055542,-0.008300372399389744,1.1725133657455444,-0.7494086623191833,-0.006711502093821764,1.1667733192443848,-0.5407589673995972,0.004898375831544399,0.5577746629714966,-0.696287214756012,-0.16749419271945953,0.944801926612854,-0.8628523349761963,-0.17111608386039734,1.1187206506729126,-0.7230300307273865,-0.12666518986225128,1.1338176727294922,-0.5470346808433533,-0.08456352353096008
0.0,0.0,0.0,0.47899049520492554,-0.015112130902707577,0.18541063368320465,0.7913259863853455,-0.10894329845905304,0.2073143720626831,1.0388522148132324,-0.14178603887557983,0.1485813558101654,1.2317744493484497,-0.1760924607515335,0.09102704375982285,0.57851243019104,-0.8230137228965759,0.2660275101661682,0.9958368539810181,-0.98576819896698,0.18294349312782288,1.197706937789917,-0.7849224209785461,0.08916480094194412,1.2339030504226685,-0.5655381679534912,0.04276562109589577,0.5142771601676941,-0.852252185344696,0.09583988040685654,1.0349153280258179,-1.0061272382736206,0.028412826359272003,1.2293169498443604,-0.7615253925323486,-0.04120084270834923,1.2091805934906006,-0.5215427279472351,-0.07466810941696167,0.5007866024971008,-0.8094469308853149,-0.07926928997039795,1.0179656744003296,-0.9743674397468567,-0.1300593465566635,1.2026013135910034,-0.7377368807792664,-0.12297455221414566,1.1886968612670898,-0.5163236260414124,-0.10170383751392365,0.5367803573608398,-0.6967965960502625,-0.24758821725845337,0.9576747417449951,-0.8437957763671875,-0.2672294080257416,1.1309120655059814,-0.7136356830596924,-0.22327357530593872,1.152859091758728,-0.5545660257339478,-0.1797804832458496
0.0,0.0,0.0,0.46706727147102356,-0.022764602676033974,0.11811517924070358,0.8130049109458923,-0.10488550364971161,0.10696490108966827,1.062066912651062,-0.11980859190225601,0.034649431705474854,1.2326172590255737,-0.15619294345378876,-0.033558256924152374,0.6102228760719299,-0.8235753178596497,0.1612851768732071,1.010796308517456,-0.9505434632301331,0.04545791819691658,1.2198736667633057,-0.7422593235969543,-0.06609106808900833,1.277972936630249,-0.5393002033233643,-0.12383673340082169,0.5309898853302002,-0.8471172451972961,0.021028248593211174,1.0309829711914062,-0.9662074446678162,-0.08667013049125671,1.2471582889556885,-0.7114546895027161,-0.17592953145503998,1.264197587966919,-0.47243472933769226,-0.21557848155498505,0.499475359916687,-0.7969245314598083,-0.125121608376503,0.9782034754753113,-0.9260424375534058,-0.21362146735191345,1.1972215175628662,-0.6924847364425659,-0.2307118922472,1.235128402709961,-0.47210821509361267,-0.2156403809785843,0.5130324363708496,-0.6768801808357239,-0.26777178049087524,0.892415463924408,-0.7929079532623291,-0.31914666295051575,1.0829459428787231,-0.6663385033607483,-0.29902252554893494,1.1444222927093506,-0.5082113146781921,-0.26480036973953247
0.0,0.0,0.0,0.44851115345954895,-0.016739841550588608,0.07537243515253067,0.8073641061782837,-0.06294213235378265,0.04903414100408554,1.0764647722244263,-0.07069287449121475,-0.0364905521273613,1.2420876026153564,-0.14872080087661743,-0.12031076848506927,0.738084614276886,-0.7098541259765625,0.1565091609954834,1.0742452144622803,-0.9083120822906494,0.03518558293581009,1.2445677518844604,-0.7106608152389526,-0.08781448751688004,1.2833443880081177,-0.5221327543258667,-0.1564236879348755,0.6458173990249634,-0.7629997730255127,0.02740926668047905,1.0584521293640137,-0.9635823369026184,-0.09317222237586975,1.2412809133529663,-0.7176472544670105,-0.2054927498102188,1.2477995157241821,-0.4898115396499634,-0.26476165652275085,0.5652555823326111,-0.7711748480796814,-0.11477138102054596,0.9692129492759705,-0.9558624625205994,-0.21369928121566772,1.168502688407898,-0.7209042906761169,-0.2556286156177521,1.194699764251709,-0.49410173296928406,-0.26309099793434143,0.49687469005584717,-0.7165970802307129,-0.2587205469608307,0.8398405313491821,-0.8727084994316101,-0.32721614837646484,1.0177862644195557,-0.7358872890472412,-0.3281850516796112,1.0672749280929565,-0.5638715624809265,-0.3134429454803467
0.0,0.0,0.0,0.40029507875442505,0.05323149636387825,-0.044001974165439606,0.7778344750404358,0.042073704302310944,-0.114646315574646,1.0534331798553467,0.05369754880666733,-0.2157462239265442,1.289657711982727,0.008183182217180729,-0.3122619390487671,0.8756759166717529,-0.5458868741989136,0.011267291381955147,1.174741268157959,-0.8130261301994324,-0.1477031707763672,1.3103749752044678,-0.6194791197776794,-0.2877877354621887,1.345027208328247,-0.4242762625217438,-0.3657325506210327,0.7755860686302185,-0.6287884712219238,-0.055599212646484375,1.1290489435195923,-0.8949721455574036,-0.21544331312179565,1.274176001548767,-0.6464830636978149,-0.34642520546913147,1.2819288969039917,-0.42423000931739807,-0.4167358875274658,0.6520143747329712,-0.6938503384590149,-0.14176420867443085,0.9887418746948242,-0.951205849647522,-0.28224387764930725,1.1533915996551514,-0.700558602809906,-0.3446807265281677,1.172364354133606,-0.4607122242450714,-0.36114752292633057,0.5040770769119263,-0.7255181670188904,-0.23642778396606445,0.7994011640548706,-0.8944524526596069,-0.348245769739151,0.9602489471435547,-0.7369227409362793,-0.37641799449920654,1.0064436197280884,-0.5533373355865479,-0.3755859136581421
0.0,0.0,0.0,0.41089028120040894,0.02568085305392742,-0.007602272089570761,0.78717041015625,-0.010250908322632313,-0.07407047599554062,1.060279130935669,-0.00032597684185020626,-0.1816360354423523,1.2784106731414795,-0.05512332171201706,-0.2855735421180725,0.805953323841095,-0.649965763092041,0.03743905946612358,1.1230010986328125,-0.902726411819458,-0.1219668984413147,1.2839149236679077,-0.6724010109901428,-0.26470109820365906,1.3154596090316772,-0.4627489745616913,-0.3448076546192169,0.701085090637207,-0.7107430696487427,-0.057653963565826416,1.0963746309280396,-0.9494473338127136,-0.21132035553455353,1.267927646636963,-0.6690232753753662,-0.3423362374305725,1.2699793577194214,-0.44390055537223816,-0.41624924540519714,0.5900784134864807,-0.7405188083648682,-0.170257568359375,0.9674500226974487,-0.9631240367889404,-0.29724133014678955,1.1653163433074951,-0.6946585178375244,-0.35498368740081787,1.1888409852981567,-0.4592621922492981,-0.3735761046409607,0.46835723519325256,-0.7161007523536682,-0.289831280708313,0.7918646335601807,-0.8801012635231018,-0.3877192735671997,0.9779350161552429,-0.7209208011627197,-0.40873128175735474,1.026079535484314,-0.5416723489761353,-0.40820083022117615
0.0,0.0,0.0,0.4418526589870453,-0.001548434840515256,0.10303402692079544,0.7919338941574097,-0.06103898212313652,0.09212154895067215,1.0471633672714233,-0.0699230208992958,0.019539983943104744,1.234317421913147,-0.12206246703863144,-0.051753826439380646,0.7155373692512512,-0.7347909808158875,0.16892258822917938,1.0540059804916382,-0.9127302765846252,0.05780179798603058,1.2323412895202637,-0.6936146020889282,-0.05155633017420769,1.271972417831421,-0.4914538264274597,-0.11095025390386581,0.6166466474533081,-0.7867359519004822,0.028168434277176857,1.0376107692718506,-0.9640213251113892,-0.08294089883565903,1.2332947254180908,-0.7000845670700073,-0.18005549907684326,1.2355890274047852,-0.4681853950023651,-0.22790952026844025,0.5348042249679565,-0.7825960516929626,-0.12258546054363251,0.9503371715545654,-0.9364197254180908,-0.2192612737417221,1.1606348752975464,-0.6851297616958618,-0.24882231652736664,1.1823310852050781,-0.46118590235710144,-0.24583952128887177,0.4674862027168274,-0.7066478729248047,-0.271724671125412,0.8204946517944336,-0.8424057960510254,-0.34572023153305054,1.008072853088379,-0.6915158629417419,-0.34147828817367554,1.0539796352386475,-0.5145158171653748,-0.3192045986652374
0.0,0.0,0.0,0.4615066349506378,-0.02288004755973816,0.17381849884986877,0.7895123362541199,-0.09426859766244888,0.19477757811546326,1.0307198762893677,-0.10582827031612396,0.14134415984153748,1.2262547016143799,-0.1384277045726776,0.0860973671078682,0.6779854893684387,-0.7608826160430908,0.23726822435855865,1.0442631244659424,-0.9055395722389221,0.1559368520975113,1.2105834484100342,-0.6996809244155884,0.06529051065444946,1.243980050086975,-0.5094863176345825,0.014490948989987373,0.5906196236610413,-0.8040406703948975,0.06846199184656143,1.0438473224639893,-0.9417665004730225,-0.01840524561703205,1.2289414405822754,-0.6811016798019409,-0.10351479053497314,1.2189830541610718,-0.4491144120693207,-0.14502061903476715,0.530965268611908,-0.7760512828826904,-0.10371310263872147,0.9774978160858154,-0.9156526327133179,-0.17633336782455444,1.1728228330612183,-0.6679715514183044,-0.1921732872724533,1.18504798412323,-0.45040202140808105,-0.1834852695465088,0.49550530314445496,-0.6718372106552124,-0.2682751715183258,0.8577266335487366,-0.8057454824447632,-0.32083430886268616,1.041101098060608,-0.6639148592948914,-0.30575278401374817,1.0919636487960815,-0.4979887008666992,-0.2790965437889099
0.0,0.0,0.0,0.4747437536716461,-0.03025604598224163,0.17171983420848846,0.7919121980667114,-0.10215960443019867,0.18021607398986816,1.0243544578552246,-0.10851512849330902,0.11101023107767105,1.2273563146591187,-0.15529361367225647,0.03935610502958298,0.6499581336975098,-0.7828150391578674,0.23874978721141815,1.0280734300613403,-0.9187776446342468,0.14926393330097198,1.2096176147460938,-0.7139190435409546,0.04634126275777817,1.2518151998519897,-0.522384524345398,-0.012885453179478645,0.565723180770874,-0.8219250440597534,0.0663071945309639,1.043519377708435,-0.9455814361572266,-0.023871736600995064,1.2317739725112915,-0.6853711605072021,-0.12087346613407135,1.222180724143982,-0.4527830481529236,-0.17287839949131012,0.517454206943512,-0.7895079851150513,-0.10943044722080231,0.9815018773078918,-0.9175148606300354,-0.18005768954753876,1.1782491207122803,-0.672179639339447,-0.19883756339550018,1.1889944076538086,-0.45391055941581726,-0.19396132230758667,0.4985227584838867,-0.6797694563865662,-0.27819594740867615,0.8747903108596802,-0.8073722124099731,-0.3207690715789795,1.067665696144104,-0.6667376756668091,-0.2985657751560211,1.1255065202713013,-0.5002118945121765,-0.26900357007980347
0.0,0.0,0.0,0.46476632356643677,-0.007480237632989883,0.14235414564609528,0.7816872596740723,-0.06969273835420609,0.14243938028812408,1.0178918838500977,-0.06892412900924683,0.07301615923643112,1.1931431293487549,-0.10363683104515076,0.005883320234715939,0.6446878910064697,-0.793084442615509,0.19821523129940033,1.0253411531448364,-0.897320568561554,0.10432514548301697,1.1953144073486328,-0.6908149719238281,0.006166036706417799,1.2282724380493164,-0.49964597821235657,-0.04739391431212425,0.5608784556388855,-0.8265502452850342,0.047222815454006195,1.0408110618591309,-0.9062676429748535,-0.041568782180547714,1.2149949073791504,-0.645102858543396,-0.11916261911392212,1.2007135152816772,-0.4181095063686371,-0.15701760351657867,0.523976743221283,-0.7864653468132019,-0.10918843746185303,0.9987254738807678,-0.8739235401153564,-0.1833752542734146,1.180604100227356,-0.6281188726425171,-0.19148381054401398,1.1831012964248657,-0.40669235587120056,-0.17588858306407928,0.5236712694168091,-0.6695412397384644,-0.26118701696395874,0.9111220836639404,-0.7710202932357788,-0.304257333278656,1.08639395236969,-0.6255632638931274,-0.2787818908691406,1.1330620050430298,-0.45499518513679504,-0.24455946683883667
0.0,0.0,0.0,0.47184574604034424,-0.01706981286406517,0.13279563188552856,0.7760872840881348,-0.08032596111297607,0.11698153614997864,1.0266114473342896,-0.0868704542517662,0.0315619520843029,1.2251265048980713,-0.13467687368392944,-0.04995902627706528,0.6113491654396057,-0.8089699745178223,0.18629856407642365,1.0381436347961426,-0.8937873244285583,0.07517273724079132,1.214595079421997,-0.679719090461731,-0.03746870905160904,1.2395387887954712,-0.47979307174682617,-0.0970904678106308,0.5376481413841248,-0.8424352407455444,0.03517735004425049,1.0544047355651855,-0.9125849008560181,-0.06496455520391464,1.2320045232772827,-0.6401116251945496,-0.15076443552970886,1.212317943572998,-0.40563443303108215,-0.1935468465089798,0.5112851858139038,-0.795379102230072,-0.1222662478685379,1.0162214040756226,-0.8876734375953674,-0.20093566179275513,1.189989686012268,-0.6316013336181641,-0.20326410233974457,1.1759716272354126,-0.40933123230934143,-0.183553084731102,0.5203937888145447,-0.6689485311508179,-0.2761526107788086,0.9342968463897705,-0.7761690616607666,-0.3139275908470154,1.1028746366500854,-0.634979248046875,-0.2767033874988556,1.1347063779830933,-0.4766004681587219,-0.23486469686031342
0.0,0.0,0.0,0.4623361825942993,0.002288690535351634,0.1259792447090149,0.7709527015686035,-0.058269355446100235,0.10365842282772064,1.0158905982971191,-0.06233859434723854,0.013387799263000488,1.2138245105743408,-0.11332137882709503,-0.07351376116275787,0.619278609752655,-0.7997779250144958,0.16104698181152344,1.043384075164795,-0.9021236300468445,0.04084451496601105,1.2268378734588623,-0.6746243238449097,-0.07663048803806305,1.252488374710083,-0.465340793132782,-0.1386975646018982,0.5456830859184265,-0.8379127383232117,0.011498702690005302,1.0612516403198242,-0.9204897284507751,-0.09569592028856277,1.237808346748352,-0.6309837102890015,-0.1850769966840744,1.208335518836975,-0.3911181390285492,-0.2310730665922165,0.5134639143943787,-0.7954595685005188,-0.14341631531715393,1.0154149532318115,-0.904766321182251,-0.23224075138568878,1.1880114078521729,-0.6278879642486572,-0.2372932732105255,1.1648986339569092,-0.3976305425167084,-0.21871136128902435,0.5125683546066284,-0.6767566800117493,-0.2940838634967804,0.9249558448791504,-0.7867406606674194,-0.34293586015701294,1.0941286087036133,-0.6314091682434082,-0.3088465929031372,1.1186352968215942,-0.4665886461734772,-0.2685031592845917
0.0,0.0,0.0,0.45509177446365356,-0.004015931393951178,0.10203926265239716,0.7749784588813782,-0.06878498941659927,0.07071439921855927,1.0280362367630005,-0.07635204493999481,-0.023333542048931122,1.2463353872299194,-0.12543660402297974,-0.11096685379743576,0.6136718988418579,-0.8025010228157043,0.16990719735622406,1.0399576425552368,-0.9150956273078918,0.0583450011909008,1.236016035079956,-0.7004964351654053,-0.057487450540065765,1.2728315591812134,-0.4982239603996277,-0.11840762197971344,0.5445335507392883,-0.8379518389701843,0.036331579089164734,1.05654776096344,-0.9387013912200928,-0.06063397601246834,1.249910593032837,-0.6734811663627625,-0.15394660830497742,1.2395126819610596,-0.43597081303596497,-0.20202256739139557,0.5183203816413879,-0.8001465797424316,-0.1048169806599617,1.0198137760162354,-0.9236459732055664,-0.17698198556900024,1.2108417749404907,-0.6768064498901367,-0.18839362263679504,1.2072361707687378,-0.45336684584617615,-0.1761227399110794,0.529468834400177,-0.6874658465385437,-0.24432915449142456,0.9441391229629517,-0.7997967004776001,-0.2753136157989502,1.1234517097473145,-0.6629906892776489,-0.23983225226402283,1.155236005783081,-0.5051985383033752,-0.19941604137420654
0.0,0.0,0.0,0.46933069825172424,-0.005880153737962246,0.11953922361135483,0.7890070676803589,-0.0810222402215004,0.10053452104330063,1.0420305728912354,-0.09345896542072296,0.014786616899073124,1.2473924160003662,-0.1335820108652115,-0.06818470358848572,0.6197381019592285,-0.8015491962432861,0.18740232288837433,1.0337350368499756,-0.9156016111373901,0.0856144055724144,1.234206199645996,-0.7158941626548767,-0.024028122425079346,1.2820459604263306,-0.5211287140846252,-0.08339788764715195,0.5489847660064697,-0.8345798850059509,0.045740168541669846,1.0547586679458618,-0.9408544898033142,-0.0458470955491066,1.2539517879486084,-0.6882824897766113,-0.13881084322929382,1.2539719343185425,-0.45474207401275635,-0.18668657541275024,0.5238285660743713,-0.7926023006439209,-0.10163576900959015,1.015306830406189,-0.9210828542709351,-0.1684619039297104,1.2137295007705688,-0.6870225667953491,-0.18255789577960968,1.2206249237060547,-0.4679739475250244,-0.1725672483444214,0.5377709269523621,-0.6749662756919861,-0.24630548059940338,0.9412392377853394,-0.8013641834259033,-0.2752986252307892,1.1295069456100464,-0.6789350509643555,-0.24413233995437622,1.177158236503601,-0.5263087153434753,-0.20740872621536255
0.0,0.0,0.0,0.47810208797454834,-0.0146689647808671,0.12581761181354523,0.7934403419494629,-0.09306253492832184,0.10899204760789871,1.0339516401290894,-0.10177537053823471,0.025307733565568924,1.2370542287826538,-0.1448795348405838,-0.05585265904664993,0.6200093626976013,-0.8034180998802185,0.1781790852546692,1.0338529348373413,-0.9143291115760803,0.07465842366218567,1.2338913679122925,-0.709547758102417,-0.03567696735262871,1.2876513004302979,-0.5149160623550415,-0.09747693687677383,0.5462830662727356,-0.8370227217674255,0.03110940381884575,1.059614896774292,-0.9359586238861084,-0.06658283621072769,1.2568979263305664,-0.6730162501335144,-0.16227814555168152,1.253604769706726,-0.4396052658557892,-0.2119370400905609,0.5169647336006165,-0.793940007686615,-0.11966647952795029,1.0089958906173706,-0.91496741771698,-0.19308871030807495,1.2029684782028198,-0.6668831706047058,-0.20611290633678436,1.2048133611679077,-0.4467499852180481,-0.19475197792053223,0.5257989168167114,-0.6760815978050232,-0.26695120334625244,0.9235334396362305,-0.7942546010017395,-0.3036666512489319,1.10462486743927,-0.6569209098815918,-0.2724616825580597,1.1449204683303833,-0.49777892231941223,-0.2347080260515213
0.0,0.0,0.0,0.4739309847354889,-0.01327660121023655,0.11822861433029175,0.7952521443367004,-0.0900171548128128,0.09703425318002701,1.0351581573486328,-0.10235994309186935,0.011728721670806408,1.2421135902404785,-0.1509506106376648,-0.06870409101247787,0.6150206923484802,-0.8095842003822327,0.15356339514255524,1.0328787565231323,-0.910534143447876,0.03944770246744156,1.2253408432006836,-0.6975828409194946,-0.07326889038085938,1.2682969570159912,-0.5015196800231934,-0.13313797116279602,0.5415151119232178,-0.8406009078025818,0.012309331446886063,1.052778720855713,-0.9321136474609375,-0.08570495247840881,1.2480697631835938,-0.6730116605758667,-0.17137625813484192,1.247244119644165,-0.44341158866882324,-0.2154700756072998,0.517204761505127,-0.7925312519073486,-0.13378697633743286,1.0154261589050293,-0.9127374291419983,-0.2088211178779602,1.2139537334442139,-0.6746828556060791,-0.21734610199928284,1.220852017402649,-0.4547673165798187,-0.20344772934913635,0.5374118685722351,-0.6696167588233948,-0.27705538272857666,0.9476732611656189,-0.7877000570297241,-0.3147532045841217,1.136338710784912,-0.6594690084457397,-0.2837449908256531,1.1846063137054443,-0.5051878690719604,-0.24624574184417725
0.0,0.0,0.0,0.45257189869880676,-0.017142510041594505,0.12195052206516266,0.7753463387489319,-0.08688442409038544,0.10654789954423904,1.0146957635879517,-0.10033507645130157,0.025635624304413795,1.2167613506317139,-0.15117396414279938,-0.04843343421816826,0.60268235206604,-0.8116320967674255,0.17649534344673157,1.0022094249725342,-0.917826235294342,0.06989315152168274,1.1850576400756836,-0.7102013230323792,-0.03463199734687805,1.225399136543274,-0.5203533172607422,-0.08732626587152481,0.5310284495353699,-0.8465313911437988,0.03732703998684883,1.0256632566452026,-0.9406387805938721,-0.04996821656823158,1.2080265283584595,-0.6896494626998901,-0.12004180997610092,1.2042598724365234,-0.4649987816810608,-0.15329061448574066,0.5092890858650208,-0.8038946390151978,-0.10941393673419952,1.0061792135238647,-0.9199678301811218,-0.18104003369808197,1.1895923614501953,-0.6859039068222046,-0.180339977145195,1.1931862831115723,-0.4638437330722809,-0.15886789560317993,0.5364304184913635,-0.687807559967041,-0.25372254848480225,0.9460418224334717,-0.798846423625946,-0.2872422933578491,1.1240317821502686,-0.6704221367835999,-0.2500669062137604,1.1661118268966675,-0.513193666934967,-0.20769281685352325
0.0,0.0,0.0,0.4559245705604553,-0.023533351719379425,0.1008727177977562,0.7782596349716187,-0.08457386493682861,0.07280432432889938,1.013987421989441,-0.09521690756082535,-0.01641405187547207,1.2117831707000732,-0.1413763463497162,-0.09663338959217072,0.5800828337669373,-0.8271796703338623,0.14959345757961273,0.9915176630020142,-0.9134389758110046,0.031760964542627335,1.178539752960205,-0.6953909397125244,-0.07892818003892899,1.2296271324157715,-0.499352365732193,-0.13436421751976013,0.5109494924545288,-0.8594080805778503,0.018667224794626236,1.0208218097686768,-0.929588794708252,-0.07154518365859985,1.2022672891616821,-0.6771937012672424,-0.13970546424388885,1.2091975212097168,-0.4547181725502014,-0.1719420999288559,0.49515247344970703,-0.8102055191993713,-0.12096507847309113,1.0028282403945923,-0.8999744653701782,-0.19431667029857635,1.1800799369812012,-0.6646192073822021,-0.1877240389585495,1.1859290599822998,-0.442867249250412,-0.16046880185604095,0.5279930233955383,-0.6844920516014099,-0.2605074942111969,0.9400063157081604,-0.7953351140022278,-0.2889133393764496,1.1190921068191528,-0.6680037975311279,-0.242794930934906,1.1647230386734009,-0.508076548576355,-0.1928783804178238
0.0,0.0,0.0,0.45852646231651306,0.0006688259891234338,0.08106770366430283,0.7990159392356873,-0.0734686329960823,0.043303657323122025,1.047927737236023,-0.09315557032823563,-0.049739737063646317,1.2623895406723022,-0.10708298534154892,-0.1353999674320221,0.5780898332595825,-0.840398907661438,0.09920668601989746,1.0080301761627197,-0.9365240931510925,-0.03246559202671051,1.2196991443634033,-0.7182270288467407,-0.14991027116775513,1.2935640811920166,-0.5114997625350952,-0.21011008322238922,0.49334535002708435,-0.8694472908973694,-0.025916561484336853,1.023829460144043,-0.953709602355957,-0.13419125974178314,1.2286628484725952,-0.7013542652130127,-0.20362097024917603,1.2563334703445435,-0.4701682925224304,-0.23581549525260925,0.47136378288269043,-0.8151223659515381,-0.15974503755569458,0.9972640872001648,-0.9166377186775208,-0.25231051445007324,1.1961359977722168,-0.6862057447433472,-0.2536190450191498,1.2252273559570312,-0.46149763464927673,-0.23060478270053864,0.506445050239563,-0.6856147050857544,-0.29361292719841003,0.931878924369812,-0.8082376718521118,-0.34038183093070984,1.1158430576324463,-0.6842198371887207,-0.3051510155200958,1.1735128164291382,-0.5227254033088684,-0.26259204745292664
0.0,0.0,0.0,0.4669483006000519,-0.018865272402763367,0.12160428613424301,0.799225926399231,-0.0882464349269867,0.10007109493017197,1.0544683933258057,-0.10510740429162979,0.013020867481827736,1.2757843732833862,-0.1386573314666748,-0.06876295804977417,0.573523759841919,-0.8321496844291687,0.15080316364765167,0.9953232407569885,-0.9616838693618774,0.03285890072584152,1.2049609422683716,-0.7602683901786804,-0.07337816059589386,1.2786394357681274,-0.5576590895652771,-0.1256715953350067,0.501476526260376,-0.8651528358459473,0.005637459922581911,1.0320279598236084,-0.9878308176994324,-0.08738762885332108,1.2399638891220093,-0.7510032653808594,-0.15250307321548462,1.2665162086486816,-0.5222761631011963,-0.18246914446353912,0.4868887662887573,-0.8138914108276367,-0.14647266268730164,1.0135661363601685,-0.9457469582557678,-0.22374992072582245,1.2168391942977905,-0.7222487330436707,-0.21968844532966614,1.246565341949463,-0.5003607869148254,-0.19630728662014008,0.529350996017456,-0.686286449432373,-0.2961120903491974,0.9497968554496765,-0.8250064849853516,-0.3336803913116455,1.1458985805511475,-0.7061594128608704,-0.29454687237739563,1.2124396562576294,-0.5512859225273132,-0.25077882409095764
0.0,0.0,0.0,0.4636555314064026,-0.022170716896653175,0.09774579107761383,0.812745988368988,-0.1077800765633583,0.06324997544288635,1.0891427993774414,-0.13005384802818298,-0.0329214408993721,1.3182291984558105,-0.13605369627475739,-0.12521784007549286,0.571074903011322,-0.8421239256858826,0.1275806874036789,0.9620101451873779,-1.032196283340454,0.005546850152313709,1.2210620641708374,-0.8610995411872864,-0.10648975521326065,1.355441689491272,-0.6642640829086304,-0.16518282890319824,0.5033872723579407,-0.8640301823616028,-0.007282598875463009,0.994479775428772,-1.0596847534179688,-0.11064284294843674,1.2705767154693604,-0.8640415072441101,-0.18868966400623322,1.371707797050476,-0.6346147656440735,-0.2263907641172409,0.4980179965496063,-0.8129954934120178,-0.1494576632976532,0.9837155938148499,-1.0146536827087402,-0.22597160935401917,1.2586495876312256,-0.8383935689926147,-0.23829616606235504,1.3645862340927124,-0.6239618062973022,-0.22755137085914612,0.5591104626655579,-0.6958432793617249,-0.29231107234954834,0.9556039571762085,-0.8798946738243103,-0.32265612483024597,1.1803220510482788,-0.7837256193161011,-0.2902817130088806,1.2848825454711914,-0.6273102164268494,-0.25317931175231934
0.0,0.0,0.0,0.49323785305023193,0.007828370667994022,0.12165676057338715,0.8133796453475952,-0.08213399350643158,0.11091608554124832,1.061399221420288,-0.09806893765926361,0.03611472621560097,1.2926703691482544,-0.08846884220838547,-0.03557959944009781,0.5510894656181335,-0.8433547616004944,0.187051460146904,0.9768745303153992,-0.9810259938240051,0.08508653938770294,1.2442989349365234,-0.8340543508529663,-0.026794902980327606,1.3875629901885986,-0.6356324553489685,-0.09128031879663467,0.5004257559776306,-0.8647128343582153,0.04296199977397919,1.0329152345657349,-1.0011507272720337,-0.05968479439616203,1.3111908435821533,-0.8128824234008789,-0.15446142852306366,1.4235187768936157,-0.5765249729156494,-0.20345023274421692,0.5167320370674133,-0.8018839955329895,-0.1068616434931755,1.0397932529449463,-0.9561730623245239,-0.17579732835292816,1.3159680366516113,-0.785153865814209,-0.20093534886837006,1.4282100200653076,-0.5730241537094116,-0.20160208642482758,0.5989874005317688,-0.6732473969459534,-0.256443589925766,1.00300133228302,-0.8200480937957764,-0.28047239780426025,1.224888801574707,-0.7473803758621216,-0.25758230686187744,1.3423757553100586,-0.6171535849571228,-0.23123744130134583
0.0,0.0,0.0,0.4681638777256012,0.02611936815083027,0.09089875966310501,0.7785220146179199,-0.053362052887678146,0.05711507424712181,1.0428065061569214,-0.061668943613767624,-0.038563359528779984,1.303149700164795,-0.06316329538822174,-0.1298653781414032,0.5547134280204773,-0.821594774723053,0.169065922498703,1.0131200551986694,-0.9324524998664856,0.06886381655931473,1.267849087715149,-0.7620809674263,-0.0377589613199234,1.3931187391281128,-0.5621015429496765,-0.09633109718561172,0.5049741864204407,-0.8622163534164429,0.0398004949092865,1.0595619678497314,-0.9791041016578674,-0.05203275382518768,1.3271751403808594,-0.7711904048919678,-0.13827179372310638,1.4250069856643677,-0.5339711308479309,-0.18146756291389465,0.5227128267288208,-0.8141563534736633,-0.09755364060401917,1.0698473453521729,-0.9505763053894043,-0.16519321501255035,1.3312643766403198,-0.7466427087783813,-0.1800280213356018,1.416601538658142,-0.5174315571784973,-0.16897498071193695,0.6056572794914246,-0.691653847694397,-0.23664934933185577,1.0463358163833618,-0.8305338025093079,-0.256317675113678,1.257965326309204,-0.7225122451782227,-0.21992257237434387,1.3429279327392578,-0.5652496814727783,-0.17986120283603668
0.0,0.0,0.0,0.4423539638519287,0.03804829344153404,0.11237979680299759,0.7432339787483215,-0.0389413945376873,0.09081912785768509,1.009884238243103,-0.042159926146268845,0.0038383384235203266,1.2751779556274414,-0.043421316891908646,-0.07986849546432495,0.5545545220375061,-0.8160659670829773,0.2028564065694809,1.022448182106018,-0.9197362661361694,0.12232963740825653,1.2685555219650269,-0.7408264875411987,0.0267520472407341,1.373974323272705,-0.5307590365409851,-0.02246152237057686,0.5133445262908936,-0.855259358882904,0.07077241688966751,1.0634832382202148,-0.9592010378837585,0.007411806378513575,1.3180603981018066,-0.7469364404678345,-0.06913407891988754,1.394334316253662,-0.5075691938400269,-0.10911212861537933,0.5356648564338684,-0.803205668926239,-0.06713923811912537,1.0822070837020874,-0.9269798994064331,-0.1111082136631012,1.3264166116714478,-0.7114548087120056,-0.11861294507980347,1.3828060626983643,-0.47812604904174805,-0.10534203052520752,0.61989825963974,-0.6762373447418213,-0.20439980924129486,1.0648846626281738,-0.820335328578949,-0.20607702434062958,1.2640743255615234,-0.7042445540428162,-0.1587752252817154,1.3259682655334473,-0.5412220358848572,-0.11156021803617477
0.0,0.0,0.0,0.4229707419872284,0.04995865002274513,0.0818495973944664,0.731088399887085,0.007695227861404419,0.02974928915500641,1.0112935304641724,0.02572980895638466,-0.08205625414848328,1.2829824686050415,0.024777038022875786,-0.18971557915210724,0.5751960277557373,-0.8024643659591675,0.14558331668376923,1.0493934154510498,-0.910805881023407,0.05702279135584831,1.3015272617340088,-0.7275307774543762,-0.03811630979180336,1.4111647605895996,-0.520298182964325,-0.08750796318054199,0.5291991829872131,-0.8482023477554321,0.02238093502819538,1.0955727100372314,-0.9606726765632629,-0.045272283256053925,1.3582254648208618,-0.7411668300628662,-0.11724334210157394,1.4360837936401367,-0.5022189617156982,-0.15579436719417572,0.5451750159263611,-0.8016533255577087,-0.1062164306640625,1.1102412939071655,-0.9259236454963684,-0.15132436156272888,1.3634436130523682,-0.703605055809021,-0.152074933052063,1.4204336404800415,-0.4689216613769531,-0.13759395480155945,0.6196722984313965,-0.6732528805732727,-0.23622921109199524,1.078624963760376,-0.8121891021728516,-0.23824462294578552,1.2762408256530762,-0.6833943724632263,-0.1847895085811615,1.3296561241149902,-0.5139039158821106,-0.13432924449443817
0.0,0.0,0.0,0.40165799856185913,0.089276023209095,-0.02220683917403221,0.736809253692627,0.07990887016057968,-0.1274857074022293,1.0394694805145264,0.10309500247240067,-0.26624974608421326,1.318886399269104,0.08193355053663254,-0.39272215962409973,0.6438863277435303,-0.7362478971481323,-0.006941972300410271,1.1449670791625977,-0.8424267172813416,-0.15208418667316437,1.391945481300354,-0.6384316682815552,-0.2741268277168274,1.4793827533721924,-0.4229859411716461,-0.3308284282684326,0.5797228217124939,-0.8108069896697998,-0.0807068720459938,1.1647236347198486,-0.890425443649292,-0.1959470510482788,1.4291751384735107,-0.6475387215614319,-0.2767137885093689,1.49513578414917,-0.3975726366043091,-0.3135267496109009,0.5696782469749451,-0.7895860075950623,-0.16582469642162323,1.1494650840759277,-0.86002516746521,-0.24618956446647644,1.3913891315460205,-0.6269603967666626,-0.2506510317325592,1.4390735626220703,-0.39249420166015625,-0.23212610185146332,0.6075760126113892,-0.683296799659729,-0.2593120336532593,1.0748409032821655,-0.7730174660682678,-0.2905678153038025,1.2815325260162354,-0.6431540250778198,-0.2501410245895386,1.3403223752975464,-0.48126310110092163,-0.20131252706050873
0.0,0.0,0.0,0.4383217990398407,0.12457890063524246,0.09844706952571869,0.793479323387146,0.17445038259029388,0.05699258670210838,1.0747300386428833,0.23289458453655243,-0.049547500908374786,1.3376612663269043,0.2136784940958023,-0.15386421978473663,0.7400886416435242,-0.655535101890564,0.1846337616443634,1.206769347190857,-0.7246971130371094,0.09293460845947266,1.4330894947052002,-0.5168088674545288,-0.010229143314063549,1.5285415649414062,-0.31617388129234314,-0.0680062472820282,0.6761612296104431,-0.7353392243385315,0.045631133019924164,1.234599232673645,-0.7838141918182373,-0.043799009174108505,1.4685362577438354,-0.5175266265869141,-0.14246733486652374,1.516727089881897,-0.2578544318675995,-0.19685989618301392,0.6476280689239502,-0.7228307127952576,-0.10134388506412506,1.1908339262008667,-0.7806204557418823,-0.17003075778484344,1.4251927137374878,-0.51972496509552,-0.20238249003887177,1.4718917608261108,-0.27162957191467285,-0.20732201635837555,0.664020299911499,-0.6196656823158264,-0.24734055995941162,1.1132230758666992,-0.7030640244483948,-0.28076088428497314,1.3369169235229492,-0.5514317750930786,-0.2637065052986145,1.42507004737854,-0.36961060762405396,-0.23827672004699707
0.0,0.0,0.0,0.4429643154144287,0.1413043886423111,0.16044601798057556,0.7832980751991272,0.17944155633449554,0.1704285740852356,1.038651704788208,0.2556273937225342,0.10338671505451202,1.2841439247131348,0.2680895924568176,0.032645173370838165,0.802459716796875,-0.5861099362373352,0.27421143651008606,1.219070315361023,-0.6551304459571838,0.20113807916641235,1.4293168783187866,-0.4413355588912964,0.09950732439756393,1.5152279138565063,-0.22843873500823975,0.037331681698560715,0.735329806804657,-0.6687015295028687,0.11012842506170273,1.2435261011123657,-0.7179386019706726,0.025603758171200752,1.4640964269638062,-0.44903525710105896,-0.0811922699213028,1.501853585243225,-0.19341908395290375,-0.14381128549575806,0.6875813007354736,-0.6824740767478943,-0.061497144401073456,1.199493646621704,-0.7371205687522888,-0.13019680976867676,1.4222257137298584,-0.46889349818229675,-0.18101757764816284,1.4597750902175903,-0.23098590970039368,-0.20231510698795319,0.6724926233291626,-0.6212813854217529,-0.22744311392307281,1.115144968032837,-0.6816143989562988,-0.27189838886260986,1.3122648000717163,-0.5091188549995422,-0.2716107964515686,1.3724862337112427,-0.3223535120487213,-0.2618257999420166
0.0,0.0,0.0,0.4701589345932007,0.14609284698963165,0.22335471212863922,0.7908126711845398,0.17118272185325623,0.2769508957862854,1.0256651639938354,0.24640722572803497,0.24008619785308838,1.2486432790756226,0.28518328070640564,0.1952618509531021,0.8030750751495361,-0.5489574074745178,0.38343772292137146,1.1978120803833008,-0.6015925407409668,0.34810149669647217,1.379101037979126,-0.3945525586605072,0.2643727660179138,1.4424654245376587,-0.19120925664901733,0.20949895679950714,0.744260311126709,-0.6386575102806091,0.195430725812912,1.2273507118225098,-0.6682693362236023,0.13933609426021576,1.414803147315979,-0.3982160687446594,0.03400623798370361,1.4274653196334839,-0.14216092228889465,-0.027364088222384453,0.7069464921951294,-0.6544750332832336,0.002619907958433032,1.186322808265686,-0.7021104097366333,-0.04126034304499626,1.3821865320205688,-0.4314228892326355,-0.0941055566072464,1.4103857278823853,-0.19678710401058197,-0.11860783398151398,0.7004947066307068,-0.5903106927871704,-0.18060357868671417,1.1112682819366455,-0.6568114757537842,-0.20829492807388306,1.2892799377441406,-0.47469088435173035,-0.20643173158168793,1.3435540199279785,-0.2787353992462158,-0.197103351354599
0.0,0.0,0.0,0.4630448818206787,0.1526069939136505,0.19774965941905975,0.7968822717666626,0.18672038614749908,0.24037691950798035,1.039993405342102,0.26178374886512756,0.19841431081295013,1.2659958600997925,0.2962726652622223,0.14900897443294525,0.8492045402526855,-0.5150565505027771,0.34148481488227844,1.2356935739517212,-0.5876789093017578,0.28921252489089966,1.406498670578003,-0.3804512619972229,0.1993352621793747,1.4580274820327759,-0.1788090169429779,0.1446692943572998,0.7791983485221863,-0.6043859124183655,0.16603492200374603,1.2509785890579224,-0.6596788167953491,0.09416881948709488,1.426712155342102,-0.39043256640434265,-0.010601219721138477,1.422621250152588,-0.1436832994222641,-0.06914537400007248,0.723014771938324,-0.6357677578926086,-0.016217365860939026,1.196576714515686,-0.7055296897888184,-0.07736320793628693,1.377477765083313,-0.433868408203125,-0.13091588020324707,1.3812099695205688,-0.2034248262643814,-0.15121696889400482,0.6911500096321106,-0.6000511050224304,-0.18983514606952667,1.1115705966949463,-0.6789907813072205,-0.2325635552406311,1.2857636213302612,-0.4959884583950043,-0.23518124222755432,1.3231620788574219,-0.30430346727371216,-0.22577273845672607
0.0,0.0,0.0,0.4457521140575409,0.15259625017642975,0.10329947620630264,0.7819550633430481,0.2050454467535019,0.09423825889825821,1.0295294523239136,0.2889968454837799,0.01493983156979084,1.2750827074050903,0.31838423013687134,-0.06981847435235977,0.9064885377883911,-0.4479535222053528,0.2544693350791931,1.2778798341751099,-0.5670633316040039,0.16743174195289612,1.4312629699707031,-0.37134283781051636,0.050308626145124435,1.468056321144104,-0.17466387152671814,-0.020143697038292885,0.8342342972755432,-0.5391898155212402,0.1154448539018631,1.2768540382385254,-0.6502243280410767,0.01653851568698883,1.4373406171798706,-0.40208563208580017,-0.11564142256975174,1.4235963821411133,-0.16887974739074707,-0.19290266931056976,0.7522901892662048,-0.6035857200622559,-0.03776811435818672,1.1841129064559937,-0.7084964513778687,-0.12110520154237747,1.340043544769287,-0.44570738077163696,-0.19424495100975037,1.3203095197677612,-0.2164679914712906,-0.22525735199451447,0.6737838387489319,-0.6188557147979736,-0.1899561583995819,1.070048451423645,-0.7016692757606506,-0.24610142409801483,1.2322179079055786,-0.5163484215736389,-0.2588735818862915,1.2526682615280151,-0.31829431653022766,-0.2550444006919861
0.0,0.0,0.0,0.43384048342704773,0.15533745288848877,0.03940470516681671,0.7823787331581116,0.217522531747818,-0.007561243139207363,1.030426263809204,0.30132535099983215,-0.10905040055513382,1.2788640260696411,0.34134984016418457,-0.21221095323562622,0.9328383803367615,-0.43584853410720825,0.14570902287960052,1.3040152788162231,-0.5584743022918701,0.023168109357357025,1.4439623355865479,-0.3503968417644501,-0.10889971256256104,1.4722248315811157,-0.1457834541797638,-0.18559417128562927,0.8456482291221619,-0.5326883792877197,0.03349975496530533,1.2813403606414795,-0.6413871049880981,-0.09741692990064621,1.4313501119613647,-0.3782842755317688,-0.23298463225364685,1.4195961952209473,-0.13921119272708893,-0.30858564376831055,0.7498350143432617,-0.5983719229698181,-0.09504972398281097,1.17576265335083,-0.7043288350105286,-0.20179586112499237,1.3345941305160522,-0.43649277091026306,-0.27367568016052246,1.3293323516845703,-0.20162145793437958,-0.30051693320274353,0.6520365476608276,-0.6141740679740906,-0.22712956368923187,1.0359829664230347,-0.692108690738678,-0.300070583820343,1.2040202617645264,-0.5152459144592285,-0.31826624274253845,1.2395856380462646,-0.32811325788497925,-0.31554946303367615
0.0,0.0,0.0,0.4467542767524719,0.14741411805152893,0.014679624699056149,0.7975924611091614,0.23170621693134308,-0.04404422268271446,1.0543640851974487,0.32177653908729553,-0.15356147289276123,1.3082679510116577,0.3398646116256714,-0.26320135593414307,0.9405300617218018,-0.41391852498054504,0.12689845263957977,1.3164987564086914,-0.5733022689819336,-0.012168237008154392,1.4554797410964966,-0.36530303955078125,-0.1558283418416977,1.4768640995025635,-0.15921947360038757,-0.23819708824157715,0.8551625609397888,-0.5177401900291443,0.02534041740000248,1.285402536392212,-0.6607656478881836,-0.12080536782741547,1.4326459169387817,-0.3933251202106476,-0.2682648003101349,1.4236888885498047,-0.1522623896598816,-0.35036274790763855,0.7549480199813843,-0.5965805649757385,-0.09572400897741318,1.1768710613250732,-0.7288950085639954,-0.2147318720817566,1.3454593420028687,-0.4584524631500244,-0.2948938310146332,1.3479193449020386,-0.2144223302602768,-0.32662636041641235,0.6420926451683044,-0.6279529929161072,-0.22235147655010223,1.0182298421859741,-0.7005788683891296,-0.30840790271759033,1.1778117418289185,-0.5074265599250793,-0.33424845337867737,1.20079505443573,-0.30572962760925293,-0.3352944850921631
0.0,0.0,0.0,0.43243688344955444,0.1340498924255371,-0.023740189149975777,0.7849159836769104,0.22446534037590027,-0.10030737519264221,1.0413893461227417,0.3053570091724396,-0.21717654168605804,1.2959845066070557,0.3250122368335724,-0.3328372836112976,0.947531521320343,-0.4007852375507355,0.07358148694038391,1.3104575872421265,-0.5537595152854919,-0.07116902619600296,1.4396874904632568,-0.35347360372543335,-0.21206094324588776,1.4608542919158936,-0.15715821087360382,-0.29435673356056213,0.8639645576477051,-0.5034698247909546,-0.009134767577052116,1.2847836017608643,-0.6619564294815063,-0.1655810922384262,1.4137353897094727,-0.40044042468070984,-0.3131095767021179,1.3910983800888062,-0.16584035754203796,-0.3944447934627533,0.7568999528884888,-0.5894752144813538,-0.11162029951810837,1.1618958711624146,-0.7469576001167297,-0.2419068068265915,1.3094664812088013,-0.4796426296234131,-0.3215036690235138,1.2973119020462036,-0.23611198365688324,-0.3522363603115082,0.6227664351463318,-0.6379671096801758,-0.22148805856704712,0.9654161334037781,-0.714942216873169,-0.32013633847236633,1.1131848096847534,-0.5305173397064209,-0.351895809173584,1.1330151557922363,-0.3380616307258606,-0.35620835423469543
0.0,0.0,0.0,0.4207080900669098,0.14086833596229553,-0.03082667477428913,0.7758788466453552,0.23061609268188477,-0.1115729957818985,1.0358108282089233,0.3139861524105072,-0.23006045818328857,1.2917836904525757,0.32977980375289917,-0.3475828170776367,0.9496167898178101,-0.39691421389579773,0.04903937876224518,1.3192659616470337,-0.5498060584068298,-0.10136546939611435,1.4486867189407349,-0.3429200351238251,-0.24299205839633942,1.4683917760849,-0.14520852267742157,-0.3251102566719055,0.8662212491035461,-0.49872004985809326,-0.030642850324511528,1.2957510948181152,-0.654951274394989,-0.1909509003162384,1.4221055507659912,-0.3846442699432373,-0.3358491361141205,1.3982216119766235,-0.15186642110347748,-0.4156380891799927,0.7598558664321899,-0.5856038331985474,-0.1293971836566925,1.172472357749939,-0.7386090755462646,-0.26384201645851135,1.3174536228179932,-0.4652249813079834,-0.3406425416469574,1.3034664392471313,-0.22421172261238098,-0.3695095479488373,0.6247451305389404,-0.6359446048736572,-0.2356116771697998,0.9714252948760986,-0.7113165259361267,-0.33950918912887573,1.118230938911438,-0.5228116512298584,-0.3711165487766266,1.1354498863220215,-0.3316709101200104,-0.37495794892311096
0.0,0.0,0.0,0.4381831884384155,0.10096089541912079,0.08973414450883865,0.7757534384727478,0.11961278319358826,0.04091566801071167,1.0636805295944214,0.1912909895181656,-0.06890702247619629,1.3019013404846191,0.18517161905765533,-0.17573310434818268,0.6927643418312073,-0.7166043519973755,0.14247344434261322,1.1959209442138672,-0.7356347441673279,0.03554169088602066,1.4341274499893188,-0.5149922370910645,-0.07716405391693115,1.5369303226470947,-0.30279064178466797,-0.13990317285060883,0.6364116668701172,-0.7713220119476318,0.006519264541566372,1.2352244853973389,-0.784633994102478,-0.0993589460849762,1.4688141345977783,-0.5103737115859985,-0.1965026557445526,1.5124614238739014,-0.24128901958465576,-0.24517828226089478,0.6306291222572327,-0.7312469482421875,-0.13522642850875854,1.2064523696899414,-0.7609572410583496,-0.20499880611896515,1.4456199407577515,-0.5078981518745422,-0.2304338812828064,1.4953538179397583,-0.27105391025543213,-0.23001734912395477,0.675967276096344,-0.6064949035644531,-0.27730584144592285,1.149165391921997,-0.6646026372909546,-0.3010253608226776,1.3573507070541382,-0.5219723582267761,-0.27083683013916016,1.4276033639907837,-0.3606497347354889,-0.23655062913894653
0.0,0.0,0.0,0.38268589973449707,0.040334463119506836,0.05720220506191254,0.6444577574729919,-0.025653567165136337,0.0004956762422807515,0.8907487988471985,-0.019938122481107712,-0.11113476008176804,1.1330705881118774,0.017525257542729378,-0.21654126048088074,0.5022752285003662,-0.8476554155349731,0.1097099557518959,1.0204468965530396,-0.8894447088241577,-0.007118929643183947,1.2677924633026123,-0.6857686638832092,-0.12630726397037506,1.3699555397033691,-0.4623437523841858,-0.18979685008525848,0.4938100278377533,-0.8695692420005798,-0.0009829504415392876,1.0790539979934692,-0.9247028827667236,-0.09378676861524582,1.3162175416946411,-0.6855038404464722,-0.183033749461174,1.3865814208984375,-0.429396390914917,-0.23147740960121155,0.5506157279014587,-0.799272358417511,-0.11871345341205597,1.1231365203857422,-0.8673810958862305,-0.176007479429245,1.3452305793762207,-0.6368993520736694,-0.19062910974025726,1.3872871398925781,-0.40156784653663635,-0.18439573049545288,0.6632857918739319,-0.6488653421401978,-0.2403268814086914,1.1212940216064453,-0.7482696771621704,-0.24052223563194275,1.2968274354934692,-0.6134963631629944,-0.1946166753768921,1.341194748878479,-0.4466235637664795,-0.15222519636154175
0.0,0.0,0.0,0.37012580037117004,0.035615477710962296,0.02951052412390709,0.6307608485221863,-0.03418906033039093,-0.044915322214365005,0.8718897700309753,-0.041292935609817505,-0.1673387736082077,1.1229153871536255,-0.024236313998699188,-0.28041136264801025,0.4934399425983429,-0.8501867055892944,0.04876048490405083,1.0339009761810303,-0.9154629707336426,-0.08493847399950027,1.2703847885131836,-0.7014849185943604,-0.20267102122306824,1.3365492820739746,-0.4711083173751831,-0.2566550076007843,0.47977086901664734,-0.8762474656105042,-0.04483469948172569,1.0822590589523315,-0.9384570717811584,-0.13769444823265076,1.3120814561843872,-0.6998654007911682,-0.21143244206905365,1.3521842956542969,-0.4599367678165436,-0.24904099106788635,0.5304633378982544,-0.8095499277114868,-0.14640693366527557,1.1311389207839966,-0.8963211178779602,-0.21154604852199554,1.3433287143707275,-0.6604573130607605,-0.21201744675636292,1.3558177947998047,-0.4273945391178131,-0.19271217286586761,0.6321608424186707,-0.6608366370201111,-0.2524321675300598,1.1205055713653564,-0.7949851155281067,-0.2655177414417267,1.2958588600158691,-0.6403314471244812,-0.21459652483463287,1.3179203271865845,-0.4513712227344513,-0.16302059590816498
0.0,0.0,0.0,0.3568043112754822,0.05073776841163635,0.005579774267971516,0.6401045918464661,-0.007195737678557634,-0.07288909703493118,0.8896671533584595,-0.016910601407289505,-0.18925707042217255,1.1445887088775635,-0.00669438298791647,-0.2959505021572113,0.5363770127296448,-0.8048170804977417,0.01990574598312378,1.059497356414795,-0.8571085333824158,-0.10702766478061676,1.2924431562423706,-0.6672727465629578,-0.21501915156841278,1.3696726560592651,-0.4603636562824249,-0.26458805799484253,0.5189105272293091,-0.8527939319610596,-0.05894317477941513,1.1057182550430298,-0.9047356843948364,-0.1531771421432495,1.3336488008499146,-0.6760057806968689,-0.21850059926509857,1.385049819946289,-0.44337254762649536,-0.24710680544376373,0.558718204498291,-0.8030470013618469,-0.14609289169311523,1.1428128480911255,-0.862838089466095,-0.21809042990207672,1.3472540378570557,-0.6399022936820984,-0.21760277450084686,1.3703430891036987,-0.41992515325546265,-0.19485722482204437,0.6440839171409607,-0.670637845993042,-0.23863515257835388,1.109751582145691,-0.7742180228233337,-0.2626289427280426,1.2847763299942017,-0.6347762942314148,-0.21637925505638123,1.317418098449707,-0.46382394433021545,-0.16432708501815796
0.0,0.0,0.0,0.3776976466178894,0.030186759307980537,0.10750091820955276,0.6579080820083618,-0.04303835332393646,0.07383336126804352,0.9387357234954834,-0.04262145608663559,-0.026671918109059334,1.1899847984313965,-0.029078759253025055,-0.12476515769958496,0.47910284996032715,-0.846306324005127,0.15038974583148956,1.021870493888855,-0.9399977922439575,0.055955395102500916,1.2909541130065918,-0.7442390322685242,-0.03630669042468071,1.3887215852737427,-0.5193930864334106,-0.07809187471866608,0.4747623801231384,-0.8799313902854919,0.01793050393462181,1.089496374130249,-0.9853450059890747,-0.04833938926458359,1.3487828969955444,-0.744548499584198,-0.11065706610679626,1.4084171056747437,-0.48627904057502747,-0.13966712355613708,0.5346579551696777,-0.818381130695343,-0.11713217943906784,1.1349518299102783,-0.9396060705184937,-0.16091300547122955,1.3795241117477417,-0.699107825756073,-0.15142492949962616,1.415350079536438,-0.45352062582969666,-0.1271241158246994,0.651251494884491,-0.6751493811607361,-0.25134503841400146,1.1344631910324097,-0.8249562382698059,-0.2515909671783447,1.3260667324066162,-0.6803117990493774,-0.19022955000400543,1.364340901374817,-0.4930192232131958,-0.131819486618042
0.0,0.0,0.0,0.4228791892528534,0.022130556404590607,0.07358687371015549,0.6876585483551025,-0.07673896849155426,0.032850854098796844,0.9345870614051819,-0.09596311300992966,-0.06592658907175064,1.1826720237731934,-0.09657684713602066,-0.16064368188381195,0.47454461455345154,-0.8635764122009277,0.12889547646045685,0.9829328656196594,-0.9549381732940674,0.024237889796495438,1.2500271797180176,-0.7709413170814514,-0.08301516622304916,1.3585734367370605,-0.5581769347190857,-0.13829189538955688,0.45772284269332886,-0.8889895677566528,0.013686556369066238,1.0307456254959106,-0.9988903403282166,-0.0662408396601677,1.2949994802474976,-0.7725929617881775,-0.1455218642950058,1.380071759223938,-0.5294958353042603,-0.18754403293132782,0.5103610157966614,-0.8245605826377869,-0.1075596734881401,1.0681586265563965,-0.9537107348442078,-0.16480368375778198,1.3224960565567017,-0.7325136065483093,-0.1738913208246231,1.3801730871200562,-0.5005311965942383,-0.1624065637588501,0.6220785975456238,-0.6800833344459534,-0.23048865795135498,1.0677293539047241,-0.8429659008979797,-0.2415996789932251,1.2644927501678467,-0.712867021560669,-0.19580897688865662,1.3198528289794922,-0.5380710959434509,-0.150345578789711
0.0,0.0,0.0,0.4171423614025116,0.029672404751181602,0.05431423336267471,0.7318932414054871,-0.04784750938415527,-0.0038249148055911064,1.0013543367385864,-0.05856073647737503,-0.10731665045022964,1.2453432083129883,-0.0653868019580841,-0.20379066467285156,0.5405886769294739,-0.8326424360275269,0.04487524926662445,1.0536620616912842,-0.9492756724357605,-0.07608363032341003,1.3095680475234985,-0.7453702688217163,-0.18363843858242035,1.4247297048568726,-0.5369091629981995,-0.240095317363739,0.48441019654273987,-0.8723717927932739,-0.0656827911734581,1.0878283977508545,-0.9955763816833496,-0.16549719870090485,1.3579621315002441,-0.7475624084472656,-0.2399102747440338,1.4423999786376953,-0.49989449977874756,-0.27990245819091797,0.4973260164260864,-0.8211410045623779,-0.17964553833007812,1.081851840019226,-0.9552710652351379,-0.2569330334663391,1.3294481039047241,-0.7119207382202148,-0.26651903986930847,1.3903251886367798,-0.4733426868915558,-0.25769707560539246,0.574368417263031,-0.698584258556366,-0.2944481372833252,1.0135738849639893,-0.8373336791992188,-0.33266645669937134,1.1987086534500122,-0.6971107125282288,-0.3006996214389801,1.2556880712509155,-0.5311015844345093,-0.26442211866378784
0.0,0.0,0.0,0.42907148599624634,0.022095343098044395,0.07371688634157181,0.773012638092041,-0.03243818134069443,0.03958987444639206,1.0443121194839478,-0.05413853004574776,-0.04436087608337402,1.2910417318344116,-0.07505127787590027,-0.12032601982355118,0.5854634046554565,-0.7702999114990234,0.1338719129562378,1.0588109493255615,-0.8854728937149048,0.034120019525289536,1.3022189140319824,-0.6923813819885254,-0.07078159600496292,1.3978791236877441,-0.4978858530521393,-0.1267869621515274,0.5223965048789978,-0.8522640466690063,0.027345934882760048,1.0737744569778442,-0.9660660624504089,-0.04673479124903679,1.3327442407608032,-0.7416993379592896,-0.11853267252445221,1.4026776552200317,-0.5206705331802368,-0.16187246143817902,0.5130020380020142,-0.8523501753807068,-0.08813536167144775,1.0531865358352661,-0.9880673885345459,-0.1518888771533966,1.3110510110855103,-0.7824445366859436,-0.17144696414470673,1.382449984550476,-0.5630823373794556,-0.17229975759983063,0.5477362275123596,-0.7859458327293396,-0.20340901613235474,0.9943568110466003,-0.9180892705917358,-0.23678509891033173,1.2225489616394043,-0.7918342351913452,-0.21380259096622467,1.3114163875579834,-0.629807710647583,-0.18595583736896515
0.0,0.0,0.0,0.39141491055488586,0.07461635023355484,-0.04055555537343025,0.7612628936767578,0.048933111131191254,-0.11784171313047409,1.0841296911239624,0.029213063418865204,-0.22768090665340424,1.370572566986084,-0.017004840075969696,-0.3195883333683014,0.5808877944946289,-0.7620463371276855,0.08508776128292084,1.0445321798324585,-0.9902632236480713,-0.05371135473251343,1.2898471355438232,-0.7852306962013245,-0.182774156332016,1.3378723859786987,-0.5567260384559631,-0.23911920189857483,0.5126562118530273,-0.8580485582351685,0.030598925426602364,1.0593146085739136,-1.064552664756775,-0.07752282917499542,1.3069846630096436,-0.8413717150688171,-0.16745930910110474,1.339766502380371,-0.6132658123970032,-0.2112549990415573,0.4870978891849518,-0.8867427706718445,-0.04982240870594978,1.0358777046203613,-1.0692613124847412,-0.15746477246284485,1.2783699035644531,-0.8529351353645325,-0.20267203450202942,1.316669225692749,-0.6300904154777527,-0.20532040297985077,0.50154709815979,-0.853654146194458,-0.13758781552314758,0.9562823176383972,-1.013000249862671,-0.21636837720870972,1.1870335340499878,-0.8694940209388733,-0.22140458226203918,1.2676461935043335,-0.6867728233337402,-0.20212820172309875
0.0,0.0,0.0,0.39729273319244385,0.048543620854616165,0.01829548552632332,0.7510464191436768,0.02284184843301773,-0.03587564453482628,1.0484338998794556,0.005568729713559151,-0.13974790275096893,1.2831919193267822,-0.0864437073469162,-0.24032536149024963,0.6597540974617004,-0.723319411277771,0.1361425668001175,1.0831133127212524,-0.9104446768760681,0.015952788293361664,1.3460540771484375,-0.7605574131011963,-0.10420995205640793,1.4647765159606934,-0.5796517729759216,-0.16535742580890656,0.5909377932548523,-0.8055855631828308,0.04271218553185463,1.0816017389297485,-1.0269137620925903,-0.0672035738825798,1.358960509300232,-0.8344181180000305,-0.17038261890411377,1.4466251134872437,-0.6071610450744629,-0.2232164740562439,0.5362949967384338,-0.8360691070556641,-0.06949424743652344,1.0201399326324463,-1.0572173595428467,-0.1683489829301834,1.2895805835723877,-0.8444314002990723,-0.21783889830112457,1.3639283180236816,-0.6119239330291748,-0.22572378814220428,0.5080980658531189,-0.8127468824386597,-0.1864255964756012,0.9333008527755737,-1.0144320726394653,-0.2546297311782837,1.180962324142456,-0.8709696531295776,-0.257091224193573,1.2804086208343506,-0.6740888953208923,-0.2381582111120224
0.0,0.0,0.0,0.40888887643814087,0.09216167032718658,-0.035147491842508316,0.7875769138336182,0.08264359086751938,-0.08515460044145584,1.1066415309906006,0.05664803087711334,-0.17566439509391785,1.36589515209198,3.888082574121654e-05,-0.2554389536380768,0.7179962396621704,-0.6300150752067566,0.2029348611831665,1.1179797649383545,-0.7341536283493042,0.10079637914896011,1.3449394702911377,-0.5919533967971802,-0.02897755429148674,1.4302737712860107,-0.43051621317863464,-0.10086409747600555,0.6590459942817688,-0.7386243939399719,0.14174751937389374,1.1210566759109497,-0.9340053200721741,0.033848948776721954,1.3929753303527832,-0.7768426537513733,-0.09657151997089386,1.5011072158813477,-0.5704477429389954,-0.16756503283977509,0.6125311851501465,-0.8042086362838745,0.04963022843003273,1.0650811195373535,-1.0485268831253052,-0.06023196876049042,1.3550900220870972,-0.8662834167480469,-0.14815372228622437,1.4655951261520386,-0.6372019052505493,-0.17847074568271637,0.5938023328781128,-0.8237401247024536,-0.05167510360479355,1.008629322052002,-1.035017490386963,-0.1286775916814804,1.2566810846328735,-0.8980131149291992,-0.1526401937007904,1.3753330707550049,-0.6927434206008911,-0.14973661303520203
0.0,0.0,0.0,0.39465415477752686,0.08758018910884857,0.01160665787756443,0.7597802877426147,0.051034774631261826,-0.007088017649948597,1.0751936435699463,0.04380343481898308,-0.07347186654806137,1.3075324296951294,-0.034403007477521896,-0.12357065081596375,0.7289599776268005,-0.6142743229866028,0.23679928481578827,1.0800827741622925,-0.660783588886261,0.11431199312210083,1.1941910982131958,-0.4501466453075409,-0.022775068879127502,1.1459522247314453,-0.2541850507259369,-0.08565481752157211,0.6801534295082092,-0.7162624597549438,0.15607507526874542,1.07999849319458,-0.9033491611480713,0.03987342491745949,1.2950541973114014,-0.7347886562347412,-0.0878160297870636,1.3337880373001099,-0.5253932476043701,-0.1470385491847992,0.6346616744995117,-0.7851606011390686,0.04265609011054039,1.0258796215057373,-1.0249240398406982,-0.06377548724412918,1.3039941787719727,-0.8601024150848389,-0.16062775254249573,1.395517110824585,-0.6370275020599365,-0.19220197200775146,0.6076286435127258,-0.8144233822822571,-0.07663538306951523,0.965746283531189,-1.0098552703857422,-0.14812619984149933,1.2057491540908813,-0.9011915922164917,-0.18299448490142822,1.3279478549957275,-0.7170702815055847,-0.18720604479312897
0.0,0.0,0.0,0.3998882472515106,0.09505531936883926,-0.011828256770968437,0.7831506133079529,0.07768529653549194,-0.04968789219856262,1.1046696901321411,0.05483333766460419,-0.13231858611106873,1.41339910030365,0.003566864412277937,-0.20706070959568024,0.6827901005744934,-0.6469020843505859,0.2943573296070099,1.0206916332244873,-0.7734153270721436,0.2648468017578125,1.2583339214324951,-0.6971936821937561,0.1771901696920395,1.3932794332504272,-0.5871844291687012,0.12246474623680115,0.6313543915748596,-0.7398699522018433,0.23234470188617706,1.0229911804199219,-0.9470780491828918,0.18980209529399872,1.288216471672058,-0.8166843056678772,0.08500385284423828,1.4119982719421387,-0.62237948179245,0.025452379137277603,0.5861697793006897,-0.8046677708625793,0.141083762049675,0.9896267056465149,-1.0446587800979614,0.09973607212305069,1.269536018371582,-0.891377866268158,0.02609742246568203,1.3872020244598389,-0.6764575839042664,-0.007952329702675343,0.5666975975036621,-0.8377991914749146,0.03908978030085564,0.9438344240188599,-1.0367145538330078,0.01822555623948574,1.190028429031372,-0.9337874054908752,0.005961079616099596,1.3196632862091064,-0.7614706158638,0.007192050572484732
0.0,0.0,0.0,0.39800766110420227,0.10438092052936554,-0.02170288749039173,0.777694582939148,0.09137660264968872,-0.06344789266586304,1.1133511066436768,0.07616594433784485,-0.14761283993721008,1.4213557243347168,0.0188224408775568,-0.22413603961467743,0.6876449584960938,-0.6444716453552246,0.2577678859233856,1.0425078868865967,-0.7787032723426819,0.2132706195116043,1.2885643243789673,-0.7101033329963684,0.12107985466718674,1.4284627437591553,-0.6030887961387634,0.06569355726242065,0.6301612854003906,-0.7507618069648743,0.19812476634979248,1.0451072454452515,-0.9691764116287231,0.13683415949344635,1.318548321723938,-0.8394242525100708,0.029363779351115227,1.4442354440689087,-0.6404591202735901,-0.028484104201197624,0.5806713104248047,-0.8176565766334534,0.10953155159950256,1.0046679973602295,-1.063690423965454,0.048743028193712234,1.2918347120285034,-0.9097344279289246,-0.027318216860294342,1.409820795059204,-0.6905305981636047,-0.05855986103415489,0.5578869581222534,-0.8480142951011658,0.01054302416741848,0.952579140663147,-1.0547791719436646,-0.030215183272957802,1.2064744234085083,-0.9564999341964722,-0.04943559691309929,1.3405481576919556,-0.7834128141403198,-0.049164582043886185
0.0,0.0,0.0,0.39404845237731934,0.11554867774248123,0.01363288052380085,0.7765028476715088,0.10576851665973663,0.00040082805207930505,1.0906356573104858,0.09368578344583511,-0.06153909116983414,1.3808064460754395,0.026905477046966553,-0.11617282778024673,0.7002674341201782,-0.620297372341156,0.32123902440071106,1.0333281755447388,-0.7476398944854736,0.30145037174224854,1.2743878364562988,-0.6773216724395752,0.2193916290998459,1.4089316129684448,-0.5693310499191284,0.16688595712184906,0.6467474102973938,-0.7217665314674377,0.246517613530159,1.041691541671753,-0.9409359693527222,0.20885980129241943,1.310246229171753,-0.8195242285728455,0.10328014940023422,1.4288843870162964,-0.6218798756599426,0.04136158525943756,0.599369466304779,-0.789069652557373,0.14376424252986908,1.0084584951400757,-1.0348840951919556,0.0996953547000885,1.2879549264907837,-0.8804367184638977,0.023220626637339592,1.395861029624939,-0.6585834622383118,-0.01296408474445343,0.5770907402038574,-0.8185082674026489,0.03257681801915169,0.9608973264694214,-1.018092393875122,0.00026979020913131535,1.2103928327560425,-0.9150036573410034,-0.01915631629526615,1.3383891582489014,-0.7333428263664246,-0.022083155810832977
0.0,0.0,0.0,0.41306909918785095,0.11937928944826126,0.0056505873799324036,0.7901580333709717,0.12520022690296173,-0.01204285491257906,1.1132744550704956,0.1423102617263794,-0.08106504380702972,1.4093841314315796,0.08857697993516922,-0.14578402042388916,0.7675439119338989,-0.5550432801246643,0.3220907151699066,1.070807695388794,-0.7012699842453003,0.2835950553417206,1.2978334426879883,-0.6299636363983154,0.1845126748085022,1.426324486732483,-0.509096086025238,0.11927574872970581,0.7123145461082458,-0.6593632102012634,0.24051648378372192,1.0745726823806763,-0.8886004686355591,0.17816051840782166,1.3256276845932007,-0.7636603116989136,0.04786817356944084,1.4263310432434082,-0.5527865290641785,-0.029709260910749435,0.6497251987457275,-0.7452911734580994,0.12830664217472076,1.0277032852172852,-0.9837685823440552,0.06832633167505264,1.289703130722046,-0.8226566910743713,-0.019262496381998062,1.3843357563018799,-0.5917845964431763,-0.06238328292965889,0.5960136651992798,-0.7972266674041748,0.005845124367624521,0.9534891843795776,-0.9837931990623474,-0.03895982727408409,1.189211130142212,-0.8757736682891846,-0.06629674136638641,1.3080207109451294,-0.6894551515579224,-0.07467136532068253
0.0,0.0,0.0,0.37735384702682495,0.14223147928714752,0.007078413851559162,0.7472765445709229,0.17624294757843018,-0.007538359146565199,1.0379241704940796,0.2126765102148056,-0.06489332765340805,1.2857110500335693,0.15910133719444275,-0.11825656145811081,0.8564991354942322,-0.48204758763313293,0.23216409981250763,1.1625304222106934,-0.6693558096885681,0.17705222964286804,1.3337901830673218,-0.56211918592453,0.08385763317346573,1.3730882406234741,-0.4127769470214844,0.03181147947907448,0.7996354103088379,-0.5796787142753601,0.1567031890153885,1.1636422872543335,-0.794433057308197,0.10583215951919556,1.344059944152832,-0.6450232267379761,0.005614524241536856,1.3462222814559937,-0.4562716782093048,-0.05156489461660385,0.7251206040382385,-0.667435348033905,0.056112658232450485,1.0850098133087158,-0.8904550075531006,0.010028510354459286,1.2772451639175415,-0.728700578212738,-0.04454585909843445,1.2905384302139282,-0.5344641804695129,-0.06778606027364731,0.6355130076408386,-0.7281369566917419,-0.05360467731952667,0.953816831111908,-0.9191720485687256,-0.09356412291526794,1.136735200881958,-0.8146144151687622,-0.10181151330471039,1.1896905899047852,-0.6496557593345642,-0.09405778348445892
0.0,0.0,0.0,0.33369114995002747,0.13099581003189087,-0.08570709824562073,0.7372375726699829,0.16523627936840057,-0.14549188315868378,1.0387665033340454,0.17446191608905792,-0.2250959426164627,1.279179334640503,0.10452710837125778,-0.2949729263782501,0.884558916091919,-0.4658304452896118,0.06316673010587692,1.2256507873535156,-0.6847321391105652,-0.05221026390790939,1.385931372642517,-0.5648645758628845,-0.1699475198984146,1.3967763185501099,-0.4036657214164734,-0.22775301337242126,0.8143733739852905,-0.5794699788093567,0.031789060682058334,1.1908718347549438,-0.8412267565727234,-0.06822407245635986,1.3579760789871216,-0.6894545555114746,-0.17360416054725647,1.3240054845809937,-0.4896624982357025,-0.22385923564434052,0.7123801112174988,-0.6779488325119019,-0.02551150880753994,1.060072660446167,-0.9568453431129456,-0.11255586892366409,1.21916663646698,-0.8037734031677246,-0.15905369818210602,1.1878665685653687,-0.6090142130851746,-0.1662023961544037,0.5812555551528931,-0.753621518611908,-0.09658965468406677,0.8800551891326904,-0.9373844861984253,-0.17334674298763275,1.0300408601760864,-0.8397842645645142,-0.18669001758098602,1.0384513139724731,-0.6888671517372131,-0.17171119153499603
0.0,0.0,0.0,0.35772186517715454,0.13090689480304718,-0.08757802098989487,0.7560573816299438,0.17926114797592163,-0.15554983913898468,1.0552258491516113,0.2039203941822052,-0.24380436539649963,1.2965062856674194,0.13020458817481995,-0.32199347019195557,0.9047988653182983,-0.44393348693847656,0.039644062519073486,1.2468664646148682,-0.673569917678833,-0.08756722509860992,1.3983834981918335,-0.531532883644104,-0.21395282447338104,1.4090301990509033,-0.356731653213501,-0.2789651155471802,0.8318650126457214,-0.5549534559249878,0.005224996246397495,1.2114065885543823,-0.822197675704956,-0.11279474198818207,1.3766571283340454,-0.652339518070221,-0.2311418503522873,1.3448150157928467,-0.44119784235954285,-0.29044708609580994,0.7267196178436279,-0.6527329683303833,-0.05370776727795601,1.072901964187622,-0.9426718950271606,-0.15260668098926544,1.2289416790008545,-0.7727488279342651,-0.2096593827009201,1.1955310106277466,-0.5634948015213013,-0.22436901926994324,0.594420850276947,-0.7252737283706665,-0.1264498382806778,0.89280766248703,-0.9001084566116333,-0.21307997405529022,1.0445666313171387,-0.7898789048194885,-0.237333282828331,1.0542709827423096,-0.624483048915863,-0.23101024329662323
0.0,0.0,0.0,0.3676206171512604,0.12276086956262589,-0.06926632672548294,0.7599864602088928,0.15155963599681854,-0.13044695556163788,1.0652018785476685,0.1591903567314148,-0.21662333607673645,1.3029494285583496,0.09071855247020721,-0.2932582199573517,0.8957991600036621,-0.4636048376560211,0.06123235076665878,1.2294255495071411,-0.6972866058349609,-0.06008373945951462,1.382643699645996,-0.5473025441169739,-0.18058978021144867,1.4017668962478638,-0.36716222763061523,-0.24364618957042694,0.8202692866325378,-0.5716913938522339,0.018091799691319466,1.1896439790725708,-0.8418675661087036,-0.09748069196939468,1.354946494102478,-0.6597186923027039,-0.20754732191562653,1.33768892288208,-0.44478824734687805,-0.2622602880001068,0.7156108021736145,-0.6691095232963562,-0.04928215220570564,1.061944603919983,-0.9640660881996155,-0.14598065614700317,1.215600609779358,-0.7833542227745056,-0.19385887682437897,1.190659523010254,-0.5680142045021057,-0.20356296002864838,0.5859878063201904,-0.7423838973045349,-0.13001424074172974,0.8792381882667542,-0.9184749722480774,-0.21218790113925934,1.031267523765564,-0.8041932582855225,-0.2306443750858307,1.046172022819519,-0.6337217092514038,-0.22183923423290253
0.0,0.0,0.0,0.3811650574207306,0.10762277245521545,-0.0021432170178741217,0.7727301716804504,0.09638667851686478,-0.02144593372941017,1.1136608123779297,0.08023221045732498,-0.08284934610128403,1.3987321853637695,0.01343904621899128,-0.13418346643447876,0.6903975009918213,-0.6409423351287842,0.27153897285461426,1.0699653625488281,-0.8076580762863159,0.22756247222423553,1.3123366832733154,-0.6862223744392395,0.13326862454414368,1.4232810735702515,-0.5359815359115601,0.07795878499746323,0.6433510780334473,-0.7352462410926819,0.21333624422550201,1.0779050588607788,-0.9437727928161621,0.17470090091228485,1.3427722454071045,-0.8028298020362854,0.06838367134332657,1.4504374265670776,-0.6074243187904358,-0.0018567133229225874,0.6036009788513184,-0.8030052781105042,0.12791895866394043,1.037956714630127,-1.02683424949646,0.09069789946079254,1.3031190633773804,-0.8723642230033875,0.02316439151763916,1.3934204578399658,-0.6684783697128296,-0.013439992442727089,0.5821004509925842,-0.8420504927635193,0.03339502587914467,0.9885305762290955,-1.0254695415496826,0.016291799023747444,1.2228684425354004,-0.9205929040908813,0.011106464080512524,1.3297141790390015,-0.757622241973877,0.014885462820529938
0.0,0.0,0.0,0.37376993894577026,0.08223948627710342,-0.005025894846767187,0.7370656132698059,0.02691730484366417,-0.05553491413593292,1.046792984008789,-0.06503213196992874,-0.1458073854446411,1.3036553859710693,-0.19264031946659088,-0.22535738348960876,0.4557965099811554,-0.7855221033096313,0.21101835370063782,0.8982773423194885,-0.9165460467338562,0.17720629274845123,1.181983470916748,-0.8276075720787048,0.09908292442560196,1.334912896156311,-0.7109674215316772,0.054018858820199966,0.40230122208595276,-0.90103679895401,0.16213130950927734,0.920133650302887,-1.1024311780929565,0.13327476382255554,1.2320294380187988,-0.955371618270874,0.05334804207086563,1.381738305091858,-0.7607418298721313,0.0049295444041490555,0.41626855731010437,-0.9397966265678406,0.09563044458627701,0.9215341210365295,-1.20103120803833,0.07781179994344711,1.2303553819656372,-1.0433276891708374,0.035498037934303284,1.355757474899292,-0.8265379667282104,0.015800317749381065,0.49829962849617004,-0.9203813672065735,0.02157767117023468,0.9301360249519348,-1.1739355325698853,0.03276808187365532,1.1808054447174072,-1.0849032402038574,0.05072930455207825,1.3026537895202637,-0.9176726937294006,0.0700925886631012
0.0,0.0,0.0,0.36670711636543274,0.11901196837425232,-0.07685448229312897,0.7280423641204834,0.06757359951734543,-0.16072474420070648,1.0458414554595947,-0.004668705631047487,-0.2652643918991089,1.2940869331359863,-0.15022294223308563,-0.35206013917922974,0.44791778922080994,-0.8093314170837402,0.04679349809885025,0.9633620977401733,-0.9760594964027405,-0.05498669669032097,1.2414759397506714,-0.7977050542831421,-0.15837693214416504,1.3266669511795044,-0.5943476557731628,-0.2052507847547531,0.4163718819618225,-0.9085685014724731,0.03373012691736221,0.9695886969566345,-1.083815097808838,-0.03302857652306557,1.2647969722747803,-0.8749603033065796,-0.10912885516881943,1.3511961698532104,-0.6478734612464905,-0.1530858725309372,0.4579848051071167,-0.9266775250434875,0.001053042127750814,0.9733214378356934,-1.1271131038665771,-0.056009866297245026,1.2549340724945068,-0.929229199886322,-0.08102216571569443,1.333693027496338,-0.7060472965240479,-0.08238986879587173,0.5556092858314514,-0.8830101490020752,-0.04212328791618347,0.9856889843940735,-1.0929384231567383,-0.06120612099766731,1.2113289833068848,-0.9717302322387695,-0.03654509782791138,1.2875416278839111,-0.7853885293006897,-0.005785703659057617
0.0,0.0,0.0,0.362488716840744,0.14279596507549286,-0.1561281681060791,0.7195242643356323,0.09435972571372986,-0.25410959124565125,1.0187195539474487,0.0647730901837349,-0.3466678559780121,1.2117079496383667,-0.010895265266299248,-0.41681236028671265,0.5402712821960449,-0.7767776846885681,-0.09802252054214478,1.0286141633987427,-1.0097895860671997,-0.19982066750526428,1.2852485179901123,-0.8567618131637573,-0.2785891890525818,1.3901599645614624,-0.6716107726097107,-0.31104063987731934,0.43463024497032166,-0.8982371091842651,-0.06531964987516403,0.957680881023407,-1.0794051885604858,-0.1394023299217224,1.234613299369812,-0.8881047368049622,-0.1915527731180191,1.3371092081069946,-0.670156717300415,-0.217776358127594,0.4082950949668884,-0.9228729605674744,-0.052372679114341736,0.9110885262489319,-1.09415602684021,-0.12509439885616302,1.1816297769546509,-0.9202390313148499,-0.1562468558549881,1.29037344455719,-0.7238534688949585,-0.16144563257694244,0.4488180875778198,-0.8782498836517334,-0.054079532623291016,0.8857698440551758,-1.0477726459503174,-0.10265255719423294,1.1203354597091675,-0.9377535581588745,-0.10098731517791748,1.227514624595642,-0.7762721180915833,-0.08352809399366379
0.0,0.0,0.0,0.3052246570587158,0.04643768072128296,0.1317129135131836,0.5439333915710449,-0.039040107280015945,0.13898728787899017,0.7969786524772644,-0.07678428292274475,0.08193519711494446,1.0269266366958618,-0.12107423692941666,0.024783506989479065,0.30284762382507324,-0.8664004802703857,0.24294382333755493,0.7762051224708557,-0.9881715774536133,0.20830224454402924,1.0379105806350708,-0.8180152177810669,0.13854481279850006,1.1515475511550903,-0.6129029989242554,0.10181796550750732,0.3122653067111969,-0.9415757060050964,0.12619665265083313,0.846389889717102,-1.05521821975708,0.1240701824426651,1.106468915939331,-0.8361601233482361,0.06707709282636642,1.1907153129577637,-0.5974486470222473,0.02495737187564373,0.38666659593582153,-0.9242231249809265,0.006634938530623913,0.9252128601074219,-1.0670446157455444,0.005678581539541483,1.1724729537963867,-0.8457164764404297,-0.00571793969720602,1.2334802150726318,-0.6058926582336426,-0.01057040598243475,0.5229964256286621,-0.83057701587677,-0.10837087780237198,0.9582489132881165,-1.004071831703186,-0.08793303370475769,1.1557080745697021,-0.8660963177680969,-0.04621003940701485,1.217810034751892,-0.6697685718536377,-0.012465693056583405
0.0,0.0,0.0,0.23885653913021088,-0.010576467029750347,0.19470572471618652,0.46095770597457886,-0.10145428776741028,0.22653137147426605,0.7121471166610718,-0.14090362191200256,0.18539971113204956,0.9446030259132385,-0.17389775812625885,0.1379106640815735,0.2513984441757202,-0.8788923621177673,0.2633468210697174,0.7228399515151978,-0.9800975918769836,0.24941492080688477,0.976576566696167,-0.7973656058311462,0.19636230170726776,1.092719316482544,-0.6107681393623352,0.16328541934490204,0.2954069674015045,-0.9481069445610046,0.11759231239557266,0.8266941905021667,-1.044656753540039,0.13910920917987823,1.0730189085006714,-0.8182287216186523,0.09680431336164474,1.1470321416854858,-0.584170401096344,0.05632403492927551,0.39606237411499023,-0.918563187122345,-0.023106904700398445,0.9069747924804688,-1.0662755966186523,-0.014402502216398716,1.142953634262085,-0.8342815041542053,-0.022741513326764107,1.204813003540039,-0.5979863405227661,-0.031083155423402786,0.5487872958183289,-0.8185659646987915,-0.152043879032135,0.9613389372825623,-0.9835551977157593,-0.12620940804481506,1.1408888101577759,-0.8238770365715027,-0.07935114949941635,1.188347578048706,-0.6211385726928711,-0.046307627111673355
0.0,0.0,0.0,0.19021037220954895,-0.058121901005506516,0.2658369839191437,0.40511849522590637,-0.15888755023479462,0.33981814980506897,0.661963939666748,-0.18720822036266327,0.33113232254981995,0.8916630148887634,-0.21118450164794922,0.3138074278831482,0.20176637172698975,-0.8765697479248047,0.3664698302745819,0.6423978209495544,-0.960212230682373,0.4076583683490753,0.8681566715240479,-0.7818425893783569,0.3841625154018402,0.9585480093955994,-0.6035797595977783,0.36450451612472534,0.2724577784538269,-0.9411146640777588,0.20017486810684204,0.7828300595283508,-1.0240153074264526,0.2761934995651245,1.0107529163360596,-0.8082452416419983,0.24594520032405853,1.075081706047058,-0.5763924717903137,0.20396345853805542,0.3895284831523895,-0.9031081199645996,0.04495195671916008,0.873705267906189,-1.0493282079696655,0.1054438054561615,1.0938389301300049,-0.8304528594017029,0.1021503135561943,1.1505303382873535,-0.5959899425506592,0.08358123153448105,0.554294764995575,-0.7994388937950134,-0.09295309334993362,0.9455654621124268,-0.9540268182754517,-0.029160981997847557,1.1089924573898315,-0.7969372272491455,0.02825574390590191,1.1458419561386108,-0.5986353158950806,0.059903182089328766
0.0,0.0,0.0,0.2115035057067871,-0.061602868139743805,0.2621927559375763,0.4227668344974518,-0.17458391189575195,0.34139731526374817,0.6714287996292114,-0.21648573875427246,0.3418044447898865,0.8927435278892517,-0.21742185950279236,0.3335195481777191,0.21823750436306,-0.8931246399879456,0.33540886640548706,0.6493715643882751,-0.970739483833313,0.38404643535614014,0.8648529052734375,-0.8014940619468689,0.37243351340293884,0.9586285352706909,-0.6354857683181763,0.3576301336288452,0.2851206660270691,-0.9431145191192627,0.17100046575069427,0.7941473722457886,-1.0317540168762207,0.24138428270816803,1.0080628395080566,-0.8244284391403198,0.21694974601268768,1.066720962524414,-0.5960838794708252,0.18229331076145172,0.40387842059135437,-0.892416775226593,0.020735006779432297,0.8860617280006409,-1.0397586822509766,0.07471602410078049,1.0916213989257812,-0.822573184967041,0.07179547101259232,1.1439040899276733,-0.5927215814590454,0.05614267662167549,0.5651975870132446,-0.7808603048324585,-0.11133711040019989,0.9484802484512329,-0.9374085068702698,-0.05245615914463997,1.1020468473434448,-0.789097785949707,0.0027146167121827602,1.1394587755203247,-0.6005815863609314,0.033669281750917435
0.0,0.0,0.0,0.24227872490882874,-0.032856784760951996,0.2872743308544159,0.4535934627056122,-0.1463615894317627,0.3897274136543274,0.6881774663925171,-0.18731221556663513,0.40674179792404175,0.9137868881225586,-0.18704727292060852,0.4131915867328644,0.2612112760543823,-0.8691677451133728,0.39770618081092834,0.6829639673233032,-0.9379637837409973,0.460631787776947,0.8843585252761841,-0.7773892283439636,0.4537999629974365,0.9647464752197266,-0.6128243207931519,0.4429178535938263,0.3217927813529968,-0.9204366207122803,0.22191427648067474,0.809277355670929,-0.9880022406578064,0.30907973647117615,1.013405680656433,-0.7851444482803345,0.2861655056476593,1.0662031173706055,-0.5547943115234375,0.25131556391716003,0.4324181377887726,-0.8696515560150146,0.05806266888976097,0.8929898142814636,-0.9982298612594604,0.1193065494298935,1.0865758657455444,-0.7854729890823364,0.11202781647443771,1.1317545175552368,-0.5618777275085449,0.09315992146730423,0.5827072262763977,-0.7585893869400024,-0.08662024885416031,0.9502665996551514,-0.9184942841529846,-0.034133438020944595,1.1044241189956665,-0.7768197059631348,0.010881547816097736,1.1460362672805786,-0.5891999006271362,0.035183604806661606
0.0,0.0,0.0,0.14838699996471405,-0.0834542065858841,0.3618607521057129,0.3599540591239929,-0.18823611736297607,0.5045115351676941,0.6088660359382629,-0.19566383957862854,0.5499228835105896,0.8443394899368286,-0.17338182032108307,0.5804577469825745,0.259242445230484,-0.8544040322303772,0.4833051562309265,0.6594162583351135,-0.9028679728507996,0.571801483631134,0.8423277139663696,-0.7274758815765381,0.5792829394340515,0.9198398590087891,-0.5454062223434448,0.5781891345977783,0.34531542658805847,-0.8939400911331177,0.28570690751075745,0.8363202810287476,-0.9382385611534119,0.3886933922767639,1.0253386497497559,-0.7193419337272644,0.37174996733665466,1.0627878904342651,-0.48245003819465637,0.34261417388916016,0.46635645627975464,-0.8410031795501709,0.10489767789840698,0.9483647346496582,-0.9299044013023376,0.1834844946861267,1.1210153102874756,-0.7040477395057678,0.17783458530902863,1.1457691192626953,-0.4729587435722351,0.1604263037443161,0.6184701323509216,-0.7408663034439087,-0.05006669834256172,0.9922698140144348,-0.8683967590332031,0.01762661710381508,1.1312992572784424,-0.7168865203857422,0.06520676612854004,1.1582485437393188,-0.5208756923675537,0.09151225537061691
0.0,0.0,0.0,0.2940726578235626,0.0077299089170992374,0.1184975802898407,0.5402502417564392,-0.082484170794487,0.10974893718957901,0.8035778999328613,-0.11016279458999634,0.04077726975083351,1.0261852741241455,-0.13065604865550995,-0.02803303301334381,0.35891881585121155,-0.8744888305664062,0.17814020812511444,0.8381519317626953,-0.9774684309959412,0.12171746790409088,1.0875709056854248,-0.7973373532295227,0.041773367673158646,1.1892921924591064,-0.5935842394828796,-0.002130854642018676,0.37480825185775757,-0.9251404404640198,0.0602819062769413,0.9143812656402588,-1.033805012702942,0.03534533083438873,1.152451515197754,-0.814147412776947,-0.02529147081077099,1.2142431735992432,-0.585185170173645,-0.06705887615680695,0.45086100697517395,-0.8827916979789734,-0.056974686682224274,0.9786984920501709,-1.0243736505508423,-0.07756128162145615,1.2023122310638428,-0.7962932586669922,-0.08385763317346573,1.2386480569839478,-0.5669533610343933,-0.08089553564786911,0.5733789801597595,-0.7633758187294006,-0.17000587284564972,1.0058915615081787,-0.9216867685317993,-0.16136379539966583,1.1834746599197388,-0.7721467614173889,-0.1129390150308609,1.2228586673736572,-0.5810710191726685,-0.07066043466329575
0.0,0.0,0.0,0.42503592371940613,0.037407852709293365,0.1308155059814453,0.7179351449012756,-0.027616286650300026,0.14430606365203857,0.9922022819519043,-0.06100989133119583,0.09704037755727768,1.2232255935668945,-0.1181824654340744,0.05614829435944557,0.4648163914680481,-0.8294481039047241,0.23636296391487122,0.938896894454956,-0.9395572543144226,0.16824612021446228,1.1758954524993896,-0.7707324624061584,0.07953211665153503,1.2648459672927856,-0.5651106834411621,0.040238384157419205,0.4234459102153778,-0.8977518081665039,0.12138860672712326,1.0093592405319214,-1.0147902965545654,0.06272132694721222,1.233111023902893,-0.7679091691970825,-0.01680426299571991,1.2687872648239136,-0.5137472748756409,-0.05355134606361389,0.46167632937431335,-0.8752530813217163,0.002188506769016385,1.0445232391357422,-1.013228178024292,-0.058285102248191833,1.2576566934585571,-0.7603967189788818,-0.0879698321223259,1.2811776399612427,-0.5125603675842285,-0.0788789913058281,0.5567204356193542,-0.7805781364440918,-0.10840359330177307,1.0216212272644043,-0.9592125415802002,-0.12424207478761673,1.2301316261291504,-0.8200061321258545,-0.09537706524133682,1.3083982467651367,-0.6421228647232056,-0.05630667135119438
0.0,0.0,0.0,0.4017261564731598,0.06873109191656113,-0.043232835829257965,0.7251116037368774,-0.0014163589803501964,-0.1490192860364914,1.0319370031356812,-0.054786693304777145,-0.2831379473209381,1.301262617111206,-0.11407869309186935,-0.39904582500457764,0.4532417356967926,-0.8441877961158752,-0.08105535060167313,1.0206797122955322,-1.0281051397323608,-0.23662084341049194,1.239733099937439,-0.766630232334137,-0.35064420104026794,1.2488242387771606,-0.5249534845352173,-0.39503589272499084,0.389545202255249,-0.9115201830863953,-0.13185377418994904,1.0294888019561768,-1.0690654516220093,-0.24371999502182007,1.256760835647583,-0.7618740797042847,-0.3008074164390564,1.2374833822250366,-0.5016294121742249,-0.32691240310668945,0.41402295231819153,-0.8995918035507202,-0.1922435462474823,1.0575025081634521,-1.049670934677124,-0.28938356041908264,1.2576844692230225,-0.7541829347610474,-0.2766120731830597,1.2359503507614136,-0.4912037253379822,-0.24372629821300507,0.5006585717201233,-0.820980429649353,-0.2586078941822052,1.015416145324707,-1.0265820026397705,-0.29716014862060547,1.1883893013000488,-0.8384175300598145,-0.244591623544693,1.1893556118011475,-0.6188607811927795,-0.19046087563037872
0.0,0.0,0.0,0.4375692903995514,0.02751295082271099,0.08115637302398682,0.7553735971450806,-0.06729958206415176,0.05363936722278595,1.0510848760604858,-0.11889636516571045,-0.028496181592345238,1.3126213550567627,-0.21499720215797424,-0.10223520547151566,0.46925824880599976,-0.8488232493400574,0.18789073824882507,0.9336934685707092,-1.0012335777282715,0.10027874261140823,1.1814123392105103,-0.8376071453094482,-0.0006926462519913912,1.2551679611206055,-0.6385146975517273,-0.046919699758291245,0.40743955969810486,-0.9093548655509949,0.08406409621238708,0.9590883851051331,-1.0765708684921265,0.02195696346461773,1.2262378931045532,-0.8713325262069702,-0.05298127606511116,1.2808905839920044,-0.634784996509552,-0.0921289399266243,0.4059404134750366,-0.8892515301704407,-0.030185159295797348,0.9642233848571777,-1.0724674463272095,-0.0888209417462349,1.2191637754440308,-0.8671267032623291,-0.10626815259456635,1.260453701019287,-0.6378019452095032,-0.09732311218976974,0.46946457028388977,-0.8059461116790771,-0.14243118464946747,0.943954348564148,-0.9814891219139099,-0.16674059629440308,1.1643421649932861,-0.8659784197807312,-0.1337243914604187,1.2253791093826294,-0.7024907469749451,-0.09315256029367447
0.0,0.0,0.0,0.4051642119884491,0.002284451387822628,0.11144459992647171,0.7271938920021057,-0.12072226405143738,0.11041097342967987,1.0190831422805786,-0.16047795116901398,0.04311447590589523,1.2698886394500732,-0.2387188971042633,-0.020622149109840393,0.4385928213596344,-0.8571165800094604,0.2745818793773651,0.8298771381378174,-1.0305391550064087,0.21148976683616638,1.0903313159942627,-0.8846450448036194,0.1150544285774231,1.2067970037460327,-0.6983876824378967,0.06461695581674576,0.3873678743839264,-0.9091176986694336,0.15313759446144104,0.8671182990074158,-1.107433557510376,0.1042906865477562,1.1535805463790894,-0.9262425899505615,0.018272941932082176,1.2491860389709473,-0.6898079514503479,-0.029946301132440567,0.39062216877937317,-0.8993584513664246,0.019205128774046898,0.8918607831001282,-1.1120402812957764,-0.02767685055732727,1.1594150066375732,-0.9201871156692505,-0.058476921170949936,1.2278918027877808,-0.6843042373657227,-0.059637486934661865,0.45593950152397156,-0.8304712176322937,-0.11288035660982132,0.8797615766525269,-1.037725567817688,-0.12053846567869186,1.0846325159072876,-0.9207664132118225,-0.08705990016460419,1.1444649696350098,-0.7342562675476074,-0.050746213644742966
0.0,0.0,0.0,0.42340049147605896,-0.010041472502052784,0.10938901454210281,0.7433434724807739,-0.1283026784658432,0.0955161526799202,1.0135747194290161,-0.1674656867980957,0.013270450755953789,1.2538541555404663,-0.2313985675573349,-0.06749633699655533,0.5037586092948914,-0.8536921143531799,0.23403970897197723,0.8921999335289001,-1.039795160293579,0.14511863887310028,1.1478991508483887,-0.8747282028198242,0.03464178368449211,1.2588748931884766,-0.6762158870697021,-0.025596916675567627,0.4407614767551422,-0.8920510411262512,0.09987162798643112,0.9057312607765198,-1.1020195484161377,0.026602517813444138,1.182175874710083,-0.9126672744750977,-0.07074494659900665,1.2663938999176025,-0.6751089692115784,-0.12744128704071045,0.4294537901878357,-0.8722959160804749,-0.04531553015112877,0.8915241360664368,-1.0994195938110352,-0.106817826628685,1.1613699197769165,-0.9086431264877319,-0.14017385244369507,1.2334522008895874,-0.6765332221984863,-0.14510466158390045,0.47574731707572937,-0.7892799973487854,-0.18952348828315735,0.8739678859710693,-1.0106638669967651,-0.2159484177827835,1.0995737314224243,-0.8939208388328552,-0.19198454916477203,1.178663969039917,-0.7105129957199097,-0.1621752381324768
0.0,0.0,0.0,0.4560290575027466,-0.050203386694192886,0.18055126070976257,0.7652168273925781,-0.15660862624645233,0.20144061744213104,1.0124433040618896,-0.192213773727417,0.14173933863639832,1.2312887907028198,-0.2505340278148651,0.08120089024305344,0.5433738827705383,-0.8251436352729797,0.299613893032074,0.8924400210380554,-1.0081497430801392,0.2336486428976059,1.1166305541992188,-0.852785050868988,0.14013603329658508,1.2068350315093994,-0.6598730683326721,0.08776296675205231,0.4755064845085144,-0.8695101141929626,0.1335877925157547,0.9161298871040344,-1.072388768196106,0.06814810633659363,1.1529003381729126,-0.8705289363861084,-0.02087397128343582,1.1972167491912842,-0.6289648413658142,-0.0692320391535759,0.4596269130706787,-0.84903883934021,-0.03860458359122276,0.8991408944129944,-1.066502332687378,-0.08884362131357193,1.1400519609451294,-0.8702741861343384,-0.11560337990522385,1.1925156116485596,-0.6415163278579712,-0.11847316473722458,0.49930769205093384,-0.7578952312469482,-0.20415277779102325,0.8806121945381165,-0.9557058811187744,-0.22673340141773224,1.092384934425354,-0.8491079807281494,-0.20592984557151794,1.1672437191009521,-0.6822710633277893,-0.1800316423177719
0.0,0.0,0.0,0.43803200125694275,-0.041383448988199234,0.1895134150981903,0.7426583170890808,-0.15642781555652618,0.24104878306388855,0.9896343350410461,-0.20283690094947815,0.20891307294368744,1.1957143545150757,-0.27331802248954773,0.17394055426120758,0.595847487449646,-0.7799280285835266,0.3613058924674988,0.8982349634170532,-0.9705419540405273,0.318388432264328,1.1012591123580933,-0.8196174502372742,0.23447807133197784,1.1928071975708008,-0.6493290662765503,0.1816975325345993,0.5234752297401428,-0.8301389813423157,0.19194546341896057,0.90308678150177,-1.0232963562011719,0.13745713233947754,1.1252974271774292,-0.8399678468704224,0.043061625212430954,1.177299976348877,-0.6241055727005005,-0.011168344877660275,0.47462528944015503,-0.828056275844574,0.012395950965583324,0.8758617639541626,-1.0032681226730347,-0.04421554133296013,1.1001468896865845,-0.8117927312850952,-0.0851568654179573,1.1535996198654175,-0.6017298102378845,-0.09633401781320572,0.46747928857803345,-0.7610597610473633,-0.16013455390930176,0.829797625541687,-0.9250418543815613,-0.1944749504327774,1.0295709371566772,-0.8022555708885193,-0.18423610925674438,1.1066290140151978,-0.6277633309364319,-0.16515028476715088
0.0,0.0,0.0,0.44472599029541016,-0.04176868125796318,0.20071856677532196,0.755782425403595,-0.15823502838611603,0.2620258331298828,1.0000535249710083,-0.210521399974823,0.23760829865932465,1.203647255897522,-0.2886059284210205,0.20956392586231232,0.6172659993171692,-0.7700339555740356,0.38154172897338867,0.9224615097045898,-0.9998840093612671,0.3539634048938751,1.1089032888412476,-0.8772246837615967,0.2853265702724457,1.1728100776672363,-0.7290732264518738,0.24059636890888214,0.5455219149589539,-0.8126464486122131,0.20496731996536255,0.9375495910644531,-1.0316356420516968,0.1535932421684265,1.1328125,-0.8325973749160767,0.05944047495722771,1.1383836269378662,-0.6185091137886047,0.006467005237936974,0.4897148609161377,-0.8104604482650757,0.019624760374426842,0.8951846957206726,-1.0104646682739258,-0.03498472273349762,1.0958079099655151,-0.7983283400535583,-0.07449093461036682,1.1123944520950317,-0.5881565809249878,-0.08543965965509415,0.46145811676979065,-0.7474281787872314,-0.15725107491016388,0.8129991292953491,-0.9318466782569885,-0.19591927528381348,1.0039124488830566,-0.7923377156257629,-0.18805895745754242,1.0551223754882812,-0.6096335649490356,-0.17154079675674438
0.0,0.0,0.0,0.46680882573127747,-0.05838969349861145,0.15552440285682678,0.7871549129486084,-0.1671111136674881,0.19475167989730835,1.0345228910446167,-0.2267158329486847,0.15713293850421906,1.2241055965423584,-0.31247222423553467,0.11966291815042496,0.6128443479537964,-0.7890388369560242,0.32939624786376953,0.9050352573394775,-1.0112760066986084,0.2667752504348755,1.1004036664962769,-0.8803040385246277,0.17306895554065704,1.172092318534851,-0.7153570652008057,0.11787386238574982,0.5327203869819641,-0.8281782269477844,0.17415457963943481,0.9050405621528625,-1.0534684658050537,0.09715006500482559,1.118823766708374,-0.8853269815444946,-0.00640622666105628,1.161427617073059,-0.6770736575126648,-0.06261961162090302,0.4736972749233246,-0.825372040271759,0.004927609581500292,0.8725384473800659,-1.0205433368682861,-0.06706734746694565,1.090668797492981,-0.8472071290016174,-0.1113981157541275,1.1402336359024048,-0.6473685503005981,-0.12137202173471451,0.4447459876537323,-0.764077365398407,-0.16052095592021942,0.7911449074745178,-0.9398586750030518,-0.203412726521492,0.9866859912872314,-0.8426382541656494,-0.19886468350887299,1.0625343322753906,-0.688575267791748,-0.18209896981716156
0.0,0.0,0.0,0.443698912858963,-0.03583481162786484,0.16782274842262268,0.767500638961792,-0.14522327482700348,0.22146601974964142,1.0188217163085938,-0.1998874396085739,0.19433557987213135,1.2271653413772583,-0.2840782701969147,0.1668481081724167,0.6516066193580627,-0.7299951314926147,0.3840118944644928,0.9055960178375244,-0.9667134284973145,0.34240445494651794,1.092464804649353,-0.8365733623504639,0.25677287578582764,1.168128252029419,-0.6719610691070557,0.20368753373622894,0.5783452391624451,-0.7844961285591125,0.22379159927368164,0.897711455821991,-1.024795651435852,0.15984801948070526,1.108248233795166,-0.8520492315292358,0.05299295857548714,1.1527127027511597,-0.6395578384399414,-0.0052119153551757336,0.5071330070495605,-0.8053357601165771,0.04763949289917946,0.8637123107910156,-1.0055718421936035,-0.017119241878390312,1.0842652320861816,-0.8292763233184814,-0.07157155126333237,1.140294075012207,-0.6221855878829956,-0.08814246207475662,0.45987841486930847,-0.7734684348106384,-0.124412901699543,0.7874274849891663,-0.9314834475517273,-0.17117664217948914,0.9845502376556396,-0.8252598643302917,-0.17963820695877075,1.0661031007766724,-0.6630839109420776,-0.17165936529636383
0.0,0.0,0.0,0.4857226610183716,-0.06417494267225266,0.17515936493873596,0.8081942796707153,-0.1569013148546219,0.20453432202339172,1.0516892671585083,-0.1942526251077652,0.15878498554229736,1.2529851198196411,-0.27157479524612427,0.11323665827512741,0.6147685050964355,-0.7994406819343567,0.2890496551990509,0.9537376761436462,-0.973347008228302,0.22781720757484436,1.1639620065689087,-0.8242334723472595,0.1415361762046814,1.2513099908828735,-0.6520682573318481,0.09040417522192001,0.5264012813568115,-0.8408859372138977,0.12574762105941772,0.9574027061462402,-1.0179640054702759,0.051036905497312546,1.1773110628128052,-0.8163485527038574,-0.041928164660930634,1.2174246311187744,-0.5902345776557922,-0.08879983425140381,0.47624069452285767,-0.8214015960693359,-0.04189509525895119,0.9080311059951782,-0.9702370166778564,-0.0954056903719902,1.1264503002166748,-0.7736815810203552,-0.11757296323776245,1.1714012622833252,-0.5687444806098938,-0.11558108031749725,0.46482181549072266,-0.7333030104637146,-0.20396138727664948,0.8147582411766052,-0.8753786683082581,-0.23038898408412933,1.005078911781311,-0.761938214302063,-0.20808760821819305,1.0748566389083862,-0.5996549725532532,-0.17812010645866394
0.0,0.0,0.0,0.4833056926727295,-0.04885869100689888,0.13248324394226074,0.8201942443847656,-0.16024073958396912,0.1395079791545868,1.0660334825515747,-0.20744790136814117,0.08005347847938538,1.2771790027618408,-0.28399959206581116,0.02415589615702629,0.6259385347366333,-0.8078954219818115,0.2220192551612854,0.9774559736251831,-1.003882884979248,0.13250447809696198,1.1929339170455933,-0.8424571752548218,0.03155544400215149,1.275139331817627,-0.6596552729606628,-0.02543940208852291,0.5333239436149597,-0.8424028754234314,0.07696042209863663,0.9744728207588196,-1.0451892614364624,-0.02323894388973713,1.2019522190093994,-0.8341895341873169,-0.12571406364440918,1.2408146858215332,-0.6027068495750427,-0.17564550042152405,0.48304319381713867,-0.8162037134170532,-0.07463771849870682,0.923539936542511,-0.997208297252655,-0.15122167766094208,1.1573731899261475,-0.800203263759613,-0.18426227569580078,1.2109421491622925,-0.5858933925628662,-0.18524125218391418,0.4750557243824005,-0.7219087481498718,-0.22279201447963715,0.8337831497192383,-0.8685924410820007,-0.2708415389060974,1.0399571657180786,-0.7613202333450317,-0.2646419405937195,1.1232225894927979,-0.6061503291130066,-0.24327677488327026
0.0,0.0,0.0,0.47226932644844055,-0.05326446145772934,0.1808784306049347,0.790073812007904,-0.15803037583827972,0.22148346900939941,1.033103108406067,-0.19910097122192383,0.1843637079000473,1.230718970298767,-0.27587902545928955,0.1483207643032074,0.6151412725448608,-0.7849748730659485,0.3238292932510376,0.9586483240127563,-0.9599856734275818,0.2689674198627472,1.1670548915863037,-0.8049103617668152,0.17899423837661743,1.2428278923034668,-0.6302182078361511,0.12409831583499908,0.5366408228874207,-0.8283659219741821,0.16070640087127686,0.9624325037002563,-1.0069262981414795,0.0932164192199707,1.1779446601867676,-0.7999474406242371,-0.007392083294689655,1.2034436464309692,-0.5736806988716125,-0.06316528469324112,0.4930645227432251,-0.8145530819892883,-0.008951159194111824,0.9228493571281433,-0.9803213477134705,-0.05785612389445305,1.138932704925537,-0.7807716727256775,-0.0940137580037117,1.1709116697311401,-0.5701501369476318,-0.10484813898801804,0.49115902185440063,-0.7388265132904053,-0.17250867187976837,0.8516674637794495,-0.8729093670845032,-0.19868022203445435,1.0408021211624146,-0.7560918927192688,-0.18805430829524994,1.1022858619689941,-0.5972156524658203,-0.16992445290088654
0.0,0.0,0.0,0.472923219203949,-0.04791979491710663,0.14759716391563416,0.8064765334129333,-0.15900269150733948,0.15970498323440552,1.0565720796585083,-0.20296058058738708,0.1036200150847435,1.254912257194519,-0.2747264504432678,0.05044877901673317,0.5941354036331177,-0.8304163813591003,0.20422296226024628,0.9582770466804504,-1.033249855041504,0.1074361726641655,1.1835192441940308,-0.8665011525154114,0.00936118233948946,1.2616561651229858,-0.6792126893997192,-0.040863826870918274,0.5081666111946106,-0.8595418930053711,0.054354749619960785,0.9679229259490967,-1.0628997087478638,-0.04142512008547783,1.196779727935791,-0.8438398838043213,-0.12532415986061096,1.225537896156311,-0.6181543469429016,-0.16302339732646942,0.47338253259658813,-0.8250129818916321,-0.1006641536951065,0.9279115796089172,-1.0258708000183105,-0.17607219517230988,1.162739634513855,-0.8270834684371948,-0.19672255218029022,1.2066320180892944,-0.6153571009635925,-0.18838252127170563,0.48750320076942444,-0.7269284725189209,-0.25043532252311707,0.8610804080963135,-0.8960937857627869,-0.2987242043018341,1.0749486684799194,-0.7941402792930603,-0.2872484028339386,1.1566476821899414,-0.6421504020690918,-0.26125970482826233
0.0,0.0,0.0,0.45282649993896484,-0.05615328624844551,0.1456998735666275,0.7828386425971985,-0.1537732630968094,0.14259354770183563,1.0285886526107788,-0.18805547058582306,0.07046929001808167,1.2435734272003174,-0.2504773437976837,0.0009946072241291404,0.5797169208526611,-0.8375468850135803,0.19672372937202454,0.9633046388626099,-0.9974496364593506,0.0890965387225151,1.189244270324707,-0.828028678894043,-0.02026866003870964,1.28230881690979,-0.6310151815414429,-0.07865104079246521,0.4954482614994049,-0.8675764203071594,0.042920831590890884,0.9745155572891235,-1.020915150642395,-0.05693725124001503,1.1990388631820679,-0.8024871945381165,-0.1416320502758026,1.2396330833435059,-0.5718937516212463,-0.18386860191822052,0.4635782539844513,-0.828770637512207,-0.11665494740009308,0.9342098832130432,-0.9908560514450073,-0.19594287872314453,1.1571332216262817,-0.7891022562980652,-0.2106974571943283,1.199065089225769,-0.566340982913971,-0.19999659061431885,0.4821704924106598,-0.7297511696815491,-0.27170324325561523,0.8683326840400696,-0.8720189929008484,-0.31589725613594055,1.0656156539916992,-0.7571237087249756,-0.29418569803237915,1.1317946910858154,-0.5970214009284973,-0.2624416649341583
0.0,0.0,0.0,0.4626692533493042,-0.03084484301507473,0.15023836493492126,0.7949476838111877,-0.14747686684131622,0.15336382389068604,1.0427987575531006,-0.18902508914470673,0.08566118031740189,1.2537856101989746,-0.23552986979484558,0.019782591611146927,0.5541239976882935,-0.8564777374267578,0.21047377586364746,0.962887167930603,-1.0414772033691406,0.11993533372879028,1.2027791738510132,-0.8728546500205994,0.01952698454260826,1.300715684890747,-0.6805666089057922,-0.03464343398809433,0.48140591382980347,-0.8746829628944397,0.05637413263320923,0.9819217920303345,-1.0627776384353638,-0.021859943866729736,1.2447763681411743,-0.8571315407752991,-0.10542682558298111,1.307356357574463,-0.628019392490387,-0.15117821097373962,0.46736443042755127,-0.8314499855041504,-0.10151273757219315,0.958331823348999,-1.0277915000915527,-0.1619378924369812,1.205662727355957,-0.8249941468238831,-0.17479005455970764,1.2550480365753174,-0.605440616607666,-0.16770309209823608,0.5134725570678711,-0.7313031554222107,-0.2547778785228729,0.9121688604354858,-0.9013899564743042,-0.2818869352340698,1.1154171228408813,-0.7845126390457153,-0.2512368857860565,1.1766624450683594,-0.6214149594306946,-0.21681779623031616
0.0,0.0,0.0,0.45800885558128357,-0.025411028414964676,0.13092902302742004,0.7779985666275024,-0.14798758924007416,0.1352882832288742,1.0198776721954346,-0.19968871772289276,0.07078228890895844,1.240868091583252,-0.24322234094142914,0.00909347739070654,0.5337672829627991,-0.8452669978141785,0.2455221712589264,0.9055719971656799,-1.0064606666564941,0.17340436577796936,1.1452875137329102,-0.8565366864204407,0.07997097820043564,1.262747883796692,-0.6797078847885132,0.025202356278896332,0.4654626250267029,-0.8787749409675598,0.10535262525081635,0.9223894476890564,-1.0487704277038574,0.03575464338064194,1.1823370456695557,-0.8670055866241455,-0.04978923499584198,1.2690339088439941,-0.6515124440193176,-0.09675632417201996,0.4530313014984131,-0.8458114266395569,-0.04317907616496086,0.9030376672744751,-1.047268033027649,-0.10351607203483582,1.1647523641586304,-0.8646951913833618,-0.12842780351638794,1.2547543048858643,-0.6478718519210815,-0.12753751873970032,0.5041079521179199,-0.7494353652000427,-0.18906323611736298,0.8859957456588745,-0.9260227680206299,-0.21951785683631897,1.1055234670639038,-0.833054780960083,-0.19997823238372803,1.205461025238037,-0.6837069392204285,-0.1729762703180313
0.0,0.0,0.0,0.4230595529079437,-0.014729520305991173,0.1245940625667572,0.7507640719413757,-0.1245453804731369,0.12747056782245636,1.0088106393814087,-0.1652332991361618,0.06220828369259834,1.2360714673995972,-0.20914921164512634,0.0007782736211083829,0.5343284606933594,-0.83891361951828,0.23451654613018036,0.9223169088363647,-0.9972077012062073,0.14985530078411102,1.162516713142395,-0.8370107412338257,0.052840664982795715,1.2754149436950684,-0.6633241772651672,-0.0012375412043184042,0.47104567289352417,-0.8770301342010498,0.09452066570520401,0.9421899318695068,-1.051918625831604,0.018686991184949875,1.2017289400100708,-0.8637228012084961,-0.0584237314760685,1.2923510074615479,-0.6582760214805603,-0.099630206823349,0.4605512022972107,-0.8492664694786072,-0.057118356227874756,0.9245074987411499,-1.0557547807693481,-0.1376500427722931,1.1901789903640747,-0.857666552066803,-0.16081152856349945,1.284671664237976,-0.6351999640464783,-0.15519456565380096,0.5085971355438232,-0.7599290609359741,-0.2060364931821823,0.9090184569358826,-0.9331175088882446,-0.2603690028190613,1.1355537176132202,-0.8214337825775146,-0.24630966782569885,1.2362548112869263,-0.6620103120803833,-0.22042208909988403
0.0,0.0,0.0,0.43493592739105225,-0.014909579418599606,0.08810418844223022,0.7542312741279602,-0.0964256152510643,0.0677550882101059,1.0123299360275269,-0.12915483117103577,-0.016560934484004974,1.2274638414382935,-0.21386192739009857,-0.09414134919643402,0.5333605408668518,-0.8270167112350464,0.2125241905450821,0.9554645419120789,-0.9868583083152771,0.10400698333978653,1.2029247283935547,-0.8159490823745728,-0.013396557420492172,1.298100233078003,-0.628362774848938,-0.07450292259454727,0.466972291469574,-0.8798427581787109,0.08839455246925354,0.9637788534164429,-1.0765033960342407,-0.018371980637311935,1.2310503721237183,-0.8568512201309204,-0.12035327404737473,1.2922412157058716,-0.6184862852096558,-0.17005658149719238,0.4512268900871277,-0.8681778907775879,-0.05046451464295387,0.9294474124908447,-1.1053730249404907,-0.15406666696071625,1.2061073780059814,-0.8902199864387512,-0.1940125823020935,1.2781634330749512,-0.6517733335494995,-0.19041109085083008,0.4846869707107544,-0.7888949513435364,-0.18779721856117249,0.8991721272468567,-0.9944568872451782,-0.2561632990837097,1.1374735832214355,-0.87685626745224,-0.25014638900756836,1.230183482170105,-0.7068689465522766,-0.22423423826694489
0.0,0.0,0.0,0.40345725417137146,0.02808021567761898,0.08356349170207977,0.728150486946106,-0.046421829611063004,0.07412613928318024,1.00753915309906,-0.08506707847118378,0.001820341101847589,1.2342073917388916,-0.17817574739456177,-0.06300467997789383,0.5526567101478577,-0.7904020547866821,0.27474263310432434,0.9477352499961853,-0.9685551524162292,0.20277874171733856,1.172302007675171,-0.8204458951950073,0.09955446422100067,1.2426203489303589,-0.6470388174057007,0.04486274719238281,0.49427634477615356,-0.8540096879005432,0.16235224902629852,0.9490439295768738,-1.0817291736602783,0.0920943096280098,1.1996017694473267,-0.8926210999488831,-0.0075417254120111465,1.2532627582550049,-0.6666290163993835,-0.06088891625404358,0.47568145394325256,-0.8573389053344727,0.03239671513438225,0.9176387786865234,-1.1143308877944946,-0.0399525910615921,1.1829724311828613,-0.9219470620155334,-0.09308695048093796,1.2475594282150269,-0.6898186802864075,-0.1055595874786377,0.5057716369628906,-0.7997776865959167,-0.09673768281936646,0.9077329635620117,-1.0155370235443115,-0.1432487964630127,1.1383463144302368,-0.8979679942131042,-0.14272111654281616,1.2282754182815552,-0.7216929197311401,-0.1259770393371582
0.0,0.0,0.0,0.425089567899704,0.03259507566690445,0.09721574932336807,0.7512142658233643,-0.03635404631495476,0.09107563644647598,1.0381227731704712,-0.0650021955370903,0.017509933561086655,1.2644373178482056,-0.16667811572551727,-0.0516279973089695,0.5842888355255127,-0.7759144902229309,0.2792924642562866,0.9945831894874573,-0.958896279335022,0.1937851756811142,1.2250407934188843,-0.8064047694206238,0.07931437343358994,1.2934587001800537,-0.6251128911972046,0.018939122557640076,0.5199485421180725,-0.8400607109069824,0.1547628939151764,0.9970176219940186,-1.0794916152954102,0.06735391914844513,1.2536351680755615,-0.8832122087478638,-0.04793611168861389,1.3033534288406372,-0.6523717641830444,-0.11073733866214752,0.4935053288936615,-0.8458201289176941,0.013250747695565224,0.9577595591545105,-1.1221181154251099,-0.06973640620708466,1.232497215270996,-0.9231088161468506,-0.1325369030237198,1.2925429344177246,-0.688793957233429,-0.15149742364883423,0.5127206444740295,-0.7890163660049438,-0.12605483829975128,0.9363539814949036,-1.0213050842285156,-0.17943163216114044,1.1760029792785645,-0.9001320600509644,-0.18437977135181427,1.265406608581543,-0.721991777420044,-0.1725090742111206
0.0,0.0,0.0,0.4263903796672821,0.0345870703458786,0.07397773116827011,0.7559380531311035,-0.025472793728113174,0.0722198411822319,1.0313702821731567,-0.0583740696310997,0.007880400866270065,1.254037857055664,-0.15014763176441193,-0.054719869047403336,0.6529251933097839,-0.7101937532424927,0.2834254801273346,1.013753056526184,-0.8479167222976685,0.20791593194007874,1.23015296459198,-0.7120336294174194,0.09558191150426865,1.3327199220657349,-0.5646608471870422,0.027340510860085487,0.587929368019104,-0.7912213802337646,0.1682490110397339,1.0087124109268188,-1.0013670921325684,0.07174286991357803,1.2481690645217896,-0.8176490664482117,-0.05259258672595024,1.3245351314544678,-0.5955236554145813,-0.11917394399642944,0.5399315357208252,-0.8177205920219421,0.03302263468503952,0.9503523707389832,-1.0752503871917725,-0.06377135217189789,1.2161768674850464,-0.8813499212265015,-0.13749884068965912,1.310606598854065,-0.6494443416595459,-0.16051599383354187,0.5189195871353149,-0.7802682518959045,-0.10246320068836212,0.9044651389122009,-0.9934040904045105,-0.17027592658996582,1.1347341537475586,-0.873654842376709,-0.18716922402381897,1.2451571226119995,-0.6963995099067688,-0.181976780295372
0.0,0.0,0.0,0.43178442120552063,0.05913491174578667,0.028902800753712654,0.7713339328765869,0.019845742732286453,0.004833262413740158,1.0500283241271973,0.002319426042959094,-0.07863588631153107,1.3126015663146973,-0.09583567827939987,-0.16330435872077942,0.7417481541633606,-0.6210936903953552,0.28470298647880554,1.0434808731079102,-0.7841319441795349,0.21542058885097504,1.2596849203109741,-0.6795192956924438,0.09718269854784012,1.3608455657958984,-0.5487707853317261,0.02049817144870758,0.6755347847938538,-0.715067446231842,0.1798085868358612,1.0271190404891968,-0.9818925857543945,0.07464788109064102,1.2698675394058228,-0.8226465582847595,-0.08247435837984085,1.3372236490249634,-0.5977556705474854,-0.17142891883850098,0.5916830897331238,-0.7838719487190247,0.05019097402691841,0.9490669965744019,-1.0907082557678223,-0.052282702177762985,1.209369421005249,-0.9037021398544312,-0.15803180634975433,1.2796005010604858,-0.6601128578186035,-0.20427560806274414,0.5113529562950134,-0.7976915240287781,-0.08362721651792526,0.873750627040863,-1.0246998071670532,-0.16444247961044312,1.0962378978729248,-0.9047905802726746,-0.20278142392635345,1.1719337701797485,-0.7115784883499146,-0.2138897031545639
0.0,0.0,0.0,0.40418297052383423,0.08525047451257706,-0.03592795133590698,0.742874026298523,0.09175501018762589,-0.08481372892856598,1.0241508483886719,0.07536503672599792,-0.1701401025056839,1.276778221130371,0.012381519190967083,-0.24607300758361816,0.8256707787513733,-0.5033903121948242,0.14881765842437744,1.1020724773406982,-0.6251684427261353,0.030056895688176155,1.206732988357544,-0.47753679752349854,-0.09388968348503113,1.185120701789856,-0.3203268051147461,-0.15650241076946259,0.7655711770057678,-0.6380494236946106,0.08242413401603699,1.0743157863616943,-0.8708590865135193,-0.03449757397174835,1.2726492881774902,-0.7340828776359558,-0.1558384895324707,1.3166956901550293,-0.5436943769454956,-0.21778984367847443,0.6623678803443909,-0.7375301718711853,-0.013577778823673725,0.9659435749053955,-1.00381338596344,-0.12958452105522156,1.1757186651229858,-0.8267226815223694,-0.21201561391353607,1.222966194152832,-0.5971411466598511,-0.23927533626556396,0.5313804745674133,-0.7931642532348633,-0.11810804903507233,0.8002721071243286,-1.0102694034576416,-0.21207918226718903,0.9821493029594421,-0.9000737071037292,-0.2438896745443344,1.0514135360717773,-0.7079846262931824,-0.24401536583900452
0.0,0.0,0.0,0.3925786018371582,0.08097179979085922,-0.05710224434733391,0.7625290155410767,0.09950505942106247,-0.11121959239244461,1.0377116203308105,0.08998490124940872,-0.19150219857692719,1.274235725402832,0.02846623584628105,-0.26574429869651794,0.8683505654335022,-0.497628778219223,0.05937211215496063,1.1266316175460815,-0.7117165327072144,-0.05135251209139824,1.2757121324539185,-0.5864464640617371,-0.159601628780365,1.3174214363098145,-0.42929455637931824,-0.21712546050548553,0.7828860282897949,-0.6221416592597961,0.0054097562097013,1.0831941366195679,-0.9122650623321533,-0.11304280906915665,1.2624272108078003,-0.7625042200088501,-0.22507242858409882,1.270704746246338,-0.5560930371284485,-0.28143784403800964,0.6636995077133179,-0.7167919874191284,-0.07001490145921707,0.9547315835952759,-1.0222147703170776,-0.1785901039838791,1.1344176530838013,-0.8556377291679382,-0.2471732497215271,1.151125192642212,-0.6351436376571655,-0.26894670724868774,0.5159233212471008,-0.7746233344078064,-0.15516026318073273,0.7855722308158875,-1.0142918825149536,-0.2488621324300766,0.9525044560432434,-0.9136351943016052,-0.2772614359855652,0.9968427419662476,-0.7293755412101746,-0.27442997694015503
0.0,0.0,0.0,0.39940473437309265,0.08041543513536453,-0.04450847953557968,0.7694194316864014,0.09444877505302429,-0.09586938470602036,1.0460693836212158,0.08518814295530319,-0.17661254107952118,1.2850948572158813,0.026596061885356903,-0.2510148286819458,0.8690003156661987,-0.5038205981254578,0.07572542130947113,1.1327860355377197,-0.7258996367454529,-0.033467765897512436,1.2821332216262817,-0.5914089679718018,-0.14036758244037628,1.3216476440429688,-0.4240128695964813,-0.19812744855880737,0.7822461724281311,-0.622799277305603,0.014556420966982841,1.0844945907592773,-0.9081828594207764,-0.10986051708459854,1.264014720916748,-0.7431318759918213,-0.2280307412147522,1.2765389680862427,-0.5274448990821838,-0.2874608337879181,0.6668988466262817,-0.7127364277839661,-0.06756099313497543,0.9624249339103699,-1.0144716501235962,-0.17722506821155548,1.1590369939804077,-0.8389345407485962,-0.2492418885231018,1.196184515953064,-0.610785186290741,-0.27380508184432983,0.5249736309051514,-0.7634634375572205,-0.1588100790977478,0.792215883731842,-0.9975250363349915,-0.2520151436328888,0.9733852744102478,-0.8986244797706604,-0.28464004397392273,1.0409096479415894,-0.7168052196502686,-0.2863532304763794
0.0,0.0,0.0,0.4147021770477295,0.02363693341612816,0.05165277048945427,0.7438351511955261,-0.027816981077194214,0.02176298201084137,1.0328373908996582,-0.04843021556735039,-0.06192196533083916,1.2580235004425049,-0.14589880406856537,-0.13810868561267853,0.5675233006477356,-0.7760152220726013,0.1989259123802185,0.9999774098396301,-0.8742005825042725,0.10332463681697845,1.2536507844924927,-0.7242551445960999,-0.01077357679605484,1.370708703994751,-0.5768523812294006,-0.07559443265199661,0.506496787071228,-0.8571460247039795,0.09360478073358536,1.0100936889648438,-1.0532348155975342,-0.011978051625192165,1.2853055000305176,-0.8604452013969421,-0.11808156222105026,1.3793654441833496,-0.6397891044616699,-0.1729721873998642,0.49379873275756836,-0.8637179136276245,-0.02909761667251587,0.984800398349762,-1.113102674484253,-0.12923969328403473,1.2756885290145874,-0.921213686466217,-0.1871524602174759,1.3846864700317383,-0.695821225643158,-0.20143863558769226,0.5353386998176575,-0.7995783686637878,-0.15334779024124146,0.9587304592132568,-1.0126073360443115,-0.22078394889831543,1.2067874670028687,-0.9135635495185852,-0.2304469496011734,1.3350030183792114,-0.7601989507675171,-0.22073428332805634
0.0,0.0,0.0,0.3702291250228882,0.06228972598910332,0.012250293977558613,0.6638169884681702,0.0065848431549966335,-0.059375207871198654,0.931156575679779,-0.014691869728267193,-0.1754438728094101,1.1536210775375366,-0.0278665479272604,-0.2842390537261963,0.5037403106689453,-0.8407880663871765,0.03006167523562908,0.977724015712738,-1.097212791442871,-0.09074247628450394,1.225298285484314,-0.946703314781189,-0.18925608694553375,1.2877260446548462,-0.7634190917015076,-0.22935143113136292,0.44695767760276794,-0.8932443261146545,-0.04840761050581932,1.002601981163025,-1.1613285541534424,-0.143645778298378,1.256681203842163,-0.9582071304321289,-0.20534220337867737,1.2960999011993408,-0.7575931549072266,-0.22983801364898682,0.4669055938720703,-0.8735054731369019,-0.13702638447284698,0.9980983734130859,-1.168391227722168,-0.21123681962490082,1.2476648092269897,-0.983879804611206,-0.21940916776657104,1.294952392578125,-0.7853585481643677,-0.20241385698318481,0.5456938743591309,-0.7877277731895447,-0.2289859652519226,0.9815605282783508,-1.0510238409042358,-0.25375381112098694,1.1977739334106445,-0.9541091322898865,-0.21656514704227448,1.2601847648620605,-0.8002123236656189,-0.1747904270887375
0.0,0.0,0.0,0.36099690198898315,0.0465584471821785,0.048309821635484695,0.6433833241462708,-0.0058110561221838,-0.0021191441919654608,0.894597589969635,-0.016618652269244194,-0.10238660871982574,1.1166051626205444,-0.03908993676304817,-0.19891265034675598,0.46339693665504456,-0.8471311330795288,0.09726524353027344,0.8946192264556885,-1.040324091911316,0.0005139381974004209,1.1517807245254517,-0.9065527319908142,-0.09417594969272614,1.2675038576126099,-0.7453288435935974,-0.14069439470767975,0.4103372097015381,-0.9119285345077515,0.0031271253246814013,0.9488986134529114,-1.126752495765686,-0.0770636647939682,1.2183504104614258,-0.9415870904922485,-0.14733117818832397,1.3024176359176636,-0.7364718317985535,-0.1819698065519333,0.4318508207798004,-0.8976980447769165,-0.09917949140071869,0.953840434551239,-1.147053599357605,-0.16658024489879608,1.2276638746261597,-0.9669042825698853,-0.1879625767469406,1.322441577911377,-0.7575280666351318,-0.18197821080684662,0.5164604783058167,-0.8130073547363281,-0.20236848294734955,0.9495112299919128,-1.0405619144439697,-0.2291281521320343,1.1856111288070679,-0.9443674683570862,-0.2027646005153656,1.2944791316986084,-0.793514609336853,-0.16969411075115204
0.0,0.0,0.0,0.40620264410972595,0.04025762528181076,0.16600435972213745,0.6933640837669373,-0.022909879684448242,0.17708390951156616,0.9412190318107605,-0.03385016694664955,0.11267122626304626,1.1506177186965942,-0.06371447443962097,0.04721616953611374,0.4852180480957031,-0.843925416469574,0.26739609241485596,0.8982833623886108,-1.0631182193756104,0.23255738615989685,1.14850652217865,-0.9223458170890808,0.1686774343252182,1.2663509845733643,-0.7512553334236145,0.1332114338874817,0.4348994493484497,-0.8929884433746338,0.11590573191642761,0.944880485534668,-1.1391478776931763,0.08410230278968811,1.223719835281372,-0.9498485922813416,0.025579888373613358,1.3091059923171997,-0.7215646505355835,-0.006205376703292131,0.4555746018886566,-0.8658490777015686,-0.03818322345614433,0.9550206065177917,-1.1490031480789185,-0.058916445821523666,1.2325066328048706,-0.9557732939720154,-0.057464804500341415,1.3182939291000366,-0.7343953251838684,-0.04481007531285286,0.5488682985305786,-0.7613552808761597,-0.18661409616470337,0.9633101224899292,-1.0192779302597046,-0.17957714200019836,1.187914252281189,-0.920019268989563,-0.13297376036643982,1.2760800123214722,-0.7640847563743591,-0.09208110719919205
0.0,0.0,0.0,0.3971378207206726,0.056696806102991104,0.08975005894899368,0.7241473197937012,0.012095226906239986,0.05611681938171387,1.0004487037658691,-0.0038898319471627474,-0.035585902631282806,1.2350871562957764,-0.04323701187968254,-0.12328431755304337,0.5513890385627747,-0.8208689093589783,0.15029822289943695,0.9891313314437866,-1.0709552764892578,0.07106177508831024,1.2577464580535889,-0.9450055956840515,-0.011697528883814812,1.3891655206680298,-0.7810261845588684,-0.053575415164232254,0.4861788749694824,-0.8733283281326294,0.030459560453891754,1.0241835117340088,-1.155354380607605,-0.05334284156560898,1.3253474235534668,-0.9768046140670776,-0.1276777982711792,1.423448085784912,-0.7442184090614319,-0.16031838953495026,0.48779356479644775,-0.8498209714889526,-0.09485969692468643,1.0141595602035522,-1.1523817777633667,-0.15989820659160614,1.3092608451843262,-0.9674537181854248,-0.1695907711982727,1.4036707878112793,-0.7465509176254272,-0.15421469509601593,0.555058479309082,-0.7504972815513611,-0.21848776936531067,0.9991376996040344,-1.0107089281082153,-0.24170975387096405,1.2360572814941406,-0.9101362824440002,-0.20649704337120056,1.330890417098999,-0.7501503825187683,-0.16618910431861877
0.0,0.0,0.0,0.40709179639816284,0.06800135225057602,0.0728016346693039,0.7480484247207642,0.03570329397916794,0.032515693455934525,1.0352787971496582,0.026545753702521324,-0.06680308282375336,1.2935534715652466,-0.016468673944473267,-0.16199186444282532,0.5795177817344666,-0.7844198942184448,0.19066880643367767,0.9876503348350525,-1.0279960632324219,0.11543324589729309,1.2589794397354126,-0.920188844203949,0.024538284167647362,1.3914016485214233,-0.7608200311660767,-0.022634321823716164,0.5162196159362793,-0.8529236316680908,0.0777086392045021,1.0230789184570312,-1.13760507106781,0.009086941368877888,1.3248717784881592,-0.9806504249572754,-0.07644977420568466,1.4236911535263062,-0.7477113604545593,-0.1194603219628334,0.5100576877593994,-0.8448395133018494,-0.045805130153894424,1.0104055404663086,-1.1420360803604126,-0.0987701267004013,1.3114351034164429,-0.9725531935691833,-0.12288306653499603,1.4090516567230225,-0.7557297945022583,-0.12010908126831055,0.5654373168945312,-0.7580105662345886,-0.1701667606830597,1.0056153535842896,-1.011422872543335,-0.19168759882450104,1.2541767358779907,-0.9143062829971313,-0.1652534008026123,1.3558684587478638,-0.7510733604431152,-0.13130536675453186
0.0,0.0,0.0,0.40740254521369934,0.07468488812446594,0.14280550181865692,0.7295278906822205,0.03341854736208916,0.1472436785697937,0.9950235486030579,0.02219080552458763,0.07560336589813232,1.2426949739456177,-0.03146035224199295,0.004084945190697908,0.5748987793922424,-0.7623347640037537,0.34143683314323425,0.9400660991668701,-0.976161003112793,0.32294148206710815,1.1935815811157227,-0.8772916793823242,0.25592637062072754,1.3202553987503052,-0.7376382946968079,0.21411791443824768,0.5157031416893005,-0.8340306878089905,0.19606897234916687,0.9593462944030762,-1.0955255031585693,0.16885429620742798,1.2500946521759033,-0.9479169845581055,0.08726949244737625,1.3500826358795166,-0.7204984426498413,0.04125504940748215,0.5048761367797852,-0.8419564366340637,0.03960895910859108,0.9445993900299072,-1.1096878051757812,0.019123481586575508,1.2408984899520874,-0.943925142288208,-0.010623175650835037,1.3447370529174805,-0.7307535409927368,-0.019523341208696365,0.552634596824646,-0.7773405313491821,-0.1147770956158638,0.9491647481918335,-0.993399441242218,-0.11462939530611038,1.1884814500808716,-0.8993651866912842,-0.09170956909656525,1.2940443754196167,-0.7452097535133362,-0.06755734235048294
0.0,0.0,0.0,0.42261433601379395,0.08146969974040985,0.15473347902297974,0.7354899048805237,0.0517212338745594,0.16681747138500214,1.0123305320739746,0.03889395296573639,0.09791168570518494,1.2640283107757568,-0.02106361836194992,0.024844864383339882,0.6019299626350403,-0.7381922602653503,0.35746994614601135,0.9717952609062195,-0.9511998295783997,0.33229580521583557,1.219301700592041,-0.8445910215377808,0.2570594549179077,1.3428459167480469,-0.6919372081756592,0.20972168445587158,0.539878785610199,-0.8177076578140259,0.19971241056919098,0.9891490936279297,-1.0856761932373047,0.16009482741355896,1.2768840789794922,-0.9303370118141174,0.061647213995456696,1.3762339353561401,-0.6892223358154297,0.005581127014011145,0.519362211227417,-0.8275380730628967,0.030607301741838455,0.9572852253913879,-1.0962176322937012,-0.006489995401352644,1.2524298429489136,-0.917324423789978,-0.05500567704439163,1.357218623161316,-0.6921411752700806,-0.0740232914686203,0.5510559678077698,-0.7608522176742554,-0.13465851545333862,0.9487388730049133,-0.9843079447746277,-0.1529984176158905,1.1929726600646973,-0.8834238648414612,-0.14563171565532684,1.3093461990356445,-0.72139573097229,-0.13159891963005066
0.0,0.0,0.0,0.43150219321250916,0.07555019855499268,0.14742888510227203,0.755431592464447,0.04687389358878136,0.17574535310268402,1.026591420173645,0.023088563233613968,0.1267315298318863,1.2765575647354126,-0.04593806341290474,0.07547537237405777,0.6354035139083862,-0.6972417831420898,0.3934313654899597,0.9813252091407776,-0.8848928809165955,0.3914977014064789,1.2169537544250488,-0.793925940990448,0.3275322914123535,1.3479996919631958,-0.6683831214904785,0.2821594476699829,0.5731083750724792,-0.7817822694778442,0.245689257979393,0.9853688478469849,-1.0422117710113525,0.21865355968475342,1.2653461694717407,-0.9083502292633057,0.12223365157842636,1.3787716627120972,-0.6942150592803955,0.06472668796777725,0.5401566028594971,-0.8042147159576416,0.08331378549337387,0.9494587779045105,-1.0762474536895752,0.040600430220365524,1.244511604309082,-0.8989585638046265,-0.02097572572529316,1.3607258796691895,-0.6743576526641846,-0.04773465171456337,0.5520787239074707,-0.761254072189331,-0.07490109652280807,0.9354727268218994,-0.9806637167930603,-0.1054149940609932,1.1776798963546753,-0.869291365146637,-0.10969651490449905,1.2989683151245117,-0.6989597678184509,-0.10358325392007828
0.0,0.0,0.0,0.3813321590423584,0.09449075907468796,-0.06638646125793457,0.7501233816146851,0.1030861958861351,-0.12341915816068649,1.0194932222366333,0.08645829558372498,-0.20465847849845886,1.2539881467819214,-0.006819522939622402,-0.2783055603504181,0.8579711318016052,-0.5369560718536377,0.06320558488368988,1.128986120223999,-0.8313336968421936,-0.06271751970052719,1.2969422340393066,-0.7288798093795776,-0.18716204166412354,1.3395904302597046,-0.5643917322158813,-0.2521515190601349,0.7697997689247131,-0.6380185484886169,0.018456852063536644,1.067057728767395,-0.962185263633728,-0.10416646301746368,1.2510905265808105,-0.8181123733520508,-0.2342420071363449,1.261214256286621,-0.6037337183952332,-0.3050413429737091,0.6521256566047668,-0.720170795917511,-0.04992959275841713,0.9404600262641907,-1.021498680114746,-0.1570354551076889,1.1372650861740112,-0.8708277940750122,-0.2336539924144745,1.1678560972213745,-0.653046727180481,-0.2620435059070587,0.5071194767951965,-0.7706746459007263,-0.12944172322750092,0.777614414691925,-0.9853175282478333,-0.22148704528808594,0.9692538380622864,-0.8979285955429077,-0.2582811415195465,1.0405360460281372,-0.7288639545440674,-0.2627756595611572
0.0,0.0,0.0,0.3799029588699341,0.09973584860563278,-0.09659931063652039,0.7631378173828125,0.11935252696275711,-0.16676068305969238,1.039341926574707,0.11000118404626846,-0.2544874846935272,1.2690626382827759,-0.0033081769943237305,-0.33869120478630066,0.8701233863830566,-0.5194259285926819,-0.004760744050145149,1.148173451423645,-0.820586621761322,-0.13753379881381989,1.3206417560577393,-0.7480165958404541,-0.2611626386642456,1.3669170141220093,-0.6124881505966187,-0.32294145226478577,0.7700905203819275,-0.6367450952529907,-0.03893958404660225,1.0723819732666016,-0.9977696537971497,-0.17182861268520355,1.2465473413467407,-0.8649035692214966,-0.29862114787101746,1.226345181465149,-0.6497599482536316,-0.3598719537258148,0.6312673687934875,-0.7270052433013916,-0.09421082586050034,0.9109032154083252,-1.058052897453308,-0.21233992278575897,1.0770583152770996,-0.9150519371032715,-0.28626149892807007,1.0574383735656738,-0.6982188820838928,-0.3055431544780731,0.45516684651374817,-0.7866843342781067,-0.1610545516014099,0.7217541337013245,-1.0383458137512207,-0.2684725522994995,0.8897989392280579,-0.9447762370109558,-0.305325448513031,0.9146299362182617,-0.761027991771698,-0.3025670051574707
0.0,0.0,0.0,0.378900945186615,0.08978965878486633,-0.08497210592031479,0.767543375492096,0.1023830845952034,-0.15660817921161652,1.0417214632034302,0.09212619066238403,-0.24549317359924316,1.2695691585540771,-0.012918153777718544,-0.3288014829158783,0.8690963387489319,-0.5324589014053345,-0.02765927091240883,1.156353235244751,-0.8601897954940796,-0.1588820070028305,1.3190966844558716,-0.7485265731811523,-0.27394920587539673,1.3462532758712769,-0.5928598642349243,-0.3321499824523926,0.7657427191734314,-0.6396713852882385,-0.06677310168743134,1.0796053409576416,-1.0013951063156128,-0.1971256583929062,1.2392585277557373,-0.8251466155052185,-0.31638526916503906,1.2113220691680908,-0.6148186922073364,-0.37892940640449524,0.6263412237167358,-0.7262938022613525,-0.1233513131737709,0.9132652878761292,-1.063093662261963,-0.23556488752365112,1.0752031803131104,-0.8827492594718933,-0.2987723648548126,1.0525977611541748,-0.6638103723526001,-0.31865763664245605,0.4518090486526489,-0.7858285903930664,-0.1902289241552353,0.7264057993888855,-1.0249484777450562,-0.2941834628582001,0.8832468390464783,-0.9099872708320618,-0.3245404064655304,0.8960052132606506,-0.7346253991127014,-0.3230772614479065
0.0,0.0,0.0,0.3740278482437134,0.08339410275220871,-0.07763014733791351,0.7556312680244446,0.08229223638772964,-0.1434609293937683,1.0366711616516113,0.06259976327419281,-0.22861512005329132,1.2809276580810547,-0.02670600824058056,-0.3083626925945282,0.8550495505332947,-0.5411025285720825,-0.005488566588610411,1.131443738937378,-0.8440495133399963,-0.13443557918071747,1.29518723487854,-0.7467211484909058,-0.24612605571746826,1.329065203666687,-0.6007958054542542,-0.3007621467113495,0.7603294849395752,-0.6478481292724609,-0.04681815207004547,1.0615360736846924,-0.9803053140640259,-0.17383728921413422,1.2286797761917114,-0.8204436898231506,-0.2852535843849182,1.208893895149231,-0.6156327724456787,-0.3405175507068634,0.628061056137085,-0.7304570078849792,-0.10737945139408112,0.9066702723503113,-1.0486030578613281,-0.21873190999031067,1.0715419054031372,-0.8769684433937073,-0.27562233805656433,1.0584310293197632,-0.6614136099815369,-0.28895628452301025,0.46077466011047363,-0.783396303653717,-0.17838604748249054,0.7224450707435608,-1.0307092666625977,-0.28008419275283813,0.8908555507659912,-0.9216732978820801,-0.3076140582561493,0.9243733286857605,-0.7403416633605957,-0.30195188522338867
0.0,0.0,0.0,0.4124574065208435,0.07696504145860672,0.04055102914571762,0.7497163414955139,0.036454856395721436,0.03799714520573616,0.9914179444313049,0.009903699159622192,-0.020897770300507545,1.230816125869751,-0.06699090451002121,-0.07690740376710892,0.7764884233474731,-0.6084666848182678,0.2680549621582031,1.0333123207092285,-0.8664820194244385,0.18853996694087982,1.235642671585083,-0.7934712767601013,0.08001601696014404,1.3340590000152588,-0.6536016464233398,0.016056280583143234,0.7049562931060791,-0.6905746459960938,0.16168875992298126,0.9992353320121765,-1.0111563205718994,0.06333897262811661,1.2375373840332031,-0.8894409537315369,-0.07007620483636856,1.3156020641326904,-0.6765367388725281,-0.1436668038368225,0.6151779890060425,-0.7563631534576416,0.029870498925447464,0.9337836503982544,-1.0432687997817993,-0.06918670982122421,1.1877717971801758,-0.8766354322433472,-0.15669375658035278,1.2811497449874878,-0.6447330117225647,-0.19079747796058655,0.5249367356300354,-0.7752659320831299,-0.10650711506605148,0.8478538393974304,-0.9670900702476501,-0.18843276798725128,1.0727427005767822,-0.8606581091880798,-0.22505587339401245,1.181557059288025,-0.6840013265609741,-0.23238982260227203
