feature_0,feature_1,feature_2,feature_3,feature_4,feature_5,feature_6,feature_7,feature_8,feature_9,feature_10,feature_11,feature_12,feature_13,feature_14,feature_15,feature_16,feature_17,feature_18,feature_19,feature_20,feature_21,feature_22,feature_23,feature_24,feature_25,feature_26,feature_27,feature_28,feature_29,feature_30,feature_31,feature_32,feature_33,feature_34,feature_35,feature_36,feature_37,feature_38,feature_39,feature_40,feature_41,feature_42,feature_43,feature_44,feature_45,feature_46,feature_47,feature_48,feature_49,feature_50,feature_51,feature_52,feature_53,feature_54,feature_55,feature_56,feature_57,feature_58,feature_59,feature_60,feature_61,feature_62
0.0,0.0,0.0,0.34074440598487854,-0.1177435964345932,-0.09737803041934967,0.615472137928009,-0.4544849991798401,-0.13770504295825958,0.47939521074295044,-0.7228818535804749,-0.18227072060108185,0.19434283673763275,-0.7256143689155579,-0.19602186977863312,0.5097834467887878,-0.8940214514732361,-0.018898433074355125,0.6663832664489746,-1.2157282829284668,-0.15269708633422852,0.6150962710380554,-0.9035349488258362,-0.22819289565086365,0.5108334422111511,-0.7362418174743652,-0.26164138317108154,0.3069925606250763,-0.9502872824668884,-0.05205383524298668,0.44550755620002747,-1.3294274806976318,-0.1839245706796646,0.4306553900241852,-0.9853166341781616,-0.21749600768089294,0.3274085521697998,-0.8166468739509583,-0.20216761529445648,0.10199758410453796,-0.9524854421615601,-0.10761246085166931,0.18232838809490204,-1.334456205368042,-0.23455752432346344,0.234136700630188,-1.005818247795105,-0.18575884401798248,0.16671346127986908,-0.8314849138259888,-0.11298608779907227,-0.1298903524875641,-0.9140539169311523,-0.17417804896831512,-0.01007774192839861,-1.1775448322296143,-0.2419148087501526,0.06959819048643112,-0.9649255871772766,-0.17253977060317993,0.02857719361782074,-0.8160750865936279,-0.10018759965896606
0.0,0.0,0.0,0.34254974126815796,-0.11770755052566528,-0.09826231002807617,0.6144223809242249,-0.4578478932380676,-0.13794520497322083,0.47673553228378296,-0.7246364951133728,-0.18147452175617218,0.18728667497634888,-0.7089094519615173,-0.1940058320760727,0.5007569789886475,-0.901746392250061,-0.023530514910817146,0.6491003632545471,-1.2271323204040527,-0.15501512587070465,0.5982711911201477,-0.9061908721923828,-0.22847895324230194,0.49388501048088074,-0.7351090312004089,-0.26020002365112305,0.2971809506416321,-0.9533163905143738,-0.05358508229255676,0.42959633469581604,-1.3279238939285278,-0.18078143894672394,0.41726627945899963,-0.9812273383140564,-0.21080055832862854,0.3171021044254303,-0.8096747994422913,-0.1944551318883896,0.09389640390872955,-0.950817346572876,-0.1056516095995903,0.1708652228116989,-1.3279675245285034,-0.2257537990808487,0.22480016946792603,-0.9999533891677856,-0.1749734729528427,0.16108661890029907,-0.8177223205566406,-0.1020442321896553,-0.13335399329662323,-0.9079668521881104,-0.16925176978111267,-0.017839228734374046,-1.1740520000457764,-0.2318854033946991,0.06444112211465836,-0.9649364948272705,-0.16274330019950867,0.027971379458904266,-0.8092780113220215,-0.09111753106117249
0.0,0.0,0.0,0.34313109517097473,-0.11851036548614502,-0.0973144918680191,0.6123592853546143,-0.44783303141593933,-0.1398809552192688,0.4638396203517914,-0.7126826047897339,-0.18608570098876953,0.1780664026737213,-0.7098405957221985,-0.20165708661079407,0.5157134532928467,-0.8966355323791504,-0.027199743315577507,0.6551647782325745,-1.2245157957077026,-0.16228996217250824,0.5935441851615906,-0.9059332609176636,-0.23557834327220917,0.49945682287216187,-0.7373842000961304,-0.2663566768169403,0.30711084604263306,-0.9499537348747253,-0.057191401720047,0.43352437019348145,-1.3198925256729126,-0.18770621716976166,0.4086696207523346,-0.974158525466919,-0.21505902707576752,0.32168322801589966,-0.8099501729011536,-0.1957903802394867,0.09712528437376022,-0.9468816518783569,-0.10881032049655914,0.1677841991186142,-1.319486141204834,-0.23342880606651306,0.21148331463336945,-0.9874390959739685,-0.17839638888835907,0.15805789828300476,-0.8116458058357239,-0.10138759016990662,-0.1363716572523117,-0.9015160202980042,-0.17117507755756378,-0.028385210782289505,-1.159995675086975,-0.23522989451885223,0.04654007777571678,-0.9420455694198608,-0.16076646745204926,0.01638675108551979,-0.7874504923820496,-0.08380221575498581
0.0,0.0,0.0,0.35270920395851135,-0.1122564747929573,-0.11380986869335175,0.6180768013000488,-0.4481170177459717,-0.1623569130897522,0.4343080222606659,-0.7287045121192932,-0.2106953114271164,0.13596884906291962,-0.732289731502533,-0.22577978670597076,0.5370628237724304,-0.8873600363731384,-0.048790886998176575,0.6789882779121399,-1.2344697713851929,-0.19081872701644897,0.597910463809967,-0.9138851165771484,-0.258492648601532,0.49900245666503906,-0.7470151782035828,-0.28289657831192017,0.3142159581184387,-0.9467399716377258,-0.07036880403757095,0.44251158833503723,-1.3363356590270996,-0.2087656706571579,0.3992730975151062,-0.9821833372116089,-0.22698402404785156,0.3085067570209503,-0.8128260374069214,-0.1977914720773697,0.09381936490535736,-0.9500367641448975,-0.11509362608194351,0.15825414657592773,-1.3433892726898193,-0.24481967091560364,0.18612615764141083,-1.0036016702651978,-0.17858634889125824,0.12791644036769867,-0.8192537426948547,-0.09070251882076263,-0.14975975453853607,-0.9136835932731628,-0.1717298924922943,-0.06651672720909119,-1.1967540979385376,-0.23323866724967957,-0.0033917101100087166,-0.9819086194038391,-0.1510610282421112,-0.03451797366142273,-0.8257915377616882,-0.06746385246515274
0.0,0.0,0.0,0.3541852533817291,-0.12586520612239838,-0.10901187360286713,0.6042886972427368,-0.46717989444732666,-0.1531764566898346,0.4112568497657776,-0.7406330108642578,-0.19851051270961761,0.11297309398651123,-0.7164624333381653,-0.2128523886203766,0.5231282114982605,-0.8931728005409241,-0.030710352584719658,0.6595278978347778,-1.2215749025344849,-0.1602022498846054,0.5736436247825623,-0.9125415086746216,-0.2290574014186859,0.4729749858379364,-0.7386479377746582,-0.25819963216781616,0.30555999279022217,-0.9506638050079346,-0.0535864382982254,0.4270484745502472,-1.338437795639038,-0.181810662150383,0.38587167859077454,-0.9992785453796387,-0.2033178210258484,0.30076611042022705,-0.8174489736557007,-0.17840680480003357,0.0881994441151619,-0.9517358541488647,-0.09927739202976227,0.1513267308473587,-1.3409643173217773,-0.22250337898731232,0.18239851295948029,-1.015010118484497,-0.16613154113292694,0.1288769692182541,-0.8241784572601318,-0.08561694622039795,-0.15360628068447113,-0.9106938242912292,-0.15700091421604156,-0.061992280185222626,-1.1949182748794556,-0.21931681036949158,0.0024325421545654535,-0.9864106178283691,-0.14526183903217316,-0.02516879513859749,-0.8277513384819031,-0.06823467463254929
0.0,0.0,0.0,0.3474578261375427,-0.0901261493563652,-0.11328701674938202,0.6211252212524414,-0.4473525881767273,-0.15183420479297638,0.45859888195991516,-0.7405748963356018,-0.19026412069797516,0.15432985126972198,-0.7234758734703064,-0.19267307221889496,0.5459044575691223,-0.8782296776771545,-0.030623042955994606,0.7073986530303955,-1.2201648950576782,-0.17033061385154724,0.616935670375824,-0.8974050283432007,-0.23488901555538177,0.5099197030067444,-0.7309945225715637,-0.25712838768959045,0.3297642171382904,-0.9425913095474243,-0.05269842967391014,0.463593065738678,-1.3293217420578003,-0.19458943605422974,0.4170660674571991,-0.9687905311584473,-0.21004343032836914,0.3283839821815491,-0.8027061820030212,-0.17517521977424622,0.11582964658737183,-0.9499445557594299,-0.10013079643249512,0.19029301404953003,-1.3351774215698242,-0.23256342113018036,0.21528466045856476,-0.9914145469665527,-0.1654137521982193,0.15640227496623993,-0.8146880865097046,-0.07455490529537201,-0.12002844363451004,-0.9223464727401733,-0.16041259467601776,-0.016986267641186714,-1.1916613578796387,-0.21993671357631683,0.04212255775928497,-0.9728903770446777,-0.13842295110225677,0.006318594794720411,-0.8240160346031189,-0.05560587719082832
0.0,0.0,0.0,0.3550518751144409,-0.11450965702533722,-0.10667329281568527,0.6194730997085571,-0.4441271126270294,-0.15457874536514282,0.4243500530719757,-0.7135729193687439,-0.20277443528175354,0.1189194843173027,-0.7207230925559998,-0.2187347412109375,0.5442582964897156,-0.8813158869743347,-0.04310223087668419,0.6814540028572083,-1.2254817485809326,-0.18870922923088074,0.5948668718338013,-0.9035295248031616,-0.25984543561935425,0.4914328455924988,-0.7246220707893372,-0.2847265303134918,0.31574124097824097,-0.946458101272583,-0.06726457923650742,0.4387745261192322,-1.344112753868103,-0.2050619125366211,0.39671188592910767,-0.989217221736908,-0.22217196226119995,0.3073335289955139,-0.8064156770706177,-0.192159503698349,0.09137211740016937,-0.9511276483535767,-0.11484750360250473,0.1459619700908661,-1.3481121063232422,-0.24489635229110718,0.17382195591926575,-1.0066900253295898,-0.17829732596874237,0.11575783789157867,-0.8195241689682007,-0.09049468487501144,-0.15444321930408478,-0.9137493968009949,-0.17339609563350677,-0.0734313577413559,-1.1917322874069214,-0.23517824709415436,-0.010523454286158085,-0.9696075916290283,-0.15137885510921478,-0.04129601642489433,-0.8146145343780518,-0.06714222580194473
0.0,0.0,0.0,0.3681684136390686,-0.13113394379615784,-0.11610829830169678,0.6335232257843018,-0.44967710971832275,-0.17562533915042877,0.4080869257450104,-0.7187590599060059,-0.23252063989639282,0.10910540819168091,-0.7646886706352234,-0.25558456778526306,0.563322126865387,-0.8744962811470032,-0.06441876292228699,0.7195624709129333,-1.2258156538009644,-0.2117893397808075,0.6149559020996094,-0.9169952273368835,-0.27930718660354614,0.5160567164421082,-0.7448326945304871,-0.302372545003891,0.32227423787117004,-0.9429250359535217,-0.08385556936264038,0.44796499609947205,-1.3571463823318481,-0.22240349650382996,0.3800191581249237,-1.002782940864563,-0.23612543940544128,0.30393925309181213,-0.8132463097572327,-0.20379391312599182,0.09064166992902756,-0.9502975940704346,-0.1261172741651535,0.15354587137699127,-1.3432599306106567,-0.251200407743454,0.16169017553329468,-1.0160189867019653,-0.18018022179603577,0.11297140270471573,-0.8314943313598633,-0.09068668633699417,-0.15659083425998688,-0.9182046055793762,-0.17970412969589233,-0.0860404223203659,-1.1892507076263428,-0.2270776927471161,-0.02710341103374958,-0.9914408922195435,-0.1358373761177063,-0.04489952698349953,-0.8513147234916687,-0.048462070524692535
0.0,0.0,0.0,0.37965694069862366,-0.11847510188817978,-0.12987011671066284,0.6348231434822083,-0.4611756503582001,-0.18389342725276947,0.3991149067878723,-0.7556922435760498,-0.23198097944259644,0.09050711244344711,-0.7666727304458618,-0.2452593743801117,0.5811125636100769,-0.8674536347389221,-0.061342332512140274,0.7089948058128357,-1.219240427017212,-0.20086129009723663,0.5869794487953186,-0.9184907674789429,-0.2593889534473419,0.5028715133666992,-0.7509492635726929,-0.2791653275489807,0.32642924785614014,-0.9424235820770264,-0.07267574965953827,0.43176379799842834,-1.3599145412445068,-0.2134304791688919,0.351696252822876,-1.0031925439834595,-0.2204601913690567,0.28724798560142517,-0.8123572468757629,-0.1795295625925064,0.08609676361083984,-0.9547233581542969,-0.10866791754961014,0.12635821104049683,-1.3578214645385742,-0.24080517888069153,0.13040384650230408,-1.0239148139953613,-0.16879349946975708,0.09313766658306122,-0.8315068483352661,-0.07340466231107712,-0.1668667048215866,-0.9265912771224976,-0.15714025497436523,-0.1289966106414795,-1.2173566818237305,-0.21308812499046326,-0.07066962122917175,-1.0179643630981445,-0.12707509100437164,-0.0747874304652214,-0.8687198758125305,-0.04021504893898964
0.0,0.0,0.0,0.3947296440601349,-0.13519330322742462,-0.12944038212299347,0.6671581864356995,-0.4681806266307831,-0.18480637669563293,0.4094410538673401,-0.768279492855072,-0.23604097962379456,0.0810278132557869,-0.7780441045761108,-0.2517513632774353,0.5855885744094849,-0.8720040321350098,-0.049883805215358734,0.7157599329948425,-1.2250339984893799,-0.1947622448205948,0.5903003215789795,-0.9130628705024719,-0.2545948922634125,0.5115017890930176,-0.7495087385177612,-0.27473390102386475,0.3332017660140991,-0.9407259225845337,-0.06333502382040024,0.4573764204978943,-1.345940351486206,-0.21029838919639587,0.35710233449935913,-0.980516791343689,-0.22018422186374664,0.27911072969436646,-0.801200270652771,-0.18091729283332825,0.08702829480171204,-0.9572091698646545,-0.10295373946428299,0.14502891898155212,-1.3675585985183716,-0.2496035397052765,0.1314786821603775,-1.0197551250457764,-0.18081434071063995,0.08409490436315536,-0.822583019733429,-0.08440977334976196,-0.18283653259277344,-0.9364105463027954,-0.15374566614627838,-0.12982012331485748,-1.2414387464523315,-0.22298580408096313,-0.08354511857032776,-1.0261589288711548,-0.13914532959461212,-0.09693436324596405,-0.8652104139328003,-0.051114898175001144
0.0,0.0,0.0,0.4042096734046936,-0.11102644354104996,-0.11840303242206573,0.70411616563797,-0.43058666586875916,-0.17044655978679657,0.45973363518714905,-0.718666672706604,-0.21984535455703735,0.1067919135093689,-0.6883969902992249,-0.23684972524642944,0.5987768173217773,-0.8728606700897217,-0.04781467095017433,0.7342824339866638,-1.2188724279403687,-0.18498724699020386,0.6183642745018005,-0.9024459719657898,-0.24017228186130524,0.5552463531494141,-0.7451421618461609,-0.2592642903327942,0.34842151403427124,-0.9349685311317444,-0.06660562753677368,0.476579487323761,-1.3192108869552612,-0.20606672763824463,0.38991260528564453,-0.9598513245582581,-0.21393558382987976,0.3244938552379608,-0.7969641089439392,-0.17540748417377472,0.10696720331907272,-0.9419758319854736,-0.1091436967253685,0.17205801606178284,-1.3158406019210815,-0.25317060947418213,0.16277062892913818,-0.9692321419715881,-0.18539771437644958,0.12363266199827194,-0.7954566478729248,-0.09141316264867783,-0.15635883808135986,-0.9150353670120239,-0.1615113765001297,-0.08388637006282806,-1.1898223161697388,-0.22273984551429749,-0.046850383281707764,-0.9598311185836792,-0.13067413866519928,-0.06578726321458817,-0.8090378642082214,-0.039506953209638596
0.0,0.0,0.0,0.41996660828590393,-0.07947385311126709,-0.12109532207250595,0.7372280359268188,-0.4416550397872925,-0.1605951339006424,0.5328453183174133,-0.7488272190093994,-0.19657471776008606,0.1679094135761261,-0.6633299589157104,-0.19786864519119263,0.5890552401542664,-0.8899314999580383,-0.025073885917663574,0.7492859363555908,-1.2269686460494995,-0.16168414056301117,0.6372503042221069,-0.8916659355163574,-0.2177087366580963,0.5441969633102417,-0.7348790168762207,-0.23638053238391876,0.35449039936065674,-0.9341646432876587,-0.04090125486254692,0.5011465549468994,-1.3003668785095215,-0.18412765860557556,0.41857969760894775,-0.9176618456840515,-0.19381359219551086,0.32051414251327515,-0.7674305438995361,-0.1536118984222412,0.12065937370061874,-0.9361931085586548,-0.0833573266863823,0.2224048674106598,-1.289190649986267,-0.2218935191631317,0.21490861475467682,-0.9233430624008179,-0.14531156420707703,0.14582081139087677,-0.7641496658325195,-0.04598667100071907,-0.142091765999794,-0.9191002249717712,-0.13786445558071136,-0.026950189843773842,-1.175897240638733,-0.18523834645748138,0.009641093201935291,-0.9401024580001831,-0.08819093555212021,-0.033255741000175476,-0.8095918893814087,0.002217702567577362
0.0,0.0,0.0,0.40628528594970703,-0.07338747382164001,-0.12004551291465759,0.7207293510437012,-0.4422721564769745,-0.16004678606987,0.5292193293571472,-0.7541916370391846,-0.1960972249507904,0.18348954617977142,-0.6794705390930176,-0.19427162408828735,0.5871411561965942,-0.8884828090667725,-0.034541647881269455,0.7445240616798401,-1.2319272756576538,-0.17755886912345886,0.6287451982498169,-0.884135365486145,-0.2324015200138092,0.5374677777290344,-0.7313411831855774,-0.24999049305915833,0.34450507164001465,-0.9371777176856995,-0.05490132421255112,0.49102893471717834,-1.3009309768676758,-0.20195704698562622,0.4095069468021393,-0.908685564994812,-0.2049722522497177,0.3169794976711273,-0.7756877541542053,-0.16047266125679016,0.10771283507347107,-0.9383219480514526,-0.10231150686740875,0.21195165812969208,-1.2850956916809082,-0.24121731519699097,0.20533166825771332,-0.9126805663108826,-0.1534784883260727,0.14005158841609955,-0.7759935259819031,-0.04924393445253372,-0.15263506770133972,-0.918512761592865,-0.16237999498844147,-0.03301147744059563,-1.1668686866760254,-0.20698359608650208,-7.513685704907402e-05,-0.9213118553161621,-0.10104117542505264,-0.045852310955524445,-0.8024324178695679,-0.005894821137189865
0.0,0.0,0.0,0.4182012379169464,-0.053907640278339386,-0.11979056149721146,0.736071765422821,-0.4383544325828552,-0.15164248645305634,0.5382832884788513,-0.7570703029632568,-0.17975594103336334,0.18326258659362793,-0.6744986176490784,-0.17005501687526703,0.6041196584701538,-0.8822460174560547,-0.02256360836327076,0.7657307982444763,-1.2228080034255981,-0.16312211751937866,0.6438500881195068,-0.8739705085754395,-0.217390775680542,0.5481295585632324,-0.7165296673774719,-0.23469358682632446,0.3584751784801483,-0.9326804876327515,-0.04003380611538887,0.510886549949646,-1.292298436164856,-0.1860392689704895,0.4190309941768646,-0.8986241221427917,-0.18908338248729706,0.32135429978370667,-0.7617203593254089,-0.14418992400169373,0.12029535323381424,-0.935295045375824,-0.08572854101657867,0.23314587771892548,-1.2795820236206055,-0.22391168773174286,0.21513639390468597,-0.9067318439483643,-0.13717523217201233,0.1428394466638565,-0.7659152746200562,-0.0337575301527977,-0.1414204239845276,-0.9205349087715149,-0.14426621794700623,-0.011793868616223335,-1.1611112356185913,-0.18789370357990265,0.011269179172813892,-0.9173312783241272,-0.08451510965824127,-0.039538610726594925,-0.8021137118339539,0.00780761381611228
0.0,0.0,0.0,0.40398627519607544,-0.06106960028409958,-0.10894380509853363,0.7227544188499451,-0.44267499446868896,-0.14072386920452118,0.5281043648719788,-0.7565281391143799,-0.17038793861865997,0.1730935424566269,-0.6829737424850464,-0.16143107414245605,0.592861533164978,-0.8883355259895325,-0.020975902676582336,0.7554972767829895,-1.2411918640136719,-0.16657759249210358,0.6460193395614624,-0.8832290768623352,-0.22427012026309967,0.5529166460037231,-0.7368056178092957,-0.2451862394809723,0.3496498763561249,-0.9357065558433533,-0.046885743737220764,0.5055809617042542,-1.3051176071166992,-0.19944311678409576,0.42174190282821655,-0.9005666971206665,-0.20624123513698578,0.31983819603919983,-0.7788677215576172,-0.16447554528713226,0.11294647306203842,-0.9350507855415344,-0.10020571202039719,0.2235495001077652,-1.2876625061035156,-0.240984246134758,0.21559052169322968,-0.9087789058685303,-0.15223659574985504,0.14345331490039825,-0.787192165851593,-0.0498478040099144,-0.14821463823318481,-0.9179112911224365,-0.1654912531375885,-0.017340363934636116,-1.15007483959198,-0.21109169721603394,0.00982292927801609,-0.9002100825309753,-0.10617731511592865,-0.04476618021726608,-0.796597421169281,-0.014204055070877075
0.0,0.0,0.0,0.38582053780555725,-0.10338286310434341,-0.11254943907260895,0.6587861776351929,-0.4833569824695587,-0.15117202699184418,0.45076078176498413,-0.7990838289260864,-0.18848346173763275,0.12004126608371735,-0.7307297587394714,-0.18816892802715302,0.5639935731887817,-0.885722815990448,-0.023570677265524864,0.7175999283790588,-1.2344908714294434,-0.15714006125926971,0.6058081984519958,-0.8911778926849365,-0.21447241306304932,0.5092722773551941,-0.7503369450569153,-0.23816660046577454,0.33692947030067444,-0.9402891993522644,-0.0483185313642025,0.4863840341567993,-1.3306794166564941,-0.1899653524160385,0.40969663858413696,-0.9545629024505615,-0.19954445958137512,0.3079892694950104,-0.8141799569129944,-0.16142919659614563,0.10892375558614731,-0.9475157260894775,-0.09858681261539459,0.20469775795936584,-1.3393058776855469,-0.2306642234325409,0.20869942009449005,-0.9871835708618164,-0.1540646255016327,0.13419672846794128,-0.8384345173835754,-0.05851330980658531,-0.146894171833992,-0.9302135109901428,-0.1613067239522934,-0.022324714809656143,-1.2045310735702515,-0.21143941581249237,0.022949209436774254,-0.9762395620346069,-0.11833362281322479,-0.02585529163479805,-0.8438603281974792,-0.03171471878886223
0.0,0.0,0.0,0.3728107810020447,-0.09528542309999466,-0.11086402088403702,0.6220322251319885,-0.45194122195243835,-0.1551089733839035,0.3635546565055847,-0.7622686624526978,-0.20046751201152802,0.054706353694200516,-0.8112156987190247,-0.21042819321155548,0.5680047869682312,-0.8662925958633423,-0.027038786560297012,0.724992036819458,-1.2367572784423828,-0.17485694587230682,0.6334006190299988,-0.9091874361038208,-0.24344316124916077,0.5245963931083679,-0.7467522025108337,-0.2666715383529663,0.3393718898296356,-0.9393064379692078,-0.050300732254981995,0.4880574941635132,-1.368708610534668,-0.19260108470916748,0.43587300181388855,-1.0037323236465454,-0.2099907249212265,0.33638542890548706,-0.8343334197998047,-0.17711660265922546,0.11259205639362335,-0.9627194404602051,-0.09988953918218613,0.19766968488693237,-1.4051576852798462,-0.23629280924797058,0.21572241187095642,-1.0533087253570557,-0.16633611917495728,0.14248740673065186,-0.8717480301856995,-0.07356240600347519,-0.14006644487380981,-0.9567966461181641,-0.16096247732639313,-0.023123109713196754,-1.268107295036316,-0.22779370844364166,0.034102700650691986,-1.0410566329956055,-0.14240199327468872,-0.012681262567639351,-0.889241635799408,-0.05561800301074982
0.0,0.0,0.0,0.3810444176197052,-0.08392634242773056,-0.10308953374624252,0.6321201324462891,-0.434680700302124,-0.14143259823322296,0.38389313220977783,-0.7523720264434814,-0.1832430064678192,0.0796624943614006,-0.8262636065483093,-0.19315782189369202,0.5843284130096436,-0.8520135283470154,-0.021257396787405014,0.7497341632843018,-1.2258658409118652,-0.1688915342092514,0.651343047618866,-0.9108645915985107,-0.24242053925991058,0.5310528874397278,-0.7340027093887329,-0.26714053750038147,0.357754111289978,-0.9327340722084045,-0.04493560269474983,0.5125624537467957,-1.3700921535491943,-0.1825598180294037,0.4591979682445526,-1.0161149501800537,-0.20392370223999023,0.359630286693573,-0.827684223651886,-0.17432363331317902,0.1349637508392334,-0.9625460505485535,-0.0941920205950737,0.226243793964386,-1.4171863794326782,-0.2244795709848404,0.24165746569633484,-1.0745280981063843,-0.16145557165145874,0.16759620606899261,-0.8753882646560669,-0.07441286742687225,-0.11303704977035522,-0.9596602320671082,-0.15443626046180725,0.008215447887778282,-1.282741665840149,-0.221754789352417,0.06387121230363846,-1.059814214706421,-0.14247868955135345,0.01747359149158001,-0.8944405317306519,-0.059636279940605164
0.0,0.0,0.0,0.3752724230289459,-0.07870808243751526,-0.10139083862304688,0.6279743313789368,-0.42653578519821167,-0.13895945250988007,0.3934505581855774,-0.73934006690979,-0.18119871616363525,0.0890553742647171,-0.8033381104469299,-0.1916276067495346,0.5840970277786255,-0.8495542407035828,-0.026126112788915634,0.7655198574066162,-1.2229639291763306,-0.17294473946094513,0.6666119694709778,-0.9126344919204712,-0.24591708183288574,0.5484959483146667,-0.7303357720375061,-0.27056312561035156,0.3628706932067871,-0.9304426908493042,-0.05100196599960327,0.5349979996681213,-1.3665249347686768,-0.18945075571537018,0.4723159372806549,-1.0195722579956055,-0.2134547084569931,0.36820152401924133,-0.8244175910949707,-0.18652893602848053,0.14188912510871887,-0.9628522992134094,-0.10083925724029541,0.23959636688232422,-1.4236586093902588,-0.22720074653625488,0.25023800134658813,-1.09048593044281,-0.16892851889133453,0.17681682109832764,-0.883083164691925,-0.08655107766389847,-0.10046442598104477,-0.9597304463386536,-0.1619507074356079,0.01577872224152088,-1.2869700193405151,-0.22646081447601318,0.07205051183700562,-1.0722204446792603,-0.1528674215078354,0.02969435788691044,-0.8999645113945007,-0.07565733045339584
0.0,0.0,0.0,0.35585665702819824,-0.08742111921310425,-0.10161996632814407,0.6144371628761292,-0.42400062084198,-0.14246928691864014,0.4110927879810333,-0.719875693321228,-0.18817993998527527,0.11117149889469147,-0.7769111394882202,-0.20273423194885254,0.5799131989479065,-0.850435197353363,-0.03617841377854347,0.7504228353500366,-1.218735933303833,-0.18052266538143158,0.6622390747070312,-0.9163782000541687,-0.2529304623603821,0.5538249611854553,-0.7339488863945007,-0.27782827615737915,0.3597351014614105,-0.9309936165809631,-0.06197945028543472,0.5170257687568665,-1.3480626344680786,-0.19810739159584045,0.4633547365665436,-1.009669542312622,-0.2227693349123001,0.366678386926651,-0.8178084492683411,-0.19811700284481049,0.14280569553375244,-0.9593749046325684,-0.11173426359891891,0.2277710884809494,-1.4042600393295288,-0.23422817885875702,0.2450644075870514,-1.083729863166809,-0.18121705949306488,0.1804279088973999,-0.877877414226532,-0.10401548445224762,-0.09251866489648819,-0.9482492804527283,-0.17292989790439606,0.004667891655117273,-1.2673906087875366,-0.23752711713314056,0.06664960086345673,-1.0640114545822144,-0.16982479393482208,0.034395258873701096,-0.8915367126464844,-0.09656254947185516
0.0,0.0,0.0,0.3433891236782074,-0.07993968576192856,-0.12129884213209152,0.6081227660179138,-0.4078039824962616,-0.17439383268356323,0.39659249782562256,-0.6931907534599304,-0.23037400841712952,0.09894225001335144,-0.7480288147926331,-0.25671225786209106,0.5797662734985352,-0.8512164950370789,-0.07115905731916428,0.7474817633628845,-1.2153356075286865,-0.22509795427322388,0.6537091135978699,-0.9295592308044434,-0.30301496386528015,0.5574936270713806,-0.7237163782119751,-0.32978755235671997,0.3442161977291107,-0.9345889091491699,-0.08977057039737701,0.4979649484157562,-1.3637495040893555,-0.24316483736038208,0.44513988494873047,-1.0476405620574951,-0.2799161970615387,0.3747240900993347,-0.8153202533721924,-0.25992298126220703,0.11869101226329803,-0.9647423624992371,-0.13313275575637817,0.1841774582862854,-1.4291348457336426,-0.25954508781433105,0.20898012816905975,-1.131895661354065,-0.22635219991207123,0.17743340134620667,-0.8903002142906189,-0.16204020380973816,-0.11785506457090378,-0.945142388343811,-0.19056358933448792,-0.06446382403373718,-1.255744218826294,-0.25643354654312134,0.004941114690154791,-1.100061058998108,-0.2135743945837021,0.0047842999920248985,-0.9353359341621399,-0.1594429463148117
0.0,0.0,0.0,0.3446890711784363,-0.08969200402498245,-0.10661519318819046,0.6045714616775513,-0.40996482968330383,-0.15669302642345428,0.405408650636673,-0.6863508820533752,-0.21349528431892395,0.11630246788263321,-0.7265505194664001,-0.24650609493255615,0.562333881855011,-0.8582956194877625,-0.061338890343904495,0.7340410947799683,-1.20940101146698,-0.20960567891597748,0.6457499861717224,-0.9497032165527344,-0.29656165838241577,0.5390636324882507,-0.7319062352180481,-0.3316638767719269,0.3325453996658325,-0.9389433860778809,-0.08831139653921127,0.4962976276874542,-1.37436044216156,-0.235446497797966,0.4544675946235657,-1.082962989807129,-0.2840052843093872,0.376539021730423,-0.835786759853363,-0.275389701128006,0.10638245940208435,-0.9635044932365417,-0.13732391595840454,0.17058558762073517,-1.4295361042022705,-0.2530595064163208,0.2082509547472,-1.1541825532913208,-0.2331247180700302,0.1744457185268402,-0.9073508977890015,-0.18270733952522278,-0.13793593645095825,-0.9366065263748169,-0.19981099665164948,-0.08614164590835571,-1.2493959665298462,-0.2615954279899597,-0.0016818828880786896,-1.108925461769104,-0.2271329015493393,0.004221869166940451,-0.9439910650253296,-0.18313609063625336
0.0,0.0,0.0,0.35748156905174255,-0.08214537799358368,-0.10899881273508072,0.6311434507369995,-0.3882146179676056,-0.16452060639858246,0.4411073327064514,-0.6694903373718262,-0.227237731218338,0.14496883749961853,-0.7193789482116699,-0.26930001378059387,0.5791182518005371,-0.8548220992088318,-0.07634598016738892,0.7585292458534241,-1.2187881469726562,-0.23307396471500397,0.6766683459281921,-0.9708769917488098,-0.3303579092025757,0.5559353828430176,-0.7470805644989014,-0.3705092668533325,0.34738585352897644,-0.9320235252380371,-0.10322386771440506,0.5058530569076538,-1.3779963254928589,-0.25405552983283997,0.4722822606563568,-1.0979938507080078,-0.3137212097644806,0.3871914744377136,-0.8422114849090576,-0.31496959924697876,0.12101166695356369,-0.9549773335456848,-0.15145550668239594,0.1887957602739334,-1.4284816980361938,-0.2638241946697235,0.22955134510993958,-1.1696902513504028,-0.25701016187667847,0.187970370054245,-0.9192749857902527,-0.2187281847000122,-0.12445556372404099,-0.9294023513793945,-0.21364031732082367,-0.0799795463681221,-1.2537713050842285,-0.27489757537841797,0.0092436159029603,-1.1274669170379639,-0.2505643963813782,0.017839493229985237,-0.9597968459129333,-0.21563081443309784
0.0,0.0,0.0,0.3540928363800049,-0.09016510844230652,-0.08723893016576767,0.6262752413749695,-0.3732650876045227,-0.1396908015012741,0.5303491950035095,-0.6420756578445435,-0.20651672780513763,0.23895469307899475,-0.6901854276657104,-0.25618916749954224,0.5714880228042603,-0.8649357557296753,-0.05046583339571953,0.7311988472938538,-1.243204116821289,-0.2026524394750595,0.7016265392303467,-1.0105175971984863,-0.3070874810218811,0.5985099077224731,-0.7997565269470215,-0.3534914255142212,0.355972558259964,-0.9303359985351562,-0.08808232843875885,0.47807198762893677,-1.3751869201660156,-0.22570981085300446,0.4947696328163147,-1.0946764945983887,-0.2845229208469391,0.4262163043022156,-0.8549813032150269,-0.29107940196990967,0.1407627910375595,-0.9428898692131042,-0.14590081572532654,0.1854291409254074,-1.4004137516021729,-0.2448047548532486,0.25979211926460266,-1.1479986906051636,-0.23431023955345154,0.22594618797302246,-0.9123876690864563,-0.19914540648460388,-0.0953349843621254,-0.9122304320335388,-0.21758124232292175,-0.05925771966576576,-1.239159345626831,-0.2763161063194275,0.0469253845512867,-1.1071244478225708,-0.251220166683197,0.058671046048402786,-0.9315043091773987,-0.21739636361598969
0.0,0.0,0.0,0.3513415455818176,-0.09684507548809052,-0.09148507565259933,0.624366283416748,-0.3701820969581604,-0.14969952404499054,0.5332434773445129,-0.6344704031944275,-0.22160011529922485,0.2543802857398987,-0.7107620239257812,-0.27614015340805054,0.5682269930839539,-0.8616979718208313,-0.05532397702336311,0.7422842979431152,-1.237090826034546,-0.2102154940366745,0.7031376361846924,-1.0156363248825073,-0.3167809545993805,0.5942573547363281,-0.8083285093307495,-0.36407938599586487,0.3529355823993683,-0.931083619594574,-0.09230294823646545,0.47928476333618164,-1.379622220993042,-0.23261438310146332,0.4964919686317444,-1.110053300857544,-0.29693493247032166,0.43496230244636536,-0.8694726824760437,-0.30744704604148865,0.1380748152732849,-0.9432218670845032,-0.14946222305297852,0.18593209981918335,-1.4015625715255737,-0.25346440076828003,0.263081431388855,-1.1560441255569458,-0.25025418400764465,0.23575544357299805,-0.9192163348197937,-0.2198706567287445,-0.09728866070508957,-0.9080814123153687,-0.21999754011631012,-0.055065739899873734,-1.2281655073165894,-0.284206360578537,0.05539097636938095,-1.0994571447372437,-0.26432541012763977,0.07372187077999115,-0.923648476600647,-0.23372763395309448
0.0,0.0,0.0,0.3482862412929535,-0.10611684620380402,-0.08908676356077194,0.6205203533172607,-0.3858189284801483,-0.14560580253601074,0.48417991399765015,-0.6573420166969299,-0.2133912891149521,0.20090019702911377,-0.7531658411026001,-0.2641334533691406,0.5755875706672668,-0.8547530770301819,-0.05979044362902641,0.757125735282898,-1.222165822982788,-0.21358497440814972,0.7084307670593262,-1.0033444166183472,-0.32016661763191223,0.593838095664978,-0.7962821125984192,-0.3680385649204254,0.356601357460022,-0.9294268488883972,-0.09487495571374893,0.4989900588989258,-1.371875286102295,-0.23230241239070892,0.5068364143371582,-1.1083835363388062,-0.2947452962398529,0.4356914460659027,-0.8648588061332703,-0.305122047662735,0.13848654925823212,-0.9441792368888855,-0.14876261353492737,0.20004884898662567,-1.4028633832931519,-0.252722829580307,0.2690882384777069,-1.1489404439926147,-0.24253156781196594,0.23347505927085876,-0.9076115489006042,-0.20767317712306976,-0.10157034546136856,-0.9093130826950073,-0.21500907838344574,-0.03854680433869362,-1.2186017036437988,-0.2810867726802826,0.06994595378637314,-1.0761748552322388,-0.2533511221408844,0.08305779099464417,-0.8997675776481628,-0.2159072458744049
0.0,0.0,0.0,0.3526587188243866,-0.09316004067659378,-0.09678055346012115,0.6325013637542725,-0.3816460072994232,-0.1493636816740036,0.4768044352531433,-0.6650639176368713,-0.2094486802816391,0.18993359804153442,-0.7644411325454712,-0.2500234544277191,0.5876913666725159,-0.8524998426437378,-0.05821448192000389,0.770110011100769,-1.2196273803710938,-0.20585285127162933,0.70633465051651,-0.9921517372131348,-0.30369600653648376,0.5929692387580872,-0.7846377491950989,-0.34556224942207336,0.3646530508995056,-0.9273059368133545,-0.08445072919130325,0.5065788626670837,-1.3616942167282104,-0.21511678397655487,0.5042651295661926,-1.0914678573608398,-0.2680617570877075,0.43687552213668823,-0.8537231087684631,-0.2710706889629364,0.14426082372665405,-0.9422990679740906,-0.13041196763515472,0.21334362030029297,-1.400258183479309,-0.23628298938274384,0.27459922432899475,-1.135468602180481,-0.21952581405639648,0.23517745733261108,-0.8944815397262573,-0.1773318201303482,-0.09881022572517395,-0.9089447259902954,-0.18855494260787964,-0.025279575958848,-1.2200653553009033,-0.25886157155036926,0.07392387837171555,-1.06224524974823,-0.22653527557849884,0.07536023110151291,-0.8825304508209229,-0.1825268566608429
0.0,0.0,0.0,0.347219318151474,-0.0892767608165741,-0.09959409385919571,0.6211994886398315,-0.3810129165649414,-0.1490042507648468,0.4704519510269165,-0.6604690551757812,-0.20647382736206055,0.18902228772640228,-0.7445528507232666,-0.2436736524105072,0.5921708941459656,-0.848265528678894,-0.04174437373876572,0.7610622048377991,-1.199923038482666,-0.183465838432312,0.6901066899299622,-0.9807937145233154,-0.27955910563468933,0.580324113368988,-0.7789056897163391,-0.32136788964271545,0.3766630291938782,-0.9239740967750549,-0.06630858778953552,0.5142266154289246,-1.3398414850234985,-0.19626107811927795,0.5007251501083374,-1.0825918912887573,-0.2499278336763382,0.43212810158729553,-0.8505934476852417,-0.2517743706703186,0.16262538731098175,-0.940341591835022,-0.1123247966170311,0.22451579570770264,-1.3849914073944092,-0.21871674060821533,0.27583298087120056,-1.1310555934906006,-0.2055807113647461,0.23794500529766083,-0.895606517791748,-0.16381268203258514,-0.07158583402633667,-0.9085721969604492,-0.17159706354141235,-0.006897593382745981,-1.2178914546966553,-0.24253040552139282,0.08184002339839935,-1.0694659948349,-0.21409659087657928,0.08194681257009506,-0.893364429473877,-0.171831876039505
0.0,0.0,0.0,0.35859259963035583,-0.06423890590667725,-0.10315762460231781,0.6457133293151855,-0.3639953136444092,-0.14509715139865875,0.5074818730354309,-0.6686535477638245,-0.19433601200580597,0.22066593170166016,-0.7517808675765991,-0.22415699064731598,0.6225211024284363,-0.829155445098877,-0.03669564425945282,0.7978073954582214,-1.174963355064392,-0.1741391271352768,0.7246004343032837,-0.9734262228012085,-0.27130210399627686,0.5980759859085083,-0.7669311761856079,-0.31488993763923645,0.4009515345096588,-0.9142004251480103,-0.058952342718839645,0.5340262055397034,-1.3326832056045532,-0.18870069086551666,0.5179100036621094,-1.0918103456497192,-0.2505509555339813,0.4411736726760864,-0.8488673567771912,-0.25959503650665283,0.18282045423984528,-0.9367320537567139,-0.10318417102098465,0.2488366812467575,-1.3843330144882202,-0.21004299819469452,0.29650676250457764,-1.1553226709365845,-0.2120368331670761,0.25282397866249084,-0.9179720878601074,-0.18289293348789215,-0.05666410177946091,-0.9153977632522583,-0.1607341170310974,0.010782061144709587,-1.2166633605957031,-0.23275701701641083,0.09485520422458649,-1.0947566032409668,-0.21767759323120117,0.09128310531377792,-0.9269247651100159,-0.18778280913829803
0.0,0.0,0.0,0.361224502325058,-0.06688708066940308,-0.10225211828947067,0.6495884656906128,-0.3604810833930969,-0.14892251789569855,0.497734010219574,-0.6607720255851746,-0.20240382850170135,0.19963273406028748,-0.7411398887634277,-0.23763875663280487,0.6184789538383484,-0.8279302716255188,-0.05413641780614853,0.7914164066314697,-1.183076024055481,-0.19447721540927887,0.7188181281089783,-0.9673457145690918,-0.2890014946460724,0.5990753173828125,-0.7596173882484436,-0.33161795139312744,0.3953890800476074,-0.9151248931884766,-0.07882803678512573,0.5382033586502075,-1.346094012260437,-0.2097398042678833,0.5158601403236389,-1.0909898281097412,-0.2658606171607971,0.433992862701416,-0.8509813547134399,-0.27154311537742615,0.17406027019023895,-0.9400811195373535,-0.12434086948633194,0.2381528615951538,-1.396336555480957,-0.23273234069347382,0.2799816429615021,-1.1543468236923218,-0.22900590300559998,0.23307329416275024,-0.9169316291809082,-0.19609825313091278,-0.0675489529967308,-0.9208080172538757,-0.1824178695678711,-0.014052135869860649,-1.2389018535614014,-0.2549014985561371,0.06865376979112625,-1.104787826538086,-0.23455359041690826,0.06525637209415436,-0.9299274682998657,-0.2012769877910614
0.0,0.0,0.0,0.37010717391967773,-0.08868768066167831,-0.1092480942606926,0.6604349613189697,-0.3670632541179657,-0.1601867824792862,0.5025911331176758,-0.6581199765205383,-0.21891947090625763,0.20981314778327942,-0.7326763272285461,-0.2570595145225525,0.6174522638320923,-0.8319019675254822,-0.034509845077991486,0.7903743386268616,-1.1770504713058472,-0.17682711780071259,0.7022226452827454,-0.965944766998291,-0.27515390515327454,0.5869876742362976,-0.7631879448890686,-0.31884369254112244,0.39551660418510437,-0.9167712330818176,-0.05565207451581955,0.5380721092224121,-1.3290132284164429,-0.19031231105327606,0.49427616596221924,-1.0841808319091797,-0.25082847476005554,0.4190080463886261,-0.8448922634124756,-0.25513768196105957,0.17842428386211395,-0.9422674775123596,-0.10006337612867355,0.2459656298160553,-1.3831909894943237,-0.20860008895397186,0.2705419361591339,-1.1485313177108765,-0.203001007437706,0.23015104234218597,-0.9088772535324097,-0.16436441242694855,-0.05677739158272743,-0.9211596846580505,-0.15896274149417877,0.003423220245167613,-1.2231106758117676,-0.22569723427295685,0.07429615408182144,-1.0996975898742676,-0.20084206759929657,0.07368343323469162,-0.9300858378410339,-0.16104626655578613
0.0,0.0,0.0,0.3662092685699463,-0.07390527427196503,-0.11431502550840378,0.6621512174606323,-0.3494080901145935,-0.16745345294475555,0.5104533433914185,-0.6418558359146118,-0.2273230403661728,0.23029837012290955,-0.7153750658035278,-0.264423131942749,0.6242359280586243,-0.8245243430137634,-0.03151937201619148,0.7959318161010742,-1.164576530456543,-0.17714208364486694,0.7043717503547668,-0.9467425346374512,-0.28047433495521545,0.583274781703949,-0.7394695281982422,-0.3265109360218048,0.410771906375885,-0.9104093909263611,-0.04920424893498421,0.5561936497688293,-1.303792953491211,-0.18516013026237488,0.5210533738136292,-1.0523799657821655,-0.24988260865211487,0.4406709372997284,-0.8191072940826416,-0.25714927911758423,0.1977805197238922,-0.9390390515327454,-0.09104234725236893,0.2688637673854828,-1.3628684282302856,-0.19545978307724,0.2975943088531494,-1.1231269836425781,-0.18779592216014862,0.2481468915939331,-0.8975451588630676,-0.14956265687942505,-0.038850344717502594,-0.9213781952857971,-0.14843980967998505,0.030557068064808846,-1.202226996421814,-0.2043302208185196,0.09751725941896439,-1.071536898612976,-0.17329998314380646,0.08149231225252151,-0.916563093662262,-0.13150376081466675
0.0,0.0,0.0,0.37613368034362793,-0.051652293652296066,-0.0911930724978447,0.6784552335739136,-0.33478111028671265,-0.12936480343341827,0.5613718628883362,-0.6278669238090515,-0.18008293211460114,0.28449341654777527,-0.681370735168457,-0.21427872776985168,0.6563734412193298,-0.8178446292877197,-0.004624905996024609,0.8194318413734436,-1.1190980672836304,-0.1276019811630249,0.756178617477417,-0.9087175726890564,-0.227913960814476,0.6359558701515198,-0.7059011459350586,-0.2782142162322998,0.44220733642578125,-0.896327555179596,-0.032397616654634476,0.5668028593063354,-1.2744388580322266,-0.14971984922885895,0.562803328037262,-1.0338754653930664,-0.223638117313385,0.4765533208847046,-0.795121967792511,-0.24502521753311157,0.2284870594739914,-0.9181097149848938,-0.0809536725282669,0.29279643297195435,-1.3267414569854736,-0.1729745715856552,0.34719592332839966,-1.1022732257843018,-0.18491342663764954,0.2939678132534027,-0.8760020732879639,-0.16720956563949585,-0.010512791574001312,-0.8965728282928467,-0.14250442385673523,0.06820659339427948,-1.1797335147857666,-0.19381777942180634,0.14946570992469788,-1.0559160709381104,-0.17387227714061737,0.13444176316261292,-0.8956016302108765,-0.14626650512218475
0.0,0.0,0.0,0.3861846923828125,-0.04906516894698143,-0.08901485800743103,0.7065823674201965,-0.30976253747940063,-0.13363204896450043,0.6211049556732178,-0.5941662788391113,-0.19057784974575043,0.34545645117759705,-0.6769288182258606,-0.23264344036579132,0.6771588921546936,-0.7909703254699707,-0.0247518140822649,0.8644874095916748,-1.098358392715454,-0.1561589539051056,0.8362283110618591,-0.8822558522224426,-0.26214495301246643,0.7157305479049683,-0.6903337240219116,-0.3140794336795807,0.48034268617630005,-0.8753220438957214,-0.055517710745334625,0.6351667642593384,-1.2676869630813599,-0.1742042601108551,0.6552488803863525,-1.0167557001113892,-0.2573707401752472,0.5570794939994812,-0.7819221615791321,-0.2885134518146515,0.2776626944541931,-0.9061617255210876,-0.10491202771663666,0.3652203679084778,-1.3299328088760376,-0.1941354125738144,0.438899964094162,-1.098559856414795,-0.21843388676643372,0.3763326108455658,-0.8684777617454529,-0.21240165829658508,0.04836003854870796,-0.8954201340675354,-0.16672345995903015,0.15405575931072235,-1.195220947265625,-0.22045733034610748,0.25326797366142273,-1.0701566934585571,-0.21184374392032623,0.23509104549884796,-0.9037638306617737,-0.1945907026529312
0.0,0.0,0.0,0.36320632696151733,-0.03334498405456543,-0.08494661003351212,0.6817052364349365,-0.2887668311595917,-0.12832577526569366,0.6224743127822876,-0.571444571018219,-0.18593166768550873,0.3462083637714386,-0.6469902992248535,-0.2309647500514984,0.6819846630096436,-0.778046190738678,-0.01632021553814411,0.8787327408790588,-1.0818604230880737,-0.14176994562149048,0.8832727074623108,-0.8944961428642273,-0.24675749242305756,0.7779188752174377,-0.7154636383056641,-0.2996523678302765,0.4914848208427429,-0.8695132732391357,-0.04888172075152397,0.647261381149292,-1.243970513343811,-0.16022425889968872,0.6852906942367554,-0.9988194704055786,-0.24080844223499298,0.5931556820869446,-0.7799074053764343,-0.2729392647743225,0.2923854887485504,-0.9017585515975952,-0.10020586848258972,0.38275790214538574,-1.3150992393493652,-0.1920701563358307,0.46396395564079285,-1.0783419609069824,-0.21835681796073914,0.4037470519542694,-0.8554471135139465,-0.21419477462768555,0.06494681537151337,-0.8916333317756653,-0.16311806440353394,0.18097633123397827,-1.1852842569351196,-0.22551685571670532,0.28071847558021545,-1.0467803478240967,-0.2201346755027771,0.2587982714176178,-0.8750273585319519,-0.20403297245502472
0.0,0.0,0.0,0.37057992815971375,-0.030639279633760452,-0.08252716809511185,0.6882370114326477,-0.2788887619972229,-0.13033922016620636,0.5965211391448975,-0.5599290132522583,-0.19272363185882568,0.3253948390483856,-0.6789640784263611,-0.24237403273582458,0.7160796523094177,-0.7547313570976257,-0.046805381774902344,0.9343189001083374,-1.0991511344909668,-0.19976137578487396,0.8861464262008667,-0.8897544741630554,-0.3114849925041199,0.7450840473175049,-0.6987859010696411,-0.36197328567504883,0.5063835978507996,-0.8581271767616272,-0.08481381088495255,0.6818695068359375,-1.271983027458191,-0.21758225560188293,0.6782192587852478,-1.0061383247375488,-0.2912740409374237,0.5743477940559387,-0.7771180868148804,-0.31371253728866577,0.2925093173980713,-0.8992801904678345,-0.14219604432582855,0.40519019961357117,-1.3447054624557495,-0.24587757885456085,0.461186945438385,-1.0933254957199097,-0.2568405270576477,0.39248666167259216,-0.8635410666465759,-0.23890000581741333,0.05168207362294197,-0.8984668254852295,-0.21030041575431824,0.16577625274658203,-1.2094521522521973,-0.2765437066555023,0.25886109471321106,-1.0603386163711548,-0.25988540053367615,0.24040138721466064,-0.8839269876480103,-0.2329310178756714
0.0,0.0,0.0,0.391375869512558,-0.02431093156337738,-0.09237116575241089,0.699261486530304,-0.2794053852558136,-0.13736537098884583,0.5665783882141113,-0.5989583134651184,-0.19117708504199982,0.28429365158081055,-0.7179893851280212,-0.22821442782878876,0.7230507731437683,-0.736939549446106,-0.057306282222270966,0.9614261984825134,-1.0988904237747192,-0.20649085938930511,0.8459656238555908,-0.8984673619270325,-0.3044951558113098,0.685594916343689,-0.704084575176239,-0.3477667272090912,0.5089871883392334,-0.8564741611480713,-0.08593045175075531,0.7203907370567322,-1.2962383031845093,-0.21636240184307098,0.65110182762146,-1.0347918272018433,-0.26815342903137207,0.5341961979866028,-0.8013532161712646,-0.27233025431632996,0.28956320881843567,-0.9152515530586243,-0.13469234108924866,0.42212536931037903,-1.3800179958343506,-0.24091480672359467,0.4245356023311615,-1.1158409118652344,-0.22684089839458466,0.34419018030166626,-0.8781530261039734,-0.18773405253887177,0.04242457449436188,-0.9315694570541382,-0.19499211013317108,0.14271961152553558,-1.2527291774749756,-0.26206696033477783,0.2077757567167282,-1.0939199924468994,-0.23108330368995667,0.1845645010471344,-0.9144366383552551,-0.19112759828567505
0.0,0.0,0.0,0.3872641921043396,-0.022680891677737236,-0.11727011203765869,0.6908020377159119,-0.2932189404964447,-0.16928890347480774,0.5178500413894653,-0.6323679089546204,-0.22684712707996368,0.24693205952644348,-0.7812188863754272,-0.26387324929237366,0.7515580654144287,-0.7153122425079346,-0.0619821734726429,0.9973652958869934,-1.0839341878890991,-0.22825859487056732,0.8483240008354187,-0.9091721773147583,-0.3333631455898285,0.6826484799385071,-0.7018515467643738,-0.37558966875076294,0.5161516070365906,-0.8528100252151489,-0.07938844710588455,0.7450491786003113,-1.296928882598877,-0.2348967045545578,0.6167183518409729,-1.0591427087783813,-0.2954402267932892,0.4885868430137634,-0.8106358647346497,-0.2936196029186249,0.28779616951942444,-0.9287883043289185,-0.12175814807415009,0.44135817885398865,-1.40189528465271,-0.2454877495765686,0.39018702507019043,-1.158160924911499,-0.23139482736587524,0.30482906103134155,-0.9050751328468323,-0.18184322118759155,0.04228357598185539,-0.9548298120498657,-0.17781655490398407,0.12525001168251038,-1.2771788835525513,-0.25037816166877747,0.15497347712516785,-1.1429038047790527,-0.21812152862548828,0.13453319668769836,-0.9664711952209473,-0.17048868536949158
0.0,0.0,0.0,0.3822215795516968,-0.04634827747941017,-0.12927961349487305,0.6487128734588623,-0.325305312871933,-0.18659691512584686,0.4444359540939331,-0.6579335331916809,-0.24886949360370636,0.1913970559835434,-0.8234019875526428,-0.28868284821510315,0.7365530729293823,-0.727833092212677,-0.06567730754613876,0.9767096042633057,-1.1096820831298828,-0.24044281244277954,0.7892277240753174,-0.9510254263877869,-0.3504335284233093,0.6156674027442932,-0.7469398975372314,-0.3949386775493622,0.48984768986701965,-0.8682551980018616,-0.07862745970487595,0.7100622057914734,-1.3342829942703247,-0.24727940559387207,0.5515653491020203,-1.114694595336914,-0.3187159299850464,0.4352470636367798,-0.8623995780944824,-0.3214387893676758,0.2546144127845764,-0.9467637538909912,-0.11879579722881317,0.41736936569213867,-1.4374902248382568,-0.25526031851768494,0.33846479654312134,-1.2130208015441895,-0.25585827231407166,0.2589256167411804,-0.9513616561889648,-0.2114124447107315,0.012219998985528946,-0.9676257967948914,-0.1730046272277832,0.09302064776420593,-1.2947090864181519,-0.25212034583091736,0.10762651264667511,-1.184414267539978,-0.2317964732646942,0.09393525123596191,-1.006636142730713,-0.19027172029018402
0.0,0.0,0.0,0.39005541801452637,-0.05324016138911247,-0.13517259061336517,0.6665812730789185,-0.3339170515537262,-0.20011843740940094,0.428613543510437,-0.6641981601715088,-0.27093181014060974,0.14565876126289368,-0.8072630167007446,-0.31910276412963867,0.7224687337875366,-0.7471681237220764,-0.06987788528203964,0.9418830275535583,-1.1490025520324707,-0.24516694247722626,0.7729201316833496,-0.9755598306655884,-0.35302847623825073,0.6164893507957458,-0.7519333362579346,-0.3959210216999054,0.46173620223999023,-0.8832655549049377,-0.08149570971727371,0.6549502611160278,-1.354198694229126,-0.2537499964237213,0.5176447033882141,-1.117384910583496,-0.32373008131980896,0.41519686579704285,-0.8511532545089722,-0.32364439964294434,0.21862250566482544,-0.9528835415840149,-0.12072525918483734,0.35324427485466003,-1.4580286741256714,-0.2573127746582031,0.2885454297065735,-1.2262465953826904,-0.25169485807418823,0.22268733382225037,-0.9574981331825256,-0.20277027785778046,-0.03198099508881569,-0.9634517431259155,-0.17516261339187622,0.022045956924557686,-1.2883821725845337,-0.25428304076194763,0.04487067461013794,-1.1829315423965454,-0.23197554051876068,0.04446762055158615,-1.0061148405075073,-0.18792295455932617
0.0,0.0,0.0,0.3782416582107544,-0.07602326571941376,-0.10189806669950485,0.6455054879188538,-0.35155168175697327,-0.15202778577804565,0.4135988652706146,-0.6681806445121765,-0.2126588076353073,0.1200580894947052,-0.7769629955291748,-0.25326117873191833,0.6731578707695007,-0.7828854918479919,-0.01417060848325491,0.8860353827476501,-1.1484603881835938,-0.16310426592826843,0.7629715800285339,-0.9765576124191284,-0.26700377464294434,0.621722936630249,-0.7586250305175781,-0.3110423684120178,0.42944830656051636,-0.9023277759552002,-0.03713312745094299,0.6196496486663818,-1.3204914331436157,-0.1817787140607834,0.5348506569862366,-1.1061021089553833,-0.2516506612300873,0.43345537781715393,-0.8544636964797974,-0.25666704773902893,0.1974506974220276,-0.9569107294082642,-0.0852857157588005,0.30396029353141785,-1.4097203016281128,-0.18714651465415955,0.2910154461860657,-1.2145707607269287,-0.18298594653606415,0.23245571553707123,-0.9837029576301575,-0.14563405513763428,-0.053180720657110214,-0.9549925327301025,-0.14731280505657196,-0.006096399389207363,-1.2466785907745361,-0.19099979102611542,0.03909982740879059,-1.145292043685913,-0.15587911009788513,0.03924018144607544,-0.992323637008667,-0.1113930195569992
0.0,0.0,0.0,0.38642260432243347,-0.041232019662857056,-0.1104978546500206,0.682603657245636,-0.30645039677619934,-0.16704507172107697,0.48131534457206726,-0.622699499130249,-0.2329786717891693,0.1749170422554016,-0.7324569225311279,-0.28085389733314514,0.7034063339233398,-0.7647972702980042,-0.05114647001028061,0.9046094417572021,-1.1490511894226074,-0.2112271636724472,0.7831586599349976,-0.9470064043998718,-0.3169430196285248,0.6401674747467041,-0.7347725629806519,-0.361802339553833,0.46701952815055847,-0.8810807466506958,-0.0747629776597023,0.652277410030365,-1.3167861700057983,-0.23204916715621948,0.5746031999588013,-1.0631297826766968,-0.29966795444488525,0.4714769124984741,-0.8162657618522644,-0.30225440859794617,0.23701594769954681,-0.9372909069061279,-0.12207149714231491,0.34657183289527893,-1.4007620811462402,-0.2347034513950348,0.33684465289115906,-1.160595178604126,-0.22076213359832764,0.2662852704524994,-0.9243132472038269,-0.17504793405532837,-0.01773686893284321,-0.9465487599372864,-0.18429286777973175,0.05296822264790535,-1.2535219192504883,-0.24022483825683594,0.10456028580665588,-1.1253278255462646,-0.2036096602678299,0.09138809889554977,-0.9671468138694763,-0.15682318806648254
0.0,0.0,0.0,0.40470486879348755,-0.012179155834019184,-0.06974554806947708,0.7211751341819763,-0.21725693345069885,-0.11713521927595139,0.5954691767692566,-0.5000282526016235,-0.18517209589481354,0.33466997742652893,-0.6122369766235352,-0.24495455622673035,0.7101324796676636,-0.762413501739502,-0.018747298046946526,0.8813128471374512,-1.105391502380371,-0.16524085402488708,0.8170716166496277,-0.9134083390235901,-0.27645155787467957,0.6917542815208435,-0.7129245400428772,-0.3289516270160675,0.48077940940856934,-0.8746168613433838,-0.06242268532514572,0.6450653076171875,-1.2935577630996704,-0.2039315402507782,0.6237902641296387,-1.0372639894485474,-0.2848004400730133,0.5214636921882629,-0.8001269698143005,-0.3072870075702667,0.25401589274406433,-0.9306455850601196,-0.12483499944210052,0.3642655909061432,-1.389449954032898,-0.23395109176635742,0.3952092230319977,-1.1342166662216187,-0.2389465719461441,0.32190975546836853,-0.8976978063583374,-0.21243661642074585,-0.0018463267479091883,-0.9403706789016724,-0.19739849865436554,0.08735933154821396,-1.2384055852890015,-0.2572619616985321,0.16413483023643494,-1.0905516147613525,-0.22983166575431824,0.14911878108978271,-0.9275749325752258,-0.1935901641845703
0.0,0.0,0.0,0.44508615136146545,0.004758287686854601,-0.03899398818612099,0.7770242094993591,-0.2524150311946869,-0.048860032111406326,0.7878296375274658,-0.5299146175384521,-0.08248631656169891,0.7026485204696655,-0.6245729327201843,-0.10748200118541718,0.6940630078315735,-0.770918607711792,0.020135490223765373,0.8881413340568542,-1.1239148378372192,-0.10684274137020111,0.8686296343803406,-0.9055145382881165,-0.2029249221086502,0.7513242959976196,-0.7067749500274658,-0.24888530373573303,0.4918932616710663,-0.8701939582824707,-0.028345895931124687,0.6793384552001953,-1.3080912828445435,-0.146093487739563,0.6868675947189331,-1.0248150825500488,-0.20664872229099274,0.5760533809661865,-0.7976294755935669,-0.21981221437454224,0.28208935260772705,-0.9146427512168884,-0.09440062940120697,0.4117397964000702,-1.3819345235824585,-0.201899453997612,0.4643862545490265,-1.1048479080200195,-0.19308005273342133,0.3723624050617218,-0.868842601776123,-0.15839113295078278,0.03714190796017647,-0.9156165719032288,-0.16680589318275452,0.17198514938354492,-1.2461180686950684,-0.24850314855575562,0.26880279183387756,-1.0618863105773926,-0.21990545094013214,0.22695371508598328,-0.862138032913208,-0.1805674433708191
0.0,0.0,0.0,0.47647419571876526,-0.014829237945377827,-0.08955319225788116,0.8908171057701111,-0.2779037654399872,-0.1058209165930748,0.9480518698692322,-0.5747525095939636,-0.13258256018161774,0.895362913608551,-0.7017017006874084,-0.14329621195793152,0.7134274840354919,-0.7911631464958191,0.01297279354184866,0.875045657157898,-1.1240274906158447,-0.12923003733158112,0.7836408019065857,-0.8876818418502808,-0.22584635019302368,0.636445939540863,-0.6791999340057373,-0.2630094587802887,0.46457308530807495,-0.8855220079421997,-0.004755403380841017,0.6092745661735535,-1.2592060565948486,-0.14911049604415894,0.5393713712692261,-0.9517673850059509,-0.2127528190612793,0.407349556684494,-0.714820921421051,-0.21481138467788696,0.2230530083179474,-0.9256504774093628,-0.047143541276454926,0.33238035440444946,-1.3182399272918701,-0.19037434458732605,0.3270178735256195,-1.0125232934951782,-0.17387016117572784,0.22969909012317657,-0.7718065977096558,-0.11786946654319763,-0.045228663831949234,-0.9289801120758057,-0.09771465510129929,0.06468138098716736,-1.210981845855713,-0.19571520388126373,0.12569856643676758,-1.0000452995300293,-0.15553545951843262,0.08891241997480392,-0.8082889318466187,-0.0954541563987732
0.0,0.0,0.0,0.45879700779914856,-0.012291280552744865,-0.10142390429973602,0.8167628049850464,-0.27216553688049316,-0.14332668483257294,0.6707046627998352,-0.5593405365943909,-0.1950826346874237,0.3787468373775482,-0.6045154333114624,-0.23420554399490356,0.6665335893630981,-0.8334982395172119,-0.024315161630511284,0.8398575782775879,-1.191853404045105,-0.16263256967067719,0.7624015212059021,-0.9503028988838196,-0.25948724150657654,0.6251067519187927,-0.7386202216148376,-0.3013693690299988,0.4135289788246155,-0.9094861149787903,-0.042763788253068924,0.5620042681694031,-1.2995879650115967,-0.17194902896881104,0.5221754908561707,-0.9927372932434082,-0.23517479002475739,0.4015607535839081,-0.7519435882568359,-0.24528883397579193,0.17102497816085815,-0.9296460747718811,-0.08258109539747238,0.26938119530677795,-1.3442760705947876,-0.20380939543247223,0.2978564500808716,-1.0414305925369263,-0.1909296214580536,0.20963020622730255,-0.7920238375663757,-0.1454222947359085,-0.0995023101568222,-0.9144910573959351,-0.1322495937347412,0.00908144935965538,-1.2192872762680054,-0.2067495435476303,0.1042989194393158,-1.0225025415420532,-0.1609031707048416,0.07886096090078354,-0.8248648047447205,-0.10514702647924423
0.0,0.0,0.0,0.4427974820137024,-0.029120439663529396,-0.10201574862003326,0.7749784588813782,-0.3071095049381256,-0.1525862067937851,0.567366361618042,-0.5914743542671204,-0.2088165581226349,0.21266017854213715,-0.6048144102096558,-0.2505497634410858,0.670347273349762,-0.8316594958305359,-0.057457514107227325,0.8367769718170166,-1.1878271102905273,-0.19949808716773987,0.7429502606391907,-0.925064742565155,-0.2855929732322693,0.611721932888031,-0.7108784317970276,-0.318371444940567,0.4179927706718445,-0.905240535736084,-0.07629919797182083,0.5702230334281921,-1.3092865943908691,-0.20617055892944336,0.5205990672111511,-0.98760586977005,-0.2510984539985657,0.4044070541858673,-0.742476761341095,-0.24532164633274078,0.17278115451335907,-0.9216688871383667,-0.11400022357702255,0.2655993700027466,-1.341848373413086,-0.22955067455768585,0.29033422470092773,-1.016248345375061,-0.19866463541984558,0.21215006709098816,-0.7637822031974792,-0.1406296044588089,-0.09701015055179596,-0.8998673558235168,-0.16142669320106506,0.008987292647361755,-1.2014641761779785,-0.2243075966835022,0.09381403028964996,-0.9883728623390198,-0.165984109044075,0.06799004226922989,-0.7919849157333374,-0.10268207639455795
0.0,0.0,0.0,0.4012836217880249,-0.015582161024212837,-0.08990415930747986,0.705873966217041,-0.29859402775764465,-0.1386033147573471,0.5139523148536682,-0.57525634765625,-0.19660495221614838,0.18438409268856049,-0.5922367572784424,-0.2354619801044464,0.6289442181587219,-0.8678209781646729,-0.05472257360816002,0.7867189645767212,-1.220374584197998,-0.2061040997505188,0.7080861926078796,-0.9006312489509583,-0.2863287031650543,0.5826895833015442,-0.6698192358016968,-0.3114294409751892,0.403910368680954,-0.911008358001709,-0.08318781852722168,0.556632936000824,-1.3171204328536987,-0.2327328473329544,0.5236971974372864,-0.95497065782547,-0.2710893154144287,0.41659876704216003,-0.7095173001289368,-0.2534697353839874,0.17367815971374512,-0.9055821299552917,-0.13133852183818817,0.2728404402732849,-1.3188525438308716,-0.2733682096004486,0.3026962876319885,-0.967398464679718,-0.23535750806331635,0.22598199546337128,-0.7210829257965088,-0.16310115158557892,-0.0828794464468956,-0.8690754771232605,-0.18761320412158966,0.03753518685698509,-1.16105055809021,-0.2716831564903259,0.11604980379343033,-0.9221959114074707,-0.21516983211040497,0.08162473887205124,-0.7198839783668518,-0.14714665710926056
0.0,0.0,0.0,0.39892473816871643,-0.03280264884233475,-0.08532311767339706,0.7247505784034729,-0.28437307476997375,-0.14033471047878265,0.551142156124115,-0.5226024389266968,-0.2049228996038437,0.2174941450357437,-0.5272038578987122,-0.2531759440898895,0.6404629349708557,-0.8555413484573364,-0.053946949541568756,0.8109148144721985,-1.1736555099487305,-0.1929500252008438,0.7638102173805237,-0.8749197125434875,-0.27334606647491455,0.6386297345161438,-0.6548073291778564,-0.3027585446834564,0.4061507284641266,-0.9096477627754211,-0.0870780497789383,0.5550638437271118,-1.2975988388061523,-0.21627318859100342,0.5585177540779114,-0.9479883313179016,-0.25863566994667053,0.46092334389686584,-0.7045676708221436,-0.25217899680137634,0.1644977480173111,-0.9073454737663269,-0.13676200807094574,0.26003390550613403,-1.3036519289016724,-0.2635049819946289,0.323825478553772,-0.9520835876464844,-0.2341286987066269,0.25743013620376587,-0.7071579098701477,-0.17621669173240662,-0.11100870370864868,-0.8582883477210999,-0.19332407414913177,0.024851243942975998,-1.1287789344787598,-0.2738851010799408,0.11392703652381897,-0.8782662749290466,-0.21885786950588226,0.08015311509370804,-0.6706450581550598,-0.15530997514724731
0.0,0.0,0.0,0.39891624450683594,-0.03777166083455086,-0.09469012916088104,0.7199134826660156,-0.28466495871543884,-0.16524598002433777,0.5714064240455627,-0.5142507553100586,-0.24289633333683014,0.24208669364452362,-0.5166268944740295,-0.3003230392932892,0.644400417804718,-0.8685923218727112,-0.08645375072956085,0.8102399110794067,-1.1630488634109497,-0.2505025565624237,0.7484365701675415,-0.8450809121131897,-0.3397413194179535,0.628179669380188,-0.6332823634147644,-0.3709908127784729,0.4020915627479553,-0.9071865677833557,-0.12383442372083664,0.5580676198005676,-1.2683411836624146,-0.28149113059043884,0.5488119125366211,-0.8946006298065186,-0.3205638825893402,0.4484056830406189,-0.6651298999786377,-0.30562326312065125,0.15697067975997925,-0.888298749923706,-0.17929044365882874,0.27032217383384705,-1.2635843753814697,-0.33110785484313965,0.32304301857948303,-0.8988927602767944,-0.2900889813899994,0.2525213360786438,-0.6750935316085815,-0.2175557166337967,-0.11313867568969727,-0.8231005668640137,-0.24195361137390137,0.03958682715892792,-1.0719568729400635,-0.3324887156486511,0.12834297120571136,-0.8142295479774475,-0.26868540048599243,0.0917462483048439,-0.6211500763893127,-0.19556082785129547
0.0,0.0,0.0,0.3954777419567108,-0.025358039885759354,-0.11078692227602005,0.7413514256477356,-0.24423693120479584,-0.1933285892009735,0.6092454791069031,-0.46702855825424194,-0.27917560935020447,0.27227893471717834,-0.4751022458076477,-0.3436668813228607,0.693333089351654,-0.8335034251213074,-0.10721425712108612,0.86922287940979,-1.1113781929016113,-0.27447018027305603,0.7940272092819214,-0.7880812287330627,-0.3634576201438904,0.6725015044212341,-0.5878536105155945,-0.39652714133262634,0.4502861797809601,-0.8816375732421875,-0.14127106964588165,0.6172251105308533,-1.2346516847610474,-0.3062538802623749,0.5948643684387207,-0.852251410484314,-0.3473714590072632,0.48827019333839417,-0.6291727423667908,-0.3335135281085968,0.20171800255775452,-0.8707743287086487,-0.19372573494911194,0.3241586983203888,-1.2328002452850342,-0.35249337553977966,0.3692947328090668,-0.8564029932022095,-0.3112132251262665,0.29823732376098633,-0.6377657055854797,-0.2377818524837494,-0.07377079129219055,-0.8106969594955444,-0.2542455196380615,0.07958170771598816,-1.044645071029663,-0.348999947309494,0.16766363382339478,-0.7812949419021606,-0.28668922185897827,0.13220667839050293,-0.5926363468170166,-0.21453246474266052
0.0,0.0,0.0,0.3835839331150055,-0.021128034219145775,-0.12055622041225433,0.7332067489624023,-0.16615889966487885,-0.22636106610298157,0.6068601012229919,-0.3364419639110565,-0.3327345848083496,0.29131296277046204,-0.3773108720779419,-0.41915425658226013,0.7054339051246643,-0.8174157738685608,-0.12009236216545105,0.8769530653953552,-1.0170609951019287,-0.29933983087539673,0.8035874962806702,-0.6866071224212646,-0.3986899256706238,0.6847904324531555,-0.49836742877960205,-0.44123950600624084,0.45286890864372253,-0.8775198459625244,-0.15769824385643005,0.6223724484443665,-1.138049840927124,-0.33547788858413696,0.6008099913597107,-0.7441250085830688,-0.38760390877723694,0.49503034353256226,-0.5333252549171448,-0.38268107175827026,0.19262413680553436,-0.8598737120628357,-0.2151765674352646,0.31565195322036743,-1.0997333526611328,-0.39204415678977966,0.3641948401927948,-0.7208196520805359,-0.36515653133392334,0.2992010712623596,-0.533787190914154,-0.3014654517173767,-0.08661086112260818,-0.7735773324966431,-0.279707133769989,0.07839452475309372,-0.9089314341545105,-0.3878040015697479,0.1686045229434967,-0.641581654548645,-0.3341924548149109,0.14297567307949066,-0.4905322194099426,-0.2676628530025482
0.0,0.0,0.0,0.3623656928539276,0.0005731962737627327,-0.12137436866760254,0.719481348991394,-0.1421758532524109,-0.22859600186347961,0.6487729549407959,-0.3237053155899048,-0.337412029504776,0.34604188799858093,-0.37981921434402466,-0.4270360767841339,0.6904031038284302,-0.8199132680892944,-0.13620047271251678,0.8998120427131653,-1.0333139896392822,-0.32486894726753235,0.8546523451805115,-0.6924329400062561,-0.4252057671546936,0.7311797738075256,-0.4975014626979828,-0.4641113877296448,0.44118088483810425,-0.8805923461914062,-0.17296399176120758,0.6445983648300171,-1.1417332887649536,-0.3551521301269531,0.6289501786231995,-0.7262174487113953,-0.4043295085430145,0.5092086791992188,-0.5146216154098511,-0.3965340554714203,0.17983488738536835,-0.8623258471488953,-0.22919593751430511,0.3336271047592163,-1.0994534492492676,-0.4109684228897095,0.3872930109500885,-0.7129727602005005,-0.3812177777290344,0.31259864568710327,-0.5252975821495056,-0.3158087730407715,-0.10631238669157028,-0.7821729183197021,-0.2917875051498413,0.0827358067035675,-0.911439061164856,-0.40320315957069397,0.18600799143314362,-0.642894983291626,-0.3499652147293091,0.16103015840053558,-0.4902278482913971,-0.2836475670337677
0.0,0.0,0.0,0.3919432759284973,0.02619631215929985,-0.1296285092830658,0.7639375329017639,-0.16788125038146973,-0.22882845997810364,0.6228976249694824,-0.4025852382183075,-0.3237610459327698,0.2884792685508728,-0.4951837658882141,-0.39861851930618286,0.7196097373962402,-0.8103715181350708,-0.1591757982969284,0.922396183013916,-1.0463776588439941,-0.3596886992454529,0.8355269432067871,-0.6907858848571777,-0.4543004035949707,0.7038535475730896,-0.5122195482254028,-0.4882521629333496,0.4571181535720825,-0.8690077662467957,-0.18938994407653809,0.65962815284729,-1.2022024393081665,-0.3992128074169159,0.6178009510040283,-0.7643875479698181,-0.44579291343688965,0.4984982907772064,-0.5619387626647949,-0.42624539136886597,0.18230989575386047,-0.8535097241401672,-0.2375119924545288,0.3285021185874939,-1.1322158575057983,-0.4451771080493927,0.3619846701622009,-0.699605405330658,-0.3928542733192444,0.29015249013900757,-0.5189558267593384,-0.3029122054576874,-0.12054340541362762,-0.7955499291419983,-0.29048997163772583,0.06170262396335602,-0.9375044703483582,-0.40590324997901917,0.14398758113384247,-0.6353395581245422,-0.32886549830436707,0.11102668941020966,-0.4909994900226593,-0.24347396194934845
0.0,0.0,0.0,0.3722471594810486,-0.002882678061723709,-0.14748121798038483,0.7068953514099121,-0.18114100396633148,-0.2588338851928711,0.522955596446991,-0.37903252243995667,-0.36644771695137024,0.19527460634708405,-0.45813918113708496,-0.4536389708518982,0.7047356367111206,-0.8067094683647156,-0.15125539898872375,0.9095948934555054,-1.0252841711044312,-0.36092954874038696,0.7943377494812012,-0.6987507939338684,-0.47130119800567627,0.6485064625740051,-0.5110495090484619,-0.5155746340751648,0.43885937333106995,-0.8807206153869629,-0.1781396120786667,0.6351460814476013,-1.1872918605804443,-0.40307459235191345,0.5653774738311768,-0.7459951043128967,-0.4578864872455597,0.44346165657043457,-0.5068394541740417,-0.4356158375740051,0.16667035222053528,-0.876542329788208,-0.22792547941207886,0.2854447066783905,-1.1431562900543213,-0.44169244170188904,0.3090245723724365,-0.7201662659645081,-0.39924541115760803,0.24433133006095886,-0.5140256881713867,-0.3098539710044861,-0.1259215772151947,-0.8096209168434143,-0.2855505049228668,0.025872811675071716,-0.9525879621505737,-0.41225466132164,0.10637976974248886,-0.657743513584137,-0.3456963300704956,0.08723951876163483,-0.5011935234069824,-0.2616811692714691
0.0,0.0,0.0,0.371901273727417,0.02370343916118145,-0.15010260045528412,0.7339687943458557,-0.12438642978668213,-0.25682222843170166,0.580866813659668,-0.3105640411376953,-0.3579915463924408,0.2585381269454956,-0.37142330408096313,-0.43752768635749817,0.7252616882324219,-0.7958310842514038,-0.1370219886302948,0.9143311381340027,-0.9825063943862915,-0.336469829082489,0.8003115653991699,-0.6530093550682068,-0.4391051232814789,0.661742627620697,-0.4757494330406189,-0.4811852276325226,0.4548805356025696,-0.8759477138519287,-0.1606215089559555,0.6428709030151367,-1.1367157697677612,-0.3779505491256714,0.5652874112129211,-0.6950263977050781,-0.4289546310901642,0.4417392909526825,-0.48448458313941956,-0.4068414866924286,0.17807301878929138,-0.8746148347854614,-0.20779851078987122,0.2984229624271393,-1.10154128074646,-0.41729602217674255,0.30687955021858215,-0.6852715611457825,-0.3757200539112091,0.23305043578147888,-0.511876106262207,-0.28926774859428406,-0.11778871715068817,-0.8071674108505249,-0.26282811164855957,0.03444579616189003,-0.911262035369873,-0.3815307319164276,0.1050058901309967,-0.6227338314056396,-0.3156052529811859,0.08134499192237854,-0.497699499130249,-0.2345932126045227
0.0,0.0,0.0,0.3981820344924927,0.031356848776340485,-0.19029584527015686,0.8560662865638733,-0.11510514467954636,-0.2842499017715454,1.1071949005126953,-0.3026827871799469,-0.3629237115383148,1.2471251487731934,-0.4668191075325012,-0.40932539105415344,0.7602792382240295,-0.7683449983596802,-0.14287805557250977,0.9080013632774353,-0.8746774196624756,-0.37047576904296875,0.7859156727790833,-0.5403770208358765,-0.4845665991306305,0.6628401875495911,-0.3856568932533264,-0.5298649668693542,0.4817636013031006,-0.8638041019439697,-0.14746613800525665,0.6522881388664246,-1.015639066696167,-0.39185017347335815,0.5679984092712402,-0.575851321220398,-0.43571358919143677,0.46418604254722595,-0.39975792169570923,-0.40528857707977295,0.1979515105485916,-0.8603126406669617,-0.18700970709323883,0.3344244360923767,-0.9884648323059082,-0.4440816342830658,0.325682669878006,-0.5755573511123657,-0.3907952606678009,0.26134631037712097,-0.4259621202945709,-0.287607878446579,-0.08910457789897919,-0.7769301533699036,-0.23890681564807892,0.05485941097140312,-0.8078863620758057,-0.41911986470222473,0.11155523359775543,-0.5185062885284424,-0.37494295835494995,0.09683961421251297,-0.41141897439956665,-0.294108510017395
0.0,0.0,0.0,0.3838982582092285,0.03254291042685509,-0.1920158416032791,0.8238273859024048,-0.0863153338432312,-0.2920607626438141,1.0571568012237549,-0.2334674894809723,-0.37632524967193604,1.1732475757598877,-0.38100820779800415,-0.42551693320274353,0.7433880567550659,-0.7641740441322327,-0.1502562016248703,0.9189271926879883,-0.8098215460777283,-0.3669242858886719,0.7898606061935425,-0.4798417091369629,-0.47471505403518677,0.6723480224609375,-0.375740110874176,-0.5255544185638428,0.47580915689468384,-0.8650792241096497,-0.15888264775276184,0.6662901043891907,-0.9539586901664734,-0.39595022797584534,0.5716183185577393,-0.5284807085990906,-0.4430050849914551,0.47011545300483704,-0.40587660670280457,-0.42273053526878357,0.2022307962179184,-0.8582162261009216,-0.2005358785390854,0.3511499762535095,-0.9283220171928406,-0.44489890336990356,0.33747580647468567,-0.5322988033294678,-0.3966420292854309,0.27340421080589294,-0.43227365612983704,-0.30715706944465637,-0.0709151029586792,-0.7696861028671265,-0.25605127215385437,0.07240521162748337,-0.7335073947906494,-0.420197069644928,0.12620244920253754,-0.466642290353775,-0.3789488673210144,0.11236210912466049,-0.39934924244880676,-0.30887293815612793
0.0,0.0,0.0,0.36031585931777954,0.052716214209795,-0.17916816473007202,0.8063801527023315,-0.10548416525125504,-0.26216235756874084,1.0521974563598633,-0.2783620357513428,-0.3305695652961731,1.1959168910980225,-0.42340174317359924,-0.3654981851577759,0.7158154845237732,-0.7755860090255737,-0.12643875181674957,0.9034961462020874,-0.8962920308113098,-0.33468493819236755,0.7964401245117188,-0.5691013336181641,-0.43243417143821716,0.6669929027557373,-0.41708800196647644,-0.46776875853538513,0.4562395215034485,-0.8802910447120667,-0.1301271915435791,0.6499701142311096,-1.0440174341201782,-0.35069653391838074,0.5708086490631104,-0.6133130192756653,-0.3863905966281891,0.46060800552368164,-0.449319988489151,-0.35408076643943787,0.18384604156017303,-0.8858252167701721,-0.16754387319087982,0.3160141408443451,-1.0146877765655518,-0.39662766456604004,0.3131742775440216,-0.6141254901885986,-0.3414415717124939,0.24458593130111694,-0.47950130701065063,-0.2444010227918625,-0.09581221640110016,-0.8137418627738953,-0.21752546727657318,0.0429452583193779,-0.8351700305938721,-0.36969953775405884,0.09509213268756866,-0.5529773831367493,-0.31943824887275696,0.06923457980155945,-0.45333993434906006,-0.24161075055599213
0.0,0.0,0.0,0.3797590434551239,-0.018795223906636238,-0.15734945237636566,0.6799962520599365,-0.24738751351833344,-0.2611270546913147,0.4233229458332062,-0.4764316976070404,-0.35931169986724854,0.07720678299665451,-0.5546135306358337,-0.4362299144268036,0.6548762321472168,-0.8245832920074463,-0.15749812126159668,0.7893289923667908,-1.1507738828659058,-0.3651343286037445,0.6493946313858032,-0.8562942743301392,-0.4666491746902466,0.535635769367218,-0.6524994969367981,-0.502387285232544,0.3688070476055145,-0.913307785987854,-0.17277246713638306,0.5020334720611572,-1.3171586990356445,-0.3937701880931854,0.4104277193546295,-0.9267527461051941,-0.4389147460460663,0.33025893568992615,-0.6771798133850098,-0.4086918830871582,0.0946572870016098,-0.9216256141662598,-0.21221041679382324,0.14371258020401,-1.3068002462387085,-0.41141825914382935,0.13607098162174225,-0.9108304381370544,-0.35469356179237366,0.10374735295772552,-0.6763148903846741,-0.256586492061615,-0.19557133316993713,-0.8701534867286682,-0.2619948983192444,-0.15565551817417145,-1.1056487560272217,-0.3745715618133545,-0.09695427119731903,-0.8322004079818726,-0.2992843985557556,-0.07814241200685501,-0.6532207727432251,-0.20880182087421417
0.0,0.0,0.0,0.3929422199726105,-0.03928184509277344,-0.15248800814151764,0.6962629556655884,-0.30353203415870667,-0.24536362290382385,0.46204760670661926,-0.5178593397140503,-0.33588892221450806,0.14993585646152496,-0.5614857077598572,-0.406434565782547,0.6726058721542358,-0.830405592918396,-0.1334887146949768,0.8367366194725037,-1.181993007659912,-0.3492111563682556,0.65810626745224,-0.9042836427688599,-0.4641807973384857,0.5059181451797485,-0.6731611490249634,-0.5022999048233032,0.3852584660053253,-0.9110508561134338,-0.1468406617641449,0.5484700798988342,-1.3350621461868286,-0.3753091096878052,0.4148697555065155,-0.9715325236320496,-0.43261078000068665,0.3070448637008667,-0.6987553238868713,-0.4029121398925781,0.1104949340224266,-0.9304565191268921,-0.18694964051246643,0.19901350140571594,-1.3500885963439941,-0.3797648251056671,0.15219151973724365,-0.9845940470695496,-0.33266758918762207,0.09397760778665543,-0.7339099645614624,-0.23747436702251434,-0.17326174676418304,-0.8949435353279114,-0.2391410619020462,-0.10283536463975906,-1.1590702533721924,-0.3447059988975525,-0.08016029745340347,-0.9081721901893616,-0.2740262746810913,-0.08729475736618042,-0.722864031791687,-0.18519598245620728
0.0,0.0,0.0,0.41819897294044495,-0.041402414441108704,-0.11325063556432724,0.7209935188293457,-0.3173803985118866,-0.18029101192951202,0.5013452768325806,-0.5981585383415222,-0.2555878460407257,0.14981384575366974,-0.6289101243019104,-0.3157002627849579,0.6892528533935547,-0.8125948905944824,-0.07711832225322723,0.9058720469474792,-1.1961016654968262,-0.24620361626148224,0.7699194550514221,-0.9484983086585999,-0.34832364320755005,0.6143494248390198,-0.7202868461608887,-0.38839876651763916,0.43751439452171326,-0.8934761881828308,-0.10139773041009903,0.6287403106689453,-1.3260324001312256,-0.2690737843513489,0.5302088260650635,-1.0059523582458496,-0.3243611752986908,0.40984413027763367,-0.7431122660636902,-0.31498828530311584,0.18796919286251068,-0.9214813709259033,-0.14785103499889374,0.30573052167892456,-1.3785429000854492,-0.28482940793037415,0.28595882654190063,-1.048413634300232,-0.2503044605255127,0.2052423655986786,-0.784753143787384,-0.18303453922271729,-0.08251932263374329,-0.9074134230613708,-0.2067037969827652,0.02545492723584175,-1.209031581878662,-0.2836185097694397,0.08230014145374298,-0.9885705709457397,-0.22668959200382233,0.0596960112452507,-0.7865849137306213,-0.16024798154830933
0.0,0.0,0.0,0.44421347975730896,-0.04123599827289581,-0.10337385535240173,0.7689891457557678,-0.27785524725914,-0.1679866909980774,0.5672244429588318,-0.5602304339408875,-0.2425875961780548,0.1915019005537033,-0.5694452524185181,-0.30632007122039795,0.7120741009712219,-0.7996902465820312,-0.07066254317760468,0.9044741988182068,-1.1834931373596191,-0.23094968497753143,0.7755368947982788,-0.9363667368888855,-0.33186227083206177,0.6249158382415771,-0.7094546556472778,-0.37224918603897095,0.4605746567249298,-0.8824871778488159,-0.09532760083675385,0.6212537884712219,-1.2877670526504517,-0.2420559525489807,0.5360142588615417,-0.9591977596282959,-0.2920437753200531,0.4250042736530304,-0.7090251445770264,-0.2872304916381836,0.21580111980438232,-0.9040595293045044,-0.13959988951683044,0.3222341537475586,-1.3221439123153687,-0.25406569242477417,0.31075504422187805,-0.9880520105361938,-0.2153790444135666,0.2344740331172943,-0.7417928576469421,-0.15381024777889252,-0.05555779114365578,-0.8753029108047485,-0.19562514126300812,0.05442564934492111,-1.173076868057251,-0.25142693519592285,0.11154164373874664,-0.9473000168800354,-0.18190878629684448,0.08579400181770325,-0.7447018027305603,-0.11158781498670578
0.0,0.0,0.0,0.42435383796691895,-0.05208307132124901,-0.10729371011257172,0.741092324256897,-0.29719993472099304,-0.16900694370269775,0.5310918092727661,-0.5662355422973633,-0.23944807052612305,0.1523689180612564,-0.5501247644424438,-0.2956286072731018,0.6780879497528076,-0.8182845711708069,-0.0534234344959259,0.8468498587608337,-1.192603588104248,-0.21255718171596527,0.7220552563667297,-0.9403969645500183,-0.308820903301239,0.5824079513549805,-0.7288737893104553,-0.34584587812423706,0.4276769757270813,-0.9007479548454285,-0.07579977810382843,0.5678994059562683,-1.2860418558120728,-0.2297242283821106,0.4844818115234375,-0.9431222081184387,-0.27779194712638855,0.3837519884109497,-0.7104828953742981,-0.2667631208896637,0.18366660177707672,-0.917553186416626,-0.11930492520332336,0.27492988109588623,-1.3020803928375244,-0.24504904448986053,0.2623288035392761,-0.9666531085968018,-0.20340043306350708,0.19129975140094757,-0.7416375279426575,-0.13328929245471954,-0.0843556672334671,-0.8860448002815247,-0.17407499253749847,0.011744857765734196,-1.1612101793289185,-0.22943198680877686,0.06475958228111267,-0.9384375214576721,-0.1531200259923935,0.04358083754777908,-0.7553795576095581,-0.07502864301204681
0.0,0.0,0.0,0.4405338168144226,-0.03459873050451279,-0.0969138815999031,0.765448272228241,-0.29406362771987915,-0.15011456608772278,0.5707639455795288,-0.5967077612876892,-0.2125566303730011,0.20289362967014313,-0.6042280197143555,-0.2627229392528534,0.6800500750541687,-0.8160444498062134,-0.06652162969112396,0.8720675706863403,-1.2153902053833008,-0.22056575119495392,0.7559853792190552,-0.9668211340904236,-0.3125726878643036,0.6195446848869324,-0.7399362325668335,-0.34824293851852417,0.42313969135284424,-0.9013280272483826,-0.09252374619245529,0.5844594240188599,-1.3278121948242188,-0.23527240753173828,0.5043337345123291,-0.9878414273262024,-0.27429452538490295,0.399163156747818,-0.7308308482170105,-0.2608596086502075,0.1715581715106964,-0.9212010502815247,-0.1376616358757019,0.2738582193851471,-1.3493258953094482,-0.25469017028808594,0.267922967672348,-1.014977216720581,-0.2100127637386322,0.1935548633337021,-0.7651934027671814,-0.1418033391237259,-0.10112655162811279,-0.8929154276847839,-0.19349627196788788,0.002888991730287671,-1.199981927871704,-0.25110042095184326,0.0654822364449501,-0.9823571443557739,-0.17912141978740692,0.04031654819846153,-0.7818204760551453,-0.10609603673219681
0.0,0.0,0.0,0.4298073351383209,-0.06362359970808029,-0.0997440442442894,0.7559723854064941,-0.3078518807888031,-0.15321050584316254,0.5703787803649902,-0.6182435750961304,-0.2144642174243927,0.19962666928768158,-0.6295025944709778,-0.2624509334564209,0.6652980446815491,-0.8169341683387756,-0.04492289200425148,0.8502113223075867,-1.204901099205017,-0.18794484436511993,0.7478866577148438,-0.9595819115638733,-0.28083381056785583,0.6164343357086182,-0.7524740695953369,-0.32181230187416077,0.43053385615348816,-0.9002532958984375,-0.06468745321035385,0.5763750672340393,-1.3043724298477173,-0.19653671979904175,0.5073665380477905,-0.9741000533103943,-0.24248158931732178,0.4031429886817932,-0.7421132922172546,-0.23988202214241028,0.20164822041988373,-0.9195747375488281,-0.10371390730142593,0.28216636180877686,-1.3267472982406616,-0.2087494134902954,0.28352975845336914,-1.004372000694275,-0.16856810450553894,0.21251502633094788,-0.7713381052017212,-0.1086917445063591,-0.05984056368470192,-0.893691897392273,-0.15419690310955048,0.025709262117743492,-1.1966365575790405,-0.20253634452819824,0.09099025279283524,-0.9844003915786743,-0.1337253600358963,0.07310552150011063,-0.7894862294197083,-0.06654859334230423
0.0,0.0,0.0,0.43463751673698425,-0.0069918278604745865,-0.11444548517465591,0.7767273783683777,-0.2696215510368347,-0.17274309694766998,0.5771088004112244,-0.5648384094238281,-0.2390221506357193,0.19858652353286743,-0.5755302906036377,-0.29039812088012695,0.7204473614692688,-0.8129633665084839,-0.057848647236824036,0.8967573046684265,-1.2198677062988281,-0.21823613345623016,0.7827165126800537,-0.9676792025566101,-0.31837666034698486,0.651229202747345,-0.7268144488334656,-0.3578915297985077,0.4601074159145355,-0.8844501376152039,-0.07777620106935501,0.6122020483016968,-1.3034073114395142,-0.2384299337863922,0.5341774821281433,-0.9853044748306274,-0.29739439487457275,0.4329002797603607,-0.7294827103614807,-0.29288873076438904,0.2076554298400879,-0.9030548334121704,-0.12039286643266678,0.30664798617362976,-1.3306667804718018,-0.261383056640625,0.2946859896183014,-1.0137903690338135,-0.2363358587026596,0.2237166166305542,-0.7603219151496887,-0.1744648665189743,-0.06207923963665962,-0.884672224521637,-0.17518097162246704,0.04095758870244026,-1.1673489809036255,-0.259621262550354,0.09265149384737015,-0.9487305283546448,-0.21010364592075348,0.07063794136047363,-0.7463240623474121,-0.14692147076129913
0.0,0.0,0.0,0.44371992349624634,0.0010194741189479828,-0.10850647836923599,0.8333002924919128,-0.16834737360477448,-0.18008282780647278,0.7360716462135315,-0.47005975246429443,-0.2653043866157532,0.44063764810562134,-0.576751708984375,-0.34306952357292175,0.7217569947242737,-0.7723802328109741,-0.025063565000891685,0.9045727849006653,-1.105041742324829,-0.20971401035785675,0.9421570897102356,-0.9262368083000183,-0.3649718463420868,0.859052300453186,-0.7044963240623474,-0.43945592641830444,0.5022264719009399,-0.8631460666656494,-0.05241598188877106,0.6708956956863403,-1.2147102355957031,-0.2102937400341034,0.7067295908927917,-1.0113528966903687,-0.32721635699272156,0.6171698570251465,-0.7758533358573914,-0.3757009506225586,0.266469806432724,-0.8915982842445374,-0.10448098182678223,0.40275344252586365,-1.2279517650604248,-0.23878827691078186,0.4650285243988037,-1.0276906490325928,-0.2672419846057892,0.3987388610839844,-0.812235414981842,-0.2541555166244507,-0.0034043872728943825,-0.8676263689994812,-0.16787554323673248,0.149704709649086,-1.1014161109924316,-0.24529047310352325,0.22243428230285645,-0.9600973725318909,-0.2171923965215683,0.18517117202281952,-0.7908349633216858,-0.17625045776367188
0.0,0.0,0.0,0.43934527039527893,0.008441089652478695,-0.06415468454360962,0.8026125431060791,-0.19227109849452972,-0.11503435671329498,0.7567121982574463,-0.45845654606819153,-0.17981286346912384,0.43402746319770813,-0.5086113214492798,-0.23515504598617554,0.778026282787323,-0.7428932785987854,-0.030388647690415382,0.9674835205078125,-0.9610081315040588,-0.1634187251329422,0.9255084991455078,-0.6809670925140381,-0.2751396596431732,0.7875710129737854,-0.5168310403823853,-0.33607378602027893,0.5854605436325073,-0.8072425127029419,-0.07480359077453613,0.7786344289779663,-1.1269484758377075,-0.187125101685524,0.7778015732765198,-0.8050142526626587,-0.2573588490486145,0.6365679502487183,-0.6118561625480652,-0.2845778465270996,0.36775752902030945,-0.8347510695457458,-0.13308769464492798,0.518632173538208,-1.1624486446380615,-0.2392745018005371,0.5611174702644348,-0.8438608050346375,-0.23481008410453796,0.4482254385948181,-0.6435091495513916,-0.20380236208438873,0.11096496134996414,-0.8305955529212952,-0.1980433166027069,0.324126660823822,-1.088038682937622,-0.269636869430542,0.40122148394584656,-0.860639750957489,-0.22867351770401,0.32577839493751526,-0.6708223819732666,-0.18262960016727448
0.0,0.0,0.0,0.42064550518989563,0.005876826588064432,-0.08382891118526459,0.7893673777580261,-0.14990419149398804,-0.1653730869293213,0.7523695826530457,-0.3732829689979553,-0.25761374831199646,0.44841432571411133,-0.44665101170539856,-0.3354291319847107,0.7555782794952393,-0.7569798231124878,-0.09987729787826538,0.9729517698287964,-1.0188802480697632,-0.2613472640514374,0.9789184331893921,-0.7306408286094666,-0.35664495825767517,0.8569054007530212,-0.5301984548568726,-0.3929916024208069,0.5530549883842468,-0.8199173212051392,-0.14787064492702484,0.7727990746498108,-1.147424578666687,-0.2892645299434662,0.7896929979324341,-0.793914258480072,-0.3385782241821289,0.6588500738143921,-0.5794832110404968,-0.3439665734767914,0.33083754777908325,-0.8318616151809692,-0.21244367957115173,0.5152186155319214,-1.1413307189941406,-0.3451649248600006,0.5730332732200623,-0.7976066470146179,-0.32311615347862244,0.4750681519508362,-0.591650664806366,-0.275679349899292,0.07323718070983887,-0.7976361513137817,-0.2852802574634552,0.3084825873374939,-1.0209131240844727,-0.370589941740036,0.4102596640586853,-0.7850961685180664,-0.32364240288734436,0.35249537229537964,-0.605522871017456,-0.2712692618370056
0.0,0.0,0.0,0.3994053304195404,0.020954692736268044,-0.08815208077430725,0.748075544834137,-0.164475679397583,-0.162847638130188,0.6648655533790588,-0.38851550221443176,-0.24776817858219147,0.3869129419326782,-0.46922561526298523,-0.3181335926055908,0.7292049527168274,-0.7900922298431396,-0.08156267553567886,0.9376466274261475,-1.0159624814987183,-0.2563575804233551,0.921527087688446,-0.7162626385688782,-0.3629647195339203,0.7840034365653992,-0.5197540521621704,-0.4046703279018402,0.5086767077445984,-0.8517720699310303,-0.1254289746284485,0.7229922413825989,-1.1317601203918457,-0.28540006279945374,0.727433979511261,-0.7723467946052551,-0.3450230062007904,0.5978981852531433,-0.5686342120170593,-0.35273826122283936,0.2712903916835785,-0.8548370599746704,-0.189036026597023,0.4619234502315521,-1.129867672920227,-0.34689342975616455,0.4990484416484833,-0.7718472480773926,-0.32659903168678284,0.39703768491744995,-0.5806704759597778,-0.27309098839759827,-0.0009584586950950325,-0.8081511855125427,-0.2591165602207184,0.23987622559070587,-0.9906066060066223,-0.3536834418773651,0.3162955343723297,-0.7408320307731628,-0.2997993230819702,0.2501714527606964,-0.582461416721344,-0.23849108815193176
0.0,0.0,0.0,0.4037415683269501,0.0018084754701703787,-0.10502820461988449,0.7428326606750488,-0.15797990560531616,-0.1905563622713089,0.6573078036308289,-0.3701268434524536,-0.279605895280838,0.38871002197265625,-0.4621365964412689,-0.3468157649040222,0.6964002847671509,-0.7915127873420715,-0.09501893073320389,0.9128800630569458,-0.9811400175094604,-0.2652534544467926,0.8900689482688904,-0.6711888313293457,-0.35510680079460144,0.7698568105697632,-0.48026975989341736,-0.3870697319507599,0.48757821321487427,-0.8632534742355347,-0.13061802089214325,0.7014333009719849,-1.0767877101898193,-0.2907101511955261,0.7009625434875488,-0.7022172808647156,-0.34050408005714417,0.58476322889328,-0.51063072681427,-0.3392033576965332,0.2622304856777191,-0.86350017786026,-0.18604955077171326,0.4489234983921051,-1.05242919921875,-0.34681957960128784,0.493537038564682,-0.6821706891059875,-0.32160651683807373,0.4093872010707855,-0.5118120312690735,-0.26487037539482117,0.008352190256118774,-0.8014299869537354,-0.2485058307647705,0.24684229493141174,-0.9032551050186157,-0.35036587715148926,0.3181937038898468,-0.647080659866333,-0.30047741532325745,0.25465917587280273,-0.5128030776977539,-0.23874372243881226
0.0,0.0,0.0,0.4131600558757782,0.0032136845402419567,-0.0712360292673111,0.7855297923088074,-0.15323589742183685,-0.13849636912345886,0.7605686187744141,-0.3330376446247101,-0.21442219614982605,0.47008004784584045,-0.34687307476997375,-0.27227655053138733,0.7185768485069275,-0.7857658267021179,-0.054501377046108246,0.9162343740463257,-0.9339819550514221,-0.18593323230743408,0.8952152729034424,-0.631951630115509,-0.2628079354763031,0.7807973623275757,-0.4474664330482483,-0.29794842004776,0.5134422779083252,-0.8519737124443054,-0.10255581885576248,0.7241202592849731,-1.0244914293289185,-0.22807708382606506,0.731426477432251,-0.6766477227210999,-0.27597910165786743,0.6134272813796997,-0.49304860830307007,-0.2858637273311615,0.3009127676486969,-0.8469969630241394,-0.16567453742027283,0.49787384271621704,-1.0103336572647095,-0.28692755103111267,0.553837776184082,-0.6729406118392944,-0.27123162150382996,0.4711923599243164,-0.5052855610847473,-0.235264390707016,0.06650847941637039,-0.7756643295288086,-0.23562011122703552,0.3055810034275055,-0.8563010096549988,-0.3150012195110321,0.3893014192581177,-0.6181252598762512,-0.277899831533432,0.34160515666007996,-0.4824511408805847,-0.23557668924331665
0.0,0.0,0.0,0.36801859736442566,0.07652619481086731,-0.10737628489732742,0.7552703022956848,-0.07477466017007828,-0.18676649034023285,0.7541152238845825,-0.3174012303352356,-0.2677820026874542,0.4612789452075958,-0.4074046313762665,-0.3349233865737915,0.7093151211738586,-0.8087306022644043,-0.07643270492553711,0.8676904439926147,-0.8932237029075623,-0.2285463809967041,0.8329125046730042,-0.564132571220398,-0.32828500866889954,0.7486022710800171,-0.40064141154289246,-0.38088828325271606,0.46618810296058655,-0.877859890460968,-0.10968436300754547,0.6268235445022583,-0.9921963214874268,-0.24320392310619354,0.630659818649292,-0.6207316517829895,-0.2834228277206421,0.54449063539505,-0.44788065552711487,-0.28900182247161865,0.2043447494506836,-0.8553125262260437,-0.16340960562229156,0.34794822335243225,-0.9863965511322021,-0.30490389466285706,0.4057108759880066,-0.624958872795105,-0.26566487550735474,0.3408660292625427,-0.4564381241798401,-0.21153303980827332,-0.0798998698592186,-0.7558597922325134,-0.22615304589271545,0.1189604103565216,-0.8153805136680603,-0.31373435258865356,0.20119525492191315,-0.5736384391784668,-0.25914502143859863,0.1641828417778015,-0.4508800208568573,-0.20105622708797455
0.0,0.0,0.0,0.40568414330482483,-0.016319461166858673,-0.10691124200820923,0.7693989276885986,-0.18545496463775635,-0.19579379260540009,0.6377269625663757,-0.41319766640663147,-0.2893304228782654,0.3024401068687439,-0.4677382707595825,-0.36294054985046387,0.7567667961120605,-0.7789343595504761,-0.10827849805355072,0.9436242580413818,-1.0923497676849365,-0.2975068986415863,0.8537057042121887,-0.7814465165138245,-0.40610334277153015,0.718672513961792,-0.5745543837547302,-0.4491976797580719,0.497037798166275,-0.8546822667121887,-0.1499057561159134,0.6481483578681946,-1.2195008993148804,-0.3299345374107361,0.6067266464233398,-0.8244785666465759,-0.38055434823036194,0.5031890869140625,-0.5957171320915222,-0.3717166781425476,0.23737865686416626,-0.8631458282470703,-0.2118072509765625,0.34136056900024414,-1.1861563920974731,-0.3768005669116974,0.35396313667297363,-0.8098440170288086,-0.33253899216651917,0.2844485938549042,-0.6101744771003723,-0.2562903165817261,-0.04810221493244171,-0.819503128528595,-0.2825039029121399,0.08031562715768814,-1.0169757604599,-0.37067487835884094,0.14824767410755157,-0.753441572189331,-0.298554927110672,0.12180932611227036,-0.591925859451294,-0.2198823094367981
0.0,0.0,0.0,0.3881782591342926,-5.166450500837527e-05,-0.12220797687768936,0.7335623502731323,-0.19196420907974243,-0.19907481968402863,0.5678631067276001,-0.4271533191204071,-0.2747093439102173,0.24242106080055237,-0.49563783407211304,-0.3283100724220276,0.7517865896224976,-0.7656141519546509,-0.08983273059129715,0.9157649874687195,-1.063317060470581,-0.2675032317638397,0.7854193449020386,-0.7742869257926941,-0.3609094023704529,0.6659331321716309,-0.5849533081054688,-0.3953395485877991,0.49468979239463806,-0.8614897131919861,-0.11453147977590561,0.6482169032096863,-1.2233707904815674,-0.2949967682361603,0.5514854788780212,-0.8446733355522156,-0.3338785767555237,0.45769327878952026,-0.6216325163841248,-0.3083753287792206,0.23403805494308472,-0.8769070506095886,-0.1613081395626068,0.3370329737663269,-1.2178630828857422,-0.32881486415863037,0.3069388270378113,-0.8455053567886353,-0.2698950469493866,0.24812912940979004,-0.6443971991539001,-0.17789050936698914,-0.0473763532936573,-0.8367557525634766,-0.2170480191707611,0.04951009526848793,-1.0462265014648438,-0.3006519675254822,0.07751225680112839,-0.7888287305831909,-0.21609707176685333,0.057322632521390915,-0.6344013810157776,-0.1256188303232193
0.0,0.0,0.0,0.39187732338905334,-0.03915993124246597,-0.11905286461114883,0.6936869621276855,-0.258160263299942,-0.19590578973293304,0.4900747537612915,-0.5192671418190002,-0.27552613615989685,0.18417882919311523,-0.621417224407196,-0.33525776863098145,0.6834672689437866,-0.7989930510520935,-0.07874006778001785,0.8366711735725403,-1.1024925708770752,-0.2639580965042114,0.6950889825820923,-0.8416455984115601,-0.36658337712287903,0.5708364844322205,-0.6324800252914429,-0.40462952852249146,0.42538854479789734,-0.8989554047584534,-0.10451669245958328,0.5861933827400208,-1.28047513961792,-0.2945694923400879,0.47055625915527344,-0.9330602884292603,-0.3410365879535675,0.3633776903152466,-0.6836390495300293,-0.3175813853740692,0.17268630862236023,-0.9214053750038147,-0.15465082228183746,0.2584783434867859,-1.2954903841018677,-0.3270896077156067,0.22222140431404114,-0.9447080492973328,-0.276652991771698,0.15820838510990143,-0.7132994532585144,-0.1878616362810135,-0.10190234333276749,-0.8848897814750671,-0.21400271356105804,-0.03131707385182381,-1.123932123184204,-0.304083913564682,0.0004753651446662843,-0.8850045204162598,-0.2301647812128067,-0.013819003477692604,-0.7153795957565308,-0.145542711019516
0.0,0.0,0.0,0.38348501920700073,-0.051814861595630646,-0.1340039223432541,0.6834774017333984,-0.314737468957901,-0.21121206879615784,0.4621570408344269,-0.5623975396156311,-0.2870085835456848,0.1467081606388092,-0.6015337705612183,-0.33912137150764465,0.6324516534805298,-0.8574809432029724,-0.10126025974750519,0.7944415807723999,-1.2195796966552734,-0.28477048873901367,0.661288857460022,-0.9251824021339417,-0.3791769742965698,0.5385559797286987,-0.7056394219398499,-0.4096326231956482,0.36356860399246216,-0.9243262410163879,-0.11592557281255722,0.5041944980621338,-1.3484505414962769,-0.2980960011482239,0.4122336506843567,-0.9851312041282654,-0.3334387242794037,0.32734212279319763,-0.7363721132278442,-0.30355751514434814,0.10681115835905075,-0.9260157942771912,-0.15525145828723907,0.18460524082183838,-1.3373621702194214,-0.32127347588539124,0.16499193012714386,-0.9797978401184082,-0.2613876461982727,0.11442486941814423,-0.742592990398407,-0.16657884418964386,-0.16695673763751984,-0.8805406093597412,-0.20593908429145813,-0.09706446528434753,-1.1549288034439087,-0.2932436466217041,-0.05949907377362251,-0.9123629331588745,-0.21494685113430023,-0.07178304344415665,-0.7271578311920166,-0.12713493406772614
0.0,0.0,0.0,0.36656442284584045,-0.08321236819028854,-0.12991109490394592,0.6200594902038574,-0.35590115189552307,-0.2038196325302124,0.36932453513145447,-0.6014679670333862,-0.2761039435863495,0.07084276527166367,-0.6689871549606323,-0.3236629068851471,0.5902861952781677,-0.861848771572113,-0.10181485116481781,0.7444536089897156,-1.237052321434021,-0.28153303265571594,0.6101244688034058,-0.9613766074180603,-0.3776375353336334,0.4853656589984894,-0.7389423251152039,-0.4110420346260071,0.3149113953113556,-0.9420239925384521,-0.11585114896297455,0.43538329005241394,-1.3777586221694946,-0.28120365738868713,0.3533700406551361,-1.0309257507324219,-0.31354084610939026,0.28215622901916504,-0.7832134366035461,-0.2879299223423004,0.0630190297961235,-0.9523211717605591,-0.15431509912014008,0.116605743765831,-1.3869534730911255,-0.29698216915130615,0.10575658828020096,-1.0487771034240723,-0.23603545129299164,0.06720840930938721,-0.8109297752380371,-0.14874204993247986,-0.19961771368980408,-0.9016686677932739,-0.2050696611404419,-0.1604425609111786,-1.194192886352539,-0.27938371896743774,-0.11594244092702866,-0.9764488935470581,-0.2019834816455841,-0.11294443905353546,-0.7957829833030701,-0.11774663627147675
0.0,0.0,0.0,0.3631998598575592,-0.060913585126399994,-0.1475508064031601,0.6218180656433105,-0.31324124336242676,-0.23540017008781433,0.38446274399757385,-0.5668513178825378,-0.3208305835723877,0.09159443527460098,-0.6748178005218506,-0.38168832659721375,0.6318709254264832,-0.8346247673034668,-0.13364051282405853,0.7828454971313477,-1.2209402322769165,-0.3384184241294861,0.6319023966789246,-0.9609915614128113,-0.4489281475543976,0.510388195514679,-0.7414124011993408,-0.4888180196285248,0.3509214222431183,-0.9247294068336487,-0.14741039276123047,0.48905354738235474,-1.3762941360473633,-0.34016937017440796,0.37298667430877686,-1.0340443849563599,-0.3819372057914734,0.2971462905406952,-0.7752005457878113,-0.35738110542297363,0.0932285487651825,-0.9488329887390137,-0.18790684640407562,0.16058377921581268,-1.4147756099700928,-0.35329124331474304,0.11578813195228577,-1.06808340549469,-0.2963887155056,0.07748528569936752,-0.8081961274147034,-0.2064262181520462,-0.17450571060180664,-0.9076856374740601,-0.24196381866931915,-0.13651396334171295,-1.2194863557815552,-0.33914291858673096,-0.11319795995950699,-0.9969711899757385,-0.27094128727912903,-0.10766053199768066,-0.7952316403388977,-0.18797138333320618
0.0,0.0,0.0,0.3711208403110504,-0.05195075273513794,-0.1623537689447403,0.6526488661766052,-0.3054204285144806,-0.2557029724121094,0.41663604974746704,-0.5590372681617737,-0.343620628118515,0.11800239235162735,-0.6586905121803284,-0.40654659271240234,0.6251306533813477,-0.83516526222229,-0.1399843692779541,0.7663262486457825,-1.2238919734954834,-0.3450319468975067,0.5992562174797058,-0.9722720980644226,-0.4528258442878723,0.47029322385787964,-0.7491270303726196,-0.4883892834186554,0.3379017412662506,-0.9296668171882629,-0.14677201211452484,0.4680943191051483,-1.375123143196106,-0.346666157245636,0.34910765290260315,-1.043465495109558,-0.38691797852516174,0.2698291838169098,-0.7768187522888184,-0.3561347424983978,0.07416823506355286,-0.9567172527313232,-0.18197184801101685,0.1371127814054489,-1.4140146970748901,-0.3541165590286255,0.09896405041217804,-1.072683572769165,-0.3001745045185089,0.06370129436254501,-0.8095029592514038,-0.20803159475326538,-0.19753848016262054,-0.9205365777015686,-0.2319055199623108,-0.16542713344097137,-1.2197691202163696,-0.33547982573509216,-0.13650107383728027,-0.9983698129653931,-0.27132782340049744,-0.12757039070129395,-0.8005274534225464,-0.1880583018064499
0.0,0.0,0.0,0.39240503311157227,-0.05798228457570076,-0.15134091675281525,0.685814619064331,-0.30300408601760864,-0.24062635004520416,0.43052273988723755,-0.5502275824546814,-0.32714056968688965,0.11102204024791718,-0.621798038482666,-0.3927510380744934,0.6302622556686401,-0.8428096175193787,-0.11771561205387115,0.7825915813446045,-1.217839002609253,-0.31614741683006287,0.6243481040000916,-0.9546592235565186,-0.42369282245635986,0.4971967041492462,-0.7323814034461975,-0.46182239055633545,0.3515213131904602,-0.9271946549415588,-0.12939396500587463,0.5010285377502441,-1.3592612743377686,-0.32701000571250916,0.37335073947906494,-1.009567379951477,-0.3732110559940338,0.2846080958843231,-0.7464540600776672,-0.34595227241516113,0.08456820994615555,-0.9411022067070007,-0.16755762696266174,0.15731336176395416,-1.3724437952041626,-0.3494774401187897,0.10579998046159744,-1.004945158958435,-0.2965812385082245,0.05948060378432274,-0.7437225580215454,-0.20147955417633057,-0.19963593780994415,-0.8928467631340027,-0.2177903652191162,-0.15034030377864838,-1.169191837310791,-0.3292558789253235,-0.1248864009976387,-0.9161260724067688,-0.25917863845825195,-0.11944042891263962,-0.712773323059082,-0.17009738087654114
0.0,0.0,0.0,0.41976606845855713,-0.05237996578216553,-0.1641722321510315,0.7630733847618103,-0.2693380117416382,-0.2650647759437561,0.5118113160133362,-0.48763635754585266,-0.36370670795440674,0.1425756812095642,-0.47974228858947754,-0.4460982084274292,0.6675628423690796,-0.8369155526161194,-0.12441130727529526,0.8036109805107117,-1.191067099571228,-0.3237015902996063,0.6304495930671692,-0.9186965823173523,-0.4361925423145294,0.4947071671485901,-0.693751871585846,-0.4773886501789093,0.3876584768295288,-0.9129448533058167,-0.12748627364635468,0.5099863409996033,-1.2943390607833862,-0.3341551423072815,0.3748990297317505,-0.9309279918670654,-0.3942946493625641,0.2757793664932251,-0.667267382144928,-0.3770158290863037,0.12014882266521454,-0.9250453114509583,-0.15558190643787384,0.18822596967220306,-1.3044999837875366,-0.3412930369377136,0.13353723287582397,-0.9320159554481506,-0.29938727617263794,0.07378289848566055,-0.6652224063873291,-0.2107170969247818,-0.16508276760578156,-0.8900771141052246,-0.19610697031021118,-0.1185266301035881,-1.1453725099563599,-0.301120400428772,-0.09209596365690231,-0.8828501105308533,-0.22958005964756012,-0.09085135161876678,-0.6717168688774109,-0.14023776352405548
0.0,0.0,0.0,0.42711707949638367,-0.05236297473311424,-0.1441568285226822,0.786655068397522,-0.2683674991130829,-0.23371224105358124,0.5555970072746277,-0.4810713529586792,-0.32366952300071716,0.1782505363225937,-0.45139196515083313,-0.3940274119377136,0.6853057146072388,-0.824664831161499,-0.10427386313676834,0.8263446688652039,-1.1813441514968872,-0.2970934808254242,0.6710339784622192,-0.8770461082458496,-0.3930913805961609,0.5514920353889465,-0.663718044757843,-0.42229312658309937,0.40387460589408875,-0.9076056480407715,-0.11461769789457321,0.5239272117614746,-1.2694683074951172,-0.31295186281204224,0.406780868768692,-0.8798214197158813,-0.35716524720191956,0.3222430944442749,-0.6482276916503906,-0.3304242789745331,0.13645197451114655,-0.9230958223342896,-0.14904902875423431,0.20787838101387024,-1.2797547578811646,-0.33292973041534424,0.16646535694599152,-0.8832098841667175,-0.28173765540122986,0.11616635322570801,-0.6438378691673279,-0.18713107705116272,-0.14883676171302795,-0.891819953918457,-0.1932688057422638,-0.09900738298892975,-1.1288511753082275,-0.2891358435153961,-0.06344056874513626,-0.8462574481964111,-0.2097339779138565,-0.05717720091342926,-0.6475222110748291,-0.11621804535388947
0.0,0.0,0.0,0.4269719123840332,-0.038127295672893524,-0.13930059969425201,0.7834476232528687,-0.2572574019432068,-0.21544258296489716,0.5836362242698669,-0.5114499926567078,-0.29166606068611145,0.22803738713264465,-0.5030156373977661,-0.34527498483657837,0.6871366500854492,-0.8304111957550049,-0.08453836292028427,0.8284255862236023,-1.1879334449768066,-0.2682149410247803,0.6863120794296265,-0.8808544278144836,-0.3608076274394989,0.5686736106872559,-0.6679486632347107,-0.3896998465061188,0.41642892360687256,-0.9041020274162292,-0.09584643691778183,0.5283207297325134,-1.275855541229248,-0.2872062921524048,0.42550021409988403,-0.8912491798400879,-0.329964816570282,0.34766802191734314,-0.6590039730072021,-0.3031083941459656,0.1562429666519165,-0.9065736532211304,-0.13201890885829926,0.2192215919494629,-1.2602072954177856,-0.3126639723777771,0.19373534619808197,-0.8811306953430176,-0.2638799548149109,0.14933957159519196,-0.6466981768608093,-0.17126797139644623,-0.12285251915454865,-0.860217273235321,-0.17855118215084076,-0.07144204527139664,-1.094963788986206,-0.27494993805885315,-0.029039550572633743,-0.830394983291626,-0.20254574716091156,-0.023733804002404213,-0.6395893096923828,-0.11439517885446548
0.0,0.0,0.0,0.39687588810920715,-0.05354279652237892,-0.12448424845933914,0.7242375612258911,-0.2931358218193054,-0.1822909414768219,0.5644121170043945,-0.5740190744400024,-0.24043722450733185,0.2338327169418335,-0.5796485543251038,-0.2745388150215149,0.6397905349731445,-0.8460022807121277,-0.06082143634557724,0.7870491147041321,-1.1938683986663818,-0.22590488195419312,0.6501221656799316,-0.9043479561805725,-0.3133353888988495,0.5278664231300354,-0.7083991765975952,-0.3417383134365082,0.3932148218154907,-0.9168215990066528,-0.06942816078662872,0.5009639263153076,-1.272473931312561,-0.22988303005695343,0.40943461656570435,-0.9148270487785339,-0.2636699676513672,0.32982906699180603,-0.7090802192687988,-0.2395193725824356,0.16095417737960815,-0.915262758731842,-0.10159298777580261,0.2191832959651947,-1.2751801013946533,-0.24442055821418762,0.19746613502502441,-0.9295929670333862,-0.18855004012584686,0.1471376270055771,-0.7164934277534485,-0.10253386199474335,-0.09382035583257675,-0.8658780455589294,-0.144939586520195,-0.054303184151649475,-1.121276617050171,-0.2101115733385086,-0.013738744892179966,-0.898344099521637,-0.13230043649673462,-0.01595364324748516,-0.7282406687736511,-0.04768778383731842
0.0,0.0,0.0,0.3959878087043762,-0.042574308812618256,-0.1211479976773262,0.7307978868484497,-0.2783261835575104,-0.1803443878889084,0.5998997092247009,-0.5672154426574707,-0.23937435448169708,0.2877494990825653,-0.6020214557647705,-0.27452173829078674,0.6409099698066711,-0.8483117818832397,-0.07613624632358551,0.7894349694252014,-1.2126833200454712,-0.24088315665721893,0.6720147728919983,-0.9226194620132446,-0.3271216154098511,0.564271867275238,-0.7143630385398865,-0.3563574552536011,0.3971549868583679,-0.913325846195221,-0.0900217741727829,0.5142227411270142,-1.306731939315796,-0.25144049525260925,0.4340052306652069,-0.950535774230957,-0.28086280822753906,0.36236587166786194,-0.7232879996299744,-0.2536965608596802,0.16530875861644745,-0.9063357710838318,-0.1264972686767578,0.22600485384464264,-1.2820732593536377,-0.27261054515838623,0.2081596553325653,-0.9404616355895996,-0.21448087692260742,0.16473332047462463,-0.7190183997154236,-0.12718018889427185,-0.08552347123622894,-0.8508448004722595,-0.1743757277727127,-0.037523116916418076,-1.1083590984344482,-0.24798570573329926,0.0011528150644153357,-0.8860727548599243,-0.17450357973575592,-0.0014565931633114815,-0.7114250063896179,-0.09334056079387665
0.0,0.0,0.0,0.37808889150619507,-0.06376789510250092,-0.11749949306249619,0.6438551545143127,-0.32116854190826416,-0.1879873424768448,0.4358675181865692,-0.5896232724189758,-0.25947585701942444,0.1519758105278015,-0.6720307469367981,-0.3101288378238678,0.6151299476623535,-0.8369694948196411,-0.09079919755458832,0.7721390128135681,-1.1800800561904907,-0.2616284191608429,0.6559281945228577,-0.9046057462692261,-0.35967835783958435,0.5246692299842834,-0.6820787191390991,-0.39646196365356445,0.3704165816307068,-0.922242283821106,-0.11072804033756256,0.5151377320289612,-1.3391245603561401,-0.26803475618362427,0.4519314169883728,-1.001824140548706,-0.3070347011089325,0.36096927523612976,-0.7536448240280151,-0.28983694314956665,0.13646790385246277,-0.9292840361595154,-0.15237261354923248,0.2090153843164444,-1.347467064857483,-0.2887929379940033,0.21426646411418915,-1.0029789209365845,-0.2365679293870926,0.15791136026382446,-0.7646188139915466,-0.16044268012046814,-0.12473601847887039,-0.8758569359779358,-0.2051505744457245,-0.05165788531303406,-1.158115267753601,-0.2849240303039551,0.009494137018918991,-0.9261284470558167,-0.2161911427974701,-0.0033673765137791634,-0.7383406162261963,-0.14030934870243073
0.0,0.0,0.0,0.3619574308395386,-0.07513760030269623,-0.1324058473110199,0.601897656917572,-0.3824334442615509,-0.21397702395915985,0.3285173177719116,-0.6602879762649536,-0.29316481947898865,0.030788999050855637,-0.766402006149292,-0.3457900285720825,0.59537273645401,-0.8514638543128967,-0.12115447223186493,0.7884113788604736,-1.2153371572494507,-0.3034602701663971,0.6550530791282654,-0.9265311360359192,-0.39722973108291626,0.5223206877708435,-0.709491491317749,-0.43000394105911255,0.3414466083049774,-0.9296862483024597,-0.13819445669651031,0.524114727973938,-1.3906413316726685,-0.3127521872520447,0.4444948732852936,-1.0433954000473022,-0.34768784046173096,0.3541652262210846,-0.7915289998054504,-0.3214420974254608,0.09675949811935425,-0.9433741569519043,-0.17847028374671936,0.18191547691822052,-1.396967887878418,-0.32724979519844055,0.19087055325508118,-1.0484910011291504,-0.27462175488471985,0.1438944786787033,-0.8060104250907898,-0.19339938461780548,-0.16317437589168549,-0.9054491519927979,-0.230878084897995,-0.08488568663597107,-1.1847472190856934,-0.31543290615081787,-0.01575005054473877,-0.9558994770050049,-0.25178828835487366,-0.02008451707661152,-0.7755805253982544,-0.1789708137512207
0.0,0.0,0.0,0.37059682607650757,-0.06854750216007233,-0.12171528488397598,0.6129713654518127,-0.3597700595855713,-0.19374287128448486,0.3629385828971863,-0.6396658420562744,-0.26643386483192444,0.07731244713068008,-0.7437300086021423,-0.3137202262878418,0.6064800024032593,-0.8332809209823608,-0.10431081056594849,0.7970829010009766,-1.1858057975769043,-0.28341779112815857,0.6582257747650146,-0.8966759443283081,-0.37490907311439514,0.5261811017990112,-0.682673454284668,-0.4060070812702179,0.3598583936691284,-0.9245287775993347,-0.1254933625459671,0.5623178482055664,-1.3686740398406982,-0.29491937160491943,0.46127820014953613,-1.0256627798080444,-0.32809141278266907,0.3580886423587799,-0.7796435952186584,-0.3008643686771393,0.11635856330394745,-0.9445006251335144,-0.16917602717876434,0.21439716219902039,-1.387745976448059,-0.3170303702354431,0.19842906296253204,-1.0320725440979004,-0.2600177526473999,0.14017094671726227,-0.7850612998008728,-0.17494070529937744,-0.14922526478767395,-0.9026408791542053,-0.22401019930839539,-0.06891514360904694,-1.1824190616607666,-0.30911436676979065,-0.018418800085783005,-0.9489507675170898,-0.2408898025751114,-0.029201732948422432,-0.765099048614502,-0.16361103951931
0.0,0.0,0.0,0.37451112270355225,-0.07124827057123184,-0.12930558621883392,0.6038654446601868,-0.3838876485824585,-0.20431387424468994,0.32180267572402954,-0.6773867607116699,-0.27846312522888184,0.030816560611128807,-0.7893334031105042,-0.3258095979690552,0.6170982122421265,-0.8329585194587708,-0.10612596571445465,0.8084040880203247,-1.1845570802688599,-0.28615960478782654,0.6582880020141602,-0.8941366076469421,-0.37639570236206055,0.5266115665435791,-0.6857655048370361,-0.4075673520565033,0.3674069344997406,-0.9218421578407288,-0.12336622923612595,0.5784153938293457,-1.3597651720046997,-0.29978784918785095,0.47058629989624023,-1.0100247859954834,-0.33465445041656494,0.36917760968208313,-0.772589385509491,-0.30640262365341187,0.11953569948673248,-0.9450780153274536,-0.16422344744205475,0.22138121724128723,-1.3865187168121338,-0.3185447156429291,0.20353233814239502,-1.0245624780654907,-0.26330408453941345,0.14417359232902527,-0.7852098345756531,-0.177459254860878,-0.15003283321857452,-0.9113789796829224,-0.21645265817642212,-0.06055990606546402,-1.1889926195144653,-0.30343201756477356,-0.01142351794987917,-0.9524398446083069,-0.23594681918621063,-0.025111312046647072,-0.7749255299568176,-0.1587444394826889
0.0,0.0,0.0,0.4029713571071625,-0.05947260186076164,-0.13104546070098877,0.6976545453071594,-0.3157960772514343,-0.2133524864912033,0.4381319284439087,-0.569777250289917,-0.2949787676334381,0.08856520056724548,-0.5918183922767639,-0.35507822036743164,0.661681056022644,-0.8291146755218506,-0.09376082569360733,0.8138054609298706,-1.159772276878357,-0.27468493580818176,0.6692004799842834,-0.8697006702423096,-0.37379133701324463,0.5395824313163757,-0.6630550026893616,-0.411175400018692,0.40476346015930176,-0.9077884554862976,-0.1099395677447319,0.5678080916404724,-1.3228930234909058,-0.2932678461074829,0.47193434834480286,-0.9622510671615601,-0.3376283049583435,0.37234216928482056,-0.7238221764564514,-0.3149770498275757,0.15647555887699127,-0.9140427112579346,-0.14875401556491852,0.2367607057094574,-1.3043619394302368,-0.3112921118736267,0.22227434813976288,-0.9368909597396851,-0.2585134208202362,0.16364529728889465,-0.709809422492981,-0.1709328591823578,-0.11650332063436508,-0.8714976906776428,-0.19862602651119232,-0.031018074601888657,-1.1295998096466064,-0.2812262177467346,0.017101284116506577,-0.8739296793937683,-0.2036246806383133,0.004778770729899406,-0.6922282576560974,-0.11892489343881607
0.0,0.0,0.0,0.41277366876602173,-0.03349635377526283,-0.13532280921936035,0.7446308135986328,-0.2934470772743225,-0.21572640538215637,0.5032967925071716,-0.5282945036888123,-0.2942782938480377,0.1335960179567337,-0.5220053791999817,-0.3524314761161804,0.6891653537750244,-0.8295711278915405,-0.0941898375749588,0.8343806862831116,-1.1632533073425293,-0.2880965769290924,0.6919397115707397,-0.8672253489494324,-0.3854212760925293,0.5737565159797668,-0.6451455950737,-0.41592058539390564,0.41675281524658203,-0.9022999405860901,-0.11032649874687195,0.560583770275116,-1.3082267045974731,-0.3200520873069763,0.46152356266975403,-0.9265313148498535,-0.3675939440727234,0.3759533166885376,-0.6691070795059204,-0.33515873551368713,0.14794068038463593,-0.9101493954658508,-0.1509498506784439,0.22162580490112305,-1.270764946937561,-0.3566599488258362,0.20021924376487732,-0.8678016066551208,-0.3134157359600067,0.15602122247219086,-0.6259968876838684,-0.21592426300048828,-0.13787056505680084,-0.8738497495651245,-0.19959695637226105,-0.05427877977490425,-1.0928828716278076,-0.31532415747642517,-0.01650092750787735,-0.7960565090179443,-0.24431131780147552,-0.020490262657403946,-0.6048035621643066,-0.1540350764989853
0.0,0.0,0.0,0.4177650809288025,-0.04868326336145401,-0.11622277647256851,0.7595728039741516,-0.31708627939224243,-0.18470560014247894,0.5094363689422607,-0.5727933049201965,-0.25674355030059814,0.12811312079429626,-0.569388210773468,-0.3092280626296997,0.6688842177391052,-0.8272755146026611,-0.07857697457075119,0.8565091490745544,-1.1920026540756226,-0.2580519914627075,0.7404434680938721,-0.8965237736701965,-0.34393811225891113,0.6271651983261108,-0.6803482174873352,-0.36668434739112854,0.3976984918117523,-0.9118112921714783,-0.10215742141008377,0.5728799700737,-1.3270509243011475,-0.2771179676055908,0.47594553232192993,-0.9490980505943298,-0.3075522184371948,0.37981289625167847,-0.7082488536834717,-0.2741459906101227,0.13617630302906036,-0.9354312419891357,-0.14938507974147797,0.2502540647983551,-1.3470326662063599,-0.31741994619369507,0.21927644312381744,-0.9508699178695679,-0.2600926458835602,0.1553047001361847,-0.7043808102607727,-0.16545532643795013,-0.14784744381904602,-0.911740779876709,-0.20503082871437073,-0.05129304528236389,-1.1865613460540771,-0.2919344902038574,-0.016928663477301598,-0.9033310413360596,-0.20927247405052185,-0.033481959253549576,-0.7011386156082153,-0.1180088222026825
0.0,0.0,0.0,0.4092450737953186,-0.0498683787882328,-0.11778131872415543,0.7447972893714905,-0.31926417350769043,-0.17367680370807648,0.5582523345947266,-0.5801658630371094,-0.2260267436504364,0.22146625816822052,-0.5791075825691223,-0.2535412311553955,0.6656485199928284,-0.8253645300865173,-0.0790432021021843,0.8238608241081238,-1.1649147272109985,-0.23405595123767853,0.6897959113121033,-0.8645370006561279,-0.30375897884368896,0.5828790068626404,-0.690913736820221,-0.323503315448761,0.4107612073421478,-0.9070393443107605,-0.09249338507652283,0.5632790923118591,-1.2857850790023804,-0.2447388619184494,0.45328623056411743,-0.907503604888916,-0.2616342008113861,0.3522573709487915,-0.7113175392150879,-0.22641296684741974,0.16456076502799988,-0.9239093661308289,-0.1261865198612213,0.2781708836555481,-1.3131694793701172,-0.27356234192848206,0.23746176064014435,-0.9353980422019958,-0.2008475959300995,0.1626501977443695,-0.7257404327392578,-0.10119528323411942,-0.10698458552360535,-0.8986190557479858,-0.16832652688026428,-0.013606540858745575,-1.178877592086792,-0.23734989762306213,0.01589956507086754,-0.9219409823417664,-0.14364416897296906,-0.012333684600889683,-0.7450360655784607,-0.04734070226550102
0.0,0.0,0.0,0.42336714267730713,-0.05510423704981804,-0.13652247190475464,0.7965933084487915,-0.30800285935401917,-0.1988769769668579,0.7835008502006531,-0.6343860626220703,-0.2582932412624359,0.5178551077842712,-0.7528348565101624,-0.29400160908699036,0.5989271402359009,-0.8640316128730774,-0.08530035614967346,0.7163816690444946,-1.2053779363632202,-0.2639983296394348,0.5902557969093323,-0.9172982573509216,-0.3547542691230774,0.5011209845542908,-0.7263656258583069,-0.3847404420375824,0.34875014424324036,-0.9327293038368225,-0.09159433841705322,0.4637224078178406,-1.3008918762207031,-0.2693856656551361,0.3518260419368744,-0.9320833086967468,-0.295115202665329,0.26963701844215393,-0.7196643352508545,-0.2615882158279419,0.09617666155099869,-0.946054220199585,-0.12356547266244888,0.17693132162094116,-1.3312546014785767,-0.293903648853302,0.1317196637392044,-0.9731252789497375,-0.22089974582195282,0.07378186285495758,-0.7580402493476868,-0.11807915568351746,-0.18096333742141724,-0.91677325963974,-0.1667901575565338,-0.121811643242836,-1.1975098848342896,-0.25468429923057556,-0.09725844115018845,-0.962722897529602,-0.17162281274795532,-0.11209750920534134,-0.793570339679718,-0.07993599772453308
0.0,0.0,0.0,0.4542529582977295,-0.021957838907837868,-0.16378816962242126,0.8658930063247681,-0.3378509283065796,-0.19863253831863403,1.0154720544815063,-0.7392895817756653,-0.2215748429298401,0.9337940812110901,-1.0389045476913452,-0.21938762068748474,0.6375912427902222,-0.8485377430915833,-0.06486690044403076,0.7360169291496277,-1.1426995992660522,-0.26169276237487793,0.5919432640075684,-0.8155680894851685,-0.34744924306869507,0.49780797958374023,-0.5948901176452637,-0.36068835854530334,0.37946784496307373,-0.9243151545524597,-0.04056510329246521,0.45883822441101074,-1.228319525718689,-0.2551977038383484,0.34153491258621216,-0.8253585696220398,-0.2869545519351959,0.2844747304916382,-0.608309268951416,-0.24348843097686768,0.11285538226366043,-0.9406564235687256,-0.049181289970874786,0.1844685673713684,-1.2777831554412842,-0.27693018317222595,0.12306489795446396,-0.8681854009628296,-0.2044951468706131,0.08803451061248779,-0.6502513289451599,-0.08458930253982544,-0.17495319247245789,-0.9115198850631714,-0.06722308695316315,-0.1133577823638916,-1.154579758644104,-0.22232143580913544,-0.11053994297981262,-0.8577053546905518,-0.1610877960920334,-0.11212042719125748,-0.6777803897857666,-0.06512711942195892
0.0,0.0,0.0,0.4430820941925049,-0.044546179473400116,-0.14908166229724884,0.8440935611724854,-0.38094663619995117,-0.17782115936279297,1.0046616792678833,-0.7802873253822327,-0.19585563242435455,0.8679612874984741,-1.0547927618026733,-0.1916920393705368,0.6190233826637268,-0.8552109599113464,-0.05496613308787346,0.7086889147758484,-1.1307259798049927,-0.23821114003658295,0.5743053555488586,-0.8135112524032593,-0.3193066418170929,0.4888378977775574,-0.5998209714889526,-0.3339916169643402,0.3653172552585602,-0.9301139116287231,-0.03783416002988815,0.44347724318504333,-1.2227725982666016,-0.2404877096414566,0.3313324749469757,-0.8145604729652405,-0.26470819115638733,0.27342718839645386,-0.5939183235168457,-0.21734242141246796,0.1000933051109314,-0.944377601146698,-0.05156281590461731,0.16579876840114594,-1.2527456283569336,-0.26464009284973145,0.11051932722330093,-0.8491254448890686,-0.18977433443069458,0.07608357071876526,-0.63896644115448,-0.07189657539129257,-0.18414714932441711,-0.9159832000732422,-0.07410091906785965,-0.121627077460289,-1.1417087316513062,-0.21372830867767334,-0.12135148048400879,-0.8531574010848999,-0.1467118114233017,-0.12900221347808838,-0.6864810585975647,-0.05106361582875252
0.0,0.0,0.0,0.4273531436920166,-0.04268134385347366,-0.15002700686454773,0.8524835109710693,-0.3347022831439972,-0.19380854070186615,1.008394718170166,-0.7204508185386658,-0.22732770442962646,0.830353319644928,-0.966147243976593,-0.24130840599536896,0.6215219497680664,-0.8515831828117371,-0.07016369700431824,0.706307053565979,-1.1433660984039307,-0.2578471004962921,0.58048015832901,-0.8250991106033325,-0.3468746244907379,0.501797080039978,-0.6107565760612488,-0.36656826734542847,0.36453354358673096,-0.929419219493866,-0.057404689490795135,0.436250776052475,-1.253288745880127,-0.2555886209011078,0.33068013191223145,-0.8492876291275024,-0.28271394968032837,0.27626335620880127,-0.6216713786125183,-0.23957011103630066,0.09692782163619995,-0.9425508975982666,-0.07332362234592438,0.15683163702487946,-1.2786036729812622,-0.2836449146270752,0.10890892893075943,-0.8753951191902161,-0.21308021247386932,0.07635703682899475,-0.6517578959465027,-0.09821273386478424,-0.193006694316864,-0.9086848497390747,-0.09776962548494339,-0.13594070076942444,-1.168060302734375,-0.2360791563987732,-0.1195911392569542,-0.8792415261268616,-0.16860024631023407,-0.11740364879369736,-0.689578115940094,-0.07204171270132065
0.0,0.0,0.0,0.381083607673645,-0.03763365000486374,-0.1220918521285057,0.7480160593986511,-0.29308223724365234,-0.18260464072227478,0.7264876365661621,-0.5769252777099609,-0.24332736432552338,0.4323385953903198,-0.6220647096633911,-0.27920764684677124,0.5968401432037354,-0.8714253902435303,-0.08388230204582214,0.7404913306236267,-1.2472317218780518,-0.2528805434703827,0.6695448756217957,-0.948978066444397,-0.34429463744163513,0.5756560564041138,-0.7349225878715515,-0.3734390437602997,0.36044758558273315,-0.927495539188385,-0.09914485365152359,0.47998324036598206,-1.3183398246765137,-0.24697038531303406,0.44305458664894104,-0.9658031463623047,-0.27041205763816833,0.37370753288269043,-0.7522025108337402,-0.24431239068508148,0.12793859839439392,-0.9312869310379028,-0.1384766399860382,0.21723568439483643,-1.3364125490188599,-0.26707085967063904,0.2302631437778473,-1.0142782926559448,-0.20210663974285126,0.17425115406513214,-0.7994999885559082,-0.11594980210065842,-0.12625856697559357,-0.8925302028656006,-0.1917245090007782,-0.04647506773471832,-1.196586012840271,-0.25541990995407104,0.011109004728496075,-0.9919321537017822,-0.18028639256954193,-0.012456509284675121,-0.8146166801452637,-0.10002574324607849
0.0,0.0,0.0,0.36327600479125977,-0.06011499464511871,-0.106391042470932,0.6765683889389038,-0.3150847852230072,-0.1704445630311966,0.5733466148376465,-0.5722466111183167,-0.2379956692457199,0.2750094532966614,-0.6197537183761597,-0.28237125277519226,0.584891140460968,-0.8766934275627136,-0.09096261858940125,0.726456344127655,-1.2452634572982788,-0.25897231698036194,0.658916711807251,-0.936601459980011,-0.3497234284877777,0.5600869655609131,-0.7319561243057251,-0.38039469718933105,0.35006216168403625,-0.9295083284378052,-0.11606384813785553,0.47500884532928467,-1.3403854370117188,-0.26237666606903076,0.44857123494148254,-0.9812337160110474,-0.287549763917923,0.37024444341659546,-0.7703569531440735,-0.26511257886886597,0.12213076651096344,-0.9247457981109619,-0.1615162193775177,0.20667342841625214,-1.342839241027832,-0.2863203287124634,0.23260626196861267,-1.0038398504257202,-0.21742409467697144,0.1730055958032608,-0.7900623679161072,-0.1316518634557724,-0.1275530308485031,-0.8797613382339478,-0.2188158929347992,-0.03826260194182396,-1.1810376644134521,-0.27904683351516724,0.030786573886871338,-0.9652119874954224,-0.19690147042274475,0.0037633124738931656,-0.7901971936225891,-0.11377572268247604
0.0,0.0,0.0,0.37642472982406616,-0.08384637534618378,-0.09089982509613037,0.6384416222572327,-0.3897058367729187,-0.14999261498451233,0.4227644205093384,-0.6415371298789978,-0.21732987463474274,0.12261158227920532,-0.6727244853973389,-0.26310646533966064,0.5772501826286316,-0.8744789958000183,-0.07826722413301468,0.7605433464050293,-1.2683687210083008,-0.24155183136463165,0.6966823935508728,-0.971878170967102,-0.3310529291629791,0.5722389221191406,-0.7364920377731323,-0.3613174259662628,0.33782297372817993,-0.9342137575149536,-0.11454436182975769,0.49710699915885925,-1.3923890590667725,-0.25599122047424316,0.4842938184738159,-1.039451003074646,-0.2848927676677704,0.389899343252182,-0.7958511710166931,-0.26498353481292725,0.10500858724117279,-0.935890257358551,-0.17124035954475403,0.20388880372047424,-1.3848233222961426,-0.2959948778152466,0.2534641921520233,-1.0399892330169678,-0.24372629821300507,0.1890069842338562,-0.8039397597312927,-0.1696024239063263,-0.1461883932352066,-0.8921688199043274,-0.23779286444187164,-0.028732484206557274,-1.2041962146759033,-0.30639514327049255,0.06355015188455582,-0.9794994592666626,-0.23506861925125122,0.03693583607673645,-0.7929917573928833,-0.16147148609161377
0.0,0.0,0.0,0.37689098715782166,-0.06670847535133362,-0.0951024517416954,0.6412471532821655,-0.3814102113246918,-0.15220138430595398,0.41818347573280334,-0.6638813018798828,-0.21566207706928253,0.12164804339408875,-0.7224886417388916,-0.2548758089542389,0.5945520401000977,-0.8572840094566345,-0.08354932814836502,0.8027781248092651,-1.2429033517837524,-0.24649521708488464,0.7262446284294128,-0.9404365420341492,-0.3300442695617676,0.5945175290107727,-0.7098830342292786,-0.3559601902961731,0.3558715581893921,-0.9273630976676941,-0.11555521935224533,0.5377330183982849,-1.3820571899414062,-0.256134957075119,0.50929194688797,-1.0267869234085083,-0.27827200293540955,0.41263315081596375,-0.7876455187797546,-0.25331342220306396,0.12212967872619629,-0.936089277267456,-0.16872148215770721,0.2427198439836502,-1.3921198844909668,-0.29639193415641785,0.2770870327949524,-1.0429027080535889,-0.2408778816461563,0.20924465358257294,-0.8044878840446472,-0.1639188528060913,-0.12812234461307526,-0.8981060981750488,-0.2317914515733719,0.007409508805721998,-1.2008622884750366,-0.30533602833747864,0.08927781879901886,-0.9677882194519043,-0.23711535334587097,0.059189245104789734,-0.7759565114974976,-0.1648249477148056
0.0,0.0,0.0,0.3678588569164276,-0.05512704700231552,-0.09656809270381927,0.636103093624115,-0.370196133852005,-0.15235306322574615,0.41670680046081543,-0.6533605456352234,-0.21298043429851532,0.11936834454536438,-0.7097195386886597,-0.24802573025226593,0.6018170118331909,-0.8552156090736389,-0.08362700045108795,0.8062558770179749,-1.2321614027023315,-0.24675899744033813,0.7269358038902283,-0.9271420836448669,-0.32670557498931885,0.5951591730117798,-0.6998066902160645,-0.3500097692012787,0.3596718907356262,-0.9259201884269714,-0.11536013334989548,0.5351911783218384,-1.375885248184204,-0.2596626579761505,0.5060844421386719,-1.0171116590499878,-0.27870267629623413,0.41232776641845703,-0.7796189785003662,-0.24974754452705383,0.12195737659931183,-0.9354776740074158,-0.16853013634681702,0.23150430619716644,-1.3879094123840332,-0.3035469055175781,0.2658437192440033,-1.030002236366272,-0.24365994334220886,0.20208080112934113,-0.7930065393447876,-0.16155403852462769,-0.1325448751449585,-0.8996061086654663,-0.23148088157176971,-0.00347514939494431,-1.1925369501113892,-0.312510222196579,0.07573745399713516,-0.9504345059394836,-0.24262923002243042,0.04664802923798561,-0.7602365612983704,-0.16703443229198456
0.0,0.0,0.0,0.3695148229598999,-0.05060756951570511,-0.10279998183250427,0.6385509371757507,-0.3678014874458313,-0.15901875495910645,0.41297823190689087,-0.6664708256721497,-0.21876674890518188,0.12151147425174713,-0.7371741533279419,-0.25273051857948303,0.6167688369750977,-0.8446969389915466,-0.08786099404096603,0.8263904452323914,-1.226729154586792,-0.25680240988731384,0.7330441474914551,-0.9211921691894531,-0.33986207842826843,0.6016592979431152,-0.693939208984375,-0.3641248047351837,0.37439313530921936,-0.9200049042701721,-0.11584818363189697,0.5649887323379517,-1.379381775856018,-0.2659223973751068,0.5161585211753845,-1.021008014678955,-0.2835507392883301,0.4212040603160858,-0.7802730798721313,-0.25099143385887146,0.1358746588230133,-0.9338536858558655,-0.16654324531555176,0.25703784823417664,-1.3904258012771606,-0.3039674758911133,0.27231526374816895,-1.0316404104232788,-0.24106286466121674,0.20733800530433655,-0.7924707531929016,-0.15524208545684814,-0.11906907707452774,-0.9028192758560181,-0.22789539396762848,0.007914314977824688,-1.1995123624801636,-0.3071535527706146,0.07227198779582977,-0.9578034281730652,-0.23595844209194183,0.042359236627817154,-0.7700483202934265,-0.15940207242965698
0.0,0.0,0.0,0.373747318983078,-0.04688248410820961,-0.10647470504045486,0.639960765838623,-0.3629132807254791,-0.16867291927337646,0.3928748071193695,-0.6627054214477539,-0.23498712480068207,0.08822040259838104,-0.7408238649368286,-0.27578577399253845,0.6353269219398499,-0.8317359089851379,-0.09512383490800858,0.8596230745315552,-1.21684730052948,-0.26601436734199524,0.7492491006851196,-0.9197104573249817,-0.3480663299560547,0.612629234790802,-0.6934478878974915,-0.37181633710861206,0.38755497336387634,-0.9136398434638977,-0.12273287028074265,0.5940766930580139,-1.374424934387207,-0.279615581035614,0.5290902256965637,-1.01781165599823,-0.2991447150707245,0.43024906516075134,-0.7726173996925354,-0.26570436358451843,0.14448599517345428,-0.9362690448760986,-0.17292365431785583,0.2750612199306488,-1.4039595127105713,-0.3159447908401489,0.2790663242340088,-1.038859486579895,-0.2545505464076996,0.21209141612052917,-0.7912585139274597,-0.16808348894119263,-0.11459452658891678,-0.9123960137367249,-0.23357929289340973,0.017402982339262962,-1.209741473197937,-0.31888583302497864,0.07755822688341141,-0.9617502689361572,-0.25015905499458313,0.05042802542448044,-0.7662854790687561,-0.1737804114818573
0.0,0.0,0.0,0.3734534978866577,-0.04330272972583771,-0.10185034573078156,0.6459493637084961,-0.35495489835739136,-0.15944288671016693,0.40582215785980225,-0.6587847471237183,-0.22280128300189972,0.1102084368467331,-0.7518125176429749,-0.2627112567424774,0.651427686214447,-0.8229253888130188,-0.08313395828008652,0.8722449541091919,-1.2127430438995361,-0.24970197677612305,0.7694752216339111,-0.92850661277771,-0.3335053622722626,0.6359357237815857,-0.7017431259155273,-0.35902777314186096,0.40226900577545166,-0.908599853515625,-0.1123657375574112,0.6094488501548767,-1.3675591945648193,-0.26518285274505615,0.5424954295158386,-1.0226845741271973,-0.28961578011512756,0.442726194858551,-0.775033175945282,-0.260385125875473,0.15704137086868286,-0.9341135621070862,-0.16389352083206177,0.2903614640235901,-1.3970028162002563,-0.30189377069473267,0.28809112310409546,-1.0380215644836426,-0.24279265105724335,0.22195662558078766,-0.7911565899848938,-0.15973226726055145,-0.1080859899520874,-0.9114617109298706,-0.22592078149318695,0.02568437159061432,-1.2039246559143066,-0.30933114886283875,0.07621393352746964,-0.9559026956558228,-0.24076424539089203,0.04698346555233002,-0.762080192565918,-0.1652679294347763
0.0,0.0,0.0,0.37139248847961426,-0.03399658203125,-0.10352937132120132,0.6558234691619873,-0.3453291356563568,-0.15864230692386627,0.4340013265609741,-0.6579319834709167,-0.21762552857398987,0.1338418871164322,-0.7314755916595459,-0.25174680352211,0.6610676050186157,-0.8159221410751343,-0.0833522230386734,0.8761983513832092,-1.2040445804595947,-0.24852235615253448,0.769345223903656,-0.9115918278694153,-0.3291413187980652,0.6401234865188599,-0.6887522339820862,-0.3530288636684418,0.41938015818595886,-0.9009848237037659,-0.11111533641815186,0.6185725331306458,-1.3561935424804688,-0.2604205310344696,0.5509864687919617,-1.0085517168045044,-0.2782740294933319,0.45372244715690613,-0.768542468547821,-0.2455279380083084,0.17915619909763336,-0.9276944994926453,-0.1619400531053543,0.3063430190086365,-1.387971043586731,-0.297730416059494,0.30337128043174744,-1.0324066877365112,-0.2353024035692215,0.23700375854969025,-0.7906438112258911,-0.1502016931772232,-0.08067714422941208,-0.9117493629455566,-0.22356700897216797,0.04537609964609146,-1.208644986152649,-0.3028259873390198,0.09752339124679565,-0.9650168418884277,-0.23313316702842712,0.06741739809513092,-0.7730697393417358,-0.15774236619472504
0.0,0.0,0.0,0.37153360247612,-0.034254398196935654,-0.1012110635638237,0.6450695991516113,-0.31900471448898315,-0.15886707603931427,0.4221574068069458,-0.6243155002593994,-0.2219879925251007,0.13212694227695465,-0.7205686569213867,-0.2621289789676666,0.6770583391189575,-0.798919677734375,-0.07519472390413284,0.887177050113678,-1.197925090789795,-0.23863345384597778,0.7699418067932129,-0.9360609650611877,-0.323635458946228,0.6395475268363953,-0.7167266607284546,-0.35218802094459534,0.4278320074081421,-0.8978296518325806,-0.10421914607286453,0.6291528940200806,-1.3693612813949585,-0.25493675470352173,0.5517284274101257,-1.044477105140686,-0.28203722834587097,0.4552365243434906,-0.799456775188446,-0.2548912763595581,0.17843827605247498,-0.931580126285553,-0.15516525506973267,0.3027896583080292,-1.387863039970398,-0.28684550523757935,0.2945334017276764,-1.0509090423583984,-0.22707520425319672,0.2298063337802887,-0.8153139352798462,-0.14460450410842896,-0.09325586259365082,-0.9182283282279968,-0.2171834260225296,0.031886253505945206,-1.2080366611480713,-0.2899005711078644,0.08094077557325363,-0.9809569120407104,-0.21722587943077087,0.05150932818651199,-0.8016312718391418,-0.14045938849449158
0.0,0.0,0.0,0.3808556795120239,-0.05170939862728119,-0.0975581705570221,0.6265869736671448,-0.35239937901496887,-0.1505097895860672,0.39997243881225586,-0.6635488867759705,-0.21110080182552338,0.12392603605985641,-0.7679405212402344,-0.24930857121944427,0.6393852233886719,-0.831671416759491,-0.05289776623249054,0.8202015161514282,-1.2091139554977417,-0.21924443542957306,0.7125247120857239,-0.9414426684379578,-0.31411832571029663,0.5843589305877686,-0.7192286849021912,-0.3503284156322479,0.39795082807540894,-0.9135195016860962,-0.08436422795057297,0.581941545009613,-1.3835288286209106,-0.2406969666481018,0.5160238146781921,-1.0627602338790894,-0.2778753638267517,0.417542427778244,-0.8094947934150696,-0.25783422589302063,0.15573833882808685,-0.9343885183334351,-0.13959163427352905,0.2582276463508606,-1.3943952322006226,-0.2788730561733246,0.26219043135643005,-1.0603705644607544,-0.2259920835494995,0.1966089904308319,-0.8179624080657959,-0.147134929895401,-0.111026830971241,-0.9110956788063049,-0.2062012255191803,-0.0033164804335683584,-1.2074453830718994,-0.28735390305519104,0.05521079897880554,-0.9859107732772827,-0.2221207171678543,0.027176378294825554,-0.8048758506774902,-0.1504029780626297
0.0,0.0,0.0,0.4016607105731964,-0.08546065539121628,-0.08863306045532227,0.6716912984848022,-0.3654472231864929,-0.13864724338054657,0.4425826370716095,-0.6693596243858337,-0.19414083659648895,0.12590640783309937,-0.7218379378318787,-0.22845302522182465,0.6255020499229431,-0.8395896553993225,-0.07286437600851059,0.8000061511993408,-1.2378346920013428,-0.22975780069828033,0.674373209476471,-0.9462345242500305,-0.31145158410072327,0.554118812084198,-0.732903003692627,-0.339598685503006,0.3707195818424225,-0.9233673810958862,-0.09979768842458725,0.5339894890785217,-1.3663138151168823,-0.23733079433441162,0.4539974629878998,-1.0156785249710083,-0.2619776427745819,0.3637309670448303,-0.7846583127975464,-0.24077549576759338,0.12558789551258087,-0.9386451244354248,-0.14479415118694305,0.20853117108345032,-1.3855774402618408,-0.2597012221813202,0.20761099457740784,-1.030684471130371,-0.19248153269290924,0.14950594305992126,-0.7950695157051086,-0.11183841526508331,-0.14405959844589233,-0.9019826054573059,-0.19884009659290314,-0.06326345354318619,-1.2171034812927246,-0.2550610303878784,-0.0023560456465929747,-0.9834660887718201,-0.17089512944221497,-0.015644308179616928,-0.7914019227027893,-0.08910074084997177
0.0,0.0,0.0,0.40354788303375244,-0.09608495980501175,-0.11059998720884323,0.6833643317222595,-0.3968923091888428,-0.16538551449775696,0.4131328761577606,-0.6895999908447266,-0.21974477171897888,0.06654489785432816,-0.6883171796798706,-0.25067874789237976,0.5916053652763367,-0.8778237700462341,-0.07418739050626755,0.7307709455490112,-1.2793656587600708,-0.21773967146873474,0.6176759004592896,-0.9873703718185425,-0.2894698977470398,0.5124208331108093,-0.7798545956611633,-0.31596410274505615,0.3288721442222595,-0.9401057362556458,-0.08968931436538696,0.44053322076797485,-1.3806180953979492,-0.22231616079807281,0.3804897964000702,-1.0215219259262085,-0.24475251138210297,0.3082429766654968,-0.7887285947799683,-0.22226516902446747,0.0835639238357544,-0.932410717010498,-0.12450578808784485,0.1293172687292099,-1.3641024827957153,-0.24357959628105164,0.14654961228370667,-1.0150021314620972,-0.17840509116649628,0.10526787489652634,-0.7791126370429993,-0.09636975079774857,-0.1817152053117752,-0.8743759989738464,-0.1695551872253418,-0.13312076032161713,-1.1802467107772827,-0.2283686250448227,-0.062287505716085434,-0.953161895275116,-0.14606451988220215,-0.0610402412712574,-0.7607218027114868,-0.06503817439079285
0.0,0.0,0.0,0.4133481979370117,-0.09958357363939285,-0.1240677461028099,0.688768208026886,-0.41937005519866943,-0.18309292197227478,0.38410481810569763,-0.6852273344993591,-0.23953981697559357,0.022645054385066032,-0.6545300483703613,-0.27039986848831177,0.5768213868141174,-0.8991230726242065,-0.07052792608737946,0.6875714659690857,-1.2902182340621948,-0.22123660147190094,0.5741721391677856,-0.9930460453033447,-0.2950620651245117,0.48214444518089294,-0.7889662981033325,-0.3224767744541168,0.3050299882888794,-0.9486743211746216,-0.08350912481546402,0.3978397846221924,-1.394481897354126,-0.2388986498117447,0.34007933735847473,-1.0371384620666504,-0.2698124647140503,0.27927714586257935,-0.8017598390579224,-0.24431319534778595,0.056452423334121704,-0.931102991104126,-0.118483766913414,0.0821632370352745,-1.3517037630081177,-0.2643965780735016,0.1024286299943924,-0.9984409213066101,-0.207554429769516,0.07485389709472656,-0.7674963474273682,-0.1214447170495987,-0.20359563827514648,-0.8637551069259644,-0.1640164852142334,-0.16259852051734924,-1.1404759883880615,-0.23958830535411835,-0.09814257174730301,-0.9049736261367798,-0.16211500763893127,-0.09113150089979172,-0.7243258953094482,-0.07986804097890854
0.0,0.0,0.0,0.39069220423698425,-0.10522583872079849,-0.11318584531545639,0.6499242186546326,-0.4173697829246521,-0.1731991469860077,0.3859820067882538,-0.6920647621154785,-0.2325989454984665,0.05351503938436508,-0.704947829246521,-0.26927199959754944,0.5571128129959106,-0.8999070525169373,-0.08383028954267502,0.6852524280548096,-1.2882859706878662,-0.22776144742965698,0.5863144397735596,-0.9983940720558167,-0.3028675615787506,0.48483511805534363,-0.7907300591468811,-0.33289965987205505,0.29342490434646606,-0.9506374001502991,-0.10094709694385529,0.38598111271858215,-1.3943397998809814,-0.23744706809520721,0.3486197590827942,-1.0428507328033447,-0.2646459639072418,0.28153136372566223,-0.8063496947288513,-0.24552351236343384,0.048803940415382385,-0.9332025647163391,-0.13678687810897827,0.07550878077745438,-1.3633750677108765,-0.2639928460121155,0.11398772895336151,-1.0181999206542969,-0.20345264673233032,0.0780922994017601,-0.7802963256835938,-0.12340017408132553,-0.21104907989501953,-0.8652152419090271,-0.18272094428539276,-0.17068982124328613,-1.16805899143219,-0.2539607584476471,-0.0896393433213234,-0.942308247089386,-0.17721374332904816,-0.08671704679727554,-0.7513953447341919,-0.09846088290214539
0.0,0.0,0.0,0.3905465304851532,-0.09309011697769165,-0.11470983177423477,0.6449857950210571,-0.4110598862171173,-0.1734660267829895,0.36932119727134705,-0.7041096687316895,-0.2321852296590805,0.048448290675878525,-0.7624019980430603,-0.2657361328601837,0.5618569254875183,-0.8944244980812073,-0.08459754288196564,0.7004851698875427,-1.3212109804153442,-0.242560476064682,0.5941058993339539,-1.0430843830108643,-0.3219295144081116,0.48600322008132935,-0.8144829869270325,-0.3488941490650177,0.2865034341812134,-0.9525220394134521,-0.10304120928049088,0.3739556670188904,-1.4470670223236084,-0.2507246136665344,0.34124356508255005,-1.1013685464859009,-0.278209388256073,0.2874371409416199,-0.8425481915473938,-0.2533525228500366,0.03323180228471756,-0.9434343576431274,-0.14304852485656738,0.047849979251623154,-1.404309868812561,-0.27455028891563416,0.09595911204814911,-1.0698884725570679,-0.2180245965719223,0.07546401023864746,-0.8246472477912903,-0.13737067580223083,-0.2301790714263916,-0.8862504363059998,-0.1942702680826187,-0.2019576132297516,-1.2029865980148315,-0.2657453119754791,-0.11386449635028839,-0.9947249889373779,-0.1944558173418045,-0.1004059910774231,-0.8081349730491638,-0.11781122535467148
0.0,0.0,0.0,0.38963064551353455,-0.10073832422494888,-0.11253209412097931,0.6408661007881165,-0.411153107881546,-0.16550101339817047,0.3966321051120758,-0.7137726545333862,-0.21853938698768616,0.08859793841838837,-0.7568179965019226,-0.2477128505706787,0.5582119226455688,-0.8798491358757019,-0.0834977999329567,0.6919286251068115,-1.2685171365737915,-0.22943846881389618,0.5888071656227112,-0.9824703335762024,-0.3057446777820587,0.4895614981651306,-0.7695078253746033,-0.33633577823638916,0.3055292069911957,-0.9469897150993347,-0.09930966049432755,0.4111036956310272,-1.4011377096176147,-0.23576276004314423,0.36684945225715637,-1.0698057413101196,-0.26400816440582275,0.30767905712127686,-0.8287819623947144,-0.24591393768787384,0.0693311020731926,-0.9424319267272949,-0.13482806086540222,0.09365525841712952,-1.3913159370422363,-0.25299304723739624,0.12954622507095337,-1.0690304040908813,-0.20219223201274872,0.10283205658197403,-0.8229382038116455,-0.13178586959838867,-0.18110291659832,-0.8800787925720215,-0.18153254687786102,-0.14633986353874207,-1.1869014501571655,-0.24852649867534637,-0.0606851726770401,-0.9922759532928467,-0.18724046647548676,-0.04733613505959511,-0.8032634854316711,-0.121152862906456
0.0,0.0,0.0,0.4015733301639557,-0.06457831710577011,-0.11303327977657318,0.6522586941719055,-0.3802346885204315,-0.1584138423204422,0.3962261378765106,-0.6827868819236755,-0.20560027658939362,0.08543175458908081,-0.7267934083938599,-0.2300119698047638,0.5933155417442322,-0.8766297101974487,-0.05484476312994957,0.7349367737770081,-1.2684725522994995,-0.19473476707935333,0.6188874244689941,-0.9973839521408081,-0.2690003216266632,0.5158542394638062,-0.7792971134185791,-0.2975243330001831,0.33504608273506165,-0.9397140741348267,-0.06842301040887833,0.4513034522533417,-1.3944616317749023,-0.20877161622047424,0.3904479146003723,-1.078145980834961,-0.24305880069732666,0.32970067858695984,-0.8325559496879578,-0.22380056977272034,0.09104162454605103,-0.9314723610877991,-0.10396623611450195,0.13013380765914917,-1.3694769144058228,-0.2344963699579239,0.14707626402378082,-1.0563063621520996,-0.19513484835624695,0.11650609225034714,-0.813417911529541,-0.1258811056613922,-0.16542740166187286,-0.8709850907325745,-0.1504107564687729,-0.1094866394996643,-1.1608890295028687,-0.22927746176719666,-0.04035146161913872,-0.96101975440979,-0.17735730111598969,-0.03130091726779938,-0.7768214344978333,-0.11405707895755768
0.0,0.0,0.0,0.3988034725189209,-0.04417865350842476,-0.08799335360527039,0.6629726886749268,-0.35632234811782837,-0.12503297626972198,0.46792954206466675,-0.65262371301651,-0.1677178293466568,0.22025561332702637,-0.7410780787467957,-0.19078856706619263,0.5990002751350403,-0.8792033195495605,-0.04867522791028023,0.7149193286895752,-1.2683786153793335,-0.19884125888347626,0.6189064979553223,-1.0026754140853882,-0.281509131193161,0.514135479927063,-0.7842360138893127,-0.31200045347213745,0.3423522114753723,-0.9366000890731812,-0.07466685026884079,0.44557055830955505,-1.4151618480682373,-0.2226422131061554,0.4114951193332672,-1.087003231048584,-0.25780341029167175,0.34674111008644104,-0.8394449949264526,-0.2372291386127472,0.09559015184640884,-0.9266840815544128,-0.1204519048333168,0.1250799298286438,-1.3609453439712524,-0.2593272626399994,0.16419696807861328,-1.0306166410446167,-0.21437425911426544,0.13344506919384003,-0.7974450588226318,-0.13997827470302582,-0.17067328095436096,-0.8709734082221985,-0.174564391374588,-0.11337210983037949,-1.1584241390228271,-0.25888997316360474,-0.0316036157310009,-0.9378719925880432,-0.20004408061504364,-0.025478925555944443,-0.7533115148544312,-0.1309613734483719
0.0,0.0,0.0,0.4020935595035553,-0.058896254748106,-0.10374423116445541,0.6683803200721741,-0.3654468357563019,-0.15456032752990723,0.42868486046791077,-0.6624916791915894,-0.20448821783065796,0.12044834345579147,-0.7062601447105408,-0.2326301485300064,0.6104656457901001,-0.8589516878128052,-0.07508478313684464,0.7378730773925781,-1.2139344215393066,-0.2128027230501175,0.6491578817367554,-0.92609703540802,-0.28452590107917786,0.5544648170471191,-0.7216603755950928,-0.31378278136253357,0.3637556731700897,-0.9265408515930176,-0.09593702852725983,0.47635823488235474,-1.3723639249801636,-0.2312631905078888,0.44319990277290344,-1.0301672220230103,-0.25421270728111267,0.374096155166626,-0.7915334701538086,-0.2300826907157898,0.1225544735789299,-0.9194530844688416,-0.13518202304840088,0.16046524047851562,-1.343052864074707,-0.26578590273857117,0.1980389803647995,-0.9987706542015076,-0.21195928752422333,0.16125233471393585,-0.7678600549697876,-0.13502952456474304,-0.13918821513652802,-0.860755443572998,-0.18334734439849854,-0.0757816731929779,-1.1470680236816406,-0.2621670365333557,0.006551440339535475,-0.9165670275688171,-0.19592805206775665,0.006593025755137205,-0.7324912548065186,-0.12390165776014328
0.0,0.0,0.0,0.3984965682029724,-0.06809249520301819,-0.1011405810713768,0.6664892435073853,-0.377381831407547,-0.15446698665618896,0.43939366936683655,-0.6654196977615356,-0.20959027111530304,0.1253667175769806,-0.6974717974662781,-0.24181629717350006,0.5847501754760742,-0.8707787990570068,-0.07727969437837601,0.7444166541099548,-1.2401437759399414,-0.22814485430717468,0.6518080234527588,-0.9519275426864624,-0.306170791387558,0.544465184211731,-0.7373377084732056,-0.33532536029815674,0.3443582057952881,-0.9333319067955017,-0.10153384506702423,0.48725298047065735,-1.3941437005996704,-0.24395900964736938,0.44516655802726746,-1.0562756061553955,-0.26706627011299133,0.36617350578308105,-0.8097788095474243,-0.24043269455432892,0.10854722559452057,-0.9276074171066284,-0.1455209106206894,0.15959538519382477,-1.3650341033935547,-0.27825480699539185,0.19321154057979584,-1.0271881818771362,-0.22566495835781097,0.15199050307273865,-0.787249743938446,-0.14797556400299072,-0.1442430317401886,-0.8711681962013245,-0.1990187019109726,-0.07564612478017807,-1.159650444984436,-0.2769099175930023,0.006404388230293989,-0.9332827925682068,-0.21324163675308228,0.0049661146476864815,-0.7431401014328003,-0.14306002855300903
0.0,0.0,0.0,0.3795872926712036,-0.08875235915184021,-0.10918422788381577,0.636897087097168,-0.38462671637535095,-0.1658359318971634,0.3879959285259247,-0.6315484642982483,-0.22489552199840546,0.08144770562648773,-0.6482257843017578,-0.2609347999095917,0.5869662761688232,-0.8749074935913086,-0.06170674040913582,0.7319579124450684,-1.2335820198059082,-0.21745823323726654,0.6256674528121948,-0.9532788991928101,-0.30311688780784607,0.5268972516059875,-0.7371684312820435,-0.33636364340782166,0.33106422424316406,-0.9396912455558777,-0.0858888179063797,0.4680045247077942,-1.3928340673446655,-0.24113549292087555,0.411456823348999,-1.0606778860092163,-0.2753834128379822,0.3469630777835846,-0.8089213371276855,-0.2518910765647888,0.08850665390491486,-0.9284682869911194,-0.13237278163433075,0.13792936503887177,-1.345352292060852,-0.27093201875686646,0.15499988198280334,-1.0091266632080078,-0.222032368183136,0.12499233335256577,-0.7733651995658875,-0.14365415275096893,-0.16301533579826355,-0.8566046953201294,-0.19009165465831757,-0.0896114856004715,-1.123673677444458,-0.26360172033309937,-0.02844683639705181,-0.8948073387145996,-0.194915309548378,-0.027734799310564995,-0.7106782793998718,-0.12034036219120026
0.0,0.0,0.0,0.3802843391895294,-0.09477352350950241,-0.09442755579948425,0.6327877640724182,-0.39988353848457336,-0.14164523780345917,0.4039652943611145,-0.6593181490898132,-0.19053635001182556,0.10072338581085205,-0.6489407420158386,-0.215908020734787,0.5836077332496643,-0.8811730742454529,-0.05888829007744789,0.7264292240142822,-1.2413201332092285,-0.19905957579612732,0.6302798390388489,-0.9547408223152161,-0.2739560902118683,0.5290813446044922,-0.7436155080795288,-0.3024298846721649,0.32403820753097534,-0.9422999024391174,-0.08408482372760773,0.45064854621887207,-1.379062294960022,-0.21805711090564728,0.40833020210266113,-1.0337327718734741,-0.24121752381324768,0.3444282114505768,-0.7960086464881897,-0.21695415675640106,0.0799296647310257,-0.9294175505638123,-0.12798933684825897,0.1277453899383545,-1.3308072090148926,-0.244200199842453,0.16398856043815613,-0.995900571346283,-0.1907910257577896,0.13369695842266083,-0.7738639116287231,-0.11735639721155167,-0.17145326733589172,-0.8569720387458801,-0.18176060914993286,-0.09823472797870636,-1.117441177368164,-0.2387775331735611,-0.021753432229161263,-0.8954259157180786,-0.16615594923496246,-0.019845131784677505,-0.7229945659637451,-0.09363077580928802
0.0,0.0,0.0,0.36640700697898865,-0.11676199734210968,-0.08213863521814346,0.6031391620635986,-0.4136488437652588,-0.12261808663606644,0.3779086768627167,-0.6787176728248596,-0.16834145784378052,0.08780665695667267,-0.6952497959136963,-0.19212937355041504,0.527584969997406,-0.8991467952728271,-0.05098952353000641,0.6780232191085815,-1.2858357429504395,-0.1865057647228241,0.5923163890838623,-1.020513653755188,-0.2609720528125763,0.48232150077819824,-0.8062631487846375,-0.28749939799308777,0.2720656394958496,-0.9590766429901123,-0.0784362331032753,0.38712024688720703,-1.4106239080429077,-0.19285477697849274,0.36407649517059326,-1.0852992534637451,-0.21355511248111725,0.30277538299560547,-0.8497848510742188,-0.1939322054386139,0.03566810116171837,-0.9459396004676819,-0.12357912957668304,0.07985015958547592,-1.3729456663131714,-0.21596890687942505,0.13020259141921997,-1.0650039911270142,-0.16049517691135406,0.09705634415149689,-0.8402331471443176,-0.09241756051778793,-0.2117224484682083,-0.8722186088562012,-0.1786230355501175,-0.16223347187042236,-1.170091986656189,-0.2175021469593048,-0.07203269004821777,-0.9846005439758301,-0.142203688621521,-0.06537625193595886,-0.8149924278259277,-0.07105402648448944
0.0,0.0,0.0,0.36527636647224426,-0.11037543416023254,-0.10859615355730057,0.5822616219520569,-0.440093070268631,-0.16692233085632324,0.3001096546649933,-0.7144747376441956,-0.22883807122707367,0.0018832511268556118,-0.7697662115097046,-0.26644399762153625,0.5190907716751099,-0.9005542397499084,-0.07778015732765198,0.6816620826721191,-1.3026964664459229,-0.23950418829917908,0.5918385982513428,-1.018322467803955,-0.328055739402771,0.48489975929260254,-0.7875092625617981,-0.36095553636550903,0.2689763307571411,-0.957850456237793,-0.1008673831820488,0.4095434546470642,-1.4421064853668213,-0.24580639600753784,0.37178850173950195,-1.11231529712677,-0.2795272767543793,0.30635374784469604,-0.8600919246673584,-0.2619483768939972,0.03111260011792183,-0.955120861530304,-0.1462133675813675,0.08504904806613922,-1.4309360980987549,-0.2712475657463074,0.12457282841205597,-1.0995934009552002,-0.22576174139976501,0.09569230675697327,-0.8455356955528259,-0.1565771996974945,-0.2179667204618454,-0.8982299566268921,-0.20325912535190582,-0.1598452776670456,-1.2084909677505493,-0.27495384216308594,-0.07680926471948624,-0.9983915686607361,-0.21622595191001892,-0.07099634408950806,-0.8098095655441284,-0.15196451544761658
0.0,0.0,0.0,0.3624480664730072,-0.09968750178813934,-0.10669666528701782,0.5812523365020752,-0.44181567430496216,-0.1646016240119934,0.3099620044231415,-0.7227981686592102,-0.2252439260482788,0.015443730168044567,-0.7952053546905518,-0.260812908411026,0.5191643834114075,-0.8975877165794373,-0.08646776527166367,0.6991685032844543,-1.3041197061538696,-0.2539092004299164,0.6163235902786255,-1.0234655141830444,-0.34400811791419983,0.49833062291145325,-0.7857498526573181,-0.37482672929763794,0.2680748999118805,-0.9570147395133972,-0.11071860790252686,0.41051995754241943,-1.456463098526001,-0.2599312663078308,0.3890421390533447,-1.1260989904403687,-0.29240524768829346,0.321054607629776,-0.8654184341430664,-0.2719365358352661,0.02865968644618988,-0.9573556184768677,-0.15680597722530365,0.08891963213682175,-1.4450538158416748,-0.2864215672016144,0.14204441010951996,-1.1131956577301025,-0.23981361091136932,0.10947129875421524,-0.8569730520248413,-0.1683836728334427,-0.22075042128562927,-0.9064489603042603,-0.21406105160713196,-0.1500491201877594,-1.221877098083496,-0.2904803156852722,-0.06162647902965546,-1.0089472532272339,-0.23143503069877625,-0.0646699070930481,-0.8168066740036011,-0.16549406945705414
0.0,0.0,0.0,0.37193143367767334,-0.10389009863138199,-0.10154074430465698,0.5935181975364685,-0.43434053659439087,-0.1566433161497116,0.33370569348335266,-0.7131739258766174,-0.21612779796123505,0.029721129685640335,-0.7635799646377563,-0.25346678495407104,0.5198234915733337,-0.904377281665802,-0.0802106261253357,0.6648499369621277,-1.3156824111938477,-0.23956193029880524,0.5844674110412598,-1.0432263612747192,-0.32959145307540894,0.47263646125793457,-0.8052641153335571,-0.36313652992248535,0.26677432656288147,-0.957843542098999,-0.10661735385656357,0.386721134185791,-1.4700028896331787,-0.2504613995552063,0.3627528250217438,-1.1532236337661743,-0.28843286633491516,0.29188409447669983,-0.8866434693336487,-0.27441754937171936,0.02875939942896366,-0.9528484344482422,-0.15338896214962006,0.06856101751327515,-1.4459320306777954,-0.274436891078949,0.11759838461875916,-1.1436045169830322,-0.23809179663658142,0.08235907554626465,-0.8894400000572205,-0.17598994076251984,-0.21745619177818298,-0.9039667248725891,-0.2111801654100418,-0.1740018129348755,-1.2359405755996704,-0.2790707051753998,-0.08583299070596695,-1.0512192249298096,-0.22554078698158264,-0.0847344845533371,-0.8598349690437317,-0.16628198325634003
0.0,0.0,0.0,0.38011425733566284,-0.11857176572084427,-0.10481981188058853,0.5981844663619995,-0.43643510341644287,-0.15785931050777435,0.32497888803482056,-0.7153117060661316,-0.21456411480903625,0.024100199341773987,-0.7797464728355408,-0.24735137820243835,0.523648202419281,-0.8941033482551575,-0.07897426187992096,0.6804631352424622,-1.313417673110962,-0.24469274282455444,0.5887947082519531,-1.021489143371582,-0.33607423305511475,0.4900813400745392,-0.787814199924469,-0.36996006965637207,0.2706693708896637,-0.9574794173240662,-0.09985622018575668,0.3984738886356354,-1.4510457515716553,-0.24251846969127655,0.3587319552898407,-1.1215070486068726,-0.27866029739379883,0.30401018261909485,-0.8667561411857605,-0.26521557569503784,0.035669952630996704,-0.9588149189949036,-0.14241336286067963,0.07359818369150162,-1.4432718753814697,-0.2540266811847687,0.10907411575317383,-1.125722050666809,-0.20719699561595917,0.09139996767044067,-0.8708814978599548,-0.14145231246948242,-0.20910300314426422,-0.9036647081375122,-0.1967240571975708,-0.17765869200229645,-1.2332583665847778,-0.2538813650608063,-0.09596026688814163,-1.0434263944625854,-0.19291257858276367,-0.07665655016899109,-0.8506456017494202,-0.12933486700057983
0.0,0.0,0.0,0.36193808913230896,-0.1074061170220375,-0.11501003056764603,0.5818467736244202,-0.4285791516304016,-0.16845069825649261,0.3085674047470093,-0.7039881348609924,-0.22312796115875244,0.01496906392276287,-0.7535558938980103,-0.25038835406303406,0.5287032723426819,-0.8986270427703857,-0.0672314241528511,0.6600780487060547,-1.283884048461914,-0.22917062044143677,0.5611459612846375,-0.9883026480674744,-0.31362730264663696,0.4671662151813507,-0.7650759816169739,-0.34206250309944153,0.2744862735271454,-0.9579706192016602,-0.08336464315652847,0.391818106174469,-1.4105582237243652,-0.22988620400428772,0.3384069800376892,-1.0732665061950684,-0.25764620304107666,0.2781660854816437,-0.8291580677032471,-0.23332995176315308,0.03952374309301376,-0.9529485702514648,-0.12382575869560242,0.08409619331359863,-1.408651351928711,-0.2514929175376892,0.10126690566539764,-1.0801717042922974,-0.1967771351337433,0.07255524396896362,-0.8326608538627625,-0.11754323542118073,-0.20510098338127136,-0.8929417729377747,-0.17635905742645264,-0.1658949851989746,-1.2060316801071167,-0.24716459214687347,-0.10177698731422424,-1.0026947259902954,-0.18240085244178772,-0.09550504386425018,-0.8108236789703369,-0.10976637899875641
0.0,0.0,0.0,0.38620564341545105,-0.09832262992858887,-0.10679130256175995,0.619735836982727,-0.3991639018058777,-0.156320720911026,0.3541828691959381,-0.6895184516906738,-0.2099764049053192,0.044037826359272,-0.7288215756416321,-0.24062617123126984,0.5720606446266174,-0.8677681088447571,-0.05691557005047798,0.7152450680732727,-1.2383263111114502,-0.20837581157684326,0.6133905649185181,-0.953402042388916,-0.29528841376304626,0.5120452046394348,-0.7374089956283569,-0.3301025629043579,0.32347962260246277,-0.9433629512786865,-0.07367025315761566,0.45504656434059143,-1.3695547580718994,-0.20913444459438324,0.3967771828174591,-1.0449016094207764,-0.2425575852394104,0.3303416073322296,-0.8102355599403381,-0.22731386125087738,0.09060196578502655,-0.9460549354553223,-0.11255709081888199,0.1457253098487854,-1.3842849731445312,-0.21693813800811768,0.15906524658203125,-1.070507287979126,-0.166230246424675,0.12512004375457764,-0.8308507204055786,-0.09804760664701462,-0.16110047698020935,-0.8868033289909363,-0.16407795250415802,-0.10505297034978867,-1.1927605867385864,-0.21165362000465393,-0.03887816518545151,-1.01125168800354,-0.14599201083183289,-0.03422221913933754,-0.8330062031745911,-0.07968524843454361
0.0,0.0,0.0,0.3867706060409546,-0.09188932925462723,-0.09618988633155823,0.6383240818977356,-0.4082883894443512,-0.14730075001716614,0.3894876539707184,-0.7107243537902832,-0.20244000852108002,0.07537513971328735,-0.7552565932273865,-0.2367086559534073,0.5629226565361023,-0.8761950135231018,-0.08150995522737503,0.7165130972862244,-1.2861013412475586,-0.2344508022069931,0.6283752918243408,-1.0086926221847534,-0.3183034658432007,0.512873649597168,-0.7813766002655029,-0.3493422865867615,0.3123573660850525,-0.9440844058990479,-0.105535127222538,0.44138815999031067,-1.4202231168746948,-0.2376696616411209,0.4113054871559143,-1.0877394676208496,-0.2653422951698303,0.3372758626937866,-0.837932825088501,-0.24770377576351166,0.07194657623767853,-0.946228563785553,-0.1481819897890091,0.1172136589884758,-1.4240857362747192,-0.25915414094924927,0.16397064924240112,-1.1007068157196045,-0.20779374241828918,0.12376062572002411,-0.8509499430656433,-0.13911597430706024,-0.18640094995498657,-0.8986973762512207,-0.20099124312400818,-0.13300780951976776,-1.2253931760787964,-0.26381853222846985,-0.03777167573571205,-1.0245643854141235,-0.1995951235294342,-0.036008212715387344,-0.830687403678894,-0.13276441395282745
0.0,0.0,0.0,0.37421879172325134,-0.12181729078292847,-0.11084552854299545,0.5984373688697815,-0.44724735617637634,-0.16410082578659058,0.3109091818332672,-0.7219969034194946,-0.22032511234283447,-0.001657278393395245,-0.7427076101303101,-0.2520044445991516,0.5556440353393555,-0.8869829177856445,-0.07270688563585281,0.7109335064888,-1.294601559638977,-0.229161337018013,0.5980365872383118,-1.0259153842926025,-0.3146164119243622,0.48571497201919556,-0.7981438040733337,-0.34627100825309753,0.2876926362514496,-0.95319002866745,-0.0930677279829979,0.41713395714759827,-1.437077522277832,-0.23003439605236053,0.3524588644504547,-1.1250864267349243,-0.2605133652687073,0.2834816575050354,-0.8731527924537659,-0.24327214062213898,0.03884068876504898,-0.9570448398590088,-0.1365719884634018,0.08770199865102768,-1.4348437786102295,-0.24975436925888062,0.09817931801080704,-1.1323684453964233,-0.2044309377670288,0.06462790071964264,-0.8815136551856995,-0.1372637003660202,-0.21874196827411652,-0.9070484638214111,-0.1927546113729477,-0.18291856348514557,-1.2388547658920288,-0.24890519678592682,-0.11795741319656372,-1.0609983205795288,-0.1871492713689804,-0.10935334861278534,-0.8716418743133545,-0.12279188632965088
0.0,0.0,0.0,0.3685155212879181,-0.1334001123905182,-0.1141170933842659,0.5822249054908752,-0.45166000723838806,-0.17456866800785065,0.2972668707370758,-0.6974279880523682,-0.23884934186935425,-0.0007527465932071209,-0.7472406625747681,-0.2786230146884918,0.5440673232078552,-0.8964638113975525,-0.07569001615047455,0.6980122923851013,-1.3032397031784058,-0.2434980571269989,0.580645740032196,-1.0430039167404175,-0.336368203163147,0.4721609055995941,-0.8122381567955017,-0.36936718225479126,0.2698308229446411,-0.9581606388092041,-0.09549511224031448,0.4046891927719116,-1.4409124851226807,-0.2486388385295868,0.32828328013420105,-1.1315836906433105,-0.2861786484718323,0.25839197635650635,-0.8735470771789551,-0.26769185066223145,0.015627169981598854,-0.9628550410270691,-0.13944098353385925,0.06839905679225922,-1.4410737752914429,-0.26484084129333496,0.07155203819274902,-1.1398274898529053,-0.22355428338050842,0.04142138361930847,-0.8860543370246887,-0.15406394004821777,-0.24115675687789917,-0.9118561148643494,-0.19581414759159088,-0.2102440595626831,-1.2243709564208984,-0.25894612073898315,-0.14734458923339844,-1.0420470237731934,-0.1993231177330017,-0.13183201849460602,-0.8561497926712036,-0.13243617117404938
0.0,0.0,0.0,0.36227667331695557,-0.15005150437355042,-0.12987756729125977,0.5518260598182678,-0.4472338557243347,-0.2057218998670578,0.2568056881427765,-0.6781022548675537,-0.285029798746109,-0.04074038937687874,-0.7315309643745422,-0.3432178497314453,0.5514947175979614,-0.8858903646469116,-0.088993601500988,0.6468759179115295,-1.2857558727264404,-0.26495617628097534,0.5103569626808167,-1.0553133487701416,-0.36734044551849365,0.4240478575229645,-0.8241369724273682,-0.40922781825065613,0.26488184928894043,-0.9582239985466003,-0.10790902376174927,0.35308223962783813,-1.426065444946289,-0.2783946990966797,0.2591029107570648,-1.1411864757537842,-0.33013391494750977,0.21692605316638947,-0.8824132680892944,-0.31874871253967285,0.001772422925569117,-0.9604261517524719,-0.1524735689163208,0.024712814018130302,-1.417396068572998,-0.2914716303348541,0.008409690111875534,-1.1495075225830078,-0.26167571544647217,0.0015762991970404983,-0.9020597338676453,-0.19621534645557404,-0.25958675146102905,-0.901633620262146,-0.210444837808609,-0.26098811626434326,-1.2105680704116821,-0.2796034812927246,-0.20952670276165009,-1.066411018371582,-0.22714047133922577,-0.17064034938812256,-0.8923051953315735,-0.16328957676887512
0.0,0.0,0.0,0.32927966117858887,-0.14851035177707672,-0.15863588452339172,0.47651469707489014,-0.474585622549057,-0.2444860190153122,0.15775161981582642,-0.7055795192718506,-0.3277728855609894,-0.13622671365737915,-0.7503824830055237,-0.3865627348423004,0.5049010515213013,-0.9102964997291565,-0.1121431514620781,0.5742098689079285,-1.2981407642364502,-0.3039957284927368,0.4361339211463928,-1.0587486028671265,-0.4183937609195709,0.3405478298664093,-0.8226429224014282,-0.4666617512702942,0.21865937113761902,-0.9684117436408997,-0.11986178159713745,0.2820191979408264,-1.4218525886535645,-0.3097164034843445,0.1971595585346222,-1.127201795578003,-0.3714596629142761,0.16038823127746582,-0.8754181861877441,-0.3616594076156616,-0.04416169971227646,-0.9604507684707642,-0.15671217441558838,-0.0417451448738575,-1.4028724431991577,-0.3148231506347656,-0.053490377962589264,-1.1231224536895752,-0.2957582175731659,-0.05948486551642418,-0.884547233581543,-0.23280368745326996,-0.3020435571670532,-0.8871328830718994,-0.20916761457920074,-0.31344035267829895,-1.18694269657135,-0.2957445979118347,-0.2651587426662445,-1.028041124343872,-0.25398460030555725,-0.23146863281726837,-0.8591129779815674,-0.19453826546669006
0.0,0.0,0.0,0.3397364020347595,-0.15321499109268188,-0.16648171842098236,0.47566550970077515,-0.4536632299423218,-0.2600893974304199,0.1520117223262787,-0.6735426783561707,-0.35061129927635193,-0.1379258781671524,-0.7516462206840515,-0.41745731234550476,0.5220780372619629,-0.9016050100326538,-0.11168830096721649,0.568231463432312,-1.2845391035079956,-0.3149724304676056,0.41253232955932617,-1.0481576919555664,-0.4362777769565582,0.3334638476371765,-0.8161347508430481,-0.48863428831100464,0.2317318618297577,-0.9660912156105042,-0.11387760937213898,0.2833467125892639,-1.4063401222229004,-0.3212307393550873,0.17002926766872406,-1.109501600265503,-0.392437219619751,0.14688366651535034,-0.861501157283783,-0.3855251371860504,-0.03284962475299835,-0.9648332595825195,-0.14663974940776825,-0.03487768396735191,-1.3844213485717773,-0.32271522283554077,-0.07447770982980728,-1.1010054349899292,-0.30729779601097107,-0.0695473775267601,-0.8649182319641113,-0.24288101494312286,-0.2888835668563843,-0.8956686854362488,-0.19431158900260925,-0.3121179938316345,-1.1674894094467163,-0.2941429316997528,-0.2810700535774231,-0.9970090389251709,-0.25448259711265564,-0.23347266018390656,-0.8291981220245361,-0.1925104409456253
0.0,0.0,0.0,0.32729166746139526,-0.14725378155708313,-0.16910022497177124,0.4684021770954132,-0.4414609372615814,-0.268757164478302,0.14606574177742004,-0.6463994979858398,-0.36549270153045654,-0.14502935111522675,-0.7078784704208374,-0.43804481625556946,0.5096088647842407,-0.9068600535392761,-0.13052138686180115,0.5535957217216492,-1.2959409952163696,-0.3395930528640747,0.395523339509964,-1.059714913368225,-0.4589439630508423,0.32041141390800476,-0.832952082157135,-0.5088406801223755,0.2175045609474182,-0.9662426710128784,-0.13808280229568481,0.27992749214172363,-1.4163339138031006,-0.3523571193218231,0.16054567694664001,-1.1144577264785767,-0.4177400767803192,0.1334044486284256,-0.8645729422569275,-0.4047963619232178,-0.051472440361976624,-0.9585864543914795,-0.1761736422777176,-0.058779194951057434,-1.4007617235183716,-0.3559764325618744,-0.09951654821634293,-1.1135934591293335,-0.3348310589790344,-0.09148845821619034,-0.8720575571060181,-0.26472532749176025,-0.3144979774951935,-0.8825579881668091,-0.2295704036951065,-0.3560965061187744,-1.1774516105651855,-0.3339267373085022,-0.3223409950733185,-1.0077869892120361,-0.29313287138938904,-0.26798608899116516,-0.8307774662971497,-0.22843080759048462
0.0,0.0,0.0,0.3574214279651642,-0.1256582885980606,-0.18927821516990662,0.5164126753807068,-0.4060114920139313,-0.29547494649887085,0.19775426387786865,-0.6274828910827637,-0.39436936378479004,-0.09653690457344055,-0.70941162109375,-0.47011226415634155,0.582346498966217,-0.8732591867446899,-0.15725752711296082,0.6373971700668335,-1.2811927795410156,-0.38718611001968384,0.4347207546234131,-1.048323631286621,-0.514440655708313,0.347974568605423,-0.8233878016471863,-0.5663474798202515,0.2785618007183075,-0.9475883841514587,-0.15645915269851685,0.358184278011322,-1.4223382472991943,-0.39381998777389526,0.1854814887046814,-1.090583324432373,-0.4672137200832367,0.15504515171051025,-0.833363950252533,-0.4518769383430481,0.0026463707908988,-0.960758626461029,-0.1880369633436203,0.005320003721863031,-1.4122451543807983,-0.38952457904815674,-0.07725094258785248,-1.0863829851150513,-0.3748735189437866,-0.0641779899597168,-0.8342731595039368,-0.3018874228000641,-0.26238909363746643,-0.8984464406967163,-0.2347821146249771,-0.3112563192844391,-1.2019777297973633,-0.3486700654029846,-0.3037447929382324,-1.003040075302124,-0.30861642956733704,-0.24338605999946594,-0.8114438652992249,-0.2412392497062683
0.0,0.0,0.0,0.3640107810497284,-0.128727525472641,-0.17471814155578613,0.5586231350898743,-0.41214802861213684,-0.2723245322704315,0.21607710421085358,-0.6387539505958557,-0.36811164021492004,-0.09790397435426712,-0.684181272983551,-0.43862849473953247,0.613569438457489,-0.8622229695320129,-0.10500964522361755,0.6808915734291077,-1.2617939710617065,-0.31851786375045776,0.48453304171562195,-1.0295451879501343,-0.4359615445137024,0.4077373743057251,-0.8153160810470581,-0.48418599367141724,0.31296297907829285,-0.9435261487960815,-0.10868564993143082,0.41109418869018555,-1.395814299583435,-0.3370254635810852,0.2427235245704651,-1.0771011114120483,-0.41413384675979614,0.2083347588777542,-0.8330772519111633,-0.4028480350971222,0.0419405959546566,-0.957658052444458,-0.1450057327747345,0.0727829858660698,-1.4049338102340698,-0.3447585999965668,-0.015672093257308006,-1.096515417098999,-0.33520591259002686,-0.020042167976498604,-0.8458324670791626,-0.2634393274784088,-0.22132326662540436,-0.9007521867752075,-0.1954665631055832,-0.24730513989925385,-1.2006053924560547,-0.30271098017692566,-0.23903755843639374,-1.0211195945739746,-0.2644030749797821,-0.18837058544158936,-0.8330854773521423,-0.1979931890964508
0.0,0.0,0.0,0.3701765537261963,-0.11705753207206726,-0.14821571111679077,0.5873958468437195,-0.4185371994972229,-0.22940799593925476,0.26126745343208313,-0.6633397340774536,-0.3087843358516693,-0.06238747015595436,-0.696104884147644,-0.36160022020339966,0.5940340161323547,-0.8789557218551636,-0.07597644627094269,0.6777674555778503,-1.2711321115493774,-0.26543688774108887,0.5260612964630127,-1.0182976722717285,-0.3680114448070526,0.45252546668052673,-0.7944703698158264,-0.40687039494514465,0.3041342496871948,-0.9487401247024536,-0.08599139004945755,0.3918469548225403,-1.389906406402588,-0.2736649513244629,0.2871969938278198,-1.0712592601776123,-0.3252747058868408,0.2547871470451355,-0.8323291540145874,-0.3038562834262848,0.03766561299562454,-0.9453051090240479,-0.12513089179992676,0.05720526725053787,-1.3646583557128906,-0.3003182113170624,0.029056934639811516,-1.046195149421692,-0.261373907327652,0.022791437804698944,-0.813522458076477,-0.17629297077655792,-0.2297011911869049,-0.8828352689743042,-0.17666949331760406,-0.21860644221305847,-1.1578198671340942,-0.27601146697998047,-0.17742154002189636,-0.9543982744216919,-0.2119969129562378,-0.14556807279586792,-0.7796251177787781,-0.12795515358448029
0.0,0.0,0.0,0.3718276619911194,-0.11330030858516693,-0.1469801664352417,0.5958081483840942,-0.43373188376426697,-0.22273148596286774,0.2699911296367645,-0.6846200227737427,-0.29519811272621155,-0.059607330709695816,-0.715996265411377,-0.341312974691391,0.5655840635299683,-0.892659604549408,-0.08107945322990417,0.6664157509803772,-1.285639762878418,-0.26834678649902344,0.5193211436271667,-1.0144011974334717,-0.3668155372142792,0.430992066860199,-0.7870926856994629,-0.4011489152908325,0.279511034488678,-0.9560717940330505,-0.08831947296857834,0.37739840149879456,-1.3981297016143799,-0.27393049001693726,0.27753856778144836,-1.0617693662643433,-0.3182094991207123,0.23482449352741241,-0.814842164516449,-0.29032424092292786,0.016240935772657394,-0.9466308355331421,-0.12424871325492859,0.044375933706760406,-1.3661792278289795,-0.29297828674316406,0.022244533523917198,-1.0325415134429932,-0.24602797627449036,0.0062844417989254,-0.796908438205719,-0.1571134626865387,-0.24859076738357544,-0.8780646324157715,-0.17293313145637512,-0.21251273155212402,-1.148681640625,-0.2657489478588104,-0.17590393126010895,-0.9274786710739136,-0.19657574594020844,-0.16239461302757263,-0.7470301389694214,-0.11112117022275925
0.0,0.0,0.0,0.3770467936992645,-0.11823172122240067,-0.12659484148025513,0.6084367632865906,-0.4346376359462738,-0.1936216652393341,0.29608747363090515,-0.6672854423522949,-0.26064997911453247,-0.025229359045624733,-0.6971312165260315,-0.3013397753238678,0.5382435917854309,-0.9067157506942749,-0.0822543352842331,0.6511327624320984,-1.3118363618850708,-0.2544313669204712,0.5252507328987122,-1.0303605794906616,-0.34419575333595276,0.43903395533561707,-0.8089942932128906,-0.37656205892562866,0.2564847767353058,-0.9614735245704651,-0.09891492128372192,0.36674556136131287,-1.4296482801437378,-0.2645379900932312,0.28731387853622437,-1.096827745437622,-0.3046169579029083,0.2355400174856186,-0.8491386771202087,-0.2826797664165497,-0.003287013852968812,-0.9466745257377625,-0.13978135585784912,0.029170257970690727,-1.4016653299331665,-0.2882339358329773,0.02691267803311348,-1.075008511543274,-0.23848523199558258,0.008859178982675076,-0.8312772512435913,-0.15553708374500275,-0.26613354682922363,-0.8740026950836182,-0.1921198070049286,-0.2363942712545395,-1.1632031202316284,-0.27419593930244446,-0.18165001273155212,-0.95539391040802,-0.20526309311389923,-0.1588398516178131,-0.7736303210258484,-0.12498361617326736
0.0,0.0,0.0,0.37256479263305664,-0.12336653470993042,-0.12784196436405182,0.6091955304145813,-0.4632301926612854,-0.18486541509628296,0.3331703543663025,-0.7171390652656555,-0.2402278631925583,0.006419824901968241,-0.6970839500427246,-0.26790639758110046,0.4961034059524536,-0.9226404428482056,-0.054899316281080246,0.6084466576576233,-1.3152775764465332,-0.2072150707244873,0.5272541046142578,-1.0406672954559326,-0.2954080104827881,0.4440118074417114,-0.8082729578018188,-0.32887905836105347,0.23494809865951538,-0.9696945548057556,-0.06702147424221039,0.3199184238910675,-1.4191900491714478,-0.20844446122646332,0.2855151891708374,-1.1208487749099731,-0.25201424956321716,0.2418389469385147,-0.8754886388778687,-0.23706389963626862,-0.009635472670197487,-0.949304461479187,-0.10364598780870438,0.0037809559144079685,-1.3642854690551758,-0.2279588282108307,0.038637563586235046,-1.0842418670654297,-0.19174551963806152,0.026984049007296562,-0.8530754446983337,-0.12359330803155899,-0.25879472494125366,-0.873058557510376,-0.15381647646427155,-0.2253188192844391,-1.144391655921936,-0.21864138543605804,-0.15356875956058502,-0.9776804447174072,-0.15934647619724274,-0.1360352635383606,-0.814106822013855,-0.09058119356632233
0.0,0.0,0.0,0.386761337518692,-0.08127504587173462,-0.12149707227945328,0.6588869094848633,-0.40216776728630066,-0.17599380016326904,0.4069041907787323,-0.6565560102462769,-0.23383013904094696,0.04882778227329254,-0.6156734228134155,-0.27187851071357727,0.5251708030700684,-0.9255326986312866,-0.027709096670150757,0.6220288276672363,-1.2788643836975098,-0.17897140979766846,0.570038378238678,-1.036634087562561,-0.2804931402206421,0.48522233963012695,-0.8035621643066406,-0.3228250741958618,0.2737858295440674,-0.9608062505722046,-0.04350455105304718,0.32986316084861755,-1.3670598268508911,-0.1900046318769455,0.33880990743637085,-1.0976979732513428,-0.2549358010292053,0.3065705895423889,-0.8534760475158691,-0.255697101354599,0.04054442048072815,-0.9323771595954895,-0.08450599759817123,0.04640928655862808,-1.3066753149032593,-0.22054341435432434,0.11518649011850357,-1.0376211404800415,-0.21241354942321777,0.11140723526477814,-0.8099516034126282,-0.16219055652618408,-0.20226162672042847,-0.8509901165962219,-0.13806697726249695,-0.14924000203609467,-1.0889045000076294,-0.21557672321796417,-0.06033090874552727,-0.9154033064842224,-0.17518049478530884,-0.044312916696071625,-0.7502772808074951,-0.11979808658361435
0.0,0.0,0.0,0.40167272090911865,-0.08191169053316116,-0.0747494027018547,0.6782904863357544,-0.38170114159584045,-0.11062750965356827,0.4948101341724396,-0.6258086562156677,-0.1552720069885254,0.19187715649604797,-0.6314929127693176,-0.1833695024251938,0.5653675198554993,-0.9063345789909363,-0.01761123165488243,0.6609524488449097,-1.2528152465820312,-0.14554691314697266,0.6118248105049133,-0.9820007085800171,-0.22582586109638214,0.5182450413703918,-0.7715223431587219,-0.26055750250816345,0.322856605052948,-0.9449821710586548,-0.05265289917588234,0.40441644191741943,-1.3745276927947998,-0.18089093267917633,0.41132593154907227,-1.046417474746704,-0.22229431569576263,0.3396559953689575,-0.8063511848449707,-0.2135707587003708,0.08703862875699997,-0.9202568531036377,-0.10507316142320633,0.12152165919542313,-1.312035083770752,-0.23157142102718353,0.18956364691257477,-0.9838398098945618,-0.1948368102312088,0.14722904562950134,-0.7598204016685486,-0.129802867770195,-0.16940271854400635,-0.8491779565811157,-0.1649419069290161,-0.07515738159418106,-1.1214791536331177,-0.2419561743736267,0.018982818350195885,-0.8967863321304321,-0.18094126880168915,0.0032302311155945063,-0.7156872749328613,-0.11343406140804291
0.0,0.0,0.0,0.39269471168518066,-0.0867697224020958,-0.09860314428806305,0.6578500866889954,-0.3820193111896515,-0.15051135420799255,0.42630675435066223,-0.6280950903892517,-0.2098761796951294,0.08706583082675934,-0.6434704065322876,-0.2524692714214325,0.5734803080558777,-0.888240396976471,-0.02733783982694149,0.6961022615432739,-1.2427520751953125,-0.16739396750926971,0.6192259192466736,-0.9867127537727356,-0.2575504183769226,0.5129947066307068,-0.7693297266960144,-0.295772522687912,0.33023545145988464,-0.9424301385879517,-0.052631087601184845,0.4330676198005676,-1.3612664937973022,-0.18946094810962677,0.41046684980392456,-1.0513179302215576,-0.24060562252998352,0.3367862403392792,-0.8133227229118347,-0.23642969131469727,0.09420672804117203,-0.928903341293335,-0.09851107001304626,0.1468108594417572,-1.3248491287231445,-0.22885562479496002,0.18828409910202026,-1.0042990446090698,-0.2007841318845749,0.14187778532505035,-0.7738098502159119,-0.140353724360466,-0.1594865471124649,-0.865941047668457,-0.1540297567844391,-0.06078046187758446,-1.1277681589126587,-0.2322247177362442,0.019127774983644485,-0.9082913994789124,-0.17567411065101624,0.005079322494566441,-0.727932333946228,-0.10999391227960587
0.0,0.0,0.0,0.3952598571777344,-0.10135773569345474,-0.07540120929479599,0.659386157989502,-0.38833868503570557,-0.11564946174621582,0.45756253600120544,-0.6603238582611084,-0.16722263395786285,0.14245758950710297,-0.7041038274765015,-0.2032521516084671,0.582118034362793,-0.8772995471954346,-0.03132452443242073,0.7173805832862854,-1.2769147157669067,-0.169206902384758,0.6515148282051086,-1.010084629058838,-0.2580645978450775,0.5476123094558716,-0.7925419807434082,-0.2957932949066162,0.33434003591537476,-0.9404304027557373,-0.06170530617237091,0.447504460811615,-1.3885611295700073,-0.18526388704776764,0.4363727271556854,-1.0595417022705078,-0.23231928050518036,0.36745256185531616,-0.8285784125328064,-0.23243215680122375,0.09704001992940903,-0.930965006351471,-0.10837611556053162,0.14599037170410156,-1.3646149635314941,-0.20926609635353088,0.20215654373168945,-1.0422253608703613,-0.1696404367685318,0.15960286557674408,-0.8131036162376404,-0.11259711533784866,-0.1624477207660675,-0.8686918020248413,-0.16392861306667328,-0.07091166079044342,-1.181105136871338,-0.21700476109981537,0.021920613944530487,-0.9738011956214905,-0.1507231444120407,0.013119812123477459,-0.7885024547576904,-0.08492705971002579
0.0,0.0,0.0,0.39167529344558716,-0.09666217118501663,-0.0824853926897049,0.6608348488807678,-0.38418900966644287,-0.12577731907367706,0.45240214467048645,-0.6529704928398132,-0.18042945861816406,0.1323353350162506,-0.6959511041641235,-0.21971814334392548,0.5808524489402771,-0.8708755373954773,-0.026370754465460777,0.7221093773841858,-1.26719069480896,-0.1657063066959381,0.6448409557342529,-1.0162372589111328,-0.26010051369667053,0.5281448364257812,-0.7941625714302063,-0.30030617117881775,0.342009574174881,-0.9382273554801941,-0.052525077015161514,0.4524596631526947,-1.368341326713562,-0.1735929399728775,0.42894619703292847,-1.0654312372207642,-0.22720858454704285,0.3543360233306885,-0.8329821228981018,-0.23164913058280945,0.11285309493541718,-0.9398614764213562,-0.09692550450563431,0.16029879450798035,-1.359347939491272,-0.19291998445987701,0.20344461500644684,-1.0622094869613647,-0.16398866474628448,0.15524449944496155,-0.8346146941184998,-0.11453986167907715,-0.13700830936431885,-0.8929030895233154,-0.15131105482578278,-0.05341901630163193,-1.1936922073364258,-0.19988518953323364,0.030964719131588936,-1.0044934749603271,-0.14067861437797546,0.020828435197472572,-0.826164186000824,-0.07995712012052536
0.0,0.0,0.0,0.4104536473751068,-0.1226123720407486,-0.0731169581413269,0.6535472273826599,-0.4154753088951111,-0.10436148196458817,0.42413780093193054,-0.7061315774917603,-0.14999505877494812,0.09922538697719574,-0.7215819954872131,-0.17974664270877838,0.5841721892356873,-0.872551679611206,0.016590885818004608,0.7297943234443665,-1.2689208984375,-0.10021831840276718,0.6581616997718811,-1.0227158069610596,-0.18494805693626404,0.5582444667816162,-0.8094446659088135,-0.22465544939041138,0.34239450097084045,-0.9394727349281311,-0.012525334022939205,0.4497824013233185,-1.3730403184890747,-0.11184391379356384,0.43096283078193665,-1.0743675231933594,-0.1597054898738861,0.36729633808135986,-0.843258261680603,-0.16474850475788116,0.10833391547203064,-0.9380929470062256,-0.06077514961361885,0.15374882519245148,-1.3618496656417847,-0.1388092190027237,0.20569056272506714,-1.0682719945907593,-0.11353591084480286,0.16874931752681732,-0.8341518640518188,-0.06963267922401428,-0.1435324251651764,-0.880458652973175,-0.11951112002134323,-0.060373321175575256,-1.1988707780838013,-0.15906956791877747,0.03894032537937164,-1.018908977508545,-0.1046781986951828,0.04367046058177948,-0.8321100473403931,-0.04947583004832268
0.0,0.0,0.0,0.42602917551994324,-0.11734914034605026,-0.1005583181977272,0.6772370338439941,-0.4514129161834717,-0.13810403645038605,0.41971302032470703,-0.7445687651634216,-0.1849963515996933,0.08624552190303802,-0.7445752024650574,-0.21041959524154663,0.5885000228881836,-0.8816066384315491,0.01460866816341877,0.7398301959037781,-1.2800836563110352,-0.11390736699104309,0.6584354043006897,-1.0293676853179932,-0.2049654871225357,0.5604732632637024,-0.8059569597244263,-0.24773941934108734,0.3480362296104431,-0.9374681115150452,-0.004915964789688587,0.46053993701934814,-1.3909932374954224,-0.12697041034698486,0.415241539478302,-1.0966335535049438,-0.18257135152816772,0.348917156457901,-0.848105251789093,-0.1834079921245575,0.1150735542178154,-0.944469153881073,-0.048870012164115906,0.16720537841320038,-1.4072872400283813,-0.16012732684612274,0.19317024946212769,-1.1185814142227173,-0.14122706651687622,0.1590200513601303,-0.864760160446167,-0.08885974436998367,-0.1323031187057495,-0.907440185546875,-0.10513350367546082,-0.05876849591732025,-1.2293742895126343,-0.1756802201271057,0.013944613747298717,-1.0388648509979248,-0.13274601101875305,0.01876375451683998,-0.8373329639434814,-0.07738251239061356
0.0,0.0,0.0,0.40098750591278076,-0.07361320406198502,-0.06908290833234787,0.6598843336105347,-0.4042227268218994,-0.09517297148704529,0.4309435188770294,-0.6799286007881165,-0.1358860731124878,0.11120130866765976,-0.6811509728431702,-0.16357776522636414,0.6110506057739258,-0.8703724145889282,0.00714917853474617,0.7478167414665222,-1.2568696737289429,-0.12086538970470428,0.7315932512283325,-1.04474675655365,-0.21570268273353577,0.6367544531822205,-0.8136915564537048,-0.25779440999031067,0.3668689727783203,-0.9298231601715088,-0.028914904221892357,0.4709678888320923,-1.3948124647140503,-0.13824114203453064,0.48535028100013733,-1.1336270570755005,-0.19732165336608887,0.4128080904483795,-0.8796861171722412,-0.20796933770179749,0.12823164463043213,-0.9301227927207947,-0.08476701378822327,0.17867682874202728,-1.391408085823059,-0.18539226055145264,0.23771251738071442,-1.125502586364746,-0.1780575066804886,0.19266949594020844,-0.8825394511222839,-0.14167380332946777,-0.13179270923137665,-0.8834261298179626,-0.14965401589870453,-0.04011314734816551,-1.198078989982605,-0.21405436098575592,0.061706047505140305,-1.0261523723602295,-0.17795754969120026,0.06467734277248383,-0.8387076258659363,-0.13371892273426056
0.0,0.0,0.0,0.42867228388786316,-0.07276883721351624,-0.056688014417886734,0.7107327580451965,-0.40669137239456177,-0.08110274374485016,0.522114098072052,-0.7169280052185059,-0.12246420234441757,0.17917509377002716,-0.6819772720336914,-0.15051452815532684,0.6090874671936035,-0.865410327911377,0.01841357909142971,0.763651967048645,-1.2552636861801147,-0.10840879380702972,0.7764091491699219,-1.0046896934509277,-0.2087920755147934,0.6645978093147278,-0.7717477679252625,-0.2562723159790039,0.3995814919471741,-0.9163749814033508,-0.024321097880601883,0.5096714496612549,-1.377383828163147,-0.11878431588411331,0.5528576970100403,-1.088166356086731,-0.17292985320091248,0.4537345767021179,-0.8444995880126953,-0.18769389390945435,0.17578670382499695,-0.9172315001487732,-0.0870567113161087,0.25209057331085205,-1.3766282796859741,-0.17812128365039825,0.3362918496131897,-1.0963287353515625,-0.16704417765140533,0.26635462045669556,-0.859198272228241,-0.1329219788312912,-0.08081553131341934,-0.8864418268203735,-0.15812936425209045,0.053415149450302124,-1.2193660736083984,-0.21350610256195068,0.17114587128162384,-1.0403201580047607,-0.17352299392223358,0.14367780089378357,-0.8530890941619873,-0.1319328099489212
0.0,0.0,0.0,0.43293535709381104,-0.0821123793721199,-0.06062202528119087,0.7286016941070557,-0.39660200476646423,-0.09499446302652359,0.5395668745040894,-0.7036586999893188,-0.1456342190504074,0.19754011929035187,-0.6945353150367737,-0.18518534302711487,0.6162421107292175,-0.8514440059661865,0.001862209988757968,0.7852576971054077,-1.2276180982589722,-0.12503737211227417,0.8045549988746643,-0.9893852472305298,-0.23154513537883759,0.6918185353279114,-0.7619291543960571,-0.2845757305622101,0.40587398409843445,-0.9130271673202515,-0.040592700242996216,0.5365457534790039,-1.378110647201538,-0.13162624835968018,0.5847662687301636,-1.1058659553527832,-0.19390152394771576,0.47790470719337463,-0.8575963973999023,-0.21880877017974854,0.18570619821548462,-0.9255167841911316,-0.10126108676195145,0.2742587625980377,-1.3957730531692505,-0.18642732501029968,0.3631581962108612,-1.1271116733551025,-0.18535347282886505,0.29005059599876404,-0.8805856704711914,-0.16326391696929932,-0.06410190463066101,-0.9056397080421448,-0.17034868896007538,0.08607477694749832,-1.2372230291366577,-0.22617238759994507,0.21165086328983307,-1.0602926015853882,-0.1925763338804245,0.18296389281749725,-0.8598772287368774,-0.15814466774463654
0.0,0.0,0.0,0.45397838950157166,-0.04773596301674843,-0.07094614207744598,0.755818784236908,-0.37744849920272827,-0.10575953125953674,0.5857595205307007,-0.7077460289001465,-0.1516343057155609,0.23290090262889862,-0.6774916052818298,-0.1814935803413391,0.6329516768455505,-0.8464118838310242,-0.02002960816025734,0.8066108822822571,-1.2113406658172607,-0.13455064594745636,0.8208615779876709,-0.9426037669181824,-0.22091607749462128,0.6998965740203857,-0.7244487404823303,-0.2639405131340027,0.43629834055900574,-0.8980472087860107,-0.056170132011175156,0.5711594223976135,-1.3525168895721436,-0.14345495402812958,0.6251599788665771,-1.0520976781845093,-0.19694696366786957,0.5136449933052063,-0.8238920569419861,-0.21675102412700653,0.2242325246334076,-0.9078294038772583,-0.10926400125026703,0.326265424489975,-1.3705120086669922,-0.19787947833538055,0.42406654357910156,-1.0817543268203735,-0.19761215150356293,0.3423071503639221,-0.850753664970398,-0.17525045573711395,-0.02038678713142872,-0.8930583596229553,-0.1705198734998703,0.15514850616455078,-1.2236127853393555,-0.23219497501850128,0.2866149842739105,-1.0293532609939575,-0.20527437329292297,0.24811114370822906,-0.8339862823486328,-0.1761798858642578
0.0,0.0,0.0,0.45040231943130493,-0.043207716196775436,-0.0736648365855217,0.7631065845489502,-0.36945265531539917,-0.10934103280305862,0.603768527507782,-0.6910606622695923,-0.15395571291446686,0.25175559520721436,-0.6688660979270935,-0.18263763189315796,0.6263161301612854,-0.854243278503418,-0.03178568556904793,0.7973563075065613,-1.218114972114563,-0.14240704476833344,0.8281757831573486,-0.945882260799408,-0.22224116325378418,0.7074829339981079,-0.7336828112602234,-0.26196831464767456,0.432571142911911,-0.8990446925163269,-0.06782945245504379,0.5622841119766235,-1.3587125539779663,-0.15654130280017853,0.630856454372406,-1.0520401000976562,-0.2113509178161621,0.5185167193412781,-0.8303776979446411,-0.2334504872560501,0.2224879264831543,-0.905040442943573,-0.119498111307621,0.3173908293247223,-1.366945743560791,-0.20959988236427307,0.4279267191886902,-1.0780287981033325,-0.2125319391489029,0.3460964262485504,-0.8556795716285706,-0.19438005983829498,-0.024085350334644318,-0.8880890607833862,-0.17880210280418396,0.14660179615020752,-1.2198716402053833,-0.24169084429740906,0.2803962230682373,-1.0219844579696655,-0.21484239399433136,0.2348649799823761,-0.8316758871078491,-0.18795962631702423
0.0,0.0,0.0,0.45319488644599915,-0.03463518247008324,-0.06801775097846985,0.7729684710502625,-0.33891645073890686,-0.10545538365840912,0.6324610114097595,-0.6776943802833557,-0.15386132895946503,0.27738016843795776,-0.655864417552948,-0.18669450283050537,0.6448075175285339,-0.8331588506698608,-0.026994075626134872,0.8266075849533081,-1.2036548852920532,-0.1378539502620697,0.8541466593742371,-0.9379653930664062,-0.22207215428352356,0.7312313914299011,-0.7189187407493591,-0.26488804817199707,0.45369699597358704,-0.8888017535209656,-0.0647345706820488,0.5994191765785217,-1.3453168869018555,-0.14943742752075195,0.6592457294464111,-1.0509287118911743,-0.20573332905769348,0.540041983127594,-0.82688969373703,-0.23116157948970795,0.24476690590381622,-0.9047053456306458,-0.11765577644109726,0.35726693272590637,-1.3711177110671997,-0.20268338918685913,0.4603400230407715,-1.0875697135925293,-0.20428188145160675,0.37332895398139954,-0.857653796672821,-0.18768320977687836,-0.001964984694495797,-0.8983984589576721,-0.178519606590271,0.18146950006484985,-1.2255949974060059,-0.24231518805027008,0.313956618309021,-1.0326932668685913,-0.21880020201206207,0.26879963278770447,-0.8376418948173523,-0.19444748759269714
0.0,0.0,0.0,0.4337165951728821,-0.035463374108076096,-0.06477364897727966,0.7467944622039795,-0.3377548158168793,-0.09895119816064835,0.6221210360527039,-0.6687105894088745,-0.14382869005203247,0.2803085744380951,-0.6494951844215393,-0.17372484505176544,0.6433635950088501,-0.8322586417198181,-0.022713715210556984,0.8283504843711853,-1.180008888244629,-0.128304585814476,0.8589989542961121,-0.92497318983078,-0.20770946145057678,0.7371246814727783,-0.7150378227233887,-0.24779945611953735,0.45603102445602417,-0.8877357244491577,-0.06293629109859467,0.6025696992874146,-1.3291642665863037,-0.14458605647087097,0.6590946316719055,-1.0356189012527466,-0.19552300870418549,0.5381169319152832,-0.81477952003479,-0.21652409434318542,0.24957983195781708,-0.9005144834518433,-0.11826904118061066,0.3617708683013916,-1.3390284776687622,-0.2046339064836502,0.46028265357017517,-1.0534271001815796,-0.20524467527866364,0.37161901593208313,-0.8305134177207947,-0.18649283051490784,0.00351083860732615,-0.8903961777687073,-0.1810908168554306,0.1849413514137268,-1.2094908952713013,-0.24689072370529175,0.3149321973323822,-1.0100079774856567,-0.22199715673923492,0.2707273066043854,-0.8151904940605164,-0.19556833803653717
0.0,0.0,0.0,0.4249345660209656,-0.09463296830654144,-0.07816216349601746,0.7242822647094727,-0.40676987171173096,-0.10214667022228241,0.5463946461677551,-0.723551869392395,-0.14118550717830658,0.2177484780550003,-0.792778491973877,-0.16572663187980652,0.654967188835144,-0.8111886978149414,0.05193154513835907,0.8198779225349426,-1.1696443557739258,-0.0829501748085022,0.7317105531692505,-0.9674076437950134,-0.18839439749717712,0.5864629149436951,-0.7523260116577148,-0.23267769813537598,0.4202396273612976,-0.9070852398872375,0.02439076639711857,0.5404896140098572,-1.3290754556655884,-0.09676036983728409,0.4981648325920105,-1.0834273099899292,-0.16640931367874146,0.40144047141075134,-0.8397086262702942,-0.17562095820903778,0.19323335587978363,-0.9424135684967041,-0.028182268142700195,0.27447324991226196,-1.352792739868164,-0.13230544328689575,0.2863195240497589,-1.1049715280532837,-0.12532979249954224,0.21956805884838104,-0.883460283279419,-0.0833790972828865,-0.05356530845165253,-0.9324489235877991,-0.091420479118824,0.06250563263893127,-1.1966699361801147,-0.14075849950313568,0.12002049386501312,-1.0295071601867676,-0.09245368838310242,0.0927889421582222,-0.8603885173797607,-0.03703072667121887
0.0,0.0,0.0,0.42587006092071533,-0.09526357054710388,-0.08223814517259598,0.6733410954475403,-0.4366965889930725,-0.099779412150383,0.433132529258728,-0.7596356868743896,-0.12734319269657135,0.10225022584199905,-0.768650233745575,-0.13883429765701294,0.6034153699874878,-0.8544085621833801,0.0258016400039196,0.7525803446769714,-1.2278369665145874,-0.07677552849054337,0.6783260703086853,-1.0121711492538452,-0.15270696580410004,0.5672476887702942,-0.7979609966278076,-0.18682630360126495,0.35941579937934875,-0.9331371784210205,0.0086792828515172,0.46952900290489197,-1.362661600112915,-0.07965686917304993,0.44151005148887634,-1.109650731086731,-0.12956427037715912,0.36313679814338684,-0.8670151233673096,-0.1357368677854538,0.12555864453315735,-0.9535644054412842,-0.02881932258605957,0.19143635034561157,-1.407795786857605,-0.11263235658407211,0.22577475011348724,-1.1543134450912476,-0.10615319758653641,0.173544242978096,-0.9089695811271667,-0.07077998667955399,-0.12549379467964172,-0.92732173204422,-0.07605564594268799,-0.0387435257434845,-1.2458114624023438,-0.12657932937145233,0.05179445445537567,-1.089661955833435,-0.09131263196468353,0.05663563311100006,-0.9014089703559875,-0.04726570099592209
0.0,0.0,0.0,0.4304589331150055,-0.11870957165956497,-0.08386888355016708,0.6939847469329834,-0.46016594767570496,-0.11315266788005829,0.4703883230686188,-0.7742578983306885,-0.151093527674675,0.138679638504982,-0.7665403485298157,-0.17265892028808594,0.5804039239883423,-0.8730663657188416,-0.007987331598997116,0.7548803687095642,-1.271032691001892,-0.11808431148529053,0.7001162171363831,-1.022229552268982,-0.20233744382858276,0.5764829516410828,-0.8063826560974121,-0.24458031356334686,0.34890979528427124,-0.9366529583930969,-0.030712932348251343,0.46324852108955383,-1.3913973569869995,-0.11686781048774719,0.4613938331604004,-1.1087623834609985,-0.167291522026062,0.3748437464237213,-0.874731719493866,-0.18042637407779694,0.12309587001800537,-0.9495328664779663,-0.07156460732221603,0.17215222120285034,-1.4135572910308838,-0.1499972939491272,0.23771078884601593,-1.140242576599121,-0.14170992374420166,0.18541596829891205,-0.8971334099769592,-0.11106984317302704,-0.12333648651838303,-0.9245702624320984,-0.12267571687698364,-0.0375489741563797,-1.2741177082061768,-0.17345336079597473,0.0736711174249649,-1.1014673709869385,-0.1353611946105957,0.06914016604423523,-0.9021390676498413,-0.09325554966926575
0.0,0.0,0.0,0.4414563477039337,-0.07992362231016159,-0.06335248798131943,0.7100890278816223,-0.4079272150993347,-0.07432442158460617,0.5008284449577332,-0.7311386466026306,-0.09867466241121292,0.16642451286315918,-0.7333946824073792,-0.11000625789165497,0.6027644872665405,-0.856487512588501,0.0413142591714859,0.768467128276825,-1.2521929740905762,-0.05915629491209984,0.7218796014785767,-1.0376384258270264,-0.1412036269903183,0.6041736006736755,-0.8174399733543396,-0.18181274831295013,0.36920565366744995,-0.9292601943016052,0.012754954397678375,0.4654739201068878,-1.390799641609192,-0.06887272000312805,0.4801201820373535,-1.120886206626892,-0.12008094042539597,0.4132062494754791,-0.8749545812606812,-0.1320662796497345,0.1398390233516693,-0.9467892646789551,-0.03470568731427193,0.19184832274913788,-1.40404212474823,-0.11834603548049927,0.26063916087150574,-1.128468632698059,-0.11253365129232407,0.21511311829090118,-0.8845545649528503,-0.08125574141740799,-0.1154206395149231,-0.9220829606056213,-0.0904158502817154,-0.01977834850549698,-1.250870704650879,-0.14988844096660614,0.08002667874097824,-1.0664044618606567,-0.11564501374959946,0.07180711627006531,-0.8676612377166748,-0.07397682219743729
0.0,0.0,0.0,0.3833826184272766,-0.07591143995523453,-0.06094643846154213,0.6491777896881104,-0.3700622022151947,-0.07711591571569443,0.4742307960987091,-0.6515766978263855,-0.10836612433195114,0.20105808973312378,-0.7408153414726257,-0.12560071051120758,0.5856051445007324,-0.8565331101417542,0.036637913435697556,0.743578314781189,-1.2363193035125732,-0.0842507854104042,0.7019466161727905,-1.0088309049606323,-0.17186400294303894,0.5900289416313171,-0.7802185416221619,-0.2054980844259262,0.3468225598335266,-0.9379013180732727,0.007436430547386408,0.4770190417766571,-1.3751330375671387,-0.09469769150018692,0.4570741653442383,-1.0927077531814575,-0.14709709584712982,0.3682323396205902,-0.8368219137191772,-0.1501331478357315,0.11693867295980453,-0.9555001854896545,-0.04251169413328171,0.1928245574235916,-1.3827168941497803,-0.14283564686775208,0.2121572196483612,-1.0987473726272583,-0.12924493849277496,0.14611463248729706,-0.856063187122345,-0.08558257669210434,-0.13012197613716125,-0.9208478331565857,-0.09977764636278152,-0.014459768310189247,-1.2169910669326782,-0.16092902421951294,0.048512835055589676,-1.0197745561599731,-0.11386571824550629,0.02116275206208229,-0.8229734301567078,-0.0579615980386734
0.0,0.0,0.0,0.39178594946861267,-0.03506999835371971,-0.08413740992546082,0.6688339710235596,-0.3325185179710388,-0.10949040949344635,0.48151925206184387,-0.6252543330192566,-0.14396367967128754,0.18564757704734802,-0.6961073279380798,-0.16429372131824493,0.6470704674720764,-0.8376792669296265,-0.012481146492064,0.7669405341148376,-1.2572486400604248,-0.1535184681415558,0.7069523930549622,-1.0438700914382935,-0.24285711348056793,0.6179421544075012,-0.8176367282867432,-0.27746397256851196,0.38942864537239075,-0.9203060865402222,-0.03717701509594917,0.49112290143966675,-1.3938685655593872,-0.17134758830070496,0.4548432230949402,-1.1122382879257202,-0.21866782009601593,0.38375070691108704,-0.8629460334777832,-0.2096036672592163,0.13805808126926422,-0.9375260472297668,-0.08353232592344284,0.18520282208919525,-1.3761608600616455,-0.21487115323543549,0.1935516595840454,-1.0821623802185059,-0.18758706748485565,0.1471516340970993,-0.8493096828460693,-0.12577307224273682,-0.13165564835071564,-0.9028157591819763,-0.13847093284130096,-0.058363333344459534,-1.2012819051742554,-0.22088947892189026,-0.014745158143341541,-0.9972164034843445,-0.16846057772636414,-0.03146868571639061,-0.8171555399894714,-0.10368391126394272
0.0,0.0,0.0,0.39650776982307434,-0.06684129685163498,-0.05098138004541397,0.6619381904602051,-0.3771527111530304,-0.07438847422599792,0.5197279453277588,-0.6279898881912231,-0.11570971459150314,0.27424633502960205,-0.657241702079773,-0.1429767906665802,0.5791791677474976,-0.8936411738395691,0.0069065699353814125,0.7071695327758789,-1.2584706544876099,-0.13038936257362366,0.6720918416976929,-0.9894276261329651,-0.22228960692882538,0.5629636645317078,-0.7599430084228516,-0.26010262966156006,0.340813547372818,-0.9392961263656616,-0.039610184729099274,0.4592975080013275,-1.3834377527236938,-0.16847975552082062,0.4662935137748718,-1.0524901151657104,-0.21453461050987244,0.37632086873054504,-0.796451210975647,-0.2086939960718155,0.10556184500455856,-0.928368330001831,-0.10489563643932343,0.17547592520713806,-1.3658092021942139,-0.22732053697109222,0.23917050659656525,-1.0405304431915283,-0.19509632885456085,0.1791985183954239,-0.7957004904747009,-0.1349617838859558,-0.15256428718566895,-0.8716943860054016,-0.17674188315868378,-0.032924868166446686,-1.169403314590454,-0.254359632730484,0.06597620993852615,-0.9466285705566406,-0.19986382126808167,0.043130602687597275,-0.7459853887557983,-0.13773949444293976
0.0,0.0,0.0,0.4091796875,-0.061127420514822006,-0.06228747218847275,0.6906413435935974,-0.35068267583847046,-0.09702731668949127,0.5661565065383911,-0.6047630906105042,-0.14762096107006073,0.3281348943710327,-0.6677927374839783,-0.184001162648201,0.6062526702880859,-0.8641506433486938,-0.0008987840265035629,0.7384911179542542,-1.2061173915863037,-0.14680631458759308,0.6895099878311157,-0.9480298757553101,-0.24688856303691864,0.5647960305213928,-0.7240170836448669,-0.2886085510253906,0.3774682581424713,-0.9249851107597351,-0.0438220389187336,0.4958817958831787,-1.3609665632247925,-0.17479436099529266,0.4992482364177704,-1.0433531999588013,-0.22509869933128357,0.4007543921470642,-0.7918474078178406,-0.2238641083240509,0.14775621891021729,-0.9242702722549438,-0.10686913877725601,0.22073900699615479,-1.3434771299362183,-0.23503950238227844,0.27818650007247925,-1.0181362628936768,-0.20325134694576263,0.21171897649765015,-0.7781433463096619,-0.14353416860103607,-0.11004263907670975,-0.8774638175964355,-0.17697826027870178,0.012291965074837208,-1.1648041009902954,-0.2606951594352722,0.10741385072469711,-0.9374038577079773,-0.20524924993515015,0.08047359436750412,-0.738353967666626,-0.14204195141792297
0.0,0.0,0.0,0.3936711847782135,-0.06101914122700691,-0.069017194211483,0.6608951091766357,-0.3718174993991852,-0.11245371401309967,0.48905131220817566,-0.6399192214012146,-0.16939769685268402,0.19801150262355804,-0.6687918305397034,-0.20803885161876678,0.5672543048858643,-0.9012280702590942,-0.036827202886343,0.7108172178268433,-1.2451456785202026,-0.19930170476436615,0.7105537056922913,-0.9457643628120422,-0.2920103371143341,0.6066851019859314,-0.7197287082672119,-0.32653242349624634,0.3448980748653412,-0.9346619248390198,-0.08632709085941315,0.47125402092933655,-1.384960412979126,-0.24272887408733368,0.5147823691368103,-1.0382100343704224,-0.2901630699634552,0.43376779556274414,-0.7937793135643005,-0.27822616696357727,0.11309738457202911,-0.9076887369155884,-0.15525081753730774,0.186734139919281,-1.3235085010528564,-0.3145415484905243,0.27933165431022644,-0.9673242568969727,-0.2781307101249695,0.23150868713855743,-0.7389163970947266,-0.20534726977348328,-0.14429515600204468,-0.8355436325073242,-0.22977955639362335,-0.013646847568452358,-1.1095912456512451,-0.3263656497001648,0.09503795206546783,-0.8715162873268127,-0.2663782835006714,0.07123789191246033,-0.6910977363586426,-0.1962985247373581
0.0,0.0,0.0,0.3682628273963928,-0.0940689966082573,-0.07859917730093002,0.6541576981544495,-0.41322624683380127,-0.12587937712669373,0.511661171913147,-0.674629271030426,-0.1805160939693451,0.18586881458759308,-0.6277676820755005,-0.2126285582780838,0.5396713614463806,-0.9049476385116577,-0.03997812047600746,0.693433403968811,-1.242754578590393,-0.1754763126373291,0.6843897104263306,-0.9411299824714661,-0.25753074884414673,0.5709311962127686,-0.7182325720787048,-0.29226261377334595,0.32189902663230896,-0.943274974822998,-0.08132269233465195,0.4340308606624603,-1.344490647315979,-0.20433638989925385,0.47704848647117615,-0.9994508028030396,-0.2433234602212906,0.3857293128967285,-0.7789442539215088,-0.23814254999160767,0.10839570313692093,-0.9217516779899597,-0.1404336541891098,0.17480696737766266,-1.317203164100647,-0.26402366161346436,0.2677154541015625,-0.9894024729728699,-0.22882111370563507,0.20808497071266174,-0.7798420786857605,-0.17027290165424347,-0.12930841743946075,-0.854748547077179,-0.2075328379869461,0.001927469507791102,-1.1205530166625977,-0.28797733783721924,0.11240877211093903,-0.8929687142372131,-0.23337136209011078,0.0832461342215538,-0.7136524319648743,-0.1729811429977417
0.0,0.0,0.0,0.3527348041534424,-0.08122608810663223,-0.08978349715471268,0.626664400100708,-0.3841313421726227,-0.14359746873378754,0.4629534184932709,-0.6272037029266357,-0.20472274720668793,0.17280590534210205,-0.6550852656364441,-0.2422076165676117,0.4964664876461029,-0.9298807978630066,-0.04485034570097923,0.645873486995697,-1.2628400325775146,-0.19067569077014923,0.6422750353813171,-0.9624569416046143,-0.27617883682250977,0.5358086228370667,-0.7580234408378601,-0.3091368079185486,0.2738296687602997,-0.9586251378059387,-0.0778149738907814,0.3800058960914612,-1.3394700288772583,-0.21154774725437164,0.43257206678390503,-1.011791706085205,-0.2561970353126526,0.3498978316783905,-0.8164517879486084,-0.25323355197906494,0.055836573243141174,-0.9284874200820923,-0.1306159943342209,0.12128820270299911,-1.3238564729690552,-0.2643459737300873,0.22208110988140106,-1.0066524744033813,-0.22532615065574646,0.16394639015197754,-0.8096894025802612,-0.16085271537303925,-0.1899600625038147,-0.8559086918830872,-0.19150997698307037,-0.05736684426665306,-1.1212657690048218,-0.27168571949005127,0.058244217187166214,-0.9096654057502747,-0.20919445157051086,0.022724542766809464,-0.7432591319084167,-0.13998153805732727
0.0,0.0,0.0,0.3715693950653076,-0.12790468335151672,-0.0899394229054451,0.6150528788566589,-0.4488251209259033,-0.14208057522773743,0.3996153175830841,-0.712787926197052,-0.19870664179325104,0.10390426963567734,-0.7458151578903198,-0.23307280242443085,0.48879992961883545,-0.9331619143486023,-0.06283610314130783,0.6247162818908691,-1.3213180303573608,-0.20885173976421356,0.588759183883667,-1.0462031364440918,-0.29355400800704956,0.4909083843231201,-0.8341801762580872,-0.3270449936389923,0.2521657943725586,-0.9631951451301575,-0.09309861063957214,0.3527728021144867,-1.4315158128738403,-0.22244080901145935,0.37267744541168213,-1.1126892566680908,-0.25226423144340515,0.3139060437679291,-0.8738293051719666,-0.23648826777935028,0.027157695963978767,-0.9339188933372498,-0.142449289560318,0.054747845977544785,-1.3617103099822998,-0.2562665641307831,0.1383083015680313,-1.0644992589950562,-0.20705434679985046,0.11075403541326523,-0.8423492908477783,-0.13826192915439606,-0.21210214495658875,-0.8605402708053589,-0.2020687609910965,-0.1504695564508438,-1.1548700332641602,-0.2623167932033539,-0.04025653377175331,-0.9631803631782532,-0.1945430338382721,-0.03891924023628235,-0.7882218360900879,-0.12566624581813812
0.0,0.0,0.0,0.3485328257083893,-0.14734742045402527,-0.10698747634887695,0.5347468852996826,-0.5160962343215942,-0.16015177965164185,0.24725289642810822,-0.7733604311943054,-0.21467074751853943,-0.05950147658586502,-0.7870339155197144,-0.24396847188472748,0.41497206687927246,-0.957025945186615,-0.08413221687078476,0.526843249797821,-1.3843659162521362,-0.23947802186012268,0.4618164598941803,-1.1148594617843628,-0.323517769575119,0.3649253249168396,-0.870620846748352,-0.3526683449745178,0.15489280223846436,-0.9821534752845764,-0.10669030994176865,0.22574597597122192,-1.4914064407348633,-0.24470777809619904,0.2281014323234558,-1.1806812286376953,-0.27343371510505676,0.18004269897937775,-0.9149670600891113,-0.2522485554218292,-0.08680549263954163,-0.9509310126304626,-0.15020103752613068,-0.09754590690135956,-1.4337154626846313,-0.26313361525535583,-0.0185594093054533,-1.1484053134918213,-0.21589019894599915,-0.032087650150060654,-0.9009613394737244,-0.14695078134536743,-0.33552297949790955,-0.8750830292701721,-0.2057608962059021,-0.33011114597320557,-1.2049109935760498,-0.2647119164466858,-0.22414252161979675,-1.0440174341201782,-0.20284166932106018,-0.2064117193222046,-0.8675582408905029,-0.1375160813331604
0.0,0.0,0.0,0.33117347955703735,-0.16469697654247284,-0.11906906217336655,0.46934306621551514,-0.5454569458961487,-0.17322196066379547,0.15371331572532654,-0.768990695476532,-0.22718560695648193,-0.1400127410888672,-0.7825897336006165,-0.25451037287712097,0.34666571021080017,-0.9692635536193848,-0.07169066369533539,0.4407282769680023,-1.364502191543579,-0.22166693210601807,0.37402182817459106,-1.0957186222076416,-0.3053312301635742,0.29388582706451416,-0.8499564528465271,-0.3380599617958069,0.08930593729019165,-0.992035984992981,-0.08882074803113937,0.15044306218624115,-1.4805898666381836,-0.23233093321323395,0.14801885187625885,-1.1679078340530396,-0.2677326798439026,0.11569912731647491,-0.8963019251823425,-0.24808278679847717,-0.14676474034786224,-0.9511498808860779,-0.128384068608284,-0.1717100590467453,-1.407078742980957,-0.25245508551597595,-0.08922302722930908,-1.112117052078247,-0.212158665060997,-0.08396153151988983,-0.8573243618011475,-0.14486022293567657,-0.38451385498046875,-0.851599395275116,-0.18073420226573944,-0.37859055399894714,-1.1457313299179077,-0.2543211579322815,-0.26775890588760376,-0.9754957556724548,-0.20161539316177368,-0.2342987358570099,-0.8035525679588318,-0.14049360156059265
0.0,0.0,0.0,0.3251849114894867,-0.16389714181423187,-0.11567166447639465,0.46591630578041077,-0.5354403257369995,-0.1722458451986313,0.1539812833070755,-0.7553960084915161,-0.22820989787578583,-0.1386699378490448,-0.783921480178833,-0.25645729899406433,0.34496060013771057,-0.9678609371185303,-0.08076014369726181,0.4362894296646118,-1.3653180599212646,-0.23693111538887024,0.36513635516166687,-1.0866780281066895,-0.31950268149375916,0.2919045686721802,-0.8454828858375549,-0.3507375717163086,0.08502545952796936,-0.9912819266319275,-0.10065145790576935,0.15221726894378662,-1.4820997714996338,-0.25070253014564514,0.1432032436132431,-1.1525616645812988,-0.2809446156024933,0.11305128782987595,-0.8852506279945374,-0.2561750113964081,-0.15565671026706696,-0.9519874453544617,-0.14234191179275513,-0.18324433267116547,-1.410936713218689,-0.2753848135471344,-0.10411399602890015,-1.0943483114242554,-0.22545962035655975,-0.09613802284002304,-0.8423195481300354,-0.14961595833301544,-0.39944764971733093,-0.8506345748901367,-0.1956927627325058,-0.3997647166252136,-1.139760971069336,-0.2773297429084778,-0.29042917490005493,-0.9474248290061951,-0.21800367534160614,-0.2541736662387848,-0.7729511857032776,-0.14962205290794373
0.0,0.0,0.0,0.33907604217529297,-0.1599825918674469,-0.11834125220775604,0.5012317299842834,-0.5229509472846985,-0.174970805644989,0.18737180531024933,-0.752675473690033,-0.2317228615283966,-0.10944881290197372,-0.7675297856330872,-0.26120525598526,0.3838980495929718,-0.9611465334892273,-0.08364212512969971,0.47604236006736755,-1.3699705600738525,-0.23742491006851196,0.39778444170951843,-1.0846171379089355,-0.31624358892440796,0.32706916332244873,-0.8469817042350769,-0.34522709250450134,0.12066184729337692,-0.987536609172821,-0.10105554014444351,0.20155179500579834,-1.4747084379196167,-0.2462729811668396,0.17092183232307434,-1.1412559747695923,-0.27429744601249695,0.1359124779701233,-0.8824921250343323,-0.24995248019695282,-0.1212473139166832,-0.9506335258483887,-0.14037027955055237,-0.13257013261318207,-1.4149281978607178,-0.26249971985816956,-0.0762866958975792,-1.0998836755752563,-0.2115318924188614,-0.07300806045532227,-0.8501062393188477,-0.13819265365600586,-0.36752748489379883,-0.8510993719100952,-0.19239667057991028,-0.361280620098114,-1.1443053483963013,-0.26049336791038513,-0.26503995060920715,-0.9625532031059265,-0.19996951520442963,-0.22874191403388977,-0.7928106784820557,-0.13390657305717468
0.0,0.0,0.0,0.35514214634895325,-0.15069949626922607,-0.12085333466529846,0.5501874089241028,-0.5021019577980042,-0.18216156959533691,0.2538181245326996,-0.7412096858024597,-0.24220260977745056,-0.0505145862698555,-0.7492544651031494,-0.27575230598449707,0.40346381068229675,-0.951686441898346,-0.09823445230722427,0.5081159472465515,-1.3509259223937988,-0.2592059373855591,0.43762466311454773,-1.0481462478637695,-0.3383498191833496,0.3643650412559509,-0.820772111415863,-0.3662993907928467,0.14884470403194427,-0.9820308089256287,-0.1160205751657486,0.2518256604671478,-1.4614710807800293,-0.2672770917415619,0.2222636640071869,-1.1158041954040527,-0.293687105178833,0.17121610045433044,-0.8631468415260315,-0.2679440379142761,-0.08959430456161499,-0.9479292631149292,-0.15504774451255798,-0.09201367944478989,-1.4054816961288452,-0.2873387932777405,-0.03397946432232857,-1.0732123851776123,-0.2313036024570465,-0.04102066904306412,-0.8228853940963745,-0.15232093632221222,-0.3386760652065277,-0.8535849452018738,-0.20592136681079865,-0.32518118619918823,-1.147609829902649,-0.2794199287891388,-0.22609513998031616,-0.9477205872535706,-0.21355830132961273,-0.19852173328399658,-0.7697152495384216,-0.1427004635334015
0.0,0.0,0.0,0.3493989408016205,-0.14878655970096588,-0.12080764025449753,0.5406048893928528,-0.5171018242835999,-0.18293824791908264,0.24073514342308044,-0.7550180554389954,-0.2422264814376831,-0.06499703973531723,-0.7506715655326843,-0.27318617701530457,0.39124006032943726,-0.9637243747711182,-0.10102210938930511,0.49555519223213196,-1.3713003396987915,-0.26673898100852966,0.425526887178421,-1.0695393085479736,-0.347555935382843,0.34784916043281555,-0.8326975107192993,-0.3745866119861603,0.13575047254562378,-0.9835523962974548,-0.11914889514446259,0.22137218713760376,-1.474004864692688,-0.27837371826171875,0.21001970767974854,-1.1310675144195557,-0.30388739705085754,0.1690901517868042,-0.8721277117729187,-0.2732906639575958,-0.10506025701761246,-0.944265604019165,-0.15906043350696564,-0.12451835721731186,-1.4032598733901978,-0.29970666766166687,-0.047928571701049805,-1.0781524181365967,-0.24474415183067322,-0.04846819490194321,-0.8346574306488037,-0.16270829737186432,-0.35421884059906006,-0.8526548147201538,-0.21062946319580078,-0.34174343943595886,-1.1400038003921509,-0.28956472873687744,-0.2331465482711792,-0.9389951825141907,-0.22480928897857666,-0.20694056153297424,-0.7640801668167114,-0.1524665504693985
0.0,0.0,0.0,0.357435405254364,-0.14251461625099182,-0.12483072280883789,0.5549699068069458,-0.4977822005748749,-0.19075582921504974,0.2608503997325897,-0.7398852109909058,-0.253201425075531,-0.04272393509745598,-0.7510753273963928,-0.28771185874938965,0.4123147428035736,-0.9540112614631653,-0.11076361685991287,0.5226365327835083,-1.3571829795837402,-0.2738982141017914,0.4541349411010742,-1.0567423105239868,-0.35527563095092773,0.37109336256980896,-0.822863757610321,-0.38385578989982605,0.1562296599149704,-0.9796536564826965,-0.1259792596101761,0.24513791501522064,-1.4538275003433228,-0.2782789170742035,0.23842839896678925,-1.1158652305603027,-0.307071328163147,0.1935328245162964,-0.8655747175216675,-0.28346332907676697,-0.08155903220176697,-0.9422815442085266,-0.16223445534706116,-0.09236693382263184,-1.3917803764343262,-0.294024795293808,-0.01023294311016798,-1.0728977918624878,-0.24373716115951538,-0.015419049188494682,-0.8322491645812988,-0.16973558068275452,-0.3262046277523041,-0.8464069366455078,-0.21051526069641113,-0.30174705386161804,-1.1293418407440186,-0.2842358350753784,-0.1891678422689438,-0.9369152784347534,-0.22275984287261963,-0.16756375133991241,-0.7666151523590088,-0.1551215946674347
0.0,0.0,0.0,0.35461437702178955,-0.1343364417552948,-0.11917540431022644,0.5540540814399719,-0.4924173653125763,-0.18198348581790924,0.2657676637172699,-0.7273069620132446,-0.24392835795879364,-0.03573011979460716,-0.714524507522583,-0.2760697603225708,0.42228424549102783,-0.9597476720809937,-0.08828026801347733,0.5252325534820557,-1.342943787574768,-0.25212234258651733,0.4585972726345062,-1.0258493423461914,-0.3303738236427307,0.3782731890678406,-0.7979829907417297,-0.35658949613571167,0.1696576327085495,-0.9794370532035828,-0.10917637497186661,0.26332172751426697,-1.439898133277893,-0.26905834674835205,0.25335344672203064,-1.0872899293899536,-0.2950021028518677,0.205086350440979,-0.8462935090065002,-0.26511991024017334,-0.06713901460170746,-0.9352735877037048,-0.1530206799507141,-0.06974072009325027,-1.3745553493499756,-0.298748254776001,0.009917483665049076,-1.0411980152130127,-0.2453775256872177,0.002609329530969262,-0.8101872801780701,-0.1633761078119278,-0.3138078451156616,-0.8356927633285522,-0.20805592834949493,-0.27916184067726135,-1.1100486516952515,-0.2894763946533203,-0.16875004768371582,-0.9044048190116882,-0.22581274807453156,-0.14912334084510803,-0.7390620708465576,-0.153627410531044
0.0,0.0,0.0,0.3491271138191223,-0.13269390165805817,-0.11295197159051895,0.5558616518974304,-0.48246800899505615,-0.16860954463481903,0.3094959557056427,-0.7011382579803467,-0.2233949601650238,0.017304033041000366,-0.6731629967689514,-0.24854671955108643,0.41495010256767273,-0.9612163305282593,-0.07113654166460037,0.5198060870170593,-1.3172460794448853,-0.230846107006073,0.467099666595459,-0.9912617206573486,-0.3074619174003601,0.3869255781173706,-0.7800284624099731,-0.33362504839897156,0.171367347240448,-0.9806630611419678,-0.09451563656330109,0.2589742839336395,-1.4208824634552002,-0.25186461210250854,0.2638467848300934,-1.060593843460083,-0.27624791860580444,0.21588464081287384,-0.8302357196807861,-0.24507035315036774,-0.0566435270011425,-0.9338788986206055,-0.141038715839386,-0.06049254536628723,-1.341862678527832,-0.286770761013031,0.025999072939157486,-1.0008563995361328,-0.2299676537513733,0.01690150797367096,-0.7830883860588074,-0.14430822432041168,-0.2938007712364197,-0.8315707445144653,-0.19827163219451904,-0.2602832019329071,-1.096402883529663,-0.2758159339427948,-0.14846187829971313,-0.8827112913131714,-0.20576179027557373,-0.13133573532104492,-0.720524251461029,-0.1288185566663742
0.0,0.0,0.0,0.3450092077255249,-0.14840076863765717,-0.1183362752199173,0.5443903803825378,-0.4951064884662628,-0.17847087979316711,0.2847060561180115,-0.7222450375556946,-0.23559892177581787,-0.008785300888121128,-0.7077113389968872,-0.26371920108795166,0.3942144513130188,-0.9608174562454224,-0.0927981287240982,0.5026633143424988,-1.3287354707717896,-0.24558022618293762,0.4382624328136444,-1.0227621793746948,-0.3207034468650818,0.35762763023376465,-0.8100152611732483,-0.3491348922252655,0.14622962474822998,-0.9827397465705872,-0.11331136524677277,0.23107653856277466,-1.4296214580535889,-0.25938498973846436,0.22980812191963196,-1.093374490737915,-0.2827562987804413,0.1917952001094818,-0.8653880953788757,-0.25722721219062805,-0.08391629904508591,-0.9373592734336853,-0.15513543784618378,-0.09406153857707977,-1.3456902503967285,-0.2870495915412903,-0.008864758536219597,-1.0381579399108887,-0.23729385435581207,-0.011812605895102024,-0.8234190940856934,-0.16307444870471954,-0.3177928030490875,-0.834749162197113,-0.20843438804149628,-0.29406335949897766,-1.101650357246399,-0.2771212160587311,-0.1789134442806244,-0.9159979820251465,-0.21200470626354218,-0.15515635907649994,-0.7598009705543518,-0.1428932100534439
0.0,0.0,0.0,0.34583258628845215,-0.15036563575267792,-0.11687111109495163,0.5266689658164978,-0.5059502124786377,-0.17183414101600647,0.22739440202713013,-0.7223882675170898,-0.22597604990005493,-0.06917980313301086,-0.6970697045326233,-0.2557927966117859,0.4021049439907074,-0.9550190567970276,-0.07585476338863373,0.49430736899375916,-1.3301798105239868,-0.22518713772296906,0.4189865291118622,-1.0562965869903564,-0.3041382133960724,0.34821778535842896,-0.8382647037506104,-0.33709123730659485,0.14836712181568146,-0.983936607837677,-0.09927739202976227,0.2406708151102066,-1.467939853668213,-0.24660809338092804,0.20440277457237244,-1.1476624011993408,-0.27423417568206787,0.16258445382118225,-0.8977164626121521,-0.24948370456695557,-0.08994603157043457,-0.940838098526001,-0.14536619186401367,-0.10296626389026642,-1.3789465427398682,-0.27870476245880127,-0.05017087608575821,-1.0731250047683716,-0.23392140865325928,-0.04744808003306389,-0.8420361280441284,-0.16192178428173065,-0.3311552405357361,-0.8380115628242493,-0.2034302055835724,-0.3201918601989746,-1.1204545497894287,-0.2748296558856964,-0.23178498446941376,-0.9346742033958435,-0.21390119194984436,-0.20254483819007874,-0.7729868292808533,-0.14934299886226654
0.0,0.0,0.0,0.3481478691101074,-0.16278627514839172,-0.11589811742305756,0.5274579524993896,-0.5087081789970398,-0.17809370160102844,0.22134898602962494,-0.7169316411018372,-0.23992183804512024,-0.08304234594106674,-0.7146393656730652,-0.2766791582107544,0.42044544219970703,-0.9536499977111816,-0.09514175355434418,0.5153543949127197,-1.3723504543304443,-0.2650676667690277,0.435647189617157,-1.0962234735488892,-0.3515833914279938,0.36718761920928955,-0.8662827014923096,-0.38238969445228577,0.14458708465099335,-0.9825230240821838,-0.11723042279481888,0.22122177481651306,-1.4730935096740723,-0.2723535895347595,0.19074088335037231,-1.139453411102295,-0.2983733117580414,0.16024047136306763,-0.8940442204475403,-0.2721633315086365,-0.1091073602437973,-0.9477495551109314,-0.16227276623249054,-0.12410546839237213,-1.4036521911621094,-0.296607106924057,-0.06949714571237564,-1.0855519771575928,-0.24096602201461792,-0.06027529016137123,-0.85574871301651,-0.16170570254325867,-0.3625481128692627,-0.8537396788597107,-0.21853676438331604,-0.36200830340385437,-1.1514781713485718,-0.28428491950035095,-0.27095848321914673,-0.9564368724822998,-0.21082435548305511,-0.2347467839717865,-0.7915621995925903,-0.13585813343524933
0.0,0.0,0.0,0.33449214696884155,-0.1690814197063446,-0.1186855286359787,0.5071897506713867,-0.5175393223762512,-0.18272042274475098,0.21090497076511383,-0.7248002886772156,-0.24624855816364288,-0.08156271278858185,-0.7582055330276489,-0.2826213836669922,0.39027729630470276,-0.9576662182807922,-0.09830939024686813,0.4758906960487366,-1.3661640882492065,-0.27229803800582886,0.4068484902381897,-1.0682870149612427,-0.35737282037734985,0.34766244888305664,-0.8391653299331665,-0.3858787715435028,0.11572656035423279,-0.9859352707862854,-0.12057829648256302,0.19020256400108337,-1.471756100654602,-0.28505292534828186,0.16901345551013947,-1.1156858205795288,-0.3162713050842285,0.1424316018819809,-0.8623741269111633,-0.2893913984298706,-0.1342042237520218,-0.9480466842651367,-0.1650075614452362,-0.15695181488990784,-1.4026015996932983,-0.3132774531841278,-0.09179607033729553,-1.0667976140975952,-0.2601279020309448,-0.0764348953962326,-0.8223254680633545,-0.17746712267398834,-0.38320496678352356,-0.8477213978767395,-0.21935316920280457,-0.3966580629348755,-1.1436007022857666,-0.3051535487174988,-0.29402896761894226,-0.9395654797554016,-0.23757527768611908,-0.24819228053092957,-0.7608060836791992,-0.15962406992912292
0.0,0.0,0.0,0.3376968502998352,-0.1686280071735382,-0.123075932264328,0.5045738816261292,-0.5329001545906067,-0.18860960006713867,0.18969804048538208,-0.7538104057312012,-0.25181418657302856,-0.10708340257406235,-0.7879835963249207,-0.28645583987236023,0.37955600023269653,-0.96465665102005,-0.10669341683387756,0.4764944016933441,-1.3878493309020996,-0.27919721603393555,0.40721049904823303,-1.0954958200454712,-0.36356067657470703,0.3396442234516144,-0.8587709069252014,-0.3909578323364258,0.10685031116008759,-0.986539900302887,-0.12378191947937012,0.1844857931137085,-1.4834214448928833,-0.28372153639793396,0.16603586077690125,-1.1361440420150757,-0.31148210167884827,0.13628260791301727,-0.8787247538566589,-0.28351762890815735,-0.1414669007062912,-0.9480764269828796,-0.16325917840003967,-0.1603091061115265,-1.4174848794937134,-0.3045741021633148,-0.08947509527206421,-1.0918464660644531,-0.2518925368785858,-0.07857587933540344,-0.8443860411643982,-0.17194683849811554,-0.3881274163722992,-0.8522266745567322,-0.21376000344753265,-0.38773441314697266,-1.1487220525741577,-0.29563039541244507,-0.2815113663673401,-0.9514760971069336,-0.23169104754924774,-0.2428792268037796,-0.7726305723190308,-0.15812495350837708
0.0,0.0,0.0,0.342474102973938,-0.14955130219459534,-0.12930350005626678,0.5259061455726624,-0.503196120262146,-0.19259348511695862,0.21824608743190765,-0.7301946878433228,-0.25194332003593445,-0.09100068360567093,-0.7454482913017273,-0.28303253650665283,0.4009038805961609,-0.9545348882675171,-0.09586533159017563,0.49067988991737366,-1.3541133403778076,-0.2660699486732483,0.421522319316864,-1.06084406375885,-0.3514466881752014,0.35240638256073,-0.8280518651008606,-0.3801361918449402,0.12804089486598969,-0.9857983589172363,-0.10866053402423859,0.1972958743572235,-1.4528776407241821,-0.26940664649009705,0.17695221304893494,-1.1020427942276,-0.30022990703582764,0.1469482183456421,-0.8508063554763794,-0.27229616045951843,-0.11810743063688278,-0.9483185410499573,-0.14470000565052032,-0.13436555862426758,-1.3839986324310303,-0.29136115312576294,-0.07362521439790726,-1.055725336074829,-0.24072903394699097,-0.06699549406766891,-0.8163152933120728,-0.15882375836372375,-0.3627118170261383,-0.8493889570236206,-0.19165608286857605,-0.35902711749076843,-1.1212440729141235,-0.2762947082519531,-0.2604137063026428,-0.9208313226699829,-0.2115442454814911,-0.22406399250030518,-0.7482008337974548,-0.1350119262933731
0.0,0.0,0.0,0.35364872217178345,-0.1500193327665329,-0.12209931015968323,0.5563670992851257,-0.4996279180049896,-0.18233220279216766,0.2523154020309448,-0.7247314453125,-0.24070657789707184,-0.05129966512322426,-0.742889404296875,-0.27246731519699097,0.41364288330078125,-0.960735559463501,-0.09359271824359894,0.5179233551025391,-1.3794145584106445,-0.25685420632362366,0.45724180340766907,-1.1006537675857544,-0.34056636691093445,0.38204696774482727,-0.863382875919342,-0.36877918243408203,0.1394827663898468,-0.9842497706413269,-0.10861366987228394,0.21746087074279785,-1.4718214273452759,-0.2579670548439026,0.20826850831508636,-1.1364425420761108,-0.2898944318294525,0.17359477281570435,-0.8779522776603699,-0.26761606335639954,-0.1104726567864418,-0.9426270127296448,-0.14579908549785614,-0.11478506028652191,-1.4006532430648804,-0.28039461374282837,-0.04494456946849823,-1.089570164680481,-0.2353358119726181,-0.041858989745378494,-0.8432889580726624,-0.161656454205513,-0.3626363277435303,-0.8444221615791321,-0.19413436949253082,-0.3432890474796295,-1.1394102573394775,-0.27249959111213684,-0.23689042031764984,-0.9586297273635864,-0.21281448006629944,-0.20225563645362854,-0.7852805852890015,-0.1429835706949234
0.0,0.0,0.0,0.36349907517433167,-0.1394856721162796,-0.12666131556034088,0.5712485909461975,-0.4959474205970764,-0.1886708289384842,0.265623539686203,-0.7289362549781799,-0.24822752177715302,-0.04980216920375824,-0.7321293354034424,-0.2814719080924988,0.4371536076068878,-0.9586870074272156,-0.0935535579919815,0.5432303547859192,-1.3786128759384155,-0.2583899199962616,0.473716139793396,-1.0938379764556885,-0.3450804650783539,0.3911679983139038,-0.8552870750427246,-0.37489375472068787,0.16711245477199554,-0.980110764503479,-0.10703427344560623,0.24074894189834595,-1.4712493419647217,-0.26303279399871826,0.22999262809753418,-1.1412261724472046,-0.29934921860694885,0.19362115859985352,-0.8747811317443848,-0.2769697606563568,-0.08070826530456543,-0.9386061429977417,-0.14297206699848175,-0.08463612198829651,-1.4087114334106445,-0.28326043486595154,-0.017975296825170517,-1.0968108177185059,-0.2397100031375885,-0.019133368507027626,-0.8428212404251099,-0.16388757526874542,-0.3312450647354126,-0.843277096748352,-0.19062741100788116,-0.3078072667121887,-1.1420096158981323,-0.27695992588996887,-0.2071477472782135,-0.9481617212295532,-0.2199471890926361,-0.17924535274505615,-0.7631675004959106,-0.14951704442501068
0.0,0.0,0.0,0.37400180101394653,-0.13345465064048767,-0.11056739091873169,0.5950129628181458,-0.49090445041656494,-0.16438165307044983,0.31770333647727966,-0.7405034303665161,-0.21837949752807617,-0.002077243523672223,-0.7177159190177917,-0.24784305691719055,0.45072227716445923,-0.9527373909950256,-0.07320412248373032,0.5736159682273865,-1.3642059564590454,-0.2229551076889038,0.522004246711731,-1.0849956274032593,-0.30670204758644104,0.4301721751689911,-0.8469812273979187,-0.33872541785240173,0.19622838497161865,-0.976203203201294,-0.09231264144182205,0.27098560333251953,-1.4562103748321533,-0.2316407710313797,0.28092527389526367,-1.1287084817886353,-0.26653367280960083,0.2350756675004959,-0.8675480484962463,-0.24918164312839508,-0.04212235286831856,-0.9389474987983704,-0.1322832554578781,-0.04194006696343422,-1.3919190168380737,-0.2567368745803833,0.04169795662164688,-1.0843489170074463,-0.21522802114486694,0.03128959983587265,-0.8388474583625793,-0.14655184745788574,-0.2879728376865387,-0.8530452847480774,-0.1836242973804474,-0.24646800756454468,-1.1434335708618164,-0.256895512342453,-0.1331682652235031,-0.9547114968299866,-0.20090915262699127,-0.11504632234573364,-0.7754689455032349,-0.1367873251438141
0.0,0.0,0.0,0.3732496201992035,-0.12561661005020142,-0.1200166568160057,0.6041853427886963,-0.4824661314487457,-0.1767764687538147,0.3224899172782898,-0.7305424809455872,-0.23139888048171997,-0.003060858231037855,-0.7092456221580505,-0.25990355014801025,0.4586661159992218,-0.9465783834457397,-0.07614278793334961,0.5729235410690308,-1.3507870435714722,-0.22870992124080658,0.5050152540206909,-1.0617737770080566,-0.31267213821411133,0.4118534326553345,-0.8217053413391113,-0.34441688656806946,0.20354188978672028,-0.9748104214668274,-0.09118826687335968,0.2856556177139282,-1.446944236755371,-0.23599490523338318,0.2716488242149353,-1.1187772750854492,-0.27205008268356323,0.2167477309703827,-0.858145534992218,-0.2537093758583069,-0.03478479012846947,-0.9435975551605225,-0.12814803421497345,-0.029664769768714905,-1.3932526111602783,-0.2608427107334137,0.03474314138293266,-1.0772074460983276,-0.218222975730896,0.018189139664173126,-0.8283852338790894,-0.14656029641628265,-0.28195521235466003,-0.864806592464447,-0.1769096553325653,-0.24161532521247864,-1.149388074874878,-0.2579846978187561,-0.1433967798948288,-0.9442964196205139,-0.20122739672660828,-0.13019566237926483,-0.7585815191268921,-0.13452944159507751
0.0,0.0,0.0,0.3876602053642273,-0.10854952782392502,-0.11758356541395187,0.6143473386764526,-0.46105673909187317,-0.17305798828601837,0.3414544463157654,-0.7311571836471558,-0.22814227640628815,0.01801932603120804,-0.7204075455665588,-0.2595270276069641,0.4882044494152069,-0.9368391633033752,-0.08111533522605896,0.6133968234062195,-1.3495711088180542,-0.23102901875972748,0.546502947807312,-1.0760465860366821,-0.31551459431648254,0.4439265727996826,-0.8345300555229187,-0.3483923077583313,0.23517096042633057,-0.9671540856361389,-0.09647534042596817,0.3185409903526306,-1.4422497749328613,-0.23748670518398285,0.3155449330806732,-1.124043583869934,-0.273100882768631,0.26105499267578125,-0.8640901446342468,-0.2567006051540375,-0.004532798193395138,-0.9369125366210938,-0.13307242095470428,0.008086358197033405,-1.3832939863204956,-0.25758588314056396,0.07961151003837585,-1.0808717012405396,-0.2185809165239334,0.05776393786072731,-0.8351595401763916,-0.1529497355222702,-0.2537776529788971,-0.8580403327941895,-0.18210898339748383,-0.20269930362701416,-1.1507269144058228,-0.25800228118896484,-0.09487979859113693,-0.9603642225265503,-0.20552858710289001,-0.0827113538980484,-0.7779750823974609,-0.1444656401872635
0.0,0.0,0.0,0.3801904022693634,-0.10033435374498367,-0.11057465523481369,0.6065579056739807,-0.449185848236084,-0.16279880702495575,0.34648963809013367,-0.7263362407684326,-0.21440844237804413,0.024744579568505287,-0.7112653851509094,-0.23989823460578918,0.4893855154514313,-0.9309641718864441,-0.07308792322874069,0.612560510635376,-1.3194527626037598,-0.22276410460472107,0.5345363020896912,-1.0264571905136108,-0.2993896007537842,0.4334266781806946,-0.7981729507446289,-0.3277473449707031,0.24013306200504303,-0.9660677313804626,-0.09512768685817719,0.3217012286186218,-1.4405654668807983,-0.24074018001556396,0.319228857755661,-1.1014513969421387,-0.2651636302471161,0.27020540833473206,-0.8519808650016785,-0.23794272541999817,0.00360283930785954,-0.9328694343566895,-0.13852088153362274,0.009299535304307938,-1.3656692504882812,-0.2751012444496155,0.08851566165685654,-1.038782000541687,-0.22533577680587769,0.07111144810914993,-0.8054539561271667,-0.14813491702079773,-0.2463066428899765,-0.8493971228599548,-0.1927117258310318,-0.19353903830051422,-1.1349003314971924,-0.27242326736450195,-0.08076483011245728,-0.9232066869735718,-0.21037082374095917,-0.06734538078308105,-0.7436961531639099,-0.14108063280582428
0.0,0.0,0.0,0.3815566599369049,-0.12930193543434143,-0.09213659912347794,0.5969984531402588,-0.4685377776622772,-0.13496525585651398,0.33241620659828186,-0.7367970943450928,-0.18150165677070618,0.02488252893090248,-0.7132738828659058,-0.20711097121238708,0.48348164558410645,-0.9379251003265381,-0.06492173671722412,0.5920867323875427,-1.3434629440307617,-0.1924220621585846,0.5315748453140259,-1.0665960311889648,-0.2626985013484955,0.44521185755729675,-0.8311138153076172,-0.2899131178855896,0.22917506098747253,-0.9694408774375916,-0.0875401720404625,0.3059498071670532,-1.4332911968231201,-0.20004867017269135,0.3052993416786194,-1.1103509664535522,-0.22096297144889832,0.2587657868862152,-0.8545090556144714,-0.20360064506530762,-0.007732032798230648,-0.9371790289878845,-0.12781989574432373,0.002033140743151307,-1.384047269821167,-0.21817579865455627,0.07874181866645813,-1.0849977731704712,-0.16996580362319946,0.0627051368355751,-0.838538646697998,-0.10900769382715225,-0.2540009915828705,-0.8522775173187256,-0.17930223047733307,-0.2152874767780304,-1.1698989868164062,-0.22583356499671936,-0.10010503977537155,-0.9919611215591431,-0.16339397430419922,-0.0782913938164711,-0.8056097030639648,-0.10299672186374664
0.0,0.0,0.0,0.35778868198394775,-0.14366310834884644,-0.10253854095935822,0.5633562207221985,-0.48973673582077026,-0.1521254926919937,0.2837216556072235,-0.7323142886161804,-0.202939972281456,-0.023787375539541245,-0.7297269105911255,-0.2289002537727356,0.44616174697875977,-0.9408599734306335,-0.0640224739909172,0.5635552406311035,-1.3562315702438354,-0.2132076621055603,0.499406635761261,-1.099609613418579,-0.2942909002304077,0.40628039836883545,-0.8651362061500549,-0.3232886493206024,0.179629385471344,-0.9799005389213562,-0.08676515519618988,0.2517330050468445,-1.4696543216705322,-0.21332083642482758,0.24650917947292328,-1.1586809158325195,-0.2383868396282196,0.1984197348356247,-0.9038214683532715,-0.21907445788383484,-0.06407318264245987,-0.9552857279777527,-0.131367027759552,-0.06284887343645096,-1.4033583402633667,-0.24332407116889954,0.004502050578594208,-1.1112351417541504,-0.19580280780792236,-0.007939914241433144,-0.8749728202819824,-0.12777571380138397,-0.31299716234207153,-0.8794337511062622,-0.18729817867279053,-0.298721045255661,-1.182071328163147,-0.24345101416110992,-0.2000628560781479,-1.0135067701339722,-0.17820143699645996,-0.1796826869249344,-0.8453031182289124,-0.11202844232320786
0.0,0.0,0.0,0.3705507218837738,-0.15311315655708313,-0.10952166467905045,0.5791032910346985,-0.49053922295570374,-0.16414611041545868,0.29281795024871826,-0.7329345941543579,-0.2213711142539978,-0.004805328790098429,-0.7700409293174744,-0.2543843388557434,0.48201340436935425,-0.9335013031959534,-0.07125140726566315,0.5962433218955994,-1.3571882247924805,-0.23270148038864136,0.5061460733413696,-1.1039634943008423,-0.32002487778663635,0.42423105239868164,-0.8667589426040649,-0.3511084020137787,0.20630988478660583,-0.9742064476013184,-0.09142214059829712,0.3021133542060852,-1.4726653099060059,-0.24077703058719635,0.2537994086742401,-1.158686637878418,-0.2781852185726166,0.20972949266433716,-0.8892278075218201,-0.2596988081932068,-0.04580168053507805,-0.9544305801391602,-0.13395027816295624,-0.039756353944540024,-1.4248563051223755,-0.2615162134170532,-0.002933541778475046,-1.1303224563598633,-0.2211047112941742,-0.002718559233471751,-0.8740593791007996,-0.1517048329114914,-0.299461305141449,-0.8816935420036316,-0.18770334124565125,-0.2981748878955841,-1.1932660341262817,-0.25648295879364014,-0.2151772826910019,-1.0272161960601807,-0.19877785444259644,-0.1791682243347168,-0.8473824858665466,-0.13234743475914001
0.0,0.0,0.0,0.3584071397781372,-0.16204480826854706,-0.11995050311088562,0.5487487316131592,-0.4930473566055298,-0.18896256387233734,0.2387755960226059,-0.7244312763214111,-0.25886601209640503,-0.06984572857618332,-0.761430025100708,-0.30539098381996155,0.46108701825141907,-0.941135823726654,-0.09367427229881287,0.5618703365325928,-1.3539581298828125,-0.26299774646759033,0.4647209346294403,-1.096692442893982,-0.3547854423522949,0.3799682855606079,-0.8570947647094727,-0.38836291432380676,0.17753317952156067,-0.9776825308799744,-0.1123332530260086,0.25007569789886475,-1.450239896774292,-0.2705712914466858,0.2099204808473587,-1.1381161212921143,-0.31276533007621765,0.17222169041633606,-0.8757478594779968,-0.2972668409347534,-0.07695659250020981,-0.9507420659065247,-0.1532849818468094,-0.08782796561717987,-1.398226022720337,-0.2932719886302948,-0.04207994416356087,-1.1082786321640015,-0.2578972280025482,-0.03649016469717026,-0.8590039014816284,-0.189346581697464,-0.32793501019477844,-0.8689067363739014,-0.2046341747045517,-0.33941924571990967,-1.1740936040878296,-0.2828558683395386,-0.2505388557910919,-1.0038187503814697,-0.2252742350101471,-0.20915517210960388,-0.823550283908844,-0.15599998831748962
0.0,0.0,0.0,0.35241514444351196,-0.1641978770494461,-0.13242760300636292,0.5261262059211731,-0.5069535970687866,-0.20397140085697174,0.20415161550045013,-0.7387564182281494,-0.27626368403434753,-0.10965823382139206,-0.7497003078460693,-0.32369840145111084,0.46101638674736023,-0.9403135180473328,-0.09363196790218353,0.5446438789367676,-1.3603081703186035,-0.2709939181804657,0.433609277009964,-1.0981911420822144,-0.3683437407016754,0.3493398129940033,-0.8578224778175354,-0.40498772263526917,0.17858274281024933,-0.9778727889060974,-0.10896354168653488,0.2508738040924072,-1.453263759613037,-0.27959755063056946,0.19537456333637238,-1.123773217201233,-0.3258996307849884,0.1603742241859436,-0.8570118546485901,-0.3079898953437805,-0.07955025136470795,-0.9539809226989746,-0.14862772822380066,-0.08638595044612885,-1.4145536422729492,-0.29700860381126404,-0.054082270711660385,-1.0936522483825684,-0.2580007016658783,-0.048577338457107544,-0.8301236629486084,-0.18274196982383728,-0.33506354689598083,-0.8717549443244934,-0.20082320272922516,-0.3413242995738983,-1.1763917207717896,-0.2870037257671356,-0.2609572112560272,-0.9911283850669861,-0.2304425984621048,-0.2226867377758026,-0.8025016188621521,-0.1589304357767105
0.0,0.0,0.0,0.35608339309692383,-0.15616679191589355,-0.13192051649093628,0.5375516414642334,-0.5001046657562256,-0.20022501051425934,0.2225758135318756,-0.7413067817687988,-0.267669677734375,-0.0900004580616951,-0.767900824546814,-0.3090730309486389,0.4590591490268707,-0.9386200904846191,-0.0870337039232254,0.5384169816970825,-1.3434138298034668,-0.2579951584339142,0.43591874837875366,-1.0756977796554565,-0.34996122121810913,0.3637341856956482,-0.8496128916740417,-0.38544905185699463,0.18259930610656738,-0.9779844880104065,-0.10101372003555298,0.25216904282569885,-1.4362165927886963,-0.26920726895332336,0.2026677131652832,-1.1034988164901733,-0.31397250294685364,0.17230476438999176,-0.8531190156936646,-0.2954190969467163,-0.07003451138734818,-0.9549196362495422,-0.13910207152366638,-0.08333778381347656,-1.3992934226989746,-0.2912532687187195,-0.04663819447159767,-1.0757426023483276,-0.25438210368156433,-0.038057371973991394,-0.8242168426513672,-0.18024097383022308,-0.3202199637889862,-0.8698235154151917,-0.18863371014595032,-0.32747265696525574,-1.1589171886444092,-0.2813185453414917,-0.2449026107788086,-0.9633484482765198,-0.22870729863643646,-0.20272433757781982,-0.7779659032821655,-0.15915396809577942
0.0,0.0,0.0,0.3498559594154358,-0.15463705360889435,-0.12485335767269135,0.5351996421813965,-0.49665921926498413,-0.1873427778482437,0.22321955859661102,-0.7356505990028381,-0.24931134283542633,-0.08279874920845032,-0.7695274353027344,-0.28530994057655334,0.4606679677963257,-0.9355926513671875,-0.0813203826546669,0.5446382164955139,-1.3413035869598389,-0.24677586555480957,0.44293639063835144,-1.077033281326294,-0.3330509066581726,0.37308910489082336,-0.8570981025695801,-0.3658369779586792,0.1862037032842636,-0.9776723980903625,-0.097390316426754,0.25933197140693665,-1.4431880712509155,-0.25920942425727844,0.20552092790603638,-1.1074312925338745,-0.29608380794525146,0.1792985498905182,-0.8607035875320435,-0.27326521277427673,-0.0640890821814537,-0.9525774121284485,-0.13699708878993988,-0.07358822971582413,-1.3956559896469116,-0.28257688879966736,-0.04174191877245903,-1.0755000114440918,-0.2377738207578659,-0.031780876219272614,-0.8329903483390808,-0.1601310670375824,-0.317660927772522,-0.8665458559989929,-0.18784846365451813,-0.3180472254753113,-1.1557228565216064,-0.27310097217559814,-0.2368248850107193,-0.9647112488746643,-0.2136056125164032,-0.19387999176979065,-0.7877199649810791,-0.1408720314502716
0.0,0.0,0.0,0.36111682653427124,-0.15004852414131165,-0.13114070892333984,0.5580204129219055,-0.49775710701942444,-0.19735337793827057,0.24664311110973358,-0.7430795431137085,-0.2633461058139801,-0.07215375453233719,-0.7643758058547974,-0.30277886986732483,0.4606188237667084,-0.9393835067749023,-0.08351202309131622,0.560658872127533,-1.3544126749038696,-0.2551928460597992,0.4667137563228607,-1.0876553058624268,-0.3485608696937561,0.38417762517929077,-0.851742148399353,-0.38337162137031555,0.18853242695331573,-0.9771089553833008,-0.09855735301971436,0.2682991921901703,-1.4613020420074463,-0.2655482888221741,0.22179704904556274,-1.1353728771209717,-0.3104676306247711,0.18602488934993744,-0.8728864789009094,-0.2912234961986542,-0.06059014052152634,-0.9521004557609558,-0.13815900683403015,-0.06715650111436844,-1.4096450805664062,-0.2850193679332733,-0.02929764613509178,-1.101660966873169,-0.24827569723129272,-0.023890774697065353,-0.8479810357093811,-0.17447642982006073,-0.31107297539711,-0.8720000386238098,-0.1902511864900589,-0.30926987528800964,-1.1672693490982056,-0.27577510476112366,-0.22188767790794373,-0.9887216687202454,-0.2228498011827469,-0.18034566938877106,-0.8078237175941467,-0.15444129705429077
0.0,0.0,0.0,0.35516083240509033,-0.14766742289066315,-0.12447597831487656,0.5512204766273499,-0.4825930595397949,-0.19020162522792816,0.24597512185573578,-0.7277872562408447,-0.25635701417922974,-0.06967414915561676,-0.7423537373542786,-0.29667097330093384,0.46801885962486267,-0.9345664978027344,-0.08530929684638977,0.5598117113113403,-1.3297616243362427,-0.25401949882507324,0.47214508056640625,-1.0534874200820923,-0.34293508529663086,0.3983107805252075,-0.8295255303382874,-0.376285582780838,0.1973697990179062,-0.9748965501785278,-0.1030631959438324,0.2782978415489197,-1.4324580430984497,-0.2649116516113281,0.23846697807312012,-1.0950688123703003,-0.30264756083488464,0.20256175100803375,-0.8462449312210083,-0.2813996970653534,-0.05082084983587265,-0.9496554732322693,-0.1440976858139038,-0.056878697127103806,-1.3893052339553833,-0.2861519455909729,-0.014511333778500557,-1.0678483247756958,-0.24067437648773193,-0.012159036472439766,-0.8217368721961975,-0.1637994796037674,-0.3027755618095398,-0.8654215931892395,-0.1968393176794052,-0.30416083335876465,-1.1566591262817383,-0.27720504999160767,-0.21457462012767792,-0.9672448635101318,-0.21674013137817383,-0.17572692036628723,-0.7856130003929138,-0.1445424109697342
0.0,0.0,0.0,0.3709094524383545,-0.1477741301059723,-0.12666890025138855,0.5780652761459351,-0.4909660816192627,-0.19123545289039612,0.26974037289619446,-0.7474315166473389,-0.2561189830303192,-0.049142420291900635,-0.7798547148704529,-0.29384928941726685,0.4763573408126831,-0.9332798719406128,-0.08584532141685486,0.5883585214614868,-1.3498374223709106,-0.2577791213989258,0.4992416203022003,-1.0708094835281372,-0.34735289216041565,0.41623979806900024,-0.8340440392494202,-0.3784693777561188,0.20066116750240326,-0.9744173288345337,-0.10122249275445938,0.2936128079891205,-1.4559342861175537,-0.26434940099716187,0.2520482540130615,-1.116493821144104,-0.30377641320228577,0.20977938175201416,-0.856571614742279,-0.28274816274642944,-0.053357984870672226,-0.9555792212486267,-0.1405501663684845,-0.04770522937178612,-1.419281005859375,-0.28570282459259033,-0.004394780844449997,-1.0980294942855835,-0.2443820983171463,-0.008194793947041035,-0.8403710722923279,-0.16913597285747528,-0.31091228127479553,-0.8816562294960022,-0.19149450957775116,-0.2992500364780426,-1.185361385345459,-0.27586814761161804,-0.2068171203136444,-0.995107114315033,-0.219496950507164,-0.17351973056793213,-0.8046680092811584,-0.14928139746189117
0.0,0.0,0.0,0.35772842168807983,-0.14438092708587646,-0.1218983381986618,0.5631157755851746,-0.48552262783050537,-0.18432645499706268,0.26056116819381714,-0.7382501363754272,-0.24687935411930084,-0.052466828376054764,-0.7666035294532776,-0.28227195143699646,0.4658055603504181,-0.9347848296165466,-0.08352789282798767,0.5693743228912354,-1.3425496816635132,-0.2532624304294586,0.4890905022621155,-1.059950590133667,-0.34197965264320374,0.4111701548099518,-0.830679714679718,-0.37385398149490356,0.19222652912139893,-0.9760431051254272,-0.10192576050758362,0.2802336513996124,-1.4486727714538574,-0.26226991415023804,0.2476358860731125,-1.1066032648086548,-0.30071452260017395,0.2071515917778015,-0.8541682958602905,-0.28023838996887207,-0.0585445798933506,-0.9546651244163513,-0.1434617042541504,-0.06320087611675262,-1.4048123359680176,-0.2856672406196594,-0.012092158198356628,-1.080151915550232,-0.24102050065994263,-0.01249483972787857,-0.8323291540145874,-0.1651536077260971,-0.31342631578445435,-0.8750139474868774,-0.19623355567455292,-0.31070059537887573,-1.1723322868347168,-0.2772686779499054,-0.21567490696907043,-0.9768260717391968,-0.2162981629371643,-0.18015775084495544,-0.7920916676521301,-0.14407981932163239
