feature_0,feature_1,feature_2,feature_3,feature_4,feature_5,feature_6,feature_7,feature_8,feature_9,feature_10,feature_11,feature_12,feature_13,feature_14,feature_15,feature_16,feature_17,feature_18,feature_19,feature_20,feature_21,feature_22,feature_23,feature_24,feature_25,feature_26,feature_27,feature_28,feature_29,feature_30,feature_31,feature_32,feature_33,feature_34,feature_35,feature_36,feature_37,feature_38,feature_39,feature_40,feature_41,feature_42,feature_43,feature_44,feature_45,feature_46,feature_47,feature_48,feature_49,feature_50,feature_51,feature_52,feature_53,feature_54,feature_55,feature_56,feature_57,feature_58,feature_59,feature_60,feature_61,feature_62
0.0,0.0,0.0,-0.07702183723449707,-0.3858247399330139,-0.20421868562698364,-0.3916008174419403,-0.6289393901824951,-0.2607346475124359,-0.7303581833839417,-0.6338127851486206,-0.3115536570549011,-0.999607264995575,-0.5736408829689026,-0.3480348289012909,-0.7426364421844482,-0.7764902114868164,-0.08235092461109161,-1.1461714506149292,-0.9134973883628845,-0.22564350068569183,-1.413348913192749,-0.9566654562950134,-0.31534966826438904,-1.6534041166305542,-0.9909233450889587,-0.3669638931751251,-0.832190215587616,-0.5478110313415527,-0.08580498397350311,-1.2764087915420532,-0.7127389311790466,-0.2859625816345215,-1.5800312757492065,-0.7893978357315063,-0.40106871724128723,-1.835953712463379,-0.8587340116500854,-0.44217100739479065,-0.8276010751724243,-0.29017290472984314,-0.11897239834070206,-1.0627003908157349,-0.29603251814842224,-0.4326477348804474,-0.7422041296958923,-0.2432330697774887,-0.47991231083869934,-0.5069826245307922,-0.22963988780975342,-0.41099095344543457,-0.7698692083358765,-0.01633532904088497,-0.16353976726531982,-0.926121175289154,-0.049479641020298004,-0.4229333996772766,-0.6666553616523743,-0.03246302902698517,-0.431946724653244,-0.47731709480285645,-0.038545895367860794,-0.37158533930778503
0.0,0.0,0.0,-0.07871437072753906,-0.40413740277290344,-0.18515972793102264,-0.40791410207748413,-0.6542976498603821,-0.2244684100151062,-0.7591259479522705,-0.6545900702476501,-0.26276880502700806,-1.016454815864563,-0.5779612064361572,-0.29018285870552063,-0.7380172610282898,-0.7894240021705627,-0.047322552651166916,-1.1525630950927734,-0.9361422061920166,-0.17481127381324768,-1.4246485233306885,-0.9829691052436829,-0.2587500214576721,-1.6661949157714844,-1.0179858207702637,-0.30694231390953064,-0.8268269300460815,-0.5596882700920105,-0.05573416128754616,-1.2900679111480713,-0.732903778553009,-0.23097749054431915,-1.6113070249557495,-0.818194568157196,-0.3386463224887848,-1.876983642578125,-0.8913593292236328,-0.37758350372314453,-0.8226811289787292,-0.3028319478034973,-0.0939718559384346,-1.0700490474700928,-0.308246910572052,-0.39162513613700867,-0.7589510679244995,-0.25838690996170044,-0.44493597745895386,-0.5195968151092529,-0.23977109789848328,-0.3816186785697937,-0.765696108341217,-0.027732256799936295,-0.14214353263378143,-0.9382373094558716,-0.06473073363304138,-0.3898695409297943,-0.6888487339019775,-0.04392305761575699,-0.39817991852760315,-0.49181175231933594,-0.03952067345380783,-0.3393319845199585
0.0,0.0,0.0,-0.07735884189605713,-0.39633259177207947,-0.20441171526908875,-0.39474889636039734,-0.6344154477119446,-0.25751993060112,-0.7246178388595581,-0.6407995223999023,-0.30497896671295166,-0.983553946018219,-0.5752778649330139,-0.33813610672950745,-0.7620238661766052,-0.7630417346954346,-0.07506779581308365,-1.1609649658203125,-0.890538215637207,-0.21642594039440155,-1.4332208633422852,-0.9281590580940247,-0.3058597445487976,-1.6763005256652832,-0.9571931958198547,-0.3568107485771179,-0.8444791436195374,-0.52972412109375,-0.07903943210840225,-1.2957066297531128,-0.6908107995986938,-0.28021952509880066,-1.6092184782028198,-0.7717622518539429,-0.4004526138305664,-1.870430827140808,-0.8451923727989197,-0.4445747137069702,-0.8301293253898621,-0.2692568600177765,-0.11264509707689285,-1.06050705909729,-0.28150618076324463,-0.42734163999557495,-0.7454055547714233,-0.24050304293632507,-0.47974011301994324,-0.5092204213142395,-0.23388591408729553,-0.41248467564582825,-0.7639440894126892,0.004029890056699514,-0.1576937437057495,-0.9241586327552795,-0.03548850119113922,-0.4140509366989136,-0.6696044206619263,-0.031164031475782394,-0.42393842339515686,-0.4810475707054138,-0.04475501924753189,-0.36425668001174927
0.0,0.0,0.0,-0.07167714089155197,-0.33895206451416016,-0.20674645900726318,-0.3663056194782257,-0.5431486368179321,-0.2659219801425934,-0.665703296661377,-0.5531188249588013,-0.3194418251514435,-0.8994174599647522,-0.489849716424942,-0.36143386363983154,-0.7876013517379761,-0.6954278945922852,-0.12318341434001923,-1.2023762464523315,-0.7840901613235474,-0.2834620177745819,-1.4827762842178345,-0.8018651008605957,-0.3795999586582184,-1.732713222503662,-0.7964475154876709,-0.4259715974330902,-0.8793141841888428,-0.4594064950942993,-0.12550784647464752,-1.3461605310440063,-0.5622555017471313,-0.31417879462242126,-1.6750881671905518,-0.5931645035743713,-0.4141821265220642,-1.9381933212280273,-0.6108604073524475,-0.4379330575466156,-0.8614487648010254,-0.20516033470630646,-0.15761052072048187,-0.9908544421195984,-0.1570659577846527,-0.4448142647743225,-0.690293550491333,-0.14415132999420166,-0.5003063678741455,-0.452359676361084,-0.16117657721042633,-0.43661996722221375,-0.7814372181892395,0.053604885935783386,-0.20404291152954102,-0.8290681838989258,0.06479723006486893,-0.4300510585308075,-0.5917931199073792,0.04940078780055046,-0.44279587268829346,-0.4045904874801636,0.010403523221611977,-0.38536423444747925
0.0,0.0,0.0,-0.09286881238222122,-0.34862568974494934,-0.2472570389509201,-0.41493839025497437,-0.5242118239402771,-0.31614887714385986,-0.7318630814552307,-0.45875945687294006,-0.36915144324302673,-0.9627053737640381,-0.35964465141296387,-0.40640708804130554,-0.8558116555213928,-0.6323224902153015,-0.15331771969795227,-1.3042048215866089,-0.6764233708381653,-0.3150399327278137,-1.591422438621521,-0.6674135327339172,-0.40836262702941895,-1.8414992094039917,-0.6441212892532349,-0.45135074853897095,-0.9134342670440674,-0.3838493525981903,-0.13526788353919983,-1.3990674018859863,-0.42888695001602173,-0.32949307560920715,-1.7347087860107422,-0.43775540590286255,-0.4324781894683838,-1.9982225894927979,-0.4437929391860962,-0.4562474191188812,-0.863196611404419,-0.13581715524196625,-0.15079621970653534,-0.9746096730232239,-0.0560569241642952,-0.4564815163612366,-0.6627129316329956,-0.06302790343761444,-0.5253965258598328,-0.4302244484424591,-0.10447916388511658,-0.4632909297943115,-0.7610928416252136,0.10625428706407547,-0.181826651096344,-0.8248647451400757,0.1431761234998703,-0.4246973991394043,-0.578987717628479,0.11998489499092102,-0.4458041489124298,-0.3972720801830292,0.06716352701187134,-0.39075642824172974
0.0,0.0,0.0,-0.07561270892620087,-0.33463630080223083,-0.24371376633644104,-0.3761897087097168,-0.5253961682319641,-0.3176390826702118,-0.6811214685440063,-0.48245924711227417,-0.3764696419239044,-0.9217281341552734,-0.41376540064811707,-0.419842004776001,-0.8392004370689392,-0.6485224366188049,-0.15855209529399872,-1.27249014377594,-0.7042877078056335,-0.32340386509895325,-1.5540745258331299,-0.697605550289154,-0.4172455668449402,-1.8017592430114746,-0.6811022162437439,-0.45925959944725037,-0.9034688472747803,-0.4051283895969391,-0.14005397260189056,-1.372995138168335,-0.464791476726532,-0.34144800901412964,-1.7031065225601196,-0.4804859161376953,-0.4463907480239868,-1.9660974740982056,-0.4991005063056946,-0.46922028064727783,-0.8628519177436829,-0.15904349088668823,-0.15334799885749817,-0.9720668792724609,-0.08618514984846115,-0.4629899561405182,-0.6572473049163818,-0.07589314132928848,-0.5262100100517273,-0.4229928255081177,-0.10886569321155548,-0.45850086212158203,-0.7709909081459045,0.08328152447938919,-0.18132618069648743,-0.8384936451911926,0.11478468030691147,-0.42475321888923645,-0.583849310874939,0.10603126138448715,-0.4385617673397064,-0.39642781019210815,0.05968214198946953,-0.3757180869579315
0.0,0.0,0.0,-0.06308809667825699,-0.3530929982662201,-0.24182096123695374,-0.3745380640029907,-0.551604688167572,-0.3117946684360504,-0.7017523050308228,-0.49310868978500366,-0.3676115572452545,-0.940824031829834,-0.38178586959838867,-0.4082268178462982,-0.8112492561340332,-0.680605947971344,-0.15476569533348083,-1.2471956014633179,-0.7519755959510803,-0.3229391872882843,-1.527570128440857,-0.7552181482315063,-0.4161913990974426,-1.7780697345733643,-0.7445132732391357,-0.4564210772514343,-0.8891485333442688,-0.43668586015701294,-0.13682253658771515,-1.349904179573059,-0.5174331665039062,-0.3408530652523041,-1.6765321493148804,-0.5528812408447266,-0.4459145963191986,-1.9385318756103516,-0.5805662274360657,-0.46749216318130493,-0.8645973205566406,-0.19027096033096313,-0.15152756869792938,-0.9324724078178406,-0.10593897104263306,-0.4615691304206848,-0.6145082712173462,-0.0995645672082901,-0.5326387882232666,-0.37649956345558167,-0.13040146231651306,-0.4686219394207001,-0.789189875125885,0.05170532315969467,-0.18169991672039032,-0.8089215159416199,0.09207221865653992,-0.4190039336681366,-0.5566589832305908,0.08301325887441635,-0.4398810863494873,-0.37125882506370544,0.043414946645498276,-0.3839457631111145
0.0,0.0,0.0,-0.044860612601041794,-0.35929492115974426,-0.2332034707069397,-0.3607579469680786,-0.576789140701294,-0.2917875349521637,-0.689193606376648,-0.5051658749580383,-0.3351742923259735,-0.9158236980438232,-0.3723139464855194,-0.36448776721954346,-0.7910236716270447,-0.7139536142349243,-0.1289130598306656,-1.1838897466659546,-0.7882850766181946,-0.27975380420684814,-1.4413213729858398,-0.795925498008728,-0.36805999279022217,-1.6720281839370728,-0.7910962104797363,-0.4103738069534302,-0.8712185025215149,-0.47794240713119507,-0.11202408373355865,-1.2694792747497559,-0.5689283013343811,-0.30466723442077637,-1.567503809928894,-0.6110829710960388,-0.4100777506828308,-1.807253360748291,-0.6389597058296204,-0.436389297246933,-0.8533847332000732,-0.2327153980731964,-0.12890313565731049,-0.9125704765319824,-0.14400820434093475,-0.4410104751586914,-0.5847479701042175,-0.11562447249889374,-0.5245504379272461,-0.34963491559028625,-0.13066734373569489,-0.4719124734401703,-0.7936885952949524,0.011486891657114029,-0.1597132682800293,-0.7955551147460938,0.05085699260234833,-0.41414085030555725,-0.5396685600280762,0.057226382195949554,-0.45622676610946655,-0.36066824197769165,0.024422291666269302,-0.41698190569877625
0.0,0.0,0.0,-0.020685533061623573,-0.33179065585136414,-0.24318242073059082,-0.3264979422092438,-0.5617900490760803,-0.3044644892215729,-0.670203447341919,-0.5193044543266296,-0.3462768793106079,-0.9145480394363403,-0.38354402780532837,-0.37389466166496277,-0.7475207448005676,-0.7294716835021973,-0.15631595253944397,-1.166152000427246,-0.8185663819313049,-0.3040466010570526,-1.4292255640029907,-0.8338980078697205,-0.38079702854156494,-1.668322205543518,-0.836359441280365,-0.41228845715522766,-0.8575434684753418,-0.4983867406845093,-0.12739624083042145,-1.2680145502090454,-0.5932891368865967,-0.3140258491039276,-1.5673805475234985,-0.6456153392791748,-0.40559491515159607,-1.8090333938598633,-0.6789082288742065,-0.41867953538894653,-0.8705316185951233,-0.25966861844062805,-0.1310366541147232,-0.9043463468551636,-0.138833150267601,-0.43003806471824646,-0.5728766322135925,-0.10934828966856003,-0.5063830614089966,-0.3312937319278717,-0.12359265238046646,-0.44820746779441833,-0.8389459252357483,-0.023214636370539665,-0.15037871897220612,-0.7924538850784302,0.050506841391325,-0.3913680613040924,-0.5293156504631042,0.06463376432657242,-0.4329880475997925,-0.3485342562198639,0.03347368165850639,-0.39253729581832886
0.0,0.0,0.0,-0.023217787966132164,-0.32155123353004456,-0.24520909786224365,-0.31421107053756714,-0.5499267578125,-0.30890583992004395,-0.6510892510414124,-0.5130496621131897,-0.3526713252067566,-0.9004414677619934,-0.37437379360198975,-0.38130858540534973,-0.7477494478225708,-0.7172450423240662,-0.14866602420806885,-1.154446005821228,-0.8053027391433716,-0.29342538118362427,-1.4092048406600952,-0.8240413665771484,-0.3681209087371826,-1.6426384449005127,-0.8288787603378296,-0.39895543456077576,-0.8614405393600464,-0.4940871000289917,-0.11746545881032944,-1.2534606456756592,-0.581812858581543,-0.3014606237411499,-1.5378575325012207,-0.6278013586997986,-0.3915429711341858,-1.7707839012145996,-0.6553383469581604,-0.4034486711025238,-0.8767600059509277,-0.25955989956855774,-0.11992096155881882,-0.8917586803436279,-0.12922850251197815,-0.4129841923713684,-0.5689660310745239,-0.10159453749656677,-0.4908115267753601,-0.33839648962020874,-0.11894508451223373,-0.43579939007759094,-0.845992386341095,-0.025564221665263176,-0.13923215866088867,-0.7646400928497314,0.05955427139997482,-0.3743169903755188,-0.5067299008369446,0.06689073890447617,-0.4221615493297577,-0.33502909541130066,0.02635718695819378,-0.38785549998283386
0.0,0.0,0.0,-0.015215766616165638,-0.32216566801071167,-0.23958955705165863,-0.29868555068969727,-0.5625901222229004,-0.3010174334049225,-0.6303341388702393,-0.5257092714309692,-0.3430421054363251,-0.8823685050010681,-0.4059905707836151,-0.37199142575263977,-0.7366329431533813,-0.7288697361946106,-0.14575964212417603,-1.1341073513031006,-0.8248257637023926,-0.2890506386756897,-1.3893626928329468,-0.8540512919425964,-0.3660981357097626,-1.6229735612869263,-0.8658739328384399,-0.39812204241752625,-0.8524482250213623,-0.5100691914558411,-0.11472336202859879,-1.2466516494750977,-0.6044896245002747,-0.29163306951522827,-1.530933141708374,-0.6611592769622803,-0.3809790015220642,-1.7648301124572754,-0.7011407017707825,-0.39320412278175354,-0.8717498779296875,-0.27970147132873535,-0.11631565541028976,-0.8986417055130005,-0.1533692628145218,-0.39983102679252625,-0.5921579003334045,-0.11262074112892151,-0.478175550699234,-0.37164825201034546,-0.12074939906597137,-0.42565038800239563,-0.8442357182502747,-0.05143585056066513,-0.13379929959774017,-0.79173344373703,0.034800413995981216,-0.36114972829818726,-0.5354156494140625,0.05582491680979729,-0.40295320749282837,-0.35692355036735535,0.02382308803498745,-0.36435678601264954
0.0,0.0,0.0,-0.009338435716927052,-0.35573768615722656,-0.2683635950088501,-0.28752371668815613,-0.5957769155502319,-0.34167322516441345,-0.6296639442443848,-0.5561749935150146,-0.39145737886428833,-0.9034823179244995,-0.4641452729701996,-0.42640596628189087,-0.714566707611084,-0.7707081437110901,-0.15478841960430145,-1.1156020164489746,-0.8733312487602234,-0.3143794536590576,-1.3774387836456299,-0.9064555168151855,-0.40379297733306885,-1.6163818836212158,-0.9276425838470459,-0.4436676800251007,-0.8317601680755615,-0.5434277057647705,-0.11340820789337158,-1.2423744201660156,-0.6480354070663452,-0.3122939467430115,-1.530084252357483,-0.7097467184066772,-0.41194725036621094,-1.7681338787078857,-0.7606456875801086,-0.4267248511314392,-0.8515492081642151,-0.30331477522850037,-0.10929616540670395,-0.9068403244018555,-0.17147526144981384,-0.4254125654697418,-0.5804224610328674,-0.1304917335510254,-0.5086461901664734,-0.3460312783718109,-0.14258790016174316,-0.4503142237663269,-0.825981080532074,-0.06443872302770615,-0.12194786220788956,-0.8015052676200867,0.02980712801218033,-0.37930765748023987,-0.530171275138855,0.05676228180527687,-0.42629894614219666,-0.34283241629600525,0.022498277947306633,-0.3851329982280731
0.0,0.0,0.0,-0.0234362855553627,-0.3471750020980835,-0.25384676456451416,-0.3110646903514862,-0.602702796459198,-0.33132001757621765,-0.6500406861305237,-0.5651612281799316,-0.38798558712005615,-0.9118650555610657,-0.4484221637248993,-0.4306311309337616,-0.7183697819709778,-0.766817033290863,-0.15962737798690796,-1.1100274324417114,-0.8740734457969666,-0.32240888476371765,-1.3659019470214844,-0.9075260758399963,-0.4151456356048584,-1.600241780281067,-0.9300639629364014,-0.4590633809566498,-0.8320969343185425,-0.5389418005943298,-0.1309821903705597,-1.2249507904052734,-0.6505790948867798,-0.3390175402164459,-1.510825276374817,-0.7173221111297607,-0.44427725672721863,-1.7512761354446411,-0.7747111916542053,-0.46494290232658386,-0.8528324961662292,-0.2945302724838257,-0.13639302551746368,-0.9084640145301819,-0.18917103111743927,-0.4561798870563507,-0.57669997215271,-0.14473514258861542,-0.5288261771202087,-0.339517742395401,-0.15136834979057312,-0.46502789855003357,-0.828940212726593,-0.048320502042770386,-0.15763449668884277,-0.8062286376953125,0.021447692066431046,-0.4128870368003845,-0.5384724736213684,0.049577366560697556,-0.4480212926864624,-0.3571538031101227,0.0263631884008646,-0.3999802768230438
0.0,0.0,0.0,-0.028803588822484016,-0.36424148082733154,-0.2511388063430786,-0.32305917143821716,-0.6206116080284119,-0.32466086745262146,-0.6619462966918945,-0.594486653804779,-0.38012197613716125,-0.907837450504303,-0.47724446654319763,-0.4225352704524994,-0.7121655344963074,-0.7864180207252502,-0.1503153145313263,-1.1129931211471558,-0.9026129245758057,-0.3149838447570801,-1.3755542039871216,-0.9421901106834412,-0.4097060263156891,-1.6128515005111694,-0.9716888070106506,-0.45647740364074707,-0.8199692368507385,-0.5582180023193359,-0.12666106224060059,-1.2334725856781006,-0.6705959439277649,-0.33587881922721863,-1.5273374319076538,-0.7417667508125305,-0.44455787539482117,-1.7710415124893188,-0.805347740650177,-0.46936526894569397,-0.8325873613357544,-0.3097377419471741,-0.13789938390254974,-0.9029183387756348,-0.2172544151544571,-0.4621334969997406,-0.5762713551521301,-0.17092181742191315,-0.5385081171989441,-0.3389924168586731,-0.17387722432613373,-0.4770858883857727,-0.7988138794898987,-0.05680609494447708,-0.16487835347652435,-0.7952743768692017,0.0014544904697686434,-0.4238198399543762,-0.5340962409973145,0.031495802104473114,-0.4603811800479889,-0.35149869322776794,0.012285491451621056,-0.41411012411117554
0.0,0.0,0.0,-0.03012169897556305,-0.36010968685150146,-0.2754365801811218,-0.3343292474746704,-0.6051217317581177,-0.36731284856796265,-0.6807256937026978,-0.5794636011123657,-0.4376632869243622,-0.9456709027290344,-0.4628918170928955,-0.49247968196868896,-0.7324481010437012,-0.7679629325866699,-0.17821837961673737,-1.1287994384765625,-0.8827723860740662,-0.358258992433548,-1.3911187648773193,-0.9186432957649231,-0.46513429284095764,-1.6336065530776978,-0.9467185735702515,-0.5238208174705505,-0.8324053883552551,-0.532639741897583,-0.15295781195163727,-1.243160605430603,-0.661414384841919,-0.39340290427207947,-1.5456781387329102,-0.7309026718139648,-0.5200932621955872,-1.8030418157577515,-0.7910276055335999,-0.5584718585014343,-0.8325040340423584,-0.27499809861183167,-0.16358600556850433,-0.9432108402252197,-0.22071373462677002,-0.5192239880561829,-0.6040779948234558,-0.18128786981105804,-0.5920782089233398,-0.3651757836341858,-0.18868839740753174,-0.5260992050170898,-0.7856982350349426,-0.016908520832657814,-0.1914418339729309,-0.8032553791999817,0.008307868614792824,-0.48068690299987793,-0.5332375168800354,0.022819429636001587,-0.5217285752296448,-0.3562198281288147,-0.003980652429163456,-0.47685182094573975
0.0,0.0,0.0,-0.029382003471255302,-0.3441580533981323,-0.24718251824378967,-0.33807840943336487,-0.5955960750579834,-0.32237380743026733,-0.6890597939491272,-0.5768290758132935,-0.3801111876964569,-0.9479793906211853,-0.44473797082901,-0.42485731840133667,-0.7370611429214478,-0.75676029920578,-0.1564348042011261,-1.1346458196640015,-0.8686224222183228,-0.3222987651824951,-1.3984439373016357,-0.9009740352630615,-0.4184149503707886,-1.6422724723815918,-0.9223310947418213,-0.4691142737865448,-0.8400819301605225,-0.5239809155464172,-0.14037953317165375,-1.2662907838821411,-0.6547930240631104,-0.3603155314922333,-1.5652769804000854,-0.7223967909812927,-0.47592490911483765,-1.8213337659835815,-0.7817857265472412,-0.5074488520622253,-0.8398368954658508,-0.2689741551876068,-0.15582948923110962,-0.9477002620697021,-0.21706484258174896,-0.4906368553638458,-0.6105209589004517,-0.1794261783361435,-0.5556140542030334,-0.3747176229953766,-0.18695412576198578,-0.4869937002658844,-0.7907024621963501,-0.008004151284694672,-0.18597754836082458,-0.816988468170166,0.009153231047093868,-0.45437610149383545,-0.5486626029014587,0.017908718436956406,-0.4817017912864685,-0.37096238136291504,-0.009170746430754662,-0.4289205074310303
0.0,0.0,0.0,-0.03101401776075363,-0.342691034078598,-0.2547067403793335,-0.3342958092689514,-0.5998799204826355,-0.3414458930492401,-0.6883134841918945,-0.5738077759742737,-0.408377081155777,-0.9509748220443726,-0.44654253125190735,-0.46090346574783325,-0.7418167591094971,-0.7570896148681641,-0.1789652407169342,-1.1441690921783447,-0.8692284226417542,-0.3493652939796448,-1.410149335861206,-0.8981806039810181,-0.4466589093208313,-1.6544281244277954,-0.9201162457466125,-0.49914056062698364,-0.8385113477706909,-0.5197504758834839,-0.1635795533657074,-1.257103681564331,-0.6546662449836731,-0.38945040106773376,-1.5592397451400757,-0.7225749492645264,-0.507327139377594,-1.820252776145935,-0.7833502292633057,-0.5427149534225464,-0.8326621055603027,-0.2615435719490051,-0.17896054685115814,-0.9584487080574036,-0.21598868072032928,-0.5195374488830566,-0.6177240610122681,-0.18033136427402496,-0.5823153853416443,-0.376789927482605,-0.18822535872459412,-0.5136421918869019,-0.7776201367378235,0.0003856571565847844,-0.2090701460838318,-0.8200836181640625,0.01625601015985012,-0.48569920659065247,-0.5498665571212769,0.024232910946011543,-0.5129765272140503,-0.3689334988594055,-0.0001505622931290418,-0.45999613404273987
0.0,0.0,0.0,-0.03355434164404869,-0.346392422914505,-0.24769197404384613,-0.3388017416000366,-0.5937500596046448,-0.33507096767425537,-0.6889488101005554,-0.5661494731903076,-0.40476346015930176,-0.9503637552261353,-0.4462713599205017,-0.46073347330093384,-0.7502834796905518,-0.7503091096878052,-0.18081679940223694,-1.157545804977417,-0.8622850179672241,-0.3544498085975647,-1.4273837804794312,-0.8931020498275757,-0.4532560706138611,-1.6717666387557983,-0.9160601496696472,-0.5057195425033569,-0.8439479470252991,-0.5079990029335022,-0.17230422794818878,-1.279125452041626,-0.6427572965621948,-0.400277704000473,-1.5864025354385376,-0.7075321674346924,-0.5161057710647583,-1.8461952209472656,-0.7659196853637695,-0.5491535663604736,-0.8321440815925598,-0.24586737155914307,-0.1937076300382614,-0.9672247767448425,-0.2093675583600998,-0.535619854927063,-0.6260870099067688,-0.16943863034248352,-0.5912372469902039,-0.38295671343803406,-0.1744861900806427,-0.516976535320282,-0.769421398639679,0.021320674568414688,-0.22912468016147614,-0.8350110650062561,0.029293818399310112,-0.5024515390396118,-0.5657078623771667,0.04051016643643379,-0.5188205242156982,-0.3827124238014221,0.019868934527039528,-0.4580034613609314
0.0,0.0,0.0,-0.04121775180101395,-0.36353665590286255,-0.3106822371482849,-0.35775405168533325,-0.5972288846969604,-0.416251003742218,-0.697421133518219,-0.5699144601821899,-0.49155622720718384,-0.9575303792953491,-0.4553866982460022,-0.5502217411994934,-0.7469890713691711,-0.7608893513679504,-0.2246837168931961,-1.1613057851791382,-0.8629221320152283,-0.42106106877326965,-1.4363231658935547,-0.8885658979415894,-0.5397133231163025,-1.6861070394515991,-0.9070330262184143,-0.6058467030525208,-0.8350310921669006,-0.5177165865898132,-0.186259463429451,-1.2664778232574463,-0.6402215361595154,-0.44748857617378235,-1.5907448530197144,-0.6970741748809814,-0.5850588083267212,-1.8594552278518677,-0.7441411018371582,-0.6295171976089478,-0.8255869746208191,-0.2565562129020691,-0.186335951089859,-0.9621396064758301,-0.20174065232276917,-0.5613783001899719,-0.6223947405815125,-0.16520142555236816,-0.6388949155807495,-0.38088589906692505,-0.18482936918735504,-0.5730736255645752,-0.7772716283798218,-0.0009579028701409698,-0.20594023168087006,-0.821746826171875,0.02486702799797058,-0.5118152499198914,-0.5504094958305359,0.03898494318127632,-0.5571728348731995,-0.3762454688549042,0.002554528648033738,-0.5140289664268494
0.0,0.0,0.0,-0.046655863523483276,-0.3543058931827545,-0.2858414053916931,-0.356449693441391,-0.5900475978851318,-0.3824232816696167,-0.7023687958717346,-0.566437304019928,-0.45400118827819824,-0.9577860832214355,-0.45987629890441895,-0.5105205774307251,-0.7476943731307983,-0.7521587014198303,-0.20367886126041412,-1.1548739671707153,-0.849681556224823,-0.3910975456237793,-1.4274824857711792,-0.8734839558601379,-0.5006794333457947,-1.675721526145935,-0.8924558162689209,-0.5589723587036133,-0.8404971957206726,-0.5133008360862732,-0.17345495522022247,-1.2722958326339722,-0.633985698223114,-0.41662853956222534,-1.5889406204223633,-0.6908411979675293,-0.5412702560424805,-1.8529695272445679,-0.7453159689903259,-0.5772039294242859,-0.8345628380775452,-0.25716471672058105,-0.17885562777519226,-0.9657135605812073,-0.20077061653137207,-0.5385059118270874,-0.6324895024299622,-0.16042670607566833,-0.6106823086738586,-0.3877345323562622,-0.17451025545597076,-0.5423104166984558,-0.7834019660949707,-0.001561813522130251,-0.20169775187969208,-0.8291570544242859,0.022699693217873573,-0.4940739572048187,-0.5633054375648499,0.03658614307641983,-0.5316747426986694,-0.37927481532096863,0.003911342937499285,-0.48250576853752136
0.0,0.0,0.0,-0.0470464788377285,-0.34945106506347656,-0.2664794921875,-0.35980919003486633,-0.5832799673080444,-0.34952041506767273,-0.7181922793388367,-0.5521379709243774,-0.4104965925216675,-0.9836245179176331,-0.44535520672798157,-0.4561256468296051,-0.758895993232727,-0.7571637630462646,-0.16878096759319305,-1.176560878753662,-0.8577877879142761,-0.3326278626918793,-1.4555351734161377,-0.8811283707618713,-0.4290996491909027,-1.7045515775680542,-0.8984801769256592,-0.48007357120513916,-0.8456432223320007,-0.5137040615081787,-0.14489854872226715,-1.2873601913452148,-0.6374993324279785,-0.3576054275035858,-1.602820634841919,-0.6968619227409363,-0.4733310639858246,-1.8673806190490723,-0.7516614198684692,-0.508406400680542,-0.8304173350334167,-0.2546573579311371,-0.15454727411270142,-0.9819216132164001,-0.20986194908618927,-0.48823538422584534,-0.6542733907699585,-0.1743909865617752,-0.5569737553596497,-0.4185079336166382,-0.18391773104667664,-0.49272677302360535,-0.7684816718101501,0.005213439464569092,-0.17991431057453156,-0.8535448908805847,0.013840045779943466,-0.4534640312194824,-0.593328595161438,0.021766263991594315,-0.4815313518047333,-0.41023024916648865,-0.005060991272330284,-0.42936697602272034
0.0,0.0,0.0,-0.04595766216516495,-0.3687693774700165,-0.263835072517395,-0.3643445372581482,-0.6009419560432434,-0.33723384141921997,-0.7234519124031067,-0.5810604095458984,-0.3909335136413574,-0.9722388386726379,-0.47386059165000916,-0.4304845929145813,-0.750746488571167,-0.7761204838752747,-0.13705946505069733,-1.1682482957839966,-0.885162889957428,-0.2932467758655548,-1.4507367610931396,-0.9124065041542053,-0.3889518082141876,-1.6989293098449707,-0.937553882598877,-0.44000768661499023,-0.8377299904823303,-0.5348508358001709,-0.11019530892372131,-1.2697138786315918,-0.6601214408874512,-0.3184143304824829,-1.5877048969268799,-0.7258845567703247,-0.4370127022266388,-1.846906065940857,-0.7850397229194641,-0.47408461570739746,-0.8297252655029297,-0.2771175801753998,-0.11931756883859634,-0.9760153293609619,-0.2328726351261139,-0.4568467140197754,-0.651455283164978,-0.17935146391391754,-0.5371982455253601,-0.40354499220848083,-0.17110982537269592,-0.4778028428554535,-0.7778990268707275,-0.01565071940422058,-0.14383156597614288,-0.8558084964752197,-0.0055145444348454475,-0.42585572600364685,-0.5937662124633789,0.01941167563199997,-0.4650578796863556,-0.39645305275917053,0.009859530255198479,-0.4185609519481659
0.0,0.0,0.0,-0.04106380417943001,-0.3625703454017639,-0.26066088676452637,-0.35446134209632874,-0.5982481241226196,-0.33598199486732483,-0.7036342024803162,-0.5908950567245483,-0.3908078074455261,-0.9519965052604675,-0.5035802721977234,-0.4312206208705902,-0.746325671672821,-0.7735646963119507,-0.13938599824905396,-1.1476879119873047,-0.881017804145813,-0.2869100868701935,-1.4174656867980957,-0.912067711353302,-0.37985727190971375,-1.6567497253417969,-0.9407984614372253,-0.43144553899765015,-0.833284318447113,-0.5414256453514099,-0.11178257316350937,-1.2555692195892334,-0.6662328839302063,-0.30678579211235046,-1.566501259803772,-0.7353338599205017,-0.41923341155052185,-1.819050669670105,-0.7997896075248718,-0.45668697357177734,-0.8248293995857239,-0.28857508301734924,-0.1190873458981514,-0.9919037818908691,-0.24713726341724396,-0.43965786695480347,-0.6860113143920898,-0.1815221756696701,-0.5130840539932251,-0.4504653215408325,-0.16242510080337524,-0.4560393691062927,-0.7740411758422852,-0.030852561816573143,-0.1423434615135193,-0.8713341951370239,-0.020519284531474113,-0.41340357065200806,-0.6247856616973877,0.007696379907429218,-0.44917502999305725,-0.43269482254981995,-0.0011175080435350537,-0.4037035405635834
0.0,0.0,0.0,-0.03843631595373154,-0.3567845821380615,-0.25745099782943726,-0.3473956286907196,-0.600573718547821,-0.32428523898124695,-0.6991504430770874,-0.5887258052825928,-0.3695995807647705,-0.9475059509277344,-0.49262893199920654,-0.40110066533088684,-0.7376841902732849,-0.7765259742736816,-0.12875477969646454,-1.1371896266937256,-0.8914772868156433,-0.2670055031776428,-1.4093705415725708,-0.9234253168106079,-0.35467997193336487,-1.6485801935195923,-0.9502970576286316,-0.40275323390960693,-0.8301803469657898,-0.5491154193878174,-0.09629588574171066,-1.250620722770691,-0.6787686944007874,-0.27758124470710754,-1.555879831314087,-0.7489549517631531,-0.3870256245136261,-1.8054859638214111,-0.8139257431030273,-0.4239553213119507,-0.8254170417785645,-0.3010121285915375,-0.09813033044338226,-0.994530975818634,-0.2551322877407074,-0.4021154046058655,-0.7098579406738281,-0.17600597441196442,-0.48035502433776855,-0.4890071451663971,-0.14317581057548523,-0.43044888973236084,-0.777228593826294,-0.04813522472977638,-0.11583206057548523,-0.8728408217430115,-0.028477612882852554,-0.3738609552383423,-0.6421576142311096,0.012716960161924362,-0.41294246912002563,-0.46004125475883484,0.01579008810222149,-0.37234142422676086
0.0,0.0,0.0,-0.030584266409277916,-0.35348957777023315,-0.27206316590309143,-0.33681797981262207,-0.5997604131698608,-0.3499613404273987,-0.7047222852706909,-0.5944575071334839,-0.4056316316127777,-0.9732858538627625,-0.5197769403457642,-0.4459773302078247,-0.7316011190414429,-0.7923479080200195,-0.1410277932882309,-1.1395552158355713,-0.9150464534759521,-0.2958875298500061,-1.4172561168670654,-0.9529322981834412,-0.39190930128097534,-1.6623605489730835,-0.9860010147094727,-0.44410592317581177,-0.8240851759910583,-0.555956244468689,-0.10861122608184814,-1.2379941940307617,-0.7025622725486755,-0.3134658634662628,-1.5399147272109985,-0.7710085511207581,-0.4282321631908417,-1.7869340181350708,-0.8334051966667175,-0.4635147154331207,-0.8243160247802734,-0.2999683618545532,-0.1126849502325058,-0.9955365657806396,-0.278596967458725,-0.4437478184700012,-0.6754544973373413,-0.2002941519021988,-0.5138563513755798,-0.4308437407016754,-0.1746288388967514,-0.4509757459163666,-0.7814163565635681,-0.036410171538591385,-0.13370060920715332,-0.8629260063171387,-0.029822319746017456,-0.41720229387283325,-0.6021701097488403,0.008355481550097466,-0.45587894320487976,-0.40621522068977356,0.005906189326196909,-0.40863555669784546
0.0,0.0,0.0,-0.02377047948539257,-0.3683011531829834,-0.2775346040725708,-0.34061485528945923,-0.6115498542785645,-0.35388702154159546,-0.7064620852470398,-0.616609513759613,-0.406345933675766,-0.9790174961090088,-0.5444714426994324,-0.44339635968208313,-0.7336187362670898,-0.8014870882034302,-0.13751795887947083,-1.1316137313842773,-0.9275982975959778,-0.2753555178642273,-1.3994766473770142,-0.970249593257904,-0.36596375703811646,-1.6377898454666138,-1.0092836618423462,-0.42084670066833496,-0.8213521242141724,-0.5617983937263489,-0.09880907088518143,-1.1978079080581665,-0.7070266604423523,-0.2902950346469879,-1.4767448902130127,-0.7713307738304138,-0.4012867212295532,-1.7064481973648071,-0.8231719136238098,-0.44167423248291016,-0.8240116834640503,-0.298848032951355,-0.09775660932064056,-1.0072698593139648,-0.2982499301433563,-0.4180094301700592,-0.6843708753585815,-0.22284267842769623,-0.4895053803920746,-0.4389169216156006,-0.1914648860692978,-0.4360532760620117,-0.7886339426040649,-0.030957406386733055,-0.11467815935611725,-0.8788095712661743,-0.048268064856529236,-0.4001409113407135,-0.6224721670150757,-0.017052635550498962,-0.4498184025287628,-0.4272770583629608,-0.019289935007691383,-0.4156419634819031
0.0,0.0,0.0,-0.030852526426315308,-0.36165326833724976,-0.26725584268569946,-0.3534274995326996,-0.6051482558250427,-0.3366401195526123,-0.716413140296936,-0.6107877492904663,-0.38401317596435547,-0.9959008097648621,-0.5382246971130371,-0.4166871905326843,-0.743441104888916,-0.7862590551376343,-0.12242599576711655,-1.1316072940826416,-0.9196085929870605,-0.25195610523223877,-1.3884119987487793,-0.972575306892395,-0.3384246826171875,-1.622153639793396,-1.0174537897109985,-0.3919348418712616,-0.8300818204879761,-0.5511348247528076,-0.08493910729885101,-1.1981436014175415,-0.6968529224395752,-0.26776501536369324,-1.4601125717163086,-0.7607195973396301,-0.3734293282032013,-1.67703115940094,-0.8049840927124023,-0.41105347871780396,-0.8314432501792908,-0.28999266028404236,-0.08467361330986023,-1.017336368560791,-0.28233015537261963,-0.39529192447662354,-0.6908212304115295,-0.21590952575206757,-0.46434733271598816,-0.4469761252403259,-0.18756966292858124,-0.4124453067779541,-0.7960544228553772,-0.024085205048322678,-0.1017838567495346,-0.8800313472747803,-0.03960292413830757,-0.3809105455875397,-0.6235624551773071,-0.014636478386819363,-0.43089768290519714,-0.43214738368988037,-0.02181285060942173,-0.399043470621109
0.0,0.0,0.0,-0.036808546632528305,-0.3643304407596588,-0.262298583984375,-0.3536488711833954,-0.5977911353111267,-0.3343851864337921,-0.7056472897529602,-0.6097190380096436,-0.3863171935081482,-0.9814872145652771,-0.5501950979232788,-0.4233424961566925,-0.7375690937042236,-0.7892342209815979,-0.11076540499925613,-1.1133935451507568,-0.9147995114326477,-0.24007251858711243,-1.3637847900390625,-0.9589536786079407,-0.33239278197288513,-1.5948587656021118,-0.9957002401351929,-0.3914351165294647,-0.8263124227523804,-0.5581634640693665,-0.07524097710847855,-1.1713778972625732,-0.6997831463813782,-0.2585974931716919,-1.4234880208969116,-0.7570244669914246,-0.36920681595802307,-1.6346230506896973,-0.7955710291862488,-0.4121338427066803,-0.8331634402275085,-0.3000471889972687,-0.07709071040153503,-1.0215178728103638,-0.29522788524627686,-0.3794553577899933,-0.707131564617157,-0.2247677743434906,-0.44637635350227356,-0.46976378560066223,-0.1930750161409378,-0.39755862951278687,-0.8006517291069031,-0.03723040968179703,-0.09668416529893875,-0.903501033782959,-0.05448221042752266,-0.3670012354850769,-0.6545161604881287,-0.025371048599481583,-0.41114136576652527,-0.46200031042099,-0.028783150017261505,-0.3777618408203125
0.0,0.0,0.0,-0.029291966930031776,-0.36229386925697327,-0.27446848154067993,-0.3392813205718994,-0.600351095199585,-0.35192596912384033,-0.6883648037910461,-0.6203156113624573,-0.4044247269630432,-0.972516655921936,-0.5764330625534058,-0.4414892792701721,-0.7359198331832886,-0.7872058749198914,-0.12978848814964294,-1.1156353950500488,-0.907682478427887,-0.2600211799144745,-1.3684653043746948,-0.9498363137245178,-0.35074710845947266,-1.5997645854949951,-0.9888159036636353,-0.4072360694408417,-0.8252639174461365,-0.5581178069114685,-0.08627878129482269,-1.1726256608963013,-0.6938818693161011,-0.2701219916343689,-1.4279719591140747,-0.745602548122406,-0.3787860870361328,-1.6376274824142456,-0.7800729870796204,-0.4194609820842743,-0.8345697522163391,-0.3034883439540863,-0.08018670976161957,-1.0169322490692139,-0.29805898666381836,-0.3859524726867676,-0.7043227553367615,-0.21593347191810608,-0.45171427726745605,-0.4685107469558716,-0.17785653471946716,-0.4003836214542389,-0.8091719150543213,-0.0440436415374279,-0.09179158508777618,-0.9261548519134521,-0.06514015048742294,-0.36479541659355164,-0.6727849841117859,-0.02189003676176071,-0.40541383624076843,-0.4751611351966858,-0.01503698155283928,-0.3678339719772339
0.0,0.0,0.0,-0.03488772362470627,-0.3681911826133728,-0.24577486515045166,-0.35190093517303467,-0.6143868565559387,-0.30960768461227417,-0.7042693495750427,-0.6105894446372986,-0.3549334406852722,-0.9786447286605835,-0.544772207736969,-0.38738003373146057,-0.7313300371170044,-0.7985610365867615,-0.11701545864343643,-1.1254252195358276,-0.9134128093719482,-0.24856235086917877,-1.3893375396728516,-0.9568950533866882,-0.334207683801651,-1.6235603094100952,-0.9942053556442261,-0.38309967517852783,-0.8223781585693359,-0.5616570711135864,-0.09074976295232773,-1.203528881072998,-0.69651198387146,-0.2739116847515106,-1.4765876531600952,-0.7575579881668091,-0.38018545508384705,-1.6998353004455566,-0.8043332099914551,-0.4154380261898041,-0.8309380412101746,-0.30226224660873413,-0.09870271384716034,-0.9985682964324951,-0.2927263379096985,-0.40714892745018005,-0.6729188561439514,-0.22294576466083527,-0.4741259813308716,-0.43212515115737915,-0.19125741720199585,-0.41794392466545105,-0.804071307182312,-0.034314047545194626,-0.12114740163087845,-0.9281112551689148,-0.06571212410926819,-0.3852388262748718,-0.6715149283409119,-0.035374607890844345,-0.4157036542892456,-0.4700537323951721,-0.03055640496313572,-0.369733065366745
0.0,0.0,0.0,-0.03234243020415306,-0.37159496545791626,-0.27939727902412415,-0.3470757305622101,-0.6161193251609802,-0.36577659845352173,-0.6998695731163025,-0.6001183986663818,-0.4292604327201843,-0.964729905128479,-0.49381884932518005,-0.4774690270423889,-0.7272409796714783,-0.7939739227294922,-0.16544783115386963,-1.1280096769332886,-0.919942319393158,-0.33012986183166504,-1.398842453956604,-0.9624011516571045,-0.42980340123176575,-1.643237590789795,-0.9960265755653381,-0.4842197299003601,-0.8220232725143433,-0.5532925128936768,-0.13470402359962463,-1.230208396911621,-0.7064169645309448,-0.36234521865844727,-1.5391796827316284,-0.7824854850769043,-0.48835456371307373,-1.795479655265808,-0.844518780708313,-0.5288167595863342,-0.8258476257324219,-0.2918093800544739,-0.140089750289917,-0.9598202705383301,-0.2759368121623993,-0.4956379532814026,-0.6210089921951294,-0.22204844653606415,-0.5739737749099731,-0.37634778022766113,-0.21597330272197723,-0.5102992653846741,-0.7912423014640808,-0.02756178006529808,-0.16140924394130707,-0.8579660654067993,-0.053410425782203674,-0.45553070306777954,-0.5812424421310425,-0.03351791948080063,-0.4938548505306244,-0.384670615196228,-0.0475965216755867,-0.4453829824924469
0.0,0.0,0.0,-0.03553459048271179,-0.36107778549194336,-0.2669503092765808,-0.341644823551178,-0.6072890162467957,-0.3490137755870819,-0.7000160813331604,-0.5836179852485657,-0.41025686264038086,-0.9598325490951538,-0.4722786247730255,-0.45695534348487854,-0.7300316095352173,-0.7866661548614502,-0.15457436442375183,-1.126387357711792,-0.9140419363975525,-0.3107577860355377,-1.3956835269927979,-0.9569824934005737,-0.40574753284454346,-1.6370530128479004,-0.9899692535400391,-0.4570523798465729,-0.8253546953201294,-0.5503477454185486,-0.12612338364124298,-1.231766700744629,-0.6852926015853882,-0.33511510491371155,-1.5337070226669312,-0.7538405656814575,-0.451730877161026,-1.7841781377792358,-0.8122699856758118,-0.48824959993362427,-0.8280960917472839,-0.29263249039649963,-0.13258148729801178,-0.9508946537971497,-0.2618272006511688,-0.46674636006355286,-0.6205236911773682,-0.21102476119995117,-0.5427867770195007,-0.3772510588169098,-0.20318381488323212,-0.48251932859420776,-0.7897343635559082,-0.028666909784078598,-0.1547239124774933,-0.8540463447570801,-0.045606132596731186,-0.43137991428375244,-0.5881351828575134,-0.027406131848692894,-0.46655648946762085,-0.3888440430164337,-0.03873788192868233,-0.41843557357788086
0.0,0.0,0.0,-0.046366892755031586,-0.36423566937446594,-0.27896931767463684,-0.3584057092666626,-0.6151942014694214,-0.3579895794391632,-0.7251823544502258,-0.5879346132278442,-0.4127427935600281,-0.9800876975059509,-0.4683688282966614,-0.45321908593177795,-0.7362610697746277,-0.7954749464988708,-0.15869930386543274,-1.153354525566101,-0.9274498820304871,-0.3109284043312073,-1.4268604516983032,-0.972854733467102,-0.4015487730503082,-1.6664053201675415,-1.0104734897613525,-0.450246661901474,-0.824623703956604,-0.5529351234436035,-0.11940921097993851,-1.244065761566162,-0.6645165681838989,-0.32779526710510254,-1.5501952171325684,-0.7163701057434082,-0.44481968879699707,-1.8005800247192383,-0.7612241506576538,-0.4819352328777313,-0.8219955563545227,-0.2938171923160553,-0.11627257615327835,-0.9482484459877014,-0.24327810108661652,-0.4512465000152588,-0.6167001128196716,-0.20331892371177673,-0.5356359481811523,-0.3687169551849365,-0.20552809536457062,-0.48165634274482727,-0.7808281779289246,-0.034476388245821,-0.129378080368042,-0.84261554479599,-0.027778835967183113,-0.4110312759876251,-0.5765895247459412,-0.009743310511112213,-0.4579698443412781,-0.37944772839546204,-0.027954544872045517,-0.41874679923057556
0.0,0.0,0.0,-0.04744632914662361,-0.3440341055393219,-0.29104653000831604,-0.3474169671535492,-0.583294689655304,-0.3779916763305664,-0.7071365714073181,-0.5448198914527893,-0.4376533627510071,-0.9714464545249939,-0.41812393069267273,-0.4824824035167694,-0.7457036972045898,-0.7728226780891418,-0.1708994060754776,-1.1705658435821533,-0.8773316740989685,-0.3304196298122406,-1.4393985271453857,-0.9013664722442627,-0.426422119140625,-1.6807007789611816,-0.9179900884628296,-0.4770944118499756,-0.8344854116439819,-0.5369660258293152,-0.12369991838932037,-1.2453808784484863,-0.6249253153800964,-0.33801132440567017,-1.5376940965652466,-0.6458832025527954,-0.45779138803482056,-1.779962420463562,-0.6574608683586121,-0.49209338426589966,-0.8355666995048523,-0.2867654860019684,-0.11394499242305756,-0.9345260262489319,-0.2014661729335785,-0.4444342255592346,-0.6034381985664368,-0.16802963614463806,-0.5313437581062317,-0.3616742789745331,-0.17948018014431,-0.4790917932987213,-0.8002101182937622,-0.03790334239602089,-0.12250314652919769,-0.8273307085037231,0.0024746248964220285,-0.39891257882118225,-0.5616199970245361,0.02014772780239582,-0.4505815804004669,-0.36982375383377075,-0.005827984772622585,-0.41421306133270264
0.0,0.0,0.0,-0.045488644391298294,-0.35451093316078186,-0.3225855231285095,-0.3507136404514313,-0.5775236487388611,-0.41298094391822815,-0.7066921591758728,-0.5312655568122864,-0.4697795510292053,-0.9694525003433228,-0.40769162774086,-0.5093631148338318,-0.7464128136634827,-0.759407103061676,-0.1793234944343567,-1.1732518672943115,-0.847896158695221,-0.34770163893699646,-1.4497641324996948,-0.8610532879829407,-0.44982096552848816,-1.7001752853393555,-0.8648301959037781,-0.5020178556442261,-0.8417990803718567,-0.5274115204811096,-0.1149410605430603,-1.255534291267395,-0.6148087978363037,-0.33648794889450073,-1.5605162382125854,-0.643264889717102,-0.4588487148284912,-1.810892939567566,-0.6574050784111023,-0.4913162291049957,-0.8486562967300415,-0.2768622934818268,-0.09441261738538742,-0.9299902319908142,-0.17646023631095886,-0.44037240743637085,-0.5922594666481018,-0.13972420990467072,-0.5407986640930176,-0.343973845243454,-0.1533755660057068,-0.4899474084377289,-0.8211838006973267,-0.0313645601272583,-0.09476802498102188,-0.8190398216247559,0.016640419140458107,-0.38418206572532654,-0.5512340068817139,0.03510699048638344,-0.4510466158390045,-0.3613918423652649,0.005857173353433609,-0.42209139466285706
0.0,0.0,0.0,-0.04235021397471428,-0.39552223682403564,-0.176538348197937,-0.30779650807380676,-0.6530305743217468,-0.2321917712688446,-0.6253249645233154,-0.6451390981674194,-0.2889258563518524,-0.8570129871368408,-0.5361990928649902,-0.336730420589447,-0.677980363368988,-0.8191649913787842,-0.09945959597826004,-1.0728681087493896,-0.9386424422264099,-0.2463655173778534,-1.3274554014205933,-0.9874906539916992,-0.3332795798778534,-1.5562161207199097,-1.023433804512024,-0.3746614158153534,-0.7919202446937561,-0.6003214716911316,-0.11169818043708801,-1.2169573307037354,-0.7378697991371155,-0.28974664211273193,-1.5086514949798584,-0.8184331655502319,-0.3907490372657776,-1.7490296363830566,-0.8865190744400024,-0.4180077910423279,-0.8075695037841797,-0.35479697585105896,-0.14942030608654022,-0.8591030836105347,-0.2990829348564148,-0.42128893733024597,-0.5659334063529968,-0.24555276334285736,-0.4835750460624695,-0.3470495045185089,-0.22882632911205292,-0.42861872911453247,-0.7672916650772095,-0.09448732435703278,-0.19902575016021729,-0.7849773168563843,-0.07053575664758682,-0.39796707034111023,-0.5507438778877258,-0.0535760372877121,-0.4039309024810791,-0.3627411723136902,-0.05981893092393875,-0.3481728732585907
0.0,0.0,0.0,0.006926023401319981,-0.4216465651988983,-0.19028149545192719,-0.29650041460990906,-0.7195560336112976,-0.22889913618564606,-0.6486257910728455,-0.7331147789955139,-0.26418256759643555,-0.8773552179336548,-0.6207640767097473,-0.29164788126945496,-0.6583707928657532,-0.8718310594558716,-0.07393728196620941,-1.0403597354888916,-1.0456098318099976,-0.19460520148277283,-1.3028860092163086,-1.1230767965316772,-0.26779884099960327,-1.533939242362976,-1.185009241104126,-0.30618640780448914,-0.7666435241699219,-0.6371479630470276,-0.0793735459446907,-1.1718333959579468,-0.848595917224884,-0.2473374605178833,-1.4601285457611084,-0.9834429621696472,-0.34720584750175476,-1.6889533996582031,-1.0919413566589355,-0.3787095248699188,-0.7875856757164001,-0.37179797887802124,-0.11358457058668137,-0.9044809937477112,-0.4148532450199127,-0.41193994879722595,-0.5837529301643372,-0.3487066924571991,-0.4812778830528259,-0.3425246775150299,-0.30724000930786133,-0.42315417528152466,-0.7693458795547485,-0.08842355012893677,-0.15772117674350739,-0.8498209714889526,-0.1727408617734909,-0.39839598536491394,-0.5918322801589966,-0.1525213122367859,-0.41673973202705383,-0.3850267827510834,-0.1355893909931183,-0.36442816257476807
0.0,0.0,0.0,0.023339221253991127,-0.4085838496685028,-0.18324607610702515,-0.25619184970855713,-0.7240254282951355,-0.23019063472747803,-0.5993651747703552,-0.7689507007598877,-0.2749955356121063,-0.8465995788574219,-0.6697944402694702,-0.3111494183540344,-0.6352303624153137,-0.880150556564331,-0.09551256150007248,-1.0141048431396484,-1.077331304550171,-0.22503091394901276,-1.268401861190796,-1.168723225593567,-0.3004227578639984,-1.492516040802002,-1.242932915687561,-0.3385812044143677,-0.751331090927124,-0.6512748599052429,-0.10650140047073364,-1.1530064344406128,-0.8914347887039185,-0.2792150676250458,-1.4302680492401123,-1.0429869890213013,-0.3761477768421173,-1.6549763679504395,-1.1683156490325928,-0.40663444995880127,-0.7826640605926514,-0.385142058134079,-0.14308257400989532,-0.9093749523162842,-0.4502423107624054,-0.43377238512039185,-0.5947163105010986,-0.3725753724575043,-0.4847481846809387,-0.35706207156181335,-0.31540465354919434,-0.4183875024318695,-0.773485004901886,-0.09511783719062805,-0.18932466208934784,-0.8559715747833252,-0.2009260058403015,-0.41452914476394653,-0.5999022126197815,-0.1762242168188095,-0.41345781087875366,-0.3992606997489929,-0.14360548555850983,-0.35008737444877625
0.0,0.0,0.0,0.02282562665641308,-0.41389569640159607,-0.18642547726631165,-0.27342489361763,-0.7274572253227234,-0.23224742710590363,-0.6226733922958374,-0.7702566385269165,-0.27635928988456726,-0.8823969960212708,-0.6620371341705322,-0.3111349940299988,-0.6289122104644775,-0.8871454000473022,-0.0806964635848999,-0.9967058300971985,-1.0953642129898071,-0.20307914912700653,-1.2534785270690918,-1.1936290264129639,-0.2739706039428711,-1.479543924331665,-1.2757242918014526,-0.31202664971351624,-0.7483569979667664,-0.6565284729003906,-0.09451012313365936,-1.142465353012085,-0.9162030220031738,-0.27904266119003296,-1.4267284870147705,-1.084462285041809,-0.38493770360946655,-1.6562052965164185,-1.2189805507659912,-0.4208863377571106,-0.7846254706382751,-0.386857271194458,-0.13484008610248566,-0.9282626509666443,-0.4773723781108856,-0.45037752389907837,-0.5879510045051575,-0.3880681097507477,-0.5027463436126709,-0.3389154076576233,-0.32167789340019226,-0.4301888942718506,-0.7848291993141174,-0.09361957758665085,-0.18401961028575897,-0.8902724981307983,-0.22565986216068268,-0.43277913331985474,-0.617209792137146,-0.19857637584209442,-0.4341121315956116,-0.40893545746803284,-0.16061566770076752,-0.36903834342956543
0.0,0.0,0.0,0.002665580017492175,-0.4089312255382538,-0.17579367756843567,-0.28680577874183655,-0.7159236073493958,-0.21881583333015442,-0.6316437721252441,-0.7646216154098511,-0.2629041075706482,-0.8894354104995728,-0.6658524870872498,-0.29963192343711853,-0.6521026492118835,-0.8666146993637085,-0.07439395785331726,-1.0233334302902222,-1.066110372543335,-0.1982424259185791,-1.2815871238708496,-1.1558629274368286,-0.27246442437171936,-1.5080240964889526,-1.2311919927597046,-0.3105102777481079,-0.767352819442749,-0.6349902749061584,-0.08920150250196457,-1.16373872756958,-0.8735435605049133,-0.25983357429504395,-1.4488569498062134,-1.0303410291671753,-0.35796335339546204,-1.6766529083251953,-1.1602836847305298,-0.3898285925388336,-0.7985846996307373,-0.36428993940353394,-0.1300017237663269,-0.9277432560920715,-0.43660297989845276,-0.4281632900238037,-0.6044246554374695,-0.3593560457229614,-0.47979673743247986,-0.35774075984954834,-0.2997593581676483,-0.41105160117149353,-0.7890451550483704,-0.06446387618780136,-0.17936688661575317,-0.875897228717804,-0.17571549117565155,-0.4185194671154022,-0.6103093028068542,-0.1564905345439911,-0.41951483488082886,-0.3985872268676758,-0.1233520433306694,-0.35396257042884827
0.0,0.0,0.0,0.008121058344841003,-0.3963099718093872,-0.19397129118442535,-0.3000657260417938,-0.6950341463088989,-0.24022310972213745,-0.6489759087562561,-0.7365869283676147,-0.2823716402053833,-0.9022457599639893,-0.64056795835495,-0.3147473633289337,-0.6682044863700867,-0.8489473462104797,-0.08635762333869934,-1.0442026853561401,-1.034566879272461,-0.20900560915470123,-1.303513526916504,-1.1194580793380737,-0.28152891993522644,-1.5316768884658813,-1.1903002262115479,-0.3214379549026489,-0.778612494468689,-0.620305597782135,-0.09478192776441574,-1.1802533864974976,-0.8482504487037659,-0.27494487166404724,-1.465474009513855,-0.9994640946388245,-0.37857121229171753,-1.6961671113967896,-1.1205250024795532,-0.4143909811973572,-0.8040834665298462,-0.3542114496231079,-0.13072670996189117,-0.9570568203926086,-0.4359358847141266,-0.44189873337745667,-0.6157740950584412,-0.3598145544528961,-0.4922586679458618,-0.36736756563186646,-0.3017515242099762,-0.4206168055534363,-0.7916322946548462,-0.06522348523139954,-0.1764252930879593,-0.9046694040298462,-0.19166478514671326,-0.42762652039527893,-0.6313741207122803,-0.16490283608436584,-0.431245356798172,-0.4241778552532196,-0.12604303658008575,-0.3675125241279602
0.0,0.0,0.0,0.01156233437359333,-0.4004310965538025,-0.169900581240654,-0.30281582474708557,-0.6978992223739624,-0.19932962954044342,-0.6480309963226318,-0.7416748404502869,-0.2285103052854538,-0.8867712616920471,-0.6534410715103149,-0.2495945245027542,-0.664210319519043,-0.8473272919654846,-0.07076851278543472,-1.0409586429595947,-1.0457683801651,-0.18498040735721588,-1.2936177253723145,-1.1383427381515503,-0.2515597939491272,-1.517518162727356,-1.2078534364700317,-0.2862502634525299,-0.7748883366584778,-0.6264463663101196,-0.08433912694454193,-1.1789244413375854,-0.8667717576026917,-0.2438480108976364,-1.4609326124191284,-1.024620771408081,-0.335674911737442,-1.6937049627304077,-1.1506361961364746,-0.36434465646743774,-0.7979692220687866,-0.36754924058914185,-0.12337461858987808,-0.9515973329544067,-0.4353121817111969,-0.403631329536438,-0.6385959386825562,-0.3574812412261963,-0.4508519172668457,-0.41642144322395325,-0.3032119572162628,-0.3847760260105133,-0.7780548930168152,-0.08233880251646042,-0.17166662216186523,-0.8792300224304199,-0.1902216225862503,-0.3964240252971649,-0.6248022317886353,-0.1626581996679306,-0.3967140316963196,-0.4343416392803192,-0.1328001767396927,-0.33564457297325134
0.0,0.0,0.0,0.009800786152482033,-0.39954182505607605,-0.17924746870994568,-0.3053639829158783,-0.6900913119316101,-0.2119738757610321,-0.6514318585395813,-0.7356272339820862,-0.24261632561683655,-0.8897328972816467,-0.6478328108787537,-0.26386335492134094,-0.6682354211807251,-0.8425219058990479,-0.0671263337135315,-1.0408024787902832,-1.0379140377044678,-0.17975236475467682,-1.2927665710449219,-1.1282868385314941,-0.247092604637146,-1.5153024196624756,-1.1985960006713867,-0.28361016511917114,-0.779036283493042,-0.6224442720413208,-0.07526962459087372,-1.181145429611206,-0.858151376247406,-0.23722121119499207,-1.4617738723754883,-1.0161584615707397,-0.33249446749687195,-1.6914149522781372,-1.14167320728302,-0.3644963502883911,-0.8012075424194336,-0.3626079857349396,-0.11032188683748245,-0.9616042375564575,-0.43368691205978394,-0.39554253220558167,-0.6470819711685181,-0.36078447103500366,-0.4482061266899109,-0.41803544759750366,-0.30494773387908936,-0.38521865010261536,-0.7825229167938232,-0.07940173894166946,-0.1552862524986267,-0.881499171257019,-0.1904187798500061,-0.388516902923584,-0.6270654201507568,-0.1679801046848297,-0.3976324200630188,-0.43457090854644775,-0.13770662248134613,-0.34219613671302795
0.0,0.0,0.0,0.01737007312476635,-0.40205830335617065,-0.18502888083457947,-0.29486769437789917,-0.6982793807983398,-0.2226756364107132,-0.645268976688385,-0.7475205063819885,-0.25720715522766113,-0.885872483253479,-0.6590769290924072,-0.28252431750297546,-0.6613321900367737,-0.855281412601471,-0.07397075742483139,-1.0331425666809082,-1.0529885292053223,-0.18824142217636108,-1.2859396934509277,-1.1438677310943604,-0.2577107548713684,-1.5070151090621948,-1.2160487174987793,-0.2955980598926544,-0.7704231142997742,-0.6325721740722656,-0.07937709987163544,-1.1657055616378784,-0.871505856513977,-0.24126212298870087,-1.448202133178711,-1.0300161838531494,-0.33693721890449524,-1.6751712560653687,-1.1539051532745361,-0.3696868419647217,-0.7917323708534241,-0.3718631863594055,-0.11193886399269104,-0.9539861083030701,-0.44099298119544983,-0.3961212933063507,-0.6427339911460876,-0.3680490553379059,-0.4481138288974762,-0.4074814021587372,-0.31060394644737244,-0.38509225845336914,-0.7716357111930847,-0.08922687917947769,-0.15504302084445953,-0.8741374611854553,-0.19460999965667725,-0.38840746879577637,-0.6224246621131897,-0.17306223511695862,-0.3977116048336029,-0.4238570034503937,-0.1433597356081009,-0.3420492112636566
0.0,0.0,0.0,0.00042144296457991004,-0.38225045800209045,-0.1967267096042633,-0.2888733148574829,-0.665753185749054,-0.241933673620224,-0.645322859287262,-0.7098280191421509,-0.2843180000782013,-0.8989046216011047,-0.6329598426818848,-0.3172273337841034,-0.6252070665359497,-0.8817319869995117,-0.07059087604284286,-1.0025644302368164,-1.0782469511032104,-0.20960633456707,-1.2672457695007324,-1.1708238124847412,-0.2955002784729004,-1.4987818002700806,-1.241774320602417,-0.33714836835861206,-0.750149130821228,-0.6572049856185913,-0.07319661974906921,-1.1458194255828857,-0.8721839785575867,-0.25171545147895813,-1.4382667541503906,-1.009140133857727,-0.3535609841346741,-1.6688674688339233,-1.1171491146087646,-0.38062816858291626,-0.7846536636352539,-0.3969232141971588,-0.10687325149774551,-0.8932393193244934,-0.3952183127403259,-0.4072752296924591,-0.5929105877876282,-0.3072510361671448,-0.473106324672699,-0.35621383786201477,-0.2533223032951355,-0.41027265787124634,-0.7748478651046753,-0.11453332006931305,-0.15215405821800232,-0.8253281712532043,-0.1542445570230484,-0.39226651191711426,-0.5852813124656677,-0.10431784391403198,-0.40699928998947144,-0.39485466480255127,-0.06740650534629822,-0.3487629294395447
0.0,0.0,0.0,-0.00446555158123374,-0.35761651396751404,-0.19441144168376923,-0.28141748905181885,-0.6291848421096802,-0.24131368100643158,-0.6316246390342712,-0.618619441986084,-0.28221049904823303,-0.877514660358429,-0.5009159445762634,-0.31484681367874146,-0.6590083241462708,-0.8292614221572876,-0.08904878050088882,-1.0292457342147827,-0.9862566590309143,-0.22413504123687744,-1.2805919647216797,-1.052145004272461,-0.30341365933418274,-1.5090316534042358,-1.0980786085128784,-0.3400416374206543,-0.7862995266914368,-0.6118988990783691,-0.08551493287086487,-1.1640690565109253,-0.7759098410606384,-0.25894781947135925,-1.4432883262634277,-0.8808497190475464,-0.35587018728256226,-1.6738247871398926,-0.9620222449302673,-0.3779394030570984,-0.8209468722343445,-0.36912181973457336,-0.11111429333686829,-0.8882012963294983,-0.2838174104690552,-0.4008238613605499,-0.5699862837791443,-0.21062155067920685,-0.4802915155887604,-0.3216094374656677,-0.17723014950752258,-0.42884862422943115,-0.8066267967224121,-0.11621610075235367,-0.14798767864704132,-0.7994623780250549,-0.06713394075632095,-0.38508340716362,-0.5459914803504944,-0.022477032616734505,-0.4210093021392822,-0.3430526554584503,-0.012262004427611828,-0.3779456913471222
0.0,0.0,0.0,-0.01809561252593994,-0.35083746910095215,-0.2553807199001312,-0.29695719480514526,-0.6061705946922302,-0.3420273959636688,-0.6402785181999207,-0.5395544171333313,-0.4088926613330841,-0.8894947171211243,-0.382934033870697,-0.4635860025882721,-0.7298468947410583,-0.7390792369842529,-0.18378548324108124,-1.119742512702942,-0.8457498550415039,-0.360124409198761,-1.3753772974014282,-0.8835239410400391,-0.4592985510826111,-1.6098661422729492,-0.9092793464660645,-0.5069999098777771,-0.8457748293876648,-0.5092581510543823,-0.15912622213363647,-1.2135648727416992,-0.6138753294944763,-0.3817237317562103,-1.4941915273666382,-0.6841856241226196,-0.4916461408138275,-1.7343335151672363,-0.7402023673057556,-0.5143906474113464,-0.8657469749450684,-0.26829850673675537,-0.16837142407894135,-0.8728318810462952,-0.1481054425239563,-0.5003405809402466,-0.5368847250938416,-0.1139877438545227,-0.5813165307044983,-0.290199875831604,-0.12395092844963074,-0.521034300327301,-0.835098385810852,-0.029343213886022568,-0.1935461014509201,-0.7626897692680359,0.04874024912714958,-0.456386536359787,-0.49444401264190674,0.06321541219949722,-0.502235472202301,-0.30743229389190674,0.03267711028456688,-0.4609229266643524
0.0,0.0,0.0,-0.04702654853463173,-0.34284350275993347,-0.26331186294555664,-0.3457091450691223,-0.5596888065338135,-0.3524235486984253,-0.6783003807067871,-0.48395198583602905,-0.420576810836792,-0.9138264060020447,-0.3211681544780731,-0.4764057695865631,-0.7863175272941589,-0.6799114346504211,-0.1940828114748001,-1.1982598304748535,-0.7629720568656921,-0.3748869299888611,-1.46140456199646,-0.7806525230407715,-0.4756382405757904,-1.705227017402649,-0.783244788646698,-0.5225256681442261,-0.8808955550193787,-0.4427075684070587,-0.16743044555187225,-1.2973979711532593,-0.5377907752990723,-0.3919808566570282,-1.5993528366088867,-0.5879207253456116,-0.5011541843414307,-1.8477058410644531,-0.6232893466949463,-0.5215017795562744,-0.8731743097305298,-0.1978188455104828,-0.174841970205307,-0.9059379696846008,-0.08175695687532425,-0.512401282787323,-0.5775191783905029,-0.0703328475356102,-0.594404935836792,-0.3287782669067383,-0.09994359314441681,-0.5312526226043701,-0.816103458404541,0.04178421199321747,-0.19805391132831573,-0.7725061774253845,0.1081434041261673,-0.46820828318595886,-0.5048235058784485,0.10300266742706299,-0.5109158754348755,-0.3123006820678711,0.058279670774936676,-0.46417036652565
0.0,0.0,0.0,-0.0787850171327591,-0.3449183404445648,-0.2797161340713501,-0.4024079442024231,-0.5303562879562378,-0.37008604407310486,-0.726276159286499,-0.4345654845237732,-0.4345284104347229,-0.9527716636657715,-0.2721115052700043,-0.48591819405555725,-0.8333672285079956,-0.6274778246879578,-0.207826167345047,-1.2548457384109497,-0.676483154296875,-0.39151254296302795,-1.5273734331130981,-0.6727633476257324,-0.4984835386276245,-1.7732998132705688,-0.6597070693969727,-0.5507415533065796,-0.9055728316307068,-0.387959748506546,-0.17153774201869965,-1.3428860902786255,-0.4510885775089264,-0.40041300654411316,-1.6598652601242065,-0.4738181531429291,-0.5158162117004395,-1.916604995727539,-0.49362650513648987,-0.5422985553741455,-0.8788238167762756,-0.1476702094078064,-0.17049728333950043,-0.9551699161529541,-0.02820310927927494,-0.5102390646934509,-0.6378350853919983,-0.016662726178765297,-0.591616690158844,-0.3981451690196991,-0.05522429198026657,-0.5299196839332581,-0.8086516261100769,0.08670416474342346,-0.18662481009960175,-0.8060240745544434,0.15404361486434937,-0.4623834490776062,-0.5449814796447754,0.1473214030265808,-0.5059918165206909,-0.3625103831291199,0.09438985586166382,-0.46051347255706787
0.0,0.0,0.0,-0.09739629179239273,-0.32815995812416077,-0.2600574791431427,-0.42823681235313416,-0.5056845545768738,-0.3446449339389801,-0.7584845423698425,-0.407374769449234,-0.4073708653450012,-0.9941343069076538,-0.2523922622203827,-0.4568388760089874,-0.85939621925354,-0.590738832950592,-0.18926507234573364,-1.285287618637085,-0.6282406449317932,-0.36317095160484314,-1.5603768825531006,-0.6127634048461914,-0.46034565567970276,-1.8087152242660522,-0.5929944515228271,-0.5062620639801025,-0.9227031469345093,-0.34919536113739014,-0.163344606757164,-1.3610128164291382,-0.4081931412220001,-0.3832210302352905,-1.684377670288086,-0.417778879404068,-0.4934426546096802,-1.9482572078704834,-0.4290342628955841,-0.5173799991607666,-0.8863270282745361,-0.10648410022258759,-0.1696864813566208,-0.9757043123245239,-0.0010862330673262477,-0.5029130578041077,-0.6520472168922424,-0.004869658034294844,-0.5753784775733948,-0.4078550636768341,-0.05332794040441513,-0.5085878372192383,-0.8034438490867615,0.13041996955871582,-0.19134624302387238,-0.8167014718055725,0.18807484209537506,-0.4628291428089142,-0.5543877482414246,0.1674414873123169,-0.497197687625885,-0.36713775992393494,0.10913316160440445,-0.4446565508842468
0.0,0.0,0.0,-0.1089472770690918,-0.3285878300666809,-0.281465083360672,-0.4470900595188141,-0.49591439962387085,-0.37543755769729614,-0.8025562763214111,-0.40060967206954956,-0.446158230304718,-1.0646547079086304,-0.24742327630519867,-0.5011266469955444,-0.8793318271636963,-0.6061564683914185,-0.16727763414382935,-1.301429033279419,-0.6399064660072327,-0.33817383646965027,-1.5765717029571533,-0.6210114359855652,-0.44328802824020386,-1.8247171640396118,-0.605410099029541,-0.4996749460697174,-0.92427659034729,-0.356871634721756,-0.13548193871974945,-1.3630856275558472,-0.4156988263130188,-0.3596300184726715,-1.6865112781524658,-0.42649540305137634,-0.48223403096199036,-1.9579575061798096,-0.4427618682384491,-0.5202528834342957,-0.8726187348365784,-0.10747557133436203,-0.1401893049478531,-1.0175954103469849,-0.04893127828836441,-0.49182960391044617,-0.6910969018936157,-0.045814480632543564,-0.5646793246269226,-0.44847995042800903,-0.07398352771997452,-0.49736613035202026,-0.7757431864738464,0.1377820372581482,-0.16102471947669983,-0.8664971590042114,0.14687059819698334,-0.4540506899356842,-0.6018863320350647,0.12788574397563934,-0.48592624068260193,-0.40408456325531006,0.09188768267631531,-0.42999058961868286
0.0,0.0,0.0,-0.09486827999353409,-0.3449985980987549,-0.2507319748401642,-0.43053552508354187,-0.5354258418083191,-0.32078632712364197,-0.7913879156112671,-0.44891035556793213,-0.3726242780685425,-1.0426627397537231,-0.2979315221309662,-0.4122346341609955,-0.8395543694496155,-0.659057080745697,-0.12235145270824432,-1.2521724700927734,-0.7128451466560364,-0.275215744972229,-1.524274230003357,-0.7072174549102783,-0.3713389039039612,-1.7677613496780396,-0.6970239877700806,-0.42039719223976135,-0.9041754007339478,-0.41655388474464417,-0.09460287541151047,-1.3231550455093384,-0.48711562156677246,-0.2950463891029358,-1.6286298036575317,-0.5021355748176575,-0.4095652401447296,-1.8803603649139404,-0.513676106929779,-0.4411413371562958,-0.8743692636489868,-0.1721402108669281,-0.10150676220655441,-0.984546959400177,-0.09698907285928726,-0.42488130927085876,-0.6679860949516296,-0.07337245345115662,-0.5026936531066895,-0.4289392828941345,-0.08442005515098572,-0.44195738434791565,-0.8015673160552979,0.07495573163032532,-0.12287751585245132,-0.8694304823875427,0.09308075904846191,-0.38982731103897095,-0.6116903424263,0.09589656442403793,-0.4212324917316437,-0.4125880300998688,0.07632651925086975,-0.3676621913909912
0.0,0.0,0.0,-0.08740216493606567,-0.3483647406101227,-0.29019853472709656,-0.42440956830978394,-0.5408381223678589,-0.37386631965637207,-0.7788498401641846,-0.4655357003211975,-0.4306093752384186,-1.0304670333862305,-0.31785687804222107,-0.47259339690208435,-0.8309237957000732,-0.6747392416000366,-0.15945179760456085,-1.2503072023391724,-0.7343625426292419,-0.32061365246772766,-1.5273183584213257,-0.7298697233200073,-0.42071640491485596,-1.7761831283569336,-0.7182831168174744,-0.47259026765823364,-0.8957321047782898,-0.42977869510650635,-0.11381658166646957,-1.3139163255691528,-0.5092076659202576,-0.3261415362358093,-1.6215122938156128,-0.5278761386871338,-0.4440430998802185,-1.8711577653884888,-0.5363868474960327,-0.47619393467903137,-0.8708877563476562,-0.17945219576358795,-0.10689058899879456,-0.9777558445930481,-0.10452298074960709,-0.44424009323120117,-0.6541048288345337,-0.0904887244105339,-0.5293319821357727,-0.4157620668411255,-0.1127559244632721,-0.47112083435058594,-0.8092383146286011,0.0683613047003746,-0.11773709952831268,-0.8539701104164124,0.08486956357955933,-0.4000624120235443,-0.5855934619903564,0.08618614822626114,-0.44511765241622925,-0.3910885751247406,0.05824316293001175,-0.40055322647094727
0.0,0.0,0.0,-0.0887470617890358,-0.3443012833595276,-0.24753063917160034,-0.43599042296409607,-0.5407520532608032,-0.3166278898715973,-0.7931408882141113,-0.45810675621032715,-0.3665120601654053,-1.0323253870010376,-0.30825069546699524,-0.4035951793193817,-0.826543390750885,-0.6688544154167175,-0.1457197070121765,-1.246228575706482,-0.733283519744873,-0.3023644983768463,-1.5194447040557861,-0.7345598936080933,-0.3939551115036011,-1.7669134140014648,-0.7250089049339294,-0.43905386328697205,-0.8974180817604065,-0.42471078038215637,-0.11942121386528015,-1.3177438974380493,-0.5053608417510986,-0.32590579986572266,-1.6200071573257446,-0.5287098288536072,-0.43610748648643494,-1.8722730875015259,-0.5443819761276245,-0.4634965658187866,-0.8767678141593933,-0.17612555623054504,-0.1255827099084854,-0.970557689666748,-0.10575098544359207,-0.4504319429397583,-0.6426658630371094,-0.09618452191352844,-0.5247048139572144,-0.4031350910663605,-0.11843577772378922,-0.46164992451667786,-0.8122137188911438,0.07265274226665497,-0.14589719474315643,-0.8518532514572144,0.08079999685287476,-0.41025617718696594,-0.5854474902153015,0.07707098126411438,-0.4410598576068878,-0.3917735815048218,0.05129150301218033,-0.3885810971260071
0.0,0.0,0.0,-0.08133917301893234,-0.3457479476928711,-0.2659425139427185,-0.4201810657978058,-0.546880841255188,-0.3278517723083496,-0.7730884552001953,-0.4637555480003357,-0.3651030659675598,-1.005307674407959,-0.3011987805366516,-0.3887420892715454,-0.8054226040840149,-0.683491587638855,-0.14090099930763245,-1.232827067375183,-0.7425227165222168,-0.2876734733581543,-1.508105754852295,-0.7398503422737122,-0.3722985088825226,-1.7571735382080078,-0.7280504107475281,-0.412517249584198,-0.8888587355613708,-0.44735756516456604,-0.0990014597773552,-1.3209336996078491,-0.5080686211585999,-0.2872786819934845,-1.6266218423843384,-0.5324821472167969,-0.3894118070602417,-1.8738880157470703,-0.5479579567909241,-0.41190335154533386,-0.8769198656082153,-0.2060694545507431,-0.0940425843000412,-0.9409187436103821,-0.10460648685693741,-0.40796375274658203,-0.6152574419975281,-0.09464476257562637,-0.4991585910320282,-0.3777224123477936,-0.12153030186891556,-0.44798576831817627,-0.8209503293037415,0.0298541821539402,-0.10530106723308563,-0.8118075132369995,0.06676993519067764,-0.36603838205337524,-0.5507140159606934,0.058646440505981445,-0.4181392788887024,-0.3644953668117523,0.01815410517156124,-0.38226234912872314
0.0,0.0,0.0,-0.07657128572463989,-0.33489078283309937,-0.2683316171169281,-0.4083110988140106,-0.5238301753997803,-0.34430813789367676,-0.7637187838554382,-0.4212077558040619,-0.395168662071228,-1.0003304481506348,-0.24215374886989594,-0.4330484867095947,-0.8250159621238708,-0.6354283094406128,-0.17909996211528778,-1.2628756761550903,-0.6799157857894897,-0.34180691838264465,-1.5351260900497437,-0.6694648265838623,-0.431417316198349,-1.7874842882156372,-0.6459763646125793,-0.4725164473056793,-0.9072700142860413,-0.3964514434337616,-0.14031195640563965,-1.3412975072860718,-0.44765472412109375,-0.34503740072250366,-1.647242546081543,-0.4624018371105194,-0.4484647810459137,-1.90134596824646,-0.4664885401725769,-0.46824702620506287,-0.8892761468887329,-0.1556442826986313,-0.13599786162376404,-0.9279689192771912,-0.03578275069594383,-0.45888400077819824,-0.6003945469856262,-0.040035612881183624,-0.5440319180488586,-0.3624665439128876,-0.0789574682712555,-0.4864095449447632,-0.82464599609375,0.07890167832374573,-0.14778947830200195,-0.7916815280914307,0.12944382429122925,-0.4113432765007019,-0.5276297926902771,0.10637732595205307,-0.45822110772132874,-0.34295180439949036,0.05343792214989662,-0.41660076379776
0.0,0.0,0.0,-0.10782008618116379,-0.3416176736354828,-0.2358061671257019,-0.4551415741443634,-0.5130071043968201,-0.2948218584060669,-0.7888340353965759,-0.3964645564556122,-0.3349204659461975,-0.9924923181533813,-0.20217430591583252,-0.36451277136802673,-0.8576996922492981,-0.5992341041564941,-0.1531263142824173,-1.3000757694244385,-0.6326605677604675,-0.30643168091773987,-1.5745052099227905,-0.6156449913978577,-0.38917839527130127,-1.8236258029937744,-0.5829721689224243,-0.42387497425079346,-0.9277690649032593,-0.350797176361084,-0.12722380459308624,-1.3787171840667725,-0.3868606984615326,-0.3194788098335266,-1.692807674407959,-0.39640119671821594,-0.41701000928878784,-1.9443827867507935,-0.3956873118877411,-0.4325748085975647,-0.8976545333862305,-0.1049749106168747,-0.13277654349803925,-0.9284231662750244,0.007544629741460085,-0.44163545966148376,-0.6086183786392212,-0.012509035877883434,-0.5275869369506836,-0.3701407313346863,-0.05568055808544159,-0.4709568917751312,-0.8188022375106812,0.12871812283992767,-0.15159574151039124,-0.7906926870346069,0.1617628037929535,-0.3979952931404114,-0.5340782403945923,0.130536749958992,-0.43706753849983215,-0.34593138098716736,0.08245349675416946,-0.3913852870464325
0.0,0.0,0.0,-0.10120513290166855,-0.3428569734096527,-0.27951404452323914,-0.44052931666374207,-0.5056273341178894,-0.3567195236682892,-0.7773930430412292,-0.39113712310791016,-0.4088757336139679,-1.0095945596694946,-0.21863162517547607,-0.4473600685596466,-0.8559856414794922,-0.605392575263977,-0.1812935471534729,-1.298197627067566,-0.6341463327407837,-0.3544022738933563,-1.577391505241394,-0.6185542345046997,-0.45042118430137634,-1.8322738409042358,-0.5926547646522522,-0.49376532435417175,-0.9218094348907471,-0.36126235127449036,-0.14055879414081573,-1.3701573610305786,-0.4027562737464905,-0.3601152002811432,-1.6930118799209595,-0.4143545627593994,-0.47080326080322266,-1.9557405710220337,-0.4203733503818512,-0.49148690700531006,-0.8880268931388855,-0.11749813705682755,-0.13692747056484222,-0.9321314096450806,0.002363115781918168,-0.4795643091201782,-0.5989647507667542,-0.016677312552928925,-0.5691884756088257,-0.35620710253715515,-0.07369814068078995,-0.5076659917831421,-0.811004638671875,0.11721856147050858,-0.14990602433681488,-0.7846361994743347,0.16990330815315247,-0.431223601102829,-0.5134627223014832,0.13860225677490234,-0.4819413423538208,-0.3271694779396057,0.07372422516345978,-0.4385060966014862
0.0,0.0,0.0,-0.10239185392856598,-0.3397349715232849,-0.2612855136394501,-0.4387489855289459,-0.4975277781486511,-0.3364647924900055,-0.7717282772064209,-0.3847775161266327,-0.38977497816085815,-0.9998288750648499,-0.21254770457744598,-0.43028780817985535,-0.8541704416275024,-0.5985690355300903,-0.17523498833179474,-1.2907978296279907,-0.6330505609512329,-0.34186896681785583,-1.5674264430999756,-0.6218387484550476,-0.4340493977069855,-1.8183581829071045,-0.5993501543998718,-0.475848525762558,-0.9231517314910889,-0.35761064291000366,-0.1410866677761078,-1.3668302297592163,-0.40159186720848083,-0.3522632420063019,-1.6860780715942383,-0.41604751348495483,-0.45843398571014404,-1.940413236618042,-0.42438456416130066,-0.47875848412513733,-0.8912575840950012,-0.11599334329366684,-0.14109349250793457,-0.9467796087265015,-0.006308663170784712,-0.46667972207069397,-0.628557026386261,-0.024540912359952927,-0.55161452293396,-0.38734909892082214,-0.07511551678180695,-0.49274128675460815,-0.8135514855384827,0.11676500737667084,-0.15687185525894165,-0.7897852659225464,0.16071924567222595,-0.42210087180137634,-0.532235860824585,0.129329115152359,-0.4697750210762024,-0.34794124960899353,0.06955380737781525,-0.42784950137138367
0.0,0.0,0.0,-0.11260180175304413,-0.32952702045440674,-0.23224838078022003,-0.42608460783958435,-0.48004165291786194,-0.30179381370544434,-0.7232069969177246,-0.391714483499527,-0.358860045671463,-0.948316216468811,-0.2600368559360504,-0.4034929871559143,-0.8637913465499878,-0.5763691067695618,-0.14981608092784882,-1.287331461906433,-0.6165159344673157,-0.3155369460582733,-1.5573650598526,-0.6106814742088318,-0.4080607295036316,-1.8010003566741943,-0.5902653932571411,-0.44801628589630127,-0.9311771988868713,-0.33922964334487915,-0.13353708386421204,-1.36996328830719,-0.3923744857311249,-0.3386957347393036,-1.6869332790374756,-0.4069085419178009,-0.4433688521385193,-1.9406543970108032,-0.41783663630485535,-0.46256008744239807,-0.8973250985145569,-0.09874778985977173,-0.1494942456483841,-0.9438157677650452,0.014466828666627407,-0.46132519841194153,-0.6349508166313171,-0.004757205490022898,-0.5405822992324829,-0.39767390489578247,-0.06099297106266022,-0.4813140332698822,-0.8131736516952515,0.13683035969734192,-0.18017244338989258,-0.7865738868713379,0.1932530254125595,-0.4281831383705139,-0.5339111089706421,0.16158942878246307,-0.4645957052707672,-0.348351389169693,0.09647321701049805,-0.4164832830429077
0.0,0.0,0.0,-0.11199063062667847,-0.3271583318710327,-0.24091175198554993,-0.42120155692100525,-0.48386019468307495,-0.3184413015842438,-0.7198116183280945,-0.41502732038497925,-0.38206595182418823,-0.9529123902320862,-0.2891230881214142,-0.43250513076782227,-0.8742130994796753,-0.5712927579879761,-0.15879285335540771,-1.2979779243469238,-0.6073964834213257,-0.3295058012008667,-1.5695420503616333,-0.5952228903770447,-0.42668405175209045,-1.8138256072998047,-0.5731959939002991,-0.4718020558357239,-0.9319471716880798,-0.33265987038612366,-0.14426293969154358,-1.3832424879074097,-0.38352057337760925,-0.35587894916534424,-1.7035059928894043,-0.393730103969574,-0.46449485421180725,-1.9617267847061157,-0.405775249004364,-0.4880772829055786,-0.8834153413772583,-0.09002149105072021,-0.16238532960414886,-0.9707162976264954,0.01550976000726223,-0.48340195417404175,-0.6601475477218628,-0.0023190609645098448,-0.5567799210548401,-0.4252395033836365,-0.06117977574467659,-0.49398356676101685,-0.7827522158622742,0.14478003978729248,-0.19540691375732422,-0.7991020083427429,0.20459935069084167,-0.45474398136138916,-0.5473331809043884,0.17435449361801147,-0.48673927783966064,-0.3659096956253052,0.10832507908344269,-0.4349251687526703
0.0,0.0,0.0,-0.1112169548869133,-0.31892266869544983,-0.2571643888950348,-0.41291698813438416,-0.4841511845588684,-0.34891045093536377,-0.6978879570960999,-0.4222315847873688,-0.42250242829322815,-0.9397938251495361,-0.32229846715927124,-0.47957584261894226,-0.8803012371063232,-0.5613269805908203,-0.18048161268234253,-1.2893065214157104,-0.5914108753204346,-0.35929566621780396,-1.5526419878005981,-0.5764826536178589,-0.4610196650028229,-1.7900484800338745,-0.5510932803153992,-0.5097002983093262,-0.9309737682342529,-0.3276069760322571,-0.1611257642507553,-1.3663843870162964,-0.3725360631942749,-0.3855932950973511,-1.680646300315857,-0.37789711356163025,-0.49921026825904846,-1.9349281787872314,-0.3855122923851013,-0.5258181095123291,-0.8770806789398193,-0.0891350582242012,-0.17549894750118256,-0.9591512084007263,0.0021787364967167377,-0.5063437819480896,-0.6501069664955139,-0.01786370761692524,-0.5764440298080444,-0.42636340856552124,-0.07832159847021103,-0.5112864375114441,-0.7742087244987488,0.14147375524044037,-0.20572879910469055,-0.7984292507171631,0.1886720359325409,-0.47099214792251587,-0.542879045009613,0.15793275833129883,-0.5016217231750488,-0.36884716153144836,0.09311813861131668,-0.4486539661884308
0.0,0.0,0.0,-0.12769266963005066,-0.3332500159740448,-0.25080424547195435,-0.4410961866378784,-0.49078765511512756,-0.336417019367218,-0.7383995652198792,-0.4156854450702667,-0.4062926769256592,-0.9744288325309753,-0.30646079778671265,-0.46016553044319153,-0.8874576687812805,-0.568945586681366,-0.16496336460113525,-1.3097257614135742,-0.5981723666191101,-0.3418004512786865,-1.5800987482070923,-0.580662190914154,-0.44337108731269836,-1.8224228620529175,-0.5535149574279785,-0.4915863871574402,-0.9333906173706055,-0.32721301913261414,-0.14735539257526398,-1.382067084312439,-0.3698185384273529,-0.36962348222732544,-1.7029969692230225,-0.3758885860443115,-0.48294341564178467,-1.9618316888809204,-0.3848169147968292,-0.5094863772392273,-0.8784850239753723,-0.0827389732003212,-0.16411058604717255,-0.9659703969955444,-0.006286345887929201,-0.4938642978668213,-0.651339590549469,-0.032750245183706284,-0.5641492009162903,-0.42085716128349304,-0.09137940406799316,-0.49765369296073914,-0.7752500772476196,0.1530354619026184,-0.1964130699634552,-0.8092015981674194,0.18243882060050964,-0.4550648629665375,-0.5565460920333862,0.14605453610420227,-0.48150351643562317,-0.37980443239212036,0.08448515832424164,-0.42640420794487
0.0,0.0,0.0,-0.13623277842998505,-0.3360849916934967,-0.22814762592315674,-0.4664336144924164,-0.4936891794204712,-0.30288994312286377,-0.7736257910728455,-0.4178066551685333,-0.36623868346214294,-1.002446174621582,-0.2979814112186432,-0.4150592088699341,-0.8919919729232788,-0.5691729784011841,-0.14744552969932556,-1.3188680410385132,-0.6027711629867554,-0.3139951825141907,-1.5908926725387573,-0.5881510376930237,-0.4098169207572937,-1.8336023092269897,-0.5641716122627258,-0.45543619990348816,-0.9350971579551697,-0.32642221450805664,-0.1379919797182083,-1.3845323324203491,-0.38659417629241943,-0.35038259625434875,-1.706883430480957,-0.3981938064098358,-0.46183866262435913,-1.9692476987838745,-0.41219356656074524,-0.490327388048172,-0.8808644413948059,-0.08097346872091293,-0.15912260115146637,-0.9901286959648132,-0.02309957705438137,-0.47538992762565613,-0.685144305229187,-0.042104002088308334,-0.5385828614234924,-0.45858219265937805,-0.09186345338821411,-0.47172844409942627,-0.7782341837882996,0.16085952520370483,-0.1942121684551239,-0.8349167108535767,0.1692342758178711,-0.4415331184864044,-0.5866397023200989,0.13151152431964874,-0.4587150812149048,-0.40503910183906555,0.07650750130414963,-0.3994400203227997
0.0,0.0,0.0,-0.14482401311397552,-0.33583223819732666,-0.22860316932201385,-0.4801197648048401,-0.48561087250709534,-0.2952941358089447,-0.7848679423332214,-0.4209864139556885,-0.3509957194328308,-1.0095916986465454,-0.32270950078964233,-0.392567902803421,-0.8926378488540649,-0.5695955157279968,-0.12666253745555878,-1.3227826356887817,-0.5997892022132874,-0.2890227437019348,-1.6030616760253906,-0.5805683732032776,-0.38396087288856506,-1.8496276140213013,-0.5511149764060974,-0.42974063754081726,-0.9383513927459717,-0.3249596357345581,-0.11788918823003769,-1.4031765460968018,-0.37502801418304443,-0.32582205533981323,-1.7302210330963135,-0.37576499581336975,-0.43513214588165283,-1.9954806566238403,-0.38235440850257874,-0.46116727590560913,-0.8809342384338379,-0.07611394673585892,-0.14184671640396118,-1.0083892345428467,-0.0034619192592799664,-0.4632926285266876,-0.6908000707626343,-0.026715800166130066,-0.5264664888381958,-0.45794975757598877,-0.08738192170858383,-0.45713651180267334,-0.7708221077919006,0.17152151465415955,-0.17940765619277954,-0.8393386602401733,0.19893771409988403,-0.43571847677230835,-0.5837106704711914,0.15587863326072693,-0.4543570280075073,-0.40393689274787903,0.08649152517318726,-0.394451379776001
0.0,0.0,0.0,-0.15571101009845734,-0.35369202494621277,-0.24784313142299652,-0.49965935945510864,-0.5056133270263672,-0.3205792307853699,-0.8138326406478882,-0.42524343729019165,-0.3791672885417938,-1.0311338901519775,-0.29760944843292236,-0.4221493601799011,-0.9109832048416138,-0.5719109773635864,-0.13320869207382202,-1.3400298357009888,-0.5946795344352722,-0.29977646470069885,-1.6187812089920044,-0.5686754584312439,-0.40234440565109253,-1.8648046255111694,-0.5372613668441772,-0.45651623606681824,-0.9386150240898132,-0.325242817401886,-0.1149730533361435,-1.3814697265625,-0.3698325455188751,-0.3367025554180145,-1.7088737487792969,-0.36734136939048767,-0.46164584159851074,-1.978330373764038,-0.3705718219280243,-0.5019525289535522,-0.8739498257637024,-0.07944398373365402,-0.13198676705360413,-1.0106408596038818,-0.021691499277949333,-0.46575653553009033,-0.6966468691825867,-0.05547921732068062,-0.5384527444839478,-0.4656970798969269,-0.11766888201236725,-0.47620725631713867,-0.7649799585342407,0.16125886142253876,-0.16420678794384003,-0.8474239706993103,0.1718980222940445,-0.4306190609931946,-0.5989425778388977,0.1261812299489975,-0.4598044455051422,-0.4217403829097748,0.06153709068894386,-0.40901118516921997
0.0,0.0,0.0,-0.14785335958003998,-0.3497418463230133,-0.20322054624557495,-0.48319879174232483,-0.5091524720191956,-0.25420457124710083,-0.7905954122543335,-0.41989147663116455,-0.2975798547267914,-1.0106583833694458,-0.2873036563396454,-0.3292900621891022,-0.890826404094696,-0.5736037492752075,-0.09909594804048538,-1.2890288829803467,-0.6063424944877625,-0.24011559784412384,-1.550796627998352,-0.6039329767227173,-0.3230496048927307,-1.7811083793640137,-0.5867018699645996,-0.361696720123291,-0.9373905658721924,-0.33597683906555176,-0.09175217151641846,-1.3826831579208374,-0.37552541494369507,-0.2656990587711334,-1.6840758323669434,-0.3907777965068817,-0.3604590892791748,-1.925352931022644,-0.4036543071269989,-0.38245657086372375,-0.8819823861122131,-0.09664797782897949,-0.11488355696201324,-0.9441565275192261,-0.05339993163943291,-0.39498797059059143,-0.6585386991500854,-0.08745415508747101,-0.46493345499038696,-0.44879356026649475,-0.13429835438728333,-0.41095301508903503,-0.7771936058998108,0.13897743821144104,-0.1506199985742569,-0.7983325719833374,0.134735107421875,-0.3687955439090729,-0.5658677816390991,0.08292106539011002,-0.39171138405799866,-0.3925018608570099,0.0274526234716177,-0.3436703085899353
0.0,0.0,0.0,-0.12121552228927612,-0.3531055152416229,-0.21143443882465363,-0.4446701109409332,-0.5327911376953125,-0.2757247984409332,-0.7344075441360474,-0.4796186089515686,-0.33284398913383484,-0.9686773419380188,-0.38391345739364624,-0.37540462613105774,-0.8866658210754395,-0.5976454019546509,-0.11769499629735947,-1.2997721433639526,-0.6475650072097778,-0.2691709101200104,-1.5721657276153564,-0.6477217674255371,-0.35758155584335327,-1.812124252319336,-0.6368340849876404,-0.39988502860069275,-0.928894579410553,-0.3510134518146515,-0.1180860847234726,-1.3733841180801392,-0.43329107761383057,-0.31592893600463867,-1.6898720264434814,-0.47061875462532043,-0.4247242212295532,-1.9467092752456665,-0.5032233595848083,-0.45509982109069824,-0.8726158142089844,-0.09840074181556702,-0.14824670553207397,-0.9856753349304199,-0.08340619504451752,-0.4554004967212677,-0.6692172884941101,-0.11132825165987015,-0.5152387619018555,-0.44147148728370667,-0.15477171540260315,-0.44903993606567383,-0.769381046295166,0.15047982335090637,-0.19067229330539703,-0.8481127619743347,0.12251459062099457,-0.42789793014526367,-0.5955947041511536,0.07725348323583603,-0.4367402195930481,-0.41398003697395325,0.030102098360657692,-0.3748907148838043
0.0,0.0,0.0,-0.11656566709280014,-0.3644988536834717,-0.20184387266635895,-0.4693155288696289,-0.529120922088623,-0.2501284182071686,-0.7867763042449951,-0.4637109935283661,-0.29263928532600403,-0.998571515083313,-0.35897353291511536,-0.3233141601085663,-0.9014045596122742,-0.5835589170455933,-0.09329215437173843,-1.3276695013046265,-0.6319923996925354,-0.2307950109243393,-1.6026029586791992,-0.6250100135803223,-0.31163308024406433,-1.8428231477737427,-0.6064675450325012,-0.35222774744033813,-0.9348741769790649,-0.34248197078704834,-0.09336210042238235,-1.3840078115463257,-0.42423465847969055,-0.2787458598613739,-1.7022942304611206,-0.45100244879722595,-0.38181447982788086,-1.9585641622543335,-0.4732683300971985,-0.4102058410644531,-0.8705596923828125,-0.09306438267230988,-0.12346453219652176,-1.0181118249893188,-0.06760873645544052,-0.42970138788223267,-0.6971517205238342,-0.09679148346185684,-0.4926603436470032,-0.46044304966926575,-0.14451725780963898,-0.429076224565506,-0.7599846124649048,0.1596027910709381,-0.1645849049091339,-0.8458825349807739,0.14521640539169312,-0.41840994358062744,-0.5884789824485779,0.09541871398687363,-0.4402581751346588,-0.3984863758087158,0.03785562887787819,-0.38561493158340454
0.0,0.0,0.0,-0.12085358053445816,-0.36144906282424927,-0.21531182527542114,-0.46024736762046814,-0.5381465554237366,-0.2780221104621887,-0.7718972563743591,-0.4772217571735382,-0.3329225480556488,-0.9884355664253235,-0.3667919933795929,-0.37419697642326355,-0.8958969116210938,-0.6032134294509888,-0.11876894533634186,-1.3176395893096924,-0.6571637988090515,-0.2676556408405304,-1.5927722454071045,-0.6536312699317932,-0.3543805181980133,-1.8360991477966309,-0.6421076655387878,-0.3992457091808319,-0.9284108281135559,-0.35179415345191956,-0.11955861747264862,-1.3787500858306885,-0.4333030879497528,-0.3227507770061493,-1.7011083364486694,-0.4616151452064514,-0.4343961477279663,-1.9675188064575195,-0.4866553544998169,-0.46905946731567383,-0.8631491661071777,-0.09732386469841003,-0.15016034245491028,-1.0130794048309326,-0.07000922411680222,-0.4748629033565521,-0.67497318983078,-0.10128315538167953,-0.5352921485900879,-0.4306473433971405,-0.15147820115089417,-0.46686479449272156,-0.7518804669380188,0.15482503175735474,-0.19251184165477753,-0.8539924621582031,0.13939280807971954,-0.45646604895591736,-0.5878518223762512,0.09324105083942413,-0.4739052951335907,-0.3961426913738251,0.04185051470994949,-0.4154506027698517
0.0,0.0,0.0,-0.1252758949995041,-0.36023789644241333,-0.20399777591228485,-0.46502408385276794,-0.54686439037323,-0.257639616727829,-0.7782536745071411,-0.4890548288822174,-0.30608123540878296,-0.9898443818092346,-0.3729807436466217,-0.34274405241012573,-0.8853194713592529,-0.6072068810462952,-0.10943246632814407,-1.3213244676589966,-0.6668346524238586,-0.25887253880500793,-1.6044319868087769,-0.6646326184272766,-0.3444884121417999,-1.8509031534194946,-0.647524893283844,-0.3838850259780884,-0.925487756729126,-0.36222806572914124,-0.11073967814445496,-1.3863558769226074,-0.45191699266433716,-0.30031338334083557,-1.7132580280303955,-0.479463130235672,-0.4006200432777405,-1.9738945960998535,-0.499138206243515,-0.4238523542881012,-0.8689083456993103,-0.11072258651256561,-0.1420830339193344,-0.9961300492286682,-0.07897106558084488,-0.4454818665981293,-0.6765472888946533,-0.10140340030193329,-0.5063460469245911,-0.4385204613208771,-0.1469559371471405,-0.4395714998245239,-0.765049397945404,0.14387713372707367,-0.1853378564119339,-0.8310240507125854,0.13172748684883118,-0.42595136165618896,-0.5775381326675415,0.08921393007040024,-0.43983837962150574,-0.3914664685726166,0.03615829721093178,-0.38000550866127014
0.0,0.0,0.0,-0.10433830320835114,-0.34244346618652344,-0.20360681414604187,-0.4155366122722626,-0.5302969813346863,-0.2665431499481201,-0.7055590152740479,-0.49956953525543213,-0.3250496983528137,-0.9197299480438232,-0.40510258078575134,-0.3706395626068115,-0.8757806420326233,-0.6098055839538574,-0.12037266790866852,-1.3055347204208374,-0.6707211136817932,-0.271505743265152,-1.580489993095398,-0.6704218983650208,-0.35722729563713074,-1.819831132888794,-0.6594072580337524,-0.3950421214103699,-0.9205503463745117,-0.37131309509277344,-0.12129995971918106,-1.3612674474716187,-0.45971745252609253,-0.30956128239631653,-1.6806635856628418,-0.49006956815719604,-0.4094594717025757,-1.9343533515930176,-0.5147061944007874,-0.4322423040866852,-0.8704522252082825,-0.1229185163974762,-0.15112772583961487,-0.9760475158691406,-0.08092774450778961,-0.44869905710220337,-0.6594967842102051,-0.10072493553161621,-0.5099402070045471,-0.4185590445995331,-0.1467396765947342,-0.4447912573814392,-0.7728970050811768,0.12379874289035797,-0.19311809539794922,-0.8152076005935669,0.12439505755901337,-0.42987173795700073,-0.5617575645446777,0.08791307359933853,-0.44536104798316956,-0.37116390466690063,0.03598347678780556,-0.3856221139431
0.0,0.0,0.0,-0.10228071361780167,-0.3291611969470978,-0.22997255623340607,-0.38948747515678406,-0.5144488215446472,-0.31807979941368103,-0.6803405284881592,-0.4749274253845215,-0.3963913321495056,-0.9328755736351013,-0.3710428476333618,-0.4602294862270355,-0.8771313428878784,-0.5894190669059753,-0.15683794021606445,-1.2845226526260376,-0.6344925165176392,-0.3274729251861572,-1.5504188537597656,-0.631652295589447,-0.42615827918052673,-1.7865676879882812,-0.6212323307991028,-0.47269919514656067,-0.9253031611442566,-0.34827494621276855,-0.150061696767807,-1.3502293825149536,-0.42217838764190674,-0.36189836263656616,-1.6536563634872437,-0.4493679106235504,-0.4709813594818115,-1.9038734436035156,-0.4715215265750885,-0.49728909134864807,-0.8736193180084229,-0.09857992827892303,-0.17393212020397186,-0.9512056112289429,-0.05200529843568802,-0.4896860718727112,-0.6291632056236267,-0.08065956085920334,-0.5507459044456482,-0.39533641934394836,-0.1307966709136963,-0.48285186290740967,-0.7722475528717041,0.14267049729824066,-0.21163314580917358,-0.8041046857833862,0.1413024216890335,-0.4554973244667053,-0.5492242574691772,0.10177838802337646,-0.47032949328422546,-0.36523932218551636,0.04950615018606186,-0.4092997908592224
0.0,0.0,0.0,-0.08863718062639236,-0.349977046251297,-0.20649266242980957,-0.3656853139400482,-0.5342633724212646,-0.2738923132419586,-0.650295615196228,-0.49286818504333496,-0.3357967436313629,-0.8802683353424072,-0.39738160371780396,-0.38453149795532227,-0.8688772320747375,-0.5897949934005737,-0.12013300508260727,-1.2699192762374878,-0.6451915502548218,-0.2744477391242981,-1.531602382659912,-0.6594253182411194,-0.362515389919281,-1.7652243375778198,-0.6582058668136597,-0.3988409638404846,-0.9306479096412659,-0.34760093688964844,-0.11431537568569183,-1.3677936792373657,-0.4167158305644989,-0.2990958094596863,-1.6670299768447876,-0.46516120433807373,-0.3957315683364868,-1.9025359153747559,-0.5002536177635193,-0.412646621465683,-0.8932235240936279,-0.09948418289422989,-0.1386013627052307,-0.8868681192398071,-0.07493389397859573,-0.42507579922676086,-0.588737428188324,-0.1089157983660698,-0.4980975389480591,-0.3631455898284912,-0.1436910182237625,-0.43979036808013916,-0.8027847409248352,0.13929952681064606,-0.1759379506111145,-0.7558329105377197,0.11904873698949814,-0.3887432813644409,-0.5091228485107422,0.07904175668954849,-0.40932416915893555,-0.31968533992767334,0.039954718202352524,-0.3551488518714905
0.0,0.0,0.0,-0.0905856043100357,-0.3480479419231415,-0.2076152265071869,-0.3992899954319,-0.5319671630859375,-0.2670210897922516,-0.6844890117645264,-0.503547191619873,-0.32146307826042175,-0.9090657830238342,-0.432670921087265,-0.3622313439846039,-0.8712695837020874,-0.608296275138855,-0.10175953805446625,-1.2860949039459229,-0.6746028065681458,-0.250959575176239,-1.5552159547805786,-0.6843704581260681,-0.3371557891368866,-1.7914624214172363,-0.6833770275115967,-0.37315303087234497,-0.9226767420768738,-0.3736223578453064,-0.09525720775127411,-1.3393990993499756,-0.4744420647621155,-0.285410076379776,-1.6487019062042236,-0.5172973871231079,-0.38625699281692505,-1.8908648490905762,-0.5504308342933655,-0.4049096703529358,-0.8864480257034302,-0.13000760972499847,-0.12056863307952881,-0.9360983967781067,-0.09125576168298721,-0.4162956178188324,-0.6233114004135132,-0.11045988649129868,-0.4854462742805481,-0.381973534822464,-0.1551336646080017,-0.4227868616580963,-0.8053435683250427,0.1106816977262497,-0.1589699685573578,-0.7981359362602234,0.11213497072458267,-0.3849998116493225,-0.5440632700920105,0.08057945966720581,-0.4052325487136841,-0.3551138639450073,0.024613434448838234,-0.3492951989173889
0.0,0.0,0.0,-0.11461715400218964,-0.3232440948486328,-0.21281369030475616,-0.4185468256473541,-0.4948461949825287,-0.2843632996082306,-0.6994534134864807,-0.4635826349258423,-0.3493768572807312,-0.9354084730148315,-0.36505022644996643,-0.4008339047431946,-0.8906769752502441,-0.5526875257492065,-0.11550722271203995,-1.2698339223861694,-0.5983984470367432,-0.2755711078643799,-1.5187902450561523,-0.5956395268440247,-0.3746053874492645,-1.7436721324920654,-0.5807782411575317,-0.42315053939819336,-0.9394844770431519,-0.3236755430698395,-0.11226388067007065,-1.3344647884368896,-0.3935285806655884,-0.3125181794166565,-1.6333624124526978,-0.4175865948200226,-0.4188956022262573,-1.874934434890747,-0.4388673007488251,-0.4451163411140442,-0.8907132744789124,-0.0825943872332573,-0.14150285720825195,-0.959404706954956,-0.0373721718788147,-0.4425183832645416,-0.6510902047157288,-0.07334809750318527,-0.5043931603431702,-0.4197521209716797,-0.1317746937274933,-0.4411608576774597,-0.7873857617378235,0.15332257747650146,-0.18480917811393738,-0.8046280145645142,0.16158373653888702,-0.42008548974990845,-0.5620078444480896,0.11567258089780807,-0.4399542808532715,-0.3834596872329712,0.05089880898594856,-0.38519901037216187
0.0,0.0,0.0,-0.14275230467319489,-0.3428378701210022,-0.2623179256916046,-0.4829180836677551,-0.49665650725364685,-0.3470294177532196,-0.7761263251304626,-0.42559680342674255,-0.4143724739551544,-0.9951329827308655,-0.28851690888404846,-0.46453794836997986,-0.9092302918434143,-0.5592652559280396,-0.14133718609809875,-1.3253151178359985,-0.5793144702911377,-0.31155669689178467,-1.5895037651062012,-0.5597562193870544,-0.4177674949169159,-1.8248707056045532,-0.5310268998146057,-0.4721459746360779,-0.9399562478065491,-0.3215077221393585,-0.11452128738164902,-1.3721156120300293,-0.36746832728385925,-0.33623039722442627,-1.685092568397522,-0.3743237257003784,-0.45645204186439514,-1.9339240789413452,-0.38140541315078735,-0.4886085093021393,-0.8791604042053223,-0.07777472585439682,-0.12573280930519104,-0.9589754939079285,-0.01186765544116497,-0.4526137113571167,-0.6476637125015259,-0.05558395758271217,-0.5271222591400146,-0.4279051125049591,-0.12661947309970856,-0.46475619077682495,-0.7829594016075134,0.15783539414405823,-0.15426357090473175,-0.8009560704231262,0.1812666356563568,-0.40750598907470703,-0.5525709390640259,0.13558410108089447,-0.4373452961444855,-0.3886581063270569,0.06599421054124832,-0.38790249824523926
0.0,0.0,0.0,-0.1340237706899643,-0.35909152030944824,-0.20375864207744598,-0.4898003339767456,-0.5163937211036682,-0.2611561715602875,-0.8077961802482605,-0.4360896348953247,-0.31368616223335266,-1.0116064548492432,-0.3023579716682434,-0.35405462980270386,-0.9177215695381165,-0.5526509284973145,-0.0987820252776146,-1.3357369899749756,-0.582589864730835,-0.24659223854541779,-1.6061148643493652,-0.5650890469551086,-0.3373173177242279,-1.8431487083435059,-0.5379763841629028,-0.3852958083152771,-0.9450220465660095,-0.31054332852363586,-0.10245029628276825,-1.3960834741592407,-0.3630821108818054,-0.29495978355407715,-1.7136706113815308,-0.3780484199523926,-0.4008796811103821,-1.965354323387146,-0.39054834842681885,-0.4317820966243744,-0.8712104558944702,-0.06432078778743744,-0.13729256391525269,-0.99178546667099,-0.036246031522750854,-0.43820855021476746,-0.6879038214683533,-0.08242399990558624,-0.4985882043838501,-0.45885974168777466,-0.13868415355682373,-0.4362908899784088,-0.7473921179771423,0.1811811774969101,-0.18510788679122925,-0.8115363717079163,0.17616824805736542,-0.4239307641983032,-0.5761632919311523,0.11487437039613724,-0.4425010681152344,-0.4009024500846863,0.050192467868328094,-0.39010950922966003
0.0,0.0,0.0,-0.1589915007352829,-0.34733012318611145,-0.1729394495487213,-0.5238745212554932,-0.48332396149635315,-0.21833164989948273,-0.835579514503479,-0.3828931152820587,-0.26527637243270874,-1.0255476236343384,-0.2071613073348999,-0.3039048910140991,-0.9275387525558472,-0.525135338306427,-0.07716313749551773,-1.3413118124008179,-0.55373215675354,-0.21562080085277557,-1.6083083152770996,-0.5402543544769287,-0.29859378933906555,-1.8462709188461304,-0.5103685259819031,-0.3410050868988037,-0.9548173546791077,-0.28115469217300415,-0.09631084650754929,-1.4207030534744263,-0.3182488977909088,-0.2759190797805786,-1.7392795085906982,-0.32505783438682556,-0.37234553694725037,-1.9965711832046509,-0.32389381527900696,-0.3966138958930969,-0.8743240237236023,-0.032303936779499054,-0.14328011870384216,-0.9862542152404785,-0.0027125864289700985,-0.4380958676338196,-0.6791644096374512,-0.061886709183454514,-0.4945501685142517,-0.45067858695983887,-0.12042511254549026,-0.42825043201446533,-0.737440824508667,0.21510852873325348,-0.19972971081733704,-0.8103512525558472,0.19875194132328033,-0.42925792932510376,-0.5751908421516418,0.12587173283100128,-0.4358576238155365,-0.39529916644096375,0.06375691294670105,-0.3750608563423157
0.0,0.0,0.0,-0.15757742524147034,-0.3352832794189453,-0.1996215134859085,-0.5255777835845947,-0.4688240587711334,-0.25465160608291626,-0.8336291313171387,-0.35045289993286133,-0.30346038937568665,-1.0245542526245117,-0.17410027980804443,-0.3407582938671112,-0.9439854621887207,-0.4926166832447052,-0.10832569748163223,-1.3680682182312012,-0.4961305558681488,-0.25540095567703247,-1.6356045007705688,-0.46368512511253357,-0.3414906859397888,-1.873107671737671,-0.4195861220359802,-0.3847947418689728,-0.9622059464454651,-0.24834775924682617,-0.1117282509803772,-1.409947156906128,-0.27416589856147766,-0.3078596889972687,-1.727033257484436,-0.2607097327709198,-0.41357162594795227,-1.9857145547866821,-0.24707718193531036,-0.44133785367012024,-0.8806245923042297,-0.008215462788939476,-0.1440856158733368,-0.9772437810897827,0.05325542017817497,-0.45157766342163086,-0.67032790184021,-0.011363799683749676,-0.5162928700447083,-0.44847309589385986,-0.0885893926024437,-0.4529511034488678,-0.7510117292404175,0.22599239647388458,-0.18774570524692535,-0.7996479868888855,0.23684173822402954,-0.4303952753543854,-0.5591643452644348,0.16032235324382782,-0.4498901069164276,-0.3886890411376953,0.07791858166456223,-0.3957884609699249
0.0,0.0,0.0,-0.1602194458246231,-0.3311504125595093,-0.2121589183807373,-0.5053256154060364,-0.47388529777526855,-0.27481573820114136,-0.8097867965698242,-0.3848351240158081,-0.3298209309577942,-1.0223256349563599,-0.23858822882175446,-0.37264159321784973,-0.9220237731933594,-0.5216191411018372,-0.12122040241956711,-1.3522285223007202,-0.5317636728286743,-0.28204765915870667,-1.6258220672607422,-0.4968203902244568,-0.37559786438941956,-1.8681999444961548,-0.45195963978767395,-0.42031872272491455,-0.9530669450759888,-0.2780230641365051,-0.11986107379198074,-1.415396809577942,-0.2962541878223419,-0.32181334495544434,-1.7386422157287598,-0.2783212959766388,-0.4280247986316681,-2.002200126647949,-0.26592904329299927,-0.453012615442276,-0.8789072632789612,-0.03459523990750313,-0.14927002787590027,-0.9796345829963684,0.04065827280282974,-0.4620334208011627,-0.6673169136047363,-0.007169597782194614,-0.5262738466262817,-0.43900999426841736,-0.08157980442047119,-0.4599188566207886,-0.7519511580467224,0.203615203499794,-0.19112642109394073,-0.7905131578445435,0.22790761291980743,-0.4401516020298004,-0.5459123253822327,0.1639239490032196,-0.4602062404155731,-0.3740026354789734,0.08326094597578049,-0.40282943844795227
0.0,0.0,0.0,-0.1505679190158844,-0.32859766483306885,-0.21058981120586395,-0.4928836524486542,-0.4643821716308594,-0.26304206252098083,-0.7940700054168701,-0.3853588104248047,-0.30676087737083435,-0.997567892074585,-0.24278491735458374,-0.3381888270378113,-0.9069303274154663,-0.536352276802063,-0.11107848584651947,-1.34089195728302,-0.5458067059516907,-0.2582867443561554,-1.6169756650924683,-0.5159991979598999,-0.3425193130970001,-1.8577229976654053,-0.4720560908317566,-0.3788096308708191,-0.9511879682540894,-0.29182928800582886,-0.10038407146930695,-1.4032557010650635,-0.3085153102874756,-0.2853480577468872,-1.7261346578598022,-0.29611703753471375,-0.3852557837963104,-1.9792778491973877,-0.2810039520263672,-0.4049171507358551,-0.8946506977081299,-0.052533119916915894,-0.12081655114889145,-0.9391903877258301,0.040376681834459305,-0.41291868686676025,-0.6458922028541565,-0.006423380225896835,-0.48954474925994873,-0.4265788793563843,-0.07700728625059128,-0.43321627378463745,-0.7905778288841248,0.18042978644371033,-0.15424443781375885,-0.7844896912574768,0.2035173773765564,-0.383965402841568,-0.5457653999328613,0.1463012397289276,-0.41269469261169434,-0.3751371204853058,0.0714106485247612,-0.3633537292480469
0.0,0.0,0.0,-0.17367467284202576,-0.32021674513816833,-0.19285134971141815,-0.5288934111595154,-0.4412289261817932,-0.2421039193868637,-0.8229313492774963,-0.34372323751449585,-0.287067174911499,-1.0121644735336304,-0.1842854768037796,-0.32172420620918274,-0.9233245253562927,-0.5104931592941284,-0.08701857179403305,-1.3319364786148071,-0.5160384178161621,-0.23341339826583862,-1.5982391834259033,-0.48477983474731445,-0.3210512399673462,-1.8346527814865112,-0.43883493542671204,-0.3633275628089905,-0.959835410118103,-0.2655596435070038,-0.09052073210477829,-1.4183266162872314,-0.26402902603149414,-0.27726104855537415,-1.7341077327728271,-0.23962514102458954,-0.37724247574806213,-1.988573670387268,-0.2161911129951477,-0.39800143241882324,-0.8902345895767212,-0.02465044893324375,-0.12439669668674469,-0.9552977681159973,0.07094728201627731,-0.42148178815841675,-0.6549397706985474,0.013054105453193188,-0.488312691450119,-0.4384351968765259,-0.06269871443510056,-0.4255921542644501,-0.7666872143745422,0.20947913825511932,-0.169700026512146,-0.7912027835845947,0.2409573793411255,-0.4005602300167084,-0.550273060798645,0.17606566846370697,-0.41771504282951355,-0.38187387585639954,0.0985756441950798,-0.36157122254371643
0.0,0.0,0.0,-0.17020133137702942,-0.31025272607803345,-0.2800453305244446,-0.5361260771751404,-0.44163113832473755,-0.3658555746078491,-0.8380970358848572,-0.324222594499588,-0.4260497987270355,-1.037524938583374,-0.1483476310968399,-0.470218688249588,-0.9308087229728699,-0.5006230473518372,-0.18243445456027985,-1.368959903717041,-0.48819151520729065,-0.36960312724113464,-1.643833041191101,-0.4426940083503723,-0.48224887251853943,-1.8886150121688843,-0.39142802357673645,-0.5388687252998352,-0.9551604390144348,-0.2564409375190735,-0.1480085849761963,-1.4119969606399536,-0.24566487967967987,-0.38094380497932434,-1.7313200235366821,-0.205939382314682,-0.5028809905052185,-1.9958970546722412,-0.1781308948993683,-0.5337459444999695,-0.8894688487052917,-0.02159932069480419,-0.151350200176239,-0.9655099511146545,0.09612234681844711,-0.49431854486465454,-0.6544029712677002,0.04857699200510979,-0.5752353072166443,-0.4411855936050415,-0.03804453834891319,-0.5133957266807556,-0.7828545570373535,0.1973731368780136,-0.17231927812099457,-0.7986787557601929,0.2618122100830078,-0.44357025623321533,-0.5435554385185242,0.21500395238399506,-0.4791697561740875,-0.3828411400318146,0.13357631862163544,-0.4301230311393738
0.0,0.0,0.0,-0.1776636391878128,-0.318314790725708,-0.2341819852590561,-0.5455384254455566,-0.44147399067878723,-0.3059512972831726,-0.8584306836128235,-0.32984647154808044,-0.3646757900714874,-1.049367904663086,-0.15041902661323547,-0.4110131859779358,-0.934209942817688,-0.4960569739341736,-0.14280861616134644,-1.37102472782135,-0.490088552236557,-0.3111187219619751,-1.6429810523986816,-0.4495062232017517,-0.41205668449401855,-1.8869692087173462,-0.40359634160995483,-0.46384817361831665,-0.9596450924873352,-0.24902957677841187,-0.13063491880893707,-1.4153790473937988,-0.25005415081977844,-0.34804707765579224,-1.7420995235443115,-0.21470236778259277,-0.4628300666809082,-2.0111217498779297,-0.19032147526741028,-0.4939194619655609,-0.8875802755355835,-0.010954148136079311,-0.15078912675380707,-0.9836000800132751,0.1037832498550415,-0.4750584661960602,-0.6821426153182983,0.052995141595602036,-0.5428045988082886,-0.459355890750885,-0.030262773856520653,-0.477977991104126,-0.765342116355896,0.21515396237373352,-0.18546642363071442,-0.8146805167198181,0.2782244086265564,-0.4413105547428131,-0.5700874328613281,0.2273598164319992,-0.4629272520542145,-0.3956683576107025,0.1484212428331375,-0.40732383728027344
0.0,0.0,0.0,-0.1778239905834198,-0.32421648502349854,-0.2463686615228653,-0.5492128133773804,-0.44639942049980164,-0.3204785883426666,-0.867118239402771,-0.3363930583000183,-0.3796980679035187,-1.0736054182052612,-0.17769081890583038,-0.42464345693588257,-0.9461632966995239,-0.49241647124290466,-0.13092154264450073,-1.3864130973815918,-0.4835061728954315,-0.29968395829200745,-1.6627601385116577,-0.4399915337562561,-0.405563086271286,-1.9062490463256836,-0.39563193917274475,-0.46240195631980896,-0.9621297121047974,-0.2469887137413025,-0.11533810198307037,-1.4352142810821533,-0.24437052011489868,-0.3343311548233032,-1.7658129930496216,-0.2113456428050995,-0.45555728673934937,-2.0391972064971924,-0.18988746404647827,-0.49232080578804016,-0.8842874765396118,-0.013191732577979565,-0.13494960963726044,-1.02621328830719,0.1015438437461853,-0.4695071876049042,-0.7156397104263306,0.04849860817193985,-0.5382769107818604,-0.48752516508102417,-0.03219923749566078,-0.47315195202827454,-0.7574639320373535,0.2130405455827713,-0.16962392628192902,-0.8415424823760986,0.2733532786369324,-0.4398788809776306,-0.5893312692642212,0.22017988562583923,-0.46419885754585266,-0.4099940061569214,0.14307564496994019,-0.4091510474681854
0.0,0.0,0.0,-0.18597936630249023,-0.32371389865875244,-0.2688130736351013,-0.5637758374214172,-0.4277408719062805,-0.3454422056674957,-0.8848168849945068,-0.31425967812538147,-0.40459686517715454,-1.0884712934494019,-0.15334269404411316,-0.44924962520599365,-0.9530144333839417,-0.48065385222435,-0.13147419691085815,-1.3928251266479492,-0.46467095613479614,-0.3038175404071808,-1.6690022945404053,-0.4191104471683502,-0.4134245812892914,-1.9120858907699585,-0.372961163520813,-0.47224295139312744,-0.9656355381011963,-0.23780858516693115,-0.10485726594924927,-1.4440391063690186,-0.22311024367809296,-0.33291900157928467,-1.7769591808319092,-0.18368536233901978,-0.45937129855155945,-2.0450820922851562,-0.1572204977273941,-0.49703750014305115,-0.8862860798835754,-0.0035057920031249523,-0.11769608408212662,-1.0312304496765137,0.11393336951732635,-0.4680357575416565,-0.7242338061332703,0.06218743324279785,-0.5480608344078064,-0.4955381751060486,-0.018595989793539047,-0.4848865866661072,-0.7656038403511047,0.2242119163274765,-0.14707757532596588,-0.8584825992584229,0.2814677357673645,-0.43084248900413513,-0.6078854203224182,0.23165233433246613,-0.4651523232460022,-0.42564472556114197,0.1575578898191452,-0.41472864151000977
0.0,0.0,0.0,-0.20747345685958862,-0.34010499715805054,-0.24039126932621002,-0.6013004779815674,-0.4449741542339325,-0.29347747564315796,-0.9349164366722107,-0.3122464120388031,-0.33506476879119873,-1.1155331134796143,-0.11083175241947174,-0.36382657289505005,-0.9690611362457275,-0.48104387521743774,-0.07586506754159927,-1.4123976230621338,-0.46521899104118347,-0.22181418538093567,-1.690610408782959,-0.42372843623161316,-0.31791695952415466,-1.9336445331573486,-0.38170287013053894,-0.3715502619743347,-0.9702370762825012,-0.23505301773548126,-0.058224696666002274,-1.4600425958633423,-0.22865000367164612,-0.26310995221138,-1.7947325706481934,-0.2021738588809967,-0.38698136806488037,-2.0630762577056885,-0.1820339411497116,-0.42839109897613525,-0.8792384266853333,0.003136117709800601,-0.07819299399852753,-1.0449999570846558,0.09703640639781952,-0.41385287046432495,-0.7474767565727234,0.036687012761831284,-0.49869784712791443,-0.5241084694862366,-0.03959815576672554,-0.44233402609825134,-0.747669517993927,0.23789697885513306,-0.1121218204498291,-0.8650584816932678,0.2693193554878235,-0.3865833878517151,-0.6204755306243896,0.2085852175951004,-0.42212575674057007,-0.43723243474960327,0.13851861655712128,-0.37627774477005005
0.0,0.0,0.0,-0.1969214826822281,-0.3464937210083008,-0.22983205318450928,-0.6023949980735779,-0.4551375210285187,-0.27911171317100525,-0.9449166059494019,-0.3191295266151428,-0.3188316524028778,-1.1393628120422363,-0.12909573316574097,-0.3454423248767853,-0.968975305557251,-0.48399168252944946,-0.07109718769788742,-1.4249943494796753,-0.47566115856170654,-0.21356745064258575,-1.7086700201034546,-0.4355621039867401,-0.3044889569282532,-1.9548920392990112,-0.3938159644603729,-0.35503873229026794,-0.9706667065620422,-0.2326008677482605,-0.060852326452732086,-1.4719500541687012,-0.23570775985717773,-0.2648707926273346,-1.8094921112060547,-0.21410740911960602,-0.38575756549835205,-2.0865087509155273,-0.1987341195344925,-0.4254123568534851,-0.8802569508552551,0.010371983982622623,-0.0864027664065361,-1.0730780363082886,0.09150620549917221,-0.4231913089752197,-0.7579167485237122,0.02781854011118412,-0.49726006388664246,-0.5319930911064148,-0.04671843722462654,-0.4337911009788513,-0.746925413608551,0.25467371940612793,-0.12451071292161942,-0.8868888020515442,0.2754003703594208,-0.4000798165798187,-0.629734992980957,0.20987588167190552,-0.42622238397598267,-0.44607487320899963,0.1418410837650299,-0.37360039353370667
0.0,0.0,0.0,-0.18753992021083832,-0.33381643891334534,-0.262595534324646,-0.5779889822006226,-0.44257327914237976,-0.3386324644088745,-0.9160203337669373,-0.32972219586372375,-0.3989301919937134,-1.122184157371521,-0.15937556326389313,-0.44428402185440063,-0.9621381163597107,-0.47730302810668945,-0.12945857644081116,-1.4150235652923584,-0.46549054980278015,-0.29526153206825256,-1.6972060203552246,-0.42412814497947693,-0.4009663462638855,-1.944772720336914,-0.3830856382846832,-0.4604256749153137,-0.9678072929382324,-0.22683311998844147,-0.10906805843114853,-1.4562914371490479,-0.22744257748126984,-0.3360522985458374,-1.7982721328735352,-0.19883622229099274,-0.46515047550201416,-2.0797793865203857,-0.17936190962791443,-0.5097423791885376,-0.8823105096817017,0.016887761652469635,-0.12579044699668884,-1.0729930400848389,0.11090909689664841,-0.47676709294319153,-0.7607703804969788,0.04425665736198425,-0.5496852397918701,-0.5339108109474182,-0.040840525180101395,-0.48519644141197205,-0.7550641298294067,0.2579972445964813,-0.15849310159683228,-0.8727256059646606,0.29057198762893677,-0.4469326138496399,-0.6207170486450195,0.2199641764163971,-0.47978299856185913,-0.442910373210907,0.13811823725700378,-0.4304553270339966
0.0,0.0,0.0,-0.1784025877714157,-0.3293856084346771,-0.26994866132736206,-0.5558099150657654,-0.42610517144203186,-0.3564387261867523,-0.886885404586792,-0.3073967695236206,-0.42626863718032837,-1.1073980331420898,-0.14747831225395203,-0.48097941279411316,-0.9657333493232727,-0.45487716794013977,-0.14941278100013733,-1.4077399969100952,-0.4390907883644104,-0.3252549171447754,-1.6875603199005127,-0.3953130543231964,-0.4374143183231354,-1.9351190328598022,-0.3530748784542084,-0.5002795457839966,-0.9699859619140625,-0.20655231177806854,-0.1283094584941864,-1.4506866931915283,-0.20820754766464233,-0.3627969026565552,-1.790913462638855,-0.17461098730564117,-0.49450260400772095,-2.0719151496887207,-0.14843790233135223,-0.5408605933189392,-0.8814711570739746,0.0318179726600647,-0.1443222016096115,-1.0651341676712036,0.13313397765159607,-0.49855732917785645,-0.7589502334594727,0.06743673980236053,-0.5704277753829956,-0.5285159945487976,-0.020300664007663727,-0.5058417916297913,-0.7492103576660156,0.2667655348777771,-0.17728634178638458,-0.8608732223510742,0.3077564537525177,-0.4690379500389099,-0.6139176487922668,0.23579874634742737,-0.5017982721328735,-0.4324604570865631,0.15022261440753937,-0.4515568017959595
0.0,0.0,0.0,-0.19513654708862305,-0.3265804350376129,-0.2944839894771576,-0.5815178751945496,-0.40816646814346313,-0.3753393590450287,-0.9177900552749634,-0.29347851872444153,-0.4345754384994507,-1.1352030038833618,-0.13079051673412323,-0.4761156737804413,-0.9734097719192505,-0.46301785111427307,-0.12103570252656937,-1.4205706119537354,-0.43841907382011414,-0.28391993045806885,-1.7077670097351074,-0.39210405945777893,-0.3909185230731964,-1.9591243267059326,-0.35090935230255127,-0.4513944983482361,-0.9725608825683594,-0.21725717186927795,-0.08321379870176315,-1.4725888967514038,-0.20631200075149536,-0.31116679310798645,-1.8227139711380005,-0.17272639274597168,-0.44513368606567383,-2.1012582778930664,-0.1491726189851761,-0.491295725107193,-0.8829787969589233,0.020978551357984543,-0.08853219449520111,-1.0785150527954102,0.12393227219581604,-0.4523744285106659,-0.7712385654449463,0.06873888522386551,-0.5404387712478638,-0.541291356086731,-0.013578308746218681,-0.4804909825325012,-0.7602119445800781,0.2558206617832184,-0.1119898334145546,-0.8822449445724487,0.30185467004776,-0.41451093554496765,-0.6335575580596924,0.24012574553489685,-0.46128085255622864,-0.4547947645187378,0.16109755635261536,-0.41906633973121643
0.0,0.0,0.0,-0.19791848957538605,-0.3303445875644684,-0.24378077685832977,-0.5795828104019165,-0.4232483208179474,-0.31730473041534424,-0.9171472191810608,-0.29431766271591187,-0.37833669781684875,-1.1251307725906372,-0.12729166448116302,-0.42442309856414795,-0.9709387421607971,-0.4624060094356537,-0.11454401910305023,-1.4097622632980347,-0.44734466075897217,-0.2729334533214569,-1.6880558729171753,-0.40374717116355896,-0.372184693813324,-1.9322799444198608,-0.36188235878944397,-0.4277505874633789,-0.9720980525016785,-0.21019485592842102,-0.1041320264339447,-1.4713441133499146,-0.2093992531299591,-0.3176550567150116,-1.8074527978897095,-0.18330544233322144,-0.4394995868206024,-2.0849990844726562,-0.1655724048614502,-0.4816136360168457,-0.8753847479820251,0.03198413550853729,-0.128492534160614,-1.0762742757797241,0.12360197305679321,-0.4663976728916168,-0.7730950713157654,0.05862955376505852,-0.5341596007347107,-0.5467444658279419,-0.019961416721343994,-0.4692689776420593,-0.7323812246322632,0.2709521949291229,-0.1672651320695877,-0.8691421151161194,0.30359047651290894,-0.4431808888912201,-0.6308249235153198,0.22745877504348755,-0.4674890637397766,-0.4530830979347229,0.15035030245780945,-0.4140322506427765
0.0,0.0,0.0,-0.18671821057796478,-0.3235345184803009,-0.2240714132785797,-0.5875070095062256,-0.420886367559433,-0.28078189492225647,-0.9253993034362793,-0.29747867584228516,-0.3283211588859558,-1.1197277307510376,-0.13343296945095062,-0.36248454451560974,-0.9751045107841492,-0.45014193654060364,-0.09698116779327393,-1.4242093563079834,-0.4383707642555237,-0.24427174031734467,-1.7078990936279297,-0.39661693572998047,-0.33374738693237305,-1.9519673585891724,-0.35448020696640015,-0.3822273910045624,-0.9753986597061157,-0.1993958204984665,-0.09401445835828781,-1.4824151992797852,-0.2058849334716797,-0.2985248267650604,-1.8220312595367432,-0.17758262157440186,-0.41340139508247375,-2.100156545639038,-0.15683922171592712,-0.44870898127555847,-0.8786337971687317,0.03989803418517113,-0.12344714254140854,-1.089613676071167,0.12986989319324493,-0.45639821887016296,-0.7753032445907593,0.06589189916849136,-0.5186188817024231,-0.546053946018219,-0.010843251831829548,-0.44828781485557556,-0.7329117059707642,0.2782655656337738,-0.1651780754327774,-0.8843926787376404,0.3084767162799835,-0.4374252259731293,-0.635377049446106,0.2316078394651413,-0.4538290500640869,-0.4532001316547394,0.15699011087417603,-0.3934573829174042
0.0,0.0,0.0,-0.21167804300785065,-0.3201766908168793,-0.283469557762146,-0.5851296782493591,-0.4116758406162262,-0.3669207990169525,-0.908339262008667,-0.29716071486473083,-0.42944133281707764,-1.1277166604995728,-0.14547695219516754,-0.4734119772911072,-0.9782983064651489,-0.4740554988384247,-0.1253710836172104,-1.4195117950439453,-0.4422997236251831,-0.2893541753292084,-1.7044594287872314,-0.39113107323646545,-0.3952544629573822,-1.952453374862671,-0.34804463386535645,-0.4557355046272278,-0.9698618650436401,-0.22420121729373932,-0.09540340304374695,-1.477181077003479,-0.2044546902179718,-0.3229493796825409,-1.8148179054260254,-0.16974873840808868,-0.4568149447441101,-2.091017007827759,-0.1490427851676941,-0.5046195983886719,-0.8691569566726685,0.017369292676448822,-0.10554824024438858,-1.073518991470337,0.11995632946491241,-0.4633742570877075,-0.7632350325584412,0.056137118488550186,-0.5419105887413025,-0.5428181290626526,-0.030422285199165344,-0.47938597202301025,-0.7332131862640381,0.253464013338089,-0.13271045684814453,-0.8662689328193665,0.3028353750705719,-0.42524024844169617,-0.6199447512626648,0.2297651618719101,-0.4603571593761444,-0.45433560013771057,0.14521941542625427,-0.41258758306503296
0.0,0.0,0.0,-0.20294414460659027,-0.322109192609787,-0.2233525514602661,-0.5731761455535889,-0.43526551127433777,-0.2886424660682678,-0.8903707265853882,-0.32230934500694275,-0.3435176610946655,-1.1105129718780518,-0.17070433497428894,-0.382710337638855,-0.9531750679016113,-0.4904896020889282,-0.10533157736063004,-1.3879128694534302,-0.47749677300453186,-0.2586626708507538,-1.666954517364502,-0.43554744124412537,-0.34999412298202515,-1.9093401432037354,-0.39402103424072266,-0.3981561064720154,-0.9650954604148865,-0.24162210524082184,-0.10104207694530487,-1.471382975578308,-0.24973613023757935,-0.31049907207489014,-1.7979894876480103,-0.23444433510303497,-0.4291882812976837,-2.0700082778930664,-0.22861921787261963,-0.46700775623321533,-0.8766295909881592,0.0009704583208076656,-0.12751294672489166,-1.0649750232696533,0.06311793625354767,-0.44942015409469604,-0.7637463808059692,0.0033753705210983753,-0.5082442164421082,-0.5541787147521973,-0.06606154888868332,-0.44026702642440796,-0.7381525039672852,0.23732857406139374,-0.16664834320545197,-0.8720826506614685,0.24444933235645294,-0.41750067472457886,-0.6323239803314209,0.1713346540927887,-0.4249947965145111,-0.46664103865623474,0.10683338344097137,-0.36276012659072876
0.0,0.0,0.0,-0.20083078742027283,-0.3388621211051941,-0.1966252624988556,-0.589602530002594,-0.47659212350845337,-0.24659961462020874,-0.9251261353492737,-0.3519498407840729,-0.29030799865722656,-1.1148898601531982,-0.15910914540290833,-0.3239833414554596,-0.9424821138381958,-0.5070881843566895,-0.09459380805492401,-1.3759814500808716,-0.5116370916366577,-0.2333982139825821,-1.6516696214675903,-0.4839431345462799,-0.31518712639808655,-1.892712950706482,-0.45077449083328247,-0.35918936133384705,-0.9612849354743958,-0.2562564015388489,-0.10131029039621353,-1.4734745025634766,-0.2793673574924469,-0.2850678563117981,-1.7978721857070923,-0.27540701627731323,-0.3870290517807007,-2.0591349601745605,-0.2690136134624481,-0.4190603494644165,-0.8766492009162903,-0.010212089866399765,-0.13581953942775726,-1.0712214708328247,0.04022224247455597,-0.43506789207458496,-0.7705090045928955,-0.02126133069396019,-0.49001365900039673,-0.5476226210594177,-0.08439251780509949,-0.4264003336429596,-0.7394009828567505,0.23320868611335754,-0.18115496635437012,-0.8777763843536377,0.23006044328212738,-0.41788700222969055,-0.6443148255348206,0.16007685661315918,-0.4237102270126343,-0.46777698397636414,0.1023692935705185,-0.3653944432735443
0.0,0.0,0.0,-0.16289886832237244,-0.35482165217399597,-0.22445446252822876,-0.5500839948654175,-0.4868117868900299,-0.28899940848350525,-0.8986344337463379,-0.3863148093223572,-0.34379830956459045,-1.1022262573242188,-0.21813338994979858,-0.3869127929210663,-0.9422497749328613,-0.515693187713623,-0.1311855912208557,-1.386152744293213,-0.5324044227600098,-0.28847673535346985,-1.6698476076126099,-0.508091926574707,-0.3825473189353943,-1.9191665649414062,-0.47946906089782715,-0.4343588650226593,-0.9558374285697937,-0.26347023248672485,-0.13022387027740479,-1.4564141035079956,-0.3121192753314972,-0.34480711817741394,-1.7985495328903198,-0.3162609934806824,-0.4625609517097473,-2.0728988647460938,-0.31982752680778503,-0.5027052164077759,-0.8694503307342529,-0.012606974691152573,-0.15914425253868103,-1.0705928802490234,0.03271158039569855,-0.49222105741500854,-0.7611443996429443,-0.021581174805760384,-0.5514997243881226,-0.525472104549408,-0.08910798281431198,-0.48288342356681824,-0.7358589768409729,0.23995694518089294,-0.20066224038600922,-0.8751820921897888,0.23457537591457367,-0.4712470769882202,-0.6324447989463806,0.15969409048557281,-0.48823314905166626,-0.4485304653644562,0.08796944469213486,-0.43081167340278625
0.0,0.0,0.0,-0.18670547008514404,-0.3613140881061554,-0.1878681182861328,-0.5901268124580383,-0.48320138454437256,-0.2318359911441803,-0.9356661438941956,-0.3697028160095215,-0.27269548177719116,-1.1299471855163574,-0.18131251633167267,-0.3040802776813507,-0.9512306451797485,-0.5078752636909485,-0.08342202752828598,-1.3848867416381836,-0.5205377340316772,-0.21864630281925201,-1.6648080348968506,-0.4960406422615051,-0.2993919551372528,-1.9082127809524536,-0.4658410847187042,-0.34397655725479126,-0.9622877240180969,-0.25453346967697144,-0.09599456936120987,-1.471886396408081,-0.2957251965999603,-0.28818008303642273,-1.8070406913757324,-0.3033106029033661,-0.39791589975357056,-2.0785470008850098,-0.3063138425350189,-0.4352966845035553,-0.8706225752830505,-0.004086257889866829,-0.1351926326751709,-1.0813441276550293,0.03375284746289253,-0.44709476828575134,-0.7749453186988831,-0.03237755596637726,-0.5029374361038208,-0.5438327193260193,-0.09577782452106476,-0.43638935685157776,-0.7296552062034607,0.2484743893146515,-0.18363134562969208,-0.8888818621635437,0.23112089931964874,-0.43207281827926636,-0.6514537334442139,0.149138405919075,-0.43859928846359253,-0.4684879183769226,0.08699797093868256,-0.37872177362442017
0.0,0.0,0.0,-0.17609742283821106,-0.3554524779319763,-0.2161305993795395,-0.5540384650230408,-0.4863536059856415,-0.2878064811229706,-0.8963522911071777,-0.3967633545398712,-0.3503364324569702,-1.1181693077087402,-0.23960785567760468,-0.40004396438598633,-0.9385937452316284,-0.5125161409378052,-0.14389045536518097,-1.3882828950881958,-0.53113853931427,-0.3059784770011902,-1.6729367971420288,-0.5033268332481384,-0.40188440680503845,-1.9234315156936646,-0.4728245437145233,-0.4535943567752838,-0.9539901614189148,-0.26165100932121277,-0.14642904698848724,-1.45657479763031,-0.3059738874435425,-0.3628368675708771,-1.8005447387695312,-0.3096080422401428,-0.48182857036590576,-2.081364154815674,-0.31453412771224976,-0.524725615978241,-0.8690131902694702,-0.009146233089268208,-0.17544066905975342,-1.0845255851745605,0.021660158410668373,-0.49540841579437256,-0.7824893593788147,-0.03353438153862953,-0.542299211025238,-0.5497788786888123,-0.09430296719074249,-0.47062769532203674,-0.7338454127311707,0.24131618440151215,-0.21672508120536804,-0.8913691639900208,0.22247587144374847,-0.46846169233322144,-0.6572605967521667,0.1474163681268692,-0.47008198499679565,-0.47569531202316284,0.08643700182437897,-0.40504682064056396
0.0,0.0,0.0,-0.15522396564483643,-0.3756474554538727,-0.20393168926239014,-0.5498186349868774,-0.5193040370941162,-0.2556871175765991,-0.9015251398086548,-0.4224426746368408,-0.3009750247001648,-1.116683840751648,-0.2552756071090698,-0.3351239264011383,-0.9310958981513977,-0.5460894703865051,-0.10994289070367813,-1.378272294998169,-0.5689589381217957,-0.2558654546737671,-1.6649972200393677,-0.5488097667694092,-0.34156909584999084,-1.9140524864196777,-0.5242512822151184,-0.3887821137905121,-0.9496213793754578,-0.29146650433540344,-0.11518030613660812,-1.4563261270523071,-0.3471061587333679,-0.3226544260978699,-1.7952415943145752,-0.36248135566711426,-0.43919408321380615,-2.068697690963745,-0.3740328848361969,-0.4795279800891876,-0.8679463267326355,-0.036325447261333466,-0.1473555564880371,-1.082931399345398,-0.007485552225261927,-0.4731801152229309,-0.7694623470306396,-0.06478337198495865,-0.5300551652908325,-0.5323901176452637,-0.12351898849010468,-0.4617241322994232,-0.7390722036361694,0.22221286594867706,-0.18973536789417267,-0.8872095942497253,0.1917954832315445,-0.45468828082084656,-0.6405243277549744,0.11517384648323059,-0.46841567754745483,-0.4552714228630066,0.055822256952524185,-0.40995457768440247
0.0,0.0,0.0,-0.1453213393688202,-0.3671548366546631,-0.21487025916576385,-0.5319293141365051,-0.524750828742981,-0.2786092162132263,-0.8945844769477844,-0.43709316849708557,-0.33414795994758606,-1.1094443798065186,-0.26397645473480225,-0.37899237871170044,-0.9195361137390137,-0.5647037029266357,-0.13116095960140228,-1.3695025444030762,-0.600686252117157,-0.28590062260627747,-1.656069278717041,-0.5876770615577698,-0.37741392850875854,-1.9062786102294922,-0.5692915320396423,-0.4272921085357666,-0.9418361186981201,-0.30810070037841797,-0.13423395156860352,-1.444628357887268,-0.37703391909599304,-0.345179945230484,-1.7857354879379272,-0.4002649784088135,-0.4606728255748749,-2.0553269386291504,-0.4168616831302643,-0.49981769919395447,-0.8650128841400146,-0.05135075002908707,-0.1652114987373352,-1.069506049156189,-0.03179082274436951,-0.49279046058654785,-0.7640346884727478,-0.08295271545648575,-0.5514665246009827,-0.5219966173171997,-0.13675439357757568,-0.48395252227783203,-0.7398048043251038,0.2068968415260315,-0.20760762691497803,-0.8792837858200073,0.17121373116970062,-0.47350817918777466,-0.6376521587371826,0.10077565163373947,-0.48858240246772766,-0.4462713301181793,0.0443115197122097,-0.43037086725234985
0.0,0.0,0.0,-0.13986949622631073,-0.36295193433761597,-0.1888730674982071,-0.5297210216522217,-0.5262840390205383,-0.2407352775335312,-0.8808616995811462,-0.4604616165161133,-0.2875472903251648,-1.0987155437469482,-0.30316269397735596,-0.3238356411457062,-0.9065215587615967,-0.5711647272109985,-0.1171337440609932,-1.34966242313385,-0.6186113953590393,-0.2582423686981201,-1.6295890808105469,-0.6128138899803162,-0.33764657378196716,-1.8719679117202759,-0.5982787609100342,-0.3784395456314087,-0.9386023879051208,-0.320620059967041,-0.12739016115665436,-1.4446090459823608,-0.4038238227367401,-0.31750354170799255,-1.7778961658477783,-0.4376128315925598,-0.418489545583725,-2.042951822280884,-0.4614522457122803,-0.4501928389072418,-0.8731585741043091,-0.062211234122514725,-0.16199924051761627,-1.0773587226867676,-0.06348853558301926,-0.46295177936553955,-0.770824134349823,-0.11199717223644257,-0.5098447799682617,-0.5323541164398193,-0.15668463706970215,-0.4408932030200958,-0.7570157647132874,0.19924259185791016,-0.20636163651943207,-0.8928861021995544,0.14880725741386414,-0.4466578960418701,-0.6518174409866333,0.07424341142177582,-0.4491632878780365,-0.4610481560230255,0.023689348250627518,-0.3866451680660248
0.0,0.0,0.0,-0.13026688992977142,-0.3677562177181244,-0.20295731723308563,-0.5028279423713684,-0.5392904281616211,-0.26539865136146545,-0.851196825504303,-0.4897017180919647,-0.3213907480239868,-1.084894061088562,-0.361324280500412,-0.3665744662284851,-0.8970520496368408,-0.5964619517326355,-0.1346195489168167,-1.3444665670394897,-0.6484197378158569,-0.287379652261734,-1.629599690437317,-0.6457887887954712,-0.3759019672870636,-1.87921142578125,-0.6377471089363098,-0.4225931167602539,-0.9282949566841125,-0.3435170352458954,-0.14235351979732513,-1.4218050241470337,-0.4318332374095917,-0.3498793840408325,-1.7592674493789673,-0.4668610692024231,-0.4624243676662445,-2.0287044048309326,-0.4960211515426636,-0.5006048679351807,-0.8623191118240356,-0.08321845531463623,-0.17539437115192413,-1.0623650550842285,-0.07882611453533173,-0.49408185482025146,-0.7508881092071533,-0.11340045928955078,-0.5425742864608765,-0.5081825256347656,-0.15558211505413055,-0.47097450494766235,-0.7470962405204773,0.18218208849430084,-0.21892966330051422,-0.8943414092063904,0.14611853659152985,-0.47549331188201904,-0.6440677046775818,0.08338149636983871,-0.47952669858932495,-0.4451211988925934,0.03019002266228199,-0.41404110193252563
0.0,0.0,0.0,-0.11430741101503372,-0.37596768140792847,-0.19293563067913055,-0.4917750060558319,-0.5552338361740112,-0.24084340035915375,-0.8433643579483032,-0.5124081373214722,-0.2853909730911255,-1.0641313791275024,-0.38515394926071167,-0.3208562433719635,-0.8934865593910217,-0.6020839214324951,-0.10708630084991455,-1.3340014219284058,-0.6664336323738098,-0.2486010491847992,-1.6144880056381226,-0.6711717844009399,-0.3330254852771759,-1.8603990077972412,-0.66483473777771,-0.3777722120285034,-0.9265497326850891,-0.35804545879364014,-0.11536462604999542,-1.4171161651611328,-0.4586206078529358,-0.30497902631759644,-1.7522501945495605,-0.5022754073143005,-0.4105319380760193,-2.0179989337921143,-0.5341167449951172,-0.4455079436302185,-0.862684428691864,-0.10505317896604538,-0.15031695365905762,-1.049964189529419,-0.10989780724048615,-0.4533376097679138,-0.7458250522613525,-0.14033819735050201,-0.5061356425285339,-0.5077363848686218,-0.17712444067001343,-0.44055917859077454,-0.7498468160629272,0.15332414209842682,-0.19595329463481903,-0.8767146468162537,0.11527996510267258,-0.44172385334968567,-0.6315537691116333,0.06068794056773186,-0.4508671760559082,-0.4341078996658325,0.012250938452780247,-0.39185482263565063
0.0,0.0,0.0,-0.1254812330007553,-0.3750937879085541,-0.19300661981105804,-0.48753809928894043,-0.5623518228530884,-0.24615077674388885,-0.8165373802185059,-0.5315707325935364,-0.29676109552383423,-1.037148356437683,-0.4174588620662689,-0.336625337600708,-0.8777534365653992,-0.6134395599365234,-0.10433521121740341,-1.309218406677246,-0.6755841970443726,-0.25458472967147827,-1.5854281187057495,-0.6791476607322693,-0.3462977409362793,-1.8307217359542847,-0.6722118854522705,-0.39707204699516296,-0.9207082986831665,-0.3726511597633362,-0.11587721109390259,-1.399811029434204,-0.4631367027759552,-0.3205864429473877,-1.7326514720916748,-0.502193033695221,-0.4362487196922302,-2.004246950149536,-0.5320433378219604,-0.4771341383457184,-0.8666189312934875,-0.11732824891805649,-0.1548428237438202,-1.0533961057662964,-0.10562540590763092,-0.4690566658973694,-0.739380955696106,-0.14229106903076172,-0.5231454968452454,-0.5012834668159485,-0.18768586218357086,-0.45739153027534485,-0.7615962028503418,0.14466500282287598,-0.20482200384140015,-0.8714932799339294,0.12009052187204361,-0.45989370346069336,-0.6196223497390747,0.062340907752513885,-0.47479093074798584,-0.4314696192741394,0.007027240004390478,-0.41927096247673035
0.0,0.0,0.0,-0.13735389709472656,-0.3761703073978424,-0.2103738635778427,-0.5038944482803345,-0.5511743426322937,-0.2750444710254669,-0.8478899002075195,-0.5098105669021606,-0.3348182439804077,-1.0682365894317627,-0.354768306016922,-0.384133517742157,-0.8918417096138,-0.5932328701019287,-0.1195613369345665,-1.3290420770645142,-0.6504999995231628,-0.27860739827156067,-1.6130887269973755,-0.6506779193878174,-0.3770555853843689,-1.8624885082244873,-0.6418687105178833,-0.43195921182632446,-0.9288315176963806,-0.34866052865982056,-0.12533080577850342,-1.409193992614746,-0.4266263544559479,-0.34491923451423645,-1.756675362586975,-0.4533940255641937,-0.4689377546310425,-2.0353832244873047,-0.4744367301464081,-0.5141327381134033,-0.8676313161849976,-0.09331627935171127,-0.15997664630413055,-1.0582014322280884,-0.07091690599918365,-0.49010714888572693,-0.7523170709609985,-0.11464274674654007,-0.5494817495346069,-0.5106050968170166,-0.1662207841873169,-0.48301219940185547,-0.756045937538147,0.16717557609081268,-0.20665515959262848,-0.881493330001831,0.14537440240383148,-0.47228866815567017,-0.6342991590499878,0.0805392786860466,-0.4898216128349304,-0.440377414226532,0.01959012635052204,-0.4338756799697876
0.0,0.0,0.0,-0.14527207612991333,-0.37597110867500305,-0.21309173107147217,-0.5030368566513062,-0.5440518856048584,-0.2796199917793274,-0.8478521108627319,-0.5038243532180786,-0.34149643778800964,-1.0751134157180786,-0.3664366900920868,-0.3921637535095215,-0.8951165080070496,-0.5891899466514587,-0.11781727522611618,-1.3340965509414673,-0.6486209630966187,-0.27774322032928467,-1.6168386936187744,-0.6469729542732239,-0.3788886070251465,-1.8662856817245483,-0.6385251879692078,-0.4373229444026947,-0.9316815137863159,-0.341644287109375,-0.12348546087741852,-1.4198931455612183,-0.39335453510284424,-0.34088021516799927,-1.765682339668274,-0.40886205434799194,-0.46436363458633423,-2.0443525314331055,-0.422515869140625,-0.5111345052719116,-0.8669435381889343,-0.08668943494558334,-0.1593402773141861,-1.065248966217041,-0.06087373569607735,-0.48620930314064026,-0.7569814920425415,-0.10819510370492935,-0.542794406414032,-0.5149538516998291,-0.15987078845500946,-0.4770258665084839,-0.7502213716506958,0.17071597278118134,-0.2082502543926239,-0.8810147643089294,0.15732590854167938,-0.47356563806533813,-0.6417144536972046,0.09403707087039948,-0.49287858605384827,-0.4555004835128784,0.03306988254189491,-0.43954721093177795
0.0,0.0,0.0,-0.1537780463695526,-0.37798672914505005,-0.2265697866678238,-0.5101541876792908,-0.5422950387001038,-0.2953772246837616,-0.8585026264190674,-0.5060102343559265,-0.3576362133026123,-1.1040071249008179,-0.3673655390739441,-0.4074375033378601,-0.8955705761909485,-0.5877150297164917,-0.11044684797525406,-1.3370107412338257,-0.6459531188011169,-0.2717866897583008,-1.6208242177963257,-0.6425159573554993,-0.3768269419670105,-1.8723841905593872,-0.6343588829040527,-0.43853700160980225,-0.9337461590766907,-0.3416733145713806,-0.10666575282812119,-1.4155420064926147,-0.39284107089042664,-0.3338088393211365,-1.7609056234359741,-0.4066556394100189,-0.4668957591056824,-2.0411429405212402,-0.42092087864875793,-0.5197253227233887,-0.8718647360801697,-0.08883631974458694,-0.13512511551380157,-1.068325161933899,-0.06058039888739586,-0.4715942144393921,-0.7621464133262634,-0.10699091851711273,-0.5352777242660522,-0.5241754651069641,-0.16221991181373596,-0.47326353192329407,-0.7591850161552429,0.1653662621974945,-0.17771685123443604,-0.8762136101722717,0.1530778408050537,-0.45415371656417847,-0.6321019530296326,0.09004154056310654,-0.4832571744918823,-0.44957202672958374,0.024406932294368744,-0.43565642833709717
0.0,0.0,0.0,-0.15840491652488708,-0.3646356761455536,-0.20871876180171967,-0.5381656885147095,-0.5222815871238708,-0.26386553049087524,-0.8836447596549988,-0.4683898687362671,-0.31464865803718567,-1.1267638206481934,-0.3495292067527771,-0.3528931438922882,-0.913990318775177,-0.5660117268562317,-0.08788324892520905,-1.3585978746414185,-0.6090885996818542,-0.2365809828042984,-1.6401808261871338,-0.5987541675567627,-0.32900068163871765,-1.887714147567749,-0.5806839466094971,-0.3810301125049591,-0.9432660937309265,-0.31842243671417236,-0.09410708397626877,-1.4367954730987549,-0.37564221024513245,-0.3021983206272125,-1.7828530073165894,-0.3883020281791687,-0.4213407635688782,-2.0708236694335938,-0.3983317017555237,-0.463852196931839,-0.8731657266616821,-0.06506022065877914,-0.13191691040992737,-1.09063720703125,-0.02632581628859043,-0.4630221724510193,-0.7672940492630005,-0.07368163764476776,-0.5181753635406494,-0.5300911664962769,-0.1298685520887375,-0.4481166899204254,-0.7507619857788086,0.19569019973278046,-0.18152551352977753,-0.8992601037025452,0.19159872829914093,-0.45618605613708496,-0.6403235197067261,0.12858113646507263,-0.4728877544403076,-0.45209482312202454,0.0668163076043129,-0.41498592495918274
0.0,0.0,0.0,-0.15340209007263184,-0.36775997281074524,-0.2511562407016754,-0.5333030223846436,-0.5185420513153076,-0.33094367384910583,-0.880486786365509,-0.46302330493927,-0.3979053795337677,-1.103123426437378,-0.3272601366043091,-0.4495829939842224,-0.9036540389060974,-0.5715122222900391,-0.1443936824798584,-1.3499174118041992,-0.6096810102462769,-0.31808003783226013,-1.6318882703781128,-0.5991330146789551,-0.42721056938171387,-1.88437020778656,-0.5834419131278992,-0.4909183979034424,-0.9363586902618408,-0.3244006633758545,-0.13415169715881348,-1.4210458993911743,-0.37945130467414856,-0.37517309188842773,-1.7732419967651367,-0.3840486407279968,-0.5087811350822449,-2.0646846294403076,-0.3885892629623413,-0.5591877102851868,-0.8724809885025024,-0.0724112018942833,-0.15839557349681854,-1.0754601955413818,-0.03584093973040581,-0.5105143189430237,-0.7556935548782349,-0.08191853761672974,-0.570665717124939,-0.5175528526306152,-0.14753498136997223,-0.5016428828239441,-0.7641932368278503,0.1808278113603592,-0.1988709568977356,-0.87094646692276,0.1763634979724884,-0.4854447543621063,-0.618885338306427,0.1106870248913765,-0.514549970626831,-0.4461834132671356,0.03550805151462555,-0.46572253108024597
0.0,0.0,0.0,-0.13050679862499237,-0.3708667755126953,-0.27172335982322693,-0.49634772539138794,-0.5163723230361938,-0.3621649146080017,-0.8415513634681702,-0.47779637575149536,-0.43719804286956787,-1.097377896308899,-0.3629831373691559,-0.49595388770103455,-0.9187929034233093,-0.5705329179763794,-0.15265844762325287,-1.35908043384552,-0.6123099327087402,-0.32253679633140564,-1.644836664199829,-0.597301721572876,-0.4319145381450653,-1.8971549272537231,-0.586426854133606,-0.4974202513694763,-0.9374691247940063,-0.32085806131362915,-0.1349136084318161,-1.4259854555130005,-0.3703996241092682,-0.38083741068840027,-1.7774871587753296,-0.3850487768650055,-0.5238122344017029,-2.0573787689208984,-0.4001719355583191,-0.5818958878517151,-0.8616466522216797,-0.06753572076559067,-0.1529809534549713,-1.0739206075668335,-0.04354989156126976,-0.5163041353225708,-0.7618566155433655,-0.08766601234674454,-0.587408721446991,-0.5222623348236084,-0.14411617815494537,-0.5249468088150024,-0.7487568855285645,0.18526707589626312,-0.1880432516336441,-0.8664019107818604,0.16348761320114136,-0.4923114478588104,-0.6164488196372986,0.10067019611597061,-0.5334449410438538,-0.437196284532547,0.03670072928071022,-0.49080875515937805
0.0,0.0,0.0,-0.1612030565738678,-0.37855008244514465,-0.21175844967365265,-0.5751854777336121,-0.5160527229309082,-0.2625716030597687,-0.9536600112915039,-0.44260409474372864,-0.30697891116142273,-1.1700541973114014,-0.30633142590522766,-0.34129032492637634,-0.9379993081092834,-0.5437837839126587,-0.1047171950340271,-1.400597333908081,-0.5840833187103271,-0.24761076271533966,-1.6950631141662598,-0.5742697715759277,-0.33524706959724426,-1.9486894607543945,-0.5603705644607544,-0.3845047950744629,-0.9510769248008728,-0.2902179956436157,-0.10595393180847168,-1.4771995544433594,-0.33967694640159607,-0.30132681131362915,-1.834481954574585,-0.35295137763023376,-0.4118507206439972,-2.1179111003875732,-0.36496561765670776,-0.45157670974731445,-0.8672645688056946,-0.03526546433568001,-0.13687783479690552,-1.1103146076202393,-0.020087528973817825,-0.4572538137435913,-0.8000711798667908,-0.06607815623283386,-0.5105186700820923,-0.5542625188827515,-0.1138649582862854,-0.4412168562412262,-0.7359826564788818,0.22576507925987244,-0.17965257167816162,-0.9097191691398621,0.19111698865890503,-0.44674840569496155,-0.6666224002838135,0.12103701382875443,-0.46181896328926086,-0.4709484577178955,0.0630357638001442,-0.4044908881187439
0.0,0.0,0.0,-0.17852352559566498,-0.3720376789569855,-0.2117650955915451,-0.5612450838088989,-0.5273731350898743,-0.28054213523864746,-0.9139967560768127,-0.45329713821411133,-0.3417479693889618,-1.142006516456604,-0.2908487617969513,-0.391586571931839,-0.9121678471565247,-0.5554394721984863,-0.13538825511932373,-1.3707168102264404,-0.5902624726295471,-0.29615986347198486,-1.666236400604248,-0.5779741406440735,-0.39362937211990356,-1.921279788017273,-0.5686623454093933,-0.4476115107536316,-0.9413456320762634,-0.3066670596599579,-0.14079682528972626,-1.4540842771530151,-0.35518118739128113,-0.3523874282836914,-1.8065208196640015,-0.36967939138412476,-0.4718452990055084,-2.08626389503479,-0.3852674961090088,-0.5172790288925171,-0.8707268238067627,-0.05260547995567322,-0.17265988886356354,-1.0994529724121094,-0.03399937227368355,-0.4896259605884552,-0.8052356839179993,-0.08237757533788681,-0.5379456877708435,-0.5709353089332581,-0.1339903324842453,-0.4697585701942444,-0.74432373046875,0.20287767052650452,-0.21670040488243103,-0.901069700717926,0.17372408509254456,-0.4688810110092163,-0.6694523096084595,0.10544542223215103,-0.47234776616096497,-0.48254117369651794,0.052470218390226364,-0.40969377756118774
0.0,0.0,0.0,-0.15579816699028015,-0.3773922324180603,-0.20062465965747833,-0.5432109236717224,-0.5429334044456482,-0.2606302797794342,-0.9089974761009216,-0.48695531487464905,-0.3138118386268616,-1.1482757329940796,-0.3467850089073181,-0.35660624504089355,-0.8999252915382385,-0.5915190577507019,-0.1386701464653015,-1.3633031845092773,-0.6499575972557068,-0.2894175350666046,-1.6595184803009033,-0.6516913175582886,-0.37820038199424744,-1.916567325592041,-0.6482838988304138,-0.4259952902793884,-0.9299807548522949,-0.3377062976360321,-0.14522522687911987,-1.4456194639205933,-0.4182944893836975,-0.341010719537735,-1.7976418733596802,-0.4469913840293884,-0.4470992982387543,-2.0761477947235107,-0.4671667218208313,-0.4856160879135132,-0.8649946451187134,-0.07595422863960266,-0.17653070390224457,-1.0909886360168457,-0.08821418881416321,-0.48031142354011536,-0.7949334383010864,-0.131425142288208,-0.5236340165138245,-0.5555031895637512,-0.1687663346529007,-0.4548577070236206,-0.7473620772361755,0.19168108701705933,-0.21914634108543396,-0.9077184200286865,0.1290869116783142,-0.4638936519622803,-0.6724335551261902,0.06631933152675629,-0.4645671844482422,-0.4772127866744995,0.026240821927785873,-0.40125319361686707
0.0,0.0,0.0,-0.12572412192821503,-0.39933255314826965,-0.21416236460208893,-0.49874386191368103,-0.5764569044113159,-0.2788430154323578,-0.8705815672874451,-0.5238034129142761,-0.3346082270145416,-1.1203263998031616,-0.39002740383148193,-0.38015085458755493,-0.8807104825973511,-0.6125285625457764,-0.1451280117034912,-1.338140606880188,-0.6884270310401917,-0.3017910122871399,-1.6322014331817627,-0.7002337574958801,-0.3936692178249359,-1.8885509967803955,-0.7051118612289429,-0.4427645802497864,-0.9213763475418091,-0.36027443408966064,-0.1458354890346527,-1.4387800693511963,-0.46330615878105164,-0.35331669449806213,-1.7886786460876465,-0.5069177150726318,-0.46603789925575256,-2.0615758895874023,-0.5365269184112549,-0.5058178305625916,-0.8629852533340454,-0.09954854846000671,-0.17268621921539307,-1.0875986814498901,-0.1114254966378212,-0.4912683665752411,-0.7858762741088867,-0.14481322467327118,-0.5415114760398865,-0.5410236716270447,-0.17804540693759918,-0.47256073355674744,-0.7513901591300964,0.16935797035694122,-0.21106910705566406,-0.9026629328727722,0.1113315150141716,-0.471786230802536,-0.6564450263977051,0.04848472774028778,-0.48125526309013367,-0.4543769657611847,0.0037745428271591663,-0.42012298107147217
0.0,0.0,0.0,-0.13388580083847046,-0.41388121247291565,-0.182850182056427,-0.5383168458938599,-0.6050228476524353,-0.22904126346111298,-0.9216161370277405,-0.530595600605011,-0.27254995703697205,-1.1365344524383545,-0.35398435592651367,-0.30875512957572937,-0.878435492515564,-0.6246672868728638,-0.11887529492378235,-1.348832368850708,-0.7133879661560059,-0.2633618414402008,-1.6482698917388916,-0.735603928565979,-0.3460914194583893,-1.906449317932129,-0.7500036358833313,-0.3899056911468506,-0.9191436767578125,-0.3705686926841736,-0.13361801207065582,-1.443954348564148,-0.482565701007843,-0.331411749124527,-1.7969648838043213,-0.5418173670768738,-0.44098755717277527,-2.0714986324310303,-0.5866549611091614,-0.4804364740848541,-0.8634390830993652,-0.10841714590787888,-0.17051127552986145,-1.088639497756958,-0.1389949768781662,-0.47991570830345154,-0.780728280544281,-0.16873160004615784,-0.5258493423461914,-0.5285399556159973,-0.1908048391342163,-0.45495009422302246,-0.7539352774620056,0.16779540479183197,-0.21621021628379822,-0.9166176319122314,0.09170236438512802,-0.46205905079841614,-0.6698331236839294,0.031169001013040543,-0.46075692772865295,-0.464771032333374,-2.0493549527600408e-05,-0.39506497979164124
0.0,0.0,0.0,-0.129304438829422,-0.38030102849006653,-0.2015276402235031,-0.50718754529953,-0.5634711384773254,-0.256461501121521,-0.8578386902809143,-0.532252848148346,-0.30566835403442383,-1.0914469957351685,-0.3904934525489807,-0.343967080116272,-0.8870276212692261,-0.5799890756607056,-0.12537726759910583,-1.3260743618011475,-0.662475049495697,-0.27154776453971863,-1.60902738571167,-0.6772980093955994,-0.35738688707351685,-1.8573904037475586,-0.6819709539413452,-0.4024522304534912,-0.9326667189598083,-0.3377057909965515,-0.12683656811714172,-1.4220119714736938,-0.4393145442008972,-0.32458746433258057,-1.7594661712646484,-0.49754756689071655,-0.43386825919151306,-2.023301839828491,-0.5417163968086243,-0.47223952412605286,-0.8851783275604248,-0.08033917099237442,-0.1541997790336609,-1.0687071084976196,-0.1263498067855835,-0.45816510915756226,-0.7623777389526367,-0.1665852814912796,-0.5072518587112427,-0.5190962553024292,-0.1905532032251358,-0.43999573588371277,-0.7880328297615051,0.18697848916053772,-0.19355620443820953,-0.8922761082649231,0.09117782115936279,-0.43863892555236816,-0.6469406485557556,0.021400196477770805,-0.4492570757865906,-0.4495141804218292,-0.013775760307908058,-0.3913227319717407
0.0,0.0,0.0,-0.1589360535144806,-0.35874393582344055,-0.18705487251281738,-0.5275598764419556,-0.5156653523445129,-0.2504763901233673,-0.870675802230835,-0.4589100778102875,-0.31120628118515015,-1.0894852876663208,-0.30051282048225403,-0.36383530497550964,-0.9163800477981567,-0.5091264843940735,-0.14446982741355896,-1.3496801853179932,-0.5591824054718018,-0.3023376762866974,-1.6299885511398315,-0.5559141039848328,-0.39653557538986206,-1.8780601024627686,-0.5434873700141907,-0.4449617862701416,-0.9517404437065125,-0.26478439569473267,-0.15517540276050568,-1.4309571981430054,-0.3354193866252899,-0.34918123483657837,-1.7701917886734009,-0.3660551607608795,-0.45327943563461304,-2.0392379760742188,-0.3913629949092865,-0.4891297519207001,-0.889166533946991,-0.013669912703335285,-0.188693568110466,-1.0486578941345215,-0.0502404160797596,-0.4750114977359772,-0.7631309032440186,-0.10293979942798615,-0.5125564932823181,-0.5260382890701294,-0.14222247898578644,-0.4423304796218872,-0.7663532495498657,0.24013788998126984,-0.2342182844877243,-0.8777624368667603,0.16667822003364563,-0.4554425776004791,-0.6575564742088318,0.0822165459394455,-0.4493098855018616,-0.4612288177013397,0.02740202099084854,-0.38194146752357483
0.0,0.0,0.0,-0.18014490604400635,-0.3733140528202057,-0.20115365087985992,-0.5626291632652283,-0.514430820941925,-0.2602810263633728,-0.9126427173614502,-0.44988545775413513,-0.31540530920028687,-1.1337348222732544,-0.2828741669654846,-0.360037237405777,-0.9388978481292725,-0.5051546096801758,-0.11881256848573685,-1.3919031620025635,-0.5392067432403564,-0.2717638313770294,-1.6781034469604492,-0.5225510597229004,-0.3634013831615448,-1.927476406097412,-0.5031400918960571,-0.41050437092781067,-0.9586476683616638,-0.2576533257961273,-0.12086952477693558,-1.4601949453353882,-0.307864785194397,-0.32768309116363525,-1.8091187477111816,-0.3287182152271271,-0.4444345533847809,-2.0775139331817627,-0.34856343269348145,-0.4857741594314575,-0.8834676146507263,-0.004918860271573067,-0.14898739755153656,-1.061283826828003,-0.01833753101527691,-0.4573014974594116,-0.7740001082420349,-0.07937552034854889,-0.5096904039382935,-0.5376711487770081,-0.13201536238193512,-0.44218873977661133,-0.7592183947563171,0.2515178918838501,-0.18888239562511444,-0.8774997591972351,0.1905793994665146,-0.43160757422447205,-0.647785484790802,0.10434026271104813,-0.43909740447998047,-0.45755326747894287,0.04697577655315399,-0.3777938485145569
0.0,0.0,0.0,-0.161744624376297,-0.3875397741794586,-0.21227873861789703,-0.5369964838027954,-0.5384725332260132,-0.27510860562324524,-0.8865950107574463,-0.47250351309776306,-0.3325004577636719,-1.1146540641784668,-0.3066800534725189,-0.3781246542930603,-0.932060956954956,-0.5340547561645508,-0.11906232684850693,-1.3777846097946167,-0.5701081156730652,-0.2755138576030731,-1.6626237630844116,-0.5544501543045044,-0.3712112605571747,-1.9129571914672852,-0.5364595055580139,-0.42424049973487854,-0.9509579539299011,-0.28500473499298096,-0.12021377682685852,-1.4533522129058838,-0.33212706446647644,-0.34022703766822815,-1.796761393547058,-0.3541570007801056,-0.46764713525772095,-2.0689094066619873,-0.3731602728366852,-0.5165984630584717,-0.8714584708213806,-0.028948070481419563,-0.14868387579917908,-1.0675679445266724,-0.036759037524461746,-0.47432640194892883,-0.7646008133888245,-0.10212158411741257,-0.5308142304420471,-0.5283207893371582,-0.15576395392417908,-0.464363694190979,-0.7436561584472656,0.23339615762233734,-0.18926523625850677,-0.8672133684158325,0.1738993376493454,-0.450346440076828,-0.6273348331451416,0.08279463648796082,-0.4661945104598999,-0.4430086016654968,0.02222117781639099,-0.4100709557533264
0.0,0.0,0.0,-0.15667787194252014,-0.3804186284542084,-0.20779600739479065,-0.5390594601631165,-0.5331844091415405,-0.265012264251709,-0.8874713182449341,-0.47410690784454346,-0.3169829249382019,-1.1120797395706177,-0.3137725293636322,-0.358066588640213,-0.9232133626937866,-0.5395241379737854,-0.1149311512708664,-1.3659464120864868,-0.5798647999763489,-0.26593664288520813,-1.6520438194274902,-0.564764678478241,-0.3577742874622345,-1.9043344259262085,-0.5481616258621216,-0.40916022658348083,-0.9499529004096985,-0.28931859135627747,-0.1178315207362175,-1.445587396621704,-0.3431689143180847,-0.3303288519382477,-1.7916204929351807,-0.3670221269130707,-0.4525485038757324,-2.0676259994506836,-0.38881102204322815,-0.499178409576416,-0.878581702709198,-0.032227806746959686,-0.1482333540916443,-1.0759867429733276,-0.03863436356186867,-0.47296446561813354,-0.7652731537818909,-0.10170076042413712,-0.5304482579231262,-0.5216972827911377,-0.15290577709674835,-0.4649035632610321,-0.7572053074836731,0.22974354028701782,-0.1902722865343094,-0.8794395923614502,0.17229929566383362,-0.4547530710697174,-0.6340570449829102,0.08857560902833939,-0.4731121063232422,-0.44299986958503723,0.032446663826704025,-0.41870230436325073
0.0,0.0,0.0,-0.15998168289661407,-0.3650842607021332,-0.2090272605419159,-0.526123046875,-0.516196072101593,-0.2724255919456482,-0.8586455583572388,-0.4739784598350525,-0.33099597692489624,-1.0877161026000977,-0.3327076733112335,-0.37789639830589294,-0.923172116279602,-0.5255159139633179,-0.1199139803647995,-1.3512794971466064,-0.5618284344673157,-0.2756381928920746,-1.629581332206726,-0.5461878180503845,-0.3719158470630646,-1.8746123313903809,-0.5276498794555664,-0.4242812991142273,-0.9517315030097961,-0.28221839666366577,-0.12066486477851868,-1.4255702495574951,-0.3342110216617584,-0.3310379385948181,-1.7663061618804932,-0.3573516309261322,-0.451254278421402,-2.0370659828186035,-0.3793531060218811,-0.4958172142505646,-0.8829267024993896,-0.03162173181772232,-0.14971566200256348,-1.0495390892028809,-0.040512796491384506,-0.4633960723876953,-0.7520613670349121,-0.10302708297967911,-0.5191015601158142,-0.5145242810249329,-0.15587753057479858,-0.45475807785987854,-0.7630876898765564,0.22308000922203064,-0.1916273683309555,-0.8639804720878601,0.16876153647899628,-0.4425179660320282,-0.6304304003715515,0.08513728529214859,-0.45863503217697144,-0.4436796307563782,0.024746930226683617,-0.40383386611938477
0.0,0.0,0.0,-0.17213359475135803,-0.3925589919090271,-0.23128153383731842,-0.5437132120132446,-0.5451091527938843,-0.3006030023097992,-0.878304660320282,-0.4918087422847748,-0.36104491353034973,-1.0874730348587036,-0.3400465250015259,-0.4083652198314667,-0.9067380428314209,-0.5704486966133118,-0.1281292587518692,-1.3449549674987793,-0.6093729138374329,-0.29317507147789,-1.6305540800094604,-0.5958094000816345,-0.39941203594207764,-1.8830811977386475,-0.5810043215751648,-0.4607773423194885,-0.9391844272613525,-0.32200300693511963,-0.11935918033123016,-1.4173517227172852,-0.3770153522491455,-0.35525739192962646,-1.7740660905838013,-0.3982594311237335,-0.49354708194732666,-2.0561583042144775,-0.41875073313713074,-0.5488061904907227,-0.8778354525566101,-0.06570246815681458,-0.14197991788387299,-1.0537172555923462,-0.06671517342329025,-0.4821711480617523,-0.7380553483963013,-0.12418127804994583,-0.5481947064399719,-0.4919179379940033,-0.1831703782081604,-0.4847700595855713,-0.775651752948761,0.19269059598445892,-0.17895562946796417,-0.8703463673591614,0.1472402960062027,-0.44817060232162476,-0.625069260597229,0.07186326384544373,-0.4760262966156006,-0.4461764097213745,0.0071476963348686695,-0.42889055609703064
0.0,0.0,0.0,-0.17354752123355865,-0.37004125118255615,-0.19990381598472595,-0.554365336894989,-0.5190221667289734,-0.26218193769454956,-0.8990499973297119,-0.4587971270084381,-0.3212578594684601,-1.1351203918457031,-0.31228193640708923,-0.3698658049106598,-0.9170671105384827,-0.5482196807861328,-0.119369737803936,-1.363216757774353,-0.5899284482002258,-0.2783695161342621,-1.6517276763916016,-0.5758584141731262,-0.37528666853904724,-1.906612515449524,-0.5540289878845215,-0.42838215827941895,-0.9464182257652283,-0.29538238048553467,-0.13054457306861877,-1.4493428468704224,-0.34580838680267334,-0.3398398160934448,-1.797385811805725,-0.36036956310272217,-0.45413559675216675,-2.0860629081726074,-0.37376073002815247,-0.4945060908794403,-0.8770221471786499,-0.037626657634973526,-0.1693059355020523,-1.0807018280029297,-0.03541351854801178,-0.49112045764923096,-0.7628903388977051,-0.10162703692913055,-0.5360695123672485,-0.5204400420188904,-0.15606427192687988,-0.46226993203163147,-0.7498455047607422,0.22617857158184052,-0.21941645443439484,-0.8876327276229858,0.17650394141674042,-0.4761768877506256,-0.6384859681129456,0.09706097841262817,-0.4789539575576782,-0.44587063789367676,0.04094373807311058,-0.4135926365852356
0.0,0.0,0.0,-0.19564715027809143,-0.36752545833587646,-0.22183768451213837,-0.5744513273239136,-0.49437692761421204,-0.29519951343536377,-0.9168238043785095,-0.4259369373321533,-0.36321812868118286,-1.1423964500427246,-0.25855404138565063,-0.41829267144203186,-0.9323740601539612,-0.5128878951072693,-0.12068074941635132,-1.369580626487732,-0.5414523482322693,-0.29364919662475586,-1.6503945589065552,-0.5197311639785767,-0.4036872386932373,-1.9042868614196777,-0.49536606669425964,-0.46807247400283813,-0.9564394354820251,-0.2635068893432617,-0.12564978003501892,-1.4521530866622925,-0.2934929430484772,-0.3650437891483307,-1.8031054735183716,-0.2969679832458496,-0.5010883212089539,-2.0978705883026123,-0.30165231227874756,-0.5552131533622742,-0.8814603090286255,-0.009874009527266026,-0.16174520552158356,-1.0929063558578491,0.004103397484868765,-0.512637734413147,-0.7708956599235535,-0.0762561708688736,-0.5670601725578308,-0.5262739658355713,-0.14456294476985931,-0.4947044849395752,-0.7526007294654846,0.2449406534433365,-0.211151584982872,-0.8857575058937073,0.2042882740497589,-0.4905640184879303,-0.6377687454223633,0.1155267208814621,-0.506507396697998,-0.4558670222759247,0.050748638808727264,-0.4489462971687317
0.0,0.0,0.0,-0.16523347795009613,-0.3665861189365387,-0.23795922100543976,-0.5428871512413025,-0.5004288554191589,-0.31018027663230896,-0.8880245685577393,-0.45307207107543945,-0.37247487902641296,-1.1303930282592773,-0.31095561385154724,-0.4210716784000397,-0.9389107823371887,-0.5106713771820068,-0.13068059086799622,-1.388655424118042,-0.539283275604248,-0.2921972870826721,-1.6733144521713257,-0.5186983346939087,-0.3917039930820465,-1.9228898286819458,-0.4971383213996887,-0.44682827591896057,-0.9560826420783997,-0.26722705364227295,-0.12039845436811447,-1.4511454105377197,-0.3090304434299469,-0.35150599479675293,-1.8033406734466553,-0.3152894377708435,-0.4845230281352997,-2.0797548294067383,-0.32083824276924133,-0.53456050157547,-0.8790199756622314,-0.019840046763420105,-0.14151723682880402,-1.0807011127471924,-0.011182980611920357,-0.4846020042896271,-0.7792472243309021,-0.07701974362134933,-0.5501910448074341,-0.541695773601532,-0.1413169503211975,-0.48541876673698425,-0.7585744261741638,0.2311866283416748,-0.17647482454776764,-0.8712900280952454,0.18710064888000488,-0.4593298137187958,-0.625835120677948,0.1023746132850647,-0.4895651638507843,-0.4416795074939728,0.03357396274805069,-0.4394105076789856
0.0,0.0,0.0,-0.16935022175312042,-0.3851087689399719,-0.1950807124376297,-0.5703760981559753,-0.5236607193946838,-0.24973727762699127,-0.9304828643798828,-0.45367637276649475,-0.3003319203853607,-1.1609852313995361,-0.2928503155708313,-0.34124234318733215,-0.9389145374298096,-0.5137425661087036,-0.12956878542900085,-1.4046223163604736,-0.5547658205032349,-0.2809833884239197,-1.7002438306808472,-0.5449329018592834,-0.3693407475948334,-1.9561327695846558,-0.5291096568107605,-0.41639795899391174,-0.9548990726470947,-0.26305443048477173,-0.137732595205307,-1.4788342714309692,-0.31928402185440063,-0.34451964497566223,-1.8305542469024658,-0.3423616886138916,-0.4581694006919861,-2.1046245098114014,-0.3566261827945709,-0.4995168149471283,-0.8744730353355408,-0.00825989618897438,-0.1698429137468338,-1.1020501852035522,-0.021624211221933365,-0.4839321970939636,-0.7998879551887512,-0.09033083915710449,-0.5292488932609558,-0.5568409562110901,-0.13957050442695618,-0.45811477303504944,-0.7410761117935181,0.250527560710907,-0.21213237941265106,-0.9028458595275879,0.18265321850776672,-0.4643648564815521,-0.6647887825965881,0.09185287356376648,-0.4675382673740387,-0.467935711145401,0.037130095064640045,-0.40367215871810913
0.0,0.0,0.0,-0.17204314470291138,-0.3788846433162689,-0.17674700915813446,-0.5483736991882324,-0.5184308290481567,-0.23069706559181213,-0.881449818611145,-0.44879424571990967,-0.2849403917789459,-1.088784098625183,-0.3003905713558197,-0.33064955472946167,-0.9255162477493286,-0.5190455317497253,-0.10817665606737137,-1.356291651725769,-0.5514275431632996,-0.2551804780960083,-1.644529104232788,-0.5481208562850952,-0.3446332514286041,-1.8900312185287476,-0.5420612692832947,-0.39245322346687317,-0.9537018537521362,-0.2740887999534607,-0.12380701303482056,-1.4492028951644897,-0.3278898000717163,-0.31148049235343933,-1.7901161909103394,-0.3480149805545807,-0.4149565100669861,-2.050400733947754,-0.36432304978370667,-0.45015034079551697,-0.882892906665802,-0.022838594391942024,-0.16327285766601562,-1.084363579750061,-0.04013358801603317,-0.45388248562812805,-0.7979828715324402,-0.0941859558224678,-0.49751386046409607,-0.5555895566940308,-0.137566477060318,-0.4305117428302765,-0.7505679726600647,0.23165322840213776,-0.21293173730373383,-0.8820672631263733,0.1648046225309372,-0.4438320994377136,-0.6532197594642639,0.0831780806183815,-0.44338276982307434,-0.4527948498725891,0.031200366094708443,-0.3793643116950989
0.0,0.0,0.0,-0.15648747980594635,-0.3868952989578247,-0.1704375445842743,-0.5451057553291321,-0.5513773560523987,-0.2197127491235733,-0.8987548351287842,-0.4946913421154022,-0.2688695192337036,-1.1222991943359375,-0.3472440242767334,-0.3094837963581085,-0.9109376668930054,-0.5290911793708801,-0.12655910849571228,-1.3646996021270752,-0.5999846458435059,-0.2727981209754944,-1.65707266330719,-0.6155362725257874,-0.3544783592224121,-1.9084352254867554,-0.6182631850242615,-0.3958667516708374,-0.94675213098526,-0.2885766923427582,-0.1427725851535797,-1.4636205434799194,-0.3700162172317505,-0.3331190049648285,-1.812401533126831,-0.41472098231315613,-0.43295013904571533,-2.087940216064453,-0.4472268521785736,-0.4669155776500702,-0.8853399753570557,-0.03682490065693855,-0.17898063361644745,-1.1116950511932373,-0.08230791985988617,-0.4666703939437866,-0.8152578473091125,-0.1364360749721527,-0.49645957350730896,-0.5708922743797302,-0.167397141456604,-0.42121151089668274,-0.7600361704826355,0.22178593277931213,-0.2242915779352188,-0.917872965335846,0.13141927123069763,-0.4482874274253845,-0.6861588954925537,0.04988298565149307,-0.434796005487442,-0.4812307059764862,0.011162035167217255,-0.3624281883239746
0.0,0.0,0.0,-0.15612654387950897,-0.3986014723777771,-0.17106103897094727,-0.560724139213562,-0.5678396224975586,-0.2148580253124237,-0.9241387248039246,-0.49222108721733093,-0.2593754529953003,-1.1251953840255737,-0.31180793046951294,-0.29703429341316223,-0.9143345355987549,-0.5350527167320251,-0.11947838962078094,-1.3819963932037354,-0.6122496128082275,-0.26409628987312317,-1.6770029067993164,-0.6310489177703857,-0.34530162811279297,-1.9312100410461426,-0.6344583630561829,-0.386186808347702,-0.9471794366836548,-0.2912698984146118,-0.1342121958732605,-1.4721516370773315,-0.3805854916572571,-0.3196123540401459,-1.8215055465698242,-0.43457478284835815,-0.41693323850631714,-2.09588885307312,-0.4729026257991791,-0.4491036832332611,-0.8897650241851807,-0.03662426024675369,-0.17088016867637634,-1.1026057004928589,-0.09069957584142685,-0.45931845903396606,-0.8072885870933533,-0.1526944637298584,-0.4994078278541565,-0.5607985854148865,-0.18546351790428162,-0.43036189675331116,-0.7756977081298828,0.22665256261825562,-0.21695055067539215,-0.8978322148323059,0.12504491209983826,-0.44426214694976807,-0.6654024720191956,0.04119262844324112,-0.44219571352005005,-0.4615152180194855,0.0024255032185465097,-0.37845540046691895
0.0,0.0,0.0,-0.15347179770469666,-0.39199280738830566,-0.1714259535074234,-0.5401684045791626,-0.5549450516700745,-0.2123275250196457,-0.895251989364624,-0.5074498653411865,-0.25479626655578613,-1.11781907081604,-0.36166179180145264,-0.28931427001953125,-0.9163916110992432,-0.5178083777427673,-0.1027437075972557,-1.3558428287506104,-0.5986430048942566,-0.2476772964000702,-1.6421301364898682,-0.619337260723114,-0.33079737424850464,-1.8902901411056519,-0.6249521374702454,-0.3721970319747925,-0.9531949758529663,-0.2795533239841461,-0.11519216001033783,-1.4593374729156494,-0.37428632378578186,-0.30124908685684204,-1.798332691192627,-0.435254842042923,-0.3989282250404358,-2.0663862228393555,-0.480994313955307,-0.43040144443511963,-0.8975425362586975,-0.029224280267953873,-0.15166369080543518,-1.096886157989502,-0.09115102142095566,-0.4409194588661194,-0.798162043094635,-0.15440630912780762,-0.4812544882297516,-0.5520087480545044,-0.18543606996536255,-0.410978227853775,-0.7834295630455017,0.23026405274868011,-0.19793853163719177,-0.9035673141479492,0.11955562978982925,-0.4239994287490845,-0.6722366809844971,0.03782936930656433,-0.42245760560035706,-0.47106561064720154,0.005731245968490839,-0.3584032952785492
0.0,0.0,0.0,-0.16260048747062683,-0.37927916646003723,-0.16559915244579315,-0.5300264954566956,-0.5543927550315857,-0.2178732007741928,-0.8722214698791504,-0.5253386497497559,-0.2720908224582672,-1.1014257669448853,-0.39705196022987366,-0.3195216953754425,-0.9054242372512817,-0.5387263298034668,-0.13707715272903442,-1.3628385066986084,-0.614740252494812,-0.2908785939216614,-1.6524661779403687,-0.6321678161621094,-0.3773421347141266,-1.9014989137649536,-0.6371541619300842,-0.41568732261657715,-0.9439331293106079,-0.29116660356521606,-0.15560320019721985,-1.4574049711227417,-0.3819071352481842,-0.3354610204696655,-1.8121365308761597,-0.43042171001434326,-0.42479029297828674,-2.087393283843994,-0.47045210003852844,-0.44978097081184387,-0.8873250484466553,-0.03355475142598152,-0.19489642977714539,-1.0655076503753662,-0.09342628717422485,-0.4689647853374481,-0.7791383862495422,-0.14533956348896027,-0.4968317747116089,-0.53016197681427,-0.17927826941013336,-0.41978949308395386,-0.7678641080856323,0.22980237007141113,-0.24377043545246124,-0.9005987048149109,0.13680432736873627,-0.44683870673179626,-0.6796044111251831,0.057066407054662704,-0.4218202531337738,-0.47057798504829407,0.01514789741486311,-0.34138962626457214
0.0,0.0,0.0,-0.16721224784851074,-0.3813695013523102,-0.1660812944173813,-0.5357668995857239,-0.5420563220977783,-0.21361994743347168,-0.8818348050117493,-0.487044095993042,-0.2643340826034546,-1.0925432443618774,-0.33335208892822266,-0.30927780270576477,-0.9099985957145691,-0.5482330918312073,-0.10839436203241348,-1.3566564321517944,-0.6140976548194885,-0.2549477219581604,-1.6443983316421509,-0.6193231344223022,-0.3424728214740753,-1.8964945077896118,-0.6118950247764587,-0.3843638598918915,-0.946321427822113,-0.29700803756713867,-0.12752245366573334,-1.4579068422317505,-0.3699304759502411,-0.3014570474624634,-1.8080065250396729,-0.40214985609054565,-0.3932919502258301,-2.085514783859253,-0.42813247442245483,-0.41983652114868164,-0.8820882439613342,-0.036885567009449005,-0.16898950934410095,-1.0652579069137573,-0.07513966411352158,-0.4466186463832855,-0.7705045342445374,-0.12580572068691254,-0.48102322220802307,-0.521757960319519,-0.16125957667827606,-0.40633752942085266,-0.7558487057685852,0.22792404890060425,-0.21990816295146942,-0.883399486541748,0.15343835949897766,-0.43193528056144714,-0.655505359172821,0.07734863460063934,-0.41350701451301575,-0.44667086005210876,0.03131669759750366,-0.3361060917377472
0.0,0.0,0.0,-0.15284445881843567,-0.36834999918937683,-0.19253160059452057,-0.5195295214653015,-0.5266764163970947,-0.24945873022079468,-0.8461652398109436,-0.49636679887771606,-0.3035256862640381,-1.0705609321594238,-0.3946806788444519,-0.34548282623291016,-0.9225203990936279,-0.5456961989402771,-0.11604568362236023,-1.3803470134735107,-0.5993404984474182,-0.26505622267723083,-1.6701420545578003,-0.5933741927146912,-0.35236167907714844,-1.9223744869232178,-0.5806931853294373,-0.3961013853549957,-0.9465286731719971,-0.2974300682544708,-0.12497526407241821,-1.4616684913635254,-0.36021941900253296,-0.3260044753551483,-1.806925654411316,-0.39359915256500244,-0.4383217394351959,-2.08457350730896,-0.42312562465667725,-0.4766284227371216,-0.8699508905410767,-0.0406196266412735,-0.15741677582263947,-1.0694681406021118,-0.06272254139184952,-0.45816218852996826,-0.7619383931159973,-0.11368556320667267,-0.4943297505378723,-0.5272009372711182,-0.15204492211341858,-0.41749855875968933,-0.7396889925003052,0.21865272521972656,-0.2004544734954834,-0.8917385935783386,0.15391314029693604,-0.4320627450942993,-0.6422119736671448,0.0830971896648407,-0.416273832321167,-0.4503530263900757,0.048640843480825424,-0.3393101096153259
0.0,0.0,0.0,-0.11731965094804764,-0.37578216195106506,-0.20735140144824982,-0.4631372094154358,-0.5650721192359924,-0.26957497000694275,-0.7840456962585449,-0.5526624321937561,-0.327521413564682,-1.0087862014770508,-0.4562876522541046,-0.37504738569259644,-0.8861357569694519,-0.5975219011306763,-0.1320158988237381,-1.3275394439697266,-0.6673657298088074,-0.2921496331691742,-1.617789626121521,-0.6727854013442993,-0.3898654878139496,-1.8696010112762451,-0.67084801197052,-0.4383215308189392,-0.9290828704833984,-0.34439370036125183,-0.13489976525306702,-1.427144169807434,-0.42074915766716003,-0.3288843631744385,-1.7704297304153442,-0.46628597378730774,-0.43380749225616455,-2.03885555267334,-0.5078508257865906,-0.4660888910293579,-0.8723812103271484,-0.08404736965894699,-0.16553319990634918,-1.03085458278656,-0.10780397057533264,-0.4608890116214752,-0.728498637676239,-0.1559823602437973,-0.5062101483345032,-0.4813893437385559,-0.19298607110977173,-0.4361288845539093,-0.7580738067626953,0.17690947651863098,-0.20971257984638214,-0.8549908399581909,0.11153540015220642,-0.4392823874950409,-0.6126783490180969,0.04622350260615349,-0.43646425008773804,-0.41317784786224365,0.0056884209625422955,-0.36863356828689575
0.0,0.0,0.0,-0.10739565640687943,-0.3548777997493744,-0.17963524162769318,-0.4261394143104553,-0.549828290939331,-0.23722289502620697,-0.7219265699386597,-0.5624276995658875,-0.294534295797348,-0.9422842860221863,-0.5103697776794434,-0.34111154079437256,-0.8568897247314453,-0.6142895817756653,-0.127355694770813,-1.2803012132644653,-0.6923115253448486,-0.28057053685188293,-1.5603374242782593,-0.7051626443862915,-0.37063202261924744,-1.8020434379577637,-0.7062815427780151,-0.4094456732273102,-0.9193530082702637,-0.368632048368454,-0.1374789923429489,-1.3831136226654053,-0.4577886164188385,-0.3158843219280243,-1.71884024143219,-0.5097499489784241,-0.4094860553741455,-1.9782207012176514,-0.5540647506713867,-0.4317578673362732,-0.8820290565490723,-0.11107020080089569,-0.17144040763378143,-0.971149206161499,-0.12837643921375275,-0.43500927090644836,-0.685259222984314,-0.15670454502105713,-0.4742744565010071,-0.44807079434394836,-0.17827406525611877,-0.4043597877025604,-0.7855411171913147,0.14819328486919403,-0.21772463619709015,-0.8456085920333862,0.0911468043923378,-0.40424808859825134,-0.6210812330245972,0.043195225298404694,-0.38559094071388245,-0.4297824203968048,0.01350848376750946,-0.31070026755332947
0.0,0.0,0.0,-0.10378634929656982,-0.3747270107269287,-0.18612034618854523,-0.416762113571167,-0.5837118029594421,-0.2402387410402298,-0.7177981734275818,-0.5763305425643921,-0.2935824394226074,-0.9409593343734741,-0.5082138180732727,-0.33696678280830383,-0.8627868294715881,-0.6384385228157043,-0.10617762804031372,-1.2833082675933838,-0.7146089673042297,-0.25474438071250916,-1.5601619482040405,-0.7282589077949524,-0.34513676166534424,-1.7989238500595093,-0.730998694896698,-0.386557012796402,-0.9150354266166687,-0.38660451769828796,-0.11509579420089722,-1.3962318897247314,-0.4655502736568451,-0.2914925217628479,-1.7262375354766846,-0.5135605335235596,-0.3879031836986542,-1.9751760959625244,-0.5571401715278625,-0.4116396903991699,-0.8659300208091736,-0.12701934576034546,-0.151222825050354,-0.9666237831115723,-0.13836440443992615,-0.4236961305141449,-0.6781125664710999,-0.17015600204467773,-0.47268450260162354,-0.4435252547264099,-0.20248983800411224,-0.4061536192893982,-0.7608242034912109,0.1337309032678604,-0.19917458295822144,-0.835169792175293,0.09212742745876312,-0.3975023925304413,-0.6097339391708374,0.05029381066560745,-0.38782641291618347,-0.4234958589076996,0.017587240785360336,-0.31774866580963135
0.0,0.0,0.0,-0.08347713947296143,-0.3466266691684723,-0.21749909222126007,-0.35733893513679504,-0.5333285927772522,-0.2967332899570465,-0.6144049167633057,-0.5166201591491699,-0.36844882369041443,-0.8396885991096497,-0.46587109565734863,-0.42487236857414246,-0.8564017415046692,-0.6089000105857849,-0.15013015270233154,-1.242194414138794,-0.6765115857124329,-0.3224795162677765,-1.5049152374267578,-0.6846436262130737,-0.4256035089492798,-1.7377381324768066,-0.6756554841995239,-0.4714644253253937,-0.9219359159469604,-0.3590760827064514,-0.14525386691093445,-1.3491257429122925,-0.42916160821914673,-0.3468951880931854,-1.654787302017212,-0.478144109249115,-0.4501318335533142,-1.895477533340454,-0.5180293917655945,-0.4709373414516449,-0.8855598568916321,-0.1035955622792244,-0.17088334262371063,-0.8850868344306946,-0.09936102479696274,-0.4585326611995697,-0.581551730632782,-0.14356054365634918,-0.5165339112281799,-0.3630900979042053,-0.18155847489833832,-0.45120003819465637,-0.7937819361686707,0.1403779238462448,-0.211648091673851,-0.7729224562644958,0.102384053170681,-0.41313886642456055,-0.5351507663726807,0.05896202474832535,-0.4138844907283783,-0.3664340078830719,0.021565807983279228,-0.3496015965938568
0.0,0.0,0.0,-0.10500442981719971,-0.348799467086792,-0.1796538233757019,-0.4178018867969513,-0.5415210723876953,-0.23014304041862488,-0.7183544635772705,-0.48310792446136475,-0.279848575592041,-0.9366896748542786,-0.3682302236557007,-0.31858745217323303,-0.8458212614059448,-0.6155747771263123,-0.0992826595902443,-1.2326828241348267,-0.6822677254676819,-0.2553742527961731,-1.490809440612793,-0.6908696293830872,-0.3455982804298401,-1.7261264324188232,-0.6766221523284912,-0.3869816064834595,-0.919184148311615,-0.37829074263572693,-0.10952907800674438,-1.3411462306976318,-0.4562014639377594,-0.3009988069534302,-1.647920846939087,-0.48719877004623413,-0.3989749252796173,-1.90103018283844,-0.505084753036499,-0.4176352024078369,-0.8860058784484863,-0.13117043673992157,-0.14813706278800964,-0.9197428822517395,-0.07879311591386795,-0.4319436252117157,-0.6202499270439148,-0.10429290682077408,-0.48878204822540283,-0.3975140452384949,-0.14849981665611267,-0.42382246255874634,-0.7949774265289307,0.11690886318683624,-0.19912566244602203,-0.7649674415588379,0.1321098357439041,-0.4065931439399719,-0.5320420861244202,0.08955322951078415,-0.4177030324935913,-0.36765721440315247,0.03126029670238495,-0.3613370954990387
0.0,0.0,0.0,-0.10278152674436569,-0.3588867485523224,-0.18460822105407715,-0.4043276011943817,-0.5536866784095764,-0.23704956471920013,-0.7010523676872253,-0.5040338635444641,-0.28869447112083435,-0.9236553907394409,-0.4096109867095947,-0.3299162685871124,-0.8548693060874939,-0.6095871329307556,-0.10646898299455643,-1.2579095363616943,-0.6768888831138611,-0.2593942880630493,-1.5213290452957153,-0.679017186164856,-0.3467974066734314,-1.7588608264923096,-0.6667775511741638,-0.3854118883609772,-0.9209218621253967,-0.37341639399528503,-0.11163856834173203,-1.346940040588379,-0.44143053889274597,-0.29907023906707764,-1.66193687915802,-0.46565550565719604,-0.3969968259334564,-1.9152752161026,-0.4858008325099945,-0.4176194667816162,-0.8851925134658813,-0.13038845360279083,-0.1446160227060318,-0.9365651607513428,-0.06387963145971298,-0.4280332326889038,-0.6306591629981995,-0.08864863216876984,-0.4884333908557892,-0.38894981145858765,-0.1384751945734024,-0.426481157541275,-0.7934011816978455,0.1131914034485817,-0.19004012644290924,-0.775460958480835,0.1412557065486908,-0.4065621793270111,-0.5355930328369141,0.10093901306390762,-0.42428910732269287,-0.35552334785461426,0.0389520488679409,-0.37041175365448
0.0,0.0,0.0,-0.13112492859363556,-0.3472418189048767,-0.1885865479707718,-0.46234092116355896,-0.5241710543632507,-0.24014312028884888,-0.7674620747566223,-0.42548277974128723,-0.28746509552001953,-0.9667722582817078,-0.2659739553928375,-0.32584935426712036,-0.8808878660202026,-0.5816213488578796,-0.10395096242427826,-1.2817895412445068,-0.6101959347724915,-0.25915491580963135,-1.540485143661499,-0.5870278477668762,-0.3503738045692444,-1.7724052667617798,-0.5462182760238647,-0.39280182123184204,-0.9355778098106384,-0.3358088731765747,-0.10920820385217667,-1.368330955505371,-0.3767906725406647,-0.300028532743454,-1.6796870231628418,-0.3744702935218811,-0.40165501832962036,-1.9334763288497925,-0.3658652901649475,-0.42288437485694885,-0.8840646147727966,-0.09222330152988434,-0.14328071475028992,-0.933673620223999,0.008166474290192127,-0.43721702694892883,-0.6263468861579895,-0.03419250249862671,-0.5043427348136902,-0.39338764548301697,-0.10042500495910645,-0.44277477264404297,-0.7747179269790649,0.14796233177185059,-0.18860043585300446,-0.7676573395729065,0.19373223185539246,-0.4151163101196289,-0.5245929956436157,0.14314626157283783,-0.4344169497489929,-0.3478345274925232,0.07175737619400024,-0.3798700273036957
0.0,0.0,0.0,-0.120757095515728,-0.32801324129104614,-0.22115880250930786,-0.4392411708831787,-0.5008093118667603,-0.29339689016342163,-0.7305737137794495,-0.413129597902298,-0.35420894622802734,-0.9491092562675476,-0.278524786233902,-0.40373295545578003,-0.8955168724060059,-0.5429991483688354,-0.1542026251554489,-1.281123399734497,-0.5566765666007996,-0.32723909616470337,-1.5363909006118774,-0.5270720720291138,-0.4288414418697357,-1.7685233354568481,-0.4857286810874939,-0.47859111428260803,-0.9426975250244141,-0.298580139875412,-0.14890024065971375,-1.3533930778503418,-0.3265340030193329,-0.3608802855014801,-1.65769624710083,-0.3113393485546112,-0.467929869890213,-1.9110593795776367,-0.29699763655662537,-0.4916549324989319,-0.8843167424201965,-0.057794101536273956,-0.17424379289150238,-0.9317616820335388,0.036178991198539734,-0.49213850498199463,-0.6097930669784546,-0.010547158308327198,-0.5591000318527222,-0.3777938187122345,-0.08948680013418198,-0.49503636360168457,-0.7701315879821777,0.1735193133354187,-0.21290309727191925,-0.7537975907325745,0.21954293549060822,-0.4671505093574524,-0.4999900758266449,0.1652313619852066,-0.49609243869781494,-0.3288641571998596,0.07888191193342209,-0.4446876347064972
0.0,0.0,0.0,-0.12963800132274628,-0.3461674451828003,-0.197950080037117,-0.47227033972740173,-0.5099461674690247,-0.24667952954769135,-0.7798482775688171,-0.40133872628211975,-0.2880413234233856,-0.9836828708648682,-0.2508576810359955,-0.31955602765083313,-0.8908520340919495,-0.5631964802742004,-0.11273760348558426,-1.290379524230957,-0.5766087770462036,-0.2664851248264313,-1.5517510175704956,-0.5429417490959167,-0.35469579696655273,-1.7861498594284058,-0.49092575907707214,-0.39564183354377747,-0.9431208968162537,-0.3132076859474182,-0.11146216094493866,-1.3798136711120605,-0.33339929580688477,-0.3051738739013672,-1.6933979988098145,-0.31588390469551086,-0.40604496002197266,-1.9466403722763062,-0.2919330596923828,-0.4264723062515259,-0.8894245624542236,-0.06883435696363449,-0.13965722918510437,-0.9376377463340759,0.023667078465223312,-0.4410080313682556,-0.6211260557174683,-0.03238832950592041,-0.5105891823768616,-0.38429033756256104,-0.10495792329311371,-0.44898831844329834,-0.7826560139656067,0.16983351111412048,-0.17955957353115082,-0.773758053779602,0.1961365044116974,-0.4170730710029602,-0.5235734581947327,0.13697084784507751,-0.4433158338069916,-0.346303254365921,0.0637717992067337,-0.3922275900840759
0.0,0.0,0.0,-0.12021003663539886,-0.34291955828666687,-0.25400474667549133,-0.43674930930137634,-0.49520182609558105,-0.3246019780635834,-0.7223482728004456,-0.415228933095932,-0.3777307868003845,-0.9402819871902466,-0.3168998062610626,-0.41739797592163086,-0.8843117952346802,-0.574924111366272,-0.15672393143177032,-1.302545428276062,-0.578746497631073,-0.3287527859210968,-1.5778368711471558,-0.5427567362785339,-0.4306570887565613,-1.8199747800827026,-0.49891161918640137,-0.4781435430049896,-0.935925304889679,-0.32665884494781494,-0.13167311251163483,-1.3786044120788574,-0.31946879625320435,-0.34162643551826477,-1.6948513984680176,-0.29525211453437805,-0.4533003568649292,-1.94548499584198,-0.2762889862060547,-0.4783092141151428,-0.8828858137130737,-0.08670882880687714,-0.14238984882831573,-0.9282462000846863,0.03958054631948471,-0.4638007581233978,-0.5990992188453674,0.0027617905288934708,-0.5478511452674866,-0.3579148054122925,-0.07108185440301895,-0.49158230423927307,-0.7783132791519165,0.14126642048358917,-0.16889043152332306,-0.7731227278709412,0.21303175389766693,-0.4284282624721527,-0.5170089602470398,0.17505015432834625,-0.4691762924194336,-0.34179916977882385,0.10060103982686996,-0.4245031774044037
0.0,0.0,0.0,-0.1326865702867508,-0.35959094762802124,-0.23101583123207092,-0.4546457827091217,-0.5295250415802002,-0.29054510593414307,-0.7221953868865967,-0.43005016446113586,-0.3350315988063812,-0.9212949872016907,-0.2830730974674225,-0.3658430278301239,-0.8758459687232971,-0.5956685543060303,-0.1276855319738388,-1.260223388671875,-0.6034040451049805,-0.2912496030330658,-1.5217527151107788,-0.5658001899719238,-0.3903956115245819,-1.758677363395691,-0.5209540724754333,-0.4379440248012543,-0.933678150177002,-0.3402172327041626,-0.11179158836603165,-1.3392243385314941,-0.34975332021713257,-0.31402236223220825,-1.6438788175582886,-0.3380518853664398,-0.42393988370895386,-1.8870631456375122,-0.32161104679107666,-0.4477514624595642,-0.8916034698486328,-0.09959901124238968,-0.13074573874473572,-0.869991660118103,-0.03198333829641342,-0.43607625365257263,-0.5530030727386475,-0.0764312744140625,-0.5206247568130493,-0.3412700891494751,-0.13519537448883057,-0.46717846393585205,-0.798011302947998,0.12188857793807983,-0.1655489206314087,-0.7266470193862915,0.1465778797864914,-0.40007713437080383,-0.48017215728759766,0.11064913868904114,-0.43781888484954834,-0.3270029127597809,0.06015840917825699,-0.3965007960796356
0.0,0.0,0.0,-0.09804194420576096,-0.35513705015182495,-0.22286784648895264,-0.3933733403682709,-0.5393810272216797,-0.2869480848312378,-0.6706780195236206,-0.4562709927558899,-0.3403756320476532,-0.9018037915229797,-0.332088828086853,-0.38084864616394043,-0.8560261726379395,-0.6038875579833984,-0.12732648849487305,-1.2420655488967896,-0.6253371238708496,-0.2945099174976349,-1.5012584924697876,-0.598452091217041,-0.39324498176574707,-1.7373442649841309,-0.5551946759223938,-0.4401271343231201,-0.9271447658538818,-0.35622507333755493,-0.11621615290641785,-1.3520917892456055,-0.3742099106311798,-0.3162517845630646,-1.6475061178207397,-0.36201176047325134,-0.42084982991218567,-1.8904001712799072,-0.3470442593097687,-0.4420936405658722,-0.8879464268684387,-0.11077221482992172,-0.13860291242599487,-0.9071416854858398,-0.008712666109204292,-0.43489688634872437,-0.589361846446991,-0.05441702902317047,-0.5049295425415039,-0.3700900673866272,-0.12223775684833527,-0.4464034140110016,-0.7918494939804077,0.12290836125612259,-0.17630542814731598,-0.7459837198257446,0.1729394793510437,-0.40108877420425415,-0.5005373358726501,0.12386315315961838,-0.42886805534362793,-0.34611886739730835,0.04676582291722298,-0.3822362422943115
0.0,0.0,0.0,-0.05424649640917778,-0.3632590174674988,-0.22888287901878357,-0.34863078594207764,-0.5416069030761719,-0.29523736238479614,-0.627469003200531,-0.45246246457099915,-0.34873807430267334,-0.8454535603523254,-0.30619528889656067,-0.3916332721710205,-0.8494773507118225,-0.6059571504592896,-0.15660129487514496,-1.2323964834213257,-0.6229745745658875,-0.3229006230831146,-1.487244963645935,-0.5932533740997314,-0.4240046441555023,-1.72110915184021,-0.5446283221244812,-0.4737846255302429,-0.9304483532905579,-0.3361106514930725,-0.14592930674552917,-1.3448065519332886,-0.35131096839904785,-0.34432747960090637,-1.6436325311660767,-0.33990973234176636,-0.45036759972572327,-1.8867892026901245,-0.31483978033065796,-0.4757452607154846,-0.8939485549926758,-0.0775112509727478,-0.166901633143425,-0.8792470693588257,-0.00681877788156271,-0.4633776843547821,-0.5583030581474304,-0.0498562753200531,-0.5353586673736572,-0.3354642987251282,-0.09638578444719315,-0.47968292236328125,-0.7988538146018982,0.16168899834156036,-0.20341815054416656,-0.7572023272514343,0.16597965359687805,-0.4297619163990021,-0.5150086879730225,0.13735534250736237,-0.4539027512073517,-0.34366491436958313,0.10089398175477982,-0.4053823947906494
0.0,0.0,0.0,-0.03386370837688446,-0.35816940665245056,-0.26058557629585266,-0.3025297522544861,-0.5392315983772278,-0.34820809960365295,-0.5651448965072632,-0.4649219214916229,-0.4175892770290375,-0.790314793586731,-0.33232998847961426,-0.47638070583343506,-0.8409551978111267,-0.6099890470504761,-0.1920800507068634,-1.2124979496002197,-0.6245934963226318,-0.3805849254131317,-1.4729866981506348,-0.6007373332977295,-0.49873894453048706,-1.7156437635421753,-0.5513338446617126,-0.559303343296051,-0.922538697719574,-0.3456534147262573,-0.17159870266914368,-1.3185498714447021,-0.35514479875564575,-0.39139026403427124,-1.606391429901123,-0.33234894275665283,-0.510172426700592,-1.8474860191345215,-0.29640379548072815,-0.5407499074935913,-0.8767976760864258,-0.08946375548839569,-0.1851803958415985,-0.8440165519714355,0.007913276553153992,-0.5062633156776428,-0.516059935092926,-0.03761034458875656,-0.588086724281311,-0.28204023838043213,-0.09745500981807709,-0.532623827457428,-0.7641931176185608,0.14745265245437622,-0.21592316031455994,-0.6935776472091675,0.16837207973003387,-0.4759281575679779,-0.4357236623764038,0.10603955388069153,-0.5166445970535278,-0.24971957504749298,0.02768491581082344,-0.4709905982017517
0.0,0.0,0.0,-0.06804332882165909,-0.3449898064136505,-0.21753022074699402,-0.34554263949394226,-0.5183966159820557,-0.2827480733394623,-0.6140187978744507,-0.44398364424705505,-0.3371356725692749,-0.8407074809074402,-0.3277004659175873,-0.38089719414711,-0.8448419570922852,-0.6017491221427917,-0.14678359031677246,-1.2166701555252075,-0.6215245127677917,-0.310259610414505,-1.4637925624847412,-0.5985924601554871,-0.4038417339324951,-1.6957244873046875,-0.5604348182678223,-0.4460952579975128,-0.9246382713317871,-0.3554568886756897,-0.1367274820804596,-1.3132457733154297,-0.36262938380241394,-0.3331455588340759,-1.597034215927124,-0.35471299290657043,-0.43373534083366394,-1.8286749124526978,-0.3395209014415741,-0.45157554745674133,-0.8928479552268982,-0.11490748822689056,-0.15748868882656097,-0.8225412964820862,-0.007045341655611992,-0.45193248987197876,-0.4952388107776642,-0.04960516840219498,-0.5290752649307251,-0.2580510377883911,-0.10717718303203583,-0.4740913212299347,-0.799546480178833,0.1114780455827713,-0.1932806819677353,-0.6842002272605896,0.1529272198677063,-0.4243495464324951,-0.4247746169567108,0.10971709340810776,-0.461863249540329,-0.2484419047832489,0.045640621334314346,-0.41854724287986755
0.0,0.0,0.0,-0.053217630833387375,-0.34618204832077026,-0.20474234223365784,-0.3530462980270386,-0.527974545955658,-0.2612842619419098,-0.6417087912559509,-0.43382152915000916,-0.30696430802345276,-0.8747254014015198,-0.28859350085258484,-0.34315162897109985,-0.8299065828323364,-0.6163347363471985,-0.1350211650133133,-1.2070198059082031,-0.6506136059761047,-0.2959122061729431,-1.4551284313201904,-0.6343705058097839,-0.3859599232673645,-1.6882667541503906,-0.6026081442832947,-0.4259822368621826,-0.9203299880027771,-0.3706832528114319,-0.12484607100486755,-1.2984352111816406,-0.39471200108528137,-0.32804062962532043,-1.573777675628662,-0.3881213665008545,-0.43002286553382874,-1.803335189819336,-0.37139078974723816,-0.4458993971347809,-0.9083183407783508,-0.13031254708766937,-0.14407683908939362,-0.8325406312942505,-0.03625006228685379,-0.43799641728401184,-0.5023673176765442,-0.0696144551038742,-0.5134685039520264,-0.27109453082084656,-0.11468492448329926,-0.45676130056381226,-0.8416527509689331,0.09367325901985168,-0.17706918716430664,-0.7123371362686157,0.12682917714118958,-0.4008125960826874,-0.45712462067604065,0.10153409093618393,-0.43689361214637756,-0.29261642694473267,0.0542084202170372,-0.3936600387096405
0.0,0.0,0.0,-0.06708546727895737,-0.3487151861190796,-0.214757040143013,-0.3661150634288788,-0.5318173170089722,-0.2832071781158447,-0.6682509779930115,-0.41795340180397034,-0.3395056128501892,-0.9063668251037598,-0.2539548873901367,-0.38718193769454956,-0.8275536298751831,-0.616341769695282,-0.15300370752811432,-1.1950165033340454,-0.6479014754295349,-0.32603105902671814,-1.4448052644729614,-0.6329413056373596,-0.4274428188800812,-1.683484673500061,-0.6068322658538818,-0.4763277769088745,-0.9188753962516785,-0.3680586516857147,-0.14212949573993683,-1.2947765588760376,-0.4044387638568878,-0.3534518778324127,-1.5755810737609863,-0.412409245967865,-0.4599246084690094,-1.812349796295166,-0.41294869780540466,-0.48104870319366455,-0.9050738215446472,-0.1265379935503006,-0.16090022027492523,-0.8594810962677002,-0.020960234105587006,-0.46542593836784363,-0.5303530693054199,-0.049401313066482544,-0.5404424071311951,-0.29106178879737854,-0.09765900671482086,-0.4830247759819031,-0.8331360816955566,0.09825590997934341,-0.19380153715610504,-0.7238627076148987,0.13954192399978638,-0.4324630796909332,-0.4628499746322632,0.11119548231363297,-0.470779687166214,-0.287364661693573,0.055627815425395966,-0.42687925696372986
0.0,0.0,0.0,-0.06624998897314072,-0.3395169675350189,-0.23026970028877258,-0.36698752641677856,-0.5407006740570068,-0.3008376359939575,-0.6807454228401184,-0.41899803280830383,-0.35256829857826233,-0.9146291613578796,-0.247835174202919,-0.39352327585220337,-0.8186413645744324,-0.6258188486099243,-0.15359683334827423,-1.2042063474655151,-0.6562797427177429,-0.3160426616668701,-1.4575139284133911,-0.6325986385345459,-0.4109562337398529,-1.6947883367538452,-0.5997551679611206,-0.4549136459827423,-0.9150722026824951,-0.3820473849773407,-0.12916167080402374,-1.3097403049468994,-0.40650269389152527,-0.32642996311187744,-1.5948984622955322,-0.40352702140808105,-0.4306305944919586,-1.8320212364196777,-0.3968530297279358,-0.4514266550540924,-0.9097515940666199,-0.1445537805557251,-0.13514070212841034,-0.8940548896789551,-0.011214222759008408,-0.43124160170555115,-0.5589866042137146,-0.02335764467716217,-0.5118519067764282,-0.31466975808143616,-0.06558693200349808,-0.45906367897987366,-0.8472803235054016,0.07598349452018738,-0.1554144322872162,-0.7623425722122192,0.1407216191291809,-0.3934023082256317,-0.4913254976272583,0.11667130142450333,-0.4351860284805298,-0.30401819944381714,0.055429983884096146,-0.3929986357688904
0.0,0.0,0.0,-0.05893542245030403,-0.3553594946861267,-0.23250609636306763,-0.37281152606010437,-0.5520572066307068,-0.2960933446884155,-0.6770803332328796,-0.4529975652694702,-0.33681604266166687,-0.8892480134963989,-0.28509166836738586,-0.3668270707130432,-0.8114315271377563,-0.6331899762153625,-0.1726485937833786,-1.2073397636413574,-0.6824899315834045,-0.3255331516265869,-1.4680157899856567,-0.6701565384864807,-0.412768691778183,-1.7067703008651733,-0.6431472301483154,-0.4526002109050751,-0.9120951890945435,-0.38509494066238403,-0.14065633714199066,-1.3292529582977295,-0.4202021062374115,-0.32111355662345886,-1.6177029609680176,-0.43077602982521057,-0.4099561274051666,-1.8499675989151,-0.43214571475982666,-0.42354506254196167,-0.9036111235618591,-0.14242671430110931,-0.13767306506633759,-0.9131567478179932,-0.04137364402413368,-0.4156799912452698,-0.596912682056427,-0.0607413575053215,-0.4884563088417053,-0.3622852563858032,-0.09272484481334686,-0.43469855189323425,-0.8359721899032593,0.07569343596696854,-0.14908669888973236,-0.7859750390052795,0.10752616822719574,-0.3714173138141632,-0.5339815020561218,0.09683584421873093,-0.4050334692001343,-0.3535953462123871,0.06951287388801575,-0.36104050278663635
0.0,0.0,0.0,-0.06940977275371552,-0.3456534147262573,-0.21418806910514832,-0.380238801240921,-0.5392026305198669,-0.27393242716789246,-0.685305118560791,-0.43119150400161743,-0.3191100060939789,-0.908656656742096,-0.2537992596626282,-0.3557121455669403,-0.8270478844642639,-0.6088328957557678,-0.15098246932029724,-1.207416296005249,-0.6479039788246155,-0.3063798248767853,-1.4568716287612915,-0.637621283531189,-0.3928459882736206,-1.6899702548980713,-0.6194329857826233,-0.4297788441181183,-0.9226051568984985,-0.362712025642395,-0.13130022585391998,-1.299115538597107,-0.3986159861087799,-0.3250044286251068,-1.583561897277832,-0.41558149456977844,-0.4193289279937744,-1.8136498928070068,-0.4253752529621124,-0.4318564832210541,-0.9165363311767578,-0.12156227976083755,-0.14049150049686432,-0.8700311779975891,-0.004104169551283121,-0.43527907133102417,-0.5309049487113953,-0.026732513681054115,-0.513765275478363,-0.2768814265727997,-0.07317167520523071,-0.4575534462928772,-0.8552448153495789,0.09995922446250916,-0.16269513964653015,-0.7486992478370667,0.14867249131202698,-0.39505913853645325,-0.4804260730743408,0.12490276247262955,-0.4353490471839905,-0.2932053804397583,0.07215731590986252,-0.39284729957580566
0.0,0.0,0.0,-0.07888370007276535,-0.3331651985645294,-0.2302049696445465,-0.3864375352859497,-0.5108152627944946,-0.29989221692085266,-0.6790896058082581,-0.3922668397426605,-0.3529243469238281,-0.9014143943786621,-0.22902099788188934,-0.39614662528038025,-0.8399455547332764,-0.5922377705574036,-0.1580328345298767,-1.2279646396636963,-0.6144464015960693,-0.32460054755210876,-1.482519507408142,-0.5868856310844421,-0.4209674894809723,-1.7178163528442383,-0.5475135445594788,-0.46326112747192383,-0.9301471710205078,-0.34134164452552795,-0.13532239198684692,-1.3308967351913452,-0.36049458384513855,-0.3378628194332123,-1.6225486993789673,-0.3541053533554077,-0.44338086247444153,-1.8599824905395508,-0.3439364433288574,-0.46252644062042236,-0.9147841334342957,-0.09736441820859909,-0.14323914051055908,-0.8898223638534546,0.034968554973602295,-0.4449416399002075,-0.5566469430923462,0.010680478066205978,-0.5267685651779175,-0.3111403286457062,-0.04329697787761688,-0.47158074378967285,-0.8442848324775696,0.12703488767147064,-0.16522201895713806,-0.7728198766708374,0.1910315603017807,-0.40085864067077637,-0.5111275911331177,0.16275356709957123,-0.43652084469795227,-0.32501220703125,0.09967224299907684,-0.3895462453365326
0.0,0.0,0.0,-0.0870039165019989,-0.3612024188041687,-0.23100443184375763,-0.41076380014419556,-0.537007749080658,-0.28717315196990967,-0.7091658711433411,-0.4226589500904083,-0.32621389627456665,-0.9230923056602478,-0.26747599244117737,-0.35345491766929626,-0.84529709815979,-0.6135265827178955,-0.13896727561950684,-1.248389482498169,-0.6376783847808838,-0.29346153140068054,-1.5119870901107788,-0.617339015007019,-0.3807315528392792,-1.755149245262146,-0.5798364281654358,-0.4196310043334961,-0.9244031310081482,-0.36314627528190613,-0.116634801030159,-1.3558120727539062,-0.3802996575832367,-0.3081994354724884,-1.6631351709365845,-0.3757651448249817,-0.40727657079696655,-1.9143263101577759,-0.3623986542224884,-0.4236248731613159,-0.8963478803634644,-0.11606539785861969,-0.12758170068264008,-0.9065185785293579,0.007306873798370361,-0.4404422342777252,-0.5738540887832642,-0.023931600153446198,-0.5354512929916382,-0.3342147171497345,-0.07937482744455338,-0.4848990738391876,-0.8153592944145203,0.11413173377513885,-0.1509961485862732,-0.7601075768470764,0.1567838191986084,-0.40773290395736694,-0.4919106066226959,0.11166706681251526,-0.4603556990623474,-0.30538830161094666,0.04312342777848244,-0.4232836663722992
0.0,0.0,0.0,-0.10250353068113327,-0.3547832667827606,-0.23041796684265137,-0.42705878615379333,-0.5075165629386902,-0.3010730445384979,-0.7175878286361694,-0.401570588350296,-0.35671666264533997,-0.9546502232551575,-0.26819339394569397,-0.40035197138786316,-0.8527752161026001,-0.578177273273468,-0.1649002730846405,-1.2445529699325562,-0.6103518009185791,-0.3443179130554199,-1.509647250175476,-0.6011472940444946,-0.44785356521606445,-1.755252718925476,-0.5782577991485596,-0.4962700605392456,-0.9327662587165833,-0.32823532819747925,-0.14902611076831818,-1.344558835029602,-0.35762345790863037,-0.3680731952190399,-1.6590832471847534,-0.3566899001598358,-0.4740695655345917,-1.9205299615859985,-0.35357916355133057,-0.4916917085647583,-0.9060189723968506,-0.08168978244066238,-0.1654956042766571,-0.8967955112457275,0.028919411823153496,-0.48366600275039673,-0.573281466960907,-0.011460628360509872,-0.5569076538085938,-0.34230586886405945,-0.07737530022859573,-0.4924998879432678,-0.8214951753616333,0.14931251108646393,-0.19670230150222778,-0.7454014420509338,0.20244671404361725,-0.4448520541191101,-0.48676007986068726,0.15863700211048126,-0.4802493453025818,-0.3205140233039856,0.08520498871803284,-0.4322577118873596
0.0,0.0,0.0,-0.11422909051179886,-0.33771514892578125,-0.23499740660190582,-0.43378758430480957,-0.4943997263908386,-0.3045188784599304,-0.723491370677948,-0.4059436321258545,-0.3544628322124481,-0.9466670751571655,-0.2695980966091156,-0.3906219005584717,-0.853725016117096,-0.5715208649635315,-0.1766156107187271,-1.2487467527389526,-0.593680739402771,-0.3552660346031189,-1.5134278535842896,-0.5729696154594421,-0.45850253105163574,-1.7554066181182861,-0.539409339427948,-0.5056769847869873,-0.9333946704864502,-0.3239760398864746,-0.1543174535036087,-1.3435496091842651,-0.3378318250179291,-0.362576425075531,-1.6542885303497314,-0.32790032029151917,-0.4624970257282257,-1.9112510681152344,-0.3193446099758148,-0.47823694348335266,-0.9071171879768372,-0.08456172794103622,-0.16420947015285492,-0.8886318802833557,0.030192390084266663,-0.4638788402080536,-0.5784521698951721,-0.012935856357216835,-0.5330374240875244,-0.3584756553173065,-0.08101027458906174,-0.4709031581878662,-0.8193095326423645,0.13774338364601135,-0.19023209810256958,-0.7460184693336487,0.1896984726190567,-0.4167504906654358,-0.5034441947937012,0.14871522784233093,-0.44473540782928467,-0.34846076369285583,0.08165908604860306,-0.3955192565917969
0.0,0.0,0.0,-0.13866232335567474,-0.32992374897003174,-0.2521633207798004,-0.4825381934642792,-0.4751540720462799,-0.33343610167503357,-0.7896066904067993,-0.3704751133918762,-0.3944143056869507,-1.0105743408203125,-0.21361173689365387,-0.44249194860458374,-0.8875992894172668,-0.554885983467102,-0.17297199368476868,-1.2969863414764404,-0.5688825249671936,-0.3566853702068329,-1.5627672672271729,-0.540145218372345,-0.46998247504234314,-1.8053488731384277,-0.5036753416061401,-0.5282731652259827,-0.9385888576507568,-0.3090752065181732,-0.15337342023849487,-1.3815878629684448,-0.3195053040981293,-0.377468079328537,-1.703188180923462,-0.2960536479949951,-0.4937439262866974,-1.9739114046096802,-0.2779586911201477,-0.522515594959259,-0.8874396085739136,-0.06908018887042999,-0.16795144975185394,-0.9643981456756592,0.05670206621289253,-0.5015283823013306,-0.6398986577987671,0.018827565014362335,-0.5735560059547424,-0.405646413564682,-0.0555032379925251,-0.5086172223091125,-0.7822331190109253,0.1617576628923416,-0.19785349071025848,-0.7993203401565552,0.22855909168720245,-0.4675499200820923,-0.536320686340332,0.19455915689468384,-0.49663177132606506,-0.35778167843818665,0.1247553825378418,-0.44218239188194275
0.0,0.0,0.0,-0.14999404549598694,-0.32742032408714294,-0.3150266408920288,-0.5029557347297668,-0.4597508907318115,-0.41823258996009827,-0.8127495050430298,-0.34184643626213074,-0.48740366101264954,-1.0334138870239258,-0.16873566806316376,-0.539095938205719,-0.8968806266784668,-0.537450909614563,-0.22973859310150146,-1.3212486505508423,-0.541748046875,-0.44576576352119446,-1.596872329711914,-0.5008917450904846,-0.5818480253219604,-1.8483257293701172,-0.45917844772338867,-0.6534937620162964,-0.9398148059844971,-0.2878232002258301,-0.18413548171520233,-1.3874975442886353,-0.2972751557826996,-0.43949028849601746,-1.719319224357605,-0.2610788643360138,-0.5696789622306824,-1.9985193014144897,-0.23674717545509338,-0.6051373481750488,-0.8894386887550354,-0.04633428901433945,-0.1804237961769104,-0.9848781228065491,0.08058539777994156,-0.5454391837120056,-0.652042806148529,0.048315100371837616,-0.623986542224884,-0.41889718174934387,-0.034031059592962265,-0.5569683313369751,-0.7913326621055603,0.18258973956108093,-0.19778650999069214,-0.8005785942077637,0.25971245765686035,-0.49325183033943176,-0.5342258810997009,0.22401396930217743,-0.5351071953773499,-0.36662158370018005,0.14487183094024658,-0.4865347146987915
0.0,0.0,0.0,-0.1597287654876709,-0.31309378147125244,-0.24949254095554352,-0.5177339911460876,-0.43835845589637756,-0.322632759809494,-0.8420843482017517,-0.3268819749355316,-0.379045307636261,-1.0644124746322632,-0.18144068121910095,-0.4207315444946289,-0.9158993363380432,-0.5340783596038818,-0.13974058628082275,-1.3359531164169312,-0.5394390225410461,-0.3118586838245392,-1.6128675937652588,-0.5048836469650269,-0.4180460274219513,-1.860975742340088,-0.4661412835121155,-0.4739508032798767,-0.9495819211006165,-0.2884911596775055,-0.1227477490901947,-1.4111473560333252,-0.3061862289905548,-0.33991530537605286,-1.7448495626449585,-0.27943044900894165,-0.45766395330429077,-2.0240533351898193,-0.26388368010520935,-0.4913286566734314,-0.8828586935997009,-0.04838281124830246,-0.14123085141181946,-1.0190210342407227,0.06726199388504028,-0.47580793499946594,-0.7084061503410339,0.0334591418504715,-0.5469569563865662,-0.47851794958114624,-0.04241438955068588,-0.4821145236492157,-0.7663910984992981,0.18832243978977203,-0.17525321245193481,-0.8455623984336853,0.24356979131698608,-0.4476794898509979,-0.5974166393280029,0.19785478711128235,-0.4770178496837616,-0.4230087995529175,0.11920835822820663,-0.4242263436317444
0.0,0.0,0.0,-0.15727950632572174,-0.3332574963569641,-0.25471869111061096,-0.5149471163749695,-0.4728612005710602,-0.32421526312828064,-0.8356617093086243,-0.3652285635471344,-0.3765135705471039,-1.0524855852127075,-0.21723343431949615,-0.41327038407325745,-0.9126700162887573,-0.5696949362754822,-0.11874457448720932,-1.3241658210754395,-0.5755653977394104,-0.2860433757305145,-1.6018626689910889,-0.5384169816970825,-0.3930723965167999,-1.8466899394989014,-0.5005894303321838,-0.4501822888851166,-0.9426696300506592,-0.3187371492385864,-0.09889697283506393,-1.3953135013580322,-0.3402259945869446,-0.3161138892173767,-1.7248589992523193,-0.3247888684272766,-0.4407616853713989,-1.9979143142700195,-0.32182562351226807,-0.4791484773159027,-0.875977098941803,-0.07295672595500946,-0.11650731414556503,-1.009917974472046,0.024660559371113777,-0.454086035490036,-0.6997228860855103,-0.005396424792706966,-0.5318373441696167,-0.47688761353492737,-0.07422269135713577,-0.4702502489089966,-0.7611644864082336,0.16878214478492737,-0.14983966946601868,-0.8475646376609802,0.20814163982868195,-0.4215642809867859,-0.59687340259552,0.16702015697956085,-0.4520759880542755,-0.4264412820339203,0.09669788926839828,-0.4008057415485382
0.0,0.0,0.0,-0.15915755927562714,-0.3428782820701599,-0.24089844524860382,-0.5212268829345703,-0.4874056875705719,-0.314815491437912,-0.8548685908317566,-0.3753451406955719,-0.3752933442592621,-1.0731655359268188,-0.22044557332992554,-0.4235442280769348,-0.9102988839149475,-0.5584472417831421,-0.1454123705625534,-1.3360264301300049,-0.5718322396278381,-0.3194539546966553,-1.6159943342208862,-0.5440859198570251,-0.42607662081718445,-1.8644801378250122,-0.5132318735122681,-0.4829757809638977,-0.9424828886985779,-0.30506232380867004,-0.13661256432533264,-1.416002631187439,-0.3336452543735504,-0.3589077889919281,-1.7521394491195679,-0.32186949253082275,-0.4780202805995941,-2.027517795562744,-0.31702905893325806,-0.5137478709220886,-0.8734952211380005,-0.058796126395463943,-0.16134628653526306,-1.0239814519882202,0.03857629746198654,-0.4988892376422882,-0.7152332067489624,0.0008421454695053399,-0.5669299960136414,-0.481283962726593,-0.0699111744761467,-0.5010337233543396,-0.7541706562042236,0.1867935061454773,-0.20057325065135956,-0.8476106524467468,0.2289682775735855,-0.47256118059158325,-0.6023654937744141,0.17974822223186493,-0.4968501925468445,-0.42441830039024353,0.10524436086416245,-0.4419805407524109
0.0,0.0,0.0,-0.1905348300933838,-0.3480077385902405,-0.21930575370788574,-0.5640928745269775,-0.4911022484302521,-0.274352103471756,-0.8782762885093689,-0.3868117928504944,-0.32062575221061707,-1.077546238899231,-0.20942960679531097,-0.35672736167907715,-0.9130493402481079,-0.5348913669586182,-0.10849419236183167,-1.3495069742202759,-0.5514724254608154,-0.27251556515693665,-1.6265102624893188,-0.5267369747161865,-0.3752415180206299,-1.8753600120544434,-0.49719712138175964,-0.4276919364929199,-0.9527797698974609,-0.28651827573776245,-0.10058822482824326,-1.4257060289382935,-0.304477334022522,-0.30674460530281067,-1.7611143589019775,-0.2984752953052521,-0.42002514004707336,-2.0343832969665527,-0.2985322177410126,-0.45179489254951477,-0.897479236125946,-0.04221019893884659,-0.1265503317117691,-1.0141046047210693,0.03543749079108238,-0.442221462726593,-0.7084232568740845,-0.003641733666881919,-0.5105150938034058,-0.4837503135204315,-0.06353911757469177,-0.44686949253082275,-0.790101945400238,0.19730588793754578,-0.1667172908782959,-0.8546931147575378,0.2185283601284027,-0.41135087609291077,-0.6108301877975464,0.17662058770656586,-0.43033599853515625,-0.4371965825557709,0.1244472861289978,-0.375613272190094
0.0,0.0,0.0,-0.17929255962371826,-0.3464050889015198,-0.20808245241641998,-0.5445569753646851,-0.49506473541259766,-0.26892197132110596,-0.8759010434150696,-0.39966246485710144,-0.32286423444747925,-1.0995410680770874,-0.2509377896785736,-0.36584049463272095,-0.9118037223815918,-0.5499546527862549,-0.12404321134090424,-1.3511220216751099,-0.5800926089286804,-0.28540390729904175,-1.6382861137390137,-0.5680810809135437,-0.3811865448951721,-1.8880904912948608,-0.5507265329360962,-0.4300435781478882,-0.9469681978225708,-0.29473036527633667,-0.1280050277709961,-1.4396451711654663,-0.33738788962364197,-0.33234965801239014,-1.77261483669281,-0.3484514057636261,-0.44262462854385376,-2.0371410846710205,-0.36227574944496155,-0.475844144821167,-0.8793051838874817,-0.041644904762506485,-0.16082024574279785,-1.0355216264724731,-0.008842801675200462,-0.4710129201412201,-0.7358401417732239,-0.05557819828391075,-0.5270451903343201,-0.5100699663162231,-0.11390665918588638,-0.46006983518600464,-0.7569209933280945,0.2099064439535141,-0.20597533881664276,-0.861172616481781,0.1984645575284958,-0.44571754336357117,-0.6279382109642029,0.13684870302677155,-0.4526199400424957,-0.4541870951652527,0.0800623893737793,-0.3914448618888855
0.0,0.0,0.0,-0.1506708562374115,-0.3433089852333069,-0.2433185875415802,-0.4940697252750397,-0.49791914224624634,-0.3288175165653229,-0.8171637058258057,-0.4249338209629059,-0.3987100124359131,-1.076544165611267,-0.31116342544555664,-0.45305776596069336,-0.8932716250419617,-0.576823353767395,-0.17387445271015167,-1.3212326765060425,-0.6119071841239929,-0.3507407009601593,-1.6059701442718506,-0.595606803894043,-0.4520419239997864,-1.8573166131973267,-0.5777263641357422,-0.5032235383987427,-0.9326794147491455,-0.3212270438671112,-0.16407985985279083,-1.4217219352722168,-0.377314031124115,-0.3927777111530304,-1.752030849456787,-0.3896086513996124,-0.5105201005935669,-2.0188534259796143,-0.409559428691864,-0.5453461408615112,-0.8701272010803223,-0.06442990154027939,-0.1837979108095169,-1.0344232320785522,-0.02473672851920128,-0.5162683725357056,-0.7180308103561401,-0.06060991436243057,-0.56687992811203,-0.48615139722824097,-0.12088223546743393,-0.4912651777267456,-0.7589991688728333,0.1899220496416092,-0.21755662560462952,-0.868628740310669,0.1855805516242981,-0.47519388794898987,-0.6187760829925537,0.1292417198419571,-0.4808275103569031,-0.4435851573944092,0.06818237155675888,-0.41430574655532837
0.0,0.0,0.0,-0.14654383063316345,-0.35308870673179626,-0.22935903072357178,-0.48476195335388184,-0.5166213512420654,-0.3063056170940399,-0.8029789328575134,-0.46513500809669495,-0.3726891577243805,-1.0564745664596558,-0.3715406656265259,-0.42514467239379883,-0.8885031342506409,-0.5954895615577698,-0.14299891889095306,-1.3135958909988403,-0.6416822075843811,-0.3136387765407562,-1.5939735174179077,-0.6334816217422485,-0.4169197082519531,-1.841694951057434,-0.6200429201126099,-0.47022387385368347,-0.9277868866920471,-0.346281498670578,-0.1389268934726715,-1.4018667936325073,-0.41184091567993164,-0.3602360188961029,-1.7310247421264648,-0.43180471658706665,-0.48019105195999146,-1.997605562210083,-0.45719683170318604,-0.5179754495620728,-0.8675283193588257,-0.09110148251056671,-0.1656307727098465,-1.0262014865875244,-0.054720714688301086,-0.49259153008461,-0.7196666598320007,-0.08222758769989014,-0.5487468242645264,-0.49018433690071106,-0.13579604029655457,-0.4783639907836914,-0.7620055675506592,0.1687460094690323,-0.20577548444271088,-0.8717783689498901,0.1667747050523758,-0.4619317352771759,-0.6265124678611755,0.11777876317501068,-0.47161218523979187,-0.4479306638240814,0.058774519711732864,-0.4084688425064087
0.0,0.0,0.0,-0.14012528955936432,-0.35470888018608093,-0.2405724674463272,-0.4727492332458496,-0.5186091065406799,-0.33207085728645325,-0.7778204679489136,-0.4788553714752197,-0.4125303328037262,-1.0190961360931396,-0.397383451461792,-0.4788869023323059,-0.8835192918777466,-0.5958455204963684,-0.17107373476028442,-1.3147244453430176,-0.6396421194076538,-0.3607962429523468,-1.596570611000061,-0.632629930973053,-0.4771978259086609,-1.8448150157928467,-0.6225034594535828,-0.5394640564918518,-0.9215365648269653,-0.3494967222213745,-0.16918177902698517,-1.3896677494049072,-0.41551148891448975,-0.41214272379875183,-1.7287530899047852,-0.43259501457214355,-0.5418218374252319,-2.0063517093658447,-0.45412349700927734,-0.5856782793998718,-0.8618507385253906,-0.09374598413705826,-0.19929638504981995,-1.031408667564392,-0.042076028883457184,-0.5463939309120178,-0.7171828746795654,-0.07310907542705536,-0.604142963886261,-0.47630059719085693,-0.13300803303718567,-0.5325109958648682,-0.7556149363517761,0.16881892085075378,-0.2436511367559433,-0.8591466546058655,0.18291014432907104,-0.5195765495300293,-0.6079638600349426,0.13396279513835907,-0.5357739329338074,-0.4240144193172455,0.06847532838582993,-0.4747958481311798
0.0,0.0,0.0,-0.13276714086532593,-0.36146435141563416,-0.23475457727909088,-0.48677507042884827,-0.5221838355064392,-0.3163118064403534,-0.816723644733429,-0.4673071801662445,-0.38761669397354126,-1.0536717176437378,-0.3692167401313782,-0.44619184732437134,-0.8922053575515747,-0.5880963802337646,-0.1605028659105301,-1.33438241481781,-0.637914776802063,-0.34360018372535706,-1.6201395988464355,-0.6299520134925842,-0.45465219020843506,-1.8723914623260498,-0.6180487871170044,-0.5142337083816528,-0.9275327920913696,-0.33736559748649597,-0.160833477973938,-1.4145522117614746,-0.4044353663921356,-0.3963928520679474,-1.7602386474609375,-0.4189116954803467,-0.52177894115448,-2.044665813446045,-0.4370432198047638,-0.563764214515686,-0.863207995891571,-0.08261217176914215,-0.19247622787952423,-1.0484635829925537,-0.03183130547404289,-0.5382567644119263,-0.7304238677024841,-0.06787598133087158,-0.5935224294662476,-0.4869503676891327,-0.12941648066043854,-0.5200105309486389,-0.747803270816803,0.1784546971321106,-0.2377859503030777,-0.8659183382987976,0.19395741820335388,-0.5166001319885254,-0.6108567714691162,0.14246852695941925,-0.5311045050621033,-0.42127904295921326,0.07738542556762695,-0.46864262223243713
0.0,0.0,0.0,-0.14702215790748596,-0.33501455187797546,-0.22411637008190155,-0.5024717450141907,-0.47829726338386536,-0.3002752959728241,-0.8137274384498596,-0.42156195640563965,-0.3695415258407593,-1.0368828773498535,-0.31728172302246094,-0.42727527022361755,-0.9005387425422668,-0.5598657131195068,-0.14853833615779877,-1.3361977338790894,-0.5975387692451477,-0.32951053977012634,-1.6216731071472168,-0.5910982489585876,-0.440544992685318,-1.8734853267669678,-0.5745129585266113,-0.49882322549819946,-0.9373593330383301,-0.31218311190605164,-0.15459369122982025,-1.4217932224273682,-0.3635641932487488,-0.3768167793750763,-1.7678680419921875,-0.36667928099632263,-0.49091866612434387,-2.049672842025757,-0.3723577558994293,-0.5229379534721375,-0.8734905123710632,-0.06475435197353363,-0.19338053464889526,-1.0385620594024658,0.016668764874339104,-0.5265405178070068,-0.7266680598258972,-0.022389255464076996,-0.583865761756897,-0.48627233505249023,-0.09516146779060364,-0.5120173692703247,-0.7530335187911987,0.18637780845165253,-0.24632081389427185,-0.8487132787704468,0.22804856300354004,-0.5130143761634827,-0.6035950183868408,0.1759866178035736,-0.5288640260696411,-0.4193893074989319,0.0938333198428154,-0.4680623412132263
0.0,0.0,0.0,-0.16179682314395905,-0.34380125999450684,-0.2565193772315979,-0.5177330374717712,-0.46864545345306396,-0.34242695569992065,-0.8287675976753235,-0.37948986887931824,-0.41496092081069946,-1.0612435340881348,-0.2641810178756714,-0.4716942608356476,-0.9252874851226807,-0.5315492749214172,-0.14851900935173035,-1.3587465286254883,-0.5512615442276001,-0.3337007164955139,-1.6417183876037598,-0.5289134383201599,-0.4484237730503082,-1.8910902738571167,-0.5027543902397156,-0.5097541213035583,-0.9495231509208679,-0.28079602122306824,-0.13985484838485718,-1.4333105087280273,-0.31513771414756775,-0.38344401121139526,-1.7809395790100098,-0.308510959148407,-0.5151597261428833,-2.0671017169952393,-0.3079543709754944,-0.5565108060836792,-0.8751725554466248,-0.03234940767288208,-0.16771940886974335,-1.038726806640625,0.04381125792860985,-0.5291848182678223,-0.7205753922462463,-0.006657964549958706,-0.5969489216804504,-0.4869471490383148,-0.08621951192617416,-0.5247076749801636,-0.7533331513404846,0.2191595882177353,-0.21111224591732025,-0.8467181921005249,0.2496311366558075,-0.5024884939193726,-0.5898524522781372,0.18964442610740662,-0.5282679796218872,-0.4139697849750519,0.11238060146570206,-0.47033360600471497
0.0,0.0,0.0,-0.16004124283790588,-0.33143147826194763,-0.2785111367702484,-0.5147417783737183,-0.4510557949542999,-0.37858593463897705,-0.8366152048110962,-0.36578574776649475,-0.4598727524280548,-1.0883922576904297,-0.2549063265323639,-0.5238254070281982,-0.9293071031570435,-0.5257824063301086,-0.1824287325143814,-1.36994469165802,-0.5383333563804626,-0.37334027886390686,-1.662300705909729,-0.5135886669158936,-0.4891657829284668,-1.9204801321029663,-0.4914621114730835,-0.5519856214523315,-0.9485729932785034,-0.27064841985702515,-0.16419123113155365,-1.4452017545700073,-0.3075845241546631,-0.4169549345970154,-1.7925852537155151,-0.3051389157772064,-0.551479160785675,-2.0770301818847656,-0.3114626407623291,-0.5956475138664246,-0.8706194758415222,-0.0212942436337471,-0.1818038374185562,-1.059403419494629,0.04950735718011856,-0.550584077835083,-0.7396427392959595,0.0045544784516096115,-0.6132915019989014,-0.5054421424865723,-0.06877467036247253,-0.5378521680831909,-0.7491559982299805,0.22626841068267822,-0.2162727564573288,-0.8675758242607117,0.24831053614616394,-0.5123558640480042,-0.6115453839302063,0.1854754090309143,-0.5339481830596924,-0.43557584285736084,0.11120179295539856,-0.4729714095592499
0.0,0.0,0.0,-0.1605266034603119,-0.3317625820636749,-0.24681341648101807,-0.5048426389694214,-0.4622323215007782,-0.32973387837409973,-0.817669689655304,-0.37234023213386536,-0.3974919617176056,-1.0661158561706543,-0.2650834619998932,-0.44815516471862793,-0.9174686074256897,-0.5417185425758362,-0.15108449757099152,-1.3398855924606323,-0.5612335205078125,-0.3225446939468384,-1.6239928007125854,-0.5492351651191711,-0.4232412874698639,-1.8720409870147705,-0.5360920429229736,-0.4752705991268158,-0.9465047717094421,-0.2898727059364319,-0.14178326725959778,-1.4353591203689575,-0.3341786861419678,-0.3650898039340973,-1.7657510042190552,-0.3415193557739258,-0.48404231667518616,-2.0295000076293945,-0.3551768660545349,-0.519673228263855,-0.8727922439575195,-0.042908065021038055,-0.16528740525245667,-1.0320446491241455,0.011553771793842316,-0.5004296898841858,-0.7254272699356079,-0.03409615904092789,-0.560362696647644,-0.5027976036071777,-0.10293366760015488,-0.48984017968177795,-0.7485018372535706,0.20095404982566833,-0.2035209983587265,-0.8574699759483337,0.20795132219791412,-0.46673697233200073,-0.6114286780357361,0.14635013043880463,-0.4807213246822357,-0.4399157464504242,0.07947038859128952,-0.419884592294693
0.0,0.0,0.0,-0.14497223496437073,-0.33450138568878174,-0.26600244641304016,-0.4919721782207489,-0.4718063175678253,-0.36131811141967773,-0.8192716836929321,-0.39506030082702637,-0.43888115882873535,-1.070774793624878,-0.3125201165676117,-0.4993300139904022,-0.9042922854423523,-0.5671333074569702,-0.1760772466659546,-1.33614182472229,-0.5932408571243286,-0.36026304960250854,-1.6232713460922241,-0.5787434577941895,-0.4691601097583771,-1.8770115375518799,-0.5652973055839539,-0.5261879563331604,-0.935356855392456,-0.3151675760746002,-0.16055193543434143,-1.4192334413528442,-0.3741045892238617,-0.4004432260990143,-1.75974440574646,-0.3849552869796753,-0.5263789892196655,-2.0359699726104736,-0.4022867977619171,-0.5652019381523132,-0.869256317615509,-0.0661228820681572,-0.17932845652103424,-1.0453449487686157,-0.00047500868095085025,-0.5343077778816223,-0.7243825197219849,-0.03145353123545647,-0.594862699508667,-0.48361101746559143,-0.09548930823802948,-0.5197325944900513,-0.7568616271018982,0.1839142143726349,-0.2139596939086914,-0.8720945119857788,0.20327754318714142,-0.4954483211040497,-0.6165515184402466,0.15386198461055756,-0.5125207901000977,-0.4319317638874054,0.08734505623579025,-0.4497167766094208
0.0,0.0,0.0,-0.1472693532705307,-0.3525185286998749,-0.2465021014213562,-0.5031999349594116,-0.49527880549430847,-0.33159855008125305,-0.8348366618156433,-0.4226113557815552,-0.4047088921070099,-1.0791255235671997,-0.32969051599502563,-0.462813138961792,-0.8983777165412903,-0.5702357292175293,-0.1493830680847168,-1.3317692279815674,-0.6169454455375671,-0.33169764280319214,-1.617032766342163,-0.6105180382728577,-0.4440184235572815,-1.870485782623291,-0.6007907390594482,-0.5052366852760315,-0.9348855018615723,-0.3245220482349396,-0.1437864452600479,-1.4092364311218262,-0.39035290479660034,-0.3816344738006592,-1.7572187185287476,-0.40431225299835205,-0.510726809501648,-2.0442464351654053,-0.42160600423812866,-0.554402768611908,-0.872757077217102,-0.07588395476341248,-0.17258292436599731,-1.049566388130188,-0.011413294821977615,-0.5229676365852356,-0.7344939708709717,-0.04808058589696884,-0.5857535600662231,-0.49158039689064026,-0.11551908403635025,-0.5157989263534546,-0.7615527510643005,0.17878340184688568,-0.21658240258693695,-0.8586277961730957,0.20580555498600006,-0.5003383755683899,-0.6071487069129944,0.15176615118980408,-0.5243297219276428,-0.4218035042285919,0.07693678885698318,-0.46802419424057007
0.0,0.0,0.0,-0.15458615124225616,-0.3383864164352417,-0.22294574975967407,-0.5248507857322693,-0.47343823313713074,-0.29256585240364075,-0.8713766932487488,-0.3906584680080414,-0.35401684045791626,-1.1069934368133545,-0.2670832574367523,-0.40334606170654297,-0.9152114391326904,-0.545102596282959,-0.13307052850723267,-1.3673185110092163,-0.5849305391311646,-0.30020302534103394,-1.657352328300476,-0.5748060345649719,-0.3998444080352783,-1.913661241531372,-0.5589925646781921,-0.45181602239608765,-0.9457117915153503,-0.29573607444763184,-0.1347939372062683,-1.4465121030807495,-0.35723018646240234,-0.34894391894340515,-1.7942190170288086,-0.3689589500427246,-0.46348029375076294,-2.0794107913970947,-0.38272979855537415,-0.4989455044269562,-0.8774024248123169,-0.04656342789530754,-0.1672109067440033,-1.0634229183197021,0.00598909892141819,-0.4974792003631592,-0.7480942606925964,-0.036207858473062515,-0.5520963668823242,-0.5064743161201477,-0.10149087756872177,-0.47940635681152344,-0.753937304019928,0.20809906721115112,-0.21266789734363556,-0.8750424981117249,0.22125552594661713,-0.4796715974807739,-0.6219758987426758,0.16191720962524414,-0.49010178446769714,-0.4284546673297882,0.09201069176197052,-0.4255245625972748
0.0,0.0,0.0,-0.1718529760837555,-0.3465694785118103,-0.26648131012916565,-0.5336998701095581,-0.4704633355140686,-0.35582420229911804,-0.8640758395195007,-0.38013744354248047,-0.4277966618537903,-1.1116249561309814,-0.26774120330810547,-0.4830850064754486,-0.9260527491569519,-0.5555367469787598,-0.1615113914012909,-1.3651018142700195,-0.5713294744491577,-0.3393208384513855,-1.657228708267212,-0.5459747910499573,-0.4468245208263397,-1.914473295211792,-0.5250696539878845,-0.5056068897247314,-0.9436294436454773,-0.29723718762397766,-0.14564889669418335,-1.4413093328475952,-0.3406238257884979,-0.3855801522731781,-1.786686897277832,-0.34246495366096497,-0.515411913394928,-2.0665323734283447,-0.3533410131931305,-0.5593836903572083,-0.866304874420166,-0.044335074722766876,-0.1648833304643631,-1.0650699138641357,0.010175169445574284,-0.5249233841896057,-0.7441426515579224,-0.03330971300601959,-0.5875954627990723,-0.5078209042549133,-0.10258152335882187,-0.5143568515777588,-0.7470017075538635,0.2061329185962677,-0.1997009813785553,-0.8863285183906555,0.2123357504606247,-0.488145649433136,-0.6304223537445068,0.1541471630334854,-0.5076883435249329,-0.4498293697834015,0.08785996586084366,-0.44788694381713867
0.0,0.0,0.0,-0.17881257832050323,-0.3652878999710083,-0.2749321460723877,-0.5350269079208374,-0.5047751069068909,-0.3638758957386017,-0.8724719882011414,-0.4274703860282898,-0.4336889684200287,-1.127809762954712,-0.2956942021846771,-0.48634395003318787,-0.8990244269371033,-0.6016190648078918,-0.13949929177761078,-1.3249174356460571,-0.6326611638069153,-0.31388017535209656,-1.610625147819519,-0.6200726628303528,-0.4295256733894348,-1.8649996519088745,-0.6125616431236267,-0.49633026123046875,-0.9299699664115906,-0.35002419352531433,-0.11242306977510452,-1.4008498191833496,-0.402590811252594,-0.3443860411643982,-1.7307287454605103,-0.4194369912147522,-0.4787254333496094,-1.999998688697815,-0.44307780265808105,-0.5300426483154297,-0.874083399772644,-0.09559762477874756,-0.12394093722105026,-1.0823577642440796,-0.038309816271066666,-0.4734683632850647,-0.7690179347991943,-0.05417058989405632,-0.5443494319915771,-0.5316294431686401,-0.09943334013223648,-0.482028067111969,-0.7809813618659973,0.15755385160446167,-0.15301284193992615,-0.9188193678855896,0.16640496253967285,-0.43554073572158813,-0.6712360382080078,0.131392702460289,-0.465179979801178,-0.49159693717956543,0.07886330783367157,-0.41645482182502747
0.0,0.0,0.0,-0.17823198437690735,-0.37601786851882935,-0.2771194875240326,-0.5384492874145508,-0.5092599391937256,-0.36425939202308655,-0.874309778213501,-0.43802183866500854,-0.43335381150245667,-1.1402684450149536,-0.29773345589637756,-0.4843670725822449,-0.8962976932525635,-0.6057345867156982,-0.11901360005140305,-1.3079383373260498,-0.6445927023887634,-0.28292837738990784,-1.5859023332595825,-0.632182776927948,-0.39455968141555786,-1.836939811706543,-0.625902533531189,-0.4624173641204834,-0.9301185011863708,-0.3561941981315613,-0.08947253972291946,-1.3797680139541626,-0.41048872470855713,-0.3248975872993469,-1.709230661392212,-0.4284101128578186,-0.4646199345588684,-1.980334997177124,-0.4502372145652771,-0.5216116309165955,-0.8800923228263855,-0.09652341157197952,-0.10010688006877899,-1.0978692770004272,-0.0519760400056839,-0.45782169699668884,-0.7717101573944092,-0.0626678615808487,-0.5294383764266968,-0.5291242599487305,-0.09472530335187912,-0.46698686480522156,-0.7997766733169556,0.16371890902519226,-0.12850649654865265,-0.9442964792251587,0.16197380423545837,-0.42392879724502563,-0.6885525584220886,0.13158860802650452,-0.4610925316810608,-0.506103515625,0.0915188267827034,-0.4172595739364624
0.0,0.0,0.0,-0.15976686775684357,-0.38168254494667053,-0.22954487800598145,-0.5324788093566895,-0.5297142267227173,-0.28890424966812134,-0.8815189599990845,-0.46044304966926575,-0.3375163972377777,-1.1404556035995483,-0.3176301121711731,-0.37295815348625183,-0.8802450299263,-0.6053972244262695,-0.08815519511699677,-1.3003636598587036,-0.662713885307312,-0.23337188363075256,-1.5812231302261353,-0.6569426655769348,-0.32916563749313354,-1.8318754434585571,-0.6530583500862122,-0.3864805996417999,-0.9295636415481567,-0.3608871400356293,-0.07531193643808365,-1.3785200119018555,-0.4304746687412262,-0.2869017422199249,-1.700208067893982,-0.4488692283630371,-0.4131028652191162,-1.968152642250061,-0.4702366292476654,-0.4635396897792816,-0.889206051826477,-0.10070852935314178,-0.09571435302495956,-1.119472622871399,-0.07583457976579666,-0.42925554513931274,-0.787918210029602,-0.08536405861377716,-0.4885423183441162,-0.5378352403640747,-0.10561396926641464,-0.42264071106910706,-0.8076872229576111,0.16692084074020386,-0.12900497019290924,-0.9828607439994812,0.14194658398628235,-0.4064849615097046,-0.7238165736198425,0.11379921436309814,-0.4270226061344147,-0.525097131729126,0.09121774882078171,-0.3727359473705292
0.0,0.0,0.0,-0.1447059065103531,-0.3767821788787842,-0.23107410967350006,-0.5044822096824646,-0.539567232131958,-0.29306671023368835,-0.8450335264205933,-0.4745524823665619,-0.34265241026878357,-1.1072529554367065,-0.33932721614837646,-0.38026317954063416,-0.8744922876358032,-0.613225519657135,-0.1043543741106987,-1.2895827293395996,-0.6671366691589355,-0.2525419294834137,-1.5670044422149658,-0.6595282554626465,-0.3492916524410248,-1.814067006111145,-0.6538399457931519,-0.40556180477142334,-0.9260575771331787,-0.366333931684494,-0.0906466543674469,-1.3676851987838745,-0.4304499328136444,-0.295693576335907,-1.6789175271987915,-0.444950133562088,-0.4139132499694824,-1.9382164478302002,-0.4645884335041046,-0.45803096890449524,-0.8840160965919495,-0.10443226993083954,-0.10980816930532455,-1.0924675464630127,-0.07748518139123917,-0.43741491436958313,-0.7635971307754517,-0.08902104943990707,-0.49588966369628906,-0.517029881477356,-0.11492466926574707,-0.4310073256492615,-0.7957656979560852,0.1674795001745224,-0.1417224109172821,-0.9459266662597656,0.1416441947221756,-0.4193454682826996,-0.6822316646575928,0.1120757982134819,-0.4407816529273987,-0.48221755027770996,0.08324556797742844,-0.3858006000518799
0.0,0.0,0.0,-0.13955046236515045,-0.36840730905532837,-0.24920666217803955,-0.5075864195823669,-0.5300800204277039,-0.32587799429893494,-0.8572105765342712,-0.45931798219680786,-0.386001318693161,-1.1259243488311768,-0.3246198296546936,-0.43219193816185,-0.8816357851028442,-0.6176154017448425,-0.1403379887342453,-1.295231819152832,-0.6677200198173523,-0.30581554770469666,-1.5710746049880981,-0.6594638228416443,-0.4098789393901825,-1.8206238746643066,-0.6520417928695679,-0.4705929756164551,-0.9241894483566284,-0.36139658093452454,-0.12355651706457138,-1.3670830726623535,-0.43127503991127014,-0.3558442294597626,-1.673909068107605,-0.4466269016265869,-0.48428988456726074,-1.933462381362915,-0.46448564529418945,-0.5320507287979126,-0.8731546998023987,-0.09601815789937973,-0.1389281153678894,-1.0660228729248047,-0.07217396795749664,-0.48881712555885315,-0.7282057404518127,-0.09245546907186508,-0.5441386699676514,-0.4836241602897644,-0.1293487697839737,-0.47284701466560364,-0.7787571549415588,0.17437903583049774,-0.16814641654491425,-0.9079238772392273,0.14655737578868866,-0.46031662821769714,-0.6344267725944519,0.10550609230995178,-0.4822741448879242,-0.44249555468559265,0.06528396904468536,-0.42533430457115173
0.0,0.0,0.0,-0.13696593046188354,-0.3617607653141022,-0.23683272302150726,-0.49372661113739014,-0.5294784903526306,-0.3145562410354614,-0.8374720811843872,-0.45578184723854065,-0.3778086304664612,-1.0965301990509033,-0.3211463987827301,-0.4279394745826721,-0.8782690763473511,-0.6154205799102783,-0.14797119796276093,-1.2988808155059814,-0.6680018305778503,-0.3128644824028015,-1.5759698152542114,-0.66290283203125,-0.4145554006099701,-1.824433445930481,-0.6559587121009827,-0.4719996750354767,-0.9231964945793152,-0.3588373064994812,-0.13763739168643951,-1.3738725185394287,-0.4264596104621887,-0.3602200746536255,-1.6813886165618896,-0.44188055396080017,-0.4801367223262787,-1.9406143426895142,-0.459878534078598,-0.5226600170135498,-0.8730542659759521,-0.09177777916193008,-0.1571170687675476,-1.064418077468872,-0.06843715906143188,-0.4921642243862152,-0.733099639415741,-0.08818072825670242,-0.5406103134155273,-0.4900491237640381,-0.12220973521471024,-0.4675810933113098,-0.7769892811775208,0.1819881796836853,-0.189705491065979,-0.9099662899971008,0.15438690781593323,-0.4648948013782501,-0.6415680050849915,0.11407758295536041,-0.47598010301589966,-0.44710639119148254,0.07775908708572388,-0.41310423612594604
0.0,0.0,0.0,-0.1377442330121994,-0.37016069889068604,-0.24601402878761292,-0.5026368498802185,-0.5256718993186951,-0.3190942108631134,-0.8480432033538818,-0.4473326802253723,-0.37622857093811035,-1.1007940769195557,-0.3153788149356842,-0.4199865162372589,-0.8793016672134399,-0.61756432056427,-0.13720229268074036,-1.2933566570281982,-0.6681170463562012,-0.29910242557525635,-1.5709517002105713,-0.6625809073448181,-0.4004187285900116,-1.8187974691390991,-0.6572971343994141,-0.4584304392337799,-0.9248197078704834,-0.36054012179374695,-0.12132284790277481,-1.370764970779419,-0.4284241497516632,-0.34674951434135437,-1.6821894645690918,-0.44126248359680176,-0.4714448153972626,-1.9419032335281372,-0.4582001864910126,-0.5162929892539978,-0.8757650852203369,-0.09530995041131973,-0.13758139312267303,-1.0705424547195435,-0.06698653846979141,-0.48172667622566223,-0.7351758480072021,-0.08345283567905426,-0.5382351875305176,-0.4883587062358856,-0.12073235958814621,-0.4673970341682434,-0.7823785543441772,0.17593863606452942,-0.16750764846801758,-0.9201535582542419,0.15286287665367126,-0.45257019996643066,-0.6493939161300659,0.11586090922355652,-0.47241881489753723,-0.4550854563713074,0.07622402906417847,-0.4145362675189972
0.0,0.0,0.0,-0.13558334112167358,-0.3813740015029907,-0.21843095123767853,-0.4990001916885376,-0.5463424324989319,-0.27809643745422363,-0.8502862453460693,-0.46096381545066833,-0.3284485638141632,-1.089284062385559,-0.3172321915626526,-0.3674498498439789,-0.8741129040718079,-0.6311346292495728,-0.10463958978652954,-1.2911196947097778,-0.6924670934677124,-0.25429001450538635,-1.5698614120483398,-0.6878043413162231,-0.35014885663986206,-1.8164262771606445,-0.6793174147605896,-0.40431147813796997,-0.9210224151611328,-0.37665417790412903,-0.09924370050430298,-1.365749716758728,-0.4541986286640167,-0.3027123212814331,-1.6815167665481567,-0.4742022752761841,-0.41934671998023987,-1.941773533821106,-0.4937486946582794,-0.46126049757003784,-0.8731792569160461,-0.1130257099866867,-0.12464076280593872,-1.0613878965377808,-0.08677428215742111,-0.44606658816337585,-0.7388343214988708,-0.10243949294090271,-0.5042057633399963,-0.4915074110031128,-0.13373394310474396,-0.438693106174469,-0.7771248817443848,0.15854831039905548,-0.1621081531047821,-0.9112083315849304,0.13417530059814453,-0.42766639590263367,-0.6507719159126282,0.09961258620023727,-0.44408053159713745,-0.4494759142398834,0.06386309117078781,-0.38642826676368713
0.0,0.0,0.0,-0.14205338060855865,-0.35559332370758057,-0.2018023282289505,-0.5001410245895386,-0.5221346020698547,-0.25675007700920105,-0.8317281603813171,-0.4362734258174896,-0.30419278144836426,-1.0588799715042114,-0.2954784333705902,-0.3420158922672272,-0.8776742815971375,-0.6135392189025879,-0.10493458062410355,-1.2898972034454346,-0.6581762433052063,-0.24895328283309937,-1.5660903453826904,-0.6458430290222168,-0.3394368588924408,-1.808599591255188,-0.6287567019462585,-0.3872525691986084,-0.9266714453697205,-0.36131319403648376,-0.10359945148229599,-1.3693450689315796,-0.42261990904808044,-0.2869085371494293,-1.6837401390075684,-0.43327856063842773,-0.3888794481754303,-1.9441254138946533,-0.448196679353714,-0.4202878773212433,-0.8792429566383362,-0.10189370810985565,-0.13078339397907257,-1.0385903120040894,-0.054625287652015686,-0.42977815866470337,-0.7234524488449097,-0.07023317366838455,-0.4831046760082245,-0.4854590594768524,-0.10596657544374466,-0.4172777533531189,-0.7803158164024353,0.16449247300624847,-0.16892187297344208,-0.8955408334732056,0.15661537647247314,-0.4118839502334595,-0.6414880156517029,0.11729063838720322,-0.41886138916015625,-0.4449773132801056,0.07358916848897934,-0.3561634421348572
0.0,0.0,0.0,-0.14305323362350464,-0.3585869371891022,-0.21545861661434174,-0.4889499843120575,-0.5264829993247986,-0.2756480872631073,-0.809203565120697,-0.441061407327652,-0.3269559442996979,-1.0382862091064453,-0.2945631146430969,-0.3666817545890808,-0.8732256293296814,-0.6188154220581055,-0.10485196113586426,-1.2913118600845337,-0.6669026613235474,-0.2567875385284424,-1.5673882961273193,-0.6533682942390442,-0.35288143157958984,-1.8097105026245117,-0.6330977082252502,-0.4021753966808319,-0.9255582690238953,-0.36607301235198975,-0.09660501033067703,-1.3601595163345337,-0.4262775182723999,-0.2931692600250244,-1.674690842628479,-0.43060439825057983,-0.4044314920902252,-1.9311330318450928,-0.43609553575515747,-0.43745267391204834,-0.8849102854728699,-0.10619455575942993,-0.11960474401712418,-1.0197882652282715,-0.06156393513083458,-0.4255841076374054,-0.7027350068092346,-0.07557281851768494,-0.48614951968193054,-0.46766865253448486,-0.11244839429855347,-0.4215865135192871,-0.7946390509605408,0.15554244816303253,-0.15513159334659576,-0.8868743181228638,0.14445914328098297,-0.3993132710456848,-0.6287952065467834,0.11615128070116043,-0.41039881110191345,-0.43665653467178345,0.0791977047920227,-0.34892457723617554
0.0,0.0,0.0,-0.11240613460540771,-0.35830041766166687,-0.2353813201189041,-0.4218924343585968,-0.5502588152885437,-0.30821213126182556,-0.7201091647148132,-0.49602600932121277,-0.36861270666122437,-0.9697633385658264,-0.3870258927345276,-0.41461700201034546,-0.8546671867370605,-0.639605700969696,-0.12072761356830597,-1.2395830154418945,-0.6906710267066956,-0.28157418966293335,-1.5038305521011353,-0.6776966452598572,-0.38572314381599426,-1.7385989427566528,-0.658656120300293,-0.44019317626953125,-0.9134088158607483,-0.3931620717048645,-0.10539422929286957,-1.3238555192947388,-0.4487537145614624,-0.3086584508419037,-1.6218079328536987,-0.4620857834815979,-0.42295560240745544,-1.8622416257858276,-0.47454366087913513,-0.4579920172691345,-0.8769873380661011,-0.137847438454628,-0.12413627654314041,-0.9944387674331665,-0.08970095962285995,-0.43122589588165283,-0.6770544648170471,-0.1019965186715126,-0.4928806722164154,-0.44387784600257874,-0.1370527297258377,-0.43046313524246216,-0.7895344495773315,0.11588075011968613,-0.15783636271953583,-0.8675257563591003,0.11181234568357468,-0.40157902240753174,-0.6111739277839661,0.08790798485279083,-0.41803160309791565,-0.42405015230178833,0.049547720700502396,-0.36158454418182373
0.0,0.0,0.0,-0.10753698647022247,-0.3488214313983917,-0.21103575825691223,-0.4539077877998352,-0.5369120836257935,-0.2666001617908478,-0.7805712223052979,-0.4399077892303467,-0.31232744455337524,-1.0102448463439941,-0.2874608635902405,-0.3468179702758789,-0.8653025031089783,-0.6169549226760864,-0.09314024448394775,-1.2305387258529663,-0.669586181640625,-0.23700425028800964,-1.4853229522705078,-0.6609370708465576,-0.3304312825202942,-1.7162352800369263,-0.6420037746429443,-0.3830108046531677,-0.9225449562072754,-0.3757799565792084,-0.08775059878826141,-1.3172407150268555,-0.44647690653800964,-0.278942734003067,-1.6046807765960693,-0.4619375765323639,-0.387813925743103,-1.8479944467544556,-0.4739965796470642,-0.42238518595695496,-0.8820781111717224,-0.12795312702655792,-0.11380048841238022,-1.0064799785614014,-0.07157700508832932,-0.4211198687553406,-0.6860732436180115,-0.08263997733592987,-0.4833705425262451,-0.4590566158294678,-0.11772407591342926,-0.4229113459587097,-0.7939688563346863,0.12484633177518845,-0.15204210579395294,-0.8683115839958191,0.12791955471038818,-0.40605854988098145,-0.6075891852378845,0.09576332569122314,-0.4288797676563263,-0.42235618829727173,0.0508793443441391,-0.3772616982460022
0.0,0.0,0.0,-0.1148310974240303,-0.32990938425064087,-0.2547953128814697,-0.43634143471717834,-0.5133450627326965,-0.34162285923957825,-0.7355570197105408,-0.4312297999858856,-0.4073758125305176,-0.9786906242370605,-0.29414990544319153,-0.45803341269493103,-0.8534411191940308,-0.6135556101799011,-0.16215719282627106,-1.2251378297805786,-0.6512212157249451,-0.3406917154788971,-1.4816744327545166,-0.6356152296066284,-0.4526670575141907,-1.7120589017868042,-0.6111530661582947,-0.511307954788208,-0.9179041385650635,-0.37115243077278137,-0.14034880697727203,-1.3117313385009766,-0.4206715524196625,-0.3649013340473175,-1.596242070198059,-0.4210468530654907,-0.4829311668872833,-1.8379809856414795,-0.4277816414833069,-0.5143479704856873,-0.8850182294845581,-0.12155018001794815,-0.15292888879776,-0.975139319896698,-0.04117241129279137,-0.4822051227092743,-0.652522087097168,-0.04907127469778061,-0.5458179712295532,-0.43391308188438416,-0.09789657592773438,-0.4785067141056061,-0.8037649989128113,0.123728446662426,-0.18061132729053497,-0.8483104109764099,0.1555967926979065,-0.4428914487361908,-0.5847137570381165,0.13141460716724396,-0.46370163559913635,-0.4144223630428314,0.07916396856307983,-0.4057472050189972
0.0,0.0,0.0,-0.1246829628944397,-0.34609219431877136,-0.28321123123168945,-0.4870608150959015,-0.5117957592010498,-0.3741845488548279,-0.8105318546295166,-0.4153349697589874,-0.4366360604763031,-1.0473452806472778,-0.24610473215579987,-0.4855410158634186,-0.8708739280700684,-0.6066274046897888,-0.19523678719997406,-1.2599883079528809,-0.6445841789245605,-0.3880651295185089,-1.5278809070587158,-0.6257687211036682,-0.515420138835907,-1.7674353122711182,-0.6024717092514038,-0.5872914791107178,-0.9206280708312988,-0.35333898663520813,-0.1661190390586853,-1.3357367515563965,-0.40575647354125977,-0.4027062952518463,-1.6386866569519043,-0.402849406003952,-0.5288770198822021,-1.8937171697616577,-0.40207165479660034,-0.5704725384712219,-0.8787557482719421,-0.09652348607778549,-0.17492932081222534,-1.0157485008239746,-0.027065152302384377,-0.5278835892677307,-0.6808540225028992,-0.042961373925209045,-0.5964965224266052,-0.4474301040172577,-0.09175600856542587,-0.5315839052200317,-0.7892597317695618,0.15643860399723053,-0.20076099038124084,-0.8732492327690125,0.17275956273078918,-0.49144190549850464,-0.6007847785949707,0.14414644241333008,-0.5191396474838257,-0.41575369238853455,0.0988796204328537,-0.46533203125
0.0,0.0,0.0,-0.12791059911251068,-0.3422026038169861,-0.2646822929382324,-0.4780052602291107,-0.5021233558654785,-0.35320037603378296,-0.7930007576942444,-0.420802503824234,-0.4193028509616852,-1.0413035154342651,-0.2978518307209015,-0.4709984064102173,-0.874847412109375,-0.6038965582847595,-0.17871154844760895,-1.2812421321868896,-0.6347962021827698,-0.3574477434158325,-1.5503997802734375,-0.6167911291122437,-0.4684522747993469,-1.7914878129959106,-0.5985843539237976,-0.5289582014083862,-0.9217220544815063,-0.3555728793144226,-0.15490736067295074,-1.3449121713638306,-0.4025443196296692,-0.3896409571170807,-1.652014970779419,-0.40116751194000244,-0.514066219329834,-1.9087740182876587,-0.40912458300590515,-0.5536780953407288,-0.8765782117843628,-0.10458412766456604,-0.16498826444149017,-1.0194827318191528,-0.026515765115618706,-0.5132443308830261,-0.6948301196098328,-0.03935560956597328,-0.5776127576828003,-0.46141186356544495,-0.08968310803174973,-0.509832501411438,-0.7894931435585022,0.14657728374004364,-0.18984223902225494,-0.890926718711853,0.17477953433990479,-0.47695180773735046,-0.6210193037986755,0.1538485288619995,-0.5012733340263367,-0.4326876103878021,0.10617620497941971,-0.4440823793411255
0.0,0.0,0.0,-0.1237625703215599,-0.3411412537097931,-0.24621796607971191,-0.4938700497150421,-0.5023468136787415,-0.31404533982276917,-0.833240807056427,-0.38154029846191406,-0.3632042706012726,-1.0691672563552856,-0.2071034461259842,-0.3994547426700592,-0.8865240216255188,-0.5893851518630981,-0.13754187524318695,-1.2901800870895386,-0.6209478378295898,-0.2970324456691742,-1.5611131191253662,-0.6014000177383423,-0.39593619108200073,-1.8040268421173096,-0.5722178220748901,-0.45106497406959534,-0.93311607837677,-0.3391692340373993,-0.11940904706716537,-1.364640235900879,-0.39020708203315735,-0.3364007771015167,-1.6687262058258057,-0.38573428988456726,-0.45454010367393494,-1.9297782182693481,-0.3801218271255493,-0.4903680384159088,-0.8826654553413391,-0.09093083441257477,-0.13401922583580017,-1.027980923652649,-0.008094936609268188,-0.4758944511413574,-0.6988169550895691,-0.03351648524403572,-0.5427485108375549,-0.4734131097793579,-0.08691295981407166,-0.4761415719985962,-0.7859317660331726,0.16232076287269592,-0.161604642868042,-0.8844489455223083,0.18211378157138824,-0.4480690658092499,-0.608332097530365,0.14869923889636993,-0.47390109300613403,-0.4214570224285126,0.0989895910024643,-0.4177187383174896
0.0,0.0,0.0,-0.13137227296829224,-0.3282889425754547,-0.27812516689300537,-0.47925716638565063,-0.48140081763267517,-0.3709678649902344,-0.7948159575462341,-0.3857670724391937,-0.43954452872276306,-1.0475023984909058,-0.25823673605918884,-0.49169614911079407,-0.8773857355117798,-0.5952972769737244,-0.18145889043807983,-1.283389687538147,-0.6171712279319763,-0.368304967880249,-1.5563589334487915,-0.5936076641082764,-0.48367366194725037,-1.7995060682296753,-0.5681478381156921,-0.5452402830123901,-0.9265105128288269,-0.3440190851688385,-0.15241099894046783,-1.3673827648162842,-0.37641286849975586,-0.3941676914691925,-1.6753383874893188,-0.3643113672733307,-0.5186461806297302,-1.9305347204208374,-0.36254647374153137,-0.5531958937644958,-0.8827642202377319,-0.09725161641836166,-0.1598324328660965,-1.0197594165802002,0.001877145143225789,-0.5140247941017151,-0.6931354999542236,-0.012281468138098717,-0.57927405834198,-0.46477392315864563,-0.06896878778934479,-0.5081539750099182,-0.7956776022911072,0.14804823696613312,-0.1838078498840332,-0.8796976208686829,0.19472520053386688,-0.4713346064090729,-0.6101688742637634,0.16961295902729034,-0.49712955951690674,-0.4326361417770386,0.11061722040176392,-0.43952468037605286
0.0,0.0,0.0,-0.1342432200908661,-0.3308505117893219,-0.2931809723377228,-0.4857705235481262,-0.481961727142334,-0.39423486590385437,-0.8061652183532715,-0.38178807497024536,-0.46936190128326416,-1.0632935762405396,-0.2356918901205063,-0.5269196629524231,-0.8792056441307068,-0.5984185338020325,-0.18844787776470184,-1.2816988229751587,-0.6207478642463684,-0.3875196874141693,-1.5554125308990479,-0.5972123146057129,-0.5120265483856201,-1.8004969358444214,-0.5747889280319214,-0.5800516605377197,-0.9252128005027771,-0.3447677791118622,-0.15848197042942047,-1.36473548412323,-0.3867591917514801,-0.4178275465965271,-1.6796009540557861,-0.3787901997566223,-0.5524176955223083,-1.944769024848938,-0.38080984354019165,-0.5920398235321045,-0.8795095682144165,-0.093141108751297,-0.1677357703447342,-1.0220255851745605,-0.0031068106181919575,-0.5448410511016846,-0.6892594695091248,-0.01634584553539753,-0.6155766248703003,-0.45910581946372986,-0.07474024593830109,-0.5425079464912415,-0.7936047911643982,0.15463553369045258,-0.19449082016944885,-0.8759668469429016,0.19290725886821747,-0.5014045238494873,-0.6012234091758728,0.16938528418540955,-0.533332109451294,-0.4246741235256195,0.11370377242565155,-0.47670453786849976
0.0,0.0,0.0,-0.132063627243042,-0.32930636405944824,-0.2706984579563141,-0.4968114197254181,-0.47850701212882996,-0.35655930638313293,-0.8268448710441589,-0.3701194226741791,-0.42003077268600464,-1.06684148311615,-0.2084602266550064,-0.4687884449958801,-0.8893275260925293,-0.5852030515670776,-0.17225609719753265,-1.30367112159729,-0.6072872877120972,-0.3561895787715912,-1.5808069705963135,-0.5848957896232605,-0.46948522329330444,-1.8258942365646362,-0.5611910223960876,-0.5314125418663025,-0.9309629797935486,-0.3329903483390808,-0.14975129067897797,-1.3827241659164429,-0.3720565736293793,-0.3926719129085541,-1.7004648447036743,-0.36633551120758057,-0.520548403263092,-1.9699753522872925,-0.36949852108955383,-0.5585274696350098,-0.8778244256973267,-0.08264502137899399,-0.1628028303384781,-1.0305238962173462,0.009091068990528584,-0.5280163288116455,-0.6986268162727356,-0.014341151341795921,-0.5973790884017944,-0.46811601519584656,-0.07659222185611725,-0.5260960459709167,-0.7813007235527039,0.16803452372550964,-0.19104112684726715,-0.8711338639259338,0.20312614738941193,-0.4926469027996063,-0.5966811776161194,0.17092961072921753,-0.5227091312408447,-0.4175899028778076,0.11348136514425278,-0.46609392762184143
0.0,0.0,0.0,-0.1325819045305252,-0.32563480734825134,-0.25788623094558716,-0.5013988018035889,-0.4773852527141571,-0.3395877182483673,-0.8451252579689026,-0.3630809783935547,-0.40151694416999817,-1.080680012702942,-0.18584899604320526,-0.4503413736820221,-0.8967615962028503,-0.5686590075492859,-0.16544200479984283,-1.3213186264038086,-0.5934967398643494,-0.34182149171829224,-1.600041151046753,-0.5699923038482666,-0.450173020362854,-1.8474429845809937,-0.5449535846710205,-0.5090855956077576,-0.9376341700553894,-0.31467515230178833,-0.14772209525108337,-1.4019334316253662,-0.3499196171760559,-0.37627172470092773,-1.7303798198699951,-0.33787915110588074,-0.4952652156352997,-2.001654863357544,-0.3321448564529419,-0.5299455523490906,-0.8819072842597961,-0.0681048035621643,-0.16395170986652374,-1.0396515130996704,0.029391072690486908,-0.5116015672683716,-0.7126680016517639,-3.2189014746109024e-05,-0.5748838782310486,-0.47279617190361023,-0.06376929581165314,-0.5039352774620056,-0.7772207260131836,0.17863650619983673,-0.19534830749034882,-0.8728823661804199,0.22067393362522125,-0.48202088475227356,-0.6053147912025452,0.1841755211353302,-0.5060328841209412,-0.41720324754714966,0.1219673901796341,-0.4478098154067993
0.0,0.0,0.0,-0.1612986922264099,-0.31962522864341736,-0.24684374034404755,-0.5245339274406433,-0.4642348885536194,-0.32107987999916077,-0.8535024523735046,-0.3416586220264435,-0.3783060908317566,-1.0889300107955933,-0.1647566854953766,-0.42107269167900085,-0.8964009284973145,-0.5652023553848267,-0.13143175840377808,-1.3210686445236206,-0.5874336361885071,-0.3077545762062073,-1.600920557975769,-0.5575664043426514,-0.418677419424057,-1.8494844436645508,-0.5230050683021545,-0.4781464636325836,-0.9415680766105652,-0.3154088854789734,-0.11818098276853561,-1.4168140888214111,-0.33676737546920776,-0.34081122279167175,-1.7455192804336548,-0.31524235010147095,-0.46064046025276184,-2.025435209274292,-0.3030094504356384,-0.49390822649002075,-0.8852964043617249,-0.06955572217702866,-0.14012591540813446,-1.0409276485443115,0.023786336183547974,-0.4788607358932495,-0.7114929556846619,-0.007405020296573639,-0.5391265153884888,-0.486544668674469,-0.07228986918926239,-0.4657459855079651,-0.7743946313858032,0.1759851574897766,-0.1766968071460724,-0.8725484013557434,0.21921895444393158,-0.4474804699420929,-0.6091941595077515,0.18412494659423828,-0.4612959027290344,-0.4359206259250641,0.12436829507350922,-0.3973468244075775
0.0,0.0,0.0,-0.16826215386390686,-0.33724766969680786,-0.23883995413780212,-0.5592716336250305,-0.4361618161201477,-0.2912170886993408,-0.9029272794723511,-0.28948837518692017,-0.3283182680606842,-1.105041265487671,-0.08424819260835648,-0.3527378737926483,-0.9329878687858582,-0.5138196349143982,-0.09339549392461777,-1.3645163774490356,-0.5230443477630615,-0.24572119116783142,-1.6495249271392822,-0.49471718072891235,-0.346621036529541,-1.901052474975586,-0.46239542961120605,-0.40386343002319336,-0.959992527961731,-0.2688083052635193,-0.078462615609169,-1.4435917139053345,-0.28020820021629333,-0.2792387902736664,-1.7819628715515137,-0.26305463910102844,-0.3956364691257477,-2.0636422634124756,-0.24562481045722961,-0.4321388602256775,-0.8889693021774292,-0.031230194494128227,-0.10069014877080917,-1.0715967416763306,0.08290277421474457,-0.4378927946090698,-0.7508447766304016,0.03373950719833374,-0.5164209604263306,-0.5178712606430054,-0.0339323990046978,-0.4548942744731903,-0.7662001252174377,0.20584571361541748,-0.13637042045593262,-0.9038951992988586,0.247502401471138,-0.4187376797199249,-0.6443349719047546,0.19618116319179535,-0.45048201084136963,-0.45164602994918823,0.1354822814464569,-0.39914020895957947
