feature_0,feature_1,feature_2,feature_3,feature_4,feature_5,feature_6,feature_7,feature_8,feature_9,feature_10,feature_11,feature_12,feature_13,feature_14,feature_15,feature_16,feature_17,feature_18,feature_19,feature_20,feature_21,feature_22,feature_23,feature_24,feature_25,feature_26,feature_27,feature_28,feature_29,feature_30,feature_31,feature_32,feature_33,feature_34,feature_35,feature_36,feature_37,feature_38,feature_39,feature_40,feature_41,feature_42,feature_43,feature_44,feature_45,feature_46,feature_47,feature_48,feature_49,feature_50,feature_51,feature_52,feature_53,feature_54,feature_55,feature_56,feature_57,feature_58,feature_59,feature_60,feature_61,feature_62
0.0,0.0,0.0,0.33160293102264404,-0.17209580540657043,-0.1893850862979889,0.46406078338623047,-0.544434666633606,-0.25684797763824463,0.3125191926956177,-0.8999371528625488,-0.3152827322483063,0.1084870845079422,-1.1017249822616577,-0.3298746347427368,0.5362851619720459,-0.9128226041793823,-0.05971763655543327,0.5106310248374939,-1.190303087234497,-0.22959856688976288,0.42216747999191284,-0.9485614895820618,-0.30940335988998413,0.4101630747318268,-0.7629146575927734,-0.3238663673400879,0.27689632773399353,-0.9602715969085693,-0.03474026545882225,0.22058416903018951,-1.2096474170684814,-0.24565453827381134,0.17260412871837616,-0.9210893511772156,-0.31734079122543335,0.1960202306509018,-0.7629456520080566,-0.30503958463668823,0.02552121877670288,-0.9509921669960022,-0.04838773235678673,-0.03432605788111687,-1.1569457054138184,-0.27983376383781433,-0.004219755530357361,-0.8575083613395691,-0.3205927610397339,0.039612334221601486,-0.6299587488174438,-0.2709941864013672,-0.20459353923797607,-0.9143486618995667,-0.07298849523067474,-0.29136842489242554,-1.2526066303253174,-0.18981754779815674,-0.3726773262023926,-1.474326729774475,-0.2252493053674698,-0.437242329120636,-1.6805366277694702,-0.21962545812129974
0.0,0.0,0.0,0.3264562487602234,-0.18081407248973846,-0.1890074908733368,0.4557259678840637,-0.5410010814666748,-0.2598994970321655,0.31660395860671997,-0.892340362071991,-0.32045426964759827,0.11915184557437897,-1.095240831375122,-0.33659178018569946,0.5405885577201843,-0.9083225131034851,-0.07010836899280548,0.5126769542694092,-1.1907336711883545,-0.24077418446540833,0.41762587428092957,-0.9497587084770203,-0.3221442401409149,0.4046507477760315,-0.7644445300102234,-0.33908289670944214,0.2843148708343506,-0.9577429294586182,-0.04351286590099335,0.22989940643310547,-1.2102948427200317,-0.2479516863822937,0.17661485075950623,-0.9264551997184753,-0.3152710795402527,0.2001192569732666,-0.7875705361366272,-0.30478399991989136,0.034076038748025894,-0.9472044110298157,-0.054946187883615494,-0.026130305603146553,-1.150172233581543,-0.27949002385139465,0.0016852302942425013,-0.847163200378418,-0.3137117624282837,0.04533466696739197,-0.6228794455528259,-0.26436400413513184,-0.19479772448539734,-0.9077206254005432,-0.07778225094079971,-0.28335636854171753,-1.2449392080307007,-0.19322548806667328,-0.365948349237442,-1.4679659605026245,-0.22750411927700043,-0.42879027128219604,-1.6769888401031494,-0.22327189147472382
0.0,0.0,0.0,0.33694395422935486,-0.1679137945175171,-0.18566849827766418,0.47255679965019226,-0.5388641953468323,-0.2516797184944153,0.33185237646102905,-0.8970712423324585,-0.3096362352371216,0.13699041306972504,-1.1033968925476074,-0.3229621946811676,0.5490190982818604,-0.9040578007698059,-0.056060776114463806,0.5327668190002441,-1.1841752529144287,-0.23060458898544312,0.4333982765674591,-0.9490647912025452,-0.3124276101589203,0.4071437418460846,-0.7611820697784424,-0.3259316086769104,0.29259157180786133,-0.9556955099105835,-0.03219287842512131,0.24248844385147095,-1.203413486480713,-0.24669596552848816,0.1918386071920395,-0.9297589063644409,-0.3161998689174652,0.2069644033908844,-0.776154100894928,-0.3008400499820709,0.04275089129805565,-0.9510059356689453,-0.04747811332345009,-0.02379601262509823,-1.152642011642456,-0.2801971137523651,0.000939065997954458,-0.8546339273452759,-0.31590837240219116,0.03983139991760254,-0.6302021741867065,-0.2611844539642334,-0.18705236911773682,-0.9200992584228516,-0.07407411187887192,-0.2773606777191162,-1.256638526916504,-0.1910889446735382,-0.3548033535480499,-1.4790235757827759,-0.22365275025367737,-0.4143500030040741,-1.688167929649353,-0.21473044157028198
0.0,0.0,0.0,0.33470436930656433,-0.15960067510604858,-0.1821219027042389,0.4897928237915039,-0.5385659337043762,-0.24296124279499054,0.35071080923080444,-0.9056650996208191,-0.2964158058166504,0.15943962335586548,-1.114558458328247,-0.30456510186195374,0.5573931932449341,-0.895375669002533,-0.04931144043803215,0.5645875334739685,-1.1866182088851929,-0.21828942000865936,0.4628615379333496,-0.9511712193489075,-0.2961120903491974,0.42884156107902527,-0.7634482979774475,-0.3079310953617096,0.3035697937011719,-0.9524452686309814,-0.026333032175898552,0.2695256471633911,-1.2086771726608276,-0.22476361691951752,0.2222103625535965,-0.9431212544441223,-0.2865281105041504,0.24281272292137146,-0.8097394704818726,-0.27213531732559204,0.057295918464660645,-0.9500953555107117,-0.04290780425071716,-0.0005508256726898253,-1.1695027351379395,-0.26494619250297546,0.020722756162285805,-0.8691087365150452,-0.2931325137615204,0.05495557561516762,-0.6466558575630188,-0.23805591464042664,-0.17216826975345612,-0.9187992215156555,-0.07124482095241547,-0.25954926013946533,-1.2626781463623047,-0.18186621367931366,-0.3311185836791992,-1.4901574850082397,-0.21012002229690552,-0.3878001272678375,-1.7041029930114746,-0.2013041228055954
0.0,0.0,0.0,0.32656142115592957,-0.16220523416996002,-0.15893137454986572,0.5061914324760437,-0.5461623072624207,-0.20919594168663025,0.39613375067710876,-0.9201828241348267,-0.256369411945343,0.18903446197509766,-1.1134766340255737,-0.26253563165664673,0.5503953099250793,-0.8987929224967957,-0.028248483315110207,0.6058608889579773,-1.1872426271438599,-0.19086609780788422,0.49721214175224304,-0.954893171787262,-0.26613038778305054,0.44640299677848816,-0.7618951797485352,-0.2762554883956909,0.3040756285190582,-0.9524843096733093,-0.01765269599854946,0.3063381016254425,-1.2357075214385986,-0.20982877910137177,0.2543468177318573,-0.9667892456054688,-0.26578402519226074,0.2579658627510071,-0.8115105628967285,-0.24347734451293945,0.0587104894220829,-0.9452763199806213,-0.04452212154865265,0.017224496230483055,-1.1698753833770752,-0.25619369745254517,0.051928550004959106,-0.880871593952179,-0.28065651655197144,0.08981980383396149,-0.6650862097740173,-0.2232901155948639,-0.1756826788187027,-0.9087163805961609,-0.08195443451404572,-0.2738397419452667,-1.261532187461853,-0.18864159286022186,-0.34648746252059937,-1.5051813125610352,-0.21366694569587708,-0.40363508462905884,-1.7388328313827515,-0.20303189754486084
0.0,0.0,0.0,0.32587698101997375,-0.14935781061649323,-0.1663762927055359,0.508496105670929,-0.5393229722976685,-0.22178617119789124,0.4120803773403168,-0.9188537001609802,-0.2743493616580963,0.20419998466968536,-1.1280357837677002,-0.28411614894866943,0.5240156650543213,-0.8994928598403931,-0.041306570172309875,0.5928798913955688,-1.204509973526001,-0.20690269768238068,0.5145029425621033,-0.9693828821182251,-0.2755593955516815,0.47448229789733887,-0.7999183535575867,-0.2826896011829376,0.284811794757843,-0.9580797553062439,-0.03107103891670704,0.2969691753387451,-1.2369529008865356,-0.22805505990982056,0.27396953105926514,-0.9562855362892151,-0.27931463718414307,0.2887955605983734,-0.831688642501831,-0.25727078318595886,0.04279446229338646,-0.9565149545669556,-0.05997433513402939,0.01680268533527851,-1.1979297399520874,-0.2806105613708496,0.06595531851053238,-0.8775626420974731,-0.29610610008239746,0.09805078059434891,-0.6553365588188171,-0.23348261415958405,-0.19189469516277313,-0.9306434988975525,-0.10065732151269913,-0.28972160816192627,-1.29304838180542,-0.21750809252262115,-0.3450000584125519,-1.5403733253479004,-0.24737301468849182,-0.39086461067199707,-1.792055606842041,-0.24089102447032928
0.0,0.0,0.0,0.32293564081192017,-0.1355355829000473,-0.16968503594398499,0.509764552116394,-0.5360572338104248,-0.22113974392414093,0.4268079996109009,-0.9153064489364624,-0.268836110830307,0.21405774354934692,-1.1157631874084473,-0.2714262902736664,0.5347110033035278,-0.8939957618713379,-0.038510967046022415,0.5952340364456177,-1.1950055360794067,-0.2009805589914322,0.4968174397945404,-0.9558712840080261,-0.26460155844688416,0.4557191729545593,-0.7933095097541809,-0.2696049213409424,0.2956165373325348,-0.9549339413642883,-0.026683524250984192,0.3021349310874939,-1.2323887348175049,-0.22512155771255493,0.26418307423591614,-0.9645840525627136,-0.272408664226532,0.27971988916397095,-0.8542607426643372,-0.2466355264186859,0.053478505462408066,-0.9526622891426086,-0.054844267666339874,0.021815136075019836,-1.1875003576278687,-0.2772955894470215,0.06623993068933487,-0.8675769567489624,-0.2895956337451935,0.10233526676893234,-0.6516567468643188,-0.22436216473579407,-0.17540724575519562,-0.9275924563407898,-0.09558315575122833,-0.26534971594810486,-1.276283621788025,-0.2119556963443756,-0.3228505253791809,-1.518532633781433,-0.2405150681734085,-0.368778795003891,-1.7716959714889526,-0.23361530900001526
0.0,0.0,0.0,0.3223721981048584,-0.14791344106197357,-0.1699949949979782,0.5030404329299927,-0.5368725061416626,-0.22766408324241638,0.41967636346817017,-0.9130445122718811,-0.2810790240764618,0.22359418869018555,-1.1225199699401855,-0.290587455034256,0.5334513783454895,-0.8922045230865479,-0.05092298611998558,0.5960842370986938,-1.203698992729187,-0.21209438145160675,0.5094086527824402,-0.9681350588798523,-0.27771618962287903,0.47215938568115234,-0.7971280217170715,-0.2853444516658783,0.29479825496673584,-0.954788327217102,-0.0383828803896904,0.3068608045578003,-1.2386912107467651,-0.22413304448127747,0.27067407965660095,-0.9573872089385986,-0.26853200793266296,0.28777599334716797,-0.8384087681770325,-0.24712181091308594,0.05516936257481575,-0.953444242477417,-0.06461414694786072,0.03680404648184776,-1.198781967163086,-0.27327874302864075,0.07392568141222,-0.8811063766479492,-0.2816219925880432,0.10264812409877777,-0.6631819009780884,-0.22084768116474152,-0.17432841658592224,-0.9255385398864746,-0.10395428538322449,-0.26081225275993347,-1.2818456888198853,-0.21508528292179108,-0.3136177062988281,-1.5285773277282715,-0.243254154920578,-0.3554287254810333,-1.7786985635757446,-0.23914167284965515
0.0,0.0,0.0,0.330323725938797,-0.15573257207870483,-0.16641387343406677,0.504118025302887,-0.5440191030502319,-0.2184966653585434,0.4152488708496094,-0.9216538071632385,-0.26793190836906433,0.2028026282787323,-1.1202661991119385,-0.2744404673576355,0.5256921648979187,-0.8962951898574829,-0.03298260271549225,0.5967915058135986,-1.2025145292282104,-0.19616669416427612,0.4924014210700989,-0.9690638184547424,-0.26501351594924927,0.4423014223575592,-0.7970754504203796,-0.2721319794654846,0.2836014926433563,-0.9587119221687317,-0.021015185862779617,0.3007303476333618,-1.2445588111877441,-0.2182946652173996,0.24931053817272186,-0.9613338708877563,-0.27192050218582153,0.2545722424983978,-0.8173402547836304,-0.2491404116153717,0.04140282794833183,-0.9622131586074829,-0.04776373133063316,0.026545224711298943,-1.195167899131775,-0.26590150594711304,0.05681498721241951,-0.8848972320556641,-0.28455182909965515,0.08347184956073761,-0.6630640625953674,-0.22294984757900238,-0.1895391345024109,-0.9425513744354248,-0.08622322976589203,-0.2699644863605499,-1.296135425567627,-0.1952729970216751,-0.32794326543807983,-1.5374634265899658,-0.2216019481420517,-0.372779905796051,-1.7739852666854858,-0.2127116620540619
0.0,0.0,0.0,0.3290863633155823,-0.14715956151485443,-0.16675305366516113,0.5085945725440979,-0.5341575145721436,-0.21952097117900848,0.41569092869758606,-0.9087002873420715,-0.2691963016986847,0.19844701886177063,-1.1061962842941284,-0.2760109007358551,0.5376439094543457,-0.8923395872116089,-0.03737521916627884,0.5982538461685181,-1.1915510892868042,-0.20139791071414948,0.4917795658111572,-0.9568369388580322,-0.2706722915172577,0.4425197243690491,-0.7868881225585938,-0.2794218957424164,0.29594945907592773,-0.9548658728599548,-0.02539796754717827,0.30162298679351807,-1.228933334350586,-0.21989670395851135,0.2523316740989685,-0.9592708349227905,-0.27086201310157776,0.26068201661109924,-0.8340571522712708,-0.24963927268981934,0.05363545939326286,-0.9547742605209351,-0.05244775488972664,0.028000302612781525,-1.1822974681854248,-0.2690756320953369,0.059606488794088364,-0.8701444268226624,-0.2841234505176544,0.08864272385835648,-0.652344822883606,-0.22274605929851532,-0.17710982263088226,-0.9302483201026917,-0.09162729978561401,-0.25965645909309387,-1.2755802869796753,-0.20263361930847168,-0.31852513551712036,-1.5130270719528198,-0.22928568720817566,-0.36479172110557556,-1.7515084743499756,-0.22163665294647217
0.0,0.0,0.0,0.31786975264549255,-0.15319770574569702,-0.18734997510910034,0.4903726875782013,-0.53043532371521,-0.26368293166160583,0.4011304974555969,-0.9078553318977356,-0.3329674005508423,0.1874447613954544,-1.118040680885315,-0.3558252155780792,0.531723141670227,-0.8903041481971741,-0.08474387228488922,0.5913740396499634,-1.210034728050232,-0.2627408802509308,0.4941558837890625,-0.964292585849762,-0.3340723216533661,0.45049914717674255,-0.785679042339325,-0.34314996004104614,0.2918384373188019,-0.9543048143386841,-0.06428611278533936,0.29584598541259766,-1.2351301908493042,-0.24852797389030457,0.2529533803462982,-0.9463282823562622,-0.28232303261756897,0.27864962816238403,-0.859792172908783,-0.25836437940597534,0.05445466190576553,-0.9542075991630554,-0.08444830775260925,0.02788480557501316,-1.196889042854309,-0.29202279448509216,0.05539783090353012,-0.8602398037910461,-0.2857232987880707,0.07975935935974121,-0.643892228603363,-0.21860307455062866,-0.1718825101852417,-0.9280354976654053,-0.11991260945796967,-0.25975877046585083,-1.2743113040924072,-0.2294335663318634,-0.3129080832004547,-1.508820652961731,-0.2515530586242676,-0.35601919889450073,-1.7546602487564087,-0.244423046708107
0.0,0.0,0.0,0.32003530859947205,-0.15147799253463745,-0.18301761150360107,0.4873379170894623,-0.5295858979225159,-0.25641268491744995,0.3774089813232422,-0.8959096670150757,-0.32455679774284363,0.16288337111473083,-1.1017814874649048,-0.3462892472743988,0.5359593629837036,-0.8938475847244263,-0.07975710183382034,0.5904572010040283,-1.2120929956436157,-0.25523799657821655,0.4773675203323364,-0.9617806077003479,-0.3251822590827942,0.4305197596549988,-0.7825471758842468,-0.33443719148635864,0.29124021530151367,-0.9545171856880188,-0.0638451799750328,0.2980140447616577,-1.2329083681106567,-0.25591036677360535,0.24555252492427826,-0.9381609559059143,-0.29499974846839905,0.26511627435684204,-0.833082377910614,-0.2715606689453125,0.05040695145726204,-0.9533594846725464,-0.08765634894371033,0.025130577385425568,-1.203395962715149,-0.300114244222641,0.046774331480264664,-0.8680906295776367,-0.29813286662101746,0.07073942571878433,-0.6498031616210938,-0.23135948181152344,-0.17876605689525604,-0.9259693026542664,-0.12607580423355103,-0.25965869426727295,-1.2755361795425415,-0.23663277924060822,-0.3125525116920471,-1.510228157043457,-0.2593556344509125,-0.35518383979797363,-1.75696861743927,-0.2518463432788849
0.0,0.0,0.0,0.34216466546058655,-0.15375372767448425,-0.1665647178888321,0.4925946593284607,-0.5316407680511475,-0.23017530143260956,0.3314841389656067,-0.8921715021133423,-0.2920648455619812,0.13640740513801575,-1.1072787046432495,-0.3115459382534027,0.5384621024131775,-0.9025148749351501,-0.05977826565504074,0.5998709797859192,-1.223455548286438,-0.2360183447599411,0.4890013635158539,-0.9801942110061646,-0.3119511604309082,0.4366346597671509,-0.7806247472763062,-0.3210741877555847,0.2859855592250824,-0.9569293856620789,-0.0499839261174202,0.30526652932167053,-1.2455660104751587,-0.2534121572971344,0.24922360479831696,-0.9478451013565063,-0.3097658157348633,0.25618234276771545,-0.7879372835159302,-0.2899482846260071,0.03937738388776779,-0.9530076384544373,-0.07729010283946991,0.03085741214454174,-1.2042837142944336,-0.29601284861564636,0.04373561963438988,-0.8774890899658203,-0.30804216861724854,0.06188485398888588,-0.6462185382843018,-0.24327349662780762,-0.19849108159542084,-0.9246156811714172,-0.11589890718460083,-0.27280035614967346,-1.2863390445709229,-0.22241906821727753,-0.32268086075782776,-1.520891547203064,-0.24115987122058868,-0.35640761256217957,-1.7585608959197998,-0.2268970012664795
0.0,0.0,0.0,0.3271879255771637,-0.15835924446582794,-0.164142906665802,0.49114230275154114,-0.5088412761688232,-0.22642222046852112,0.41733476519584656,-0.8738717436790466,-0.2919563949108124,0.299777090549469,-1.1214081048965454,-0.3188023567199707,0.5413798689842224,-0.9016931056976318,-0.02849235013127327,0.6031432747840881,-1.2003434896469116,-0.20663584768772125,0.5140269994735718,-0.9784106016159058,-0.2848457098007202,0.46106085181236267,-0.7781054377555847,-0.28959330916404724,0.2947632968425751,-0.9553717374801636,-0.019481690600514412,0.3124297559261322,-1.2334520816802979,-0.23972249031066895,0.2549261748790741,-0.9219619035720825,-0.3096480667591095,0.2344007045030594,-0.7323099970817566,-0.28653818368911743,0.0561545193195343,-0.9578211307525635,-0.0480186864733696,0.04521936550736427,-1.2111363410949707,-0.27871522307395935,0.04872959852218628,-0.892346978187561,-0.3007620573043823,0.0507001057267189,-0.6597305536270142,-0.23289918899536133,-0.17463457584381104,-0.9287306070327759,-0.08735779672861099,-0.25038641691207886,-1.285657286643982,-0.19819259643554688,-0.29077401757240295,-1.514655351638794,-0.2188575714826584,-0.31536367535591125,-1.7490638494491577,-0.19851022958755493
0.0,0.0,0.0,0.3192525804042816,-0.16359350085258484,-0.1781267374753952,0.4794318377971649,-0.5344591736793518,-0.2544539272785187,0.36896273493766785,-0.9045939445495605,-0.3277569115161896,0.17818012833595276,-1.1248966455459595,-0.3577568829059601,0.5465803146362305,-0.8931465148925781,-0.0646151676774025,0.5984445810317993,-1.2050474882125854,-0.23759065568447113,0.501862645149231,-0.9750010967254639,-0.31076470017433167,0.45826256275177,-0.7809079885482788,-0.3183532655239105,0.2978549003601074,-0.9533815383911133,-0.04843740910291672,0.3098871111869812,-1.2229174375534058,-0.23743867874145508,0.25264766812324524,-0.9254107475280762,-0.2834409475326538,0.26009273529052734,-0.7939684987068176,-0.2613101899623871,0.058821458369493484,-0.9543339014053345,-0.07035592943429947,0.04513421654701233,-1.2198774814605713,-0.27532443404197693,0.05374281480908394,-0.890297532081604,-0.2720162272453308,0.06621155142784119,-0.6585838794708252,-0.20298264920711517,-0.17437966167926788,-0.9240584969520569,-0.10642310231924057,-0.24162085354328156,-1.275694489479065,-0.20429055392742157,-0.2812262773513794,-1.5098463296890259,-0.21658115088939667,-0.30557185411453247,-1.7505296468734741,-0.20016871392726898
0.0,0.0,0.0,0.33022236824035645,-0.15476307272911072,-0.16008201241493225,0.48216381669044495,-0.5241454243659973,-0.220531165599823,0.3266836702823639,-0.8803377747535706,-0.28016430139541626,0.13247838616371155,-1.0863741636276245,-0.2984323799610138,0.5631298422813416,-0.8922176957130432,-0.04412766918540001,0.6001608967781067,-1.2039119005203247,-0.22736573219299316,0.5081254243850708,-0.970684289932251,-0.31395071744918823,0.46555957198143005,-0.7620858550071716,-0.32512640953063965,0.30716779828071594,-0.9510115385055542,-0.0350000262260437,0.31147992610931396,-1.2363673448562622,-0.23774120211601257,0.2563033103942871,-0.9532018303871155,-0.2992320954799652,0.25803425908088684,-0.787128210067749,-0.28075096011161804,0.057349108159542084,-0.9524215459823608,-0.06379985809326172,0.02774212323129177,-1.2016501426696777,-0.2831513583660126,0.03971388563513756,-0.8966602087020874,-0.30479589104652405,0.06754463165998459,-0.6714602112770081,-0.24485276639461517,-0.18152852356433868,-0.9217544794082642,-0.10295671224594116,-0.2545172870159149,-1.2816894054412842,-0.20385709404945374,-0.3136587142944336,-1.5069806575775146,-0.22053413093090057,-0.3509005606174469,-1.7233866453170776,-0.20402471721172333
0.0,0.0,0.0,0.3312794268131256,-0.15306062996387482,-0.1821189820766449,0.4662362337112427,-0.5345922708511353,-0.2509080171585083,0.26138368248939514,-0.8791189193725586,-0.3115861415863037,0.041642677038908005,-1.0715962648391724,-0.3262411952018738,0.5327882170677185,-0.898547887802124,-0.08164281398057938,0.5653335452079773,-1.231452226638794,-0.25381389260292053,0.4495682716369629,-0.9837606549263,-0.32357701659202576,0.42385315895080566,-0.7894629240036011,-0.33439475297927856,0.2742234766483307,-0.9597846269607544,-0.06012357398867607,0.2878585755825043,-1.2464231252670288,-0.25424760580062866,0.20224861800670624,-0.9249604344367981,-0.3005833625793457,0.2132694125175476,-0.7758991718292236,-0.2809278070926666,0.02749023027718067,-0.9596748352050781,-0.07587994635105133,0.007022629491984844,-1.2332162857055664,-0.28474682569503784,-0.006704874336719513,-0.9154724478721619,-0.2932978868484497,0.016186751425266266,-0.7017892003059387,-0.23571763932704926,-0.20672188699245453,-0.9271606206893921,-0.10424350202083588,-0.28824174404144287,-1.2730770111083984,-0.20401383936405182,-0.35731855034828186,-1.4845452308654785,-0.22507409751415253,-0.39587271213531494,-1.7049281597137451,-0.21796643733978271
0.0,0.0,0.0,0.3411606550216675,-0.14846378564834595,-0.17962060868740082,0.481934517621994,-0.5408663153648376,-0.2428225874900818,0.2687890827655792,-0.8887547850608826,-0.2982062101364136,0.04609154164791107,-1.0737262964248657,-0.30755382776260376,0.5371038317680359,-0.8971109986305237,-0.07525841146707535,0.583782434463501,-1.2384636402130127,-0.2413020133972168,0.46924611926078796,-0.9879276156425476,-0.3063269555568695,0.4400288164615631,-0.7921643853187561,-0.31538450717926025,0.2788727581501007,-0.9587504267692566,-0.055024221539497375,0.3100660443305969,-1.26410710811615,-0.248273566365242,0.22411055862903595,-0.9423105716705322,-0.29534614086151123,0.22860249876976013,-0.7863480448722839,-0.27539294958114624,0.031998161226511,-0.9603760838508606,-0.07159169018268585,0.022948099300265312,-1.2535091638565063,-0.2773272395133972,0.006840984337031841,-0.9353615045547485,-0.28595617413520813,0.024120768532156944,-0.7182270884513855,-0.22874324023723602,-0.2046073079109192,-0.9316306710243225,-0.10092148184776306,-0.28783777356147766,-1.281843900680542,-0.1982307881116867,-0.3531719446182251,-1.495322823524475,-0.22032348811626434,-0.3884902894496918,-1.7208616733551025,-0.21532514691352844
0.0,0.0,0.0,0.3413322865962982,-0.15303441882133484,-0.16899096965789795,0.4863160252571106,-0.548412561416626,-0.22508932650089264,0.2714040279388428,-0.9021924734115601,-0.27574580907821655,0.05987248569726944,-1.0965893268585205,-0.2847920358181,0.5506331920623779,-0.8891871571540833,-0.06169924885034561,0.6067788004875183,-1.2338212728500366,-0.2229522317647934,0.47579529881477356,-1.0058084726333618,-0.2887486219406128,0.4312582314014435,-0.802347719669342,-0.2977811098098755,0.2914901077747345,-0.9554914236068726,-0.0454922616481781,0.3231736719608307,-1.2770509719848633,-0.24276739358901978,0.21750153601169586,-0.9677690863609314,-0.30109554529190063,0.21023240685462952,-0.7895543575286865,-0.28416919708251953,0.04719172418117523,-0.9634515643119812,-0.06373680382966995,0.03922851011157036,-1.2687406539916992,-0.2676762342453003,0.008698530495166779,-0.9651042819023132,-0.2854505777359009,0.020791571587324142,-0.7418006658554077,-0.2315799742937088,-0.18893010914325714,-0.9355272054672241,-0.09355679154396057,-0.2772270441055298,-1.292112112045288,-0.18656060099601746,-0.34525343775749207,-1.5087181329727173,-0.2097444236278534,-0.3742903172969818,-1.7312920093536377,-0.20451900362968445
0.0,0.0,0.0,0.33954259753227234,-0.17250342667102814,-0.15947918593883514,0.5142641067504883,-0.5535033345222473,-0.22156395018100739,0.379569947719574,-0.9308513402938843,-0.28238117694854736,0.17520937323570251,-1.1335647106170654,-0.3034534454345703,0.5238497853279114,-0.9032114744186401,-0.05272291600704193,0.5831009745597839,-1.2449084520339966,-0.21673360466957092,0.47318243980407715,-1.0134204626083374,-0.2842741906642914,0.4250193238258362,-0.8084210753440857,-0.28983521461486816,0.27370765805244446,-0.96091628074646,-0.04152176156640053,0.29659217596054077,-1.2670772075653076,-0.23206815123558044,0.22917808592319489,-0.9556629657745361,-0.28379279375076294,0.22554424405097961,-0.7880666851997375,-0.26321110129356384,0.03690258413553238,-0.9654738306999207,-0.06475631892681122,0.02207009866833687,-1.2591209411621094,-0.25962063670158386,0.024272259324789047,-0.9380593299865723,-0.26337558031082153,0.03744283691048622,-0.7023217082023621,-0.20193897187709808,-0.19417355954647064,-0.9360737204551697,-0.10032498836517334,-0.2920435070991516,-1.2906067371368408,-0.18889036774635315,-0.33981913328170776,-1.5162920951843262,-0.20559781789779663,-0.3632189631462097,-1.7470760345458984,-0.19551746547222137
0.0,0.0,0.0,0.36739692091941833,-0.15952841937541962,-0.15250006318092346,0.6120964884757996,-0.5222650766372681,-0.20700986683368683,0.5378583073616028,-0.8975657820701599,-0.2629052996635437,0.2913658618927002,-1.0690481662750244,-0.2821402847766876,0.5028447508811951,-0.912544846534729,-0.016593635082244873,0.5622689127922058,-1.2181020975112915,-0.16896416246891022,0.46173155307769775,-0.9630612134933472,-0.23742283880710602,0.40583425760269165,-0.7854791879653931,-0.24738965928554535,0.2601875066757202,-0.9655054211616516,-0.010090450756251812,0.2881057858467102,-1.2684921026229858,-0.21167370676994324,0.22563226521015167,-0.9384677410125732,-0.28070878982543945,0.19140224158763885,-0.7373978495597839,-0.265095055103302,0.024763818830251694,-0.970219075679779,-0.035973064601421356,0.018403612077236176,-1.2751225233078003,-0.2302289754152298,0.02160283923149109,-0.9622293710708618,-0.2397296279668808,0.017492001876235008,-0.7214546799659729,-0.17931614816188812,-0.20538267493247986,-0.9450136423110962,-0.07408493012189865,-0.2960631251335144,-1.284315586090088,-0.1611773818731308,-0.3378770053386688,-1.508910059928894,-0.18085719645023346,-0.36165085434913635,-1.7337348461151123,-0.17127101123332977
0.0,0.0,0.0,0.34609824419021606,-0.15925201773643494,-0.14883574843406677,0.5590333938598633,-0.5287517309188843,-0.20423276722431183,0.49672308564186096,-0.8995940089225769,-0.26351210474967957,0.261349081993103,-1.0881156921386719,-0.2852621376514435,0.5017650723457336,-0.909857988357544,-0.021360592916607857,0.553945779800415,-1.2130969762802124,-0.17610105872154236,0.45709195733070374,-0.9726387858390808,-0.24110038578510284,0.4123075008392334,-0.7970551252365112,-0.24775156378746033,0.26342594623565674,-0.964492678642273,-0.018990125507116318,0.2757669687271118,-1.2475117444992065,-0.22405022382736206,0.22091054916381836,-0.9325997233390808,-0.2869817912578583,0.20558974146842957,-0.749224066734314,-0.26682159304618835,0.02701849862933159,-0.9675009250640869,-0.049869656562805176,0.010353279300034046,-1.2488245964050293,-0.2559283971786499,0.02553499862551689,-0.9369417428970337,-0.2659749984741211,0.037507280707359314,-0.7015339732170105,-0.2022014707326889,-0.20285861194133759,-0.9430409073829651,-0.09226377308368683,-0.29063427448272705,-1.2789888381958008,-0.18920527398586273,-0.3419175148010254,-1.509623646736145,-0.21057870984077454,-0.37495118379592896,-1.74144446849823,-0.1997997760772705
0.0,0.0,0.0,0.35239624977111816,-0.15604360401630402,-0.1363184154033661,0.568095862865448,-0.5329574346542358,-0.18353033065795898,0.5160864591598511,-0.9065327644348145,-0.238700732588768,0.28263965249061584,-1.0879346132278442,-0.25775885581970215,0.507303774356842,-0.9131374359130859,0.00039235944859683514,0.5617455840110779,-1.2104270458221436,-0.15580172836780548,0.47191548347473145,-0.9621944427490234,-0.22230887413024902,0.4255339205265045,-0.7859087586402893,-0.22760623693466187,0.27113017439842224,-0.9625387191772461,-0.002775385743007064,0.28587576746940613,-1.240845799446106,-0.21531519293785095,0.24131670594215393,-0.9168267250061035,-0.28170233964920044,0.22063755989074707,-0.7256717681884766,-0.2585086226463318,0.03743693605065346,-0.9642964005470276,-0.039154697209596634,0.024096032604575157,-1.2375648021697998,-0.2489779144525528,0.05272045359015465,-0.9220802187919617,-0.2609231472015381,0.0655142068862915,-0.6907171010971069,-0.19468535482883453,-0.19090305268764496,-0.9411795139312744,-0.08579591661691666,-0.27368560433387756,-1.2723459005355835,-0.17806391417980194,-0.3109211325645447,-1.494635820388794,-0.19565200805664062,-0.33312320709228516,-1.7261806726455688,-0.18113954365253448
0.0,0.0,0.0,0.3524680435657501,-0.15963900089263916,-0.1309458613395691,0.5824769139289856,-0.5254049897193909,-0.17109492421150208,0.5209751129150391,-0.8961588144302368,-0.219403475522995,0.28575047850608826,-1.0795962810516357,-0.2338048815727234,0.5006203651428223,-0.9154343605041504,0.02110469527542591,0.5601246953010559,-1.2101818323135376,-0.12387169152498245,0.47571220993995667,-0.9678656458854675,-0.18544456362724304,0.42998015880584717,-0.797279417514801,-0.1884610950946808,0.2589535117149353,-0.9656603932380676,0.021049028262495995,0.2859097421169281,-1.2466896772384644,-0.1739894449710846,0.2414628118276596,-0.9266316294670105,-0.2343115657567978,0.21854805946350098,-0.7312772870063782,-0.20781046152114868,0.024441806599497795,-0.970900297164917,-0.01041531004011631,0.030323045328259468,-1.2414721250534058,-0.20072606205940247,0.04092474654316902,-0.9145796298980713,-0.19853270053863525,0.043845441192388535,-0.676172137260437,-0.1263461858034134,-0.20615249872207642,-0.9460378885269165,-0.05242761969566345,-0.300008088350296,-1.2309471368789673,-0.12425561994314194,-0.29213467240333557,-1.3658355474472046,-0.1192416250705719,-0.2451431304216385,-1.5016282796859741,-0.08795510977506638
0.0,0.0,0.0,0.3523431122303009,-0.15426082909107208,-0.13650918006896973,0.5799479484558105,-0.5110246539115906,-0.17619305849075317,0.5228971838951111,-0.8825205564498901,-0.2225775122642517,0.30041971802711487,-1.080195426940918,-0.23533326387405396,0.507577121257782,-0.9087835550308228,0.014428464695811272,0.5612861514091492,-1.2142549753189087,-0.13090795278549194,0.4728747010231018,-0.9751618504524231,-0.1929274946451187,0.42355331778526306,-0.7959387898445129,-0.19593538343906403,0.25770458579063416,-0.9659705758094788,0.022118931636214256,0.28796589374542236,-1.2561246156692505,-0.17186228930950165,0.22756405174732208,-0.929702639579773,-0.23158705234527588,0.19399069249629974,-0.7149534225463867,-0.2030034065246582,0.018300635740160942,-0.9746586680412292,-0.0011651156237348914,0.03001493774354458,-1.2576308250427246,-0.18498803675174713,0.02534925751388073,-0.9382333159446716,-0.18497973680496216,0.02522066980600357,-0.6932510137557983,-0.11515852808952332,-0.21462738513946533,-0.9471116662025452,-0.035641659051179886,-0.2970157563686371,-1.215435266494751,-0.11196263134479523,-0.285207062959671,-1.3266148567199707,-0.11452483385801315,-0.22994714975357056,-1.4219615459442139,-0.08558164536952972
0.0,0.0,0.0,0.33603885769844055,-0.1553582400083542,-0.13791413605213165,0.5440983772277832,-0.518109142780304,-0.18174386024475098,0.47769030928611755,-0.8834280967712402,-0.23193293809890747,0.2624986171722412,-1.0878989696502686,-0.24549198150634766,0.4913429617881775,-0.912331759929657,0.012613981030881405,0.5471057891845703,-1.2102705240249634,-0.1357506513595581,0.451986700296402,-0.9749049544334412,-0.19614194333553314,0.4054940938949585,-0.809016764163971,-0.1992504596710205,0.24831637740135193,-0.9685434103012085,0.016205595806241035,0.2775413691997528,-1.2521345615386963,-0.17773792147636414,0.22322963178157806,-0.9382214546203613,-0.230460986495018,0.20054037868976593,-0.7502567172050476,-0.1997218281030655,0.010011493228375912,-0.9755619168281555,-0.013073587790131569,0.012104518711566925,-1.2579108476638794,-0.20136363804340363,0.01756281591951847,-0.9371778964996338,-0.19260525703430176,0.024744825437664986,-0.7071980834007263,-0.11788087338209152,-0.221916064620018,-0.9477580189704895,-0.05393042042851448,-0.311335027217865,-1.218000054359436,-0.13016627728939056,-0.3113146126270294,-1.3384166955947876,-0.12579166889190674,-0.27266931533813477,-1.4659866094589233,-0.0941096618771553
0.0,0.0,0.0,0.3319191038608551,-0.15391786396503448,-0.13943307101726532,0.5267958045005798,-0.5231454968452454,-0.18899673223495483,0.45728030800819397,-0.8905853033065796,-0.2438979595899582,0.2365150898694992,-1.0871719121932983,-0.26080626249313354,0.485550194978714,-0.9166932106018066,-0.012156441807746887,0.5409639477729797,-1.228609561920166,-0.16840259730815887,0.43833038210868835,-0.9923213124275208,-0.23034784197807312,0.3919631540775299,-0.8237920999526978,-0.233907550573349,0.24034538865089417,-0.9706130027770996,-0.012019731104373932,0.2682749629020691,-1.2647716999053955,-0.21667659282684326,0.20963983237743378,-0.9447276592254639,-0.27062085270881653,0.1925096958875656,-0.7596599459648132,-0.24055571854114532,0.002484979573637247,-0.9739236235618591,-0.044017866253852844,-0.007393050007522106,-1.2626700401306152,-0.2409590780735016,0.006128671113401651,-0.9500219821929932,-0.23574160039424896,0.022659139707684517,-0.7304009795188904,-0.1630678027868271,-0.22910566627979279,-0.9440690875053406,-0.0872228667140007,-0.31547650694847107,-1.242951512336731,-0.16769157350063324,-0.34751272201538086,-1.4168837070465088,-0.16998015344142914,-0.3533434569835663,-1.6081558465957642,-0.1455935388803482
0.0,0.0,0.0,0.3308500349521637,-0.14715765416622162,-0.1453799158334732,0.5378148555755615,-0.525726854801178,-0.19485022127628326,0.47021666169166565,-0.8960634469985962,-0.24671348929405212,0.2338646501302719,-1.080909013748169,-0.25728729367256165,0.4890355169773102,-0.9100167155265808,-0.02532593533396721,0.5542815923690796,-1.2256841659545898,-0.17412559688091278,0.44133228063583374,-0.9739140868186951,-0.22549386322498322,0.3992195725440979,-0.8154278993606567,-0.2261829376220703,0.24979370832443237,-0.968032717704773,-0.022710707038640976,0.2854454815387726,-1.2624552249908447,-0.21733498573303223,0.21649983525276184,-0.9429631233215332,-0.257974773645401,0.20325475931167603,-0.7755988836288452,-0.2241988480091095,0.01351173222064972,-0.9733735918998718,-0.05266529694199562,0.011415606364607811,-1.269207239151001,-0.24769707024097443,0.010874031111598015,-0.9487494826316833,-0.2335459440946579,0.020201170817017555,-0.7304506301879883,-0.15818320214748383,-0.21422959864139557,-0.9498823285102844,-0.09429006278514862,-0.3099464476108551,-1.2482609748840332,-0.17828452587127686,-0.35129815340042114,-1.4206018447875977,-0.18003584444522858,-0.36570829153060913,-1.6118849515914917,-0.1568281650543213
0.0,0.0,0.0,0.3359778821468353,-0.14732898771762848,-0.14371925592422485,0.5369420647621155,-0.526387095451355,-0.19440580904483795,0.4670504629611969,-0.8990925550460815,-0.2485845983028412,0.23372602462768555,-1.0909252166748047,-0.2607652246952057,0.48988592624664307,-0.9104070663452148,-0.026958512142300606,0.552742063999176,-1.2248082160949707,-0.17887556552886963,0.45017367601394653,-0.9666990041732788,-0.23327471315860748,0.4084383547306061,-0.8108672499656677,-0.2369026094675064,0.25014448165893555,-0.9678621292114258,-0.02589687891304493,0.2844606935977936,-1.2534157037734985,-0.2206476628780365,0.22527088224887848,-0.9293347597122192,-0.2615359425544739,0.21356762945652008,-0.7727622985839844,-0.230579674243927,0.012602657079696655,-0.972899317741394,-0.05779644474387169,0.009137549437582493,-1.2690173387527466,-0.2547414302825928,0.01793820969760418,-0.9491061568260193,-0.2414913922548294,0.02900276891887188,-0.737530529499054,-0.16856665909290314,-0.2163500338792801,-0.9514239430427551,-0.1012377217411995,-0.31106606125831604,-1.2509394884109497,-0.19006265699863434,-0.35736382007598877,-1.426267147064209,-0.19551976025104523,-0.3817557394504547,-1.6263558864593506,-0.17567646503448486
0.0,0.0,0.0,0.33691489696502686,-0.14654897153377533,-0.14600521326065063,0.535487949848175,-0.531217634677887,-0.1970067322254181,0.45512035489082336,-0.898910641670227,-0.2503812909126282,0.21663257479667664,-1.0801610946655273,-0.26390692591667175,0.4801023304462433,-0.9168485403060913,-0.040389738976955414,0.5438575148582458,-1.2291556596755981,-0.18979096412658691,0.4409671723842621,-0.9764018058776855,-0.24098379909992218,0.3978915810585022,-0.8192468881607056,-0.24192433059215546,0.23543469607830048,-0.9709808826446533,-0.04203098267316818,0.27323272824287415,-1.2603615522384644,-0.2450546771287918,0.22146867215633392,-0.9479101896286011,-0.296344131231308,0.20599745213985443,-0.7833545804023743,-0.26957273483276367,-0.005414552520960569,-0.9717859029769897,-0.07521088421344757,-0.0184527188539505,-1.2520287036895752,-0.28070488572120667,0.015053722076117992,-0.936009407043457,-0.2847672402858734,0.039982981979846954,-0.7173933386802673,-0.21906410157680511,-0.23592790961265564,-0.946713924407959,-0.11902675032615662,-0.32758399844169617,-1.2713786363601685,-0.21271169185638428,-0.3736669719219208,-1.4799429178237915,-0.22815747559070587,-0.40557074546813965,-1.7035963535308838,-0.21529072523117065
0.0,0.0,0.0,0.32762715220451355,-0.15295644104480743,-0.15047374367713928,0.5220441222190857,-0.5270408391952515,-0.20659814774990082,0.45018860697746277,-0.8902634978294373,-0.26514932513237,0.21994397044181824,-1.0830413103103638,-0.284044086933136,0.47267410159111023,-0.9194197654724121,-0.0398145467042923,0.53590989112854,-1.2281726598739624,-0.19429872930049896,0.43288618326187134,-0.9844753742218018,-0.2507648468017578,0.38938087224960327,-0.8269014358520508,-0.2533876895904541,0.2306308001279831,-0.9722164869308472,-0.040057223290205,0.26328596472740173,-1.2595272064208984,-0.24764542281627655,0.21118667721748352,-0.9517770409584045,-0.30380779504776,0.1984514743089676,-0.7885955572128296,-0.2788199484348297,-0.008907031267881393,-0.9726453423500061,-0.07272028177976608,-0.024080239236354828,-1.2457131147384644,-0.2826727330684662,0.008688890375196934,-0.9327499270439148,-0.290824830532074,0.0339692160487175,-0.716039776802063,-0.22579815983772278,-0.2382286787033081,-0.9472944140434265,-0.11629772186279297,-0.3315606117248535,-1.2721669673919678,-0.21146178245544434,-0.3809126615524292,-1.482292890548706,-0.227601557970047,-0.4144575595855713,-1.7083104848861694,-0.21384087204933167
0.0,0.0,0.0,0.3333086371421814,-0.14540110528469086,-0.15508945286273956,0.530648946762085,-0.5278565883636475,-0.21106311678886414,0.4602154493331909,-0.8949969410896301,-0.26816070079803467,0.22214604914188385,-1.0789904594421387,-0.2846648097038269,0.4741944670677185,-0.918523371219635,-0.043918050825595856,0.540816068649292,-1.2249419689178467,-0.19715911149978638,0.4358064532279968,-0.975525438785553,-0.25139120221138,0.3927527666091919,-0.8217631578445435,-0.2540850043296814,0.23462197184562683,-0.9711548686027527,-0.04255389794707298,0.2713017463684082,-1.2573050260543823,-0.2518787682056427,0.21978197991847992,-0.9561002254486084,-0.3079161047935486,0.20913217961788177,-0.801910936832428,-0.28311359882354736,-0.005308094434440136,-0.9704445600509644,-0.07424584031105042,-0.016277926042675972,-1.2440282106399536,-0.2876211702823639,0.018630800768733025,-0.928902804851532,-0.2973918914794922,0.04459591582417488,-0.7084154486656189,-0.23285438120365143,-0.23409585654735565,-0.9457496404647827,-0.11724754422903061,-0.32732513546943665,-1.271235704421997,-0.217591792345047,-0.37879252433776855,-1.484477162361145,-0.2385750412940979,-0.4156705141067505,-1.7129000425338745,-0.22834861278533936
0.0,0.0,0.0,0.32718193531036377,-0.14965790510177612,-0.1561218947172165,0.5256717801094055,-0.5190261006355286,-0.2158539891242981,0.46515074372291565,-0.8866488337516785,-0.27681928873062134,0.24413451552391052,-1.0921026468276978,-0.29773780703544617,0.479686975479126,-0.9125952124595642,-0.04116404429078102,0.5531200766563416,-1.2231366634368896,-0.19680353999137878,0.44746461510658264,-0.984969437122345,-0.25544583797454834,0.39879560470581055,-0.8265347480773926,-0.2603006958961487,0.24315430223941803,-0.969251275062561,-0.037788212299346924,0.2789818048477173,-1.2595871686935425,-0.2436988651752472,0.22481542825698853,-0.9574142694473267,-0.3000848591327667,0.21230153739452362,-0.799767017364502,-0.2773061692714691,0.006495319772511721,-0.9732702970504761,-0.06775876134634018,4.71404064228409e-06,-1.255219578742981,-0.27786529064178467,0.024360591545701027,-0.9470454454421997,-0.28558123111724854,0.0402863509953022,-0.7323334813117981,-0.22195760905742645,-0.22212670743465424,-0.9525821208953857,-0.1092381402850151,-0.32485538721084595,-1.2741892337799072,-0.20987488329410553,-0.37808334827423096,-1.4840991497039795,-0.23012129962444305,-0.4142252802848816,-1.7130286693572998,-0.21926730871200562
0.0,0.0,0.0,0.3401324450969696,-0.15374186635017395,-0.14825309813022614,0.5347315073013306,-0.5314956307411194,-0.2018500417470932,0.4719773828983307,-0.9011545181274414,-0.2588478624820709,0.25047871470451355,-1.101691484451294,-0.27763739228248596,0.4801199734210968,-0.9154795408248901,-0.02781202644109726,0.5648135542869568,-1.2351830005645752,-0.18187639117240906,0.4576016962528229,-1.0016556978225708,-0.24343536794185638,0.40171948075294495,-0.8326532244682312,-0.24915774166584015,0.24419571459293365,-0.9693620800971985,-0.026562167331576347,0.2880757451057434,-1.2724581956863403,-0.23379875719547272,0.22938957810401917,-0.9684119820594788,-0.2967022955417633,0.21136105060577393,-0.7890424728393555,-0.27572450041770935,0.00621455442160368,-0.9747894406318665,-0.05792950093746185,0.008195837028324604,-1.2688522338867188,-0.2648915946483612,0.030112750828266144,-0.9719746112823486,-0.2791541516780853,0.04384629800915718,-0.7525728344917297,-0.21866263449192047,-0.2252001315355301,-0.9564430117607117,-0.10011286288499832,-0.3222140669822693,-1.2881524562835693,-0.19748055934906006,-0.3735541105270386,-1.506680965423584,-0.21990635991096497,-0.4077010452747345,-1.7360979318618774,-0.21046572923660278
0.0,0.0,0.0,0.33263513445854187,-0.15344186127185822,-0.1514391154050827,0.5171756744384766,-0.5201206803321838,-0.20975810289382935,0.4511239230632782,-0.8872040510177612,-0.2706381380558014,0.24091681838035583,-1.0959997177124023,-0.29269763827323914,0.4842185974121094,-0.9142950773239136,-0.04375295341014862,0.553679883480072,-1.2356988191604614,-0.2033138871192932,0.4418863356113434,-1.0031208992004395,-0.2650258541107178,0.3931184709072113,-0.8287302255630493,-0.26854604482650757,0.24172893166542053,-0.9694110155105591,-0.04253828525543213,0.27693745493888855,-1.2672581672668457,-0.2544713616371155,0.21486937999725342,-0.9546584486961365,-0.3140108287334442,0.20292939245700836,-0.7706142663955688,-0.2889653444290161,0.0012858067639172077,-0.9750602841377258,-0.07385285198688507,-0.005937614943832159,-1.2593873739242554,-0.28324586153030396,0.011922583915293217,-0.9557582139968872,-0.2940492630004883,0.030801216140389442,-0.7323686480522156,-0.22920440137386322,-0.23030856251716614,-0.9539754986763,-0.11638861149549484,-0.3188145160675049,-1.3038417100906372,-0.21479810774326324,-0.3660835027694702,-1.5342447757720947,-0.23555730283260345,-0.3927757143974304,-1.768558144569397,-0.22327256202697754
0.0,0.0,0.0,0.31651294231414795,-0.1576060652732849,-0.1558535099029541,0.49575090408325195,-0.5130062699317932,-0.2211029976606369,0.42784279584884644,-0.8653427362442017,-0.2880352735519409,0.21958385407924652,-1.0663551092147827,-0.31536489725112915,0.46438145637512207,-0.9265184998512268,-0.0576871857047081,0.5177222490310669,-1.2367814779281616,-0.2238054871559143,0.4246629774570465,-0.9881793260574341,-0.28808265924453735,0.38782915472984314,-0.816750705242157,-0.2919437289237976,0.21776644885540009,-0.9743379950523376,-0.056950367987155914,0.2426493614912033,-1.25965416431427,-0.2705426812171936,0.19722440838813782,-0.9403681755065918,-0.3273516893386841,0.18677857518196106,-0.7664372324943542,-0.3020716905593872,-0.023869454860687256,-0.9738727807998657,-0.08936549723148346,-0.03931618481874466,-1.2488186359405518,-0.3014691472053528,-0.007808695547282696,-0.9379279613494873,-0.3101752698421478,0.015924325212836266,-0.7167654633522034,-0.24442870914936066,-0.2531263828277588,-0.9464853405952454,-0.1332845240831375,-0.34732678532600403,-1.2999674081802368,-0.23227094113826752,-0.395295113325119,-1.5270494222640991,-0.25052958726882935,-0.4278983473777771,-1.7576110363006592,-0.2361266165971756
0.0,0.0,0.0,0.34173059463500977,-0.17200563848018646,-0.1442313939332962,0.5249770879745483,-0.5318126678466797,-0.1987990438938141,0.4412841796875,-0.8803622126579285,-0.2578115463256836,0.2334498018026352,-1.0694012641906738,-0.2781200408935547,0.46728309988975525,-0.9312466382980347,-0.034878842532634735,0.5274996161460876,-1.2468916177749634,-0.1922454684972763,0.42939069867134094,-0.9990972280502319,-0.25286081433296204,0.39375901222229004,-0.8210511207580566,-0.25612694025039673,0.21999423205852509,-0.9748089909553528,-0.03674362599849701,0.2475968450307846,-1.2676129341125488,-0.24532407522201538,0.1948670744895935,-0.9493224024772644,-0.30247077345848083,0.18879054486751556,-0.7674417495727539,-0.27744826674461365,-0.023167932406067848,-0.9723709225654602,-0.07138655334711075,-0.038351599127054214,-1.2601863145828247,-0.27988237142562866,-0.01710684224963188,-0.9574229121208191,-0.29033514857292175,0.006181125529110432,-0.7360740303993225,-0.22589245438575745,-0.25575053691864014,-0.9442246556282043,-0.11689959466457367,-0.35344022512435913,-1.2999873161315918,-0.21771544218063354,-0.4117816388607025,-1.5350228548049927,-0.23996417224407196,-0.4496072828769684,-1.7698895931243896,-0.22825570404529572
0.0,0.0,0.0,0.3265143036842346,-0.16911521553993225,-0.1344226896762848,0.5265035033226013,-0.5282453894615173,-0.18622446060180664,0.46542394161224365,-0.8813714981079102,-0.2443923056125641,0.24244961142539978,-1.062805414199829,-0.27056917548179626,0.4312966465950012,-0.9384216666221619,-0.02116280421614647,0.5040959715843201,-1.2127488851547241,-0.17551696300506592,0.41573813557624817,-0.9648526906967163,-0.24542495608329773,0.35894909501075745,-0.7808941602706909,-0.2529691457748413,0.18670965731143951,-0.9820860624313354,-0.02542717009782791,0.23458178341388702,-1.2617470026016235,-0.22163377702236176,0.19454456865787506,-0.9473945498466492,-0.2823096811771393,0.1702505648136139,-0.7522259950637817,-0.258191853761673,-0.049465350806713104,-0.9795942306518555,-0.060342613607645035,-0.0409371480345726,-1.2572150230407715,-0.2554861307144165,-0.007680963259190321,-0.9563083648681641,-0.2636607885360718,0.004007344599813223,-0.7293229103088379,-0.19767412543296814,-0.28230029344558716,-0.9439697265625,-0.10518733412027359,-0.3960283696651459,-1.2948787212371826,-0.196628600358963,-0.4507595896720886,-1.5191322565078735,-0.20889516174793243,-0.4864047169685364,-1.7469348907470703,-0.18811124563217163
0.0,0.0,0.0,0.3585180342197418,-0.15639269351959229,-0.11597877740859985,0.5810685753822327,-0.507330060005188,-0.15649458765983582,0.5487898588180542,-0.8598887920379639,-0.20555971562862396,0.38430240750312805,-1.076999545097351,-0.22869756817817688,0.48584458231925964,-0.9258015751838684,-0.01587548665702343,0.566619873046875,-1.1888238191604614,-0.15550802648067474,0.5002081990242004,-0.9723858833312988,-0.21626964211463928,0.47033390402793884,-0.7869541645050049,-0.22029606997966766,0.23211674392223358,-0.9723477363586426,-0.02572312019765377,0.31005385518074036,-1.2316468954086304,-0.21814881265163422,0.2769176959991455,-0.9190592765808105,-0.2796596884727478,0.2527576684951782,-0.6975570321083069,-0.2577309012413025,-0.020278390496969223,-0.9764096140861511,-0.06285266578197479,0.02522536925971508,-1.2483214139938354,-0.25597265362739563,0.073079913854599,-0.9522894024848938,-0.2710132598876953,0.09651822596788406,-0.7148743271827698,-0.21218982338905334,-0.2709190547466278,-0.9426803588867188,-0.10682588070631027,-0.364454060792923,-1.3059848546981812,-0.20176474750041962,-0.40975597500801086,-1.5363582372665405,-0.21823208034038544,-0.4371878206729889,-1.7628573179244995,-0.2015637904405594
0.0,0.0,0.0,0.36376386880874634,-0.13628536462783813,-0.10036081820726395,0.625072181224823,-0.4957647919654846,-0.13513140380382538,0.6341953873634338,-0.8517740964889526,-0.17921161651611328,0.3892460763454437,-0.9766653180122375,-0.22346380352973938,0.46020323038101196,-0.9219634532928467,-0.008472553454339504,0.5671018362045288,-1.1902004480361938,-0.0804535299539566,0.6583232879638672,-1.2868592739105225,-0.10635972023010254,0.7448261976242065,-1.3417531251907349,-0.11054931581020355,0.22371341288089752,-0.9743908643722534,-0.02268899604678154,0.30624890327453613,-1.2243973016738892,-0.2020939439535141,0.3102233409881592,-0.920484721660614,-0.2624446153640747,0.30082932114601135,-0.6834741830825806,-0.23856763541698456,-0.02056100405752659,-0.9890127182006836,-0.05188759043812752,0.04277930036187172,-1.246412992477417,-0.24338574707508087,0.10331003367900848,-0.9454549551010132,-0.2598048746585846,0.12161891162395477,-0.6950231790542603,-0.20126914978027344,-0.2722841501235962,-0.962750256061554,-0.08558398485183716,-0.37320470809936523,-1.3211959600448608,-0.18237683176994324,-0.4002673327922821,-1.554059386253357,-0.2024051547050476,-0.41111767292022705,-1.7741156816482544,-0.19316740334033966
0.0,0.0,0.0,0.35316064953804016,-0.12212266772985458,-0.10025164484977722,0.6221994161605835,-0.4856812357902527,-0.13302385807037354,0.6243860125541687,-0.8505544066429138,-0.17453402280807495,0.3948030471801758,-1.010075569152832,-0.21574033796787262,0.45527347922325134,-0.9196387529373169,0.0041601648554205894,0.5517091155052185,-1.1866463422775269,-0.05579294264316559,0.6435232162475586,-1.297838568687439,-0.07158919423818588,0.7377868294715881,-1.3686918020248413,-0.06987971812486649,0.21927639842033386,-0.9756110906600952,-0.010043502785265446,0.3174090087413788,-1.2374308109283447,-0.18285489082336426,0.3317185640335083,-0.9311168193817139,-0.24246083199977875,0.3248855173587799,-0.6840935945510864,-0.21466316282749176,-0.020697366446256638,-0.9936009645462036,-0.03826948627829552,0.07308550179004669,-1.2599308490753174,-0.22994351387023926,0.13901321589946747,-0.9582964777946472,-0.24455346167087555,0.15106402337551117,-0.7040201425552368,-0.18159401416778564,-0.27320197224617004,-0.9677428603172302,-0.07012741267681122,-0.36632147431373596,-1.3324415683746338,-0.1697762906551361,-0.3823528587818146,-1.5609846115112305,-0.18783485889434814,-0.38269147276878357,-1.7762750387191772,-0.17439411580562592
0.0,0.0,0.0,0.35205355286598206,-0.13225942850112915,-0.11299814283847809,0.6217972040176392,-0.48608827590942383,-0.15245893597602844,0.6277574896812439,-0.8524563908576965,-0.19979073107242584,0.41498103737831116,-1.035165548324585,-0.24432703852653503,0.47377559542655945,-0.9170939922332764,-0.0072769406251609325,0.5785130262374878,-1.2070749998092651,-0.07516790181398392,0.6614462733268738,-1.3362493515014648,-0.08905527740716934,0.7418667674064636,-1.4249078035354614,-0.08489084243774414,0.23497208952903748,-0.9718307256698608,-0.018250679597258568,0.3274507224559784,-1.242492437362671,-0.20461905002593994,0.3384844958782196,-0.9355456829071045,-0.2631968557834625,0.3348090946674347,-0.7009208798408508,-0.2323092669248581,-0.010480054654181004,-0.9926861524581909,-0.04593101888895035,0.07025068998336792,-1.2575000524520874,-0.25215137004852295,0.13973720371723175,-0.9462383985519409,-0.2689909338951111,0.1580052673816681,-0.6889407634735107,-0.20403586328029633,-0.27102890610694885,-0.9756000638008118,-0.07866562157869339,-0.3695095479488373,-1.3462979793548584,-0.19034326076507568,-0.391324907541275,-1.5841772556304932,-0.21704994142055511,-0.39647531509399414,-1.8089632987976074,-0.20801977813243866
0.0,0.0,0.0,0.35761550068855286,-0.16445152461528778,-0.10764330625534058,0.5817028880119324,-0.5072731971740723,-0.14815984666347504,0.577970027923584,-0.8412613868713379,-0.2008836716413498,0.3720629811286926,-1.0142122507095337,-0.23161473870277405,0.45829302072525024,-0.9328478574752808,-0.0017838701605796814,0.5525977611541748,-1.2049832344055176,-0.14513662457466125,0.5212740898132324,-0.9930757880210876,-0.21210050582885742,0.5090422630310059,-0.8112210631370544,-0.21830853819847107,0.22678661346435547,-0.9737781286239624,-0.017997251823544502,0.3138235807418823,-1.227050542831421,-0.21534107625484467,0.3081323206424713,-0.9125326871871948,-0.287243127822876,0.29951587319374084,-0.6953210830688477,-0.2734118402004242,-0.020089877769351006,-0.9792107343673706,-0.06199633702635765,0.04032454267144203,-1.2325645685195923,-0.2655470073223114,0.10083524882793427,-0.9194434881210327,-0.29452160000801086,0.12529641389846802,-0.6765217185020447,-0.24175122380256653,-0.271328330039978,-0.9538068175315857,-0.11175305396318436,-0.3577609956264496,-1.3259989023208618,-0.2072441428899765,-0.38765689730644226,-1.564218521118164,-0.2292456030845642,-0.40036657452583313,-1.7941703796386719,-0.21846932172775269
0.0,0.0,0.0,0.3769223392009735,-0.16042783856391907,-0.10733426362276077,0.6113352179527283,-0.5082804560661316,-0.14298352599143982,0.5959195494651794,-0.8490633964538574,-0.1882556825876236,0.3988979458808899,-1.0319998264312744,-0.20588797330856323,0.49973905086517334,-0.9189914464950562,-0.014838377013802528,0.5964921712875366,-1.2037575244903564,-0.1504243165254593,0.5285530686378479,-0.9524943232536316,-0.20596098899841309,0.49438703060150146,-0.7841405868530273,-0.20936520397663116,0.2696234881877899,-0.9624330401420593,-0.03202739730477333,0.3475494682788849,-1.241361379623413,-0.22748257219791412,0.32410773634910583,-0.9296292066574097,-0.2916993200778961,0.3069003224372864,-0.7259967923164368,-0.2745473086833954,0.025712626054883003,-0.9678729176521301,-0.07541921734809875,0.06779132783412933,-1.2415797710418701,-0.27095335721969604,0.12456677854061127,-0.934788167476654,-0.29388362169265747,0.14980386197566986,-0.6991608738899231,-0.241848424077034,-0.21886609494686127,-0.9461050033569336,-0.12543010711669922,-0.3077000379562378,-1.3125619888305664,-0.21998001635074615,-0.3412405550479889,-1.554499626159668,-0.24571147561073303,-0.36208903789520264,-1.7911455631256104,-0.2402239441871643
0.0,0.0,0.0,0.3436357080936432,-0.16706614196300507,-0.11979468166828156,0.552251935005188,-0.5192738771438599,-0.16412220895290375,0.501033365726471,-0.8587691783905029,-0.21539263427257538,0.29930493235588074,-1.034794807434082,-0.2325497269630432,0.49602290987968445,-0.9185080528259277,-0.0281364805996418,0.5921176671981812,-1.2130964994430542,-0.18015848100185394,0.509097158908844,-0.9519765377044678,-0.2419016808271408,0.4480482041835785,-0.769525408744812,-0.24340379238128662,0.24998915195465088,-0.967449963092804,-0.039318542927503586,0.3053494691848755,-1.2473245859146118,-0.23244670033454895,0.26195695996284485,-0.9274742603302002,-0.2875119149684906,0.23054367303848267,-0.7326472997665405,-0.2646500766277313,0.004961555823683739,-0.972362756729126,-0.07929618656635284,0.02586735039949417,-1.246785044670105,-0.26798394322395325,0.05696674808859825,-0.9398545622825623,-0.27428293228149414,0.06554773449897766,-0.7134805917739868,-0.2124129831790924,-0.23340536653995514,-0.9507886171340942,-0.1280566304922104,-0.30811434984207153,-1.3066352605819702,-0.2102721482515335,-0.33820053935050964,-1.5345770120620728,-0.2206055372953415,-0.3570731580257416,-1.7620681524276733,-0.2035856395959854
0.0,0.0,0.0,0.331889808177948,-0.1711685061454773,-0.11386418342590332,0.5354650020599365,-0.5292665958404541,-0.15515755116939545,0.4949435591697693,-0.870045006275177,-0.20530247688293457,0.2844628393650055,-1.05232572555542,-0.2230895757675171,0.48729661107063293,-0.9154664278030396,-0.013357036747038364,0.5795274376869202,-1.2123222351074219,-0.1629122495651245,0.5080421566963196,-0.9616828560829163,-0.2314843386411667,0.4527846872806549,-0.777101993560791,-0.23847556114196777,0.24529948830604553,-0.96910560131073,-0.02573631890118122,0.30566173791885376,-1.257006287574768,-0.20772603154182434,0.25750139355659485,-0.9431413412094116,-0.2669658660888672,0.2235991507768631,-0.7476590871810913,-0.2497158646583557,0.0038348997477442026,-0.975622296333313,-0.0665024146437645,0.02565724588930607,-1.2488757371902466,-0.24385786056518555,0.03766892850399017,-0.9494380950927734,-0.24845972657203674,0.03241793438792229,-0.7274978756904602,-0.18851540982723236,-0.23034168779850006,-0.956438422203064,-0.1164500042796135,-0.3014707565307617,-1.3090964555740356,-0.191984161734581,-0.3347378075122833,-1.5304723978042603,-0.1971663385629654,-0.3554361164569855,-1.7470430135726929,-0.17761822044849396
0.0,0.0,0.0,0.34405404329299927,-0.17225448787212372,-0.12376806139945984,0.5405077934265137,-0.519724428653717,-0.1695777326822281,0.4797465205192566,-0.8678662180900574,-0.22418203949928284,0.27344292402267456,-1.0496594905853271,-0.24814923107624054,0.48794785141944885,-0.921473503112793,-0.013799134641885757,0.5511043667793274,-1.2457455396652222,-0.16848768293857574,0.4666145443916321,-1.0219694375991821,-0.24331606924533844,0.40682223439216614,-0.8250901699066162,-0.2519994378089905,0.2352912873029709,-0.9716938138008118,-0.021194612607359886,0.267971396446228,-1.275448203086853,-0.2181122750043869,0.2206239402294159,-0.9744049310684204,-0.2926163673400879,0.19041681289672852,-0.7635987997055054,-0.28086918592453003,-0.009453841485083103,-0.979333758354187,-0.057472992688417435,-0.019629038870334625,-1.267662763595581,-0.24829238653182983,0.004489798564463854,-0.9762158393859863,-0.2698077857494354,0.01923503912985325,-0.7385220527648926,-0.21594606339931488,-0.2481476068496704,-0.9570496082305908,-0.1029679998755455,-0.3208412230014801,-1.317352056503296,-0.187417134642601,-0.35918909311294556,-1.5549356937408447,-0.20466524362564087,-0.3798947036266327,-1.7773667573928833,-0.1913442462682724
0.0,0.0,0.0,0.32891392707824707,-0.15598438680171967,-0.1449955701828003,0.5194753408432007,-0.5008087158203125,-0.20516522228717804,0.4641733765602112,-0.8572273254394531,-0.26820650696754456,0.2591190040111542,-1.0631046295166016,-0.2950800955295563,0.4902576804161072,-0.9147412776947021,-0.05572120100259781,0.5662726163864136,-1.2472901344299316,-0.22170351445674896,0.4536971151828766,-1.0119965076446533,-0.29086026549339294,0.3941976726055145,-0.8220123648643494,-0.29691940546035767,0.23911434412002563,-0.969372034072876,-0.0560561865568161,0.28122246265411377,-1.278331995010376,-0.26468876004219055,0.2141972929239273,-0.9632230401039124,-0.3243841826915741,0.19266195595264435,-0.7645283937454224,-0.30146336555480957,-0.007212535478174686,-0.9766821265220642,-0.08730041980743408,-0.01402600109577179,-1.2703016996383667,-0.2874518036842346,0.0014275849098339677,-0.9745234847068787,-0.29603347182273865,0.021452879533171654,-0.749241054058075,-0.23292554914951324,-0.2449660450220108,-0.9524656534194946,-0.12967000901699066,-0.32236814498901367,-1.3124312162399292,-0.22413548827171326,-0.3648890554904938,-1.5485695600509644,-0.24326305091381073,-0.3847620189189911,-1.7805298566818237,-0.23036018013954163
0.0,0.0,0.0,0.3532150685787201,-0.17003639042377472,-0.11658624559640884,0.54771488904953,-0.5419068336486816,-0.1515585482120514,0.4701983630657196,-0.9005416035652161,-0.19719292223453522,0.23236843943595886,-1.0581928491592407,-0.21588656306266785,0.49780943989753723,-0.9170305132865906,0.0015187618555501103,0.5487534999847412,-1.2441037893295288,-0.13952884078025818,0.4431915581226349,-1.044558048248291,-0.21511255204677582,0.37519511580467224,-0.8442043662071228,-0.2281847894191742,0.24189600348472595,-0.9702837467193604,-0.005988615565001965,0.2598978281021118,-1.2746073007583618,-0.1934577226638794,0.19692330062389374,-0.9792729616165161,-0.2706388831138611,0.16897350549697876,-0.7525301575660706,-0.2607802152633667,-0.004255278035998344,-0.9810868501663208,-0.04071782901883125,-0.027604559436440468,-1.2661288976669312,-0.22277699410915375,-0.014431013725697994,-0.9836562871932983,-0.25077399611473083,0.0015008578775450587,-0.739069938659668,-0.20186592638492584,-0.24207235872745514,-0.9619274139404297,-0.08422468602657318,-0.31376487016677856,-1.3274238109588623,-0.1631070226430893,-0.3652932047843933,-1.5685210227966309,-0.1797318309545517,-0.3980315923690796,-1.7803292274475098,-0.16716662049293518
0.0,0.0,0.0,0.37205639481544495,-0.18563726544380188,-0.1531822830438614,0.5361408591270447,-0.566616952419281,-0.1976199597120285,0.39353448152542114,-0.916215717792511,-0.24542734026908875,0.15181176364421844,-1.0519534349441528,-0.2605830132961273,0.4592047333717346,-0.9415815472602844,-0.013672104105353355,0.5011510252952576,-1.2878661155700684,-0.18162879347801208,0.3898735046386719,-1.0686784982681274,-0.26830044388771057,0.33150714635849,-0.8469235301017761,-0.2823035418987274,0.1889701634645462,-0.9819737672805786,-0.00421915203332901,0.20314806699752808,-1.3189440965652466,-0.22379449009895325,0.12796983122825623,-1.023855447769165,-0.31271621584892273,0.10805564373731613,-0.7915264964103699,-0.3012670874595642,-0.07073279470205307,-0.9838310480117798,-0.028754517436027527,-0.10558158159255981,-1.2824170589447021,-0.24538491666316986,-0.1258375644683838,-0.9867227673530579,-0.2783603072166443,-0.11680144816637039,-0.7229045033454895,-0.2181800752878189,-0.31695687770843506,-0.956745445728302,-0.06442753225564957,-0.39214035868644714,-1.3375614881515503,-0.16600364446640015,-0.46644988656044006,-1.595105528831482,-0.1920662224292755,-0.5145547389984131,-1.8187881708145142,-0.17876379191875458
0.0,0.0,0.0,0.31948956847190857,-0.17975696921348572,-0.2008609175682068,0.4631251096725464,-0.536798357963562,-0.27616119384765625,0.2993059456348419,-0.8488240242004395,-0.34609612822532654,0.04708584398031235,-0.9855312705039978,-0.3697929382324219,0.41301998496055603,-0.9585899710655212,-0.06956932693719864,0.39450040459632874,-1.2444586753845215,-0.26961448788642883,0.28000184893608093,-0.9672746658325195,-0.3569675087928772,0.26213303208351135,-0.7817452549934387,-0.3676498234272003,0.14048364758491516,-0.9889281988143921,-0.04780625179409981,0.13057877123355865,-1.2594796419143677,-0.298408567905426,0.0524975024163723,-0.9258503317832947,-0.37309086322784424,0.06186670809984207,-0.7458236813545227,-0.3463817834854126,-0.11134011298418045,-0.9754229784011841,-0.06708234548568726,-0.16775141656398773,-1.2017452716827393,-0.31696614623069763,-0.169503316283226,-0.8838866353034973,-0.34082549810409546,-0.12558811902999878,-0.6560238003730774,-0.26759034395217896,-0.338625431060791,-0.93510502576828,-0.10110073536634445,-0.4292578399181366,-1.2743600606918335,-0.21421195566654205,-0.5217874646186829,-1.4890689849853516,-0.2352280169725418,-0.5775498151779175,-1.6814600229263306,-0.21256795525550842
0.0,0.0,0.0,0.29137691855430603,-0.16596604883670807,-0.19946110248565674,0.42915117740631104,-0.5108407735824585,-0.2885603606700897,0.28662264347076416,-0.8204038739204407,-0.37147602438926697,0.03666786476969719,-0.9648325443267822,-0.40922075510025024,0.395805686712265,-0.9585520029067993,-0.10234946012496948,0.3887772262096405,-1.2336617708206177,-0.2870802879333496,0.28722691535949707,-0.9602850079536438,-0.3614994287490845,0.2750754654407501,-0.785958468914032,-0.37112540006637573,0.1297578066587448,-0.9877816438674927,-0.08631489425897598,0.12732195854187012,-1.2449530363082886,-0.318909615278244,0.06555083394050598,-0.913064181804657,-0.3799404501914978,0.07746195048093796,-0.7524421215057373,-0.35299330949783325,-0.1187712699174881,-0.9650227427482605,-0.1070527583360672,-0.16758236289024353,-1.1876602172851562,-0.3408697247505188,-0.16096389293670654,-0.8560788631439209,-0.3500833511352539,-0.12407831847667694,-0.6259323358535767,-0.27618059515953064,-0.34161341190338135,-0.9132583737373352,-0.14289012551307678,-0.4510899484157562,-1.2573179006576538,-0.2531900703907013,-0.5390832424163818,-1.4748636484146118,-0.26993539929389954,-0.5927422642707825,-1.6834386587142944,-0.249078169465065
0.0,0.0,0.0,0.2780774235725403,-0.15916182100772858,-0.20454531908035278,0.4391557574272156,-0.4771312475204468,-0.29740390181541443,0.30303311347961426,-0.7674327492713928,-0.38207823038101196,0.06352996081113815,-0.902904212474823,-0.41841745376586914,0.37290623784065247,-0.9662622809410095,-0.11134685575962067,0.37259671092033386,-1.2058141231536865,-0.282422810792923,0.2842709422111511,-0.9027155637741089,-0.3444857895374298,0.2796180844306946,-0.7608387470245361,-0.35174575448036194,0.1042194589972496,-0.989910900592804,-0.09599293768405914,0.11830032616853714,-1.2200082540512085,-0.3206312954425812,0.06829347461462021,-0.8613462448120117,-0.371303915977478,0.0793769359588623,-0.7105652689933777,-0.3399134874343872,-0.14088089764118195,-0.9639320373535156,-0.11610756069421768,-0.17448870837688446,-1.1696405410766602,-0.3403279483318329,-0.162630096077919,-0.8270454406738281,-0.33748719096183777,-0.13034334778785706,-0.6084487438201904,-0.25807902216911316,-0.3591174781322479,-0.9086674451828003,-0.15227511525154114,-0.4681757092475891,-1.2459975481033325,-0.2554379105567932,-0.5547261834144592,-1.4470294713974,-0.2619054615497589,-0.6138678789138794,-1.6494545936584473,-0.23303352296352386
0.0,0.0,0.0,0.2931053042411804,-0.1787731945514679,-0.19345597922801971,0.4309113621711731,-0.5141353011131287,-0.2819560468196869,0.28583356738090515,-0.8042944669723511,-0.3654806911945343,0.035229578614234924,-0.9219976663589478,-0.4040677845478058,0.37526440620422363,-0.9705316424369812,-0.08898034691810608,0.366958886384964,-1.2132021188735962,-0.2598896026611328,0.2726916968822479,-0.9278435707092285,-0.3290872275829315,0.26204031705856323,-0.7710596323013306,-0.34021344780921936,0.1087326779961586,-0.9910257458686829,-0.077751025557518,0.11105024814605713,-1.2336441278457642,-0.2977767884731293,0.05417221784591675,-0.8884492516517639,-0.35364577174186707,0.05932546406984329,-0.7284227609634399,-0.3256881833076477,-0.138258695602417,-0.9629653692245483,-0.1024460420012474,-0.17269930243492126,-1.1737968921661377,-0.3238329291343689,-0.161296546459198,-0.8402391076087952,-0.32930701971054077,-0.13186849653720856,-0.618937075138092,-0.25576043128967285,-0.3576437532901764,-0.9067291617393494,-0.14215423166751862,-0.47324028611183167,-1.239377737045288,-0.23982025682926178,-0.5591554045677185,-1.44437575340271,-0.24844396114349365,-0.6178199052810669,-1.6487184762954712,-0.22363406419754028
0.0,0.0,0.0,0.32081955671310425,-0.16613507270812988,-0.1767004281282425,0.49179989099502563,-0.49144476652145386,-0.25726890563964844,0.3643738031387329,-0.8057094216346741,-0.33619359135627747,0.13380801677703857,-0.9619952440261841,-0.3733937740325928,0.41582968831062317,-0.9531895518302917,-0.08751460909843445,0.453136146068573,-1.2345483303070068,-0.26148778200149536,0.33980488777160645,-0.9583590626716614,-0.3322359025478363,0.3043370544910431,-0.7661020755767822,-0.3393464684486389,0.14955022931098938,-0.9856089353561401,-0.07880216091871262,0.17655229568481445,-1.251907229423523,-0.2995956540107727,0.11052072048187256,-0.918191134929657,-0.35600021481513977,0.10555019974708557,-0.7186300754547119,-0.3256257474422455,-0.10065258294343948,-0.9717206954956055,-0.1036074087023735,-0.10789912194013596,-1.1996879577636719,-0.318613201379776,-0.10535025596618652,-0.8725365996360779,-0.31833723187446594,-0.08757884055376053,-0.6319777369499207,-0.2407408505678177,-0.33011648058891296,-0.9267243146896362,-0.14240799844264984,-0.42524299025535583,-1.283703327178955,-0.24317815899848938,-0.5067263245582581,-1.5047928094863892,-0.25120386481285095,-0.5633516907691956,-1.7145322561264038,-0.2232145220041275
0.0,0.0,0.0,0.320874959230423,-0.16249649226665497,-0.1604931652545929,0.49959254264831543,-0.5193414092063904,-0.22510536015033722,0.39008402824401855,-0.8466669321060181,-0.2908587157726288,0.14684800803661346,-0.9829698801040649,-0.3145134150981903,0.42294976115226746,-0.9523395895957947,-0.05515563115477562,0.45716121792793274,-1.2349944114685059,-0.21368861198425293,0.37335440516471863,-0.952186644077301,-0.2768234610557556,0.3487134277820587,-0.7786581516265869,-0.28324437141418457,0.16735689342021942,-0.9844762086868286,-0.05289900302886963,0.18658316135406494,-1.2460150718688965,-0.25904861092567444,0.14607064425945282,-0.909492552280426,-0.3119467496871948,0.14189444482326508,-0.7268511056900024,-0.2837771475315094,-0.07512333989143372,-0.9684685468673706,-0.08391658216714859,-0.09307742863893509,-1.2129114866256714,-0.2848910987377167,-0.07104943692684174,-0.8901548981666565,-0.28367531299591064,-0.051985614001750946,-0.6583046913146973,-0.21121689677238464,-0.30096563696861267,-0.92811518907547,-0.12861181795597076,-0.3895885646343231,-1.2755814790725708,-0.2205350697040558,-0.4567357003688812,-1.4980719089508057,-0.23120857775211334,-0.5095100998878479,-1.71322762966156,-0.20985187590122223
0.0,0.0,0.0,0.3212822377681732,-0.17707635462284088,-0.11977502703666687,0.5039750933647156,-0.5358388423919678,-0.15741240978240967,0.40300413966178894,-0.8433780670166016,-0.19810305535793304,0.19041743874549866,-0.977002739906311,-0.2328885793685913,0.44824373722076416,-0.94352126121521,-0.03392781689763069,0.5486093759536743,-1.2378748655319214,-0.10851850360631943,0.5939191579818726,-1.4141266345977783,-0.13751579821109772,0.6232509613037109,-1.571144461631775,-0.15050753951072693,0.19352982938289642,-0.9802033305168152,-0.04180467873811722,0.22243492305278778,-1.2233537435531616,-0.23981602489948273,0.182367205619812,-0.9128477573394775,-0.30658960342407227,0.154556006193161,-0.679959774017334,-0.28409311175346375,-0.05221669003367424,-0.9673319458961487,-0.0638556256890297,-0.05366184934973717,-1.182545781135559,-0.2763056755065918,-0.039838746190071106,-0.8766879439353943,-0.28760194778442383,-0.032557256519794464,-0.6395081281661987,-0.21791374683380127,-0.2897808253765106,-0.9222675561904907,-0.0915515273809433,-0.37260669469833374,-1.2703182697296143,-0.20323236286640167,-0.41917452216148376,-1.4861036539077759,-0.2139328122138977,-0.44773319363594055,-1.6956844329833984,-0.19063059985637665
0.0,0.0,0.0,0.334707647562027,-0.16188634932041168,-0.1255713552236557,0.5474779605865479,-0.5037426352500916,-0.1679140031337738,0.4917282164096832,-0.8298047780990601,-0.21335726976394653,0.2711455523967743,-0.9893850088119507,-0.25603246688842773,0.4720509648323059,-0.9303103089332581,-0.03171297535300255,0.5721121430397034,-1.2218890190124512,-0.10890176892280579,0.6100113391876221,-1.3958059549331665,-0.14263632893562317,0.6318269371986389,-1.5600745677947998,-0.15889151394367218,0.22408190369606018,-0.9737279415130615,-0.04051155969500542,0.2617480754852295,-1.2301249504089355,-0.24013227224349976,0.2346389889717102,-0.9304053783416748,-0.3120621144771576,0.20568588376045227,-0.7000911235809326,-0.2924407124519348,-0.020951775833964348,-0.9647263884544373,-0.06331250071525574,-0.010764727368950844,-1.1869245767593384,-0.27517345547676086,0.015037212520837784,-0.8745208382606506,-0.2833501100540161,0.02598811686038971,-0.6350502967834473,-0.2118007391691208,-0.2668500244617462,-0.9212468862533569,-0.09248071163892746,-0.3285973370075226,-1.253612756729126,-0.19273753464221954,-0.3281137943267822,-1.4479845762252808,-0.19158704578876495,-0.30962878465652466,-1.643011450767517,-0.1622960865497589
0.0,0.0,0.0,0.3409370481967926,-0.14883317053318024,-0.1157039925456047,0.5752580165863037,-0.4929143488407135,-0.15406188368797302,0.5224718451499939,-0.8289011716842651,-0.19926562905311584,0.2998979985713959,-0.9936597943305969,-0.24136687815189362,0.46288734674453735,-0.9321721792221069,-0.021162593737244606,0.5428737998008728,-1.2437069416046143,-0.10156925767660141,0.5974961519241333,-1.4029359817504883,-0.13261455297470093,0.6526442170143127,-1.546355128288269,-0.1430547833442688,0.22282962501049042,-0.9743531346321106,-0.03135063871741295,0.28159672021865845,-1.2247812747955322,-0.2321784347295761,0.2609153687953949,-0.9186182618141174,-0.30242040753364563,0.23843450844287872,-0.6932885050773621,-0.2815261781215668,-0.016898661851882935,-0.9734399318695068,-0.05622045695781708,0.014725240878760815,-1.215654730796814,-0.2690417170524597,0.03986280411481857,-0.8984484672546387,-0.2780599892139435,0.04601753503084183,-0.6546254754066467,-0.20676234364509583,-0.26243191957473755,-0.9411691427230835,-0.08694493770599365,-0.3212265968322754,-1.2912476062774658,-0.19585077464580536,-0.32976898550987244,-1.5049842596054077,-0.2058766633272171,-0.32418006658554077,-1.7149763107299805,-0.18306180834770203
0.0,0.0,0.0,0.35255151987075806,-0.1406612992286682,-0.12496881186962128,0.5924413800239563,-0.48769867420196533,-0.1679661124944687,0.560248851776123,-0.8317208886146545,-0.21913911402225494,0.34469345211982727,-0.9892986416816711,-0.23587454855442047,0.47057291865348816,-0.9244461059570312,-0.016707761213183403,0.5770671367645264,-1.2074092626571655,-0.1591690480709076,0.49875301122665405,-0.9429730176925659,-0.20706625282764435,0.4533669650554657,-0.7863010764122009,-0.2023404985666275,0.2393171638250351,-0.970497727394104,-0.029350226745009422,0.3160356283187866,-1.2304363250732422,-0.22961309552192688,0.2769200801849365,-0.8926563858985901,-0.2807537019252777,0.25190529227256775,-0.7102858424186707,-0.24935853481292725,0.0019485136726871133,-0.9734171628952026,-0.07154404371976852,0.04708374664187431,-1.234609603881836,-0.27325427532196045,0.08788679540157318,-0.9056775569915771,-0.2760455310344696,0.1015552431344986,-0.6852636933326721,-0.20415832102298737,-0.23527942597866058,-0.9527328014373779,-0.12263885885477066,-0.2929716408252716,-1.3118232488632202,-0.21230275928974152,-0.3101535141468048,-1.5302200317382812,-0.22063210606575012,-0.31791362166404724,-1.760697603225708,-0.19787371158599854
0.0,0.0,0.0,0.37901052832603455,-0.13507002592086792,-0.10986214131116867,0.6294845938682556,-0.4846213161945343,-0.14481262862682343,0.6202712655067444,-0.8349291682243347,-0.18985615670681,0.40190446376800537,-0.995980441570282,-0.20480959117412567,0.5120900869369507,-0.9033625721931458,-0.01285362709313631,0.6280102729797363,-1.187946081161499,-0.15204276144504547,0.5351763367652893,-0.9191253781318665,-0.20402340590953827,0.4774009585380554,-0.7378193736076355,-0.20207928121089935,0.27705588936805725,-0.9604093432426453,-0.029220616444945335,0.36120930314064026,-1.233010172843933,-0.22114144265651703,0.31321364641189575,-0.8961235284805298,-0.2722003161907196,0.28425663709640503,-0.6901407241821289,-0.24314935505390167,0.030627254396677017,-0.9733240604400635,-0.07299189269542694,0.09188675135374069,-1.235459804534912,-0.2616209387779236,0.1266164630651474,-0.910401463508606,-0.26404839754104614,0.13412857055664062,-0.67628413438797,-0.19613921642303467,-0.21642829477787018,-0.9587315917015076,-0.12482690811157227,-0.2594911754131317,-1.328546404838562,-0.20825377106666565,-0.2704688608646393,-1.558933138847351,-0.21666821837425232,-0.2711923122406006,-1.7909717559814453,-0.1969539374113083
0.0,0.0,0.0,0.3660431504249573,-0.1291166990995407,-0.10529126226902008,0.632310152053833,-0.4609544277191162,-0.14389333128929138,0.649926483631134,-0.8040087819099426,-0.1947207897901535,0.42989397048950195,-0.9798134565353394,-0.21969619393348694,0.5356149077415466,-0.8928048610687256,-0.004289423115551472,0.6526677012443542,-1.138697624206543,-0.15232932567596436,0.5794930458068848,-0.8688790798187256,-0.21681010723114014,0.5226076245307922,-0.6954580545425415,-0.21996262669563293,0.3029439449310303,-0.952711284160614,-0.02379528619349003,0.37253859639167786,-1.1900348663330078,-0.2223196029663086,0.3566232919692993,-0.8503010272979736,-0.27987140417099,0.34061479568481445,-0.6486996412277222,-0.25334712862968445,0.053936172276735306,-0.9652448892593384,-0.07177112996578217,0.12128159403800964,-1.1805521249771118,-0.26918020844459534,0.16783051192760468,-0.8437411785125732,-0.2791177034378052,0.17063893377780914,-0.614937424659729,-0.2114788144826889,-0.1943494975566864,-0.9476801156997681,-0.12657546997070312,-0.22543416917324066,-1.3187958002090454,-0.21312718093395233,-0.21822760999202728,-1.550787329673767,-0.22081923484802246,-0.20668980479240417,-1.779951572418213,-0.19717083871364594
0.0,0.0,0.0,0.37178167700767517,-0.10771393030881882,-0.10863863676786423,0.6512060165405273,-0.4301609396934509,-0.1491129994392395,0.7180090546607971,-0.7650773525238037,-0.20499306917190552,0.542328953742981,-0.9706312417984009,-0.23306849598884583,0.5596556067466736,-0.8830666542053223,-0.0009230806026607752,0.6821246147155762,-1.1517683267593384,-0.15818224847316742,0.6159461736679077,-0.8887870907783508,-0.22596018016338348,0.565762460231781,-0.7087178826332092,-0.22960816323757172,0.341196745634079,-0.939727246761322,-0.02230384573340416,0.43252918124198914,-1.1810007095336914,-0.23661726713180542,0.4136715233325958,-0.8479393124580383,-0.3041715919971466,0.3960232734680176,-0.646049976348877,-0.28256383538246155,0.10092578828334808,-0.9567572474479675,-0.07412411272525787,0.19043698906898499,-1.2085827589035034,-0.2845849096775055,0.2305433303117752,-0.8662132620811462,-0.29618939757347107,0.23246251046657562,-0.6233878135681152,-0.22837702929973602,-0.14340786635875702,-0.9476060271263123,-0.13438671827316284,-0.17181436717510223,-1.31780207157135,-0.23523730039596558,-0.15993858873844147,-1.5533573627471924,-0.255510151386261,-0.13383693993091583,-1.7892210483551025,-0.24015799164772034
0.0,0.0,0.0,0.36037442088127136,-0.12239160388708115,-0.09749733656644821,0.6180171370506287,-0.4534115791320801,-0.12921230494976044,0.6324419379234314,-0.787696361541748,-0.17464308440685272,0.4499789774417877,-0.9929406642913818,-0.20037315785884857,0.49763399362564087,-0.9272300601005554,0.01232379674911499,0.5846368074417114,-1.174800157546997,-0.13520455360412598,0.5635058283805847,-0.9148718118667603,-0.21500371396541595,0.5278041958808899,-0.7015793919563293,-0.22473929822444916,0.27388933300971985,-0.961739718914032,-0.006437479984015226,0.3420927822589874,-1.1958900690078735,-0.19453410804271698,0.3563932776451111,-0.8778157234191895,-0.27447786927223206,0.34292900562286377,-0.6402071714401245,-0.2663062512874603,0.02684829942882061,-0.9572204351425171,-0.05255984887480736,0.11116581410169601,-1.1866440773010254,-0.24554802477359772,0.16709087789058685,-0.8733208775520325,-0.27551203966140747,0.1756027340888977,-0.6227681636810303,-0.22403991222381592,-0.2257148176431656,-0.9186505079269409,-0.1038646399974823,-0.27228713035583496,-1.290823221206665,-0.1943216323852539,-0.2777271568775177,-1.5308529138565063,-0.21182669699192047,-0.26625382900238037,-1.748494029045105,-0.19539481401443481
0.0,0.0,0.0,0.3760068714618683,-0.1410413682460785,-0.10706564784049988,0.6212031841278076,-0.470771461725235,-0.14079105854034424,0.6364631652832031,-0.8118370175361633,-0.18811281025409698,0.49603718519210815,-1.042065978050232,-0.2099476009607315,0.5285294651985168,-0.8958116769790649,0.03296459838747978,0.6356129050254822,-1.1734083890914917,-0.10585610568523407,0.5964515209197998,-0.9602223634719849,-0.17529526352882385,0.569420337677002,-0.7904723286628723,-0.18245339393615723,0.3078048527240753,-0.9512635469436646,0.01880933716893196,0.3986572325229645,-1.2257493734359741,-0.1622713804244995,0.38688036799430847,-0.9479030966758728,-0.23775458335876465,0.3649540841579437,-0.7618664503097534,-0.2287302017211914,0.07399643212556839,-0.9678595066070557,-0.025340178981423378,0.14364589750766754,-1.2264431715011597,-0.2109302133321762,0.1939072459936142,-0.9246205687522888,-0.2322724610567093,0.19976770877838135,-0.692226767539978,-0.17748351395130157,-0.1656092256307602,-0.9530830383300781,-0.07736185193061829,-0.20100480318069458,-1.3179210424423218,-0.16127704083919525,-0.19097036123275757,-1.5481456518173218,-0.17472895979881287,-0.17326663434505463,-1.7744650840759277,-0.15770116448402405
0.0,0.0,0.0,0.37744271755218506,-0.1262386590242386,-0.11978645622730255,0.6326236724853516,-0.46875661611557007,-0.15877869725227356,0.6401315927505493,-0.8384257555007935,-0.20776930451393127,0.4694458246231079,-1.0793871879577637,-0.23110419511795044,0.53681880235672,-0.8815038204193115,0.01758008822798729,0.6311579346656799,-1.168656587600708,-0.11584506183862686,0.5819610953330994,-0.954124927520752,-0.18316633999347687,0.5540927648544312,-0.775286078453064,-0.19332660734653473,0.30921247601509094,-0.9509251117706299,0.011364003643393517,0.39780497550964355,-1.2378873825073242,-0.16663235425949097,0.37006881833076477,-0.9603568911552429,-0.24101267755031586,0.34244969487190247,-0.7645700573921204,-0.23352350294589996,0.06924325972795486,-0.9781319499015808,-0.024162501096725464,0.13096268475055695,-1.2714228630065918,-0.20586012303829193,0.16964884102344513,-0.9733849167823792,-0.22511625289916992,0.17258064448833466,-0.7267467379570007,-0.17277829349040985,-0.1781744509935379,-0.9703808426856995,-0.06885454803705215,-0.21963050961494446,-1.3310911655426025,-0.15898218750953674,-0.21907204389572144,-1.5708301067352295,-0.1805354207754135,-0.20554478466510773,-1.805537223815918,-0.1712925285100937
0.0,0.0,0.0,0.35437554121017456,-0.12813548743724823,-0.12618550658226013,0.5865914821624756,-0.4835958182811737,-0.1702265739440918,0.5872381329536438,-0.8523566722869873,-0.22101500630378723,0.42349326610565186,-1.0840483903884888,-0.24224962294101715,0.5281731486320496,-0.8910680413246155,0.0037840409204363823,0.6293166279792786,-1.205741286277771,-0.1357467919588089,0.5571900606155396,-1.0208752155303955,-0.2036294937133789,0.49579477310180664,-0.8407993912696838,-0.21082471311092377,0.2926394045352936,-0.956222414970398,0.000873766141012311,0.3703444302082062,-1.2704119682312012,-0.17656445503234863,0.3338499367237091,-1.0092213153839111,-0.2457461655139923,0.30344268679618835,-0.8253933191299438,-0.23346203565597534,0.052484530955553055,-0.9776915311813354,-0.03194506838917732,0.08160781115293503,-1.2875326871871948,-0.20561060309410095,0.1204121857881546,-1.0107414722442627,-0.21947845816612244,0.13031980395317078,-0.7743059992790222,-0.16542743146419525,-0.19306904077529907,-0.9636378288269043,-0.07564131915569305,-0.2534072697162628,-1.3224493265151978,-0.15968957543373108,-0.27259522676467896,-1.5630069971084595,-0.17793786525726318,-0.2779856324195862,-1.7981810569763184,-0.16700682044029236
0.0,0.0,0.0,0.3925119638442993,-0.12108907848596573,-0.10482046753168106,0.6565262675285339,-0.4680469036102295,-0.129940465092659,0.6486033797264099,-0.8495691418647766,-0.1662430763244629,0.45508846640586853,-1.0652908086776733,-0.18035785853862762,0.546077311038971,-0.8779716491699219,0.027508597820997238,0.6558017730712891,-1.1913669109344482,-0.09342248737812042,0.5837052464485168,-0.9861881136894226,-0.15786848962306976,0.527004599571228,-0.7981815338134766,-0.1677289754152298,0.31688085198402405,-0.948276937007904,0.018902713432908058,0.39921286702156067,-1.2745647430419922,-0.14952103793621063,0.3661564588546753,-1.0228594541549683,-0.23072440922260284,0.3246285617351532,-0.8087822198867798,-0.2289186269044876,0.07780809700489044,-0.9786944389343262,-0.01521002035588026,0.12257520854473114,-1.2993649244308472,-0.18834298849105835,0.14699263870716095,-1.0169411897659302,-0.21945418417453766,0.1381196677684784,-0.7597748041152954,-0.17548589408397675,-0.17099107801914215,-0.9788753986358643,-0.05620288476347923,-0.23490901291370392,-1.3478676080703735,-0.14255979657173157,-0.25565946102142334,-1.5968559980392456,-0.16877381503582,-0.2681633532047272,-1.8320368528366089,-0.1634342521429062
0.0,0.0,0.0,0.3855897784233093,-0.11129124462604523,-0.10668279975652695,0.6620782017707825,-0.4535539746284485,-0.1364801824092865,0.702237069606781,-0.8187597393989563,-0.17426049709320068,0.5096020102500916,-1.0370296239852905,-0.19010527431964874,0.5600244402885437,-0.8706944584846497,0.006633499637246132,0.696497917175293,-1.122116208076477,-0.11600816249847412,0.6229698657989502,-0.8837340474128723,-0.1820666491985321,0.5459529757499695,-0.7154974937438965,-0.19422471523284912,0.34910255670547485,-0.9370827078819275,-0.0018460083520039916,0.4584669768810272,-1.205000638961792,-0.1686449944972992,0.4353885054588318,-0.9046392440795898,-0.24157655239105225,0.38661083579063416,-0.6905481219291687,-0.23495104908943176,0.11833038181066513,-0.9601223468780518,-0.03522633761167526,0.2035624235868454,-1.2321586608886719,-0.19537325203418732,0.2535455524921417,-0.9481909275054932,-0.22146302461624146,0.24458907544612885,-0.7198216915130615,-0.18107819557189941,-0.12496408820152283,-0.9523691534996033,-0.07570961117744446,-0.17772388458251953,-1.3179737329483032,-0.15269938111305237,-0.18521015346050262,-1.5456198453903198,-0.17489288747310638,-0.1914275735616684,-1.7670629024505615,-0.1696060448884964
0.0,0.0,0.0,0.4241592586040497,-0.08489274978637695,-0.10391736775636673,0.7190296053886414,-0.4188220500946045,-0.13332253694534302,0.7941444516181946,-0.7918609380722046,-0.17304982244968414,0.5979017615318298,-1.0045535564422607,-0.19357623159885406,0.5830291509628296,-0.854573130607605,0.007494957651942968,0.7272705435752869,-1.1347434520721436,-0.11566278338432312,0.6875228881835938,-0.9003717303276062,-0.1830400973558426,0.6260709762573242,-0.7146496772766113,-0.19628436863422394,0.3751971125602722,-0.9269426465034485,-0.002092374488711357,0.4856068193912506,-1.1999306678771973,-0.1728927046060562,0.48432159423828125,-0.9039537310600281,-0.2533074617385864,0.43988314270973206,-0.685188353061676,-0.25389665365219116,0.14429384469985962,-0.9632284045219421,-0.03672923147678375,0.24421867728233337,-1.2607271671295166,-0.20436260104179382,0.317216157913208,-0.9778379201889038,-0.24270084500312805,0.31437987089157104,-0.73537278175354,-0.21136130392551422,-0.0985817238688469,-0.9705010652542114,-0.0778765007853508,-0.15965066850185394,-1.3538025617599487,-0.16683797538280487,-0.15335135161876678,-1.6034893989562988,-0.2061426192522049,-0.146723672747612,-1.8386163711547852,-0.21436423063278198
0.0,0.0,0.0,0.42807525396347046,-0.08082791417837143,-0.10835380107164383,0.7417730689048767,-0.4230538308620453,-0.13358810544013977,0.8109824061393738,-0.8041808605194092,-0.1683732122182846,0.6212679743766785,-1.0192933082580566,-0.18760311603546143,0.5700260996818542,-0.8551610708236694,0.011007783934473991,0.7224069237709045,-1.1398499011993408,-0.1053035780787468,0.6995501518249512,-0.921026885509491,-0.1730916053056717,0.6522279977798462,-0.7288691401481628,-0.18817788362503052,0.3651201128959656,-0.9309521913528442,0.003916226327419281,0.5112815499305725,-1.2334376573562622,-0.16203418374061584,0.5012252330780029,-0.9461658000946045,-0.247531458735466,0.4480433762073517,-0.7043564915657043,-0.2509888708591461,0.1354106366634369,-0.9729684591293335,-0.02834782563149929,0.2677574157714844,-1.2920140027999878,-0.19360482692718506,0.31107237935066223,-1.014337420463562,-0.24037478864192963,0.2882489264011383,-0.7560571432113647,-0.21443864703178406,-0.11218474060297012,-0.9847442507743835,-0.06758885085582733,-0.18017402291297913,-1.3728234767913818,-0.15581680834293365,-0.1800377517938614,-1.6277832984924316,-0.2001814842224121,-0.17459365725517273,-1.8549103736877441,-0.21335935592651367
0.0,0.0,0.0,0.42953354120254517,-0.09791842848062515,-0.10548509657382965,0.7334362268447876,-0.4315987825393677,-0.13223884999752045,0.8306870460510254,-0.8047136664390564,-0.17121581733226776,0.6767606139183044,-1.047385573387146,-0.19318993389606476,0.5840557217597961,-0.8392999172210693,0.033376049250364304,0.7601428627967834,-1.1222782135009766,-0.08741548657417297,0.7212342619895935,-0.9130680561065674,-0.1605638712644577,0.6435821056365967,-0.722834050655365,-0.17691917717456818,0.3797151744365692,-0.9247928261756897,0.02397216483950615,0.539167046546936,-1.2323651313781738,-0.1418953388929367,0.5157270431518555,-0.9573442339897156,-0.23088042438030243,0.44662532210350037,-0.7193713784217834,-0.2352973371744156,0.15006452798843384,-0.9726005792617798,-0.012429781258106232,0.29126664996147156,-1.292994737625122,-0.17386716604232788,0.3284725546836853,-1.031453251838684,-0.21832597255706787,0.29598525166511536,-0.7819195985794067,-0.19074393808841705,-0.09844605624675751,-0.9877800345420837,-0.05623997002840042,-0.16621744632720947,-1.3682525157928467,-0.14256168901920319,-0.1676219254732132,-1.618642807006836,-0.18286801874637604,-0.1617986261844635,-1.843833565711975,-0.1913709193468094
0.0,0.0,0.0,0.38791507482528687,-0.10438276827335358,-0.10277942568063736,0.6680159568786621,-0.4332709312438965,-0.13692322373390198,0.7451732158660889,-0.7941677570343018,-0.1813749521970749,0.6178328990936279,-1.0517698526382446,-0.2040925770998001,0.5924103260040283,-0.8427684903144836,0.01776476763188839,0.7426071166992188,-1.1525651216506958,-0.11497454345226288,0.7049383521080017,-0.9375085234642029,-0.1949080377817154,0.6403427720069885,-0.7230153679847717,-0.2113243192434311,0.3819010555744171,-0.9241766333580017,0.007001160643994808,0.5111966133117676,-1.2447036504745483,-0.14943040907382965,0.506291389465332,-0.9814472198486328,-0.23478053510189056,0.465609073638916,-0.759341835975647,-0.24486039578914642,0.14236295223236084,-0.9639791250228882,-0.031274642795324326,0.24881915748119354,-1.2926923036575317,-0.18497061729431152,0.3026464879512787,-1.0315027236938477,-0.22884297370910645,0.2933728098869324,-0.7861202359199524,-0.20830978453159332,-0.10865402221679688,-0.9702368974685669,-0.07718465477228165,-0.1851550042629242,-1.3516772985458374,-0.16095605492591858,-0.20699191093444824,-1.610091209411621,-0.2031082659959793,-0.22744446992874146,-1.845192790031433,-0.21678897738456726
0.0,0.0,0.0,0.4021452069282532,-0.11416050791740417,-0.09095115959644318,0.6777108907699585,-0.457220196723938,-0.11528363078832626,0.7440487742424011,-0.8290345072746277,-0.15126901865005493,0.6200966835021973,-1.0704411268234253,-0.165455624461174,0.61085444688797,-0.8468738794326782,0.015118707902729511,0.7665576338768005,-1.1715033054351807,-0.10479865223169327,0.6974530816078186,-0.9702669978141785,-0.17410893738269806,0.6268889307975769,-0.7715655565261841,-0.19021566212177277,0.3886771500110626,-0.9213709831237793,-0.0023917723447084427,0.5129711031913757,-1.260176658630371,-0.15869039297103882,0.4833802282810211,-1.0215106010437012,-0.24012133479118347,0.4351189434528351,-0.8051294088363647,-0.25051748752593994,0.14590811729431152,-0.9629752039909363,-0.04441649839282036,0.23085467517375946,-1.3140727281570435,-0.19406156241893768,0.27744653820991516,-1.0769999027252197,-0.23578380048274994,0.27855807542800903,-0.8405920267105103,-0.21796023845672607,-0.10349849611520767,-0.9737576246261597,-0.09366650134325027,-0.18488667905330658,-1.3572453260421753,-0.17092877626419067,-0.2062782198190689,-1.6150765419006348,-0.209848552942276,-0.21745799481868744,-1.8493345975875854,-0.22544631361961365
0.0,0.0,0.0,0.42465177178382874,-0.07581192255020142,-0.1064319834113121,0.7190219163894653,-0.44879794120788574,-0.12317046523094177,0.7685898542404175,-0.8565633296966553,-0.14621444046497345,0.6133674383163452,-1.0918364524841309,-0.14497557282447815,0.6267144083976746,-0.8242483735084534,0.012842145748436451,0.7904118895530701,-1.164304256439209,-0.09087241441011429,0.7131531834602356,-0.9627670645713806,-0.14487957954406738,0.6409383416175842,-0.7777882218360901,-0.15635107457637787,0.4088906943798065,-0.9125571846961975,0.00691152922809124,0.5375164747238159,-1.2661235332489014,-0.14310312271118164,0.5024864673614502,-1.0387461185455322,-0.21993085741996765,0.45789992809295654,-0.8395607471466064,-0.2261406034231186,0.16724056005477905,-0.9619583487510681,-0.024287158623337746,0.2503748834133148,-1.3191360235214233,-0.1745959371328354,0.3003809452056885,-1.0864149332046509,-0.22086156904697418,0.30407869815826416,-0.8560607433319092,-0.20422787964344025,-0.08428317308425903,-0.9821588397026062,-0.06327233463525772,-0.16550542414188385,-1.368593454360962,-0.14683771133422852,-0.18981625139713287,-1.6313269138336182,-0.19457584619522095,-0.20633749663829803,-1.8699642419815063,-0.21600398421287537
0.0,0.0,0.0,0.4443381130695343,-0.10709225386381149,-0.0794462263584137,0.7215257883071899,-0.46678271889686584,-0.09196662157773972,0.7658198475837708,-0.8605625629425049,-0.11697704344987869,0.6290582418441772,-1.1045781373977661,-0.12423057109117508,0.6150889992713928,-0.8310166597366333,0.035942427814006805,0.7795181274414062,-1.1661489009857178,-0.07387599349021912,0.7162504196166992,-0.9773160219192505,-0.14302650094032288,0.6381343007087708,-0.7766693234443665,-0.1601087898015976,0.393514484167099,-0.9190916419029236,0.020414242520928383,0.5405232906341553,-1.28952956199646,-0.1307017207145691,0.5138970017433167,-1.0523195266723633,-0.2188621461391449,0.456251859664917,-0.8150845170021057,-0.23020359873771667,0.1512894183397293,-0.9731317758560181,-0.017181022092700005,0.2395351529121399,-1.340498924255371,-0.15840056538581848,0.2892487943172455,-1.112091302871704,-0.2089906930923462,0.28620728850364685,-0.869708240032196,-0.19609056413173676,-0.1035112589597702,-0.9944419860839844,-0.059976693242788315,-0.18896934390068054,-1.3933366537094116,-0.1309438943862915,-0.20367152988910675,-1.6619279384613037,-0.17164824903011322,-0.2116880565881729,-1.8995124101638794,-0.189145028591156
0.0,0.0,0.0,0.46161773800849915,-0.081917904317379,-0.10632411390542984,0.7689304351806641,-0.4311467707157135,-0.13157188892364502,0.8028586506843567,-0.8503859639167786,-0.16296494007110596,0.6207231879234314,-1.0936846733093262,-0.17336377501487732,0.6525288820266724,-0.8046827912330627,0.00402412423864007,0.8399321436882019,-1.1455483436584473,-0.11105397343635559,0.7413176894187927,-0.9385395646095276,-0.1730988472700119,0.6567502617835999,-0.752678632736206,-0.18761825561523438,0.428449422121048,-0.9035615921020508,-0.0027200772892683744,0.5908450484275818,-1.2751215696334839,-0.15912452340126038,0.5313113331794739,-1.0245063304901123,-0.23688966035842896,0.4708791971206665,-0.8042774200439453,-0.2401532232761383,0.18177692592144012,-0.9615693092346191,-0.03325529024004936,0.2879161834716797,-1.3204840421676636,-0.18610616028308868,0.32087117433547974,-1.0722014904022217,-0.22546230256557465,0.31020551919937134,-0.829909086227417,-0.20163413882255554,-0.08027561753988266,-0.9892148971557617,-0.07047709077596664,-0.1616889089345932,-1.3845293521881104,-0.1498422771692276,-0.17156144976615906,-1.6468603610992432,-0.18808139860630035,-0.17057223618030548,-1.8841532468795776,-0.20175155997276306
0.0,0.0,0.0,0.42014598846435547,-0.06719107180833817,-0.11627047508955002,0.7204602360725403,-0.41894498467445374,-0.14717313647270203,0.7925965785980225,-0.8140214085578918,-0.18397259712219238,0.645698070526123,-1.0752290487289429,-0.1977858543395996,0.6196311712265015,-0.8244259357452393,-0.013465052470564842,0.775386393070221,-1.1461009979248047,-0.13879701495170593,0.7137454152107239,-0.9184541702270508,-0.19939866662025452,0.6431743502616882,-0.723869800567627,-0.2065276801586151,0.3995308578014374,-0.9165418744087219,-0.01805790141224861,0.5378203392028809,-1.2424784898757935,-0.19019567966461182,0.506800651550293,-0.9685923457145691,-0.26833781599998474,0.44683974981307983,-0.7467769980430603,-0.2661621868610382,0.15695829689502716,-0.9663138389587402,-0.04783026874065399,0.2608243227005005,-1.2921565771102905,-0.21099422872066498,0.30940940976142883,-1.028244972229004,-0.2441503256559372,0.30126577615737915,-0.7907248139381409,-0.2116219699382782,-0.09598133713006973,-0.981624960899353,-0.0855158194899559,-0.16632825136184692,-1.3711289167404175,-0.16792026162147522,-0.15734517574310303,-1.6279577016830444,-0.20133695006370544,-0.14081209897994995,-1.8636442422866821,-0.20802170038223267
0.0,0.0,0.0,0.4479128122329712,-0.11314906179904938,-0.09831855446100235,0.7464954853057861,-0.44257351756095886,-0.1288168728351593,0.7890238165855408,-0.8200721740722656,-0.17226454615592957,0.5862283706665039,-1.0414949655532837,-0.19744117558002472,0.5986121296882629,-0.8459581732749939,0.013463519513607025,0.7693773508071899,-1.152840495109558,-0.11285173147916794,0.6911126971244812,-0.9201475977897644,-0.17732365429401398,0.6059189438819885,-0.738345742225647,-0.188308447599411,0.37858840823173523,-0.9255467653274536,-0.00584091991186142,0.5232610702514648,-1.241013765335083,-0.18582701683044434,0.4768906533718109,-0.9440571665763855,-0.2691675126552582,0.412961483001709,-0.718449592590332,-0.2681722939014435,0.13869017362594604,-0.971579372882843,-0.04956097528338432,0.25821366906166077,-1.2925770282745361,-0.22484099864959717,0.29085320234298706,-0.993291437625885,-0.25601479411125183,0.26591044664382935,-0.7316510677337646,-0.2157185673713684,-0.12143272906541824,-0.9883454442024231,-0.09947282820940018,-0.18351729214191437,-1.3786275386810303,-0.18487630784511566,-0.16008353233337402,-1.6353354454040527,-0.21462370455265045,-0.12183647602796555,-1.8771297931671143,-0.21665221452713013
0.0,0.0,0.0,0.41538530588150024,-0.11092498153448105,-0.11386942118406296,0.7187604308128357,-0.45358920097351074,-0.15066055953502655,0.7419607043266296,-0.8358519077301025,-0.19322006404399872,0.5251078605651855,-1.0389330387115479,-0.2174525111913681,0.5609022378921509,-0.8722444772720337,-0.013412969186902046,0.7133883833885193,-1.1433489322662354,-0.13871321082115173,0.6458163857460022,-0.9195232391357422,-0.19725404679775238,0.5572528839111328,-0.7482162117958069,-0.20493656396865845,0.3362278342247009,-0.9414445161819458,-0.02516026608645916,0.4698256850242615,-1.2467504739761353,-0.20068210363388062,0.42763566970825195,-0.9354868531227112,-0.26891717314720154,0.3465665578842163,-0.7038347125053406,-0.25879496335983276,0.09755858778953552,-0.9757541418075562,-0.06196105107665062,0.20236289501190186,-1.2871124744415283,-0.2408115416765213,0.2374822199344635,-0.9732058048248291,-0.2644653916358948,0.21188010275363922,-0.7100876569747925,-0.2190070003271103,-0.15769629180431366,-0.9751215577125549,-0.10560312867164612,-0.21243906021118164,-1.3539549112319946,-0.1909799575805664,-0.1801922470331192,-1.5954755544662476,-0.2163785845041275,-0.1398477554321289,-1.8258631229400635,-0.21660299599170685
0.0,0.0,0.0,0.3972107172012329,-0.1515229195356369,-0.10909838229417801,0.6666356325149536,-0.49087172746658325,-0.15116578340530396,0.6587033867835999,-0.84331214427948,-0.20499321818351746,0.45632779598236084,-1.0420948266983032,-0.23768571019172668,0.5727348923683167,-0.8977482914924622,-0.00551743945106864,0.6955487728118896,-1.1577246189117432,-0.16210457682609558,0.6115097403526306,-0.9221271276473999,-0.2383197546005249,0.5272272825241089,-0.7313945293426514,-0.24656671285629272,0.3237219452857971,-0.9457809329032898,-0.026506254449486732,0.4156377911567688,-1.2136242389678955,-0.23312631249427795,0.3696819841861725,-0.892262876033783,-0.31185752153396606,0.307308167219162,-0.6525124311447144,-0.29998040199279785,0.06671224534511566,-0.9576440453529358,-0.07609884440898895,0.1309492439031601,-1.202711820602417,-0.2810289263725281,0.17234107851982117,-0.8905650973320007,-0.31036117672920227,0.17401662468910217,-0.6388376951217651,-0.25757139921188354,-0.1949540376663208,-0.9413446187973022,-0.1318860799074173,-0.2186676412820816,-1.3097032308578491,-0.21813297271728516,-0.1885051131248474,-1.5522823333740234,-0.2337363064289093,-0.14804767072200775,-1.7850964069366455,-0.22134530544281006
0.0,0.0,0.0,0.40465834736824036,-0.13445508480072021,-0.12273161858320236,0.6548218727111816,-0.48780009150505066,-0.1554093211889267,0.6552904844284058,-0.8419281840324402,-0.2029971331357956,0.4980010986328125,-1.0891927480697632,-0.22568148374557495,0.5702487826347351,-0.909610390663147,0.008253387175500393,0.6875677704811096,-1.1966396570205688,-0.17307306826114655,0.596587061882019,-0.9389824867248535,-0.2557354271411896,0.5244064927101135,-0.7136574387550354,-0.2550218105316162,0.31275612115859985,-0.9497776627540588,-0.010303936898708344,0.3990466594696045,-1.2377996444702148,-0.25758931040763855,0.35764962434768677,-0.9038362503051758,-0.35359492897987366,0.3283369243144989,-0.645278811454773,-0.3332470655441284,0.043950170278549194,-0.9508699774742126,-0.06309200823307037,0.10602645576000214,-1.155219316482544,-0.31593137979507446,0.14373013377189636,-0.8184664249420166,-0.36164066195487976,0.1635821908712387,-0.5523579716682434,-0.2940199375152588,-0.222530797123909,-0.9325422644615173,-0.1211332231760025,-0.23642891645431519,-1.3213772773742676,-0.232398122549057,-0.21904759109020233,-1.5785276889801025,-0.2532804012298584,-0.17983593046665192,-1.8136298656463623,-0.22991187870502472
0.0,0.0,0.0,0.3786293864250183,-0.15205968916416168,-0.10788457095623016,0.6146844029426575,-0.4731810986995697,-0.14707733690738678,0.6047956943511963,-0.8083298802375793,-0.2044709175825119,0.44074955582618713,-1.0376225709915161,-0.2398516833782196,0.5325566530227661,-0.9060724973678589,0.006435616407543421,0.6559537053108215,-1.1691179275512695,-0.1561274528503418,0.6007564067840576,-0.9270041584968567,-0.2296960949897766,0.5261325836181641,-0.7391033172607422,-0.2282598614692688,0.2954180836677551,-0.9553048014640808,-0.01099814660847187,0.37794435024261475,-1.1785238981246948,-0.22129742801189423,0.33212408423423767,-0.847399115562439,-0.2974856495857239,0.26731064915657043,-0.6182058453559875,-0.27631208300590515,0.05525192245841026,-0.9667807817459106,-0.05720190331339836,0.11696526408195496,-1.18319571018219,-0.2607700526714325,0.12925302982330322,-0.8450441956520081,-0.27187690138816833,0.11305645853281021,-0.5863706469535828,-0.19904254376888275,-0.1915181577205658,-0.9496096968650818,-0.11033035814762115,-0.2047158181667328,-1.2886615991592407,-0.181504487991333,-0.14784522354602814,-1.464667558670044,-0.17002733051776886,-0.07129859179258347,-1.6305047273635864,-0.12982705235481262
0.0,0.0,0.0,0.3409619629383087,-0.11294415593147278,-0.11853858828544617,0.6049266457557678,-0.4512605667114258,-0.14940626919269562,0.6095803380012512,-0.7921232581138611,-0.1910673826932907,0.44453850388526917,-1.0143578052520752,-0.20304591953754425,0.5367159247398376,-0.8943216800689697,-0.0015417143004015088,0.6651351451873779,-1.145310878753662,-0.14866803586483002,0.5807691812515259,-0.9168320298194885,-0.20396475493907928,0.5111512541770935,-0.7672839760780334,-0.1990414261817932,0.29958274960517883,-0.9540225863456726,-0.009547731839120388,0.4090685248374939,-1.20612633228302,-0.2019583135843277,0.33745434880256653,-0.9126380085945129,-0.25548461079597473,0.28653451800346375,-0.7214410305023193,-0.22163817286491394,0.05559873208403587,-0.9712247848510742,-0.04611542820930481,0.12429168820381165,-1.1929272413253784,-0.245962992310524,0.099276602268219,-0.8544164299964905,-0.24527032673358917,0.08322732150554657,-0.6012590527534485,-0.1659204214811325,-0.18831494450569153,-0.9551048278808594,-0.09047018736600876,-0.2225053310394287,-1.246395468711853,-0.17214509844779968,-0.17542845010757446,-1.3482282161712646,-0.15909580886363983,-0.0893801897764206,-1.4156750440597534,-0.11389147490262985
0.0,0.0,0.0,0.3398226201534271,-0.11688737571239471,-0.16142885386943817,0.5874268412590027,-0.4470547139644623,-0.21330860257148743,0.5900912880897522,-0.8033005595207214,-0.2726972997188568,0.4531688988208771,-1.0706781148910522,-0.2984103858470917,0.5364319682121277,-0.9041124582290649,0.005540770944207907,0.6314542889595032,-1.1657835245132446,-0.17133288085460663,0.5644710063934326,-0.9394999742507935,-0.25133016705513,0.5014930963516235,-0.7582578063011169,-0.2523266077041626,0.2978551685810089,-0.9544342160224915,0.018375582993030548,0.3698309659957886,-1.1908372640609741,-0.1958058476448059,0.3229339122772217,-0.8983274102210999,-0.27015167474746704,0.28713458776474,-0.7012966871261597,-0.24489657580852509,0.055182937532663345,-0.9609492421150208,-0.006739850156009197,0.10663669556379318,-1.1688932180404663,-0.22898343205451965,0.09033804386854172,-0.8362894654273987,-0.23973271250724792,0.07724682986736298,-0.5788372755050659,-0.16004128754138947,-0.19017140567302704,-0.9349953532218933,-0.04387184977531433,-0.20585067570209503,-1.2144794464111328,-0.13884997367858887,-0.16377542912960052,-1.3255208730697632,-0.13336209952831268,-0.09246635437011719,-1.4040193557739258,-0.08805970847606659
0.0,0.0,0.0,0.34993264079093933,-0.12572792172431946,-0.1355140060186386,0.6007921099662781,-0.47439080476760864,-0.18464630842208862,0.5878872275352478,-0.8206660151481628,-0.242928609251976,0.37573736906051636,-1.0244216918945312,-0.26546168327331543,0.5280618667602539,-0.9059484004974365,-0.025272078812122345,0.6376362442970276,-1.189672589302063,-0.1898036152124405,0.5590164661407471,-0.9207914471626282,-0.24865397810935974,0.5026618838310242,-0.7704960107803345,-0.24331271648406982,0.29778680205345154,-0.953948974609375,-0.036114875227212906,0.3807900846004486,-1.2146533727645874,-0.24649742245674133,0.34584900736808777,-0.8899978399276733,-0.301958292722702,0.31947848200798035,-0.7280800342559814,-0.2701740562915802,0.06513950228691101,-0.954429030418396,-0.07836238294839859,0.10990267992019653,-1.1849285364151,-0.28878191113471985,0.12626580893993378,-0.8304552435874939,-0.27477559447288513,0.12545117735862732,-0.6022407412528992,-0.1870637834072113,-0.1690468192100525,-0.9349773526191711,-0.13126303255558014,-0.18758070468902588,-1.2556368112564087,-0.20573659241199493,-0.1409708857536316,-1.4168775081634521,-0.18337413668632507,-0.07624934613704681,-1.5919790267944336,-0.13745465874671936
0.0,0.0,0.0,0.3601836562156677,-0.1129850372672081,-0.12864549458026886,0.6180031299591064,-0.4759255051612854,-0.16930587589740753,0.616446316242218,-0.8330302238464355,-0.22140324115753174,0.3774036765098572,-1.014960765838623,-0.24192631244659424,0.5340448021888733,-0.9008999466896057,-0.0120303425937891,0.6472346782684326,-1.1799973249435425,-0.16989298164844513,0.5717859268188477,-0.9245433807373047,-0.23157566785812378,0.5117120146751404,-0.7753650546073914,-0.23011662065982819,0.30171477794647217,-0.9530607461929321,-0.025367017835378647,0.3793499767780304,-1.201051950454712,-0.23364420235157013,0.3513435125350952,-0.9033942818641663,-0.30029064416885376,0.32363176345825195,-0.7517978549003601,-0.27799344062805176,0.06499963998794556,-0.9572158455848694,-0.069106824696064,0.11092035472393036,-1.1830997467041016,-0.28434017300605774,0.13310196995735168,-0.8323747515678406,-0.28493690490722656,0.13113205134868622,-0.5962189435958862,-0.20498895645141602,-0.17448671162128448,-0.9424110651016235,-0.12224526703357697,-0.17854094505310059,-1.271458625793457,-0.2038886398077011,-0.12971746921539307,-1.4563255310058594,-0.19235573709011078,-0.06534922122955322,-1.648802399635315,-0.15409980714321136
0.0,0.0,0.0,0.3437197506427765,-0.11276694387197495,-0.13726173341274261,0.5988378524780273,-0.45670807361602783,-0.18596014380455017,0.6085619926452637,-0.8007002472877502,-0.24482077360153198,0.40586763620376587,-0.9952989220619202,-0.2694016993045807,0.5323765277862549,-0.9033567905426025,-0.018955091014504433,0.6517742276191711,-1.179419994354248,-0.18792285025119781,0.5721039175987244,-0.9243326783180237,-0.25222137570381165,0.5099472403526306,-0.7763038277626038,-0.24814926087856293,0.3055764138698578,-0.9516989588737488,-0.02986934222280979,0.3940923511981964,-1.1991034746170044,-0.24678544700145721,0.36033570766448975,-0.8959759473800659,-0.31003859639167786,0.33260902762413025,-0.7465088963508606,-0.28108319640159607,0.07384113222360611,-0.9551940560340881,-0.07324884086847305,0.12516364455223083,-1.1796457767486572,-0.29450833797454834,0.14520420134067535,-0.8234572410583496,-0.28859639167785645,0.14697334170341492,-0.5902937650680542,-0.20072241127490997,-0.16111911833286285,-0.9391937851905823,-0.12710438668727875,-0.1665033996105194,-1.2676036357879639,-0.2093449980020523,-0.12030445039272308,-1.4414979219436646,-0.19165275990962982,-0.05448853597044945,-1.6314979791641235,-0.14597336947917938
0.0,0.0,0.0,0.3485088050365448,-0.12087085843086243,-0.1358051747083664,0.599842369556427,-0.4619434177875519,-0.18609453737735748,0.6137024164199829,-0.8139374256134033,-0.24489282071590424,0.39907029271125793,-1.014556646347046,-0.2689934968948364,0.5286648273468018,-0.9017818570137024,-0.026531483978033066,0.6459737420082092,-1.1849265098571777,-0.187245175242424,0.5676161050796509,-0.9171754717826843,-0.24543830752372742,0.5101813077926636,-0.7728291153907776,-0.24147158861160278,0.30203738808631897,-0.9525755643844604,-0.037056297063827515,0.3860950469970703,-1.2125592231750488,-0.24620240926742554,0.352946013212204,-0.8955142498016357,-0.30349478125572205,0.32615455985069275,-0.7382647395133972,-0.27488410472869873,0.06767554581165314,-0.9571654796600342,-0.07871176302433014,0.11811502277851105,-1.1936473846435547,-0.2905118465423584,0.146328404545784,-0.8439792990684509,-0.2841016948223114,0.15234225988388062,-0.6133489608764648,-0.20210401713848114,-0.16923612356185913,-0.9412325620651245,-0.13070687651634216,-0.18034376204013824,-1.265801191329956,-0.21118439733982086,-0.13467781245708466,-1.4472166299819946,-0.2004815936088562,-0.07291820645332336,-1.6408028602600098,-0.16368478536605835
0.0,0.0,0.0,0.3554600179195404,-0.12409183382987976,-0.13500553369522095,0.5988643169403076,-0.47323089838027954,-0.18618087470531464,0.6072505116462708,-0.8282617926597595,-0.2485702633857727,0.3871990144252777,-1.022195816040039,-0.27955445647239685,0.5279911160469055,-0.9117652773857117,-0.02502289228141308,0.6302970051765442,-1.2028700113296509,-0.20473480224609375,0.5620012283325195,-0.9522582292556763,-0.2820735573768616,0.5082919597625732,-0.780558705329895,-0.2845483720302582,0.29415181279182434,-0.9549703598022461,-0.03881235793232918,0.36126574873924255,-1.2201472520828247,-0.2668885588645935,0.3459278643131256,-0.9194605350494385,-0.3428918123245239,0.3283325433731079,-0.7490798234939575,-0.3223974108695984,0.05668552219867706,-0.9538278579711914,-0.08598954230546951,0.0979907289147377,-1.1701444387435913,-0.3140881359577179,0.15013223886489868,-0.8290650248527527,-0.3305571675300598,0.16954122483730316,-0.5900512933731079,-0.257656455039978,-0.1769081950187683,-0.936612069606781,-0.1432679444551468,-0.17994548380374908,-1.287079095840454,-0.2370479851961136,-0.14873887598514557,-1.5043944120407104,-0.24460482597351074,-0.10730235278606415,-1.7224377393722534,-0.2185996025800705
0.0,0.0,0.0,0.35938289761543274,-0.11205513030290604,-0.14046619832515717,0.609160304069519,-0.4656548798084259,-0.19199740886688232,0.6142009496688843,-0.8206165432929993,-0.2525239884853363,0.388224333524704,-1.0121963024139404,-0.2795761525630951,0.5354261994361877,-0.9065121412277222,-0.037537746131420135,0.6447997093200684,-1.1871802806854248,-0.20694611966609955,0.5649019479751587,-0.9235053658485413,-0.27306032180786133,0.5100373029708862,-0.763929545879364,-0.27225640416145325,0.3020745515823364,-0.9519650936126709,-0.05013471096754074,0.37130898237228394,-1.207985758781433,-0.27264097332954407,0.3506730794906616,-0.9134340882301331,-0.3412250578403473,0.33739209175109863,-0.7569053173065186,-0.31839802861213684,0.059376876801252365,-0.9518371820449829,-0.09551329165697098,0.1013883426785469,-1.17067551612854,-0.32237523794174194,0.14996492862701416,-0.8266543745994568,-0.3346419334411621,0.16879837214946747,-0.5852072238922119,-0.2603856921195984,-0.17932914197444916,-0.9367008209228516,-0.15131844580173492,-0.1877393275499344,-1.2893747091293335,-0.24762652814388275,-0.16136761009693146,-1.5138218402862549,-0.25525814294815063,-0.12629202008247375,-1.738923192024231,-0.230268657207489
0.0,0.0,0.0,0.35814574360847473,-0.11210063844919205,-0.14135150611400604,0.6121790409088135,-0.4547451436519623,-0.19119058549404144,0.6229972839355469,-0.8057112693786621,-0.25124022364616394,0.40424519777297974,-1.0028382539749146,-0.27939799427986145,0.5556732416152954,-0.9009585976600647,-0.01934119127690792,0.6559453010559082,-1.174843430519104,-0.1929216831922531,0.5812482833862305,-0.9320086240768433,-0.26841920614242554,0.5240774154663086,-0.7650135159492493,-0.27040520310401917,0.3210494816303253,-0.9466227293014526,-0.02885477803647518,0.3739795386791229,-1.178687572479248,-0.24978163838386536,0.3610877990722656,-0.8992586731910706,-0.3276069760322571,0.35473060607910156,-0.7486778497695923,-0.3115936517715454,0.07894868403673172,-0.9453490972518921,-0.07315415889024734,0.11592162400484085,-1.1417046785354614,-0.3029071092605591,0.171796515583992,-0.8070350289344788,-0.32821011543273926,0.1959979236125946,-0.5681717395782471,-0.26119452714920044,-0.16025665402412415,-0.9291107058525085,-0.12759621441364288,-0.16346615552902222,-1.2824201583862305,-0.2263132780790329,-0.1463991403579712,-1.5099149942398071,-0.23910830914974213,-0.12107633799314499,-1.733705759048462,-0.21601936221122742
0.0,0.0,0.0,0.356210321187973,-0.10609503090381622,-0.14311499893665314,0.6116338968276978,-0.4473447799682617,-0.1899757981300354,0.6277124881744385,-0.8000724911689758,-0.24613472819328308,0.42101433873176575,-1.0115455389022827,-0.2696292996406555,0.5502386689186096,-0.8998762369155884,-0.02068822830915451,0.6515408754348755,-1.1786768436431885,-0.1847674697637558,0.5785821676254272,-0.931128740310669,-0.2521720826625824,0.5192831158638,-0.7735400795936584,-0.2500194013118744,0.31927916407585144,-0.9472562670707703,-0.02768278308212757,0.3611191511154175,-1.175409197807312,-0.23550531268119812,0.3552089333534241,-0.9239229559898376,-0.31058573722839355,0.3562803864479065,-0.8043453097343445,-0.29819032549858093,0.07783671468496323,-0.9463464617729187,-0.06939957290887833,0.12049244344234467,-1.1336212158203125,-0.2951250672340393,0.18205402791500092,-0.8023338317871094,-0.32395780086517334,0.20609794557094574,-0.565584659576416,-0.2615513503551483,-0.16048415005207062,-0.9327629208564758,-0.12090269476175308,-0.1622237265110016,-1.288923740386963,-0.2217414528131485,-0.14307835698127747,-1.522685170173645,-0.23724845051765442,-0.1192907765507698,-1.7483118772506714,-0.21639877557754517
0.0,0.0,0.0,0.36863380670547485,-0.1196240484714508,-0.11164980381727219,0.6286969184875488,-0.4549807608127594,-0.146788090467453,0.6358873844146729,-0.7988954782485962,-0.19899435341358185,0.43297070264816284,-1.003295660018921,-0.2323681116104126,0.5421698689460754,-0.9116060733795166,0.011062500067055225,0.6399592161178589,-1.198886513710022,-0.14813777804374695,0.5996830463409424,-1.0475924015045166,-0.22466140985488892,0.5491488575935364,-0.9059617519378662,-0.22889329493045807,0.30738386511802673,-0.9515587687492371,-0.0071446881629526615,0.368892639875412,-1.1760900020599365,-0.23066669702529907,0.3616845905780792,-0.8777744174003601,-0.3204275071620941,0.3425810933113098,-0.6735814213752747,-0.3071722984313965,0.06954512745141983,-0.9537046551704407,-0.05515136942267418,0.11710088700056076,-1.1542917490005493,-0.2837229073047638,0.17572349309921265,-0.825439989566803,-0.31989747285842896,0.19647857546806335,-0.5736042857170105,-0.2575404644012451,-0.17091937363147736,-0.9399219751358032,-0.10967299342155457,-0.16828514635562897,-1.3082317113876343,-0.20911353826522827,-0.14698980748653412,-1.5374869108200073,-0.2242920994758606,-0.1131705641746521,-1.7601792812347412,-0.2012840211391449
0.0,0.0,0.0,0.37570488452911377,-0.12941570580005646,-0.09753808379173279,0.6478492021560669,-0.4649340510368347,-0.1297072470188141,0.6554375886917114,-0.811675488948822,-0.17950604856014252,0.4357910454273224,-1.008998155593872,-0.22356855869293213,0.5613818168640137,-0.8979023098945618,0.01825512759387493,0.6824377775192261,-1.2009838819503784,-0.10492389649152756,0.6782717704772949,-1.2444019317626953,-0.1653156876564026,0.6352532505989075,-1.2312614917755127,-0.17210513353347778,0.31854742765426636,-0.9478901624679565,-0.00562589056789875,0.381664901971817,-1.178846836090088,-0.22042928636074066,0.36624476313591003,-0.8964734077453613,-0.31127628684043884,0.33966684341430664,-0.6777395606040955,-0.3006972372531891,0.07407107949256897,-0.960026204586029,-0.05198461189866066,0.12196866422891617,-1.172865867614746,-0.2763771116733551,0.17465601861476898,-0.8535199165344238,-0.31081753969192505,0.19314207136631012,-0.5941837430000305,-0.25064393877983093,-0.17731943726539612,-0.9515243768692017,-0.10338582843542099,-0.184516042470932,-1.3204420804977417,-0.20721717178821564,-0.16307246685028076,-1.5560475587844849,-0.22414469718933105,-0.12542510032653809,-1.7805614471435547,-0.20592887699604034
0.0,0.0,0.0,0.37026989459991455,-0.12839306890964508,-0.11795821040868759,0.6286853551864624,-0.46726804971694946,-0.16190259158611298,0.6405054926872253,-0.8207844495773315,-0.21985770761966705,0.41371431946754456,-1.0043277740478516,-0.2531695067882538,0.5275092720985413,-0.9067635536193848,-0.016165560111403465,0.6219649910926819,-1.1870853900909424,-0.16929595172405243,0.5628218650817871,-0.9488310813903809,-0.23438644409179688,0.5166217684745789,-0.7857432961463928,-0.23710539937019348,0.2976534068584442,-0.9541156888008118,-0.03264608606696129,0.3590443730354309,-1.2048259973526,-0.24167437851428986,0.3381352126598358,-0.8892880082130432,-0.310661643743515,0.3080376088619232,-0.6902998685836792,-0.29095348715782166,0.06051770597696304,-0.964825451374054,-0.07765286415815353,0.10152088105678558,-1.21230149269104,-0.28437530994415283,0.1453995257616043,-0.8779698610305786,-0.29667794704437256,0.15587444603443146,-0.6254639625549316,-0.22926245629787445,-0.18350206315517426,-0.9562721848487854,-0.13141727447509766,-0.1942814141511917,-1.3073159456253052,-0.21565912663936615,-0.16244246065616608,-1.5258969068527222,-0.22320611774921417,-0.12032195925712585,-1.7421996593475342,-0.20161020755767822
0.0,0.0,0.0,0.3607428967952728,-0.1368541270494461,-0.12185546010732651,0.6025864481925964,-0.48124319314956665,-0.16615106165409088,0.6064098477363586,-0.8307875990867615,-0.22105149924755096,0.3834342956542969,-1.0163155794143677,-0.24635685980319977,0.5243258476257324,-0.9095447659492493,-0.017249464988708496,0.6265489459037781,-1.184191107749939,-0.1729835718870163,0.5538892149925232,-0.9266320466995239,-0.2388526350259781,0.5036742687225342,-0.7804692387580872,-0.2440190464258194,0.3008316457271576,-0.9531096816062927,-0.03289808705449104,0.37695571780204773,-1.2316985130310059,-0.2403562366962433,0.34259486198425293,-0.9081348776817322,-0.3031703531742096,0.3091302216053009,-0.7238478660583496,-0.2794632017612457,0.06989674270153046,-0.9550797939300537,-0.07795920222997665,0.11638994514942169,-1.193389654159546,-0.28442248702049255,0.13905860483646393,-0.85188227891922,-0.2874228358268738,0.1360064446926117,-0.6169549226760864,-0.21354129910469055,-0.16410523653030396,-0.9383209943771362,-0.1323654055595398,-0.1750875562429428,-1.277426838874817,-0.21558061242103577,-0.13873660564422607,-1.4833614826202393,-0.21793046593666077,-0.09380795061588287,-1.693530797958374,-0.19278796017169952
0.0,0.0,0.0,0.34884628653526306,-0.1368855983018875,-0.13898970186710358,0.5795701742172241,-0.46388453245162964,-0.19661745429039001,0.566781222820282,-0.8060340881347656,-0.26327386498451233,0.3563576638698578,-0.996502161026001,-0.30084797739982605,0.5198536515235901,-0.9179741740226746,-0.028414975851774216,0.594718873500824,-1.1922804117202759,-0.19408592581748962,0.5313705801963806,-0.9568296670913696,-0.26811397075653076,0.49412038922309875,-0.801551342010498,-0.2758200168609619,0.2855108678340912,-0.957643985748291,-0.037436746060848236,0.34413647651672363,-1.219826102256775,-0.24742934107780457,0.3177359402179718,-0.906374454498291,-0.3140503764152527,0.2967276871204376,-0.7277757525444031,-0.29411593079566956,0.04881004989147186,-0.9521689414978027,-0.07883622497320175,0.08193504810333252,-1.180483102798462,-0.292468786239624,0.11439807713031769,-0.8497195839881897,-0.30349239706993103,0.12030922621488571,-0.6175433397293091,-0.2345735728740692,-0.18805931508541107,-0.9249454736709595,-0.13067056238651276,-0.21784472465515137,-1.2786903381347656,-0.22297601401805878,-0.2091415971517563,-1.5008436441421509,-0.23210307955741882,-0.19096465408802032,-1.72653067111969,-0.20996810495853424
0.0,0.0,0.0,0.3633389174938202,-0.13324283063411713,-0.11670804768800735,0.6027905344963074,-0.47418084740638733,-0.15392836928367615,0.5547585487365723,-0.8232768177986145,-0.2072230875492096,0.3435826599597931,-1.0183244943618774,-0.23933930695056915,0.5178916454315186,-0.9282934665679932,0.020379913970828056,0.5684288144111633,-1.2201329469680786,-0.12599587440490723,0.5377759337425232,-1.0529762506484985,-0.19125621020793915,0.5213689804077148,-0.9042384028434753,-0.1925935000181198,0.27837318181991577,-0.9604589343070984,0.005189303308725357,0.31876012682914734,-1.211989164352417,-0.20719005167484283,0.3084850013256073,-0.8977664709091187,-0.28904587030410767,0.2920936942100525,-0.6931514739990234,-0.2721945345401764,0.0461711511015892,-0.9537073373794556,-0.03979364037513733,0.07355618476867676,-1.1926344633102417,-0.2624497711658478,0.11687121540307999,-0.8604708909988403,-0.288068562746048,0.12526781857013702,-0.6115425229072571,-0.22118420898914337,-0.1918059140443802,-0.9258419871330261,-0.09190456569194794,-0.21896283328533173,-1.2901197671890259,-0.19060018658638,-0.21590033173561096,-1.5161243677139282,-0.20245406031608582,-0.2000429779291153,-1.7438135147094727,-0.17780253291130066
0.0,0.0,0.0,0.40042826533317566,-0.1414376199245453,-0.1142357662320137,0.6366413831710815,-0.4899747669696808,-0.14555898308753967,0.546940267086029,-0.8275883197784424,-0.18379156291484833,0.3191699981689453,-0.993593692779541,-0.19445683062076569,0.5283288955688477,-0.9177284240722656,-0.026792485266923904,0.6387791633605957,-1.1867634057998657,-0.17716173827648163,0.5523343086242676,-0.9245941638946533,-0.23230047523975372,0.4905908405780792,-0.7422129511833191,-0.22770468890666962,0.2760400176048279,-0.9602574110031128,-0.041322868317365646,0.3529213070869446,-1.240888237953186,-0.24546830356121063,0.3116554021835327,-0.9161286950111389,-0.3054254949092865,0.27626192569732666,-0.7037001848220825,-0.28097057342529297,0.025791816413402557,-0.9594658017158508,-0.08457070589065552,0.065585657954216,-1.19916832447052,-0.29881611466407776,0.11048657447099686,-0.8652517795562744,-0.3216782212257385,0.12246339023113251,-0.6147715449333191,-0.2608480751514435,-0.21993878483772278,-0.9384201765060425,-0.1333368867635727,-0.25208747386932373,-1.3178784847259521,-0.2370748221874237,-0.24550330638885498,-1.5620850324630737,-0.2618553936481476,-0.23187711834907532,-1.7985461950302124,-0.25231266021728516
0.0,0.0,0.0,0.36314940452575684,-0.13505828380584717,-0.13016900420188904,0.608727216720581,-0.48083698749542236,-0.1721234917640686,0.538575291633606,-0.821269690990448,-0.21631582081317902,0.2980916202068329,-0.9835121035575867,-0.2279459536075592,0.5067269206047058,-0.917454719543457,-0.05091921612620354,0.6175678372383118,-1.200687289237976,-0.20825672149658203,0.5343584418296814,-0.9339936971664429,-0.2641303837299347,0.47739261388778687,-0.7729701399803162,-0.2602931261062622,0.267149955034256,-0.9618022441864014,-0.0597277469933033,0.350633442401886,-1.2583305835723877,-0.2614760100841522,0.3059000074863434,-0.9355246424674988,-0.3114425539970398,0.2748090624809265,-0.7513699531555176,-0.28053703904151917,0.02805810607969761,-0.9608250260353088,-0.09753987938165665,0.061120279133319855,-1.196730375289917,-0.305107444524765,0.09575303643941879,-0.8651496171951294,-0.3123324513435364,0.10773938149213791,-0.6365644931793213,-0.24224984645843506,-0.20892514288425446,-0.9418604373931885,-0.14324399828910828,-0.2442539930343628,-1.3127882480621338,-0.23986846208572388,-0.2453945130109787,-1.546229362487793,-0.25269466638565063,-0.2386954426765442,-1.7776283025741577,-0.23398549854755402
0.0,0.0,0.0,0.34881964325904846,-0.14393389225006104,-0.1318361759185791,0.5779880285263062,-0.47548946738243103,-0.1792486310005188,0.5129659175872803,-0.8082932829856873,-0.23021720349788666,0.29723748564720154,-0.9901313781738281,-0.2487613558769226,0.4902784526348114,-0.921941339969635,-0.04528234153985977,0.6017452478408813,-1.199968934059143,-0.20898950099945068,0.5094190239906311,-0.9439250826835632,-0.2714459300041199,0.4483751058578491,-0.7608212828636169,-0.26769396662712097,0.25170254707336426,-0.9662305116653442,-0.05517677217721939,0.344829261302948,-1.2668731212615967,-0.2701262831687927,0.2966907322406769,-0.961280107498169,-0.3326898515224457,0.25800246000289917,-0.756861686706543,-0.3035558760166168,0.012832269072532654,-0.9648306965827942,-0.0947028324007988,0.05096784234046936,-1.1895489692687988,-0.3091687262058258,0.08490369468927383,-0.8616960048675537,-0.3256659507751465,0.09782697260379791,-0.6227613091468811,-0.2565196752548218,-0.2221081703901291,-0.9401814341545105,-0.14252084493637085,-0.25595057010650635,-1.304487705230713,-0.24245430529117584,-0.2570657730102539,-1.53755784034729,-0.259555846452713,-0.247910276055336,-1.7681634426116943,-0.24092981219291687
0.0,0.0,0.0,0.3629172742366791,-0.13947704434394836,-0.1212441623210907,0.5978728532791138,-0.45880866050720215,-0.16585557162761688,0.5572096705436707,-0.7833645939826965,-0.2172168791294098,0.3408190608024597,-0.9526426792144775,-0.23961316049098969,0.4998418986797333,-0.9200884699821472,-0.03715691342949867,0.6069559454917908,-1.186516284942627,-0.19961878657341003,0.5251079201698303,-0.9409084916114807,-0.26522693037986755,0.47433340549468994,-0.7597340941429138,-0.26566076278686523,0.258889377117157,-0.9645146131515503,-0.05184328556060791,0.3408713638782501,-1.244218111038208,-0.26895850896835327,0.30619174242019653,-0.9502949118614197,-0.33738356828689575,0.27577850222587585,-0.7568681240081787,-0.31453365087509155,0.013535062782466412,-0.9629127383232117,-0.0951877310872078,0.053643982857465744,-1.1729432344436646,-0.31321510672569275,0.0904451310634613,-0.8372917175292969,-0.33349353075027466,0.09948759526014328,-0.592083752155304,-0.2673003673553467,-0.22615770995616913,-0.9369744062423706,-0.14590047299861908,-0.2601226270198822,-1.2974746227264404,-0.25195953249931335,-0.26176270842552185,-1.5307830572128296,-0.27403756976127625,-0.2557268738746643,-1.7628990411758423,-0.2589479684829712
0.0,0.0,0.0,0.35152870416641235,-0.13616672158241272,-0.12603233754634857,0.5841014981269836,-0.4587957262992859,-0.17074468731880188,0.5496726036071777,-0.7856265306472778,-0.22207820415496826,0.3213318884372711,-0.9421808123588562,-0.2465066909790039,0.49131983518600464,-0.9249382019042969,-0.026060285046696663,0.5898182392120361,-1.182997703552246,-0.19438515603542328,0.5037121176719666,-0.9574829936027527,-0.2701204717159271,0.4452490210533142,-0.7861801981925964,-0.27440187335014343,0.25180351734161377,-0.9670193791389465,-0.03832129016518593,0.32262831926345825,-1.2334651947021484,-0.26076453924179077,0.2883327305316925,-0.9474581480026245,-0.33980897068977356,0.2624239921569824,-0.7604921460151672,-0.32069435715675354,0.010123844258487225,-0.9644289612770081,-0.08030445873737335,0.04701676219701767,-1.1598008871078491,-0.3060721457004547,0.08621572703123093,-0.8323902487754822,-0.33597052097320557,0.10057718306779861,-0.591080904006958,-0.27073270082473755,-0.22936080396175385,-0.9379527568817139,-0.1292198896408081,-0.2577468156814575,-1.2957476377487183,-0.23281872272491455,-0.25996899604797363,-1.525502324104309,-0.2511930465698242,-0.25079596042633057,-1.7500216960906982,-0.23047582805156708
0.0,0.0,0.0,0.33706578612327576,-0.13419745862483978,-0.13989289104938507,0.5668583512306213,-0.4594062864780426,-0.1905374675989151,0.5291640162467957,-0.7924462556838989,-0.24566230177879333,0.3132624626159668,-0.9691747426986694,-0.2676706612110138,0.48458021879196167,-0.9247838854789734,-0.027888858690857887,0.5752150416374207,-1.1846356391906738,-0.19579662382602692,0.4962504208087921,-0.941386878490448,-0.2683252692222595,0.45126214623451233,-0.7708624005317688,-0.271491676568985,0.24868273735046387,-0.967960774898529,-0.03476746380329132,0.30824747681617737,-1.231461763381958,-0.25415802001953125,0.2805672585964203,-0.9389973282814026,-0.3249672055244446,0.2680812478065491,-0.7610164284706116,-0.3017830550670624,0.00947758462280035,-0.9647955298423767,-0.07446245104074478,0.04124585911631584,-1.1688944101333618,-0.2981278598308563,0.08048449456691742,-0.8406813144683838,-0.3183938264846802,0.09898532181978226,-0.6034046411514282,-0.24848942458629608,-0.2272336632013321,-0.9389445185661316,-0.12361671030521393,-0.25649118423461914,-1.2920091152191162,-0.22895453870296478,-0.2648829519748688,-1.5239993333816528,-0.2476789653301239,-0.2612052261829376,-1.7516957521438599,-0.22725045680999756
0.0,0.0,0.0,0.33950379490852356,-0.13469386100769043,-0.140173077583313,0.5682246685028076,-0.45657747983932495,-0.1951565444469452,0.546595573425293,-0.7911336421966553,-0.25670576095581055,0.3311093747615814,-0.9723735451698303,-0.28618675470352173,0.4823775589466095,-0.92223060131073,-0.02284962870180607,0.5852533578872681,-1.1839913129806519,-0.1976831555366516,0.5057028532028198,-0.9502618312835693,-0.2754453718662262,0.4569934904575348,-0.7753157019615173,-0.280610591173172,0.25258928537368774,-0.9670900702476501,-0.030584467574954033,0.3212229609489441,-1.2333670854568481,-0.2548903822898865,0.2884371876716614,-0.9406577944755554,-0.32811132073402405,0.2700220048427582,-0.7599537968635559,-0.3053363859653473,0.017751408740878105,-0.9646809101104736,-0.0723043903708458,0.06040063872933388,-1.1729047298431396,-0.29916465282440186,0.09382344037294388,-0.8445543646812439,-0.3187870681285858,0.10383972525596619,-0.6077764630317688,-0.24765580892562866,-0.21545226871967316,-0.9388293027877808,-0.1239984780550003,-0.24555183947086334,-1.288562536239624,-0.2307368814945221,-0.2524888813495636,-1.5199207067489624,-0.2500257194042206,-0.24843542277812958,-1.7534669637680054,-0.2298707365989685
0.0,0.0,0.0,0.3420681059360504,-0.13648539781570435,-0.1295778453350067,0.5645344257354736,-0.47011885046958923,-0.17510682344436646,0.5282465815544128,-0.8051819205284119,-0.22657451033592224,0.3138936460018158,-0.990513801574707,-0.2466408908367157,0.4840855598449707,-0.9205081462860107,-0.028652388602495193,0.5949946045875549,-1.196577787399292,-0.19549736380577087,0.506195068359375,-0.9557470083236694,-0.2654021084308624,0.4509555995464325,-0.7745155096054077,-0.26619115471839905,0.24951189756393433,-0.9675478339195251,-0.03993804380297661,0.33106061816215515,-1.2587974071502686,-0.2596435844898224,0.2911697030067444,-0.9739155173301697,-0.33073389530181885,0.26630064845085144,-0.7855595350265503,-0.30670779943466187,0.007887450978159904,-0.9662997722625732,-0.0823700800538063,0.04754146933555603,-1.1846494674682617,-0.30297839641571045,0.08355522900819778,-0.8588900566101074,-0.324535995721817,0.09995823353528976,-0.6166494488716125,-0.256319522857666,-0.23019948601722717,-0.9418507814407349,-0.13331468403339386,-0.26090168952941895,-1.3017827272415161,-0.23893633484840393,-0.2671014666557312,-1.5401678085327148,-0.2602215111255646,-0.26006606221199036,-1.7740296125411987,-0.243072509765625
0.0,0.0,0.0,0.3280947208404541,-0.13939668238162994,-0.14497263729572296,0.5437739491462708,-0.4774227738380432,-0.19955626130104065,0.5085550546646118,-0.8194791078567505,-0.2592381536960602,0.3045136630535126,-1.0202900171279907,-0.28498420119285583,0.4782516062259674,-0.9209193587303162,-0.026959827169775963,0.5794738531112671,-1.2008719444274902,-0.2005881667137146,0.5053077340126038,-0.9691882729530334,-0.27338531613349915,0.46968016028404236,-0.7980439066886902,-0.27435335516929626,0.24569913744926453,-0.9688223600387573,-0.031861402094364166,0.32547423243522644,-1.2501884698867798,-0.25286799669265747,0.2839052677154541,-0.9615666270256042,-0.3215213418006897,0.2623472511768341,-0.782642126083374,-0.295047789812088,0.01010334212332964,-0.9693065881729126,-0.07099504768848419,0.05071640759706497,-1.1939963102340698,-0.293490469455719,0.0786188468337059,-0.87348872423172,-0.30866867303848267,0.09036366641521454,-0.6420827507972717,-0.2349425107240677,-0.22290992736816406,-0.9456573724746704,-0.12055397778749466,-0.2587556838989258,-1.3032749891281128,-0.2195393592119217,-0.26365864276885986,-1.5343971252441406,-0.23165567219257355,-0.25332096219062805,-1.7642210721969604,-0.20692047476768494
0.0,0.0,0.0,0.335345983505249,-0.13436153531074524,-0.14194251596927643,0.5677117705345154,-0.4769340455532074,-0.19420084357261658,0.5283323526382446,-0.821867048740387,-0.25004497170448303,0.30633455514907837,-1.0047616958618164,-0.27069300413131714,0.479623407125473,-0.9211730360984802,-0.04150564596056938,0.5928668975830078,-1.2049492597579956,-0.2056758999824524,0.5055575370788574,-0.9552987217903137,-0.2676723897457123,0.45551303029060364,-0.7891222238540649,-0.2658804953098297,0.24759915471076965,-0.967704176902771,-0.047362715005874634,0.3316132128238678,-1.242395043373108,-0.2635667026042938,0.2939608693122864,-0.9333081841468811,-0.3237749934196472,0.27277565002441406,-0.7541295289993286,-0.2947000563144684,0.013362918980419636,-0.96638023853302,-0.08513408154249191,0.05229898914694786,-1.1945109367370605,-0.30110716819763184,0.09054325520992279,-0.8629301190376282,-0.31209927797317505,0.10530340671539307,-0.6313568353652954,-0.24013833701610565,-0.21720509231090546,-0.9439356327056885,-0.13301315903663635,-0.24957111477851868,-1.3020070791244507,-0.2318069040775299,-0.2538607716560364,-1.5308605432510376,-0.2467808723449707,-0.2498367428779602,-1.7645056247711182,-0.2267816811800003
0.0,0.0,0.0,0.3476836681365967,-0.17083705961704254,-0.12674611806869507,0.5703515410423279,-0.5204265117645264,-0.17015233635902405,0.5124989748001099,-0.8624550700187683,-0.21964165568351746,0.28446292877197266,-1.033050775527954,-0.23655730485916138,0.4892396926879883,-0.9208285808563232,-0.021469878032803535,0.5941122174263,-1.2152912616729736,-0.1805676370859146,0.5035437941551208,-0.9688445329666138,-0.24640631675720215,0.44379326701164246,-0.7902214527130127,-0.24603776633739471,0.25041672587394714,-0.9675872325897217,-0.03265465423464775,0.3269333839416504,-1.275490403175354,-0.2392771989107132,0.2753460705280304,-0.9736860990524292,-0.30391520261764526,0.24322859942913055,-0.7721362113952637,-0.2782287001609802,0.009940179996192455,-0.9697758555412292,-0.07391560077667236,0.04101039469242096,-1.2090387344360352,-0.28078538179397583,0.06537079811096191,-0.8940654397010803,-0.2958424985408783,0.07300711423158646,-0.660615086555481,-0.2272520661354065,-0.2283748984336853,-0.9535462856292725,-0.1238219290971756,-0.2643812894821167,-1.3225027322769165,-0.2139323502779007,-0.2714144289493561,-1.5625807046890259,-0.22480696439743042,-0.26730701327323914,-1.7952830791473389,-0.20314748585224152
0.0,0.0,0.0,0.36741265654563904,-0.16022856533527374,-0.11565977334976196,0.5774096846580505,-0.5244598984718323,-0.13962207734584808,0.489347904920578,-0.8531087040901184,-0.1700686365365982,0.2764095067977905,-1.0139336585998535,-0.16949428617954254,0.5076460242271423,-0.9195995330810547,-0.011515074409544468,0.6035085320472717,-1.228516936302185,-0.1530914008617401,0.4926868975162506,-0.9894586205482483,-0.20848169922828674,0.4195249378681183,-0.7974426746368408,-0.20089197158813477,0.25845953822135925,-0.9657849669456482,-0.02140127681195736,0.323343425989151,-1.2939002513885498,-0.21006520092487335,0.2583015263080597,-1.0233590602874756,-0.27228081226348877,0.22094212472438812,-0.8270066976547241,-0.24752111732959747,0.011418907903134823,-0.9701248407363892,-0.05941784009337425,0.008303838782012463,-1.2154744863510132,-0.25294438004493713,0.023292390629649162,-0.9119192957878113,-0.27573153376579285,0.03368900716304779,-0.6708729863166809,-0.2141469269990921,-0.22619584202766418,-0.9572647213935852,-0.10472788661718369,-0.26060253381729126,-1.3364689350128174,-0.18738287687301636,-0.2804156541824341,-1.583400845527649,-0.1971988081932068,-0.28970327973365784,-1.8091576099395752,-0.1760137975215912
0.0,0.0,0.0,0.3492550849914551,-0.17031574249267578,-0.13249067962169647,0.548520565032959,-0.5151712894439697,-0.172003835439682,0.46625709533691406,-0.8428303599357605,-0.21681484580039978,0.24812662601470947,-1.006672978401184,-0.2294602245092392,0.49448728561401367,-0.924541175365448,-0.0279027558863163,0.5716142058372498,-1.2332946062088013,-0.1875084638595581,0.4588819444179535,-0.9988769292831421,-0.25743722915649414,0.3882664442062378,-0.7998970150947571,-0.25600653886795044,0.24583467841148376,-0.9688079357147217,-0.031248969957232475,0.2857256531715393,-1.2799530029296875,-0.23803111910820007,0.21403606235980988,-0.9922162294387817,-0.3090348243713379,0.18579275906085968,-0.7802631855010986,-0.2847326397895813,-9.986331861000508e-06,-0.9714914560317993,-0.06432080268859863,-0.01520640030503273,-1.195994257926941,-0.2706422507762909,-0.004522989969700575,-0.8945242166519165,-0.2969943583011627,0.01620863564312458,-0.6544526219367981,-0.23245833814144135,-0.23628054559230804,-0.9552645087242126,-0.1059885323047638,-0.2746242880821228,-1.3248906135559082,-0.19341915845870972,-0.31164851784706116,-1.5660676956176758,-0.20335035026073456,-0.3305618166923523,-1.779327392578125,-0.17770299315452576
0.0,0.0,0.0,0.34236469864845276,-0.16485214233398438,-0.13446977734565735,0.5272188186645508,-0.5141012668609619,-0.17485885322093964,0.43362322449684143,-0.8414046764373779,-0.22056788206100464,0.21159659326076508,-0.9962047934532166,-0.23368827998638153,0.4840451180934906,-0.9300693869590759,-0.02188311703503132,0.5432003140449524,-1.2419875860214233,-0.18121488392353058,0.42938631772994995,-1.0163090229034424,-0.2549869120121002,0.36517083644866943,-0.818042516708374,-0.25757327675819397,0.22989556193351746,-0.9729143977165222,-0.024200093001127243,0.2556148171424866,-1.283427119255066,-0.23075276613235474,0.18295729160308838,-1.0021452903747559,-0.30451953411102295,0.1591583788394928,-0.7943269610404968,-0.28238439559936523,-0.01940523087978363,-0.9726038575172424,-0.05683019384741783,-0.04028119519352913,-1.194766879081726,-0.26248398423194885,-0.04132306948304176,-0.8952268362045288,-0.2896537482738495,-0.02570396661758423,-0.6557747721672058,-0.2251855581998825,-0.25446203351020813,-0.9508438110351562,-0.0985555499792099,-0.2973041236400604,-1.3224648237228394,-0.18616469204425812,-0.3388385772705078,-1.5655590295791626,-0.19740526378154755,-0.36023321747779846,-1.7768282890319824,-0.1720646321773529
0.0,0.0,0.0,0.3409375250339508,-0.16939054429531097,-0.14621207118034363,0.5090591907501221,-0.5251660346984863,-0.191422238945961,0.4058712422847748,-0.8504347205162048,-0.2427867203950882,0.18678873777389526,-1.018513560295105,-0.2596967816352844,0.4785025715827942,-0.930353581905365,-0.027807598933577538,0.5352717041969299,-1.2492398023605347,-0.201602041721344,0.4176262617111206,-1.038649082183838,-0.28071874380111694,0.3504224121570587,-0.8470529913902283,-0.28516319394111633,0.21994982659816742,-0.9751369953155518,-0.02701668255031109,0.24071374535560608,-1.2734873294830322,-0.25175032019615173,0.16434578597545624,-0.9926432967185974,-0.3251568377017975,0.14426954090595245,-0.7973353266716003,-0.29887062311172485,-0.03346588835120201,-0.9762552976608276,-0.06059872731566429,-0.062164343893527985,-1.2047492265701294,-0.28411465883255005,-0.0521492138504982,-0.8975374102592468,-0.30796146392822266,-0.02040451392531395,-0.6575756669044495,-0.236770898103714,-0.27342745661735535,-0.9583806991577148,-0.10470065474510193,-0.31677690148353577,-1.3225854635238647,-0.20511828362941742,-0.3626883327960968,-1.558457374572754,-0.22008652985095978,-0.3815670907497406,-1.774064540863037,-0.19472724199295044
0.0,0.0,0.0,0.34860554337501526,-0.15131546556949615,-0.16610588133335114,0.5249432325363159,-0.5095503926277161,-0.2180759459733963,0.4026322364807129,-0.8369958996772766,-0.2697504758834839,0.16065622866153717,-0.9790714383125305,-0.28066012263298035,0.489241361618042,-0.9286383986473083,-0.04267574101686478,0.5290957093238831,-1.2174854278564453,-0.2188209593296051,0.4041454792022705,-0.965742290019989,-0.29120543599128723,0.35937854647636414,-0.7739798426628113,-0.29347166419029236,0.23217922449111938,-0.9720460772514343,-0.03491780906915665,0.25169891119003296,-1.257158637046814,-0.25673606991767883,0.1607644408941269,-0.9575437903404236,-0.31907373666763306,0.1499837040901184,-0.7798949480056763,-0.28877776861190796,-0.017080454155802727,-0.9660054445266724,-0.06452057510614395,-0.047254569828510284,-1.174572467803955,-0.2942747473716736,-0.052594926208257675,-0.8553119897842407,-0.3128342032432556,-0.022700613364577293,-0.6225301623344421,-0.2392401248216629,-0.25095146894454956,-0.9410328269004822,-0.10595838725566864,-0.3023318946361542,-1.3038243055343628,-0.20892664790153503,-0.3493005633354187,-1.5378190279006958,-0.22452066838741302,-0.36376121640205383,-1.7486363649368286,-0.20147301256656647
0.0,0.0,0.0,0.34566131234169006,-0.15272074937820435,-0.16068288683891296,0.5156157612800598,-0.531533420085907,-0.20916399359703064,0.37526440620422363,-0.8575266599655151,-0.258821964263916,0.12608245015144348,-0.9887286424636841,-0.26789137721061707,0.4844662845134735,-0.9361129999160767,-0.04354831948876381,0.5068668127059937,-1.2423189878463745,-0.22731779515743256,0.3728385269641876,-0.9889494180679321,-0.30294764041900635,0.32791465520858765,-0.7841699719429016,-0.30519533157348633,0.22195486724376678,-0.9743354916572571,-0.03750251606106758,0.23257729411125183,-1.2699217796325684,-0.27032434940338135,0.1405753791332245,-0.9606215953826904,-0.33345210552215576,0.13588622212409973,-0.7680445909500122,-0.2997801601886749,-0.028108719736337662,-0.9659472107887268,-0.06861280649900436,-0.0646834522485733,-1.1932345628738403,-0.3020724058151245,-0.07020462304353714,-0.8741416335105896,-0.31701168417930603,-0.032073650509119034,-0.6382909417152405,-0.2398197203874588,-0.2607845067977905,-0.9387779831886292,-0.11159403622150421,-0.3118571639060974,-1.2997655868530273,-0.21537458896636963,-0.3663519322872162,-1.5304185152053833,-0.2300124615430832,-0.38448745012283325,-1.7402732372283936,-0.20586426556110382
0.0,0.0,0.0,0.3320370316505432,-0.15195651352405548,-0.18648163974285126,0.49656590819358826,-0.500491738319397,-0.25886714458465576,0.35703009366989136,-0.8257590532302856,-0.3275841176509857,0.11993864178657532,-0.994906485080719,-0.35334548354148865,0.47883111238479614,-0.9368610382080078,-0.0784974992275238,0.4967489242553711,-1.2332658767700195,-0.269569456577301,0.3721180558204651,-0.9743048548698425,-0.34717485308647156,0.338093638420105,-0.7802278995513916,-0.35175836086273193,0.21780161559581757,-0.9737363457679749,-0.06633228808641434,0.22923767566680908,-1.2623800039291382,-0.2986924946308136,0.14478518068790436,-0.9576977491378784,-0.360877126455307,0.14345544576644897,-0.787052571773529,-0.3312971293926239,-0.032420091331005096,-0.959531307220459,-0.09268458932638168,-0.06338703632354736,-1.167988896369934,-0.3339460790157318,-0.06651050597429276,-0.8437243103981018,-0.3477064371109009,-0.034646615386009216,-0.6183672547340393,-0.27054452896118164,-0.263577401638031,-0.9262334704399109,-0.13210169970989227,-0.31994497776031494,-1.2939915657043457,-0.2403104305267334,-0.3712042570114136,-1.5238279104232788,-0.25059670209884644,-0.39218413829803467,-1.7384397983551025,-0.2229716181755066
0.0,0.0,0.0,0.32308369874954224,-0.1539398431777954,-0.18967334926128387,0.4912082850933075,-0.4658831059932709,-0.2787471115589142,0.38806405663490295,-0.7836922407150269,-0.36493974924087524,0.17287150025367737,-0.9550508260726929,-0.40829262137413025,0.4805639684200287,-0.931430459022522,-0.0982256755232811,0.5184855461120605,-1.2125413417816162,-0.29360154271125793,0.39818137884140015,-0.9496999382972717,-0.3753903806209564,0.36474138498306274,-0.767315685749054,-0.3838883638381958,0.22099712491035461,-0.9709949493408203,-0.09126375615596771,0.25774773955345154,-1.260629653930664,-0.3375204801559448,0.17855317890644073,-0.9427509307861328,-0.40814730525016785,0.17206637561321259,-0.7580958604812622,-0.379843533039093,-0.02902737632393837,-0.9634877443313599,-0.12070713937282562,-0.04243403300642967,-1.1630991697311401,-0.3659210503101349,-0.04422464594244957,-0.8337981104850769,-0.3840011656284332,-0.019271086901426315,-0.5980196595191956,-0.3073669373989105,-0.2592371702194214,-0.9340767860412598,-0.1638130396604538,-0.31417909264564514,-1.3002687692642212,-0.2733156681060791,-0.36437442898750305,-1.528106451034546,-0.28536757826805115,-0.3881397545337677,-1.7353078126907349,-0.2571127712726593
0.0,0.0,0.0,0.30926552414894104,-0.14585629105567932,-0.1866593062877655,0.48450666666030884,-0.45612528920173645,-0.2728124260902405,0.3847980499267578,-0.7705700397491455,-0.356462687253952,0.161871999502182,-0.936455488204956,-0.39771172404289246,0.46663740277290344,-0.9379096627235413,-0.09470073878765106,0.502711296081543,-1.2083855867385864,-0.28645339608192444,0.3889433741569519,-0.9391495585441589,-0.3659365475177765,0.356008917093277,-0.7602517008781433,-0.37239980697631836,0.20818296074867249,-0.9741165637969971,-0.08807265013456345,0.243671253323555,-1.2445449829101562,-0.3253728449344635,0.16944532096385956,-0.9387620091438293,-0.3918692171573639,0.15969732403755188,-0.7649407386779785,-0.3632773160934448,-0.03935259208083153,-0.9603291153907776,-0.11739454418420792,-0.05229411646723747,-1.144265055656433,-0.35596489906311035,-0.052544012665748596,-0.8194599151611328,-0.3713831603527069,-0.030115455389022827,-0.591867208480835,-0.29467374086380005,-0.26659655570983887,-0.9251413941383362,-0.15978635847568512,-0.32186445593833923,-1.2830654382705688,-0.2622804641723633,-0.3730250298976898,-1.5037219524383545,-0.2666459083557129,-0.40097376704216003,-1.7072193622589111,-0.23329076170921326
0.0,0.0,0.0,0.32997456192970276,-0.1461690068244934,-0.17947639524936676,0.5062545537948608,-0.4542958736419678,-0.2600580155849457,0.40911343693733215,-0.7700849771499634,-0.3409072756767273,0.18993574380874634,-0.9336405396461487,-0.3836126923561096,0.48628705739974976,-0.9265633225440979,-0.07167654484510422,0.5359460115432739,-1.201844334602356,-0.25870493054389954,0.4104258120059967,-0.9603280425071716,-0.3468616306781769,0.3581971228122711,-0.7597929835319519,-0.35983023047447205,0.22962167859077454,-0.9711403846740723,-0.0645001083612442,0.2623218894004822,-1.239741325378418,-0.29843899607658386,0.17496009171009064,-0.9445422291755676,-0.3769424855709076,0.15428709983825684,-0.7475599050521851,-0.3560909330844879,-0.019834134727716446,-0.9636844992637634,-0.09328606724739075,-0.026852859184145927,-1.1487168073654175,-0.3265100419521332,-0.042275186628103256,-0.8309272527694702,-0.3524191975593567,-0.029612448066473007,-0.5872081518173218,-0.28282999992370605,-0.2514282166957855,-0.9287114143371582,-0.13501110672950745,-0.3066188097000122,-1.2830294370651245,-0.23863455653190613,-0.3619542419910431,-1.5159213542938232,-0.25277185440063477,-0.3895251452922821,-1.721235752105713,-0.2267630696296692
0.0,0.0,0.0,0.33743488788604736,-0.14857912063598633,-0.1522260308265686,0.5388091206550598,-0.4737970530986786,-0.21352970600128174,0.4347411096096039,-0.7892674207687378,-0.2773521840572357,0.20876693725585938,-0.9379647374153137,-0.30409061908721924,0.4966748356819153,-0.9254683256149292,-0.05344332754611969,0.5539342761039734,-1.2016417980194092,-0.22118735313415527,0.43652766942977905,-0.9515228271484375,-0.29397398233413696,0.3822283446788788,-0.7613341212272644,-0.30005425214767456,0.23959749937057495,-0.9692559242248535,-0.05599860101938248,0.2782537639141083,-1.2404874563217163,-0.27090200781822205,0.20745843648910522,-0.9384440183639526,-0.3376563787460327,0.18651239573955536,-0.7444280385971069,-0.31369534134864807,-0.008229306899011135,-0.9652134776115417,-0.09073503315448761,-0.007434917148202658,-1.164866328239441,-0.3050934374332428,-0.008874930441379547,-0.8469465374946594,-0.32170599699020386,-0.0008577567641623318,-0.6122736930847168,-0.25277596712112427,-0.24182763695716858,-0.9393051862716675,-0.13629862666130066,-0.28737175464630127,-1.3024441003799438,-0.22973190248012543,-0.3287249505519867,-1.5311758518218994,-0.2374560534954071,-0.35206764936447144,-1.7432557344436646,-0.21055181324481964
0.0,0.0,0.0,0.3454981744289398,-0.1509721577167511,-0.11758124083280563,0.5337359309196472,-0.483488529920578,-0.15818217396736145,0.4415592551231384,-0.7903721928596497,-0.20829704403877258,0.2476724535226822,-0.9469888806343079,-0.22602811455726624,0.4987747371196747,-0.927647590637207,-0.0127234673127532,0.5648477077484131,-1.192163109779358,-0.17710447311401367,0.46463537216186523,-0.9553295373916626,-0.2530885338783264,0.40439966320991516,-0.7485814094543457,-0.25662925839424133,0.24683348834514618,-0.9687394499778748,-0.02484213002026081,0.2827770411968231,-1.2302558422088623,-0.22689078748226166,0.23805174231529236,-0.9371379613876343,-0.2888583838939667,0.22509004175662994,-0.737722635269165,-0.26156529784202576,-0.00038091777241788805,-0.9623284339904785,-0.0687936395406723,-0.002125479280948639,-1.147079348564148,-0.2717656195163727,0.01413051038980484,-0.8359301686286926,-0.2892192006111145,0.026870792731642723,-0.6086929440498352,-0.22220414876937866,-0.2333182543516159,-0.9298596382141113,-0.12115408480167389,-0.2792986035346985,-1.294206976890564,-0.20968006551265717,-0.31932225823402405,-1.52376127243042,-0.21611355245113373,-0.34470486640930176,-1.741249680519104,-0.18836919963359833
0.0,0.0,0.0,0.3678362965583801,-0.15775080025196075,-0.12872226536273956,0.5464115142822266,-0.5004165768623352,-0.1708366870880127,0.4706597924232483,-0.821434736251831,-0.2204519510269165,0.30452045798301697,-1.0107808113098145,-0.2339274287223816,0.5004235506057739,-0.9241334199905396,-0.0199911966919899,0.6111255884170532,-1.1791248321533203,-0.17711400985717773,0.503254234790802,-0.9249303340911865,-0.23867285251617432,0.4339984953403473,-0.7448806762695312,-0.23490992188453674,0.2601570188999176,-0.9651632905006409,-0.0278959721326828,0.33598610758781433,-1.2213950157165527,-0.23176991939544678,0.27707982063293457,-0.9171380996704102,-0.2886284589767456,0.24741750955581665,-0.7342209815979004,-0.25740018486976624,0.018915092572569847,-0.9612603187561035,-0.06804335117340088,0.05062058940529823,-1.1598494052886963,-0.27842625975608826,0.0676596537232399,-0.8324041962623596,-0.2909597158432007,0.07047326117753983,-0.600696325302124,-0.2177506685256958,-0.21135441958904266,-0.9358437061309814,-0.11667957901954651,-0.24484950304031372,-1.3004612922668457,-0.21279171109199524,-0.26529863476753235,-1.5276983976364136,-0.22091655433177948,-0.2786729633808136,-1.7464832067489624,-0.19250962138175964
0.0,0.0,0.0,0.36296844482421875,-0.12475406378507614,-0.1100514605641365,0.5907189249992371,-0.4614775776863098,-0.14249081909656525,0.5610269904136658,-0.7944199442863464,-0.1906208097934723,0.3566952049732208,-0.9768625497817993,-0.2139882892370224,0.49855905771255493,-0.928064227104187,0.00848687719553709,0.5922489166259766,-1.1852840185165405,-0.14949928224086761,0.5214149355888367,-0.9340463280677795,-0.22224757075309753,0.4563619792461395,-0.7411479353904724,-0.22071923315525055,0.26044192910194397,-0.9654775857925415,-0.004801561124622822,0.3256048262119293,-1.1893826723098755,-0.2121885120868683,0.29370754957199097,-0.8676957488059998,-0.28928303718566895,0.2567618489265442,-0.6547517776489258,-0.26737868785858154,0.01648431085050106,-0.9650596380233765,-0.04713713750243187,0.06734803318977356,-1.1645327806472778,-0.2569662034511566,0.09251028299331665,-0.826149046421051,-0.27897921204566956,0.08680807799100876,-0.5792466402053833,-0.20722244679927826,-0.22721058130264282,-0.9401805996894836,-0.09540696442127228,-0.24565444886684418,-1.315978765487671,-0.18349780142307281,-0.2462647259235382,-1.543086051940918,-0.18607068061828613,-0.2394024133682251,-1.7575935125350952,-0.15023192763328552
0.0,0.0,0.0,0.3889499306678772,-0.11143966764211655,-0.11372985690832138,0.6590960621833801,-0.44816961884498596,-0.14778050780296326,0.6422893404960632,-0.7906271815299988,-0.1916729211807251,0.40086591243743896,-0.9399702548980713,-0.20847125351428986,0.5315214991569519,-0.8979107737541199,-0.011473458260297775,0.6749051213264465,-1.1557341814041138,-0.1545119285583496,0.5756543874740601,-0.8811175227165222,-0.21032483875751495,0.5074183940887451,-0.7014167308807373,-0.20520183444023132,0.29703107476234436,-0.9545633792877197,-0.024111954495310783,0.40609315037727356,-1.191196084022522,-0.2169249951839447,0.35353171825408936,-0.8597089648246765,-0.27358901500701904,0.315875381231308,-0.657865583896637,-0.2436281144618988,0.05132276564836502,-0.9675351977348328,-0.06434028595685959,0.13215793669223785,-1.175678014755249,-0.2594493329524994,0.1584981083869934,-0.8333989381790161,-0.270732581615448,0.1542699784040451,-0.5914623737335205,-0.19957339763641357,-0.1939539611339569,-0.9537315964698792,-0.11122898757457733,-0.21082954108715057,-1.3303217887878418,-0.19204281270503998,-0.2012908011674881,-1.5615969896316528,-0.19543291628360748,-0.1854313313961029,-1.7843937873840332,-0.16661803424358368
0.0,0.0,0.0,0.38349947333335876,-0.07765741646289825,-0.11836756020784378,0.6745207905769348,-0.4035850167274475,-0.15305252373218536,0.6873242855072021,-0.7488100528717041,-0.19446024298667908,0.45793458819389343,-0.9118661880493164,-0.20533661544322968,0.5926361680030823,-0.8691789507865906,-0.03674757108092308,0.7375625371932983,-1.1306320428848267,-0.18615740537643433,0.6192298531532288,-0.8594114184379578,-0.23505376279354095,0.5509527921676636,-0.7018901109695435,-0.22846058011054993,0.35441523790359497,-0.9335326552391052,-0.05391322076320648,0.46577420830726624,-1.1843628883361816,-0.2646138370037079,0.4036429524421692,-0.850025475025177,-0.31665584444999695,0.3767220079898834,-0.6714069843292236,-0.28404632210731506,0.10206463187932968,-0.9522286057472229,-0.09925004839897156,0.17801803350448608,-1.1693609952926636,-0.31740137934684753,0.20624935626983643,-0.8106767535209656,-0.3292461931705475,0.21515290439128876,-0.5719234943389893,-0.25856268405914307,-0.14681756496429443,-0.9471651911735535,-0.1511366069316864,-0.16056875884532928,-1.3164006471633911,-0.25102436542510986,-0.1464875042438507,-1.5482614040374756,-0.2669287323951721,-0.12052655220031738,-1.7813888788223267,-0.24987544119358063
0.0,0.0,0.0,0.3836546838283539,-0.07005122303962708,-0.11669885367155075,0.6859750151634216,-0.3900529444217682,-0.1478290557861328,0.6949024200439453,-0.7387428283691406,-0.18676918745040894,0.47397905588150024,-0.9240610003471375,-0.19604237377643585,0.5996541380882263,-0.8668548464775085,-0.014043274335563183,0.7442811131477356,-1.1181339025497437,-0.16135059297084808,0.6320655941963196,-0.8542817234992981,-0.21280714869499207,0.5643489956855774,-0.6964337825775146,-0.20636221766471863,0.36664390563964844,-0.9298161268234253,-0.0318467877805233,0.4785008132457733,-1.1859482526779175,-0.24552643299102783,0.42710432410240173,-0.8707021474838257,-0.3109110891819,0.3963838219642639,-0.6925926804542542,-0.2844103276729584,0.11973049491643906,-0.9482901096343994,-0.0783059224486351,0.20370151102542877,-1.1604737043380737,-0.3025721311569214,0.23924608528614044,-0.805379331111908,-0.32609227299690247,0.24468208849430084,-0.5655969977378845,-0.25929826498031616,-0.12844406068325043,-0.942844808101654,-0.13041269779205322,-0.133394256234169,-1.3082550764083862,-0.23341913521289825,-0.11020152270793915,-1.5364186763763428,-0.2534782290458679,-0.07797665894031525,-1.7651201486587524,-0.23745296895503998
0.0,0.0,0.0,0.37614256143569946,-0.10200338810682297,-0.11724436283111572,0.6637293100357056,-0.3998076319694519,-0.16303591430187225,0.6860233545303345,-0.7297725081443787,-0.21929791569709778,0.4822551906108856,-0.9191455245018005,-0.24531731009483337,0.5873593091964722,-0.8776179552078247,-0.03663315251469612,0.7425005435943604,-1.1406440734863281,-0.2005736529827118,0.6486319303512573,-0.8563768267631531,-0.2588305175304413,0.583112895488739,-0.6917575597763062,-0.2531426250934601,0.35772696137428284,-0.9320803284645081,-0.057076260447502136,0.47040700912475586,-1.1760247945785522,-0.2776506841182709,0.4320026636123657,-0.8328409194946289,-0.3372621536254883,0.4010840058326721,-0.6428467035293579,-0.3083057105541229,0.11413068324327469,-0.9486186504364014,-0.10703878104686737,0.20121406018733978,-1.1551141738891602,-0.32872888445854187,0.24910274147987366,-0.799935519695282,-0.34643784165382385,0.25926440954208374,-0.561609148979187,-0.2781723439693451,-0.130326047539711,-0.9445822238922119,-0.16365207731723785,-0.12678146362304688,-1.3101154565811157,-0.26102352142333984,-0.09151461720466614,-1.534935712814331,-0.27769896388053894,-0.05300066992640495,-1.7533605098724365,-0.260048508644104
0.0,0.0,0.0,0.37632015347480774,-0.09214254468679428,-0.11536850035190582,0.6708922386169434,-0.40147340297698975,-0.15185165405273438,0.6945731043815613,-0.7306144833564758,-0.1984986811876297,0.4800950586795807,-0.9090883731842041,-0.2147413194179535,0.5798594951629639,-0.8820782899856567,-0.023135697469115257,0.7373847365379333,-1.1393239498138428,-0.18493635952472687,0.6406572461128235,-0.8591097593307495,-0.24271318316459656,0.5670405626296997,-0.6976844072341919,-0.23599718511104584,0.35051867365837097,-0.9354774951934814,-0.04492751508951187,0.4582441449165344,-1.1729655265808105,-0.26539453864097595,0.42556121945381165,-0.8407551646232605,-0.32938870787620544,0.39788946509361267,-0.6636245250701904,-0.30334383249282837,0.10555292665958405,-0.9488868117332458,-0.09705562889575958,0.19361376762390137,-1.1519614458084106,-0.326679527759552,0.24114635586738586,-0.7931441068649292,-0.34931185841560364,0.24787943065166473,-0.55736243724823,-0.2817692160606384,-0.14148688316345215,-0.945929765701294,-0.15510320663452148,-0.1413753479719162,-1.3158363103866577,-0.260436087846756,-0.10801221430301666,-1.547433853149414,-0.2811027765274048,-0.06685055792331696,-1.779242753982544,-0.2648458778858185
0.0,0.0,0.0,0.3807823956012726,-0.09077562391757965,-0.10704176872968674,0.6769846677780151,-0.3957129418849945,-0.1375243067741394,0.6958778500556946,-0.7273095846176147,-0.17798049747943878,0.4869609475135803,-0.9175308346748352,-0.1913554072380066,0.5886002779006958,-0.8749961853027344,-0.012782769277691841,0.7455841898918152,-1.12361478805542,-0.16818387806415558,0.640069305896759,-0.8570435643196106,-0.22564516961574554,0.5667791366577148,-0.692460298538208,-0.21882839500904083,0.36176788806915283,-0.9316269159317017,-0.034573137760162354,0.47777730226516724,-1.1864278316497803,-0.2473762035369873,0.4277653098106384,-0.8537918329238892,-0.31001293659210205,0.39740630984306335,-0.6524680256843567,-0.28149810433387756,0.11210379004478455,-0.9495429992675781,-0.08519013971090317,0.20426160097122192,-1.1488109827041626,-0.3092276155948639,0.2348821461200714,-0.790985643863678,-0.33333098888397217,0.23661048710346222,-0.5464184880256653,-0.2662218511104584,-0.14237257838249207,-0.9476150274276733,-0.14019417762756348,-0.14047850668430328,-1.3236385583877563,-0.24264630675315857,-0.12071680277585983,-1.5581269264221191,-0.26091596484184265,-0.09081478416919708,-1.7892589569091797,-0.24255047738552094
0.0,0.0,0.0,0.38107752799987793,-0.12233703583478928,-0.10846808552742004,0.6417269706726074,-0.4309140145778656,-0.14439989626407623,0.6397892236709595,-0.7711306214332581,-0.1941303163766861,0.4518101215362549,-0.9852415323257446,-0.22249794006347656,0.5518792867660522,-0.8921995759010315,0.010422714054584503,0.6639375686645508,-1.160900592803955,-0.14542944729328156,0.6101534366607666,-0.9209300875663757,-0.2212289571762085,0.5578356981277466,-0.7233957648277283,-0.22341637313365936,0.323585569858551,-0.9461721181869507,-0.007118127308785915,0.40902864933013916,-1.211611032485962,-0.2121884524822235,0.3916783332824707,-0.9116655588150024,-0.29823577404022217,0.35380563139915466,-0.694115936756134,-0.28679728507995605,0.07650546729564667,-0.9603615999221802,-0.05376620590686798,0.14407123625278473,-1.18411386013031,-0.2699151337146759,0.18416717648506165,-0.8558782935142517,-0.30908384919166565,0.18356989324092865,-0.6029623746871948,-0.2518824338912964,-0.1754464954137802,-0.9481425881385803,-0.10489942133426666,-0.19086888432502747,-1.3291038274765015,-0.20162253081798553,-0.17131607234477997,-1.5628665685653687,-0.21909864246845245,-0.14487102627754211,-1.7804629802703857,-0.19840751588344574
0.0,0.0,0.0,0.3543529808521271,-0.12102340906858444,-0.15650738775730133,0.5967648029327393,-0.45314258337020874,-0.21719828248023987,0.5648899674415588,-0.8084156513214111,-0.28146892786026,0.37818244099617004,-1.0267329216003418,-0.30790477991104126,0.5375200510025024,-0.8946565985679626,-0.034270625561475754,0.6547224521636963,-1.1784722805023193,-0.2072422057390213,0.561265766620636,-0.9204437732696533,-0.2766650319099426,0.5045855045318604,-0.7549170851707458,-0.27747642993927,0.30371108651161194,-0.9520719051361084,-0.036312948912382126,0.40440210700035095,-1.2359000444412231,-0.2573091387748718,0.3509228825569153,-0.9311440587043762,-0.32569774985313416,0.3144407868385315,-0.7576149702072144,-0.30059105157852173,0.06469336897134781,-0.9653835892677307,-0.07387028634548187,0.10983484983444214,-1.2098729610443115,-0.296224981546402,0.13364948332309723,-0.8844930529594421,-0.3118114769458771,0.13889995217323303,-0.6564353108406067,-0.2405269891023636,-0.17398692667484283,-0.9561800360679626,-0.12287527322769165,-0.19676506519317627,-1.3173418045043945,-0.22226276993751526,-0.19071628153324127,-1.543751835823059,-0.23623792827129364,-0.17485016584396362,-1.7745561599731445,-0.21408478915691376
0.0,0.0,0.0,0.36863845586776733,-0.11847291141748428,-0.16692177951335907,0.6074754595756531,-0.45529839396476746,-0.2305661141872406,0.5820647478103638,-0.8250061869621277,-0.296265572309494,0.38753369450569153,-1.0434906482696533,-0.3226901590824127,0.5516279339790344,-0.8845847845077515,-0.033315178006887436,0.6700972318649292,-1.179516315460205,-0.20904624462127686,0.5685948729515076,-0.9348927736282349,-0.28071483969688416,0.5150092244148254,-0.7762381434440613,-0.2846840023994446,0.318694144487381,-0.9474055171012878,-0.029272114858031273,0.4137152433395386,-1.2343425750732422,-0.2566424012184143,0.3495490550994873,-0.9389955401420593,-0.32582512497901917,0.31747493147850037,-0.7732217907905579,-0.3008350729942322,0.07993776351213455,-0.9659489989280701,-0.0626738965511322,0.12499864399433136,-1.2234693765640259,-0.2884564697742462,0.13676784932613373,-0.9042872190475464,-0.30041199922561646,0.13805441558361053,-0.6737886667251587,-0.22603729367256165,-0.15996447205543518,-0.9630036950111389,-0.10939499735832214,-0.1822057068347931,-1.3202918767929077,-0.2122785747051239,-0.17674419283866882,-1.5539296865463257,-0.23008674383163452,-0.15740162134170532,-1.7896610498428345,-0.21061134338378906
0.0,0.0,0.0,0.3594116270542145,-0.11403229087591171,-0.15392351150512695,0.5951905846595764,-0.46051570773124695,-0.20924514532089233,0.5863955616950989,-0.8363637328147888,-0.2697087824344635,0.3749823570251465,-1.0504791736602783,-0.2934599220752716,0.5335291624069214,-0.8870484828948975,-0.00969697255641222,0.6575502753257751,-1.1816341876983643,-0.1758204698562622,0.5487344861030579,-0.9502653479576111,-0.24762676656246185,0.479103684425354,-0.7872989177703857,-0.25199708342552185,0.3098996877670288,-0.9507288932800293,-0.008756499737501144,0.40116065740585327,-1.2420761585235596,-0.2242795079946518,0.3402048647403717,-0.9645377993583679,-0.29508888721466064,0.306270956993103,-0.8029703497886658,-0.272222101688385,0.07620496302843094,-0.9693039059638977,-0.04412959888577461,0.11609821021556854,-1.2211240530014038,-0.26096394658088684,0.1348537653684616,-0.9078075885772705,-0.27648404240608215,0.1349349021911621,-0.6759722828865051,-0.20535190403461456,-0.16040028631687164,-0.9683188199996948,-0.09166477620601654,-0.18285474181175232,-1.3236382007598877,-0.1891593188047409,-0.17547455430030823,-1.5614324808120728,-0.20602867007255554,-0.15443095564842224,-1.7983832359313965,-0.1867951601743698
0.0,0.0,0.0,0.37145471572875977,-0.11815044283866882,-0.14602632820606232,0.6098107695579529,-0.46111688017845154,-0.19442753493785858,0.5892232656478882,-0.8193331956863403,-0.2489413321018219,0.404264360666275,-1.0298441648483276,-0.2640213668346405,0.5560089945793152,-0.8867807388305664,-0.01598111167550087,0.6756798028945923,-1.1883045434951782,-0.17707683145999908,0.5742843151092529,-0.9294171929359436,-0.23513716459274292,0.5149698257446289,-0.774360179901123,-0.2321070283651352,0.33239656686782837,-0.9429441094398499,-0.019208399578928947,0.4181644022464752,-1.231142520904541,-0.2298833429813385,0.3682485818862915,-0.9188259243965149,-0.2876254916191101,0.3392128050327301,-0.764692485332489,-0.26077720522880554,0.1015230342745781,-0.9576801061630249,-0.058042798191308975,0.13217604160308838,-1.2171944379806519,-0.27617013454437256,0.1591065675020218,-0.8842517733573914,-0.28422027826309204,0.16317996382713318,-0.664165735244751,-0.2120363414287567,-0.13105471432209015,-0.9559101462364197,-0.10784975439310074,-0.1593616008758545,-1.3124651908874512,-0.20618747174739838,-0.15261851251125336,-1.535865306854248,-0.2195015549659729,-0.14155982434749603,-1.7726669311523438,-0.19995518028736115
0.0,0.0,0.0,0.4060058891773224,-0.09837107360363007,-0.10008633136749268,0.6780866980552673,-0.4275875985622406,-0.12577751278877258,0.6951502561569214,-0.7685176134109497,-0.16426153481006622,0.4788312613964081,-0.9468105435371399,-0.18209822475910187,0.5824840068817139,-0.8749943971633911,0.004476040601730347,0.7142537236213684,-1.1253037452697754,-0.12998463213443756,0.6030256152153015,-0.8912772536277771,-0.1930234432220459,0.5230943560600281,-0.7195984125137329,-0.19786566495895386,0.3368833661079407,-0.9414265751838684,-0.015018709003925323,0.4492160677909851,-1.2060683965682983,-0.20191612839698792,0.3805534541606903,-0.9023054838180542,-0.27465152740478516,0.3300324082374573,-0.6899033784866333,-0.25987592339515686,0.07899835705757141,-0.9680391550064087,-0.05981563776731491,0.1546085923910141,-1.188880443572998,-0.2511345446109772,0.17138922214508057,-0.8601168394088745,-0.27578499913215637,0.16362591087818146,-0.6118593215942383,-0.2182602882385254,-0.18028581142425537,-0.9678055047988892,-0.10994099080562592,-0.19210109114646912,-1.3453329801559448,-0.19338619709014893,-0.18016508221626282,-1.5828423500061035,-0.20425206422805786,-0.15186728537082672,-1.8121495246887207,-0.1849941611289978
0.0,0.0,0.0,0.38865840435028076,-0.10701671987771988,-0.10000959038734436,0.6641668081283569,-0.431234747171402,-0.13410556316375732,0.7114676237106323,-0.7729214429855347,-0.1822083592414856,0.5384824872016907,-0.9944704174995422,-0.20841746032238007,0.5928019285202026,-0.8748781681060791,-0.00908144935965538,0.7243620753288269,-1.150125503540039,-0.1643504500389099,0.6371268033981323,-0.8960046172142029,-0.2353808581829071,0.5710488557815552,-0.7096837162971497,-0.23908039927482605,0.3581700026988983,-0.9330185055732727,-0.034505221992731094,0.46889686584472656,-1.2227452993392944,-0.24152372777462006,0.41868868470191956,-0.9004235863685608,-0.31823503971099854,0.3756624460220337,-0.6714687943458557,-0.30270838737487793,0.10312146693468094,-0.956046998500824,-0.0866892859339714,0.1809660792350769,-1.2070292234420776,-0.2903772294521332,0.21560683846473694,-0.8881258964538574,-0.31875061988830566,0.2211785763502121,-0.6439788937568665,-0.2637956142425537,-0.15310166776180267,-0.954349935054779,-0.14438749849796295,-0.175664484500885,-1.344623327255249,-0.23550169169902802,-0.16027645766735077,-1.594662070274353,-0.2530277669429779,-0.12983201444149017,-1.8310726881027222,-0.23888254165649414
0.0,0.0,0.0,0.37255480885505676,-0.10452401638031006,-0.14589306712150574,0.6474891304969788,-0.43945613503456116,-0.19625207781791687,0.6371965408325195,-0.8134724497795105,-0.24874718487262726,0.4676927626132965,-1.0484321117401123,-0.2681722342967987,0.6027523875236511,-0.8691724538803101,-0.03250926733016968,0.7020251750946045,-1.1611618995666504,-0.19255828857421875,0.6229172348976135,-0.9149253368377686,-0.25834235548973083,0.5763697624206543,-0.7400603294372559,-0.2597310245037079,0.3588341474533081,-0.9327675700187683,-0.03438803553581238,0.43319782614707947,-1.2148849964141846,-0.24023494124412537,0.399116575717926,-0.9184561967849731,-0.30695632100105286,0.38069644570350647,-0.7379574179649353,-0.2882848381996155,0.10962677001953125,-0.9518613815307617,-0.06934961676597595,0.1566658467054367,-1.212404489517212,-0.28329306840896606,0.1997753530740738,-0.907319962978363,-0.30438125133514404,0.2176089882850647,-0.6785796880722046,-0.2443227767944336,-0.14346502721309662,-0.9439826607704163,-0.11391030251979828,-0.17054098844528198,-1.3142801523208618,-0.21668796241283417,-0.16739296913146973,-1.558387041091919,-0.23768989741802216,-0.15341342985630035,-1.8003270626068115,-0.2239913046360016
0.0,0.0,0.0,0.3748084604740143,-0.14048884809017181,-0.12408517301082611,0.6170276999473572,-0.49092110991477966,-0.16583377122879028,0.6023340225219727,-0.8593848943710327,-0.21581052243709564,0.4256874620914459,-1.0864787101745605,-0.2327718287706375,0.5699667930603027,-0.8834744095802307,-0.006731447763741016,0.6883149743080139,-1.1977232694625854,-0.1547507792711258,0.5985969305038452,-0.9541451334953308,-0.2144945114850998,0.5484730005264282,-0.795194149017334,-0.215470090508461,0.32749348878860474,-0.9446529150009155,-0.01946856826543808,0.42526277899742126,-1.2589390277862549,-0.21813945472240448,0.3695063292980194,-0.961115300655365,-0.28192582726478577,0.3368900418281555,-0.7781783938407898,-0.2603025734424591,0.07934925705194473,-0.9663282036781311,-0.06266583502292633,0.12682873010635376,-1.2533048391342163,-0.2620762586593628,0.16362686455249786,-0.9564296007156372,-0.2759621739387512,0.17951248586177826,-0.7328296303749084,-0.21323630213737488,-0.16933539509773254,-0.966609537601471,-0.1147141307592392,-0.20574399828910828,-1.3424755334854126,-0.20169708132743835,-0.20361705124378204,-1.581760048866272,-0.21220383048057556,-0.18779127299785614,-1.81684410572052,-0.1935209482908249
0.0,0.0,0.0,0.3555072844028473,-0.14335477352142334,-0.13552117347717285,0.5776008367538452,-0.49002763628959656,-0.19464151561260223,0.5734823942184448,-0.869779109954834,-0.26155364513397217,0.42497414350509644,-1.1121346950531006,-0.2954915761947632,0.5619998574256897,-0.8840841054916382,-0.02031387947499752,0.6725969910621643,-1.2081875801086426,-0.18869760632514954,0.5913893580436707,-0.9844611883163452,-0.26524317264556885,0.5224751830101013,-0.791222333908081,-0.2711065709590912,0.32275399565696716,-0.9461111426353455,-0.026524676010012627,0.40608343482017517,-1.2726659774780273,-0.23463502526283264,0.3540476858615875,-0.9780917763710022,-0.3069468140602112,0.30783191323280334,-0.7826374769210815,-0.2885967493057251,0.08435836434364319,-0.9692006707191467,-0.06489340960979462,0.11639106273651123,-1.275349497795105,-0.2643476128578186,0.15989410877227783,-0.9939623475074768,-0.28342747688293457,0.17314593493938446,-0.7677345275878906,-0.2249627411365509,-0.1540737748146057,-0.9630520343780518,-0.1134716048836708,-0.20107582211494446,-1.3302884101867676,-0.19924961030483246,-0.200394868850708,-1.571095585823059,-0.21530240774154663,-0.1898123174905777,-1.8105922937393188,-0.20111367106437683
0.0,0.0,0.0,0.385641485452652,-0.1379845291376114,-0.11678506433963776,0.6117504239082336,-0.49443498253822327,-0.158015638589859,0.5994536280632019,-0.8623338341712952,-0.2096138596534729,0.42954394221305847,-1.0929429531097412,-0.22576062381267548,0.5673964619636536,-0.8788816928863525,-0.020940175279974937,0.6928843259811401,-1.2131383419036865,-0.17419645190238953,0.5928647518157959,-0.9646896719932556,-0.2266329526901245,0.5333121418952942,-0.7976910471916199,-0.22204312682151794,0.32884886860847473,-0.9437005519866943,-0.03588491678237915,0.41544467210769653,-1.2559036016464233,-0.23381803929805756,0.3599916994571686,-0.9502984881401062,-0.283132404088974,0.33240464329719543,-0.7872214913368225,-0.2553570866584778,0.08519317209720612,-0.9678213596343994,-0.08123910427093506,0.11988364905118942,-1.2651760578155518,-0.27924978733062744,0.16159652173519135,-0.9545458555221558,-0.28155168890953064,0.17994330823421478,-0.7315388917922974,-0.21503175795078278,-0.15489082038402557,-0.972402036190033,-0.135172501206398,-0.1901216208934784,-1.345567226409912,-0.2254333645105362,-0.19001688063144684,-1.5860769748687744,-0.2378627359867096,-0.18339258432388306,-1.8347821235656738,-0.2227797508239746
0.0,0.0,0.0,0.39177295565605164,-0.12463628500699997,-0.1281491369009018,0.6562439203262329,-0.4677335023880005,-0.17677663266658783,0.672122597694397,-0.836006224155426,-0.2336292862892151,0.48476675152778625,-1.0411471128463745,-0.2582760453224182,0.5897250175476074,-0.8705347776412964,-0.03319956362247467,0.7229294776916504,-1.1885862350463867,-0.19354049861431122,0.6220297813415527,-0.9504618048667908,-0.25877079367637634,0.554960310459137,-0.7802233695983887,-0.2618212103843689,0.3486172556877136,-0.9360826015472412,-0.04706696420907974,0.44172272086143494,-1.2440296411514282,-0.24979405105113983,0.39436644315719604,-0.9513287544250488,-0.31166696548461914,0.36720848083496094,-0.7803739905357361,-0.2922324538230896,0.10282769054174423,-0.9628536701202393,-0.09145967662334442,0.15015649795532227,-1.249010682106018,-0.29338619112968445,0.20051209628582,-0.9435948133468628,-0.30800920724868774,0.2202926129102707,-0.7184897065162659,-0.24875812232494354,-0.14052022993564606,-0.9688062071800232,-0.14544352889060974,-0.1639672815799713,-1.344129204750061,-0.23405136168003082,-0.1546061486005783,-1.5867598056793213,-0.24852468073368073,-0.1374906301498413,-1.8354403972625732,-0.2355184406042099
0.0,0.0,0.0,0.38712558150291443,-0.14143860340118408,-0.12094243615865707,0.6202124953269958,-0.4897812604904175,-0.15694177150726318,0.5938388109207153,-0.845087468624115,-0.2050248384475708,0.43620139360427856,-1.0756953954696655,-0.22311408817768097,0.5900516510009766,-0.8709185719490051,0.004132600035518408,0.6897674202919006,-1.171398639678955,-0.1467677801847458,0.5872282981872559,-0.9381455183029175,-0.2082947939634323,0.5218837857246399,-0.748238742351532,-0.20769144594669342,0.3436915874481201,-0.9390321969985962,-0.00973527878522873,0.4257811903953552,-1.2300324440002441,-0.21984750032424927,0.3572918474674225,-0.9058659076690674,-0.29121309518814087,0.30403733253479004,-0.6894450187683105,-0.2710350453853607,0.09515535086393356,-0.966896116733551,-0.05540269613265991,0.13614453375339508,-1.2411681413650513,-0.27028465270996094,0.1547136753797531,-0.9179157614707947,-0.2921232581138611,0.1506832093000412,-0.669342577457428,-0.22906263172626495,-0.15337488055229187,-0.9752990007400513,-0.10868608951568604,-0.1767224222421646,-1.355369210243225,-0.20512941479682922,-0.16370844841003418,-1.5975852012634277,-0.22160135209560394,-0.14263848960399628,-1.8396459817886353,-0.20551760494709015
0.0,0.0,0.0,0.38793832063674927,-0.1294368952512741,-0.14343881607055664,0.6286190748214722,-0.45243149995803833,-0.19704201817512512,0.568350076675415,-0.7972255349159241,-0.257770299911499,0.40298202633857727,-1.0124362707138062,-0.28569114208221436,0.5523192882537842,-0.9078044891357422,-0.02950884774327278,0.6426258087158203,-1.212394118309021,-0.20857273042201996,0.5645883679389954,-0.9548046588897705,-0.28396880626678467,0.5177059769630432,-0.7572879791259766,-0.2843354344367981,0.29845672845840454,-0.95374995470047,-0.035842131823301315,0.3797862231731415,-1.2400860786437988,-0.2661651074886322,0.33816322684288025,-0.9041287899017334,-0.342169851064682,0.30121561884880066,-0.6864964365959167,-0.31935355067253113,0.05030585452914238,-0.9610388875007629,-0.0770082175731659,0.0885760635137558,-1.2068248987197876,-0.3074335753917694,0.11811154335737228,-0.8797718286514282,-0.3320738971233368,0.12066905945539474,-0.6343371868133545,-0.26413679122924805,-0.19374985992908478,-0.9464610815048218,-0.12747086584568024,-0.21905024349689484,-1.330864667892456,-0.2294415831565857,-0.21123775839805603,-1.5735673904418945,-0.24725109338760376,-0.20070426166057587,-1.8078855276107788,-0.22738777101039886
0.0,0.0,0.0,0.3893835246562958,-0.13597409427165985,-0.12092043459415436,0.6607126593589783,-0.46115565299987793,-0.16073429584503174,0.60678631067276,-0.8053326606750488,-0.20676758885383606,0.3712024986743927,-0.9784145355224609,-0.22512173652648926,0.549346923828125,-0.9007358551025391,-0.03422356769442558,0.674635648727417,-1.1845639944076538,-0.1902008205652237,0.5832262635231018,-0.9350453615188599,-0.25079822540283203,0.5248402953147888,-0.7508994340896606,-0.2494073212146759,0.30662834644317627,-0.9506614804267883,-0.04713628068566322,0.4013531506061554,-1.2405089139938354,-0.26266539096832275,0.3472726345062256,-0.9188483953475952,-0.33054032921791077,0.3100869059562683,-0.6946369409561157,-0.30733034014701843,0.05887772515416145,-0.9627426266670227,-0.08827996999025345,0.10758732259273529,-1.2032133340835571,-0.3053225874900818,0.13177047669887543,-0.8715781569480896,-0.32976287603378296,0.1348632276058197,-0.6160039305686951,-0.2673048675060272,-0.18990112841129303,-0.9567632079124451,-0.13612116873264313,-0.20873482525348663,-1.340733289718628,-0.24190931022167206,-0.20120766758918762,-1.591429591178894,-0.268913596868515,-0.18453757464885712,-1.8293418884277344,-0.25893884897232056
0.0,0.0,0.0,0.3661215007305145,-0.12388253211975098,-0.1328108161687851,0.6265310049057007,-0.4315982162952423,-0.18133443593978882,0.5981218218803406,-0.7587451934814453,-0.23389832675457,0.38904324173927307,-0.9472456574440002,-0.2582429051399231,0.5149569511413574,-0.9096670746803284,-0.04179498553276062,0.636409342288971,-1.171028733253479,-0.19735723733901978,0.5481351613998413,-0.9261894226074219,-0.26240217685699463,0.4855598211288452,-0.7407558560371399,-0.26410582661628723,0.2798379957675934,-0.9587135910987854,-0.05058513581752777,0.3728191554546356,-1.250140905380249,-0.26470693945884705,0.3281545042991638,-0.9489767551422119,-0.3376796841621399,0.28887316584587097,-0.7318525910377502,-0.31782230734825134,0.0360884927213192,-0.9666737914085388,-0.08773989230394363,0.09359808266162872,-1.199204921722412,-0.301764577627182,0.11676447838544846,-0.8692354559898376,-0.3253614902496338,0.11100692301988602,-0.6158385872840881,-0.26216065883636475,-0.2067641317844391,-0.9486954808235168,-0.1330423355102539,-0.23964658379554749,-1.3269060850143433,-0.23690782487392426,-0.23759956657886505,-1.5724761486053467,-0.2600206434726715,-0.22944647073745728,-1.8070217370986938,-0.2458449751138687
0.0,0.0,0.0,0.36136341094970703,-0.11561567336320877,-0.12180487811565399,0.623275876045227,-0.3954685926437378,-0.1703060120344162,0.5856580138206482,-0.6914682984352112,-0.22332526743412018,0.3643636703491211,-0.8518027663230896,-0.24910806119441986,0.5251067876815796,-0.9119914174079895,-0.05734367296099663,0.6385790109634399,-1.1854597330093384,-0.21833990514278412,0.5498734712600708,-0.9359843730926514,-0.28238728642463684,0.4887928068637848,-0.7563519477844238,-0.28269851207733154,0.27753952145576477,-0.9577813148498535,-0.07501208037137985,0.3642599880695343,-1.2746587991714478,-0.29193904995918274,0.3270643949508667,-0.9597789645195007,-0.3587685227394104,0.29426878690719604,-0.7402170896530151,-0.3343333303928375,0.027036111801862717,-0.9594628810882568,-0.11846474558115005,0.0721302255988121,-1.1889582872390747,-0.33119305968284607,0.10614334046840668,-0.8549404740333557,-0.34822767972946167,0.11348983645439148,-0.6105921268463135,-0.281983882188797,-0.21910783648490906,-0.9350667595863342,-0.16892579197883606,-0.26026448607444763,-1.30745267868042,-0.26706308126449585,-0.2659202814102173,-1.5379823446273804,-0.2813805639743805,-0.2647222578525543,-1.7617923021316528,-0.2619982659816742
0.0,0.0,0.0,0.34297236800193787,-0.1075158342719078,-0.13587088882923126,0.5982638597488403,-0.3726532459259033,-0.19905631244182587,0.5419931411743164,-0.6358022093772888,-0.26466891169548035,0.3238544762134552,-0.7784789800643921,-0.2972017228603363,0.5238598585128784,-0.9082103967666626,-0.07435904443264008,0.653927206993103,-1.167979121208191,-0.2464621216058731,0.567348301410675,-0.8962287306785583,-0.31157761812210083,0.5039936304092407,-0.7197659611701965,-0.3110843598842621,0.2806463837623596,-0.9556251168251038,-0.0895443707704544,0.3720489740371704,-1.2464686632156372,-0.3137829899787903,0.34544870257377625,-0.9300431609153748,-0.3761354982852936,0.3248344659805298,-0.7413792014122009,-0.34942469000816345,0.030378660187125206,-0.9563857316970825,-0.1335240602493286,0.07154586166143417,-1.1771937608718872,-0.3519724905490875,0.12188298255205154,-0.8315765261650085,-0.3647308647632599,0.14410021901130676,-0.5943015813827515,-0.2957612872123718,-0.2143997848033905,-0.9296475648880005,-0.18626631796360016,-0.26224157214164734,-1.2846755981445312,-0.2838370203971863,-0.2763770520687103,-1.5028417110443115,-0.29570528864860535,-0.28391486406326294,-1.7278343439102173,-0.27544105052948
0.0,0.0,0.0,0.3447214961051941,-0.10919184237718582,-0.1273101568222046,0.6032679080963135,-0.36743608117103577,-0.19134804606437683,0.5308706164360046,-0.6191396117210388,-0.25832945108413696,0.314673513174057,-0.7541893720626831,-0.2927479147911072,0.5340086221694946,-0.9071556925773621,-0.08165579289197922,0.6559618711471558,-1.1592941284179688,-0.24964368343353271,0.5810601115226746,-0.8766138553619385,-0.31281110644340515,0.5281451940536499,-0.7022074460983276,-0.3138531446456909,0.2868804335594177,-0.9526429176330566,-0.10085218399763107,0.37708622217178345,-1.2257329225540161,-0.3170028328895569,0.3521173298358917,-0.8982393145561218,-0.37512269616127014,0.3275933563709259,-0.712384045124054,-0.35058003664016724,0.03608926013112068,-0.9495910406112671,-0.14695315062999725,0.070737823843956,-1.1643446683883667,-0.35775914788246155,0.12340100854635239,-0.8145065307617188,-0.3676071763038635,0.14579898118972778,-0.5787482857704163,-0.30199334025382996,-0.20555275678634644,-0.916163444519043,-0.20079992711544037,-0.2698071002960205,-1.2723807096481323,-0.29452407360076904,-0.28905627131462097,-1.487209439277649,-0.3033037781715393,-0.3009417653083801,-1.7154995203018188,-0.2835104763507843
0.0,0.0,0.0,0.34419193863868713,-0.08907538652420044,-0.14008405804634094,0.5966100692749023,-0.31808236241340637,-0.21490073204040527,0.5355721712112427,-0.5508314967155457,-0.2930581569671631,0.3280441164970398,-0.6731812357902527,-0.3367975056171417,0.546978771686554,-0.9022220969200134,-0.09378919750452042,0.6762120127677917,-1.1355080604553223,-0.27835559844970703,0.5983044505119324,-0.8493652939796448,-0.351198673248291,0.5381765961647034,-0.6807036995887756,-0.3531262278556824,0.29579782485961914,-0.9488044381141663,-0.11078723520040512,0.39861035346984863,-1.1854472160339355,-0.3362556993961334,0.3668440282344818,-0.8490593433380127,-0.39679718017578125,0.34373289346694946,-0.6803866624832153,-0.37136876583099365,0.0416979044675827,-0.9472995400428772,-0.15730662643909454,0.08635666966438293,-1.1137617826461792,-0.3757038712501526,0.13559119403362274,-0.7543845176696777,-0.3886438310146332,0.15875530242919922,-0.5262721180915833,-0.3205547332763672,-0.20283058285713196,-0.9133816361427307,-0.21294353902339935,-0.26012885570526123,-1.276483178138733,-0.3026372492313385,-0.28095901012420654,-1.486256718635559,-0.30629509687423706,-0.29254427552223206,-1.7058213949203491,-0.2806137800216675
0.0,0.0,0.0,0.32851994037628174,-0.08194471150636673,-0.1460457295179367,0.582709550857544,-0.2942732870578766,-0.23066473007202148,0.5505354404449463,-0.5213823318481445,-0.31660470366477966,0.34827807545661926,-0.6345518231391907,-0.3659723401069641,0.5711344480514526,-0.8834149837493896,-0.10187669843435287,0.6908928155899048,-1.0877389907836914,-0.2832334637641907,0.6030041575431824,-0.7942913770675659,-0.3543582856655121,0.5360537767410278,-0.6481247544288635,-0.3618597388267517,0.32518264651298523,-0.9381370544433594,-0.11897541582584381,0.41798490285873413,-1.155472993850708,-0.3419598639011383,0.3781309127807617,-0.802514910697937,-0.3943747580051422,0.35631152987480164,-0.6534541845321655,-0.36762720346450806,0.07329316437244415,-0.9368478655815125,-0.16558988392353058,0.11856657266616821,-1.0909836292266846,-0.38624995946884155,0.16373424232006073,-0.7261733412742615,-0.3908160626888275,0.1847335696220398,-0.5139952301979065,-0.32082778215408325,-0.16800297796726227,-0.9009253978729248,-0.22160156071186066,-0.2227962166070938,-1.2401556968688965,-0.3168637156486511,-0.25107571482658386,-1.4347209930419922,-0.3193471431732178,-0.2706705927848816,-1.653952717781067,-0.2942202389240265
0.0,0.0,0.0,0.33107006549835205,-0.08146464079618454,-0.15335670113563538,0.5952765345573425,-0.2797384262084961,-0.24870161712169647,0.5685774087905884,-0.5055045485496521,-0.34357964992523193,0.36501988768577576,-0.6157423257827759,-0.402957946062088,0.5772255063056946,-0.8819960355758667,-0.11812424659729004,0.6923682689666748,-1.043465495109558,-0.3062293529510498,0.5947042107582092,-0.7498612999916077,-0.3824392557144165,0.5249692797660828,-0.6098012328147888,-0.39500826597213745,0.3286377787590027,-0.9343872666358948,-0.13754098117351532,0.4381970763206482,-1.1379921436309814,-0.37394991517066956,0.38641029596328735,-0.7828841209411621,-0.43253761529922485,0.3550684154033661,-0.6290316581726074,-0.40743327140808105,0.07251984626054764,-0.9302353858947754,-0.18636293709278107,0.12458017468452454,-1.057282567024231,-0.42286282777786255,0.17296102643013,-0.6883165240287781,-0.4347323775291443,0.1977856159210205,-0.4737934172153473,-0.36626410484313965,-0.1706244796514511,-0.8891198039054871,-0.24412548542022705,-0.22400426864624023,-1.221670150756836,-0.3511238694190979,-0.25666913390159607,-1.4162906408309937,-0.36003345251083374,-0.278347909450531,-1.6393890380859375,-0.3388322591781616
0.0,0.0,0.0,0.3365476131439209,-0.06878279149532318,-0.16477128863334656,0.6007537841796875,-0.2394537478685379,-0.27479246258735657,0.6100499629974365,-0.4565798342227936,-0.38613972067832947,0.40881094336509705,-0.5736051201820374,-0.46376731991767883,0.595117449760437,-0.8734830617904663,-0.12720899283885956,0.7158305048942566,-1.0124485492706299,-0.3328881859779358,0.6210450530052185,-0.7176047563552856,-0.4246998429298401,0.5458070635795593,-0.5713753700256348,-0.4452589154243469,0.3496660590171814,-0.9254512786865234,-0.14585456252098083,0.4659428298473358,-1.104192852973938,-0.39861172437667847,0.4124242067337036,-0.7385735511779785,-0.47007426619529724,0.37496834993362427,-0.5739780068397522,-0.45160794258117676,0.0926908478140831,-0.9163148403167725,-0.1959105283021927,0.15371745824813843,-1.0205185413360596,-0.44500938057899475,0.19467788934707642,-0.6535568833351135,-0.4662151336669922,0.21000052988529205,-0.44117021560668945,-0.4011712968349457,-0.15041624009609222,-0.8687178492546082,-0.25595444440841675,-0.1976664662361145,-1.1919355392456055,-0.3731861114501953,-0.2304161638021469,-1.3901432752609253,-0.391981303691864,-0.2541745901107788,-1.6159178018569946,-0.3757625222206116
0.0,0.0,0.0,0.351049542427063,-0.10618460178375244,-0.12635532021522522,0.5960246920585632,-0.35269638895988464,-0.18919304013252258,0.5283553004264832,-0.5856767892837524,-0.2536137104034424,0.3137039244174957,-0.6895439624786377,-0.285861998796463,0.5638284087181091,-0.8932594060897827,-0.08688591420650482,0.695644736289978,-1.1125465631484985,-0.2525753378868103,0.5886749625205994,-0.8428303599357605,-0.31844690442085266,0.5082662105560303,-0.685691237449646,-0.3249710500240326,0.3163547217845917,-0.9423028230667114,-0.1094764769077301,0.4182513356208801,-1.201819896697998,-0.32717835903167725,0.36794495582580566,-0.8801155686378479,-0.3897826075553894,0.33567148447036743,-0.7012694478034973,-0.3702016770839691,0.05604911968111992,-0.9442805647850037,-0.1589050590991974,0.09844762086868286,-1.1065762042999268,-0.3774050176143646,0.1285988986492157,-0.7641375064849854,-0.40412798523902893,0.1368046998977661,-0.5389547944068909,-0.34975823760032654,-0.19375164806842804,-0.9194585680961609,-0.21474988758563995,-0.26590168476104736,-1.2805824279785156,-0.31975385546684265,-0.31288859248161316,-1.5034112930297852,-0.3418947458267212,-0.3492327332496643,-1.733572006225586,-0.33230122923851013
0.0,0.0,0.0,0.353594571352005,-0.11988914757966995,-0.14034192264080048,0.5819209218025208,-0.3773288428783417,-0.20878542959690094,0.4862072169780731,-0.6374741196632385,-0.2764953672885895,0.25976550579071045,-0.7657848000526428,-0.3113112151622772,0.5428966879844666,-0.8962206840515137,-0.09661223739385605,0.655157744884491,-1.1652944087982178,-0.2696340084075928,0.5442147850990295,-0.8980426788330078,-0.33965638279914856,0.4723436236381531,-0.7121103405952454,-0.3451196253299713,0.2959260046482086,-0.9487894177436829,-0.11057339608669281,0.38194477558135986,-1.2632688283920288,-0.33923739194869995,0.3262401819229126,-0.9400556087493896,-0.4085172414779663,0.2926410138607025,-0.7320895195007324,-0.38709795475006104,0.03877808153629303,-0.9536405801773071,-0.15199780464172363,0.05202983319759369,-1.1693795919418335,-0.37501260638237,0.08501461148262024,-0.8422014713287354,-0.403471976518631,0.10433954745531082,-0.607357919216156,-0.3464604318141937,-0.21176934242248535,-0.9326058030128479,-0.2011377364397049,-0.28865793347358704,-1.3056079149246216,-0.30979079008102417,-0.34417039155960083,-1.5478087663650513,-0.33530372381210327,-0.38987302780151367,-1.7887598276138306,-0.32591530680656433
0.0,0.0,0.0,0.3483597934246063,-0.11918184906244278,-0.14968045055866241,0.577631413936615,-0.3851644694805145,-0.22130300104618073,0.4698106050491333,-0.6577993035316467,-0.28917035460472107,0.23809152841567993,-0.7940611243247986,-0.3234810531139374,0.535325825214386,-0.8928062319755554,-0.11512729525566101,0.6475909352302551,-1.195527195930481,-0.2869604229927063,0.5150442719459534,-0.9293931722640991,-0.3569204807281494,0.4314330220222473,-0.7311678528785706,-0.3630577325820923,0.27839139103889465,-0.9528068900108337,-0.12106744945049286,0.36834049224853516,-1.2883594036102295,-0.340011328458786,0.2871905267238617,-0.9745848178863525,-0.4054664373397827,0.23758713901042938,-0.7609878182411194,-0.3847922682762146,0.020775068551301956,-0.962759792804718,-0.15345768630504608,0.032899465411901474,-1.2109988927841187,-0.3621174395084381,0.03863722085952759,-0.8994374871253967,-0.3839089572429657,0.04082933068275452,-0.6626968383789062,-0.32687851786613464,-0.22546768188476562,-0.9402440786361694,-0.1950138956308365,-0.3127318024635315,-1.3263695240020752,-0.2959727942943573,-0.37558186054229736,-1.576545000076294,-0.31878411769866943,-0.4225347638130188,-1.8173739910125732,-0.3085981011390686
0.0,0.0,0.0,0.3449161648750305,-0.11451338231563568,-0.1867550015449524,0.5341928005218506,-0.39728179574012756,-0.2725529074668884,0.41029092669487,-0.67113196849823,-0.34983909130096436,0.1809016764163971,-0.8034041523933411,-0.38839614391326904,0.5019651651382446,-0.8975664973258972,-0.13718260824680328,0.592022716999054,-1.2029176950454712,-0.32846543192863464,0.46115368604660034,-0.9459829330444336,-0.41160398721694946,0.38804391026496887,-0.7443093657493591,-0.42443880438804626,0.2422180026769638,-0.9617026448249817,-0.128290057182312,0.320615291595459,-1.294060230255127,-0.36439239978790283,0.22427710890769958,-0.9907006025314331,-0.43757307529449463,0.1793566197156906,-0.7907906174659729,-0.4186609387397766,-0.01896679401397705,-0.9724633097648621,-0.15144316852092743,-0.020215626806020737,-1.2075423002243042,-0.3764987587928772,-0.037280719727277756,-0.897662878036499,-0.40073901414871216,-0.034681133925914764,-0.6609257459640503,-0.3399915397167206,-0.2630615532398224,-0.9498981833457947,-0.1878235787153244,-0.35427454113960266,-1.3298567533493042,-0.29645687341690063,-0.42802679538726807,-1.579003930091858,-0.32160213589668274,-0.4753885567188263,-1.8118908405303955,-0.31039291620254517
0.0,0.0,0.0,0.3450605571269989,-0.12387171387672424,-0.1819234937429428,0.5259806513786316,-0.39787736535072327,-0.27227717638015747,0.3994399309158325,-0.663425862789154,-0.35752931237220764,0.17297299206256866,-0.7927994132041931,-0.40569618344306946,0.51148521900177,-0.8964157104492188,-0.13544732332229614,0.5924409627914429,-1.1981983184814453,-0.3343103528022766,0.45781180262565613,-0.9576488137245178,-0.4254453182220459,0.38409391045570374,-0.7499373555183411,-0.4430301785469055,0.24248257279396057,-0.9613546133041382,-0.13038234412670135,0.3057171106338501,-1.273452639579773,-0.3739374279975891,0.20198211073875427,-0.9701452851295471,-0.45025667548179626,0.16158343851566315,-0.7640208601951599,-0.4325401484966278,-0.020669005811214447,-0.9724087715148926,-0.1579425036907196,-0.02483830600976944,-1.2093907594680786,-0.38760867714881897,-0.056338950991630554,-0.9063933491706848,-0.4109093248844147,-0.05447264388203621,-0.6700987815856934,-0.3483271300792694,-0.26228541135787964,-0.9455606937408447,-0.19891418516635895,-0.35481470823287964,-1.3222354650497437,-0.31173259019851685,-0.43957939743995667,-1.5714489221572876,-0.3365343511104584,-0.49005788564682007,-1.7996301651000977,-0.3228533864021301
0.0,0.0,0.0,0.34250715374946594,-0.1183677539229393,-0.20563122630119324,0.5068973898887634,-0.4035348892211914,-0.29667508602142334,0.3710184693336487,-0.6801009178161621,-0.37747320532798767,0.137690007686615,-0.8196011781692505,-0.41813749074935913,0.49593374133110046,-0.9035602807998657,-0.13015323877334595,0.5594775080680847,-1.1859898567199707,-0.3306009769439697,0.44001486897468567,-0.9456747770309448,-0.4236050248146057,0.3808596730232239,-0.7522019147872925,-0.441633015871048,0.23316065967082977,-0.9660722613334656,-0.11108797043561935,0.2840576767921448,-1.2646070718765259,-0.3538932204246521,0.19057607650756836,-0.9755677580833435,-0.4323645532131195,0.15860280394554138,-0.7909055352210999,-0.4156339764595032,-0.026820311322808266,-0.972599983215332,-0.12881802022457123,-0.037555187940597534,-1.1750380992889404,-0.3661734461784363,-0.06430176645517349,-0.878294825553894,-0.3969365060329437,-0.06291144341230392,-0.6552298069000244,-0.33611860871315,-0.26686999201774597,-0.9468660354614258,-0.16137154400348663,-0.3547721207141876,-1.314351201057434,-0.27824312448501587,-0.4315145015716553,-1.5555346012115479,-0.30610835552215576,-0.4787106513977051,-1.7758591175079346,-0.2926850914955139
0.0,0.0,0.0,0.3443279266357422,-0.12150727212429047,-0.19265946745872498,0.4997263252735138,-0.39963117241859436,-0.27587684988975525,0.33735039830207825,-0.6632046103477478,-0.35082411766052246,0.09980360418558121,-0.7855267524719238,-0.38841965794563293,0.5033613443374634,-0.8967774510383606,-0.12472355365753174,0.561826765537262,-1.1953072547912598,-0.3155309557914734,0.42011094093322754,-0.9641666412353516,-0.4048202633857727,0.35017552971839905,-0.7663072943687439,-0.4221705198287964,0.2320922464132309,-0.9665901064872742,-0.10879705101251602,0.28332284092903137,-1.277450680732727,-0.3453972041606903,0.16261820495128632,-0.9872867465019226,-0.42590054869651794,0.11807677894830704,-0.7876830101013184,-0.41045430302619934,-0.030324554070830345,-0.9774741530418396,-0.12636642158031464,-0.047785233706235886,-1.2004194259643555,-0.35670724511146545,-0.10443547368049622,-0.9275224208831787,-0.39539921283721924,-0.11630769073963165,-0.7125391960144043,-0.3407767117023468,-0.2701208293437958,-0.9486684203147888,-0.15658773481845856,-0.35688307881355286,-1.325359582901001,-0.26939845085144043,-0.44838035106658936,-1.5722566843032837,-0.29883891344070435,-0.505868673324585,-1.7888277769088745,-0.2867037355899811
0.0,0.0,0.0,0.34068992733955383,-0.11910106986761093,-0.20113533735275269,0.4957440197467804,-0.4116899371147156,-0.28741371631622314,0.31200191378593445,-0.6742778420448303,-0.36495551466941833,0.06185000017285347,-0.7918752431869507,-0.403237521648407,0.4927242696285248,-0.897691011428833,-0.14115764200687408,0.5338549613952637,-1.2041598558425903,-0.3360980451107025,0.3805677592754364,-0.9679760336875916,-0.4230731129646301,0.3203655183315277,-0.7551180720329285,-0.44229575991630554,0.21724559366703033,-0.9682430624961853,-0.12373189628124237,0.25352323055267334,-1.2723408937454224,-0.37636274099349976,0.1231900155544281,-0.9603039622306824,-0.4604918956756592,0.08758217096328735,-0.7457448244094849,-0.446353554725647,-0.04685452952980995,-0.977417528629303,-0.14073939621448517,-0.07843132317066193,-1.215842366218567,-0.3829024136066437,-0.13719311356544495,-0.9246147871017456,-0.4232349693775177,-0.13790489733219147,-0.6918951869010925,-0.3696334660053253,-0.2852233350276947,-0.9462351202964783,-0.17173102498054504,-0.38463711738586426,-1.3177191019058228,-0.3000773787498474,-0.48319125175476074,-1.563402771949768,-0.3435784578323364,-0.537945568561554,-1.7804981470108032,-0.34163281321525574
0.0,0.0,0.0,0.33682945370674133,-0.11105392128229141,-0.2003905475139618,0.5076740980148315,-0.42214179039001465,-0.285889208316803,0.32782337069511414,-0.6929849982261658,-0.3615666627883911,0.06746521592140198,-0.800659716129303,-0.3962083160877228,0.49330607056617737,-0.8994989991188049,-0.1423707902431488,0.5398430824279785,-1.2068393230438232,-0.3327808380126953,0.3970157206058502,-0.9573298692703247,-0.4134429395198822,0.3439062237739563,-0.7493017315864563,-0.4289129376411438,0.21874257922172546,-0.967624843120575,-0.1259121298789978,0.2590671181678772,-1.2792274951934814,-0.37071728706359863,0.1435309797525406,-0.9693562984466553,-0.4459379017353058,0.11672426760196686,-0.7653481960296631,-0.42755573987960815,-0.0431797057390213,-0.9758145809173584,-0.14366962015628815,-0.06751285493373871,-1.227302074432373,-0.37683796882629395,-0.11828140914440155,-0.9289591908454895,-0.40607157349586487,-0.11668326705694199,-0.6967154145240784,-0.3478102684020996,-0.2791997492313385,-0.9451099634170532,-0.17616800963878632,-0.38260024785995483,-1.315505027770996,-0.29423436522483826,-0.4755563735961914,-1.5555205345153809,-0.3289363980293274,-0.5252654552459717,-1.7731866836547852,-0.32308250665664673
0.0,0.0,0.0,0.3507629930973053,-0.14137224853038788,-0.16533228754997253,0.5168570876121521,-0.4698605239391327,-0.233334481716156,0.3332005441188812,-0.7536652088165283,-0.2983309328556061,0.0827014297246933,-0.855424702167511,-0.32453182339668274,0.4888431131839752,-0.9072974920272827,-0.11212653666734695,0.583351194858551,-1.2629852294921875,-0.2880515158176422,0.4459269046783447,-1.0323282480239868,-0.3557756543159485,0.379881352186203,-0.8124620914459229,-0.35939234495162964,0.2188856601715088,-0.9698548316955566,-0.10710062831640244,0.28246501088142395,-1.315731167793274,-0.32986220717430115,0.17041200399398804,-1.0326850414276123,-0.3933711051940918,0.1361895650625229,-0.8187271356582642,-0.3687344789505005,-0.042758312076330185,-0.9789875149726868,-0.1332240104675293,-0.05798611417412758,-1.26478111743927,-0.3494854271411896,-0.10303469002246857,-0.9742167592048645,-0.37270882725715637,-0.1012050211429596,-0.7314963936805725,-0.3120279312133789,-0.28167882561683655,-0.9561216831207275,-0.17131544649600983,-0.39480867981910706,-1.3381515741348267,-0.2789045572280884,-0.48861315846443176,-1.5917060375213623,-0.3082793951034546,-0.5356243848800659,-1.8168448209762573,-0.29977038502693176
0.0,0.0,0.0,0.35396885871887207,-0.15091252326965332,-0.16320019960403442,0.5573639869689941,-0.45608294010162354,-0.23780067265033722,0.4082489311695099,-0.7474135160446167,-0.3094162344932556,0.158690944314003,-0.8681533932685852,-0.34318575263023376,0.4722437560558319,-0.9276434779167175,-0.09961789101362228,0.5752412676811218,-1.2347769737243652,-0.2683609426021576,0.45997172594070435,-0.972396731376648,-0.3303813338279724,0.4081459641456604,-0.7908886671066284,-0.332956999540329,0.215395987033844,-0.9715337753295898,-0.09862381964921951,0.29747748374938965,-1.2925938367843628,-0.3164316415786743,0.21921850740909576,-0.9819769263267517,-0.37373805046081543,0.18627679347991943,-0.7897425293922424,-0.345836341381073,-0.03284715488553047,-0.972319483757019,-0.1280575692653656,-0.02549145556986332,-1.2325032949447632,-0.3451818525791168,-0.016246112063527107,-0.9286157488822937,-0.36274266242980957,-0.004442803096026182,-0.7028210759162903,-0.29873570799827576,-0.2682323157787323,-0.9478229880332947,-0.1678936779499054,-0.37844666838645935,-1.3175257444381714,-0.27255499362945557,-0.454190731048584,-1.5545825958251953,-0.2920369803905487,-0.5091283321380615,-1.7830020189285278,-0.276143878698349
0.0,0.0,0.0,0.3573213517665863,-0.15406282246112823,-0.13539637625217438,0.578167200088501,-0.46394601464271545,-0.19368818402290344,0.47368788719177246,-0.768867015838623,-0.25478991866111755,0.23903433978557587,-0.906076967716217,-0.2832760810852051,0.46553340554237366,-0.9189597368240356,-0.05661117285490036,0.5918838977813721,-1.2270070314407349,-0.2077799141407013,0.4865421950817108,-0.9724512696266174,-0.2705783247947693,0.4244231879711151,-0.785226583480835,-0.27561962604522705,0.2263108342885971,-0.9718876481056213,-0.06494413316249847,0.3331395387649536,-1.313789963722229,-0.26645755767822266,0.2718338072299957,-1.0370384454727173,-0.33628717064857483,0.22486987709999084,-0.8245322108268738,-0.3194974660873413,-0.01679863967001438,-0.983017086982727,-0.10088001191616058,0.017220376059412956,-1.264265537261963,-0.2980598509311676,0.04950258880853653,-0.9708317518234253,-0.3289298713207245,0.06195974722504616,-0.7274913787841797,-0.2781873941421509,-0.25555646419525146,-0.9626907706260681,-0.1453106552362442,-0.35763245820999146,-1.3331469297409058,-0.2403288036584854,-0.4188438951969147,-1.5760011672973633,-0.26860886812210083,-0.46594950556755066,-1.8076105117797852,-0.262881338596344
0.0,0.0,0.0,0.348981112241745,-0.14238855242729187,-0.1328791230916977,0.5748960375785828,-0.4503893256187439,-0.19256974756717682,0.5192357301712036,-0.7576580047607422,-0.25576549768447876,0.28737738728523254,-0.9046400785446167,-0.2844926416873932,0.46789515018463135,-0.9212338924407959,-0.059024933725595474,0.6101043224334717,-1.2299834489822388,-0.21678562462329865,0.5195766687393188,-0.9732592105865479,-0.27894607186317444,0.44821697473526,-0.7899638414382935,-0.2818240225315094,0.2369651347398758,-0.9689803123474121,-0.07017626613378525,0.34635353088378906,-1.296123743057251,-0.27489298582077026,0.3090481460094452,-0.9988133311271667,-0.3384646773338318,0.26601988077163696,-0.806302011013031,-0.31889069080352783,0.0022772105876356363,-0.9741541743278503,-0.10970910638570786,0.04466138407588005,-1.2494467496871948,-0.30510491132736206,0.10339272022247314,-0.9441842436790466,-0.32647502422332764,0.11979686468839645,-0.7151443362236023,-0.27262717485427856,-0.22791025042533875,-0.9524152874946594,-0.15888722240924835,-0.31868910789489746,-1.3113032579421997,-0.2518519461154938,-0.359925240278244,-1.546452283859253,-0.27930164337158203,-0.3981744945049286,-1.7834464311599731,-0.27522343397140503
0.0,0.0,0.0,0.34535789489746094,-0.13590995967388153,-0.13409589231014252,0.5736827850341797,-0.4415571391582489,-0.19278083741664886,0.5264826416969299,-0.7506172060966492,-0.254359632730484,0.29637160897254944,-0.9005902409553528,-0.2799866199493408,0.47119274735450745,-0.9129834175109863,-0.05743484944105148,0.6241182684898376,-1.2142161130905151,-0.21376816928386688,0.533726692199707,-0.9525006413459778,-0.27331870794296265,0.45891982316970825,-0.7788012623786926,-0.27540597319602966,0.24711041152477264,-0.9666543006896973,-0.06720063090324402,0.36957913637161255,-1.2804847955703735,-0.267940491437912,0.3275613486766815,-0.9774421453475952,-0.3263779878616333,0.27955254912376404,-0.7950316667556763,-0.3051474094390869,0.016536325216293335,-0.9739872813224792,-0.10597167909145355,0.074375681579113,-1.2412601709365845,-0.3019435405731201,0.12265904247760773,-0.9296663403511047,-0.3182394504547119,0.12799082696437836,-0.7049895524978638,-0.26158034801483154,-0.21298104524612427,-0.9552139043807983,-0.15442194044589996,-0.302673876285553,-1.3097479343414307,-0.2489481270313263,-0.34024578332901,-1.5403417348861694,-0.27516821026802063,-0.3733876645565033,-1.777584433555603,-0.2701152563095093
0.0,0.0,0.0,0.3471260368824005,-0.14036095142364502,-0.1288786381483078,0.5882102251052856,-0.43838170170783997,-0.18908841907978058,0.5472339391708374,-0.7549533247947693,-0.25316208600997925,0.32713744044303894,-0.9169374108314514,-0.28362366557121277,0.47611483931541443,-0.9136344790458679,-0.05194955691695213,0.6254825592041016,-1.2231510877609253,-0.20850542187690735,0.5453044176101685,-0.9781044721603394,-0.2720857560634613,0.4805016815662384,-0.804873526096344,-0.27635085582733154,0.250539094209671,-0.9658212065696716,-0.06647991389036179,0.3725275695323944,-1.309462308883667,-0.2682592570781708,0.34205693006515503,-1.0299464464187622,-0.33323824405670166,0.3051338791847229,-0.8464390635490417,-0.31634870171546936,0.015119610354304314,-0.9778704643249512,-0.109359510242939,0.06302392482757568,-1.2632426023483276,-0.3065856993198395,0.123982273042202,-0.9599331021308899,-0.3285597860813141,0.14315801858901978,-0.7285701036453247,-0.27587032318115234,-0.22180555760860443,-0.9641326665878296,-0.16129609942436218,-0.3114316165447235,-1.32347571849823,-0.2529030442237854,-0.3472449779510498,-1.5580695867538452,-0.2766256034374237,-0.37740659713745117,-1.7980914115905762,-0.2713209390640259
0.0,0.0,0.0,0.35182714462280273,-0.14805686473846436,-0.1293916404247284,0.590992271900177,-0.4536868929862976,-0.18901778757572174,0.5340691804885864,-0.7877127528190613,-0.25330132246017456,0.31705471873283386,-0.9609473347663879,-0.2870621979236603,0.47553691267967224,-0.9140022397041321,-0.03366251289844513,0.620732843875885,-1.2465695142745972,-0.18577927350997925,0.5425251722335815,-1.0373280048370361,-0.257185161113739,0.47448673844337463,-0.8522582650184631,-0.2657066881656647,0.24550798535346985,-0.9683718085289001,-0.04451853781938553,0.35846295952796936,-1.3256440162658691,-0.23543784022331238,0.33051949739456177,-1.0817534923553467,-0.31304070353507996,0.29435136914253235,-0.8922582268714905,-0.3077423572540283,0.007327363360673189,-0.9833058714866638,-0.08411871641874313,0.043717529624700546,-1.2798488140106201,-0.27232155203819275,0.10357754677534103,-1.0013506412506104,-0.3079715669155121,0.1247817799448967,-0.7637695074081421,-0.2668888568878174,-0.2340259850025177,-0.9701039791107178,-0.13274236023426056,-0.3302628993988037,-1.3313902616500854,-0.21987563371658325,-0.3706050515174866,-1.5756642818450928,-0.2484707087278366,-0.4015037715435028,-1.8137727975845337,-0.24803033471107483
0.0,0.0,0.0,0.34273919463157654,-0.13235890865325928,-0.12151117622852325,0.5902025103569031,-0.45600035786628723,-0.1735469549894333,0.5441120266914368,-0.7934800982475281,-0.23045650124549866,0.314089834690094,-0.9532890915870667,-0.25709202885627747,0.4830361604690552,-0.9052623510360718,-0.03233780339360237,0.63582444190979,-1.234556794166565,-0.1708448827266693,0.5623956322669983,-1.030401349067688,-0.23194849491119385,0.4994146525859833,-0.8634821176528931,-0.23950231075286865,0.26171109080314636,-0.9640615582466125,-0.04574451968073845,0.37852033972740173,-1.30657958984375,-0.2246433049440384,0.34977424144744873,-1.0674631595611572,-0.2933729887008667,0.3137473464012146,-0.8953825831413269,-0.2871478796005249,0.032524578273296356,-0.9786784648895264,-0.08585309237241745,0.07063978910446167,-1.2842328548431396,-0.2657240927219391,0.12029070407152176,-1.004432201385498,-0.293444961309433,0.13298454880714417,-0.7717454433441162,-0.25148674845695496,-0.20199212431907654,-0.9653705954551697,-0.13458344340324402,-0.29968395829200745,-1.3244163990020752,-0.22125017642974854,-0.336036741733551,-1.5671130418777466,-0.24930845201015472,-0.36226505041122437,-1.8096983432769775,-0.25066933035850525
0.0,0.0,0.0,0.3512907028198242,-0.1403522491455078,-0.12325882166624069,0.5902515649795532,-0.4644905924797058,-0.17647501826286316,0.5378839373588562,-0.7943272590637207,-0.2336442619562149,0.3052912652492523,-0.9520998597145081,-0.2607653737068176,0.4770125150680542,-0.9091634750366211,-0.041477687656879425,0.6248077154159546,-1.2265570163726807,-0.18237534165382385,0.5389435291290283,-1.0072647333145142,-0.2455950826406479,0.4690428376197815,-0.8352743983268738,-0.2555803060531616,0.2517019808292389,-0.96625816822052,-0.054692186415195465,0.3716655969619751,-1.3107808828353882,-0.2412460744380951,0.3325676918029785,-1.0481237173080444,-0.31212878227233887,0.2851114273071289,-0.8538029193878174,-0.3047603368759155,0.019829245284199715,-0.9805698394775391,-0.09393682330846786,0.06033460050821304,-1.286759376525879,-0.2739216089248657,0.11741107702255249,-1.0078376531600952,-0.30302587151527405,0.13410472869873047,-0.7770289182662964,-0.2621241509914398,-0.21535217761993408,-0.9654298424720764,-0.14199382066726685,-0.31075966358184814,-1.328099012374878,-0.22890186309814453,-0.34894174337387085,-1.5717493295669556,-0.2593547999858856,-0.38016319274902344,-1.8148939609527588,-0.2626643776893616
0.0,0.0,0.0,0.3744296431541443,-0.12595629692077637,-0.13352514803409576,0.61962890625,-0.4312489330768585,-0.19460542500019073,0.5855699777603149,-0.7636986374855042,-0.2598571479320526,0.363019198179245,-0.9381283521652222,-0.29395538568496704,0.5071319341659546,-0.8967852592468262,-0.05273763835430145,0.6613256931304932,-1.2022746801376343,-0.20312188565731049,0.5667728781700134,-0.9461305141448975,-0.2674284279346466,0.5029182434082031,-0.7689074277877808,-0.27623477578163147,0.27920660376548767,-0.9580725431442261,-0.06434798240661621,0.4164491593837738,-1.292140007019043,-0.2624780535697937,0.36788973212242126,-0.9974625706672668,-0.3313683867454529,0.32160285115242004,-0.7934613227844238,-0.3184134364128113,0.040861040353775024,-0.9770387411117554,-0.10341588407754898,0.10509312152862549,-1.267641305923462,-0.29356977343559265,0.15918606519699097,-0.975532591342926,-0.3193131685256958,0.17494991421699524,-0.7445468306541443,-0.272516667842865,-0.20002266764640808,-0.965785026550293,-0.15183550119400024,-0.28591373562812805,-1.3332866430282593,-0.2424149364233017,-0.3195126950740814,-1.5760776996612549,-0.2704469561576843,-0.3454732894897461,-1.8175123929977417,-0.2696450352668762
0.0,0.0,0.0,0.35580042004585266,-0.10711097717285156,-0.12928104400634766,0.6044852137565613,-0.4019525647163391,-0.19136545062065125,0.6124378442764282,-0.7212499380111694,-0.25749731063842773,0.4121561348438263,-0.9041615128517151,-0.29490503668785095,0.549899697303772,-0.8775333166122437,-0.05471763759851456,0.6823996901512146,-1.152718186378479,-0.19537371397018433,0.6117451190948486,-0.9119265079498291,-0.25450581312179565,0.5707016587257385,-0.7547620534896851,-0.26305434107780457,0.3172779381275177,-0.9457583427429199,-0.06982747465372086,0.4297485053539276,-1.2378053665161133,-0.2519919276237488,0.40928933024406433,-0.9537968635559082,-0.3103647232055664,0.39068925380706787,-0.7858129143714905,-0.2980092763900757,0.07019530981779099,-0.9620909094810486,-0.11213839054107666,0.13627691566944122,-1.2101049423217773,-0.29910001158714294,0.19629313051700592,-0.9091053605079651,-0.32017695903778076,0.21376505494117737,-0.69199138879776,-0.27503058314323425,-0.17527291178703308,-0.9460857510566711,-0.1629270613193512,-0.2613801062107086,-1.3041729927062988,-0.2537079453468323,-0.28638070821762085,-1.5366677045822144,-0.2756195366382599,-0.30314546823501587,-1.7757059335708618,-0.2721419930458069
0.0,0.0,0.0,0.3981834650039673,-0.08992228657007217,-0.1024445965886116,0.6986240744590759,-0.4003058671951294,-0.12713031470775604,0.7803839445114136,-0.7289512157440186,-0.16165314614772797,0.7585994005203247,-0.970390796661377,-0.17491132020950317,0.5624569654464722,-0.900518000125885,-0.01013235468417406,0.6438350081443787,-1.1745030879974365,-0.15440382063388824,0.6070855259895325,-0.9453746676445007,-0.22860805690288544,0.5648342370986938,-0.7314513325691223,-0.23547324538230896,0.3220033049583435,-0.9463744163513184,-0.02625652588903904,0.41844508051872253,-1.2439829111099243,-0.223065584897995,0.4178929626941681,-0.9597933292388916,-0.3116757571697235,0.3745546042919159,-0.715883195400238,-0.3091665804386139,0.07268983870744705,-0.9619807004928589,-0.06795363873243332,0.12642359733581543,-1.215975284576416,-0.2540068030357361,0.19650578498840332,-0.9319475889205933,-0.296617329120636,0.21458260715007782,-0.6902495622634888,-0.25989988446235657,-0.1756722629070282,-0.9426220655441284,-0.11594273149967194,-0.25174421072006226,-1.326539397239685,-0.20969486236572266,-0.2702934741973877,-1.57435142993927,-0.2423551082611084,-0.2844540476799011,-1.8089947700500488,-0.2407071441411972
0.0,0.0,0.0,0.40741902589797974,-0.12275481224060059,-0.09946154057979584,0.70344477891922,-0.46355071663856506,-0.12009339034557343,0.8697707056999207,-0.7830934524536133,-0.1575632244348526,1.0040727853775024,-1.0451819896697998,-0.16842834651470184,0.5670876502990723,-0.884788453578949,0.01574634574353695,0.6789394617080688,-1.0998984575271606,-0.13762222230434418,0.6041417717933655,-0.8291961550712585,-0.2018456608057022,0.525118887424469,-0.6016166806221008,-0.19354963302612305,0.3430255651473999,-0.9393255710601807,0.0010431408882141113,0.45051488280296326,-1.1277409791946411,-0.21638573706150055,0.4185263514518738,-0.8009187579154968,-0.2914942800998688,0.3743571639060974,-0.5512142181396484,-0.27115508913993835,0.10146265476942062,-0.9616790413856506,-0.04539918527007103,0.183065727353096,-1.1626763343811035,-0.254163920879364,0.2327028512954712,-0.8384512066841125,-0.27945753931999207,0.25420475006103516,-0.570419192314148,-0.21727247536182404,-0.14244741201400757,-0.9548599720001221,-0.0990271046757698,-0.1556657999753952,-1.3347396850585938,-0.2036760300397873,-0.16098183393478394,-1.5917177200317383,-0.23238740861415863,-0.15575304627418518,-1.8217586278915405,-0.21850894391536713
0.0,0.0,0.0,0.3489607274532318,-0.11072485148906708,-0.10536763817071915,0.6559684872627258,-0.433134526014328,-0.13516874611377716,0.8298977017402649,-0.7359171509742737,-0.17896389961242676,0.778976559638977,-1.0046757459640503,-0.19560378789901733,0.5136803984642029,-0.9050430655479431,-0.002182239666581154,0.6322510242462158,-1.0977486371994019,-0.174201101064682,0.5734397768974304,-0.8037205934524536,-0.2485734075307846,0.5126020312309265,-0.5871084332466125,-0.24275176227092743,0.3047086298465729,-0.9522153735160828,-0.020939314737915993,0.43871861696243286,-1.1603283882141113,-0.2455870360136032,0.401113361120224,-0.7999622225761414,-0.3129340708255768,0.35744771361351013,-0.5501618981361389,-0.2806381583213806,0.06752650439739227,-0.9616996645927429,-0.07235897332429886,0.18173031508922577,-1.1531250476837158,-0.28679120540618896,0.22259284555912018,-0.7993470430374146,-0.2983556389808655,0.2331097573041916,-0.5354596972465515,-0.22071360051631927,-0.16889142990112305,-0.9397464990615845,-0.1319429874420166,-0.17637936770915985,-1.3347206115722656,-0.23739591240882874,-0.17059506475925446,-1.5911903381347656,-0.2584046423435211,-0.14925570785999298,-1.8273484706878662,-0.23582814633846283
0.0,0.0,0.0,0.35966798663139343,-0.10559103637933731,-0.09746427834033966,0.6513782739639282,-0.39571160078048706,-0.13710752129554749,0.7501509189605713,-0.7025097012519836,-0.19233928620815277,0.5864202380180359,-0.8993003964424133,-0.2249646782875061,0.539279580116272,-0.8883531093597412,-0.004873266909271479,0.6714476346969604,-1.092226505279541,-0.16236743330955505,0.5857560038566589,-0.8159502744674683,-0.23845793306827545,0.5088691115379333,-0.6277087926864624,-0.24589216709136963,0.32748863101005554,-0.9443095922470093,-0.03210124000906944,0.45005226135253906,-1.1611113548278809,-0.2413458526134491,0.3972090482711792,-0.809224009513855,-0.31123068928718567,0.34751418232917786,-0.571519136428833,-0.2892395555973053,0.09027759730815887,-0.9640039205551147,-0.08719148486852646,0.2016860395669937,-1.1712589263916016,-0.28928080201148987,0.2293919175863266,-0.8246794939041138,-0.30861255526542664,0.22510920464992523,-0.5654382705688477,-0.24500125646591187,-0.1481761634349823,-0.9463691115379333,-0.14905717968940735,-0.175216406583786,-1.3246012926101685,-0.24497534334659576,-0.1803962141275406,-1.5696417093276978,-0.26669248938560486,-0.17024514079093933,-1.8020944595336914,-0.25167715549468994
0.0,0.0,0.0,0.35253065824508667,-0.08363413065671921,-0.09368275851011276,0.6470463871955872,-0.3901471793651581,-0.12802933156490326,0.7438257932662964,-0.6976453065872192,-0.17780904471874237,0.5382871627807617,-0.8435236811637878,-0.20290645956993103,0.5325447916984558,-0.8870913982391357,-0.00411543482914567,0.6778990030288696,-1.0885437726974487,-0.1518249809741974,0.5886141061782837,-0.8111974596977234,-0.2168232947587967,0.5137945413589478,-0.6435617804527283,-0.22237706184387207,0.3223835229873657,-0.9459643363952637,-0.03493384271860123,0.454221248626709,-1.1657541990280151,-0.23574772477149963,0.3949960470199585,-0.8147258758544922,-0.29231664538383484,0.347767174243927,-0.6057488322257996,-0.26371172070503235,0.08402939140796661,-0.9628746509552002,-0.0935792326927185,0.2116899937391281,-1.151086688041687,-0.3003617823123932,0.22720961272716522,-0.7848312854766846,-0.3107176721096039,0.21167656779289246,-0.528350830078125,-0.23968163132667542,-0.15183746814727783,-0.9467588663101196,-0.15864169597625732,-0.16961883008480072,-1.3260778188705444,-0.2627493441104889,-0.16939572989940643,-1.5713311433792114,-0.2858380377292633,-0.15306320786476135,-1.810268521308899,-0.2725587785243988
0.0,0.0,0.0,0.35702094435691833,-0.09671706706285477,-0.08946716785430908,0.6375693678855896,-0.4123619496822357,-0.11940513551235199,0.7241585850715637,-0.7219651341438293,-0.1663867086172104,0.5379358530044556,-0.888327956199646,-0.1872708946466446,0.5231165289878845,-0.8985640406608582,0.005304782651364803,0.654630184173584,-1.1196839809417725,-0.14290645718574524,0.5764216184616089,-0.8383146524429321,-0.20901940762996674,0.5149838328361511,-0.666996419429779,-0.21389096975326538,0.3164949119091034,-0.948235273361206,-0.026091324165463448,0.4336077868938446,-1.1747403144836426,-0.23329606652259827,0.392365038394928,-0.8288227915763855,-0.2971339225769043,0.3529471457004547,-0.6137619018554688,-0.27110999822616577,0.08667230606079102,-0.961822509765625,-0.0849088579416275,0.19206613302230835,-1.16187584400177,-0.29098978638648987,0.22192701697349548,-0.8009642362594604,-0.3033762574195862,0.21552053093910217,-0.5427579283714294,-0.23260486125946045,-0.13888314366340637,-0.9462616443634033,-0.15010280907154083,-0.1581762284040451,-1.3243606090545654,-0.2481204867362976,-0.15544532239437103,-1.5666542053222656,-0.2673270106315613,-0.14180265367031097,-1.8018715381622314,-0.25051891803741455
0.0,0.0,0.0,0.35215499997138977,-0.09392903000116348,-0.1028018370270729,0.6383945941925049,-0.4065625071525574,-0.1399376541376114,0.7151488065719604,-0.7237586975097656,-0.19229410588741302,0.5235363841056824,-0.9045900702476501,-0.21988916397094727,0.5161767601966858,-0.9037572145462036,0.00033350501325912774,0.62537682056427,-1.1025623083114624,-0.1552751660346985,0.5548466444015503,-0.8194526433944702,-0.2292965203523636,0.49781495332717896,-0.6404054760932922,-0.23626255989074707,0.30732595920562744,-0.9513108730316162,-0.023632502183318138,0.4205048978328705,-1.1597801446914673,-0.2349371314048767,0.3827420771121979,-0.8121107816696167,-0.3043723702430725,0.3436451852321625,-0.5897239446640015,-0.2796128988265991,0.07696418464183807,-0.9642219543457031,-0.07615077495574951,0.1877133548259735,-1.1468113660812378,-0.2878846526145935,0.20775945484638214,-0.7836287021636963,-0.30205604434013367,0.19442491233348846,-0.5218567848205566,-0.22846229374408722,-0.1528850644826889,-0.9464656710624695,-0.13575975596904755,-0.15980182588100433,-1.3172191381454468,-0.23455321788787842,-0.15199929475784302,-1.555688738822937,-0.25015711784362793,-0.13104645907878876,-1.7833534479141235,-0.22747522592544556
0.0,0.0,0.0,0.3461694121360779,-0.10678504407405853,-0.10737697035074234,0.6089451909065247,-0.41616448760032654,-0.1507083922624588,0.6800981760025024,-0.7357895970344543,-0.21206612884998322,0.5134335160255432,-0.9541386961936951,-0.24766817688941956,0.5053348541259766,-0.9093207120895386,0.0019406788051128387,0.6100509166717529,-1.112805962562561,-0.16065643727779388,0.5457902550697327,-0.8275601267814636,-0.2379489243030548,0.4806801974773407,-0.6371545195579529,-0.24344028532505035,0.29521074891090393,-0.9552189111709595,-0.02018366940319538,0.3948318660259247,-1.1320759057998657,-0.23624685406684875,0.352450430393219,-0.7757536172866821,-0.3094421327114105,0.30070266127586365,-0.5531912446022034,-0.2858448624610901,0.07462743669748306,-0.9638929963111877,-0.07220739126205444,0.18597304821014404,-1.1513067483901978,-0.28644755482673645,0.2121659517288208,-0.7962996959686279,-0.29965463280677795,0.19718614220619202,-0.536713182926178,-0.2241154909133911,-0.14788292348384857,-0.9361177682876587,-0.1320280134677887,-0.15185384452342987,-1.3146153688430786,-0.23542600870132446,-0.144785076379776,-1.5583436489105225,-0.25110146403312683,-0.12431945651769638,-1.7874120473861694,-0.22459597885608673
0.0,0.0,0.0,0.3460376262664795,-0.09729653596878052,-0.10514712333679199,0.6138973832130432,-0.41080546379089355,-0.14450539648532867,0.687130868434906,-0.7340388298034668,-0.19948044419288635,0.5088150501251221,-0.9390924572944641,-0.2272881269454956,0.5085386633872986,-0.9059000015258789,-0.0019442848861217499,0.6148709654808044,-1.1415138244628906,-0.1579381823539734,0.5539394617080688,-0.8561331629753113,-0.2272896021604538,0.5010624527931213,-0.6775046586990356,-0.23046588897705078,0.3070489764213562,-0.9514146447181702,-0.023045700043439865,0.4072536826133728,-1.171079397201538,-0.23301978409290314,0.37147057056427,-0.8243147730827332,-0.30123838782310486,0.3298555910587311,-0.6181870102882385,-0.2767500877380371,0.08367305994033813,-0.9641136527061462,-0.07346950471401215,0.18945391476154327,-1.1601711511611938,-0.2861010730266571,0.2168915718793869,-0.7993090152740479,-0.30112046003341675,0.20274540781974792,-0.5438901782035828,-0.22897708415985107,-0.14115168154239655,-0.9483321905136108,-0.13078521192073822,-0.15413999557495117,-1.3228217363357544,-0.23477093875408173,-0.14538434147834778,-1.5632758140563965,-0.25552305579185486,-0.12530837953090668,-1.7949994802474976,-0.2357896864414215
0.0,0.0,0.0,0.35403332114219666,-0.11232978850603104,-0.10830333083868027,0.6175022721290588,-0.4221222698688507,-0.143269345164299,0.6914169192314148,-0.744929850101471,-0.1938863843679428,0.5560706257820129,-0.9826866984367371,-0.2216564565896988,0.533104658126831,-0.894385576248169,0.0008437280193902552,0.6395350694656372,-1.0952223539352417,-0.14402562379837036,0.59548020362854,-0.8500505089759827,-0.21217873692512512,0.560731053352356,-0.698535680770874,-0.21927650272846222,0.325435072183609,-0.945378303527832,-0.018755638971924782,0.42403045296669006,-1.1335290670394897,-0.23269036412239075,0.40492674708366394,-0.8100069165229797,-0.31154918670654297,0.3705029785633087,-0.6000984907150269,-0.29614129662513733,0.09801634401082993,-0.9637976288795471,-0.06667356938123703,0.1952742636203766,-1.154741644859314,-0.28526508808135986,0.22955505549907684,-0.8055626153945923,-0.31169044971466064,0.22065337002277374,-0.5429995059967041,-0.24763862788677216,-0.13184693455696106,-0.9494400024414062,-0.12121601402759552,-0.13901595771312714,-1.3216466903686523,-0.2305746078491211,-0.13232342898845673,-1.5674340724945068,-0.2559118866920471,-0.11817353218793869,-1.7951143980026245,-0.23945367336273193
0.0,0.0,0.0,0.3574816882610321,-0.1322619616985321,-0.10286038368940353,0.5950122475624084,-0.4636920988559723,-0.1358882635831833,0.6338576078414917,-0.7832137942314148,-0.18474140763282776,0.5387328267097473,-1.0368249416351318,-0.20309758186340332,0.5151804089546204,-0.9045118093490601,-0.0005599771393463016,0.6361983418464661,-1.1479973793029785,-0.16022665798664093,0.573766827583313,-0.8742849826812744,-0.22594214975833893,0.5082666873931885,-0.6870032548904419,-0.22298312187194824,0.30226051807403564,-0.9529743790626526,-0.02187051996588707,0.4095534086227417,-1.1772724390029907,-0.23688188195228577,0.3727019727230072,-0.8394964337348938,-0.3053814768791199,0.3257012963294983,-0.6331273913383484,-0.2806241512298584,0.07023321092128754,-0.9693241119384766,-0.0737895742058754,0.16528187692165375,-1.189174771308899,-0.2840302884578705,0.19848613440990448,-0.8462239503860474,-0.3003898561000824,0.19196189939975739,-0.5947188138961792,-0.23251640796661377,-0.16283033788204193,-0.9583543539047241,-0.1327977478504181,-0.18635252118110657,-1.3400321006774902,-0.23913657665252686,-0.1845186948776245,-1.5876190662384033,-0.2637247145175934,-0.17294594645500183,-1.8256877660751343,-0.2474500834941864
0.0,0.0,0.0,0.38892441987991333,-0.11938444525003433,-0.1138036921620369,0.6399549245834351,-0.4510159492492676,-0.14441600441932678,0.6862013936042786,-0.7902563810348511,-0.1906040757894516,0.5839601159095764,-1.0498782396316528,-0.20549114048480988,0.5512014627456665,-0.8845096826553345,0.00980920996516943,0.6718031167984009,-1.1351978778839111,-0.13779106736183167,0.607249915599823,-0.8659868240356445,-0.19470499455928802,0.5369983315467834,-0.6691641807556152,-0.1879109889268875,0.3380270302295685,-0.9411317110061646,-0.002973395399749279,0.4420916736125946,-1.161149501800537,-0.20950236916542053,0.4053226709365845,-0.8298419117927551,-0.2766028940677643,0.3558039367198944,-0.6218117475509644,-0.25306567549705505,0.10944607108831406,-0.9661834836006165,-0.04785366356372833,0.2025720179080963,-1.19753897190094,-0.2521306276321411,0.23310969769954681,-0.859392523765564,-0.26761922240257263,0.22078680992126465,-0.6018139719963074,-0.20104706287384033,-0.12493900954723358,-0.9660332202911377,-0.10174153745174408,-0.14692005515098572,-1.345874309539795,-0.2060750275850296,-0.14660853147506714,-1.5960230827331543,-0.23238302767276764,-0.1386309117078781,-1.833510398864746,-0.218352809548378
0.0,0.0,0.0,0.38895365595817566,-0.10202514380216599,-0.10047254711389542,0.6596627831459045,-0.44287118315696716,-0.11979317665100098,0.7093735933303833,-0.7825075387954712,-0.1555831879377365,0.5624511241912842,-1.011471152305603,-0.1652856022119522,0.5482953786849976,-0.8837927579879761,0.028507811948657036,0.6661272048950195,-1.0999945402145386,-0.11032634228467941,0.604525089263916,-0.8433437347412109,-0.1717832386493683,0.5372200012207031,-0.6597071290016174,-0.17085717618465424,0.33341121673583984,-0.942709743976593,0.011632299982011318,0.43872135877609253,-1.1455265283584595,-0.18514546751976013,0.4069947600364685,-0.8330971002578735,-0.2557179927825928,0.35954251885414124,-0.626220703125,-0.23650813102722168,0.10020409524440765,-0.970109224319458,-0.035915572196245193,0.20745086669921875,-1.178328275680542,-0.2397996038198471,0.24178656935691833,-0.8439468145370483,-0.2646946907043457,0.23104898631572723,-0.5830500721931458,-0.20286282896995544,-0.13800212740898132,-0.971400797367096,-0.09031984955072403,-0.1402568817138672,-1.349388599395752,-0.1932719647884369,-0.13212287425994873,-1.6014206409454346,-0.22075729072093964,-0.11452236026525497,-1.8355876207351685,-0.20806239545345306
0.0,0.0,0.0,0.372763991355896,-0.0834183469414711,-0.09113297611474991,0.669869065284729,-0.40210118889808655,-0.11313959211111069,0.7606659531593323,-0.734176516532898,-0.1529424786567688,0.6057879328727722,-0.9480059742927551,-0.16876481473445892,0.584932804107666,-0.8670712113380432,0.02948441356420517,0.6954210996627808,-1.0867502689361572,-0.1224948987364769,0.6185241937637329,-0.8206154704093933,-0.193820521235466,0.5578320622444153,-0.6222195029258728,-0.19541414082050323,0.3703136146068573,-0.928898811340332,0.0038501557428389788,0.487197607755661,-1.1477158069610596,-0.20447315275669098,0.4357205033302307,-0.8154724836349487,-0.27704137563705444,0.3897227346897125,-0.5922312140464783,-0.2524488866329193,0.13655279576778412,-0.9589577913284302,-0.05168767645955086,0.25050991773605347,-1.139735460281372,-0.2631058394908905,0.27442824840545654,-0.8030220866203308,-0.28744760155677795,0.26609018445014954,-0.5526784658432007,-0.2197880893945694,-0.10088855028152466,-0.9603205323219299,-0.11279182881116867,-0.09383682161569595,-1.3396846055984497,-0.21102048456668854,-0.08020610362291336,-1.585932731628418,-0.22770380973815918,-0.05133837088942528,-1.8113718032836914,-0.20467782020568848
0.0,0.0,0.0,0.37893494963645935,-0.11448046565055847,-0.10929933190345764,0.6666132807731628,-0.43479809165000916,-0.1418265849351883,0.7380208373069763,-0.7734497785568237,-0.1885375678539276,0.6038165092468262,-1.0262550115585327,-0.21358990669250488,0.5661632418632507,-0.8841114640235901,0.021556613966822624,0.6858601570129395,-1.1266214847564697,-0.13201293349266052,0.6510902643203735,-0.8728882074356079,-0.21661551296710968,0.5972689390182495,-0.6692150235176086,-0.2269994020462036,0.3599821627140045,-0.932916522026062,0.008915959857404232,0.47374144196510315,-1.1761411428451538,-0.18737104535102844,0.4697574973106384,-0.872287392616272,-0.27833452820777893,0.43373262882232666,-0.650687038898468,-0.2756704092025757,0.12688322365283966,-0.9543310403823853,-0.03475618362426758,0.23724745213985443,-1.1641688346862793,-0.23634923994541168,0.27852776646614075,-0.845531165599823,-0.28159114718437195,0.26863670349121094,-0.5977500677108765,-0.23615926504135132,-0.11321952193975449,-0.9536852836608887,-0.0846170112490654,-0.12774375081062317,-1.3372083902359009,-0.18255019187927246,-0.11510094255208969,-1.58876633644104,-0.21413421630859375,-0.09552696347236633,-1.8198601007461548,-0.20673970878124237
0.0,0.0,0.0,0.38966307044029236,-0.12237472832202911,-0.11763010919094086,0.6596261858940125,-0.4634802043437958,-0.15379150211811066,0.7103589773178101,-0.8284198641777039,-0.20239631831645966,0.5589616298675537,-1.0866564512252808,-0.22272652387619019,0.5609480142593384,-0.8683688640594482,0.010287679731845856,0.7097548842430115,-1.1607017517089844,-0.1547117978334427,0.6404572129249573,-0.8870919346809387,-0.23565401136875153,0.5653044581413269,-0.6838635206222534,-0.2433314174413681,0.3446611166000366,-0.9387227892875671,-0.002870556665584445,0.47297435998916626,-1.2473628520965576,-0.20974378287792206,0.43739423155784607,-0.9188541173934937,-0.29138994216918945,0.39019694924354553,-0.6927903294563293,-0.2793859839439392,0.09907406568527222,-0.9720873236656189,-0.04908889904618263,0.2037336379289627,-1.2381659746170044,-0.2562466859817505,0.23305274546146393,-0.9121454954147339,-0.2842163145542145,0.2187264859676361,-0.6614904403686523,-0.22609694302082062,-0.15741151571273804,-0.9843035936355591,-0.10323409736156464,-0.17963050305843353,-1.3879051208496094,-0.20913244783878326,-0.1652841717004776,-1.6559393405914307,-0.24052518606185913,-0.14260491728782654,-1.9090006351470947,-0.23291441798210144
0.0,0.0,0.0,0.4012468457221985,-0.09985162317752838,-0.10713794827461243,0.6780969500541687,-0.43669945001602173,-0.13160964846611023,0.7417317628860474,-0.8052487969398499,-0.17025896906852722,0.5886192917823792,-1.049086093902588,-0.1863187998533249,0.5766235589981079,-0.8563888669013977,0.04194946587085724,0.6985476016998291,-1.1127231121063232,-0.10598494857549667,0.6197856068611145,-0.8662673830986023,-0.19018007814884186,0.5366039872169495,-0.6532378196716309,-0.20357824862003326,0.3621976375579834,-0.9316198825836182,0.029955783858895302,0.4751795530319214,-1.2267563343048096,-0.16527006030082703,0.4264974594116211,-0.9160857200622559,-0.2546040117740631,0.3680347502231598,-0.6721547245979309,-0.24733978509902954,0.12294144183397293,-0.9709762334823608,-0.013362392783164978,0.2169206738471985,-1.2203494310379028,-0.20716649293899536,0.23656083643436432,-0.9114899039268494,-0.24498292803764343,0.2160102128982544,-0.6579716205596924,-0.1946132779121399,-0.12909822165966034,-0.9853833317756653,-0.0641016960144043,-0.15008164942264557,-1.3788800239562988,-0.1602482944726944,-0.14423313736915588,-1.645172119140625,-0.19188490509986877,-0.1297694891691208,-1.8892725706100464,-0.18526111543178558
0.0,0.0,0.0,0.4090507924556732,-0.07160213589668274,-0.09212513267993927,0.7019937038421631,-0.4312867522239685,-0.10260018706321716,0.7560162544250488,-0.7896878123283386,-0.12534114718437195,0.6030852794647217,-1.0060126781463623,-0.12901876866817474,0.5854697227478027,-0.8554462790489197,0.033348724246025085,0.7165102362632751,-1.1012914180755615,-0.08586323261260986,0.6895759701728821,-0.8620938062667847,-0.15319916605949402,0.6289028525352478,-0.6634312272071838,-0.16327299177646637,0.37596553564071655,-0.9264406561851501,0.018914608284831047,0.494966596364975,-1.200649380683899,-0.14403414726257324,0.48728835582733154,-0.8906441330909729,-0.2197798192501068,0.4387117326259613,-0.6561047434806824,-0.2147335261106491,0.13636226952075958,-0.9618685841560364,-0.022490549832582474,0.2568424344062805,-1.1988837718963623,-0.19043758511543274,0.2915373146533966,-0.8862213492393494,-0.221832275390625,0.2601766884326935,-0.6387332677841187,-0.17895853519439697,-0.11407521367073059,-0.9738457798957825,-0.06998617947101593,-0.1165144219994545,-1.3736021518707275,-0.1626814305782318,-0.08598821610212326,-1.6409047842025757,-0.196614071726799,-0.05722414702177048,-1.892436146736145,-0.19741524755954742
0.0,0.0,0.0,0.42760905623435974,-0.06048748269677162,-0.07624386996030807,0.740580141544342,-0.422049343585968,-0.06387651711702347,0.8529489636421204,-0.7556434273719788,-0.07034860551357269,0.8504356741905212,-0.9635449051856995,-0.05789503827691078,0.5795329213142395,-0.857606828212738,0.08173441886901855,0.6986828446388245,-1.1073379516601562,-0.03036540001630783,0.7047022581100464,-0.8937671780586243,-0.09575223922729492,0.6715674996376038,-0.6872496604919434,-0.09886495769023895,0.3749438226222992,-0.9247899055480957,0.06465873122215271,0.5034822821617126,-1.1955317258834839,-0.1063021868467331,0.5140671730041504,-0.908742368221283,-0.19401715695858002,0.47067102789878845,-0.6646038889884949,-0.18925781548023224,0.14453667402267456,-0.9712731838226318,0.019318610429763794,0.28624746203422546,-1.217023253440857,-0.160195454955101,0.33028167486190796,-0.9155795574188232,-0.20460006594657898,0.3021138608455658,-0.6577154397964478,-0.16050733625888824,-0.09709496051073074,-0.9963640570640564,-0.030380476266145706,-0.07732874155044556,-1.4035978317260742,-0.1209530234336853,-0.03676794469356537,-1.6722004413604736,-0.15440168976783752,-0.0013297016266733408,-1.910933017730713,-0.14969885349273682
0.0,0.0,0.0,0.3957459330558777,-0.05651549994945526,-0.0982125997543335,0.7284626364707947,-0.38407495617866516,-0.10353003442287445,0.876141369342804,-0.7128156423568726,-0.12691186368465424,0.8562198281288147,-0.968853235244751,-0.1298801600933075,0.5866726636886597,-0.8502496480941772,0.0652361735701561,0.6995841264724731,-1.0952540636062622,-0.06479287892580032,0.7293034791946411,-0.8807703256607056,-0.1328239142894745,0.7278940081596375,-0.6993067860603333,-0.13549883663654327,0.4017575979232788,-0.9145256876945496,0.04726004600524902,0.5312402844429016,-1.1854859590530396,-0.15547923743724823,0.5635350942611694,-0.8851596117019653,-0.2497192919254303,0.5442987084388733,-0.6551836133003235,-0.24021030962467194,0.18238376080989838,-0.9599769115447998,-0.002033114666119218,0.3406205177307129,-1.20531165599823,-0.21544094383716583,0.3988858163356781,-0.880765974521637,-0.25572699308395386,0.3805408477783203,-0.6226154565811157,-0.19754336774349213,-0.059343356639146805,-0.9849482178688049,-0.05722404271364212,-0.026460714638233185,-1.3900867700576782,-0.1679789274930954,0.025081004947423935,-1.6492143869400024,-0.19856305420398712,0.07372567057609558,-1.8824717998504639,-0.18427197635173798
0.0,0.0,0.0,0.41359347105026245,-0.0788632184267044,-0.08866261690855026,0.7296729683876038,-0.3887673616409302,-0.09544061124324799,0.8730319142341614,-0.7066627740859985,-0.1248726099729538,0.8484824299812317,-0.9695300459861755,-0.1355908364057541,0.5930837392807007,-0.8305861353874207,0.1029067188501358,0.7329541444778442,-1.0792189836502075,-0.030719289556145668,0.7529911994934082,-0.8912264108657837,-0.11160068958997726,0.742240309715271,-0.7024292349815369,-0.12189201265573502,0.4172540307044983,-0.9051095247268677,0.08170565962791443,0.5835864543914795,-1.1852847337722778,-0.12334996461868286,0.5936675667762756,-0.9028013944625854,-0.23229330778121948,0.5587603449821472,-0.6698845624923706,-0.23180919885635376,0.20697171986103058,-0.9631795287132263,0.027717391029000282,0.3823513090610504,-1.2090505361557007,-0.18281099200248718,0.42700114846229553,-0.8901345729827881,-0.23477597534656525,0.3992270827293396,-0.624779224395752,-0.1836511194705963,-0.028431199491024017,-0.9993076920509338,-0.0318145751953125,0.011283273808658123,-1.395577073097229,-0.13435612618923187,0.06864085048437119,-1.654114007949829,-0.16772054135799408,0.1254540979862213,-1.8887797594070435,-0.15738192200660706
0.0,0.0,0.0,0.3995780646800995,-0.06293264031410217,-0.10131252557039261,0.7222022414207458,-0.37997591495513916,-0.11274784058332443,0.8819229006767273,-0.7018845677375793,-0.14146161079406738,0.864234209060669,-0.9720223546028137,-0.14645513892173767,0.6061417460441589,-0.8364729285240173,0.06369423121213913,0.7553046941757202,-1.0904202461242676,-0.06360616534948349,0.7390851974487305,-0.8663089275360107,-0.1313146948814392,0.6934846043586731,-0.6727268695831299,-0.13412606716156006,0.41980141401290894,-0.9062418341636658,0.0499250553548336,0.5814898014068604,-1.1724765300750732,-0.1412491500377655,0.5730348229408264,-0.8830465078353882,-0.23595550656318665,0.519727349281311,-0.6649242043495178,-0.23265580832958221,0.19825580716133118,-0.9611870646476746,0.004481471609324217,0.37262606620788574,-1.202235460281372,-0.1924903690814972,0.410900741815567,-0.8850671648979187,-0.23622211813926697,0.3736506998538971,-0.6285308003425598,-0.18802867829799652,-0.04462122544646263,-0.9985246658325195,-0.04749758541584015,-0.01403883658349514,-1.3973171710968018,-0.14889806509017944,0.042311858385801315,-1.6577773094177246,-0.1847473382949829,0.09668587148189545,-1.8956798315048218,-0.1793830245733261
0.0,0.0,0.0,0.41153863072395325,-0.046506378799676895,-0.07113652676343918,0.7767570614814758,-0.3942452669143677,-0.05173299461603165,0.9769220948219299,-0.6946545243263245,-0.048576369881629944,1.0903314352035522,-0.9118570685386658,-0.04059353843331337,0.5958554148674011,-0.8603480458259583,0.06365706026554108,0.6903589963912964,-1.1022257804870605,-0.027596861124038696,0.792426347732544,-1.0114004611968994,-0.08609645813703537,0.869018018245697,-0.867316484451294,-0.09431127458810806,0.39097508788108826,-0.9193823337554932,0.04329774156212807,0.5185979008674622,-1.183409571647644,-0.12972649931907654,0.5921931862831116,-0.9483295679092407,-0.2315814048051834,0.6105148196220398,-0.7230703830718994,-0.24067915976047516,0.15260973572731018,-0.9575291275978088,0.0011164778843522072,0.3056592047214508,-1.1690973043441772,-0.2014331966638565,0.3546290695667267,-0.8650012612342834,-0.25693777203559875,0.33350440859794617,-0.6032189726829529,-0.21514463424682617,-0.10056876391172409,-0.9737706184387207,-0.04246784746646881,-0.07819066196680069,-1.3839755058288574,-0.1606542319059372,-0.037267521023750305,-1.6653807163238525,-0.20047350227832794,0.00481721106916666,-1.9201242923736572,-0.19614502787590027
0.0,0.0,0.0,0.3899204432964325,-0.07480476051568985,-0.10213154554367065,0.6812725067138672,-0.3962232768535614,-0.11814181506633759,0.7649437785148621,-0.7353153228759766,-0.1492227166891098,0.6759570837020874,-1.0021357536315918,-0.15673314034938812,0.5886237025260925,-0.8555200695991516,0.032900724560022354,0.7168440222740173,-1.0990021228790283,-0.10839177668094635,0.6368831992149353,-0.8468998074531555,-0.1751222461462021,0.5528962016105652,-0.6331045627593994,-0.174268901348114,0.3776646852493286,-0.9257618188858032,0.018288975581526756,0.5075855255126953,-1.1842994689941406,-0.17397625744342804,0.45481032133102417,-0.8630263209342957,-0.2535499930381775,0.3882291615009308,-0.6280084848403931,-0.24168072640895844,0.1362365484237671,-0.966295063495636,-0.027477649971842766,0.24606335163116455,-1.189373254776001,-0.23144470155239105,0.25953495502471924,-0.8507179021835327,-0.2701759934425354,0.23105980455875397,-0.5891858339309692,-0.21937759220600128,-0.11564028263092041,-0.9841333627700806,-0.07881460338830948,-0.12690205872058868,-1.381946086883545,-0.18637967109680176,-0.1167667955160141,-1.6424899101257324,-0.22293128073215485,-0.09824001789093018,-1.8844826221466064,-0.2186974138021469
0.0,0.0,0.0,0.4109479486942291,-0.09282651543617249,-0.09107252955436707,0.6956384181976318,-0.47076886892318726,-0.0892583504319191,0.699608325958252,-0.829407274723053,-0.10169490426778793,0.5593128800392151,-1.0579895973205566,-0.09355024248361588,0.5574046969413757,-0.8886117339134216,0.04483361914753914,0.678119957447052,-1.1395223140716553,-0.078575499355793,0.6211636066436768,-0.8934672474861145,-0.13779129087924957,0.5302025079727173,-0.6732481718063354,-0.13413359224796295,0.34190812706947327,-0.9391806721687317,0.03222572058439255,0.4480116367340088,-1.1937366724014282,-0.14576184749603271,0.4159916639328003,-0.8802931904792786,-0.22659309208393097,0.3523130714893341,-0.6317156553268433,-0.21716268360614777,0.10422785580158234,-0.9615045189857483,-0.008727212436497211,0.1982511430978775,-1.1967047452926636,-0.20026612281799316,0.21536411345005035,-0.8687301874160767,-0.24199484288692474,0.1848175823688507,-0.5939399003982544,-0.19367659091949463,-0.14885397255420685,-0.9686483144760132,-0.053839270025491714,-0.16329671442508698,-1.3712637424468994,-0.15461306273937225,-0.15905451774597168,-1.6391466856002808,-0.19126397371292114,-0.15260964632034302,-1.8841215372085571,-0.18781691789627075
0.0,0.0,0.0,0.3957841396331787,-0.13876338303089142,-0.10598529875278473,0.6488773226737976,-0.4867040514945984,-0.13110384345054626,0.6208787560462952,-0.8384739756584167,-0.16752496361732483,0.4342527687549591,-1.0452580451965332,-0.1776755303144455,0.579734742641449,-0.867794394493103,0.020399389788508415,0.6802331209182739,-1.1182656288146973,-0.12548042833805084,0.5929844379425049,-0.8756791949272156,-0.19599032402038574,0.5176663994789124,-0.667689323425293,-0.20031799376010895,0.3471052348613739,-0.9378057718276978,0.0061859372071921825,0.432568222284317,-1.2043439149856567,-0.1882297843694687,0.37353265285491943,-0.8863616585731506,-0.26186421513557434,0.32834121584892273,-0.654845118522644,-0.2461642175912857,0.09749104082584381,-0.966597855091095,-0.0393332839012146,0.1542767733335495,-1.1982520818710327,-0.24172185361385345,0.16612911224365234,-0.8812191486358643,-0.279657781124115,0.16057860851287842,-0.6254793405532837,-0.22958992421627045,-0.15774789452552795,-0.96942138671875,-0.09078985452651978,-0.1866651177406311,-1.3639652729034424,-0.19066287577152252,-0.20847263932228088,-1.631087303161621,-0.22391191124916077,-0.21953588724136353,-1.8724634647369385,-0.21973440051078796
0.0,0.0,0.0,0.38969123363494873,-0.13701270520687103,-0.13204067945480347,0.6187227368354797,-0.46666422486305237,-0.17624056339263916,0.5809975266456604,-0.8134967684745789,-0.2273854911327362,0.425047904253006,-1.0436538457870483,-0.2464168667793274,0.5471748113632202,-0.8828259706497192,-0.02403680980205536,0.6608415246009827,-1.157426118850708,-0.1937303990125656,0.5603690147399902,-0.91195148229599,-0.2660992741584778,0.4834592938423157,-0.6946330666542053,-0.26855558156967163,0.3078548312187195,-0.9509152173995972,-0.031396035104990005,0.3954857587814331,-1.2373175621032715,-0.2611824870109558,0.32229191064834595,-0.9135939478874207,-0.3375212550163269,0.2725679874420166,-0.6698949337005615,-0.3148707151412964,0.056349195539951324,-0.9780957102775574,-0.07261090725660324,0.0996016263961792,-1.2108604907989502,-0.30240726470947266,0.1125902310013771,-0.8826443552970886,-0.3339833617210388,0.11354244500398636,-0.6147222518920898,-0.27150675654411316,-0.19183120131492615,-0.9774819612503052,-0.1221732571721077,-0.23838037252426147,-1.3696484565734863,-0.24463815987110138,-0.26646849513053894,-1.632032036781311,-0.2836167812347412,-0.2773366868495941,-1.874064564704895,-0.2776654362678528
