feature_0,feature_1,feature_2,feature_3,feature_4,feature_5,feature_6,feature_7,feature_8,feature_9,feature_10,feature_11,feature_12,feature_13,feature_14,feature_15,feature_16,feature_17,feature_18,feature_19,feature_20,feature_21,feature_22,feature_23,feature_24,feature_25,feature_26,feature_27,feature_28,feature_29,feature_30,feature_31,feature_32,feature_33,feature_34,feature_35,feature_36,feature_37,feature_38,feature_39,feature_40,feature_41,feature_42,feature_43,feature_44,feature_45,feature_46,feature_47,feature_48,feature_49,feature_50,feature_51,feature_52,feature_53,feature_54,feature_55,feature_56,feature_57,feature_58,feature_59,feature_60,feature_61,feature_62
0.0,0.0,0.0,0.4162620007991791,-0.022991608828306198,-0.2231677919626236,0.8120443224906921,-0.18071526288986206,-0.33443590998649597,1.1437578201293945,-0.276394248008728,-0.4369203448295593,1.3987408876419067,-0.316101998090744,-0.5259422659873962,0.6373062133789062,-0.8529196977615356,-0.1665317714214325,0.8007809519767761,-1.2271430492401123,-0.3231841027736664,0.8782445192337036,-1.4870483875274658,-0.3870244026184082,0.9434971213340759,-1.7036097049713135,-0.42196521162986755,0.36400336027145386,-0.9197878837585449,-0.14660054445266724,0.3293670117855072,-1.0506888628005981,-0.35709404945373535,0.23227766156196594,-0.6945571303367615,-0.3510381877422333,0.2529359459877014,-0.6044923067092896,-0.2914409637451172,0.09764549881219864,-0.9422203898429871,-0.1607133448123932,0.032656166702508926,-1.0679718255996704,-0.39321470260620117,0.0026600556448101997,-0.7334866523742676,-0.30287206172943115,0.05706506595015526,-0.6734033226966858,-0.1801939159631729,-0.15778906643390656,-0.9191367626190186,-0.19784243404865265,-0.22090226411819458,-1.0803170204162598,-0.329429030418396,-0.19942311942577362,-0.8385946154594421,-0.23463088274002075,-0.1598110944032669,-0.7290566563606262,-0.12355653941631317
0.0,0.0,0.0,0.4163111448287964,-0.02326045371592045,-0.2233823984861374,0.8139834403991699,-0.1827939748764038,-0.32997697591781616,1.1455236673355103,-0.2759876847267151,-0.42756369709968567,1.4033617973327637,-0.30600640177726746,-0.5119914412498474,0.6363025903701782,-0.8523160815238953,-0.1592758148908615,0.8002916574478149,-1.2258596420288086,-0.3128679096698761,0.8764233589172363,-1.4852107763290405,-0.3780041038990021,0.9421564340591431,-1.7027002573013306,-0.41521915793418884,0.36342674493789673,-0.9212247133255005,-0.13880224525928497,0.3271010220050812,-1.0542569160461426,-0.35284894704818726,0.2302042692899704,-0.7014434933662415,-0.35517412424087524,0.2507113218307495,-0.605936586856842,-0.30020248889923096,0.09648171812295914,-0.9446579217910767,-0.15200848877429962,0.03192179277539253,-1.07350754737854,-0.3856593370437622,0.0021906543988734484,-0.7417172193527222,-0.3019653856754303,0.05726389214396477,-0.676969587802887,-0.18259644508361816,-0.15938767790794373,-0.921901524066925,-0.1883947253227234,-0.22176355123519897,-1.0857750177383423,-0.3232051432132721,-0.2015548050403595,-0.8484432101249695,-0.23430390655994415,-0.1616031527519226,-0.7378875017166138,-0.12630264461040497
0.0,0.0,0.0,0.4176342487335205,-0.021194718778133392,-0.2281159907579422,0.8128842711448669,-0.1755199432373047,-0.33652201294898987,1.145605206489563,-0.26806747913360596,-0.4346182942390442,1.4031174182891846,-0.30131396651268005,-0.5186716914176941,0.6397480368614197,-0.8515542149543762,-0.16230210661888123,0.8082465529441833,-1.2211308479309082,-0.3157038390636444,0.883764922618866,-1.480625867843628,-0.3792778551578522,0.948138952255249,-1.6965912580490112,-0.4148968756198883,0.3686090409755707,-0.9191451072692871,-0.13892307877540588,0.3321458399295807,-1.0526639223098755,-0.3467558026313782,0.23319296538829803,-0.7049579620361328,-0.3428717255592346,0.26193124055862427,-0.6144971251487732,-0.2855852544307709,0.10393578559160233,-0.9436903595924377,-0.15058569610118866,0.03896269574761391,-1.073358416557312,-0.38075631856918335,0.004832413513213396,-0.7452445030212402,-0.293898344039917,0.06470802426338196,-0.683314323425293,-0.17418749630451202,-0.14855532348155975,-0.9225237965583801,-0.18627749383449554,-0.21156810224056244,-1.0897178649902344,-0.3196526765823364,-0.19483409821987152,-0.8539665341377258,-0.23020566999912262,-0.15361542999744415,-0.7418555021286011,-0.12275121361017227
0.0,0.0,0.0,0.4184019863605499,-0.02408762462437153,-0.2145807147026062,0.8132150769233704,-0.17960090935230255,-0.31826844811439514,1.1435878276824951,-0.27043065428733826,-0.41634127497673035,1.4009777307510376,-0.3002433776855469,-0.5039397478103638,0.6309544444084167,-0.8450285196304321,-0.1489967256784439,0.8059727549552917,-1.213215947151184,-0.30123627185821533,0.8831108212471008,-1.4752956628799438,-0.3681361675262451,0.9484162926673889,-1.6929835081100464,-0.4073716402053833,0.3634251058101654,-0.922236979007721,-0.13191334903240204,0.3196699023246765,-1.0597970485687256,-0.3488140404224396,0.2108769416809082,-0.7170032262802124,-0.35413867235183716,0.23486711084842682,-0.6099988222122192,-0.30025744438171387,0.10007462650537491,-0.9494647979736328,-0.1476774960756302,0.023249777033925056,-1.084524393081665,-0.38110560178756714,-0.020548563450574875,-0.7639535665512085,-0.3001801371574402,0.03929984197020531,-0.6891650557518005,-0.18249976634979248,-0.1509578675031662,-0.9276807904243469,-0.18567579984664917,-0.22921623289585114,-1.0963298082351685,-0.32160308957099915,-0.21749445796012878,-0.8650035262107849,-0.2353091537952423,-0.16814443469047546,-0.7446380853652954,-0.12842682003974915
0.0,0.0,0.0,0.46834829449653625,-0.01351768895983696,-0.18461072444915771,0.8936466574668884,-0.1737031191587448,-0.262483686208725,1.249985933303833,-0.30176612734794617,-0.34711432456970215,1.5063140392303467,-0.351333349943161,-0.4273416996002197,0.6812921762466431,-0.8467522859573364,-0.05104641616344452,0.8640191555023193,-1.2338957786560059,-0.1574808955192566,0.9352291822433472,-1.5206471681594849,-0.19618824124336243,0.9848649501800537,-1.7497841119766235,-0.2214277684688568,0.3822503685951233,-0.9233014583587646,-0.037406183779239655,0.3816302418708801,-1.075623869895935,-0.22323758900165558,0.27355363965034485,-0.7210100293159485,-0.21309970319271088,0.27768564224243164,-0.615710437297821,-0.1467321664094925,0.09523594379425049,-0.9376813173294067,-0.05702436715364456,0.08770602941513062,-1.1016931533813477,-0.26536038517951965,0.029559984803199768,-0.7681808471679688,-0.17090299725532532,0.04460347816348076,-0.6786078214645386,-0.04514288529753685,-0.17880988121032715,-0.9035931825637817,-0.09690612554550171,-0.1821669489145279,-1.0618895292282104,-0.22168482840061188,-0.20463871955871582,-0.8297827243804932,-0.1359480321407318,-0.2024393528699875,-0.7219572067260742,-0.030305199325084686
0.0,0.0,0.0,0.5210708379745483,-0.004619872197508812,-0.1441871076822281,0.9647992253303528,-0.1760336458683014,-0.16312773525714874,1.3258248567581177,-0.3124651610851288,-0.19261936843395233,1.5862594842910767,-0.3519337475299835,-0.21638935804367065,0.7373564839363098,-0.8294195532798767,0.08050722628831863,0.9216455221176147,-1.235868215560913,0.019543485715985298,0.9839916825294495,-1.5387152433395386,-0.012366793118417263,1.0210610628128052,-1.783023715019226,-0.040251415222883224,0.41202592849731445,-0.9072545170783997,0.08440257608890533,0.41174185276031494,-1.0989028215408325,-0.1022295281291008,0.30065762996673584,-0.7310839891433716,-0.13157199323177338,0.29000359773635864,-0.5638054609298706,-0.08264098316431046,0.10945696383714676,-0.9261261224746704,0.056581947952508926,0.09844167530536652,-1.1049541234970093,-0.15784208476543427,0.04253958910703659,-0.7515754699707031,-0.09985518455505371,0.05786161124706268,-0.6220690608024597,0.011966891586780548,-0.17906387150287628,-0.9009150862693787,0.012803548015654087,-0.18132570385932922,-1.0905238389968872,-0.12417290359735489,-0.20555146038532257,-0.8404049873352051,-0.05775522440671921,-0.1905422806739807,-0.70247882604599,0.03998568281531334
0.0,0.0,0.0,0.42415598034858704,-0.03543940559029579,-0.22154182195663452,0.8240376710891724,-0.19934292137622833,-0.3286588788032532,1.182458519935608,-0.3129161596298218,-0.4324658513069153,1.440514087677002,-0.3644433617591858,-0.5249419808387756,0.5975017547607422,-0.8736516237258911,-0.13091540336608887,0.7517645359039307,-1.2693889141082764,-0.27724382281303406,0.8111015558242798,-1.564549446105957,-0.33980295062065125,0.8557871580123901,-1.8042242527008057,-0.37669408321380615,0.3096895217895508,-0.9450659155845642,-0.10460842400789261,0.2318100929260254,-1.1035429239273071,-0.32548099756240845,0.14381517469882965,-0.7457965612411499,-0.3245522081851959,0.18584167957305908,-0.6254785656929016,-0.2609271705150604,0.03323893994092941,-0.9600342512130737,-0.11278273910284042,-0.0748494490981102,-1.1274168491363525,-0.34723836183547974,-0.09288289397954941,-0.7971867322921753,-0.259524941444397,-0.014955803751945496,-0.7001858949661255,-0.1332131177186966,-0.22190365195274353,-0.9291539788246155,-0.14417849481105804,-0.3059869110584259,-1.0877851247787476,-0.27980366349220276,-0.28544238209724426,-0.8555569648742676,-0.1951521784067154,-0.2252172976732254,-0.7344368696212769,-0.08722427487373352
0.0,0.0,0.0,0.41193878650665283,-0.07675869762897491,-0.21796639263629913,0.7790442109107971,-0.2916759252548218,-0.3125568628311157,1.0919564962387085,-0.44006094336509705,-0.3969283998012543,1.328896403312683,-0.4905274212360382,-0.46584346890449524,0.5115780830383301,-0.9243279099464417,-0.13260646164417267,0.6142071485519409,-1.309844970703125,-0.280119925737381,0.6288308501243591,-1.5809605121612549,-0.3403714895248413,0.6496142745018005,-1.8064569234848022,-0.3733212947845459,0.2412085235118866,-0.9645841717720032,-0.1067512258887291,0.16778722405433655,-1.1329399347305298,-0.317497193813324,0.09626523405313492,-0.7746429443359375,-0.31391993165016174,0.14736054837703705,-0.6629443168640137,-0.2491048127412796,-0.01590641215443611,-0.9676371216773987,-0.11592960357666016,-0.12764181196689606,-1.1234502792358398,-0.34315285086631775,-0.13565024733543396,-0.7984581589698792,-0.26080983877182007,-0.051533907651901245,-0.7270966172218323,-0.1390797644853592,-0.2519998848438263,-0.9246808886528015,-0.147814080119133,-0.3510858118534088,-1.1012855768203735,-0.2742142379283905,-0.3178119659423828,-0.871422529220581,-0.1875111311674118,-0.24777056276798248,-0.7537194490432739,-0.08010416477918625
0.0,0.0,0.0,0.4227960705757141,-0.07004807144403458,-0.22622732818126678,0.8027458786964417,-0.2816247045993805,-0.32285669445991516,1.1156518459320068,-0.42592400312423706,-0.40780091285705566,1.354759931564331,-0.48439285159111023,-0.4791523516178131,0.5152800679206848,-0.9208630323410034,-0.14582300186157227,0.622687578201294,-1.314948558807373,-0.28813186287879944,0.6401868462562561,-1.5838066339492798,-0.34400317072868347,0.6641712784767151,-1.8062231540679932,-0.37405315041542053,0.2460210770368576,-0.9620071053504944,-0.11838892102241516,0.17664480209350586,-1.1281633377075195,-0.32418152689933777,0.11149100214242935,-0.7824210524559021,-0.32315340638160706,0.16219963133335114,-0.6710569262504578,-0.2629101872444153,-0.015480614267289639,-0.9622955918312073,-0.12534986436367035,-0.1116565465927124,-1.1091030836105347,-0.35502997040748596,-0.12087775021791458,-0.7927716374397278,-0.280190646648407,-0.04720762372016907,-0.7258737683296204,-0.16347669064998627,-0.2603893578052521,-0.9190517067909241,-0.15501296520233154,-0.34752270579338074,-1.10507071018219,-0.2862984240055084,-0.3159139156341553,-0.8836230635643005,-0.203220933675766,-0.25719738006591797,-0.7648055553436279,-0.09832918643951416
0.0,0.0,0.0,0.4143756031990051,-0.09551301598548889,-0.22431986033916473,0.7620564103126526,-0.3205544650554657,-0.32145193219184875,1.0524522066116333,-0.47077426314353943,-0.4032789468765259,1.2877875566482544,-0.5273391604423523,-0.4698774516582489,0.4852699339389801,-0.948640763759613,-0.14158961176872253,0.5509067177772522,-1.3198758363723755,-0.27797213196754456,0.5491406321525574,-1.5708215236663818,-0.33402329683303833,0.5571680665016174,-1.787153959274292,-0.3652766942977905,0.2223476767539978,-0.9681485295295715,-0.11510755866765976,0.1662840098142624,-1.150031566619873,-0.3038216829299927,0.13016405701637268,-0.7948195934295654,-0.29701003432273865,0.1814613789319992,-0.6889304518699646,-0.23506125807762146,-0.026898188516497612,-0.9525761008262634,-0.12280447781085968,-0.10979951173067093,-1.122097373008728,-0.33350661396980286,-0.0968039333820343,-0.7940658330917358,-0.2501254379749298,-0.029030179604887962,-0.7256449460983276,-0.1321733146905899,-0.2617945373058319,-0.8923515677452087,-0.15402284264564514,-0.3454205393791199,-1.096713900566101,-0.2731442451477051,-0.2988625764846802,-0.8649793863296509,-0.1844887137413025,-0.2455950379371643,-0.7422899007797241,-0.07949322462081909
0.0,0.0,0.0,0.41760683059692383,-0.08858390152454376,-0.2538169324398041,0.7637658715248108,-0.3167470693588257,-0.35832518339157104,1.064178228378296,-0.4714793264865875,-0.4404688775539398,1.308200716972351,-0.5356752872467041,-0.5050838589668274,0.4900090992450714,-0.9508164525032043,-0.1674887090921402,0.5481072664260864,-1.3316497802734375,-0.3074970841407776,0.5458822250366211,-1.5890874862670898,-0.36695626378059387,0.548505425453186,-1.8083174228668213,-0.40033257007598877,0.2184607833623886,-0.9673906564712524,-0.1281803846359253,0.17887897789478302,-1.1532377004623413,-0.319823294878006,0.14811605215072632,-0.7994319200515747,-0.31424516439437866,0.1895311027765274,-0.6935048699378967,-0.2531574070453644,-0.04001776874065399,-0.9535715579986572,-0.12670236825942993,-0.09844426065683365,-1.126394271850586,-0.3456428647041321,-0.07649282366037369,-0.7984727621078491,-0.2709634006023407,-0.018813006579875946,-0.7341867089271545,-0.15763233602046967,-0.28165364265441895,-0.8979021906852722,-0.15113899111747742,-0.3471646010875702,-1.1028403043746948,-0.2816286087036133,-0.2890718877315521,-0.8779026865959167,-0.20409175753593445,-0.2407398521900177,-0.7598598599433899,-0.10623816400766373
0.0,0.0,0.0,0.415536105632782,-0.09770190715789795,-0.23496319353580475,0.7551087737083435,-0.3370410203933716,-0.33314257860183716,1.0595006942749023,-0.5009593963623047,-0.4143272042274475,1.3038262128829956,-0.5528693199157715,-0.4825570583343506,0.4662984013557434,-0.9543644785881042,-0.14874160289764404,0.5182291269302368,-1.3325802087783813,-0.2821226119995117,0.5084739327430725,-1.592752456665039,-0.3429234027862549,0.4989386200904846,-1.8077231645584106,-0.3807307481765747,0.20072974264621735,-0.9728181958198547,-0.11546625196933746,0.14174507558345795,-1.1677775382995605,-0.30688175559043884,0.11038253456354141,-0.8261314034461975,-0.30452919006347656,0.15935347974300385,-0.7076268196105957,-0.24640868604183197,-0.05172177404165268,-0.9521056413650513,-0.11753850430250168,-0.13007000088691711,-1.1281304359436035,-0.32917389273643494,-0.1097700446844101,-0.8190693855285645,-0.25611430406570435,-0.046850014477968216,-0.7393218278884888,-0.14558574557304382,-0.28639844059944153,-0.8862701654434204,-0.14429862797260284,-0.36792317032814026,-1.0870118141174316,-0.27149173617362976,-0.3149878680706024,-0.8775835633277893,-0.19845448434352875,-0.2587122321128845,-0.7603800892829895,-0.10486390441656113
0.0,0.0,0.0,0.4012773334980011,-0.13809049129486084,-0.23071469366550446,0.7142695188522339,-0.41232895851135254,-0.33388784527778625,0.9980314373970032,-0.6231620907783508,-0.42676663398742676,1.2255527973175049,-0.7184239029884338,-0.5088289976119995,0.3205500841140747,-1.000947117805481,-0.14133767783641815,0.3362348675727844,-1.391709804534912,-0.2821957767009735,0.29998278617858887,-1.6561554670333862,-0.3422887623310089,0.2709716856479645,-1.8754684925079346,-0.3787645995616913,0.053948499262332916,-0.9921727776527405,-0.11261742562055588,-0.05065266415476799,-1.1852596998214722,-0.3263276219367981,-0.051825713366270065,-0.832866370677948,-0.32675257325172424,0.01929110661149025,-0.717095673084259,-0.26426413655281067,-0.18838337063789368,-0.9433309435844421,-0.11947435140609741,-0.31291747093200684,-1.109545111656189,-0.3465205430984497,-0.2740858495235443,-0.8050666451454163,-0.26984038949012756,-0.19198693335056305,-0.7371648550033569,-0.1527981162071228,-0.40127354860305786,-0.8580909371376038,-0.1502804011106491,-0.5274465084075928,-1.0355643033981323,-0.28452494740486145,-0.46962857246398926,-0.8324341177940369,-0.21200178563594818,-0.387443482875824,-0.7305134534835815,-0.11687561869621277
0.0,0.0,0.0,0.39874717593193054,-0.14563974738121033,-0.22813978791236877,0.7029107809066772,-0.42910102009773254,-0.3283834457397461,0.9746747612953186,-0.6560258269309998,-0.41834619641304016,1.2069731950759888,-0.7482193112373352,-0.4976961612701416,0.29105913639068604,-1.00310218334198,-0.14441204071044922,0.28830522298812866,-1.4023016691207886,-0.2868841588497162,0.23543308675289154,-1.672385573387146,-0.3426944613456726,0.19762638211250305,-1.8914897441864014,-0.3750399053096771,0.02576528489589691,-0.9928315281867981,-0.11671189218759537,-0.10935802757740021,-1.1824384927749634,-0.3332159221172333,-0.0941089540719986,-0.8170737028121948,-0.32575711607933044,-0.0012144309002906084,-0.6920947432518005,-0.2546902894973755,-0.21594545245170593,-0.94141685962677,-0.12465735524892807,-0.36595556139945984,-1.0941088199615479,-0.35334399342536926,-0.3119375705718994,-0.7825412750244141,-0.2706654667854309,-0.21354493498802185,-0.7113810777664185,-0.14656713604927063,-0.426967978477478,-0.8493619561195374,-0.1568356305360794,-0.5757392048835754,-1.0250654220581055,-0.2909836173057556,-0.5091582536697388,-0.8245797157287598,-0.21639113128185272,-0.4142245352268219,-0.723509669303894,-0.11790985614061356
0.0,0.0,0.0,0.3892049491405487,-0.1412484496831894,-0.23896363377571106,0.6961163878440857,-0.4260161817073822,-0.34706491231918335,0.9741991758346558,-0.6485310196876526,-0.4426550269126892,1.203986406326294,-0.7454109787940979,-0.5262503623962402,0.29001712799072266,-1.0044701099395752,-0.1588103175163269,0.2787039577960968,-1.4048629999160767,-0.30424854159355164,0.22150680422782898,-1.676631212234497,-0.36180219054222107,0.1793840080499649,-1.8961342573165894,-0.3955546021461487,0.026733072474598885,-0.9913217425346375,-0.1287110596895218,-0.11008512228727341,-1.1826750040054321,-0.3516361117362976,-0.09043789654970169,-0.817833423614502,-0.3480944335460663,-0.000406052713515237,-0.690369725227356,-0.279119610786438,-0.2156265527009964,-0.939045250415802,-0.1345636397600174,-0.37261655926704407,-1.0890170335769653,-0.36948156356811523,-0.30866315960884094,-0.7773310542106628,-0.2899494767189026,-0.20923858880996704,-0.7028241753578186,-0.16678212583065033,-0.4305516481399536,-0.8498904705047607,-0.16550076007843018,-0.5791070461273193,-1.019975185394287,-0.3046201467514038,-0.5058640241622925,-0.8190988898277283,-0.23266014456748962,-0.41198569536209106,-0.7185633778572083,-0.13557665050029755
0.0,0.0,0.0,0.3906232714653015,-0.12350519746541977,-0.23072190582752228,0.7076001167297363,-0.392991840839386,-0.3265497386455536,0.9897372126579285,-0.5870306491851807,-0.4096994400024414,1.2156723737716675,-0.6757215261459351,-0.48100101947784424,0.32526668906211853,-0.9874917268753052,-0.15105122327804565,0.34041738510131836,-1.395891785621643,-0.292446494102478,0.3002873957157135,-1.6689348220825195,-0.35033518075942993,0.27250510454177856,-1.894739031791687,-0.3848460912704468,0.06494428217411041,-0.9905166625976562,-0.12107443809509277,-0.05874244496226311,-1.181523323059082,-0.33980974555015564,-0.058871444314718246,-0.8247395753860474,-0.3441374897956848,0.019977420568466187,-0.6924192905426025,-0.2826063334941864,-0.178738534450531,-0.9502963423728943,-0.12536019086837769,-0.320050448179245,-1.0986539125442505,-0.3569444715976715,-0.2778542637825012,-0.7891965508460999,-0.2861229181289673,-0.18854491412639618,-0.711489200592041,-0.1691848635673523,-0.3959414064884186,-0.8716409802436829,-0.15335284173488617,-0.5238761305809021,-1.0479766130447388,-0.291434645652771,-0.4660544693470001,-0.8466358184814453,-0.22252583503723145,-0.38273122906684875,-0.7404545545578003,-0.1271999478340149
0.0,0.0,0.0,0.4172578454017639,-0.11523817479610443,-0.21128849685192108,0.7517415285110474,-0.3760753870010376,-0.31357401609420776,1.0354785919189453,-0.5598793625831604,-0.41112229228019714,1.2942641973495483,-0.6255727410316467,-0.4996658265590668,0.3513411581516266,-0.9772387146949768,-0.15190260112285614,0.3577694594860077,-1.3913789987564087,-0.3037464916706085,0.32902535796165466,-1.6519030332565308,-0.3747360408306122,0.31127500534057617,-1.8811759948730469,-0.4190986454486847,0.09202048182487488,-0.9862035512924194,-0.13760387897491455,0.01606418378651142,-1.130171537399292,-0.35681092739105225,0.027726808562874794,-0.7727213501930237,-0.3669222593307495,0.08149641007184982,-0.6576237678527832,-0.3176535665988922,-0.1555229127407074,-0.9478853940963745,-0.15487262606620789,-0.2499631941318512,-1.0938851833343506,-0.3808077573776245,-0.20121796429157257,-0.7762201428413391,-0.3003526031970978,-0.1356348693370819,-0.696005642414093,-0.18368646502494812,-0.38273903727531433,-0.8683038949966431,-0.1949700266122818,-0.4791012704372406,-1.0604685544967651,-0.32251307368278503,-0.402667373418808,-0.8453699946403503,-0.2370147407054901,-0.32943835854530334,-0.7283200025558472,-0.13361839950084686
0.0,0.0,0.0,0.41851627826690674,-0.09503404051065445,-0.17623157799243927,0.7624298930168152,-0.3513197898864746,-0.2567731738090515,1.024828314781189,-0.5300666689872742,-0.33539947867393494,1.247566819190979,-0.5986264944076538,-0.4058200716972351,0.4258989691734314,-0.9839546084403992,-0.09648224711418152,0.44728222489356995,-1.3742705583572388,-0.21457253396511078,0.42935869097709656,-1.6203947067260742,-0.27092161774635315,0.41050800681114197,-1.839616298675537,-0.30741968750953674,0.16876019537448883,-0.9820624589920044,-0.08410300314426422,0.13196855783462524,-1.1181467771530151,-0.2626689672470093,0.12014732509851456,-0.7719442248344421,-0.2691824436187744,0.1402251273393631,-0.6820286512374878,-0.2236870527267456,-0.06898593157529831,-0.9382561445236206,-0.09806188195943832,-0.1125052347779274,-1.0835100412368774,-0.2886584401130676,-0.09130043536424637,-0.7749024629592896,-0.20871180295944214,-0.0660749301314354,-0.7098864316940308,-0.10066313296556473,-0.29603078961372375,-0.8578752875328064,-0.13060946762561798,-0.3407635986804962,-1.0523959398269653,-0.23511050641536713,-0.2845818102359772,-0.843326210975647,-0.14642100036144257,-0.24614977836608887,-0.7421407699584961,-0.045312732458114624
0.0,0.0,0.0,0.4182659387588501,-0.09193816035985947,-0.20968250930309296,0.7597278952598572,-0.3407854437828064,-0.3072319030761719,1.0488955974578857,-0.5219283103942871,-0.39528873562812805,1.2866599559783936,-0.59412682056427,-0.4699670076370239,0.4577542245388031,-0.9810312390327454,-0.11203161627054214,0.4859609007835388,-1.3622993230819702,-0.23023517429828644,0.47342538833618164,-1.6218483448028564,-0.27864542603492737,0.45763713121414185,-1.837785005569458,-0.3070416748523712,0.2017480731010437,-0.9757596850395203,-0.0847981870174408,0.16599169373512268,-1.1489818096160889,-0.24767151474952698,0.15437404811382294,-0.7999039888381958,-0.2318338304758072,0.18912148475646973,-0.7174730896949768,-0.16885319352149963,-0.03627076745033264,-0.9367002248764038,-0.08989645540714264,-0.08049342781305313,-1.106426477432251,-0.2748710811138153,-0.05459064617753029,-0.7946657538414001,-0.18275056779384613,-0.02045394666492939,-0.733031153678894,-0.06506425142288208,-0.2648890018463135,-0.8626429438591003,-0.11785730719566345,-0.3105904757976532,-1.0580503940582275,-0.22088934481143951,-0.25595003366470337,-0.8535107374191284,-0.13151343166828156,-0.2210703343153,-0.7588574886322021,-0.02964920736849308
0.0,0.0,0.0,0.40759050846099854,-0.10435441881418228,-0.2372339516878128,0.7371369004249573,-0.3658621311187744,-0.3485793173313141,1.0379867553710938,-0.5703617334365845,-0.4451560974121094,1.288020133972168,-0.674228310585022,-0.5261475443840027,0.4133613109588623,-0.9985503554344177,-0.1401686668395996,0.4215942323207855,-1.3777508735656738,-0.26587629318237305,0.39338526129722595,-1.6399626731872559,-0.31711345911026,0.36370038986206055,-1.8543543815612793,-0.34734946489334106,0.15360502898693085,-0.982850968837738,-0.10202676057815552,0.10799992829561234,-1.158389687538147,-0.2713368237018585,0.10629007965326309,-0.8133566379547119,-0.2528759837150574,0.14711517095565796,-0.7295522689819336,-0.18868647515773773,-0.08838207274675369,-0.9352006316184998,-0.09948516637086868,-0.13947218656539917,-1.1076736450195312,-0.29146796464920044,-0.10269211232662201,-0.8021308183670044,-0.19902892410755157,-0.06259876489639282,-0.740341305732727,-0.08216168731451035,-0.31517016887664795,-0.8562421798706055,-0.12255865335464478,-0.3736550509929657,-1.0454185009002686,-0.23469826579093933,-0.3084163963794708,-0.8433436751365662,-0.1510651558637619,-0.26545414328575134,-0.7436773777008057,-0.053518954664468765
0.0,0.0,0.0,0.39382684230804443,-0.16177400946617126,-0.21665158867835999,0.6918569207191467,-0.47407954931259155,-0.31027406454086304,0.9498403668403625,-0.6954411268234253,-0.398165762424469,1.1739925146102905,-0.8014624118804932,-0.4739621877670288,0.25061458349227905,-1.0371618270874023,-0.11160176992416382,0.21795415878295898,-1.4550167322158813,-0.23895835876464844,0.1581469625234604,-1.7184388637542725,-0.30225417017936707,0.10788942128419876,-1.939178228378296,-0.34356504678726196,-0.0026759454049170017,-0.9964525699615479,-0.08411406725645065,-0.09457588195800781,-1.1800214052200317,-0.28532665967941284,-0.07428783923387527,-0.8608316779136658,-0.3042554557323456,-0.012619538232684135,-0.7563169598579407,-0.2609961926937103,-0.23148643970489502,-0.9227714538574219,-0.08884247392416,-0.32891952991485596,-1.0933635234832764,-0.2923293709754944,-0.2821185886859894,-0.8175786137580872,-0.2247815579175949,-0.214586079120636,-0.7497265934944153,-0.12111735343933105,-0.4354901611804962,-0.8240718245506287,-0.11753671616315842,-0.5416157841682434,-1.005039095878601,-0.2294885516166687,-0.4797414541244507,-0.8260822892189026,-0.15674540400505066,-0.4043441712856293,-0.728762686252594,-0.06610912829637527
0.0,0.0,0.0,0.3706122934818268,-0.226725772023201,-0.22217197716236115,0.6310996413230896,-0.5715152025222778,-0.3265697956085205,0.86545330286026,-0.8428405523300171,-0.42825713753700256,1.0914716720581055,-0.9831900596618652,-0.5223320126533508,0.09493909776210785,-1.04657781124115,-0.12997697293758392,-0.0003016723785549402,-1.4752843379974365,-0.26176634430885315,-0.11127446591854095,-1.7377419471740723,-0.32870763540267944,-0.20163585245609283,-1.9518121480941772,-0.37554532289505005,-0.156730517745018,-0.9817834496498108,-0.10740969330072403,-0.30276066064834595,-1.1579937934875488,-0.33362144231796265,-0.25445815920829773,-0.8566940426826477,-0.36832401156425476,-0.17167773842811584,-0.7362664341926575,-0.33258137106895447,-0.379499614238739,-0.8788531422615051,-0.11600448191165924,-0.5199065804481506,-1.0470913648605347,-0.3389309048652649,-0.45454299449920654,-0.7956671714782715,-0.289785772562027,-0.3760167062282562,-0.7155429720878601,-0.19411662220954895,-0.5724890232086182,-0.7555480599403381,-0.14839451014995575,-0.7192224860191345,-0.928665816783905,-0.2791886329650879,-0.6562671661376953,-0.7832431197166443,-0.22691361606121063,-0.5697086453437805,-0.6977021098136902,-0.1483541578054428
0.0,0.0,0.0,0.38064178824424744,-0.21995095908641815,-0.2554115951061249,0.6129657626152039,-0.5688068270683289,-0.3666972815990448,0.8368343114852905,-0.8664799928665161,-0.46347570419311523,1.0617852210998535,-1.0200330018997192,-0.542597234249115,0.06829188764095306,-1.0530169010162354,-0.1626560539007187,-0.05971606448292732,-1.4669417142868042,-0.3245691955089569,-0.19959132373332977,-1.7227060794830322,-0.39284804463386536,-0.3066485524177551,-1.9411050081253052,-0.4319540560245514,-0.17278416454792023,-0.9774399995803833,-0.12147720903158188,-0.35511648654937744,-1.1298021078109741,-0.3416641652584076,-0.277064710855484,-0.7848191857337952,-0.33052313327789307,-0.1600532978773117,-0.7213905453681946,-0.26072484254837036,-0.39665427803993225,-0.8803514242172241,-0.12132952362298965,-0.5816562175750732,-1.000868558883667,-0.35185956954956055,-0.47884082794189453,-0.7084686756134033,-0.2579517066478729,-0.3596000373363495,-0.6841763854026794,-0.12936778366565704,-0.5865704417228699,-0.7611384391784668,-0.15027806162834167,-0.7718679904937744,-0.8947805762290955,-0.2797366678714752,-0.6735216975212097,-0.7109830379486084,-0.19863323867321014,-0.5473017692565918,-0.6368964314460754,-0.09719889611005783
0.0,0.0,0.0,0.3785528540611267,-0.22320184111595154,-0.24645237624645233,0.6067148447036743,-0.5673990249633789,-0.35283729434013367,0.8271346688270569,-0.8658348321914673,-0.44390740990638733,1.0477803945541382,-1.0218232870101929,-0.5175136923789978,0.07945305109024048,-1.054328203201294,-0.1535455286502838,-0.04242054745554924,-1.4527658224105835,-0.3081284761428833,-0.18139863014221191,-1.7064260244369507,-0.37273699045181274,-0.2879120409488678,-1.916431188583374,-0.40937602519989014,-0.1619275063276291,-0.9799551963806152,-0.11604867875576019,-0.3461746573448181,-1.135154128074646,-0.331230491399765,-0.26878488063812256,-0.7869184613227844,-0.31943678855895996,-0.1482951045036316,-0.7102813124656677,-0.24751617014408112,-0.3847401738166809,-0.8844262957572937,-0.11837242543697357,-0.5739067196846008,-1.0089033842086792,-0.344725102186203,-0.4693116247653961,-0.7151380181312561,-0.2541390657424927,-0.3473784029483795,-0.6815577745437622,-0.12658695876598358,-0.5700656175613403,-0.7623735666275024,-0.14876553416252136,-0.7562024593353271,-0.9002836346626282,-0.2756887376308441,-0.6569827795028687,-0.7172102928161621,-0.1957405060529709,-0.5338261127471924,-0.6411856412887573,-0.09481837600469589
0.0,0.0,0.0,0.3806908130645752,-0.21278133988380432,-0.2541287839412689,0.6275402307510376,-0.5506375432014465,-0.3736986815929413,0.8706698417663574,-0.8457968235015869,-0.47788408398628235,1.1128156185150146,-0.9930674433708191,-0.5651354789733887,0.1213749423623085,-1.0496395826339722,-0.1684100478887558,0.017428487539291382,-1.4535448551177979,-0.32647332549095154,-0.10996285080909729,-1.7140486240386963,-0.3922673165798187,-0.21075527369976044,-1.9286683797836304,-0.4306573271751404,-0.12364405393600464,-0.9837697744369507,-0.13003568351268768,-0.29461297392845154,-1.152742862701416,-0.3462824821472168,-0.21819789707660675,-0.7999170422554016,-0.3304419219493866,-0.10281158238649368,-0.7227778434753418,-0.2572340667247772,-0.35128775238990784,-0.8957456946372986,-0.1314254254102707,-0.5329276919364929,-1.0411028861999512,-0.35681524872779846,-0.43004176020622253,-0.7460073232650757,-0.2577185332775116,-0.31285640597343445,-0.70542311668396,-0.1265755444765091,-0.5452714562416077,-0.7804789543151855,-0.16187472641468048,-0.719157338142395,-0.933607816696167,-0.290014386177063,-0.6184479594230652,-0.7490405440330505,-0.2063375860452652,-0.5014635920524597,-0.6658542156219482,-0.10364142060279846
0.0,0.0,0.0,0.38723286986351013,-0.19099879264831543,-0.21484844386577606,0.6524655222892761,-0.517048180103302,-0.30835917592048645,0.891085684299469,-0.7721858620643616,-0.393694132566452,1.11373770236969,-0.8872694969177246,-0.4686596393585205,0.17726391553878784,-1.0335274934768677,-0.13182923197746277,0.1112995520234108,-1.444570541381836,-0.26744788885116577,0.013684744946658611,-1.7074230909347534,-0.32794222235679626,-0.06463246792554855,-1.924433946609497,-0.36605608463287354,-0.07406895607709885,-0.9912316203117371,-0.10942405462265015,-0.2214629203081131,-1.1700395345687866,-0.3168158233165741,-0.1803945153951645,-0.8308947086334229,-0.32108360528945923,-0.09024155884981155,-0.7213870286941528,-0.2633601129055023,-0.30205047130584717,-0.9130293130874634,-0.11955198645591736,-0.4543595612049103,-1.0689340829849243,-0.3334772288799286,-0.38648125529289246,-0.7807459235191345,-0.25579020380973816,-0.2953895628452301,-0.718837320804596,-0.13997337222099304,-0.4963841438293457,-0.8018012642860413,-0.15338134765625,-0.6457181572914124,-0.9804520606994629,-0.2703699767589569,-0.5702478885650635,-0.797169029712677,-0.1897665411233902,-0.4749133884906769,-0.704113245010376,-0.09092427045106888
0.0,0.0,0.0,0.39027056097984314,-0.14270766079425812,-0.20832015573978424,0.716631293296814,-0.4083732068538666,-0.311595618724823,1.0056512355804443,-0.5913033485412598,-0.41065865755081177,1.251372218132019,-0.6758260726928711,-0.5032169222831726,0.32175886631011963,-0.9993324875831604,-0.11506026238203049,0.3220374584197998,-1.390828251838684,-0.24398773908615112,0.2785452902317047,-1.6473251581192017,-0.3157114088535309,0.2389744073152542,-1.8659882545471191,-0.36399802565574646,0.07129620015621185,-0.9927483201026917,-0.09678656607866287,-0.019822347909212112,-1.189087986946106,-0.3011183738708496,-0.008420315571129322,-0.8678513765335083,-0.33037281036376953,0.04487033560872078,-0.727595329284668,-0.29240506887435913,-0.15955524146556854,-0.9387850761413574,-0.10759172588586807,-0.2551496922969818,-1.1254591941833496,-0.3071289360523224,-0.21937182545661926,-0.8467596173286438,-0.24284522235393524,-0.16344505548477173,-0.748295247554779,-0.13887467980384827,-0.3629003167152405,-0.8493178486824036,-0.14107154309749603,-0.4494723081588745,-1.0514158010482788,-0.24651139974594116,-0.3942520320415497,-0.8703961372375488,-0.1674732118844986,-0.33474960923194885,-0.7646669745445251,-0.07141849398612976
0.0,0.0,0.0,0.4035182297229767,-0.07828161865472794,-0.19999797642230988,0.7678235173225403,-0.30108678340911865,-0.2985425293445587,1.075235366821289,-0.450788289308548,-0.39269301295280457,1.3221614360809326,-0.4948185980319977,-0.4795011281967163,0.48956334590911865,-0.9526585340499878,-0.09428917616605759,0.5386141538619995,-1.3352335691452026,-0.1996353715658188,0.5395602583885193,-1.5912742614746094,-0.2515541613101959,0.5347616076469421,-1.8020938634872437,-0.28612661361694336,0.23745538294315338,-0.9688135385513306,-0.07081859558820724,0.22332614660263062,-1.1607921123504639,-0.23914970457553864,0.1833178997039795,-0.83768630027771,-0.24680979549884796,0.19184541702270508,-0.720160722732544,-0.1996000111103058,-0.0005409747827798128,-0.945607602596283,-0.07567121088504791,-0.022863946855068207,-1.143606185913086,-0.25928083062171936,-0.0262781772762537,-0.8515000939369202,-0.1872572898864746,-0.015962636098265648,-0.7513706684112549,-0.08215183019638062,-0.2298576980829239,-0.8914247751235962,-0.1012011393904686,-0.24657045304775238,-1.1099129915237427,-0.2064570188522339,-0.21194687485694885,-0.9120722413063049,-0.12709222733974457,-0.19037117063999176,-0.7979186773300171,-0.031373992562294006
0.0,0.0,0.0,0.40934327244758606,-0.04890862852334976,-0.1998906135559082,0.7941190004348755,-0.23402254283428192,-0.302317351102829,1.1244136095046997,-0.34459811449050903,-0.4012967050075531,1.3848148584365845,-0.3562476336956024,-0.4954492449760437,0.5650590062141418,-0.910081148147583,-0.08530263602733612,0.6436294913291931,-1.2839893102645874,-0.18746423721313477,0.6769652962684631,-1.5368590354919434,-0.24120287597179413,0.696459949016571,-1.7442941665649414,-0.2777957022190094,0.3165762722492218,-0.9463165998458862,-0.06530246138572693,0.347589373588562,-1.1519763469696045,-0.23964044451713562,0.2812670171260834,-0.8149142861366272,-0.2539389729499817,0.26472365856170654,-0.6747585535049438,-0.2069881558418274,0.0794999897480011,-0.9386076331138611,-0.07293763011693954,0.10517453402280807,-1.1475145816802979,-0.2662173807621002,0.07130709290504456,-0.8352884650230408,-0.1965479552745819,0.056301526725292206,-0.7210778594017029,-0.08746875077486038,-0.1550956815481186,-0.8977815508842468,-0.09976612776517868,-0.12613239884376526,-1.1300125122070312,-0.21207265555858612,-0.11392410844564438,-0.9116115570068359,-0.1304931789636612,-0.11525783687829971,-0.7837842106819153,-0.03070845641195774
0.0,0.0,0.0,0.4046315550804138,-0.03260277956724167,-0.18596291542053223,0.7832909822463989,-0.1888960897922516,-0.2956405580043793,1.1186386346817017,-0.2668665051460266,-0.40631067752838135,1.3777809143066406,-0.25971388816833496,-0.5127497911453247,0.6191920042037964,-0.8793399930000305,-0.0717417299747467,0.6942240595817566,-1.233208179473877,-0.17040567100048065,0.7394819855690002,-1.4780139923095703,-0.21996721625328064,0.7704126834869385,-1.67208731174469,-0.2533251941204071,0.37614336609840393,-0.9247335195541382,-0.05817306041717529,0.4280199110507965,-1.117350459098816,-0.2214391976594925,0.35155895352363586,-0.7770465612411499,-0.22667251527309418,0.3270566761493683,-0.6465442180633545,-0.17447084188461304,0.14470040798187256,-0.9256086945533752,-0.0719531923532486,0.18192322552204132,-1.1164475679397583,-0.2500579059123993,0.14316491782665253,-0.8095828294754028,-0.16971205174922943,0.12276779860258102,-0.7046865224838257,-0.057418450713157654,-0.0897381603717804,-0.8939470648765564,-0.10484970360994339,-0.04133031889796257,-1.1030405759811401,-0.20471492409706116,-0.03870825842022896,-0.8852474689483643,-0.11748981475830078,-0.05041523277759552,-0.7746947407722473,-0.016929639503359795
0.0,0.0,0.0,0.3982185423374176,-0.010761757381260395,-0.17276746034622192,0.794266939163208,-0.15602770447731018,-0.26818951964378357,1.1268398761749268,-0.22715571522712708,-0.3664579391479492,1.3841123580932617,-0.20282530784606934,-0.46417945623397827,0.6526554226875305,-0.8554763197898865,-0.04238959774374962,0.7393309473991394,-1.2088176012039185,-0.12267270684242249,0.7980688214302063,-1.4394950866699219,-0.17254899442195892,0.8359258770942688,-1.6250923871994019,-0.2108488827943802,0.4196840524673462,-0.9071133732795715,-0.031790561974048615,0.4893369972705841,-1.098333477973938,-0.19604100286960602,0.40880540013313293,-0.7677074074745178,-0.22558462619781494,0.3548126816749573,-0.6157957911491394,-0.1899108588695526,0.19286572933197021,-0.9109480381011963,-0.04489121958613396,0.24928538501262665,-1.102999210357666,-0.22539477050304413,0.20362982153892517,-0.7979650497436523,-0.16905510425567627,0.1593967229127884,-0.6759297251701355,-0.06992442905902863,-0.043626800179481506,-0.8865552544593811,-0.07397261261940002,0.031436458230018616,-1.0991908311843872,-0.18048466742038727,0.030334921553730965,-0.8818936347961426,-0.10733553022146225,0.006460552103817463,-0.7675517201423645,-0.015143757686018944
0.0,0.0,0.0,0.40135395526885986,-0.007071865722537041,-0.16362929344177246,0.8010072708129883,-0.14148177206516266,-0.2585553824901581,1.126507043838501,-0.2101743072271347,-0.35603299736976624,1.3819620609283447,-0.18543307483196259,-0.4512418806552887,0.6822048425674438,-0.8255972862243652,-0.05223030969500542,0.789482831954956,-1.1797418594360352,-0.14275409281253815,0.8487775325775146,-1.4149582386016846,-0.19582155346870422,0.8803927898406982,-1.6093966960906982,-0.23580189049243927,0.45626944303512573,-0.888489842414856,-0.04903184622526169,0.5436481237411499,-1.0937696695327759,-0.21188360452651978,0.4444287121295929,-0.7614068984985352,-0.23126600682735443,0.389134019613266,-0.6226252317428589,-0.19226405024528503,0.2309390902519226,-0.9046065807342529,-0.06929536908864975,0.31023362278938293,-1.1086145639419556,-0.250352680683136,0.24857504665851593,-0.8033580183982849,-0.18077391386032104,0.1976073682308197,-0.6908633708953857,-0.07625627517700195,-0.008404310792684555,-0.8929651379585266,-0.1051049456000328,0.08418005704879761,-1.1159460544586182,-0.21155689656734467,0.07335758954286575,-0.9004058837890625,-0.13017870485782623,0.039658598601818085,-0.7871389389038086,-0.034843914210796356
0.0,0.0,0.0,0.3947829306125641,0.0007675872766412795,-0.16943535208702087,0.7989672422409058,-0.12159858644008636,-0.26583173871040344,1.1226693391799927,-0.17604902386665344,-0.3636953830718994,1.37790846824646,-0.14646020531654358,-0.4609419107437134,0.6809955835342407,-0.8210306167602539,-0.04678771272301674,0.7901098728179932,-1.1717960834503174,-0.1292044073343277,0.8599650859832764,-1.395500898361206,-0.1842828094959259,0.9050312042236328,-1.5810102224349976,-0.22847890853881836,0.4606686532497406,-0.886644184589386,-0.040577106177806854,0.5484418272972107,-1.1101901531219482,-0.2038259208202362,0.46176713705062866,-0.7912619709968567,-0.23832224309444427,0.3989050090312958,-0.6308684349060059,-0.21045276522636414,0.23911616206169128,-0.8992326855659485,-0.057209473103284836,0.32242560386657715,-1.1153087615966797,-0.23403029143810272,0.26940545439720154,-0.8225628137588501,-0.17951495945453644,0.2143246829509735,-0.6947901248931885,-0.08636418730020523,0.001643074327148497,-0.884993314743042,-0.08967748284339905,0.10081229358911514,-1.1008232831954956,-0.1958949863910675,0.09333363175392151,-0.8922013640403748,-0.12688080966472626,0.05645497888326645,-0.777873694896698,-0.04211380332708359
0.0,0.0,0.0,0.3993549644947052,-0.005538903176784515,-0.153447687625885,0.8023490309715271,-0.12756960093975067,-0.2416568547487259,1.1312594413757324,-0.17288193106651306,-0.3352896273136139,1.3860771656036377,-0.14493775367736816,-0.43023771047592163,0.6800708174705505,-0.8164875507354736,-0.028993194922804832,0.7960789203643799,-1.1813985109329224,-0.10638494044542313,0.8760815858840942,-1.4060416221618652,-0.15931043028831482,0.9287347197532654,-1.596567153930664,-0.20304852724075317,0.4634285271167755,-0.885535478591919,-0.03257272392511368,0.5882193446159363,-1.1259419918060303,-0.1986449658870697,0.5009706020355225,-0.8026318550109863,-0.2386816293001175,0.41868236660957336,-0.6403114795684814,-0.21345603466033936,0.2425195574760437,-0.9025292992591858,-0.05756023898720741,0.3620036244392395,-1.1342682838439941,-0.2459469586610794,0.30331745743751526,-0.8305869102478027,-0.1990877240896225,0.2285255342721939,-0.7003538012504578,-0.10684116184711456,0.004056566394865513,-0.8945629596710205,-0.09543458372354507,0.12975552678108215,-1.1258922815322876,-0.21369434893131256,0.12566491961479187,-0.9083647727966309,-0.14870186150074005,0.07556942105293274,-0.783933162689209,-0.06467700749635696
0.0,0.0,0.0,0.40509358048439026,0.00795017834752798,-0.1502082496881485,0.8076038956642151,-0.13130874931812286,-0.23792396485805511,1.1419029235839844,-0.19709886610507965,-0.33151671290397644,1.3909794092178345,-0.16148602962493896,-0.42570480704307556,0.6914880275726318,-0.8141347169876099,-0.042596880346536636,0.8078522086143494,-1.1841269731521606,-0.12753506004810333,0.87882000207901,-1.4277548789978027,-0.17696674168109894,0.9165553450584412,-1.6232997179031372,-0.21582230925559998,0.4685710072517395,-0.8822604417800903,-0.04536206275224686,0.5801048278808594,-1.1219719648361206,-0.20787876844406128,0.4951278865337372,-0.7927496433258057,-0.2286221832036972,0.43749111890792847,-0.6340950727462769,-0.19095993041992188,0.2425871193408966,-0.9014580845832825,-0.06970752030611038,0.33978214859962463,-1.1338871717453003,-0.2553578317165375,0.28591760993003845,-0.8279048204421997,-0.18871861696243286,0.22662276029586792,-0.6934723258018494,-0.08479557931423187,0.00028077641036361456,-0.8947789669036865,-0.10760975629091263,0.11043789982795715,-1.1271506547927856,-0.22295764088630676,0.10227714478969574,-0.9067448973655701,-0.14819787442684174,0.05759194493293762,-0.7794464826583862,-0.05759699270129204
0.0,0.0,0.0,0.40813949704170227,0.002349309856072068,-0.17290768027305603,0.8015866279602051,-0.1614222526550293,-0.27097517251968384,1.1354883909225464,-0.26940274238586426,-0.37004125118255615,1.3902301788330078,-0.2680998742580414,-0.4654671549797058,0.6491258144378662,-0.8522656559944153,-0.06847269088029861,0.712675154209137,-1.2279483079910278,-0.15396125614643097,0.7444937229156494,-1.4807201623916626,-0.19372692704200745,0.7569049596786499,-1.6853303909301758,-0.2239377200603485,0.4099287688732147,-0.9104177355766296,-0.055659499019384384,0.4649036228656769,-1.1006147861480713,-0.19993038475513458,0.392854779958725,-0.7727241516113281,-0.1967969685792923,0.36106258630752563,-0.6637363433837891,-0.14773182570934296,0.17551514506340027,-0.9203735589981079,-0.06751299649477005,0.22694794833660126,-1.1137151718139648,-0.2367851287126541,0.19063179194927216,-0.8085861206054688,-0.15226393938064575,0.15438884496688843,-0.7086270451545715,-0.04326373338699341,-0.07011491805315018,-0.9018469452857971,-0.09663086384534836,-0.006874784827232361,-1.105360746383667,-0.19574566185474396,0.0039849914610385895,-0.8889678120613098,-0.11082350462675095,-0.017311779782176018,-0.7799868583679199,-0.015020080842077732
0.0,0.0,0.0,0.4089946746826172,-0.027033047750592232,-0.18305474519729614,0.7896050214767456,-0.19478970766067505,-0.2906840741634369,1.1125260591506958,-0.3107876777648926,-0.39786264300346375,1.3657023906707764,-0.32062533497810364,-0.49920570850372314,0.6061534285545349,-0.8861774802207947,-0.07905659824609756,0.6753859519958496,-1.2574238777160645,-0.16806171834468842,0.7083290815353394,-1.5115998983383179,-0.21013881266117096,0.7191616892814636,-1.7142488956451416,-0.24055317044258118,0.3585076630115509,-0.9313421249389648,-0.06382963806390762,0.4045023024082184,-1.1280794143676758,-0.20422549545764923,0.3407796025276184,-0.8079531192779541,-0.197409525513649,0.31824660301208496,-0.7077974081039429,-0.14767146110534668,0.12270376831293106,-0.9340494871139526,-0.07457917928695679,0.165912464261055,-1.144254207611084,-0.235881969332695,0.1451670080423355,-0.8499873280525208,-0.1483449935913086,0.11741399019956589,-0.7545123100280762,-0.04036160558462143,-0.12090938538312912,-0.9091891646385193,-0.1049102172255516,-0.07196324318647385,-1.1256204843521118,-0.1978113055229187,-0.045185986906290054,-0.9200350642204285,-0.11129329353570938,-0.05722968280315399,-0.8099892139434814,-0.015500867739319801
0.0,0.0,0.0,0.405060738325119,-0.041101373732089996,-0.20520207285881042,0.7691396474838257,-0.20613634586334229,-0.31973907351493835,1.086108922958374,-0.3197482228279114,-0.4333547055721283,1.3304188251495361,-0.35283219814300537,-0.5394910573959351,0.5798080563545227,-0.9091377258300781,-0.0871848538517952,0.6632295846939087,-1.264290452003479,-0.1906295120716095,0.6969501376152039,-1.5194441080093384,-0.2428649514913559,0.709692656993866,-1.7228431701660156,-0.27886492013931274,0.32400569319725037,-0.9438030123710632,-0.06523991376161575,0.33389928936958313,-1.1401293277740479,-0.2303186058998108,0.2721894383430481,-0.8298936486244202,-0.23518642783164978,0.27029505372047424,-0.7258002758026123,-0.18705563247203827,0.08274092525243759,-0.931147575378418,-0.07304641604423523,0.09240524470806122,-1.1365941762924194,-0.2512351870536804,0.06704790145158768,-0.8559452891349792,-0.17254316806793213,0.06230229139328003,-0.7640388607978821,-0.06647415459156036,-0.14874178171157837,-0.8846446871757507,-0.10338332504034042,-0.13548457622528076,-1.0884233713150024,-0.21051037311553955,-0.12645135819911957,-0.8996478319168091,-0.134947270154953,-0.1262090653181076,-0.8003093004226685,-0.0436893105506897
0.0,0.0,0.0,0.40833815932273865,-0.045822493731975555,-0.2245442420244217,0.776997447013855,-0.2193753719329834,-0.34119805693626404,1.0973858833312988,-0.3315702974796295,-0.4519294202327728,1.3494701385498047,-0.3626737892627716,-0.5525943040847778,0.5651648640632629,-0.9143131971359253,-0.11481045931577682,0.6666219830513,-1.2823238372802734,-0.23415115475654602,0.7043783664703369,-1.5466408729553223,-0.2913217544555664,0.7215055227279663,-1.7613348960876465,-0.32852283120155334,0.30858293175697327,-0.9473304152488708,-0.08568373322486877,0.2858697175979614,-1.1427747011184692,-0.26653075218200684,0.23496215045452118,-0.8231658339500427,-0.26988422870635986,0.2560739815235138,-0.7159095406532288,-0.2181062251329422,0.06643213331699371,-0.9342827796936035,-0.08936290442943573,0.03324184939265251,-1.1196706295013428,-0.2807856500148773,0.024201275780797005,-0.8341147303581238,-0.20241734385490417,0.0529366172850132,-0.7540915608406067,-0.09388570487499237,-0.16174395382404327,-0.8882910013198853,-0.11769798398017883,-0.18682965636253357,-1.0795085430145264,-0.22930768132209778,-0.1673462837934494,-0.885562002658844,-0.15339888632297516,-0.14376200735569,-0.7882323861122131,-0.06087220460176468
0.0,0.0,0.0,0.41625136137008667,-0.04548424482345581,-0.22438590228557587,0.7827197909355164,-0.21460974216461182,-0.3437018096446991,1.095838189125061,-0.3274962604045868,-0.4585791826248169,1.3419502973556519,-0.36856386065483093,-0.5637512803077698,0.5631733536720276,-0.9058701992034912,-0.14491301774978638,0.6829578280448914,-1.2888586521148682,-0.29041874408721924,0.7245105504989624,-1.5582021474838257,-0.3600468933582306,0.7485419511795044,-1.7833547592163086,-0.40373051166534424,0.2963164448738098,-0.9469776749610901,-0.12421727180480957,0.2556286156177521,-1.133123755455017,-0.3326866328716278,0.1962176412343979,-0.8066455721855164,-0.3414901793003082,0.2257440984249115,-0.7037743926048279,-0.2925454080104828,0.04512616991996765,-0.9391587376594543,-0.1364399790763855,-0.014280924573540688,-1.1155002117156982,-0.3504782021045685,-0.027128510177135468,-0.8226005434989929,-0.2675314247608185,0.021461909636855125,-0.7463028430938721,-0.1541803777217865,-0.18731914460659027,-0.8924519419670105,-0.1735144853591919,-0.247090145945549,-1.08015775680542,-0.29801201820373535,-0.22353123128414154,-0.8747031092643738,-0.21676775813102722,-0.17969708144664764,-0.7651548385620117,-0.11847610026597977
0.0,0.0,0.0,0.41416794061660767,-0.045634809881448746,-0.22321176528930664,0.7963175177574158,-0.22631390392780304,-0.34539908170700073,1.1275057792663574,-0.3347139060497284,-0.4669462740421295,1.3935680389404297,-0.36139073967933655,-0.5800356268882751,0.5624961256980896,-0.8966630697250366,-0.146561399102211,0.6869256496429443,-1.2922641038894653,-0.30322712659835815,0.7283998727798462,-1.5620145797729492,-0.37478575110435486,0.7662267684936523,-1.785406470298767,-0.41846734285354614,0.29777470231056213,-0.9457030892372131,-0.13029201328754425,0.23999203741550446,-1.1240531206130981,-0.35771748423576355,0.16309964656829834,-0.79897540807724,-0.36741071939468384,0.2062104046344757,-0.6933616995811462,-0.31529855728149414,0.0466187484562397,-0.9432212710380554,-0.14856353402137756,-0.03278520703315735,-1.108773946762085,-0.3785720467567444,-0.06636500358581543,-0.8172027468681335,-0.2935708463191986,-0.00017874881450552493,-0.7386987209320068,-0.17510652542114258,-0.18207275867462158,-0.9011790752410889,-0.19176030158996582,-0.26417919993400574,-1.0771484375,-0.3248923420906067,-0.26090022921562195,-0.8664914965629578,-0.24381524324417114,-0.20258313417434692,-0.7509695291519165,-0.14326030015945435
0.0,0.0,0.0,0.4009704291820526,-0.05095958337187767,-0.24572449922561646,0.7619856595993042,-0.22294454276561737,-0.37230831384658813,1.0886188745498657,-0.3366072475910187,-0.488508015871048,1.356480360031128,-0.37741619348526,-0.5912107825279236,0.5279051065444946,-0.9101434350013733,-0.1709071546792984,0.6468622088432312,-1.2936242818832397,-0.33318403363227844,0.6811467409133911,-1.5668373107910156,-0.40254610776901245,0.7127854824066162,-1.7921062707901,-0.44182589650154114,0.2669944167137146,-0.953385055065155,-0.14060933887958527,0.19119857251644135,-1.1258660554885864,-0.35985732078552246,0.12134560942649841,-0.7801778316497803,-0.3558923900127411,0.17801333963871002,-0.6756985783576965,-0.29437536001205444,0.017130156978964806,-0.9534493684768677,-0.14776897430419922,-0.08852312713861465,-1.108712077140808,-0.37938192486763,-0.10424749553203583,-0.7937502264976501,-0.2890229821205139,-0.02070612832903862,-0.7208440899848938,-0.1651623696088791,-0.2138904184103012,-0.908917248249054,-0.1814020425081253,-0.313890665769577,-1.0783652067184448,-0.31526100635528564,-0.28828397393226624,-0.8549430966377258,-0.22992628812789917,-0.21839244663715363,-0.7377387285232544,-0.12477241456508636
0.0,0.0,0.0,0.40695157647132874,-0.05243048444390297,-0.23287612199783325,0.778292179107666,-0.2172529250383377,-0.3573969304561615,1.1080100536346436,-0.3247774541378021,-0.47551944851875305,1.3779886960983276,-0.35802167654037476,-0.5833429098129272,0.5341222882270813,-0.9027895927429199,-0.16648909449577332,0.6590531468391418,-1.2953033447265625,-0.3234063386917114,0.6993381381034851,-1.5698015689849854,-0.39121317863464355,0.7307535409927368,-1.7955306768417358,-0.43150338530540466,0.26995640993118286,-0.9521411061286926,-0.14335566759109497,0.19818836450576782,-1.111297845840454,-0.3595406711101532,0.13091297447681427,-0.7662721872329712,-0.3588983118534088,0.1775272637605667,-0.6646290421485901,-0.3028765618801117,0.016352076083421707,-0.9530384540557861,-0.1549372375011444,-0.08412010222673416,-1.0984195470809937,-0.38574251532554626,-0.09812499582767487,-0.7790612578392029,-0.29621490836143494,-0.025282135233283043,-0.7040697932243347,-0.17437691986560822,-0.2223764955997467,-0.9088901281356812,-0.19146600365638733,-0.32272011041641235,-1.0865389108657837,-0.328233540058136,-0.29703813791275024,-0.8577350974082947,-0.24146930873394012,-0.23397478461265564,-0.7353286743164062,-0.13525240123271942
0.0,0.0,0.0,0.39798104763031006,-0.057352565228939056,-0.24199813604354858,0.7722773551940918,-0.24127843976020813,-0.3602699935436249,1.1043630838394165,-0.3479021489620209,-0.46797993779182434,1.3756868839263916,-0.3808425962924957,-0.5612486600875854,0.5275909304618835,-0.9107872247695923,-0.1650353968143463,0.6415098905563354,-1.2990835905075073,-0.3262760043144226,0.669255793094635,-1.5724897384643555,-0.3946629762649536,0.6961330771446228,-1.7975801229476929,-0.43206486105918884,0.2668406665325165,-0.9541078805923462,-0.1359199583530426,0.18939433991909027,-1.1067532300949097,-0.3589167892932892,0.12165076285600662,-0.7592287659645081,-0.3610886335372925,0.17713691294193268,-0.6524814367294312,-0.3019360899925232,0.014154206961393356,-0.9552652835845947,-0.1436842978000641,-0.09049444645643234,-1.0957059860229492,-0.3830755650997162,-0.10427866131067276,-0.7745742797851562,-0.30243489146232605,-0.022173933684825897,-0.6977224349975586,-0.18072283267974854,-0.2203381210565567,-0.9119563698768616,-0.17689105868339539,-0.3171585202217102,-1.0779011249542236,-0.3164599537849426,-0.29107052087783813,-0.8534919619560242,-0.2351444512605667,-0.22599464654922485,-0.7322483062744141,-0.12942366302013397
0.0,0.0,0.0,0.40317097306251526,-0.044841568917036057,-0.23608820140361786,0.7746549248695374,-0.23458927869796753,-0.34539735317230225,1.0908331871032715,-0.33832797408103943,-0.4415055513381958,1.3492388725280762,-0.3647104501724243,-0.5245704054832458,0.5398142337799072,-0.9030553698539734,-0.1683223694562912,0.6573225855827332,-1.2945220470428467,-0.31969451904296875,0.6847274303436279,-1.558663249015808,-0.3848247528076172,0.7146363854408264,-1.7828880548477173,-0.42241397500038147,0.2778584063053131,-0.9500405788421631,-0.1421886682510376,0.20801959931850433,-1.1213481426239014,-0.35486242175102234,0.13989268243312836,-0.782562255859375,-0.36139076948165894,0.1869519054889679,-0.6680855751037598,-0.3087937533855438,0.02151498757302761,-0.9537141919136047,-0.150144562125206,-0.06467235088348389,-1.1015287637710571,-0.37809979915618896,-0.08587154000997543,-0.7916967272758484,-0.3018977642059326,-0.018835794180631638,-0.7217693328857422,-0.18725571036338806,-0.21410199999809265,-0.9127797484397888,-0.18259884417057037,-0.28472211956977844,-1.0981485843658447,-0.31240636110305786,-0.26809728145599365,-0.8753907680511475,-0.22713419795036316,-0.22212016582489014,-0.7559587955474854,-0.12232803553342819
0.0,0.0,0.0,0.43143993616104126,-0.03502030298113823,-0.237466499209404,0.8105663061141968,-0.21054567396640778,-0.34652307629585266,1.1206514835357666,-0.3281588852405548,-0.4394198954105377,1.3708629608154297,-0.3607157766819,-0.5167189240455627,0.5916517972946167,-0.8972370028495789,-0.16479447484016418,0.7069540023803711,-1.281042218208313,-0.31010594964027405,0.7345890998840332,-1.5414977073669434,-0.36803197860717773,0.7628050446510315,-1.7662222385406494,-0.39897507429122925,0.3229427635669708,-0.9368281960487366,-0.13439086079597473,0.28097087144851685,-1.1332128047943115,-0.3220084011554718,0.20612038671970367,-0.7844125032424927,-0.30651694536209106,0.24902483820915222,-0.6847801804542542,-0.24161037802696228,0.06615174561738968,-0.940712034702301,-0.13936547935009003,0.01327509619295597,-1.1216363906860352,-0.3484446704387665,-0.014537923969328403,-0.7981334328651428,-0.2540379464626312,0.03991116210818291,-0.7326273322105408,-0.1313738226890564,-0.17792177200317383,-0.8994412422180176,-0.16988760232925415,-0.22595222294330597,-1.108943223953247,-0.2841460704803467,-0.20476385951042175,-0.8824043869972229,-0.1877470165491104,-0.16864284873008728,-0.7627524137496948,-0.07897073775529861
0.0,0.0,0.0,0.41218534111976624,-0.032336972653865814,-0.23290887475013733,0.7945431470870972,-0.19573992490768433,-0.3480655550956726,1.1092619895935059,-0.2975187301635742,-0.4492369592189789,1.3517704010009766,-0.32306545972824097,-0.5366262793540955,0.6157943606376648,-0.8744934797286987,-0.15758775174617767,0.737061619758606,-1.243607997894287,-0.29951146245002747,0.7712388634681702,-1.5025968551635742,-0.3619478940963745,0.8030246496200562,-1.7239927053451538,-0.3978552222251892,0.35906901955604553,-0.9247280359268188,-0.12628354132175446,0.33069512248039246,-1.1283977031707764,-0.3122183382511139,0.244958758354187,-0.7960588932037354,-0.30227112770080566,0.2817232012748718,-0.6871072053909302,-0.2411709576845169,0.11462397873401642,-0.9341933131217957,-0.12867476046085358,0.07212022691965103,-1.134398102760315,-0.3275260925292969,0.03200417384505272,-0.8278616070747375,-0.23285847902297974,0.07766632735729218,-0.7418105006217957,-0.11225256323814392,-0.1181962788105011,-0.9004822373390198,-0.1564941257238388,-0.15362566709518433,-1.1078460216522217,-0.2670787572860718,-0.14756610989570618,-0.893410861492157,-0.1741543859243393,-0.11823385953903198,-0.774219274520874,-0.06820222735404968
0.0,0.0,0.0,0.40697038173675537,-0.021794656291604042,-0.23691464960575104,0.7894394397735596,-0.17584986984729767,-0.36500346660614014,1.1175507307052612,-0.279574453830719,-0.4826089143753052,1.3889356851577759,-0.2775777280330658,-0.5910552144050598,0.6385015845298767,-0.8509429693222046,-0.1510709822177887,0.7714428305625916,-1.211656093597412,-0.2872285544872284,0.8173625469207764,-1.474923849105835,-0.355945885181427,0.8470590710639954,-1.691402554512024,-0.40088218450546265,0.37907469272613525,-0.9175856709480286,-0.11974512040615082,0.37298089265823364,-1.135857105255127,-0.32945623993873596,0.2774990200996399,-0.8065434098243713,-0.3429109454154968,0.28455549478530884,-0.6629517078399658,-0.2906244993209839,0.1299428939819336,-0.9313414096832275,-0.11919068545103073,0.11801881343126297,-1.1445746421813965,-0.3350158631801605,0.06731986254453659,-0.8415480852127075,-0.2563406527042389,0.08532710373401642,-0.7198986411094666,-0.13858038187026978,-0.11033511161804199,-0.9036757946014404,-0.14234483242034912,-0.11318027973175049,-1.1158863306045532,-0.27096137404441833,-0.11803805828094482,-0.9072104692459106,-0.19339300692081451,-0.10382631421089172,-0.7796786427497864,-0.0932818204164505
0.0,0.0,0.0,0.4094699025154114,-0.010471243411302567,-0.2228570431470871,0.7926427721977234,-0.16304637491703033,-0.33634138107299805,1.110988736152649,-0.2579285204410553,-0.44063040614128113,1.3604027032852173,-0.2493337243795395,-0.5377430319786072,0.6437104940414429,-0.84415602684021,-0.13614776730537415,0.7734494805335999,-1.2072433233261108,-0.2651009261608124,0.819421648979187,-1.4658613204956055,-0.3281990587711334,0.8524153232574463,-1.6774768829345703,-0.3697172701358795,0.3894095718860626,-0.9145675301551819,-0.10920856148004532,0.38191136717796326,-1.1523278951644897,-0.3126780390739441,0.2828710973262787,-0.8211812973022461,-0.3208690881729126,0.2957105338573456,-0.6643866300582886,-0.2648814022541046,0.14548847079277039,-0.9340806603431702,-0.11271215975284576,0.12161577492952347,-1.1608926057815552,-0.3230156898498535,0.06463726609945297,-0.859207034111023,-0.24391786754131317,0.08877802640199661,-0.7327859997749329,-0.12672871351242065,-0.08881204575300217,-0.9116787314414978,-0.13868336379528046,-0.09805873781442642,-1.1392343044281006,-0.2640150189399719,-0.11382137984037399,-0.9232768416404724,-0.1851222962141037,-0.09839119017124176,-0.7899800539016724,-0.08576037734746933
0.0,0.0,0.0,0.39628779888153076,-0.01617388240993023,-0.21377049386501312,0.7759122252464294,-0.16719616949558258,-0.3264685273170471,1.0963950157165527,-0.2569817304611206,-0.43183258175849915,1.3488603830337524,-0.24760805070400238,-0.5302819013595581,0.6483365297317505,-0.840237557888031,-0.10741924494504929,0.769869863986969,-1.1848716735839844,-0.22098924219608307,0.8225113153457642,-1.4344000816345215,-0.2799350917339325,0.8553400039672852,-1.6383366584777832,-0.3201668858528137,0.4031497836112976,-0.9115615487098694,-0.08078193664550781,0.4129996597766876,-1.127846360206604,-0.26611149311065674,0.31442567706108093,-0.8032106161117554,-0.2761407196521759,0.31030282378196716,-0.6602450609207153,-0.2235911339521408,0.16766484081745148,-0.932175874710083,-0.08323637396097183,0.16195033490657806,-1.1387776136398315,-0.2781974971294403,0.10540367662906647,-0.8443136811256409,-0.2024749368429184,0.11130812019109726,-0.7273141741752625,-0.08990386128425598,-0.06624487042427063,-0.9134783148765564,-0.10721567273139954,-0.05374744161963463,-1.1309335231781006,-0.22357535362243652,-0.06640281528234482,-0.920505702495575,-0.14491553604602814,-0.06086002662777901,-0.7975283861160278,-0.046500395983457565
0.0,0.0,0.0,0.3927654027938843,-0.014861086383461952,-0.19892720878124237,0.79897141456604,-0.16101296246051788,-0.3043660819530487,1.119459867477417,-0.23220716416835785,-0.406118243932724,1.3632099628448486,-0.2286899834871292,-0.5040826797485352,0.6625908017158508,-0.8335562348365784,-0.1039988249540329,0.7931786775588989,-1.199975609779358,-0.21676436066627502,0.8514099717140198,-1.4468485116958618,-0.27870604395866394,0.8921962380409241,-1.6523876190185547,-0.32074853777885437,0.4134303331375122,-0.9062745571136475,-0.08798756450414658,0.4521852731704712,-1.1346992254257202,-0.2797219753265381,0.34713923931121826,-0.8153343796730042,-0.305010050535202,0.316110223531723,-0.6559813022613525,-0.2636865973472595,0.16977597773075104,-0.9291636943817139,-0.09783917665481567,0.1990576833486557,-1.1442124843597412,-0.29751381278038025,0.13215512037277222,-0.8491988778114319,-0.2316879779100418,0.11072811484336853,-0.717981219291687,-0.12465019524097443,-0.07325174659490585,-0.9151763916015625,-0.12654215097427368,-0.028834247961640358,-1.1450759172439575,-0.2435523271560669,-0.046482186764478683,-0.9346977472305298,-0.16450496017932892,-0.06258514523506165,-0.8036758303642273,-0.0658746212720871
0.0,0.0,0.0,0.40871310234069824,-0.007273839320987463,-0.2105119824409485,0.8048050999641418,-0.14788086712360382,-0.32313936948776245,1.1375857591629028,-0.2269252985715866,-0.432775616645813,1.3900214433670044,-0.22709012031555176,-0.5365833044052124,0.6578062772750854,-0.8413240909576416,-0.10523462295532227,0.7979349493980408,-1.1991204023361206,-0.2228488177061081,0.8609994053840637,-1.4565218687057495,-0.28444361686706543,0.8973811268806458,-1.6656510829925537,-0.3265933096408844,0.40726691484451294,-0.9093369841575623,-0.08508726209402084,0.4329766631126404,-1.1282142400741577,-0.27486953139305115,0.3323279619216919,-0.8112938404083252,-0.28925925493240356,0.3222883343696594,-0.6788221001625061,-0.24163365364074707,0.16408725082874298,-0.9261389970779419,-0.0941290333867073,0.1783939003944397,-1.1428122520446777,-0.29276496171951294,0.11830242723226547,-0.8533309102058411,-0.21680642664432526,0.11361861228942871,-0.7398170232772827,-0.10528842359781265,-0.07541097700595856,-0.9035992622375488,-0.12514343857765198,-0.05589739978313446,-1.1299575567245483,-0.24463580548763275,-0.06317271292209625,-0.9256002306938171,-0.1658218801021576,-0.061277713626623154,-0.798740565776825,-0.06765665113925934
0.0,0.0,0.0,0.4104844927787781,-0.030348848551511765,-0.19615016877651215,0.8107829093933105,-0.18692728877067566,-0.28573447465896606,1.1128350496292114,-0.2695189118385315,-0.3702446520328522,1.344307780265808,-0.2598010003566742,-0.449458509683609,0.6233065128326416,-0.8568723201751709,-0.10130797326564789,0.7580597996711731,-1.23585045337677,-0.2113630324602127,0.8139774203300476,-1.4912792444229126,-0.27926573157310486,0.8449996709823608,-1.706283688545227,-0.33029574155807495,0.3735797703266144,-0.9237284660339355,-0.08463997393846512,0.3762241303920746,-1.161929965019226,-0.2868484854698181,0.3022705614566803,-0.858690083026886,-0.326718807220459,0.29015058279037476,-0.6791872382164001,-0.29796209931373596,0.12583187222480774,-0.9313966631889343,-0.09346319735050201,0.12439802289009094,-1.1578783988952637,-0.29598262906074524,0.08557276427745819,-0.8822970986366272,-0.24860236048698425,0.08575931936502457,-0.7448891997337341,-0.1565212905406952,-0.1128968819975853,-0.9002989530563354,-0.12151136994361877,-0.11186565458774567,-1.128531813621521,-0.2437501847743988,-0.11079142242670059,-0.9453081488609314,-0.18541862070560455,-0.10344886034727097,-0.8203214406967163,-0.10381133109331131
0.0,0.0,0.0,0.4181693494319916,-0.03380792587995529,-0.21642906963825226,0.8208698630332947,-0.1957717090845108,-0.32593074440956116,1.1561381816864014,-0.318798303604126,-0.4285363554954529,1.4204281568527222,-0.3623581826686859,-0.5255468487739563,0.6123600602149963,-0.8611835837364197,-0.12103820592164993,0.7433401346206665,-1.2372649908065796,-0.24374133348464966,0.7925429344177246,-1.4978371858596802,-0.309427946805954,0.8231767416000366,-1.7155197858810425,-0.3554227352142334,0.3581044673919678,-0.9284075498580933,-0.09909868240356445,0.35771024227142334,-1.1769362688064575,-0.3082832098007202,0.2788902223110199,-0.8534179329872131,-0.3333459198474884,0.27959227561950684,-0.6828641891479492,-0.2899962067604065,0.11063326150178909,-0.9363284111022949,-0.10600505024194717,0.10485686361789703,-1.171938180923462,-0.3221645951271057,0.06287579238414764,-0.8807051777839661,-0.2573763430118561,0.0707470029592514,-0.7446357011795044,-0.1487332284450531,-0.12647239863872528,-0.9027596712112427,-0.13362398743629456,-0.1225263774394989,-1.1447054147720337,-0.26574769616127014,-0.1239362582564354,-0.9445465803146362,-0.19675858318805695,-0.11617962270975113,-0.8087069988250732,-0.10385286808013916
0.0,0.0,0.0,0.40267708897590637,-0.03664235398173332,-0.20647749304771423,0.7979114055633545,-0.19988064467906952,-0.3127298057079315,1.1238998174667358,-0.31274864077568054,-0.41386327147483826,1.3764106035232544,-0.3458994925022125,-0.5106959342956543,0.607539176940918,-0.8589561581611633,-0.11558811366558075,0.7343910336494446,-1.2265901565551758,-0.23598194122314453,0.7809272408485413,-1.482883095741272,-0.3023773729801178,0.8108394145965576,-1.6965614557266235,-0.349317729473114,0.35660743713378906,-0.9292344450950623,-0.0967189148068428,0.3534954786300659,-1.1720259189605713,-0.3052085340023041,0.2720988690853119,-0.8508734703063965,-0.3333292007446289,0.27318450808525085,-0.6782918572425842,-0.2921942174434662,0.1113719493150711,-0.9392024278640747,-0.10470438003540039,0.09915334731340408,-1.1701819896697998,-0.3174765110015869,0.05559024214744568,-0.877668023109436,-0.25222331285476685,0.0667787417769432,-0.7358850240707397,-0.14415550231933594,-0.12409873306751251,-0.9077053070068359,-0.13244609534740448,-0.12128874659538269,-1.1385351419448853,-0.2620539963245392,-0.12707139551639557,-0.935363233089447,-0.19147266447544098,-0.1170407384634018,-0.799298107624054,-0.09755156189203262
0.0,0.0,0.0,0.3919046223163605,-0.01985669881105423,-0.20649942755699158,0.7855193614959717,-0.17657001316547394,-0.307892769575119,1.1038223505020142,-0.2765596807003021,-0.4033913314342499,1.3522320985794067,-0.27922695875167847,-0.4952039420604706,0.6293346285820007,-0.8399391770362854,-0.09974821656942368,0.7646628618240356,-1.1980183124542236,-0.20920775830745697,0.8187956213951111,-1.4505858421325684,-0.2751055061817169,0.8565320372581482,-1.660501480102539,-0.3236147165298462,0.3888653814792633,-0.9179837703704834,-0.07803624123334885,0.39420315623283386,-1.1522186994552612,-0.2784813940525055,0.3013392984867096,-0.843166708946228,-0.31381967663764954,0.28423187136650085,-0.6656792759895325,-0.2782166600227356,0.14992716908454895,-0.9367914199829102,-0.0829591304063797,0.13965602219104767,-1.158927083015442,-0.2820416986942291,0.0898754745721817,-0.8826293349266052,-0.2273184359073639,0.08881761133670807,-0.7420322895050049,-0.12818236649036407,-0.08257494866847992,-0.9146332144737244,-0.10810442268848419,-0.07382871955633163,-1.1444092988967896,-0.22488030791282654,-0.08267782628536224,-0.9555600881576538,-0.15841272473335266,-0.07963621616363525,-0.830798327922821,-0.06977556645870209
0.0,0.0,0.0,0.40215328335762024,-0.00942060723900795,-0.2047610729932785,0.8052056431770325,-0.1449667513370514,-0.3171060383319855,1.1321922540664673,-0.2419387400150299,-0.42598456144332886,1.398216724395752,-0.23340986669063568,-0.5321236848831177,0.6717135906219482,-0.8140331506729126,-0.10312634706497192,0.8141202330589294,-1.170971155166626,-0.21925754845142365,0.8703109622001648,-1.4253596067428589,-0.28387802839279175,0.9093127846717834,-1.6340477466583252,-0.3287564218044281,0.4291483759880066,-0.8992835283279419,-0.08438518643379211,0.4604235589504242,-1.1340913772583008,-0.28033387660980225,0.35535022616386414,-0.8222533464431763,-0.3039442002773285,0.33549168705940247,-0.6590356230735779,-0.26038551330566406,0.1876019835472107,-0.9260018467903137,-0.09248728305101395,0.2085404247045517,-1.149227499961853,-0.29386159777641296,0.14205728471279144,-0.8583149909973145,-0.22314293682575226,0.13209268450737,-0.7183279991149902,-0.11293444037437439,-0.05411714315414429,-0.9126499891281128,-0.12053276598453522,-0.017769696190953255,-1.1412538290023804,-0.23933282494544983,-0.03686389699578285,-0.9303728938102722,-0.16090849041938782,-0.046304114162921906,-0.7929620742797852,-0.06266923248767853
0.0,0.0,0.0,0.4073483645915985,-0.008226507343351841,-0.19542664289474487,0.8103469014167786,-0.1434371918439865,-0.2988140285015106,1.1376333236694336,-0.22927290201187134,-0.40224748849868774,1.396309494972229,-0.2207871973514557,-0.5047346353530884,0.6654198169708252,-0.8170427083969116,-0.088997982442379,0.8130925893783569,-1.177748441696167,-0.19718971848487854,0.8822000026702881,-1.4355347156524658,-0.2586350739002228,0.9287267923355103,-1.6473995447158813,-0.3027611970901489,0.4247012436389923,-0.9021020531654358,-0.07642441242933273,0.4717377722263336,-1.15152108669281,-0.26504239439964294,0.3638578951358795,-0.8447367548942566,-0.2909226715564728,0.32750287652015686,-0.6838457584381104,-0.2506622076034546,0.18489709496498108,-0.9294486045837402,-0.08969803899526596,0.22286456823349,-1.170713186264038,-0.28655603528022766,0.15270979702472687,-0.8884018659591675,-0.22028857469558716,0.12372173368930817,-0.7534037232398987,-0.11372634768486023,-0.05827352777123451,-0.9185266494750977,-0.12231533229351044,-0.011590343900024891,-1.1652729511260986,-0.23648624122142792,-0.022805090993642807,-0.971092164516449,-0.1586063951253891,-0.0397765226662159,-0.8413766026496887,-0.0626477301120758
0.0,0.0,0.0,0.40501657128334045,-0.007842917926609516,-0.19494278728961945,0.8132371306419373,-0.12495294958353043,-0.30281203985214233,1.1541117429733276,-0.18969891965389252,-0.41078808903694153,1.414496660232544,-0.1820417195558548,-0.5174272656440735,0.6813194751739502,-0.8035186529159546,-0.08868686109781265,0.8211051821708679,-1.1597398519515991,-0.19810156524181366,0.8861290216445923,-1.4101039171218872,-0.26665666699409485,0.9298807382583618,-1.6203694343566895,-0.3172388970851898,0.4461830258369446,-0.8916112184524536,-0.0771370530128479,0.4909287095069885,-1.137604832649231,-0.26325297355651855,0.3908357620239258,-0.8410991430282593,-0.2974126935005188,0.3528822958469391,-0.6792591214179993,-0.2670397162437439,0.20946121215820312,-0.921389102935791,-0.09092933684587479,0.24986742436885834,-1.1566612720489502,-0.2778208255767822,0.1827147901058197,-0.8803896307945251,-0.21281319856643677,0.15367670357227325,-0.744088888168335,-0.11200235038995743,-0.03260672837495804,-0.9112799763679504,-0.12492668628692627,0.01450229249894619,-1.1455239057540894,-0.23038046061992645,0.0009418080444447696,-0.9508730173110962,-0.15153123438358307,-0.018683485686779022,-0.8220531940460205,-0.057973120361566544
0.0,0.0,0.0,0.40263277292251587,0.003923927899450064,-0.17999660968780518,0.8194007277488708,-0.1152435913681984,-0.2667907476425171,1.1485093832015991,-0.1711319237947464,-0.35285061597824097,1.3900896310806274,-0.15433312952518463,-0.43788450956344604,0.6995550990104675,-0.7987285256385803,-0.06611483544111252,0.8328812718391418,-1.1536142826080322,-0.15729671716690063,0.9045637249946594,-1.3881882429122925,-0.21852242946624756,0.9561738967895508,-1.5883638858795166,-0.265831857919693,0.4642176926136017,-0.8839693069458008,-0.05568010360002518,0.5458764433860779,-1.1153210401535034,-0.232445627450943,0.445170134305954,-0.8077253699302673,-0.2723257541656494,0.3833889663219452,-0.6318299770355225,-0.2457752674818039,0.22263963520526886,-0.910412073135376,-0.06826040893793106,0.2988327145576477,-1.1337202787399292,-0.256457656621933,0.22255536913871765,-0.8468946814537048,-0.20795543491840363,0.16619820892810822,-0.7080798149108887,-0.115517757833004,-0.026150604709982872,-0.9008422493934631,-0.0971931666135788,0.06424792110919952,-1.137436032295227,-0.21018309891223907,0.043574802577495575,-0.9387459754943848,-0.14256778359413147,0.0015356731601059437,-0.8138997554779053,-0.05557086318731308
0.0,0.0,0.0,0.4249846041202545,-0.0047472454607486725,-0.1912270486354828,0.8411524295806885,-0.12829311192035675,-0.290583997964859,1.1795885562896729,-0.1764095574617386,-0.3918797969818115,1.4328107833862305,-0.13654373586177826,-0.4901968836784363,0.6629133820533752,-0.8336728811264038,-0.06572895497083664,0.7777548432350159,-1.2154624462127686,-0.1598835438489914,0.8275635242462158,-1.4737472534179688,-0.215755432844162,0.8591280579566956,-1.6820822954177856,-0.25795793533325195,0.4210413694381714,-0.9054889678955078,-0.053046487271785736,0.4759323000907898,-1.1485261917114258,-0.22918130457401276,0.3843376338481903,-0.8536015748977661,-0.2606116831302643,0.3412703573703766,-0.6957171559333801,-0.22843526303768158,0.17979049682617188,-0.9248035550117493,-0.06675775349140167,0.24027135968208313,-1.1671172380447388,-0.25251755118370056,0.17981991171836853,-0.8997489809989929,-0.20053890347480774,0.1367817372083664,-0.7743309140205383,-0.10692394524812698,-0.06381065398454666,-0.9146361351013184,-0.09988921135663986,-0.015086330473423004,-1.157485842704773,-0.20584207773208618,-0.017549464479088783,-0.9744647145271301,-0.13894759118556976,-0.03986918926239014,-0.8544188141822815,-0.05401605740189552
0.0,0.0,0.0,0.4232485890388489,-0.030290791764855385,-0.2305130958557129,0.8283498883247375,-0.15504632890224457,-0.3605857491493225,1.185437798500061,-0.2173948436975479,-0.4870981276035309,1.4624824523925781,-0.19176098704338074,-0.6054776906967163,0.639316976070404,-0.8541677594184875,-0.09916138648986816,0.7095077633857727,-1.2348413467407227,-0.22036230564117432,0.7258593440055847,-1.5001542568206787,-0.2897704839706421,0.7351462841033936,-1.711626410484314,-0.3383566439151764,0.393646240234375,-0.9166947603225708,-0.06865439563989639,0.3882095515727997,-1.1413167715072632,-0.2542131245136261,0.31335070729255676,-0.8390923142433167,-0.2747517228126526,0.3252669870853424,-0.7069342732429504,-0.2352330982685089,0.15728533267974854,-0.9214818477630615,-0.07103846967220306,0.1484757363796234,-1.1370458602905273,-0.26220300793647766,0.10842687636613846,-0.862898588180542,-0.19182032346725464,0.12696513533592224,-0.749631404876709,-0.08802901208400726,-0.0763586238026619,-0.8943161368370056,-0.0989285558462143,-0.08977500349283218,-1.0968244075775146,-0.2119240015745163,-0.08821206539869308,-0.9041630625724792,-0.14074786007404327,-0.06645196676254272,-0.784226655960083,-0.05128243565559387
0.0,0.0,0.0,0.42083656787872314,-0.05522097647190094,-0.23784387111663818,0.8075708150863647,-0.2222638875246048,-0.36245691776275635,1.1443308591842651,-0.315722793340683,-0.4795907437801361,1.4130982160568237,-0.32490143179893494,-0.5862287282943726,0.5393499732017517,-0.9201715588569641,-0.11946070194244385,0.5882417559623718,-1.3137661218643188,-0.24488407373428345,0.5865771174430847,-1.578640103340149,-0.31455567479133606,0.5836164951324463,-1.796639084815979,-0.3618879020214081,0.28757375478744507,-0.9539837837219238,-0.08494856208562851,0.25275105237960815,-1.1746580600738525,-0.2722640931606293,0.20326769351959229,-0.8663956522941589,-0.28927385807037354,0.23072896897792816,-0.7412292957305908,-0.24903614819049835,0.049791835248470306,-0.938801109790802,-0.08402734994888306,0.01180254016071558,-1.1533318758010864,-0.27344465255737305,-0.004945801571011543,-0.875140905380249,-0.19967792928218842,0.03080584667623043,-0.77511066198349,-0.0961420089006424,-0.17787954211235046,-0.8945369124412537,-0.10987293720245361,-0.2102915644645691,-1.1001944541931152,-0.2154967337846756,-0.1964687705039978,-0.9112934470176697,-0.1397302746772766,-0.1653643548488617,-0.7978143095970154,-0.04982686787843704
0.0,0.0,0.0,0.4100089967250824,-0.09662126749753952,-0.22914893925189972,0.7761495113372803,-0.30513614416122437,-0.35279351472854614,1.086548924446106,-0.4368603825569153,-0.4735453128814697,1.3436236381530762,-0.4776352643966675,-0.5857182145118713,0.42863956093788147,-0.968302845954895,-0.1233874261379242,0.4434041380882263,-1.3723660707473755,-0.2650013566017151,0.4130268394947052,-1.6417434215545654,-0.3440232276916504,0.38971367478370667,-1.862776756286621,-0.396689236164093,0.17128781974315643,-0.9802824258804321,-0.09852330386638641,0.0864516943693161,-1.184477686882019,-0.30942636728286743,0.05974971130490303,-0.872343122959137,-0.3344953954219818,0.11987399309873581,-0.7555536031723022,-0.2967688739299774,-0.06352028250694275,-0.9416359663009644,-0.10721519589424133,-0.15766103565692902,-1.1420283317565918,-0.3152182698249817,-0.15715371072292328,-0.863995373249054,-0.24165500700473785,-0.08843404054641724,-0.7700520753860474,-0.13476838171482086,-0.2814268171787262,-0.871056079864502,-0.14194704592227936,-0.37414923310279846,-1.0657694339752197,-0.2595613896846771,-0.35133618116378784,-0.8719255328178406,-0.18361909687519073,-0.2842002809047699,-0.758075475692749,-0.09019434452056885
0.0,0.0,0.0,0.4107435345649719,-0.12494828552007675,-0.23029965162277222,0.7388330101966858,-0.37208229303359985,-0.3480251133441925,1.0406728982925415,-0.5373566150665283,-0.4637162685394287,1.2851438522338867,-0.591798722743988,-0.5685484409332275,0.3227682113647461,-1.0110375881195068,-0.1297294795513153,0.30386653542518616,-1.4321311712265015,-0.2757040858268738,0.24243341386318207,-1.7049424648284912,-0.34903377294540405,0.19668889045715332,-1.9320414066314697,-0.39617133140563965,0.05913202837109566,-0.9929790496826172,-0.10244987905025482,-0.052452754229307175,-1.1901761293411255,-0.32012900710105896,-0.05300334468483925,-0.8716726303100586,-0.3383273184299469,0.025599271059036255,-0.768290638923645,-0.2933347523212433,-0.175429105758667,-0.9382547736167908,-0.10995446890592575,-0.2931019067764282,-1.1240071058273315,-0.3220950663089752,-0.26868003606796265,-0.8472238779067993,-0.2461782693862915,-0.18162395060062408,-0.7724078893661499,-0.1364983171224594,-0.38366276025772095,-0.8609548211097717,-0.1443791389465332,-0.49374714493751526,-1.044281244277954,-0.2610938847064972,-0.45851653814315796,-0.8566513061523438,-0.1865534484386444,-0.37537670135498047,-0.752472996711731,-0.09424853324890137
0.0,0.0,0.0,0.41458621621131897,-0.14138910174369812,-0.2605220079421997,0.734302282333374,-0.40180888772010803,-0.3878403902053833,1.042313575744629,-0.5820896625518799,-0.5055086612701416,1.302018165588379,-0.6581982970237732,-0.60903400182724,0.2809297740459442,-1.0195437669754028,-0.17194828391075134,0.23626026511192322,-1.4539450407028198,-0.3395079970359802,0.14943504333496094,-1.735687494277954,-0.418684184551239,0.08299095183610916,-1.9701342582702637,-0.4661429524421692,0.014554143883287907,-0.9905362129211426,-0.1364779770374298,-0.12350782006978989,-1.184066891670227,-0.36976292729377747,-0.11122220754623413,-0.8523932099342346,-0.3819447457790375,-0.018333284184336662,-0.7596170902252197,-0.329341322183609,-0.22718778252601624,-0.9312093257904053,-0.14023789763450623,-0.3676300346851349,-1.1016871929168701,-0.3742024004459381,-0.3297656774520874,-0.812406063079834,-0.2963433563709259,-0.23362107574939728,-0.7520201206207275,-0.17938145995140076,-0.4377809166908264,-0.8455880284309387,-0.17386765778064728,-0.5769786238670349,-1.027630090713501,-0.30677738785743713,-0.5291277766227722,-0.8390627503395081,-0.23291201889514923,-0.43811678886413574,-0.7329248785972595,-0.1370750367641449
0.0,0.0,0.0,0.4074614942073822,-0.12608981132507324,-0.24832086265087128,0.7324755787849426,-0.36633920669555664,-0.3767281174659729,1.0344784259796143,-0.526936411857605,-0.49593231081962585,1.2949817180633545,-0.5777426362037659,-0.6014764904975891,0.32120516896247864,-1.0054197311401367,-0.17819488048553467,0.2970597445964813,-1.4322376251220703,-0.34831586480140686,0.22412261366844177,-1.711410403251648,-0.42463746666908264,0.16561532020568848,-1.9392634630203247,-0.4669148623943329,0.06186910718679428,-0.9871684312820435,-0.1472102403640747,-0.06368568539619446,-1.171665072441101,-0.3765972852706909,-0.05407219007611275,-0.8277137875556946,-0.379336416721344,0.03245459869503975,-0.7298409938812256,-0.3193454444408417,-0.18083469569683075,-0.9383078813552856,-0.15344665944576263,-0.3200713098049164,-1.101335048675537,-0.38577428460121155,-0.28101110458374023,-0.7992369532585144,-0.300400048494339,-0.18847237527370453,-0.7321732044219971,-0.17690616846084595,-0.39679020643234253,-0.856408953666687,-0.1877061426639557,-0.5291578769683838,-1.0345447063446045,-0.31681397557258606,-0.4714925289154053,-0.8327153921127319,-0.234213188290596,-0.383404403924942,-0.7213388681411743,-0.13078440725803375
0.0,0.0,0.0,0.4215731918811798,-0.09081514179706573,-0.2608036398887634,0.7721248865127563,-0.3061835467815399,-0.39368507266044617,1.0951377153396606,-0.4388011693954468,-0.5120428800582886,1.367285966873169,-0.4868467450141907,-0.6132810115814209,0.4332999885082245,-0.9752832651138306,-0.19110390543937683,0.4492901563644409,-1.391711950302124,-0.3643500506877899,0.41148295998573303,-1.6652394533157349,-0.44130975008010864,0.3814123868942261,-1.9011547565460205,-0.4828852117061615,0.1721515953540802,-0.972878098487854,-0.15450547635555267,0.08329926431179047,-1.1559441089630127,-0.3704005479812622,0.07120593637228012,-0.802074670791626,-0.36393675208091736,0.14180487394332886,-0.7211225628852844,-0.30247339606285095,-0.07766669243574142,-0.9450159072875977,-0.15694479644298553,-0.18068936467170715,-1.1082943677902222,-0.38131392002105713,-0.15653592348098755,-0.7883877158164978,-0.2841891944408417,-0.07532865554094315,-0.7338333129882812,-0.15747612714767456,-0.3075126111507416,-0.8825320601463318,-0.18875806033611298,-0.4051283001899719,-1.0660429000854492,-0.30703726410865784,-0.35168325901031494,-0.8461028933525085,-0.21019728481769562,-0.2803499102592468,-0.7323784232139587,-0.10024873167276382
0.0,0.0,0.0,0.41981515288352966,-0.06839103251695633,-0.28334131836891174,0.7638939023017883,-0.2734030485153198,-0.41774988174438477,1.0820430517196655,-0.3988759517669678,-0.5285840630531311,1.343343734741211,-0.43720415234565735,-0.6173793077468872,0.4847964942455292,-0.9646492600440979,-0.2039353996515274,0.5196524858474731,-1.3583780527114868,-0.36617717146873474,0.5043346881866455,-1.6296855211257935,-0.4298107326030731,0.4866127371788025,-1.8625450134277344,-0.46201732754707336,0.2216167449951172,-0.9629399180412292,-0.15372975170612335,0.16873951256275177,-1.1348458528518677,-0.34495100378990173,0.15235455334186554,-0.774530291557312,-0.3202686607837677,0.20458845794200897,-0.7165051102638245,-0.24982263147830963,-0.026347503066062927,-0.9400752782821655,-0.14563655853271484,-0.09332890063524246,-1.098419189453125,-0.3607346713542938,-0.06738367676734924,-0.7713177800178528,-0.26156947016716003,-0.00977614801377058,-0.7404282689094543,-0.13656732439994812,-0.2580517828464508,-0.8829858303070068,-0.16844438016414642,-0.3315923810005188,-1.0607318878173828,-0.28465235233306885,-0.2692943811416626,-0.8398661613464355,-0.19089937210083008,-0.2209291160106659,-0.7441812753677368,-0.08556728065013885
0.0,0.0,0.0,0.4442172348499298,-0.04483760893344879,-0.2621047794818878,0.8148439526557922,-0.223830908536911,-0.3962371051311493,1.1356852054595947,-0.35123124718666077,-0.5154628753662109,1.4113762378692627,-0.3882065415382385,-0.6193680167198181,0.5332766175270081,-0.9384152293205261,-0.1928267925977707,0.604133665561676,-1.3547847270965576,-0.3603197932243347,0.6082614660263062,-1.6383527517318726,-0.43953391909599304,0.6015196442604065,-1.8826826810836792,-0.4869149923324585,0.25802525877952576,-0.9533801674842834,-0.1564905196428299,0.21065203845500946,-1.1435987949371338,-0.37602752447128296,0.17041218280792236,-0.789752185344696,-0.3762996792793274,0.20319390296936035,-0.699399471282959,-0.32090234756469727,0.0009460552828386426,-0.9363563060760498,-0.15743714570999146,-0.0630096048116684,-1.117931842803955,-0.3835676610469818,-0.057686131447553635,-0.7924033999443054,-0.2854371964931488,-0.005301263183355331,-0.725182831287384,-0.15968888998031616,-0.2348073273897171,-0.883793294429779,-0.1873682737350464,-0.2982936501502991,-1.082892656326294,-0.3096659779548645,-0.2600351870059967,-0.8545094132423401,-0.2123180627822876,-0.21837638318538666,-0.7388955354690552,-0.10329227149486542
0.0,0.0,0.0,0.4427044987678528,-0.03730902448296547,-0.2727120518684387,0.826716959476471,-0.2194533497095108,-0.40913283824920654,1.1856580972671509,-0.31551578640937805,-0.5246588587760925,1.4819263219833374,-0.329905241727829,-0.6230360269546509,0.5613772869110107,-0.9216511845588684,-0.21554377675056458,0.6443501710891724,-1.3358328342437744,-0.3885844051837921,0.6644236445426941,-1.609195590019226,-0.4706606864929199,0.6783692836761475,-1.860234260559082,-0.5225523114204407,0.29129865765571594,-0.9407206773757935,-0.1737518310546875,0.2495327889919281,-1.0856422185897827,-0.38493651151657104,0.19837018847465515,-0.7267335057258606,-0.37878820300102234,0.2237345576286316,-0.6661847233772278,-0.3270021378993988,0.03427967056632042,-0.9295058250427246,-0.17110565304756165,-0.03362694010138512,-1.0713777542114258,-0.4010966718196869,-0.030971787869930267,-0.7293475866317749,-0.30365240573883057,0.02587747387588024,-0.6950514912605286,-0.1839534491300583,-0.2035803496837616,-0.8862199187278748,-0.1976083517074585,-0.2795318365097046,-1.0449931621551514,-0.32925525307655334,-0.2374292016029358,-0.7854111194610596,-0.2340555489063263,-0.19405238330364227,-0.6804617643356323,-0.12967367470264435
0.0,0.0,0.0,0.4317784011363983,-0.04489836096763611,-0.2666836977005005,0.8211886882781982,-0.22563283145427704,-0.39593222737312317,1.1582307815551758,-0.3254353106021881,-0.5054777264595032,1.426848292350769,-0.3561135530471802,-0.5981325507164001,0.5541874170303345,-0.9249293208122253,-0.2074066549539566,0.6358898282051086,-1.3356966972351074,-0.3714403510093689,0.6576458811759949,-1.6104230880737305,-0.4448130130767822,0.6685829162597656,-1.8510583639144897,-0.48792725801467896,0.28326261043548584,-0.9438254833221436,-0.17016352713108063,0.2549039125442505,-1.078783392906189,-0.3750641345977783,0.21242626011371613,-0.7191458344459534,-0.36973705887794495,0.234776571393013,-0.6523316502571106,-0.3168099522590637,0.025322284549474716,-0.9318079352378845,-0.17112207412719727,-0.025317911058664322,-1.0653427839279175,-0.4006638824939728,-0.01828441210091114,-0.7231364846229553,-0.3117998540401459,0.02668890915811062,-0.6806502342224121,-0.19442050158977509,-0.2179219275712967,-0.8830269575119019,-0.20015789568424225,-0.2755599021911621,-1.049978256225586,-0.33207938075065613,-0.22395601868629456,-0.8053211569786072,-0.2412032037973404,-0.18749786913394928,-0.6996966600418091,-0.13727982342243195
0.0,0.0,0.0,0.4277019500732422,-0.03765207901597023,-0.26580333709716797,0.816150426864624,-0.22946251928806305,-0.395906925201416,1.1687593460083008,-0.32653191685676575,-0.506243884563446,1.4545480012893677,-0.3346557021141052,-0.6005072593688965,0.5580525994300842,-0.9198229312896729,-0.2052048146724701,0.6331433653831482,-1.3180251121520996,-0.3661423325538635,0.6477569937705994,-1.5873122215270996,-0.4400918185710907,0.6542860865592957,-1.8277782201766968,-0.4861834943294525,0.2912110984325409,-0.941922128200531,-0.16726861894130707,0.2526063919067383,-1.0922096967697144,-0.36698222160339355,0.21207070350646973,-0.7449105381965637,-0.36239591240882874,0.24071826040744781,-0.6796407103538513,-0.31226277351379395,0.034868933260440826,-0.9311701059341431,-0.166819766163826,-0.020274240523576736,-1.0715640783309937,-0.3865256607532501,-0.01413234043866396,-0.744490385055542,-0.2972659170627594,0.033614642918109894,-0.706505537033081,-0.18346068263053894,-0.20517529547214508,-0.8843888640403748,-0.1950197070837021,-0.2578340470790863,-1.0486409664154053,-0.3179006576538086,-0.2109718918800354,-0.8141382932662964,-0.22662974894046783,-0.17572809755802155,-0.7159590125083923,-0.1256740391254425
0.0,0.0,0.0,0.4320611357688904,-0.03273759037256241,-0.24527379870414734,0.816888153553009,-0.22114142775535583,-0.36042696237564087,1.1433136463165283,-0.32413843274116516,-0.45682692527770996,1.3990223407745361,-0.3459630310535431,-0.5336973071098328,0.5760709047317505,-0.9228042364120483,-0.1721465140581131,0.6545906662940979,-1.3126262426376343,-0.32425081729888916,0.6822797656059265,-1.5717865228652954,-0.3844943344593048,0.7011348605155945,-1.806248664855957,-0.41600877046585083,0.31792423129081726,-0.9381149411201477,-0.1373482644557953,0.30469146370887756,-1.077390193939209,-0.3102332353591919,0.26415741443634033,-0.7136096358299255,-0.28296005725860596,0.2914954721927643,-0.6740251183509827,-0.2179604172706604,0.06988523155450821,-0.9259272217750549,-0.14083720743656158,0.04748693108558655,-1.0612378120422363,-0.34334102272987366,0.053785569965839386,-0.7251423001289368,-0.24078120291233063,0.08949119597673416,-0.7077725529670715,-0.1193956583738327,-0.16947448253631592,-0.8765009641647339,-0.17087723314762115,-0.19646550714969635,-1.0472530126571655,-0.2824428677558899,-0.14165541529655457,-0.8101496696472168,-0.18228428065776825,-0.11723338067531586,-0.7170145511627197,-0.0746597945690155
0.0,0.0,0.0,0.4228551983833313,-0.02631239965558052,-0.22166946530342102,0.8130861520767212,-0.1971372812986374,-0.3426568806171417,1.140398621559143,-0.298145592212677,-0.4544517397880554,1.3940495252609253,-0.3269118368625641,-0.5531141757965088,0.5866015553474426,-0.9201201796531677,-0.1401367336511612,0.6539669036865234,-1.3157470226287842,-0.27765145897865295,0.6892077922821045,-1.5764003992080688,-0.3335866630077362,0.7106078267097473,-1.8029526472091675,-0.3638409972190857,0.32942742109298706,-0.937142550945282,-0.11507104337215424,0.35506671667099,-1.0841108560562134,-0.2865869402885437,0.3033130168914795,-0.7189937829971313,-0.266859233379364,0.30061185359954834,-0.6560514569282532,-0.2031526118516922,0.08406637609004974,-0.9169723391532898,-0.12361438572406769,0.10491538792848587,-1.0610531568527222,-0.3216838538646698,0.09375878423452377,-0.7250822186470032,-0.2180238962173462,0.09110549837350845,-0.6799269914627075,-0.09178418666124344,-0.1597580760717392,-0.8634993433952332,-0.15501490235328674,-0.13802103698253632,-1.0511988401412964,-0.26419150829315186,-0.09602398425340652,-0.8147792816162109,-0.1607123613357544,-0.09608998149633408,-0.7212452292442322,-0.047926709055900574
0.0,0.0,0.0,0.4193357825279236,-0.029572004452347755,-0.2317281812429428,0.8060821294784546,-0.18772317469120026,-0.3588270843029022,1.1364877223968506,-0.281021386384964,-0.4758509695529938,1.4031468629837036,-0.30230578780174255,-0.5811620354652405,0.5963789820671082,-0.9146896600723267,-0.1212146207690239,0.6712366938591003,-1.28170645236969,-0.2426278442144394,0.7090277075767517,-1.5312031507492065,-0.2918700873851776,0.7255321145057678,-1.7428994178771973,-0.3197856843471527,0.3460129201412201,-0.9336183071136475,-0.09290783852338791,0.40125536918640137,-1.0778013467788696,-0.25003334879875183,0.34328413009643555,-0.7185786962509155,-0.23623454570770264,0.318840354681015,-0.6479380130767822,-0.17671774327754974,0.10966940224170685,-0.9129408001899719,-0.09935516864061356,0.16164326667785645,-1.0459047555923462,-0.29969292879104614,0.1411893516778946,-0.7064096927642822,-0.212031751871109,0.11514866352081299,-0.6628895401954651,-0.09264907985925674,-0.12746931612491608,-0.8590651154518127,-0.12767307460308075,-0.07885463535785675,-1.0460182428359985,-0.24248908460140228,-0.04105314984917641,-0.8107388019561768,-0.14771917462348938,-0.05340315401554108,-0.7214956879615784,-0.040409959852695465
0.0,0.0,0.0,0.39959993958473206,-0.03862566128373146,-0.23588958382606506,0.7684429883956909,-0.1829058825969696,-0.38577505946159363,1.0915459394454956,-0.2685152292251587,-0.5281343460083008,1.3561720848083496,-0.3106707036495209,-0.6609599590301514,0.5809505581855774,-0.9176035523414612,-0.13698971271514893,0.6561711430549622,-1.2766624689102173,-0.2613864243030548,0.6965720653533936,-1.5269044637680054,-0.31248581409454346,0.7127330899238586,-1.7374088764190674,-0.3422624468803406,0.32820290327072144,-0.9380091428756714,-0.11145268380641937,0.4002963602542877,-1.1022932529449463,-0.27214840054512024,0.34112074971199036,-0.7354649901390076,-0.2573316693305969,0.3112698793411255,-0.6565999984741211,-0.19583801925182343,0.09380465745925903,-0.9162847399711609,-0.11920682340860367,0.16203133761882782,-1.0644556283950806,-0.3170274496078491,0.14074870944023132,-0.7191009521484375,-0.22122260928153992,0.10664043575525284,-0.6609365344047546,-0.09706758707761765,-0.14074450731277466,-0.861301064491272,-0.14908038079738617,-0.0853285938501358,-1.0539606809616089,-0.2607148587703705,-0.04846194013953209,-0.8173374533653259,-0.161538764834404,-0.062479760497808456,-0.7224549651145935,-0.05201336368918419
0.0,0.0,0.0,0.40879055857658386,-0.037670254707336426,-0.2435171753168106,0.7916296124458313,-0.18635767698287964,-0.38379308581352234,1.1174358129501343,-0.2755190134048462,-0.5107545256614685,1.3828489780426025,-0.3125453293323517,-0.6224108934402466,0.5987998247146606,-0.9037610292434692,-0.157329723238945,0.6754170656204224,-1.2848607301712036,-0.3066039979457855,0.7200909852981567,-1.5399413108825684,-0.36731597781181335,0.7443270087242126,-1.7641679048538208,-0.39758166670799255,0.34447619318962097,-0.9297337532043457,-0.13012082874774933,0.41847217082977295,-1.1169224977493286,-0.31160005927085876,0.36232802271842957,-0.7192359566688538,-0.28930169343948364,0.33862292766571045,-0.6289979815483093,-0.2157750278711319,0.10547221451997757,-0.9189773201942444,-0.1400405317544937,0.17691919207572937,-1.0872952938079834,-0.36345961689949036,0.15517380833625793,-0.7253910899162292,-0.26580101251602173,0.12160632014274597,-0.6692783236503601,-0.13130465149879456,-0.13062377274036407,-0.8717686533927917,-0.1721416562795639,-0.07798687368631363,-1.0898042917251587,-0.29724615812301636,-0.03433070331811905,-0.8459509611129761,-0.19518548250198364,-0.04926147684454918,-0.7393380403518677,-0.0785401239991188
0.0,0.0,0.0,0.402373343706131,-0.041912488639354706,-0.22502587735652924,0.775963544845581,-0.1987687200307846,-0.3532312512397766,1.1023075580596924,-0.28650346398353577,-0.4731563925743103,1.3567652702331543,-0.3134877383708954,-0.5812802910804749,0.589633584022522,-0.904880166053772,-0.1320398896932602,0.6673700213432312,-1.281211018562317,-0.26702681183815,0.7189854383468628,-1.5389775037765503,-0.32561948895454407,0.7498747706413269,-1.7616676092147827,-0.3587658405303955,0.34200307726860046,-0.9331783652305603,-0.110508032143116,0.40794429183006287,-1.0990420579910278,-0.2804550528526306,0.3487588167190552,-0.7276284694671631,-0.26699352264404297,0.3231247663497925,-0.6522195935249329,-0.20523318648338318,0.10841523110866547,-0.9210534691810608,-0.1231231838464737,0.16592757403850555,-1.0874658823013306,-0.33379441499710083,0.14750872552394867,-0.7386311888694763,-0.24271193146705627,0.11736864596605301,-0.6793339252471924,-0.11852677911520004,-0.12665274739265442,-0.8704485893249512,-0.15693078935146332,-0.08135752379894257,-1.0773993730545044,-0.2796742022037506,-0.03443531692028046,-0.837640643119812,-0.18377290666103363,-0.04642048478126526,-0.730772852897644,-0.07331409305334091
0.0,0.0,0.0,0.43852680921554565,-0.044226616621017456,-0.2602393329143524,0.8243263959884644,-0.2086206078529358,-0.3976736068725586,1.1666040420532227,-0.3108663260936737,-0.5182437300682068,1.4432686567306519,-0.3572727143764496,-0.6211279630661011,0.5993623733520508,-0.928564190864563,-0.15109087526798248,0.6890605688095093,-1.3095725774765015,-0.2957479655742645,0.7352020740509033,-1.5675941705703735,-0.34824511408805847,0.7622112035751343,-1.7973365783691406,-0.3735962212085724,0.3347017467021942,-0.9352005124092102,-0.11564972251653671,0.41908740997314453,-1.0761977434158325,-0.2790221571922302,0.34892135858535767,-0.6983814835548401,-0.2452944815158844,0.3173847496509552,-0.6719549894332886,-0.17229734361171722,0.0816679447889328,-0.9123519062995911,-0.12268459796905518,0.15639513731002808,-1.0350556373596191,-0.34131211042404175,0.1282481998205185,-0.6839085817337036,-0.24247965216636658,0.09446961432695389,-0.695920467376709,-0.1159534901380539,-0.1671600639820099,-0.8554683923721313,-0.15383870899677277,-0.11292979121208191,-1.0397026538848877,-0.27552151679992676,-0.07564873993396759,-0.7889714241027832,-0.16967877745628357,-0.10996131598949432,-0.7126613259315491,-0.05661290884017944
0.0,0.0,0.0,0.45072388648986816,-0.04144572839140892,-0.22701473534107208,0.850686252117157,-0.23231731355190277,-0.33425647020339966,1.1837905645370483,-0.3456067144870758,-0.4266367554664612,1.4362890720367432,-0.4020659327507019,-0.5014309287071228,0.5824080109596252,-0.9286953210830688,-0.14827169477939606,0.6652589440345764,-1.3229783773422241,-0.29231423139572144,0.70356285572052,-1.5790505409240723,-0.3515588641166687,0.7280641794204712,-1.8071626424789429,-0.38376182317733765,0.32204028964042664,-0.9387966394424438,-0.12227354198694229,0.3524881899356842,-1.0529634952545166,-0.28479433059692383,0.3025811016559601,-0.6938903331756592,-0.2647908329963684,0.2932804524898529,-0.6657691597938538,-0.20948700606822968,0.07397663593292236,-0.9143749475479126,-0.13296951353549957,0.09518151730298996,-1.0343581438064575,-0.3372279405593872,0.09107369929552078,-0.6943811774253845,-0.243972048163414,0.08656235039234161,-0.6869152784347534,-0.12994761765003204,-0.16600608825683594,-0.8535338044166565,-0.16662821173667908,-0.1630350947380066,-1.0229233503341675,-0.28464066982269287,-0.11083496361970901,-0.7810591459274292,-0.1876642256975174,-0.11482077836990356,-0.6994441747665405,-0.08291346579790115
0.0,0.0,0.0,0.4448130130767822,-0.030647652223706245,-0.1870322823524475,0.8476881980895996,-0.19967304170131683,-0.27745282649993896,1.174394130706787,-0.2856786847114563,-0.3627241849899292,1.4161514043807983,-0.30735671520233154,-0.4385465383529663,0.6095826625823975,-0.8980592489242554,-0.11188334971666336,0.7030516862869263,-1.3058323860168457,-0.2333552986383438,0.7571695446968079,-1.570257544517517,-0.28398799896240234,0.7948266863822937,-1.7919280529022217,-0.3150394558906555,0.36198291182518005,-0.9265801906585693,-0.10206633061170578,0.4229063093662262,-1.0057165622711182,-0.2571088969707489,0.35837990045547485,-0.6548157930374146,-0.24304555356502533,0.3313974440097809,-0.6086230874061584,-0.19236359000205994,0.11801741272211075,-0.9011236429214478,-0.12334161251783371,0.16849704086780548,-0.9884124398231506,-0.32861724495887756,0.14602819085121155,-0.6599035859107971,-0.25157105922698975,0.12616927921772003,-0.6477859616279602,-0.14706945419311523,-0.12534639239311218,-0.8355169892311096,-0.16177105903625488,-0.09727858752012253,-0.9947149157524109,-0.29119113087654114,-0.04955301806330681,-0.7536020874977112,-0.20516186952590942,-0.05599720776081085,-0.6700760126113892,-0.10675940662622452
0.0,0.0,0.0,0.4371805489063263,-0.023199154064059258,-0.20256982743740082,0.8406568765640259,-0.19129331409931183,-0.29537495970726013,1.1665476560592651,-0.2796548306941986,-0.3782273530960083,1.414177656173706,-0.3036605417728424,-0.4478108286857605,0.6171720623970032,-0.8839163184165955,-0.1364022046327591,0.7242979407310486,-1.2995892763137817,-0.2705712616443634,0.7908008098602295,-1.559082269668579,-0.3163261115550995,0.8419861197471619,-1.7890516519546509,-0.33995136618614197,0.3780612349510193,-0.9173935055732727,-0.12433374673128128,0.469453364610672,-0.9930940270423889,-0.28113412857055664,0.3971184492111206,-0.6214491724967957,-0.2480861097574234,0.3643672466278076,-0.6005024313926697,-0.18301084637641907,0.13870032131671906,-0.9017623662948608,-0.14753767848014832,0.22434751689434052,-0.9825791716575623,-0.3657323122024536,0.19045491516590118,-0.6387916803359985,-0.27838364243507385,0.15784204006195068,-0.6540562510490417,-0.1640760600566864,-0.10537002980709076,-0.8447672724723816,-0.18857623636722565,-0.04470471665263176,-1.0052729845046997,-0.32146981358528137,-0.0010800533927977085,-0.7575480341911316,-0.22677746415138245,-0.03158056363463402,-0.6776663661003113,-0.12221450358629227
0.0,0.0,0.0,0.43908941745758057,-0.016209302470088005,-0.1699497103691101,0.8416272401809692,-0.19057488441467285,-0.24922360479831696,1.1565126180648804,-0.2829383313655853,-0.32371869683265686,1.3907010555267334,-0.3163227140903473,-0.38680192828178406,0.6365824937820435,-0.8781985640525818,-0.11527299135923386,0.7451847791671753,-1.291251540184021,-0.2523247003555298,0.8160523176193237,-1.5468190908432007,-0.30666717886924744,0.8649361729621887,-1.7733066082000732,-0.3361668586730957,0.40249407291412354,-0.9084809422492981,-0.1125205010175705,0.5300853252410889,-0.9840356707572937,-0.27153968811035156,0.44849738478660583,-0.6268171072006226,-0.24543920159339905,0.39046645164489746,-0.6083154082298279,-0.18617001175880432,0.17243808507919312,-0.8947194814682007,-0.14139311015605927,0.2866460978984833,-0.990969181060791,-0.35868117213249207,0.24589602649211884,-0.6521346569061279,-0.2720300853252411,0.19513539969921112,-0.657629668712616,-0.15953201055526733,-0.0650377869606018,-0.8450422883033752,-0.1840614229440689,0.02986038662493229,-0.991518497467041,-0.3226196765899658,0.05726545304059982,-0.7466696500778198,-0.23234359920024872,0.007164231967180967,-0.6763635873794556,-0.13096611201763153
0.0,0.0,0.0,0.4482417106628418,-0.020723557099699974,-0.17123696208000183,0.8553788661956787,-0.19085541367530823,-0.24897804856300354,1.178539514541626,-0.2801436483860016,-0.3207284212112427,1.4102360010147095,-0.3135223388671875,-0.3785141706466675,0.6535943746566772,-0.8638696074485779,-0.12330380082130432,0.7709203958511353,-1.2798926830291748,-0.2739729881286621,0.8499605655670166,-1.5425605773925781,-0.33311283588409424,0.9020727276802063,-1.7768874168395996,-0.3638966381549835,0.41695764660835266,-0.9007459282875061,-0.1216680258512497,0.555465817451477,-0.9867990612983704,-0.290448397397995,0.4699338972568512,-0.6103907823562622,-0.25542157888412476,0.4051627218723297,-0.5860461592674255,-0.18676531314849854,0.18010589480400085,-0.892315149307251,-0.15374740958213806,0.3053402304649353,-0.9884135127067566,-0.3863880932331085,0.25859618186950684,-0.6381078362464905,-0.29673275351524353,0.19409169256687164,-0.643854558467865,-0.1772981584072113,-0.0651051476597786,-0.8439002633094788,-0.1988184005022049,0.042327430099248886,-0.972841739654541,-0.34379422664642334,0.07076030224561691,-0.7319934368133545,-0.2532421350479126,0.002831711433827877,-0.6740917563438416,-0.15090510249137878
0.0,0.0,0.0,0.4320555329322815,-0.02401692606508732,-0.1798601895570755,0.8466371893882751,-0.18713466823101044,-0.27960819005966187,1.1695342063903809,-0.26826292276382446,-0.3775753378868103,1.42215895652771,-0.2914513647556305,-0.4712628126144409,0.6410188674926758,-0.8747718334197998,-0.13824677467346191,0.771577000617981,-1.3117855787277222,-0.2620590329170227,0.8578504920005798,-1.5775731801986694,-0.3238140344619751,0.918756365776062,-1.8116650581359863,-0.3663642406463623,0.3845594823360443,-0.913063645362854,-0.13575270771980286,0.4818292260169983,-1.0197992324829102,-0.31274735927581787,0.41776031255722046,-0.6775631308555603,-0.3223487436771393,0.3616950809955597,-0.6038373708724976,-0.28825855255126953,0.13131855428218842,-0.8932854533195496,-0.1574857532978058,0.2218559831380844,-1.0052039623260498,-0.3665590286254883,0.19210150837898254,-0.6790450215339661,-0.2926543653011322,0.1480960249900818,-0.627581000328064,-0.1901586502790451,-0.12270721793174744,-0.8438674807548523,-0.19486770033836365,-0.055822886526584625,-1.0169761180877686,-0.32329270243644714,-0.015850499272346497,-0.778812050819397,-0.2356467992067337,-0.03856011480093002,-0.6769799590110779,-0.13602931797504425
0.0,0.0,0.0,0.40266290307044983,-0.02210364118218422,-0.2237294763326645,0.7965823411941528,-0.1672697514295578,-0.37095460295677185,1.1343706846237183,-0.23871320486068726,-0.515296459197998,1.4169245958328247,-0.2176804393529892,-0.6543939709663391,0.6423950791358948,-0.8734831213951111,-0.15864194929599762,0.7593626976013184,-1.2448302507400513,-0.2978375256061554,0.8288065791130066,-1.494473934173584,-0.3624717891216278,0.8753631711006165,-1.7086848020553589,-0.402195543050766,0.377618670463562,-0.9150844216346741,-0.14150825142860413,0.41349369287490845,-1.0560994148254395,-0.327452152967453,0.3473067581653595,-0.7102416753768921,-0.3259728252887726,0.3351161777973175,-0.6354658007621765,-0.275199830532074,0.1250510811805725,-0.9081952571868896,-0.1540430784225464,0.15128789842128754,-1.0532454252243042,-0.3560153543949127,0.125874862074852,-0.7344866394996643,-0.2584278881549835,0.11683408915996552,-0.6722383499145508,-0.13756439089775085,-0.1288667619228363,-0.8722745180130005,-0.18905751407146454,-0.09909418225288391,-1.0560247898101807,-0.29752448201179504,-0.07897130399942398,-0.8248637318611145,-0.19242127239704132,-0.08861875534057617,-0.7268614768981934,-0.07966122031211853
0.0,0.0,0.0,0.4114842414855957,-0.015593495219945908,-0.22975412011146545,0.8015324473381042,-0.16194109618663788,-0.36589962244033813,1.140695333480835,-0.2322576940059662,-0.49954336881637573,1.4140232801437378,-0.22031454741954803,-0.626041054725647,0.6317434310913086,-0.8723203539848328,-0.15118472278118134,0.770749568939209,-1.242706537246704,-0.2992159426212311,0.8456847667694092,-1.4991121292114258,-0.37349259853363037,0.8962715864181519,-1.7218327522277832,-0.42128849029541016,0.3672192096710205,-0.9207736849784851,-0.13162797689437866,0.3622150123119354,-1.0770128965377808,-0.3410317301750183,0.29749760031700134,-0.7419242858886719,-0.3555556535720825,0.3062341809272766,-0.6532546877861023,-0.3118455708026886,0.11467354744672775,-0.9175148606300354,-0.14396440982818604,0.09013955295085907,-1.0700384378433228,-0.3585362434387207,0.0728808045387268,-0.7663661241531372,-0.2732178270816803,0.10095398873090744,-0.6989504098892212,-0.15887269377708435,-0.12687386572360992,-0.8791200518608093,-0.18079359829425812,-0.14679448306560516,-1.050047755241394,-0.3010026812553406,-0.12891347706317902,-0.8311623930931091,-0.2111249715089798,-0.11051533371210098,-0.73008131980896,-0.10772097110748291
0.0,0.0,0.0,0.4092811346054077,-0.02150489017367363,-0.2393181025981903,0.784054160118103,-0.17842520773410797,-0.3728296160697937,1.10502290725708,-0.2605475187301636,-0.49854883551597595,1.3708218336105347,-0.25963711738586426,-0.6155453324317932,0.5950559377670288,-0.8885765671730042,-0.17449750006198883,0.7287226319313049,-1.261911392211914,-0.3255472481250763,0.7892560362815857,-1.5218517780303955,-0.40143609046936035,0.8260594606399536,-1.7481597661972046,-0.45006999373435974,0.32937997579574585,-0.9327031970024109,-0.14687958359718323,0.2898690402507782,-1.0903377532958984,-0.35510262846946716,0.23706115782260895,-0.7636328339576721,-0.3668583333492279,0.266926646232605,-0.6736076474189758,-0.3238973617553711,0.07940573990345001,-0.9238038063049316,-0.15124405920505524,0.02101992443203926,-1.0763270854949951,-0.3660702407360077,0.01096209604293108,-0.7762135863304138,-0.2835901379585266,0.05992724746465683,-0.7060586214065552,-0.1723669469356537,-0.15337878465652466,-0.8778342604637146,-0.1808689832687378,-0.20597130060195923,-1.0512945652008057,-0.30431291460990906,-0.1857127696275711,-0.8349101543426514,-0.21906989812850952,-0.1475495845079422,-0.728603720664978,-0.11890076100826263
0.0,0.0,0.0,0.4111107885837555,-0.0329209566116333,-0.2746262550354004,0.7640731930732727,-0.18636378645896912,-0.41682136058807373,1.0876351594924927,-0.27268049120903015,-0.5398929119110107,1.3588136434555054,-0.2876647710800171,-0.6469046473503113,0.582426130771637,-0.8963115811347961,-0.2107335329055786,0.7057457566261292,-1.274942398071289,-0.37825003266334534,0.756498396396637,-1.5401936769485474,-0.44972652196884155,0.7949727177619934,-1.7683608531951904,-0.48841753602027893,0.3161807954311371,-0.9340502023696899,-0.16607241332530975,0.2705640196800232,-1.1143109798431396,-0.3711235225200653,0.21342213451862335,-0.7637316584587097,-0.3564086854457855,0.25757184624671936,-0.6777475476264954,-0.29130253195762634,0.06389201432466507,-0.9330534934997559,-0.16056141257286072,0.0025896215811371803,-1.0973072052001953,-0.3787012994289398,-0.008499374613165855,-0.7790639400482178,-0.2802421748638153,0.049194250255823135,-0.7220838665962219,-0.15540428459644318,-0.17102910578250885,-0.8902390599250793,-0.1847100853919983,-0.23418372869491577,-1.0680652856826782,-0.3064514994621277,-0.20231321454048157,-0.8460040092468262,-0.21435976028442383,-0.15921226143836975,-0.7420018315315247,-0.10826203972101212
0.0,0.0,0.0,0.41007596254348755,-0.02661355398595333,-0.27188608050346375,0.7672218680381775,-0.17787334322929382,-0.4152572751045227,1.096102237701416,-0.2638257145881653,-0.5414356589317322,1.3698838949203491,-0.27039581537246704,-0.6524699926376343,0.5893777012825012,-0.8962123394012451,-0.19673745334148407,0.701636791229248,-1.2744389772415161,-0.3566865026950836,0.7438530921936035,-1.543626070022583,-0.4270073175430298,0.7681469321250916,-1.7714438438415527,-0.46661099791526794,0.3261951804161072,-0.9329389929771423,-0.15238641202449799,0.29042285680770874,-1.1137609481811523,-0.35794493556022644,0.22994835674762726,-0.7661031484603882,-0.3485279083251953,0.2671738266944885,-0.6772714257240295,-0.2854183614253998,0.07805836945772171,-0.9298148155212402,-0.1462668478488922,0.024832388386130333,-1.097130298614502,-0.36337733268737793,0.00895687099546194,-0.7817162275314331,-0.2685742974281311,0.060256753116846085,-0.7178713083267212,-0.1449452042579651,-0.15396256744861603,-0.8876911401748657,-0.1693863719701767,-0.2050297111272812,-1.066357135772705,-0.29094043374061584,-0.17994266748428345,-0.8460447788238525,-0.20138733088970184,-0.14223645627498627,-0.7411229014396667,-0.0966079905629158
0.0,0.0,0.0,0.4206838309764862,-0.03017018549144268,-0.26801639795303345,0.7888553738594055,-0.18794509768486023,-0.4027043879032135,1.1206588745117188,-0.27383026480674744,-0.5193333625793457,1.392342209815979,-0.27642062306404114,-0.618948221206665,0.5966870784759521,-0.9032747149467468,-0.18499688804149628,0.6959896087646484,-1.2869551181793213,-0.3397931754589081,0.7288864254951477,-1.5535523891448975,-0.4062322676181793,0.7446991801261902,-1.7850018739700317,-0.44284677505493164,0.33286792039871216,-0.932296872138977,-0.14149720966815948,0.3094533681869507,-1.116806149482727,-0.33357155323028564,0.25668466091156006,-0.763075053691864,-0.3177047669887543,0.2900027632713318,-0.6801974773406982,-0.2526305317878723,0.0832299292087555,-0.928261399269104,-0.13711370527744293,0.04831111803650856,-1.1031441688537598,-0.3459394872188568,0.034458864480257034,-0.7809682488441467,-0.24821911752223969,0.073136106133461,-0.7225984334945679,-0.1244274377822876,-0.15219846367835999,-0.8880385160446167,-0.16203752160072327,-0.18686653673648834,-1.0743438005447388,-0.27550479769706726,-0.15675996243953705,-0.8540754318237305,-0.18193212151527405,-0.13047927618026733,-0.7534329295158386,-0.07638717442750931
0.0,0.0,0.0,0.41964438557624817,-0.03466403856873512,-0.2773447036743164,0.7823739051818848,-0.19558905065059662,-0.4153251349925995,1.1212373971939087,-0.2833591103553772,-0.5324426889419556,1.3933923244476318,-0.28990328311920166,-0.6286740899085999,0.5903013348579407,-0.9156469106674194,-0.18269041180610657,0.6550302505493164,-1.3016902208328247,-0.3354641795158386,0.6669372320175171,-1.5707697868347168,-0.39313653111457825,0.6743162870407104,-1.7995809316635132,-0.42111316323280334,0.3279823064804077,-0.9351284503936768,-0.13402436673641205,0.30705079436302185,-1.1238006353378296,-0.31294679641723633,0.2513117790222168,-0.7638928890228271,-0.2814876139163971,0.29397478699684143,-0.6957905292510986,-0.205272376537323,0.08098755776882172,-0.930358350276947,-0.12769581377506256,0.049080830067396164,-1.108408808708191,-0.33162879943847656,0.03502402827143669,-0.7799493074417114,-0.22564657032489777,0.08061284571886063,-0.7361993193626404,-0.09608510881662369,-0.153546541929245,-0.8918395042419434,-0.15205731987953186,-0.18983376026153564,-1.078756332397461,-0.2602522075176239,-0.15762920677661896,-0.8528069853782654,-0.16171076893806458,-0.1285886913537979,-0.7552089095115662,-0.05314021185040474
0.0,0.0,0.0,0.41755789518356323,-0.033201705664396286,-0.2764204144477844,0.7792011499404907,-0.19152280688285828,-0.4191942512989044,1.115812063217163,-0.27738073468208313,-0.5425594449043274,1.392686367034912,-0.277131050825119,-0.6471677422523499,0.5900266766548157,-0.9144620299339294,-0.189036026597023,0.6587598919868469,-1.3019834756851196,-0.34360724687576294,0.6735648512840271,-1.571773886680603,-0.40555277466773987,0.6787696480751038,-1.8008615970611572,-0.43776562809944153,0.32456958293914795,-0.9350616931915283,-0.14252761006355286,0.29904258251190186,-1.1245023012161255,-0.33046403527259827,0.24709150195121765,-0.767580509185791,-0.3073592483997345,0.28450098633766174,-0.6920969486236572,-0.2359272837638855,0.07465927302837372,-0.9280548095703125,-0.13656926155090332,0.0395057238638401,-1.1095024347305298,-0.3455154001712799,0.030273789539933205,-0.7824404239654541,-0.24269191920757294,0.07278697937726974,-0.7300752997398376,-0.1141023188829422,-0.16276668012142181,-0.88714599609375,-0.16080304980278015,-0.19715483486652374,-1.0772809982299805,-0.2743757367134094,-0.16189517080783844,-0.8517080545425415,-0.17794330418109894,-0.13207712769508362,-0.7514825463294983,-0.06961672753095627
0.0,0.0,0.0,0.4252494275569916,-0.028869617730379105,-0.25708428025245667,0.7997711896896362,-0.1847023069858551,-0.3931106925010681,1.138950228691101,-0.2665610611438751,-0.5144115686416626,1.4118967056274414,-0.2667487561702728,-0.6199789643287659,0.602120041847229,-0.9016905426979065,-0.17696522176265717,0.6702547073364258,-1.2972309589385986,-0.32983341813087463,0.6843572854995728,-1.565089464187622,-0.395024836063385,0.6892984509468079,-1.7964422702789307,-0.43077805638313293,0.3420906662940979,-0.9293165802955627,-0.13908560574054718,0.3149535059928894,-1.111106276512146,-0.32719656825065613,0.26131778955459595,-0.7577770352363586,-0.31003910303115845,0.29704347252845764,-0.6786022782325745,-0.24478845298290253,0.09379212558269501,-0.9270535111427307,-0.1389920711517334,0.058471787720918655,-1.1036677360534668,-0.3458235561847687,0.045162301510572433,-0.7751006484031677,-0.2425435185432434,0.08778830617666245,-0.713833749294281,-0.11501241475343704,-0.14349570870399475,-0.8894028067588806,-0.16716788709163666,-0.17619076371192932,-1.081903100013733,-0.27874913811683655,-0.14717888832092285,-0.8493716716766357,-0.1780027151107788,-0.11756743490695953,-0.7397427558898926,-0.06684398651123047
0.0,0.0,0.0,0.4177989363670349,-0.025163620710372925,-0.2596787214279175,0.7937247157096863,-0.178012415766716,-0.395906925201416,1.1272900104522705,-0.26121029257774353,-0.5163178443908691,1.3943709135055542,-0.2684498727321625,-0.620609700679779,0.6063523888587952,-0.9009636044502258,-0.1767105758190155,0.6845470070838928,-1.291519045829773,-0.32369980216026306,0.7076666355133057,-1.5595626831054688,-0.3846217691898346,0.7189831733703613,-1.7901508808135986,-0.4182327389717102,0.34593668580055237,-0.9281923174858093,-0.13706505298614502,0.3368852138519287,-1.1076902151107788,-0.31789472699165344,0.27967482805252075,-0.7541795969009399,-0.2985720932483673,0.30638378858566284,-0.6783292889595032,-0.23361022770404816,0.09762812405824661,-0.9234160780906677,-0.1351320892572403,0.07991774380207062,-1.094011664390564,-0.3368876278400421,0.06235601007938385,-0.7678076028823853,-0.2343297302722931,0.09291291236877441,-0.7132635712623596,-0.10941869020462036,-0.14183180034160614,-0.8862983584403992,-0.16143956780433655,-0.15975512564182281,-1.0754270553588867,-0.2706833481788635,-0.13304503262043,-0.846366822719574,-0.1716599464416504,-0.11550463736057281,-0.7442091107368469,-0.06345425546169281
0.0,0.0,0.0,0.407518208026886,-0.03922894597053528,-0.23649020493030548,0.7882134914398193,-0.19706925749778748,-0.3698432147502899,1.1169977188110352,-0.2793877422809601,-0.4975895285606384,1.3860368728637695,-0.28426477313041687,-0.6154337525367737,0.5722237229347229,-0.9045990109443665,-0.15035735070705414,0.666292130947113,-1.300879955291748,-0.29398173093795776,0.693740963935852,-1.5689345598220825,-0.3664588928222656,0.7141639590263367,-1.7946165800094604,-0.41294801235198975,0.3156176507472992,-0.9409323334693909,-0.12260433286428452,0.27574488520622253,-1.1238033771514893,-0.3305191099643707,0.2120121717453003,-0.8087755441665649,-0.3459767699241638,0.24411970376968384,-0.7051118016242981,-0.30230408906936646,0.07271900773048401,-0.9324291348457336,-0.12789693474769592,0.02004239708185196,-1.1049314737319946,-0.33514267206192017,-0.0008424564148299396,-0.8190778493881226,-0.2546798288822174,0.05340335890650749,-0.7412972450256348,-0.14444634318351746,-0.1559457778930664,-0.8929206132888794,-0.15933284163475037,-0.20292313396930695,-1.0730602741241455,-0.27290159463882446,-0.19406266510486603,-0.8662607073783875,-0.18868409097194672,-0.15352357923984528,-0.7570076584815979,-0.09013072401285172
0.0,0.0,0.0,0.4078056216239929,-0.04840563237667084,-0.2222021371126175,0.7830454111099243,-0.21077960729599,-0.3525099754333496,1.111680507659912,-0.29161426424980164,-0.48237377405166626,1.3762259483337402,-0.2971991300582886,-0.6037840843200684,0.5659850239753723,-0.9103739857673645,-0.1464781016111374,0.6719240546226501,-1.313359022140503,-0.29843008518218994,0.7051089406013489,-1.582993507385254,-0.3745742440223694,0.7317548990249634,-1.8140562772750854,-0.42409801483154297,0.3027991056442261,-0.9443788528442383,-0.1283012479543686,0.25178295373916626,-1.1398299932479858,-0.34451326727867126,0.1914452314376831,-0.8213631510734558,-0.3591318726539612,0.2377231866121292,-0.72304368019104,-0.31620100140571594,0.055882565677165985,-0.9305257201194763,-0.1423400193452835,-0.01123082172125578,-1.1275689601898193,-0.3537496328353882,-0.03385195881128311,-0.834370493888855,-0.2625477612018585,0.030893053859472275,-0.7514973282814026,-0.14714723825454712,-0.17482616007328033,-0.8828290700912476,-0.18206720054149628,-0.24834702908992767,-1.0680594444274902,-0.29841116070747375,-0.24036571383476257,-0.8560266494750977,-0.2089868038892746,-0.18372541666030884,-0.7413572072982788,-0.10754451155662537
0.0,0.0,0.0,0.4080914556980133,-0.05369487777352333,-0.238663449883461,0.7717923521995544,-0.23416705429553986,-0.3734540343284607,1.093354344367981,-0.3391526937484741,-0.5055751204490662,1.3653379678726196,-0.34287524223327637,-0.628742516040802,0.5214282274246216,-0.9228641986846924,-0.1687440127134323,0.6296934485435486,-1.335831642150879,-0.33633872866630554,0.660306990146637,-1.6174687147140503,-0.4201486110687256,0.6877533793449402,-1.8547849655151367,-0.4723506271839142,0.2539728283882141,-0.9559683203697205,-0.14704547822475433,0.18562032282352448,-1.144515872001648,-0.38152647018432617,0.12434616684913635,-0.8274862766265869,-0.40028443932533264,0.1764616221189499,-0.7296789288520813,-0.355692982673645,0.0035973750054836273,-0.9434624910354614,-0.15989796817302704,-0.08544082939624786,-1.1227720975875854,-0.392266184091568,-0.10535494238138199,-0.8330709934234619,-0.3086259067058563,-0.027783749625086784,-0.7560856342315674,-0.19174790382385254,-0.22166180610656738,-0.8955332040786743,-0.19953499734401703,-0.3135104477405548,-1.0757713317871094,-0.33034563064575195,-0.30045461654663086,-0.8667094111442566,-0.24646514654159546,-0.23250243067741394,-0.7512997388839722,-0.14466848969459534
0.0,0.0,0.0,0.40968409180641174,-0.05701496824622154,-0.24289511144161224,0.7599108219146729,-0.2385016232728958,-0.37876150012016296,1.0744445323944092,-0.34700194001197815,-0.508746325969696,1.3460893630981445,-0.338929682970047,-0.627299427986145,0.5128591060638428,-0.9291423559188843,-0.1848071962594986,0.611648440361023,-1.3343851566314697,-0.3661656975746155,0.6333468556404114,-1.6150281429290771,-0.45186227560043335,0.6571822762489319,-1.8535677194595337,-0.5027956366539001,0.24116741120815277,-0.9568443298339844,-0.1621333360671997,0.16900260746479034,-1.1389827728271484,-0.397040992975235,0.10803357511758804,-0.7988369464874268,-0.40143436193466187,0.17040158808231354,-0.7133063673973083,-0.3471314609050751,-0.01376405917108059,-0.9459346532821655,-0.17640314996242523,-0.11424072086811066,-1.1259251832962036,-0.4148802161216736,-0.13255609571933746,-0.8134856820106506,-0.3205797076225281,-0.04708059877157211,-0.7481617331504822,-0.1963883489370346,-0.2430959939956665,-0.8958930373191833,-0.21786081790924072,-0.3526027500629425,-1.0709341764450073,-0.35094448924064636,-0.32882773876190186,-0.8472816944122314,-0.2612363398075104,-0.25083398818969727,-0.7338787317276001,-0.15576402842998505
0.0,0.0,0.0,0.4087859094142914,-0.051803216338157654,-0.25311079621315,0.7623832821846008,-0.22796615958213806,-0.3876413106918335,1.0890052318572998,-0.3365963101387024,-0.5122955441474915,1.3654680252075195,-0.33675485849380493,-0.6273675560951233,0.512108325958252,-0.9098232388496399,-0.19734802842140198,0.6189110279083252,-1.3172261714935303,-0.3654993772506714,0.6416198015213013,-1.5992039442062378,-0.44206947088241577,0.6620774269104004,-1.8313859701156616,-0.48842892050743103,0.24976524710655212,-0.9542092084884644,-0.16462719440460205,0.16876891255378723,-1.1325665712356567,-0.3918391168117523,0.11043558269739151,-0.7981886267662048,-0.39401668310165405,0.17062602937221527,-0.6904096603393555,-0.338449627161026,-0.00336440815590322,-0.9498328566551208,-0.1678376942873001,-0.10504370927810669,-1.112175703048706,-0.4005966782569885,-0.11947013437747955,-0.8120074272155762,-0.31343287229537964,-0.041544634848833084,-0.7313717007637024,-0.19308242201805115,-0.23615893721580505,-0.9024498462677002,-0.19865421950817108,-0.3352442979812622,-1.0823220014572144,-0.33518290519714355,-0.31044039130210876,-0.8726115226745605,-0.2547685205936432,-0.2413371056318283,-0.7531715035438538,-0.1538255661725998
0.0,0.0,0.0,0.40264904499053955,-0.05172672122716904,-0.24952585995197296,0.7556653618812561,-0.22139182686805725,-0.38454365730285645,1.081575870513916,-0.330516517162323,-0.5102503299713135,1.3541185855865479,-0.3392872214317322,-0.6253516674041748,0.5188073515892029,-0.9030138254165649,-0.19474664330482483,0.625244677066803,-1.3062840700149536,-0.36298879981040955,0.645785927772522,-1.5876892805099487,-0.4331543445587158,0.6679901480674744,-1.8158791065216064,-0.4735746681690216,0.2603810727596283,-0.951528012752533,-0.1636950820684433,0.1724780946969986,-1.120525598526001,-0.3895561695098877,0.10883073508739471,-0.7802327871322632,-0.3830315172672272,0.17769432067871094,-0.6762660145759583,-0.3204643130302429,0.00882433820515871,-0.952353835105896,-0.16930891573429108,-0.10261144489049911,-1.1061592102050781,-0.40500104427337646,-0.11909506469964981,-0.7996012568473816,-0.31244462728500366,-0.03180863708257675,-0.7221978902816772,-0.18743395805358887,-0.22664235532283783,-0.9087822437286377,-0.20205435156822205,-0.3325674831867218,-1.0791656970977783,-0.34263405203819275,-0.3072108030319214,-0.8644849061965942,-0.2621605098247528,-0.23081007599830627,-0.7471463084220886,-0.15986651182174683
0.0,0.0,0.0,0.41290053725242615,-0.04297503083944321,-0.24918483197689056,0.7665675282478333,-0.2162732630968094,-0.37203288078308105,1.086198329925537,-0.3266580104827881,-0.4821603298187256,1.348764419555664,-0.3382054269313812,-0.5786821246147156,0.5334082841873169,-0.9073103070259094,-0.18154706060886383,0.6508882641792297,-1.3014885187149048,-0.34742864966392517,0.677550196647644,-1.583909511566162,-0.416703462600708,0.7043341994285583,-1.8128106594085693,-0.4552864134311676,0.2729663848876953,-0.9505126476287842,-0.14837484061717987,0.18572445213794708,-1.1402260065078735,-0.37174996733665466,0.11361400783061981,-0.7902787327766418,-0.36476391553878784,0.17938336730003357,-0.6773886680603027,-0.2983272671699524,0.019644876942038536,-0.9526395201683044,-0.15289528667926788,-0.08544941991567612,-1.1211977005004883,-0.38769540190696716,-0.10799873620271683,-0.8084948062896729,-0.29709067940711975,-0.026834718883037567,-0.7344537377357483,-0.1700725257396698,-0.21403253078460693,-0.9067738652229309,-0.18449246883392334,-0.3117452561855316,-1.0871715545654297,-0.3197254538536072,-0.2911425530910492,-0.8735818266868591,-0.23635661602020264,-0.22623224556446075,-0.7604370713233948,-0.13116209208965302
0.0,0.0,0.0,0.4129418134689331,-0.02859031967818737,-0.2383890599012375,0.7770162224769592,-0.19740107655525208,-0.3562399744987488,1.0933414697647095,-0.3032931983470917,-0.4625052213668823,1.348730444908142,-0.3032994568347931,-0.5568258166313171,0.5584304332733154,-0.8862875699996948,-0.17712293565273285,0.6935305595397949,-1.286924958229065,-0.34275022149086,0.7305076718330383,-1.5703706741333008,-0.41488683223724365,0.7678386569023132,-1.8015053272247314,-0.45601531863212585,0.2960744798183441,-0.943540632724762,-0.14856326580047607,0.22499029338359833,-1.156030535697937,-0.379122793674469,0.13309501111507416,-0.8034746050834656,-0.37852001190185547,0.18697498738765717,-0.6649096012115479,-0.3136517107486725,0.0450390987098217,-0.9563077092170715,-0.1550098955631256,-0.05297311022877693,-1.146822214126587,-0.38897705078125,-0.0909050926566124,-0.8318886756896973,-0.29847559332847595,-0.010862985625863075,-0.7368179559707642,-0.17040027678012848,-0.18436360359191895,-0.9191860556602478,-0.1868080347776413,-0.27554911375045776,-1.1136415004730225,-0.31577935814857483,-0.2673172652721405,-0.893170177936554,-0.22669516503810883,-0.2030019611120224,-0.7696088552474976,-0.11776924878358841
0.0,0.0,0.0,0.41406577825546265,-0.02244110405445099,-0.2267705202102661,0.7882761359214783,-0.19448517262935638,-0.33441728353500366,1.1058390140533447,-0.29845812916755676,-0.4320420026779175,1.3324254751205444,-0.28960302472114563,-0.5200158357620239,0.5895842909812927,-0.8750452399253845,-0.1584710031747818,0.7298339605331421,-1.258987307548523,-0.30553337931632996,0.7751505374908447,-1.5329458713531494,-0.3730941414833069,0.8123803734779358,-1.754664421081543,-0.4160210192203522,0.32837802171707153,-0.9351656436920166,-0.13278953731060028,0.2623376250267029,-1.1530460119247437,-0.35305383801460266,0.17334364354610443,-0.8143612742424011,-0.35904523730278015,0.21609044075012207,-0.6645165085792542,-0.3018965423107147,0.07731463760137558,-0.9460161924362183,-0.1394639015197754,-0.013966995291411877,-1.1437873840332031,-0.36331212520599365,-0.04941782355308533,-0.8406938910484314,-0.2835802137851715,0.017068631947040558,-0.7313719987869263,-0.1657155603170395,-0.15599031746387482,-0.9082136750221252,-0.1703193634748459,-0.23312173783779144,-1.107814908027649,-0.30124127864837646,-0.22886593639850616,-0.8972694277763367,-0.2249392867088318,-0.1776663213968277,-0.7716360092163086,-0.12690825760364532
0.0,0.0,0.0,0.41402143239974976,-0.021632730960845947,-0.22187377512454987,0.7857067584991455,-0.1845991462469101,-0.32534897327423096,1.1078779697418213,-0.2754482328891754,-0.4208924174308777,1.3316060304641724,-0.2471080720424652,-0.5064765214920044,0.605071485042572,-0.8659729957580566,-0.1389690488576889,0.7571296095848083,-1.2428427934646606,-0.28090840578079224,0.8084688186645508,-1.5127124786376953,-0.3442701995372772,0.8520709276199341,-1.7307658195495605,-0.383602499961853,0.3483002185821533,-0.9305005669593811,-0.11338265985250473,0.2927108705043793,-1.1548019647598267,-0.32458093762397766,0.1947302371263504,-0.8259265422821045,-0.32582950592041016,0.2403680831193924,-0.684286892414093,-0.26573216915130615,0.10253031551837921,-0.946948766708374,-0.12145037204027176,0.024764621630311012,-1.1531898975372314,-0.3365498185157776,-0.02139025181531906,-0.8604468107223511,-0.2562268078327179,0.043926410377025604,-0.754411518573761,-0.13893909752368927,-0.12541493773460388,-0.915537416934967,-0.15403594076633453,-0.1904628425836563,-1.1181288957595825,-0.2778002917766571,-0.1964782029390335,-0.9162023067474365,-0.20213936269283295,-0.14912822842597961,-0.7913981676101685,-0.10541775077581406
0.0,0.0,0.0,0.41153624653816223,-0.0321173369884491,-0.22666649520397186,0.7720931172370911,-0.19854973256587982,-0.3289339244365692,1.0887612104415894,-0.29515108466148376,-0.42198824882507324,1.3200807571411133,-0.27416640520095825,-0.5052396059036255,0.5739430785179138,-0.8768037557601929,-0.14137591421604156,0.7241238951683044,-1.2497224807739258,-0.28425443172454834,0.7751608490943909,-1.51824951171875,-0.3553168475627899,0.8146109580993652,-1.7441555261611938,-0.4017651379108429,0.31813451647758484,-0.9411547183990479,-0.1140974834561348,0.2596123516559601,-1.164009690284729,-0.327577143907547,0.16839300096035004,-0.8460442423820496,-0.34000611305236816,0.20612733066082,-0.7078163623809814,-0.2888268530368805,0.07431807368993759,-0.9542081356048584,-0.12025710940361023,-0.005547573324292898,-1.152394413948059,-0.3343169093132019,-0.047260645776987076,-0.8685190677642822,-0.2635326087474823,0.014799149706959724,-0.7732683420181274,-0.15418660640716553,-0.14748239517211914,-0.9197561740875244,-0.1513131856918335,-0.21991844475269318,-1.1129422187805176,-0.2721068859100342,-0.21879620850086212,-0.9201077818870544,-0.20014069974422455,-0.16627462208271027,-0.806951105594635,-0.10754155367612839
0.0,0.0,0.0,0.4129383862018585,-0.034271240234375,-0.22699211537837982,0.769479513168335,-0.20421583950519562,-0.3321305513381958,1.0922064781188965,-0.32328158617019653,-0.4298175275325775,1.3398692607879639,-0.33067864179611206,-0.5181087851524353,0.5625562071800232,-0.883638322353363,-0.13956843316555023,0.7071828842163086,-1.2677379846572876,-0.29203692078590393,0.7488008737564087,-1.5421392917633057,-0.3685956597328186,0.7862113118171692,-1.7710485458374023,-0.41754835844039917,0.3048407733440399,-0.9456151723861694,-0.11350736021995544,0.22493219375610352,-1.1770942211151123,-0.3405504524707794,0.12731175124645233,-0.8567832708358765,-0.35597220063209534,0.17961600422859192,-0.7138424515724182,-0.30379778146743774,0.061266615986824036,-0.9551369547843933,-0.1219349279999733,-0.03562025725841522,-1.1558552980422974,-0.34664490818977356,-0.0860438272356987,-0.8720141649246216,-0.2707963287830353,-0.009559622965753078,-0.7698726654052734,-0.15489929914474487,-0.15813985466957092,-0.9144566655158997,-0.15558625757694244,-0.2490546703338623,-1.1119937896728516,-0.2841954827308655,-0.2584012746810913,-0.9182572960853577,-0.20988887548446655,-0.19407843053340912,-0.7954478859901428,-0.11231677234172821
0.0,0.0,0.0,0.4062737226486206,-0.03843424841761589,-0.24363364279270172,0.7447555065155029,-0.21427041292190552,-0.3520914316177368,1.0546271800994873,-0.3415364623069763,-0.4472852349281311,1.3030065298080444,-0.3557015657424927,-0.5287699699401855,0.5431070327758789,-0.8995072245597839,-0.15698757767677307,0.6758410334587097,-1.2937266826629639,-0.3121586740016937,0.7032208442687988,-1.577374815940857,-0.3802376687526703,0.732376754283905,-1.8076152801513672,-0.4205828309059143,0.2810158431529999,-0.9521642327308655,-0.12005545943975449,0.1794682741165161,-1.1882100105285645,-0.343345582485199,0.08176415413618088,-0.8590773344039917,-0.3432873785495758,0.14970040321350098,-0.7255221009254456,-0.27895820140838623,0.03373433277010918,-0.9633691906929016,-0.12055055797100067,-0.0805073082447052,-1.1692123413085938,-0.3481249511241913,-0.13486644625663757,-0.8787906765937805,-0.2667921483516693,-0.051972225308418274,-0.7848238945007324,-0.14568747580051422,-0.18443214893341064,-0.9260489344596863,-0.1476365327835083,-0.287499338388443,-1.1221328973770142,-0.280161052942276,-0.30075106024742126,-0.9260190725326538,-0.20790491998195648,-0.23428979516029358,-0.8065171837806702,-0.11051510274410248
0.0,0.0,0.0,0.3976154923439026,-0.04646556079387665,-0.2565130889415741,0.7278980612754822,-0.22069716453552246,-0.37803998589515686,1.0374442338943481,-0.34593239426612854,-0.4843662679195404,1.2997376918792725,-0.3593981862068176,-0.576073169708252,0.5234982371330261,-0.9090428352355957,-0.17595486342906952,0.6526334285736084,-1.3029223680496216,-0.3428567945957184,0.679241418838501,-1.5927846431732178,-0.4169967770576477,0.705295979976654,-1.8261969089508057,-0.46029576659202576,0.2593437433242798,-0.9563302993774414,-0.1348077356815338,0.14654000103473663,-1.193179965019226,-0.3745952248573303,0.05886940658092499,-0.8559046387672424,-0.3765870928764343,0.13009659945964813,-0.7160636782646179,-0.30934810638427734,0.012121823616325855,-0.9612957239151001,-0.13213574886322021,-0.12112035602331161,-1.1660031080245972,-0.3719384968280792,-0.15933868288993835,-0.8709229230880737,-0.29049360752105713,-0.0666070505976677,-0.7764798402786255,-0.1658758521080017,-0.20521526038646698,-0.9181148409843445,-0.1567765772342682,-0.3281095027923584,-1.1045606136322021,-0.29830676317214966,-0.32656851410865784,-0.9056329727172852,-0.229114830493927,-0.24795593321323395,-0.7914212346076965,-0.13170936703681946
0.0,0.0,0.0,0.4077145457267761,-0.039387643337249756,-0.24973370134830475,0.7458989024162292,-0.21272549033164978,-0.37146639823913574,1.0520646572113037,-0.3420402407646179,-0.48041999340057373,1.3218938112258911,-0.34996384382247925,-0.5760668516159058,0.5142757296562195,-0.9085311889648438,-0.18272113800048828,0.6434255242347717,-1.3195202350616455,-0.3563724756240845,0.6738522052764893,-1.617138385772705,-0.43517401814460754,0.7026245594024658,-1.860426902770996,-0.4828493893146515,0.2519189119338989,-0.957001268863678,-0.14382395148277283,0.12959054112434387,-1.1931360960006714,-0.38890939950942993,0.045686233788728714,-0.8446210622787476,-0.38963204622268677,0.12108726799488068,-0.7022786140441895,-0.3237493336200714,0.004989222623407841,-0.9644715189933777,-0.1422920525074005,-0.13981768488883972,-1.1718617677688599,-0.3841734826564789,-0.17570598423480988,-0.8689718842506409,-0.29588356614112854,-0.07971010357141495,-0.7660275101661682,-0.1686275750398636,-0.213065043091774,-0.9270694255828857,-0.16761623322963715,-0.3453865945339203,-1.1185109615325928,-0.31148332357406616,-0.3456924855709076,-0.9096565842628479,-0.23956064879894257,-0.26320311427116394,-0.7859330773353577,-0.14091695845127106
0.0,0.0,0.0,0.40223127603530884,-0.044280119240283966,-0.2569870054721832,0.7413384318351746,-0.2181459665298462,-0.3821333646774292,1.0463417768478394,-0.34903770685195923,-0.4927893877029419,1.3146189451217651,-0.3653407096862793,-0.5888152122497559,0.5114583969116211,-0.9093860983848572,-0.18794257938861847,0.6387413144111633,-1.315123200416565,-0.36182090640068054,0.6659742593765259,-1.6056960821151733,-0.43922340869903564,0.6952142715454102,-1.8425488471984863,-0.48430362343788147,0.25217577815055847,-0.9563918709754944,-0.14738407731056213,0.1365232765674591,-1.18380606174469,-0.39025941491127014,0.053110092878341675,-0.8449662923812866,-0.39265918731689453,0.13064178824424744,-0.7148327231407166,-0.32841870188713074,0.006600828375667334,-0.9651878476142883,-0.1448889523744583,-0.13228002190589905,-1.1620603799819946,-0.38598668575286865,-0.16714878380298615,-0.865695059299469,-0.30098164081573486,-0.06892568618059158,-0.773136556148529,-0.17589548230171204,-0.2125605046749115,-0.9303262829780579,-0.1702132672071457,-0.34239450097084045,-1.1141064167022705,-0.3118479549884796,-0.3390383720397949,-0.9106432199478149,-0.2400367707014084,-0.2566567659378052,-0.7907336354255676,-0.14135785400867462
0.0,0.0,0.0,0.4159972071647644,-0.042448729276657104,-0.24016666412353516,0.7604587078094482,-0.21133358776569366,-0.36520838737487793,1.0723469257354736,-0.3296140730381012,-0.48280400037765503,1.3392452001571655,-0.33501997590065,-0.5874156355857849,0.5149790644645691,-0.9079106450080872,-0.1770494282245636,0.6362552642822266,-1.3252050876617432,-0.3578648269176483,0.6641783118247986,-1.620605230331421,-0.4410063922405243,0.6962308287620544,-1.864208698272705,-0.4897294044494629,0.2512167990207672,-0.9566614031791687,-0.14727209508419037,0.12821543216705322,-1.156079649925232,-0.3890107274055481,0.04067295044660568,-0.815689206123352,-0.388901025056839,0.11699078232049942,-0.7036814093589783,-0.326439768075943,-0.00015770005120430142,-0.9645150303840637,-0.15488672256469727,-0.14812257885932922,-1.152309775352478,-0.3962605595588684,-0.18652945756912231,-0.8521719574928284,-0.3035679757595062,-0.08774064481258392,-0.7678238153457642,-0.175995334982872,-0.22502492368221283,-0.9280786514282227,-0.18914762139320374,-0.3658905625343323,-1.1095988750457764,-0.32569465041160583,-0.3625015616416931,-0.8958350419998169,-0.24127955734729767,-0.2755309045314789,-0.7708232402801514,-0.1350088119506836
0.0,0.0,0.0,0.4183509051799774,-0.04288575425744057,-0.23556753993034363,0.7860679626464844,-0.2219231128692627,-0.35714492201805115,1.101972222328186,-0.3437231779098511,-0.4738757908344269,1.3720182180404663,-0.37565818428993225,-0.5807661414146423,0.5077233910560608,-0.9122668504714966,-0.17523111402988434,0.6170225143432617,-1.3441197872161865,-0.3463257849216461,0.6353905200958252,-1.6362706422805786,-0.4288684129714966,0.6576663255691528,-1.8779852390289307,-0.48052695393562317,0.2419719249010086,-0.9585015177726746,-0.15074659883975983,0.13671959936618805,-1.145790696144104,-0.40029990673065186,0.05848904326558113,-0.8069555163383484,-0.4226720631122589,0.11645424365997314,-0.6781696081161499,-0.3766247034072876,-0.016404883936047554,-0.9619003534317017,-0.15996308624744415,-0.1447134017944336,-1.1380987167358398,-0.40759244561195374,-0.1750936508178711,-0.832528829574585,-0.32996857166290283,-0.09241985529661179,-0.7311591506004333,-0.21171103417873383,-0.2537076473236084,-0.9241969585418701,-0.19450031220912933,-0.37953078746795654,-1.114508867263794,-0.3415466547012329,-0.368110328912735,-0.9017822742462158,-0.26687559485435486,-0.2883291244506836,-0.767691969871521,-0.16632282733917236
0.0,0.0,0.0,0.40963470935821533,-0.04664720594882965,-0.2591235339641571,0.7743605375289917,-0.23595578968524933,-0.38734909892082214,1.1029105186462402,-0.35237380862236023,-0.49919721484184265,1.371254801750183,-0.38753679394721985,-0.5943294167518616,0.530017077922821,-0.9123847484588623,-0.1983472853899002,0.6237218379974365,-1.3127394914627075,-0.37348225712776184,0.6314572095870972,-1.5922168493270874,-0.4474833011627197,0.647871196269989,-1.824007272720337,-0.48785677552223206,0.2677876055240631,-0.9497382044792175,-0.16213274002075195,0.1791485697031021,-1.1110907793045044,-0.3838980495929718,0.1107705608010292,-0.767497181892395,-0.3758433759212494,0.18136192858219147,-0.6827830672264099,-0.31329545378685,0.010882530361413956,-0.9522884488105774,-0.16511929035186768,-0.10180824249982834,-1.0989406108856201,-0.40100085735321045,-0.11861318349838257,-0.7826393246650696,-0.30615076422691345,-0.023392297327518463,-0.7269167900085449,-0.18040332198143005,-0.22704197466373444,-0.9119475483894348,-0.1962914764881134,-0.33040136098861694,-1.07633638381958,-0.33083590865135193,-0.30418717861175537,-0.8510018587112427,-0.24156498908996582,-0.2298908829689026,-0.7373824715614319,-0.1343052238225937
0.0,0.0,0.0,0.40613654255867004,-0.04141771420836449,-0.23066997528076172,0.767532229423523,-0.2443934679031372,-0.34062227606773376,1.0645662546157837,-0.39235761761665344,-0.44034329056739807,1.312178134918213,-0.4181630611419678,-0.5348421335220337,0.5421373248100281,-0.8863409757614136,-0.16222479939460754,0.647427499294281,-1.287254810333252,-0.317035049200058,0.6655274629592896,-1.5656709671020508,-0.39666786789894104,0.6775641441345215,-1.795482873916626,-0.45066753029823303,0.2785626947879791,-0.9507513642311096,-0.13592194020748138,0.18344824016094208,-1.1550946235656738,-0.3999958634376526,0.08077564090490341,-0.8074079155921936,-0.4332903027534485,0.09857798367738724,-0.6297042369842529,-0.38366568088531494,0.02640399895608425,-0.9536338448524475,-0.13996754586696625,-0.09856300801038742,-1.143660068511963,-0.40119776129722595,-0.14220018684864044,-0.8211879134178162,-0.33461135625839233,-0.08219724893569946,-0.6891397833824158,-0.21431225538253784,-0.20328573882579803,-0.9035431742668152,-0.1652042269706726,-0.3108130395412445,-1.088794469833374,-0.3225349485874176,-0.31352221965789795,-0.859115719795227,-0.2527528703212738,-0.2477474957704544,-0.7293545603752136,-0.152146577835083
0.0,0.0,0.0,0.3948974907398224,-0.03140263631939888,-0.21370260417461395,0.768469512462616,-0.24029290676116943,-0.3060123920440674,1.0604780912399292,-0.3896397352218628,-0.39029428362846375,1.2921520471572876,-0.428479939699173,-0.47046300768852234,0.5599353909492493,-0.87986159324646,-0.1310466229915619,0.6788566708564758,-1.2757446765899658,-0.26224765181541443,0.7106404304504395,-1.54265558719635,-0.33307212591171265,0.7343435287475586,-1.7620047330856323,-0.3827848732471466,0.30563002824783325,-0.946236789226532,-0.10595306009054184,0.22396685183048248,-1.1525533199310303,-0.3553832471370697,0.1210985854268074,-0.8277544379234314,-0.4012119174003601,0.12265745550394058,-0.6390605568885803,-0.36233845353126526,0.05872608721256256,-0.9554165005683899,-0.10804907977581024,-0.04397737607359886,-1.1501790285110474,-0.3559803068637848,-0.09274842590093613,-0.8537325263023376,-0.30961209535598755,-0.05451275780797005,-0.7075372338294983,-0.20353266596794128,-0.1663246601819992,-0.9211450219154358,-0.12888875603675842,-0.2435656487941742,-1.1201390027999878,-0.2816821336746216,-0.2591851055622101,-0.9167689085006714,-0.22597283124923706,-0.21841838955879211,-0.788372278213501,-0.13542179763317108
0.0,0.0,0.0,0.403009295463562,-0.014711091294884682,-0.23001769185066223,0.783346951007843,-0.21379873156547546,-0.32312068343162537,1.0806180238723755,-0.35463225841522217,-0.40246912837028503,1.3197945356369019,-0.3847047686576843,-0.4744967222213745,0.5955020189285278,-0.8630878329277039,-0.1375247687101364,0.7253404259681702,-1.2466005086898804,-0.2759850025177002,0.764822781085968,-1.5114573240280151,-0.3486364185810089,0.7962103486061096,-1.7341574430465698,-0.3983657956123352,0.3463734984397888,-0.9322416186332703,-0.10464692860841751,0.2631798982620239,-1.1402877569198608,-0.35317274928092957,0.150743767619133,-0.8140288591384888,-0.3899310827255249,0.15890629589557648,-0.6354408264160156,-0.34429052472114563,0.1018107607960701,-0.9466159343719482,-0.10315112769603729,-0.000556289916858077,-1.1332412958145142,-0.3557906746864319,-0.0580926313996315,-0.8303245902061462,-0.3041621148586273,-0.011729189194738865,-0.7014366984367371,-0.19430646300315857,-0.12067986279726028,-0.9135329127311707,-0.12214763462543488,-0.20338954031467438,-1.094645619392395,-0.2786606550216675,-0.22012174129486084,-0.8759248852729797,-0.22165724635124207,-0.1715174913406372,-0.7502365112304688,-0.13007259368896484
0.0,0.0,0.0,0.39714315533638,-0.022111928090453148,-0.21271659433841705,0.7644887566566467,-0.21547400951385498,-0.30445703864097595,1.0559316873550415,-0.35563039779663086,-0.38770461082458496,1.2979633808135986,-0.38673070073127747,-0.46651729941368103,0.5889162421226501,-0.8603765964508057,-0.12255412340164185,0.7363459467887878,-1.2391186952590942,-0.25477302074432373,0.7877383828163147,-1.5015804767608643,-0.33084091544151306,0.8232648968696594,-1.7201145887374878,-0.38488444685935974,0.3277747333049774,-0.9397743344306946,-0.09689151495695114,0.27289342880249023,-1.1701301336288452,-0.34418419003486633,0.1617535948753357,-0.8512812256813049,-0.3920201361179352,0.15047861635684967,-0.655180811882019,-0.3549385368824005,0.07836223393678665,-0.9531407356262207,-0.09849781543016434,0.008143576793372631,-1.1778770685195923,-0.34310808777809143,-0.05407942831516266,-0.8784317374229431,-0.295859158039093,-0.03365647792816162,-0.718199610710144,-0.18967005610466003,-0.14391185343265533,-0.9143472909927368,-0.11825477331876755,-0.20460665225982666,-1.1200282573699951,-0.26876139640808105,-0.22674043476581573,-0.9194092750549316,-0.21319755911827087,-0.19356118142604828,-0.7897519469261169,-0.12346749007701874
0.0,0.0,0.0,0.39597952365875244,-0.013910737819969654,-0.21324191987514496,0.7699345350265503,-0.2045850157737732,-0.301856130361557,1.0630908012390137,-0.34449318051338196,-0.3813031315803528,1.3006829023361206,-0.36864030361175537,-0.45623698830604553,0.5997804999351501,-0.8506569862365723,-0.11294211447238922,0.7489521503448486,-1.2213159799575806,-0.24142755568027496,0.8017195463180542,-1.479767084121704,-0.3168371021747589,0.8407247066497803,-1.6966583728790283,-0.37076497077941895,0.34778892993927,-0.9336759448051453,-0.08539363741874695,0.29416507482528687,-1.1654589176177979,-0.3306604027748108,0.17597393691539764,-0.8542835712432861,-0.3816613554954529,0.16149960458278656,-0.6616938710212708,-0.34603309631347656,0.10465370118618011,-0.9539297223091125,-0.08526084572076797,0.03421495109796524,-1.1725236177444458,-0.32762110233306885,-0.03630094230175018,-0.8815850615501404,-0.2852708399295807,-0.01875978335738182,-0.7269964218139648,-0.181857168674469,-0.11333169043064117,-0.9230204820632935,-0.10346909612417221,-0.1678912192583084,-1.1241838932037354,-0.25294819474220276,-0.19770601391792297,-0.9225414395332336,-0.2001013159751892,-0.16802936792373657,-0.7914778590202332,-0.1118997111916542
0.0,0.0,0.0,0.4022636115550995,-0.00520113343372941,-0.2179839015007019,0.7762605547904968,-0.20159365236759186,-0.3040422797203064,1.0674349069595337,-0.34063154458999634,-0.3783068060874939,1.3054687976837158,-0.36082643270492554,-0.4468119442462921,0.6073413491249084,-0.8559444546699524,-0.12069311738014221,0.7577512860298157,-1.229494333267212,-0.248965322971344,0.8142164945602417,-1.4882997274398804,-0.32201772928237915,0.8540602922439575,-1.705794334411621,-0.374968022108078,0.3518095314502716,-0.9317019581794739,-0.09034088253974915,0.2895768880844116,-1.1552894115447998,-0.3320339024066925,0.18144676089286804,-0.8402076363563538,-0.3778916895389557,0.17747460305690765,-0.653779149055481,-0.34099993109703064,0.10734547674655914,-0.9460038542747498,-0.08844274282455444,0.03294999897480011,-1.1590697765350342,-0.33244842290878296,-0.02851114422082901,-0.8642913103103638,-0.28839802742004395,-0.0025538040790706873,-0.7194451689720154,-0.1857433021068573,-0.10984282195568085,-0.90682452917099,-0.10540977120399475,-0.1708705872297287,-1.09285306930542,-0.2619553804397583,-0.19163179397583008,-0.8830397129058838,-0.21268793940544128,-0.15356950461864471,-0.7558614015579224,-0.12733490765094757
0.0,0.0,0.0,0.3982543349266052,-0.01520703174173832,-0.21696710586547852,0.7711970210075378,-0.20661363005638123,-0.30767062306404114,1.0609248876571655,-0.34016498923301697,-0.3873176872730255,1.2978029251098633,-0.3639009892940521,-0.4609500467777252,0.6063650250434875,-0.8565263152122498,-0.12225648015737534,0.7545207738876343,-1.2184016704559326,-0.2537606954574585,0.811273455619812,-1.4749506711959839,-0.32962435483932495,0.8483904600143433,-1.6912779808044434,-0.38422736525535583,0.349945604801178,-0.9320812225341797,-0.09360899776220322,0.28975892066955566,-1.152894377708435,-0.3354595899581909,0.18987727165222168,-0.8328941464424133,-0.3810978829860687,0.1856626272201538,-0.6473501920700073,-0.34460750222206116,0.10153906047344208,-0.9438638687133789,-0.09308576583862305,0.028841625899076462,-1.1648650169372559,-0.33687081933021545,-0.023946454748511314,-0.8639590740203857,-0.28866341710090637,0.0002959137491416186,-0.7162593603134155,-0.18358869850635529,-0.12421826273202896,-0.9036585092544556,-0.11142794042825699,-0.18903419375419617,-1.0954238176345825,-0.26755547523498535,-0.20030534267425537,-0.8891808390617371,-0.21529078483581543,-0.16318725049495697,-0.7661202549934387,-0.127785786986351
0.0,0.0,0.0,0.40277379751205444,-0.031057873740792274,-0.19972927868366241,0.7676913738250732,-0.21967284381389618,-0.2909964323043823,1.0576112270355225,-0.3467669188976288,-0.3806285560131073,1.292081594467163,-0.3748759329319,-0.469856858253479,0.5965031385421753,-0.8638071417808533,-0.11319997161626816,0.7479792237281799,-1.2325791120529175,-0.24378491938114166,0.8118945360183716,-1.4898394346237183,-0.32342371344566345,0.8538526892662048,-1.7013617753982544,-0.3821150064468384,0.32936620712280273,-0.938894510269165,-0.09997552633285522,0.2837851941585541,-1.1834454536437988,-0.3512907922267914,0.18145208060741425,-0.8715953230857849,-0.41189104318618774,0.15365993976593018,-0.6639204025268555,-0.3848206698894501,0.06926348060369492,-0.9421033263206482,-0.11190559715032578,0.006800431292504072,-1.1970374584197998,-0.359561949968338,-0.042932312935590744,-0.8996921181678772,-0.32575723528862,-0.04004081338644028,-0.7179265022277832,-0.2283415049314499,-0.16998232901096344,-0.8900884389877319,-0.140787735581398,-0.2345961332321167,-1.1118370294570923,-0.30139172077178955,-0.23859021067619324,-0.9305660724639893,-0.26098206639289856,-0.20736174285411835,-0.798597514629364,-0.1817167103290558
0.0,0.0,0.0,0.4004446566104889,-0.02638188935816288,-0.2027767151594162,0.7700462937355042,-0.2046802043914795,-0.29492151737213135,1.064728856086731,-0.3194431662559509,-0.3821278512477875,1.2992056608200073,-0.34457969665527344,-0.4680757224559784,0.6042371392250061,-0.8514379858970642,-0.12119127064943314,0.7523468136787415,-1.2180074453353882,-0.2537568211555481,0.8181594610214233,-1.4677311182022095,-0.337982177734375,0.8658214211463928,-1.6788121461868286,-0.39989274740219116,0.3436509668827057,-0.9332943558692932,-0.10423851013183594,0.2998065948486328,-1.1709051132202148,-0.35715171694755554,0.19331490993499756,-0.8558717370033264,-0.41999974846839905,0.16093720495700836,-0.6423353552818298,-0.39439743757247925,0.08935829252004623,-0.9422073364257812,-0.11188974976539612,0.02971491403877735,-1.1828864812850952,-0.3568166494369507,-0.026404449716210365,-0.8804519176483154,-0.32100385427474976,-0.02442728541791439,-0.6982923746109009,-0.22287972271442413,-0.14363539218902588,-0.8953419923782349,-0.1367441862821579,-0.20077359676361084,-1.1020821332931519,-0.29217466711997986,-0.21087083220481873,-0.9070519208908081,-0.24655111134052277,-0.1818491667509079,-0.7702509760856628,-0.16397055983543396
0.0,0.0,0.0,0.39443567395210266,-0.02450200542807579,-0.20456363260746002,0.7641205787658691,-0.2016928791999817,-0.2984406650066376,1.0561630725860596,-0.3150598704814911,-0.3855137228965759,1.2879785299301147,-0.3431636691093445,-0.46978792548179626,0.6143898963928223,-0.8497979640960693,-0.11927071213722229,0.7588081359863281,-1.203434705734253,-0.24822425842285156,0.820316731929779,-1.453279972076416,-0.3277435004711151,0.861842930316925,-1.6617989540100098,-0.38725611567497253,0.35499295592308044,-0.9294729828834534,-0.10029938071966171,0.3048720359802246,-1.15989089012146,-0.3416852355003357,0.20766636729240417,-0.8433101773262024,-0.39550459384918213,0.18945647776126862,-0.6452627778053284,-0.36680731177330017,0.1018771156668663,-0.9358541965484619,-0.10664035379886627,0.03670996055006981,-1.163926362991333,-0.3459494411945343,-0.009230619296431541,-0.8626946210861206,-0.302545964717865,0.002506399992853403,-0.6984284520149231,-0.2028166800737381,-0.1324850469827652,-0.8862078189849854,-0.1306886523962021,-0.1917192041873932,-1.0741941928863525,-0.2871564030647278,-0.19312584400177002,-0.8705425262451172,-0.23898330330848694,-0.15834854543209076,-0.7424488663673401,-0.15573649108409882
0.0,0.0,0.0,0.39606210589408875,-0.02624112367630005,-0.20715674757957458,0.7665965557098389,-0.19977118074893951,-0.3037486970424652,1.0633046627044678,-0.31448909640312195,-0.39404717087745667,1.2976648807525635,-0.3458457291126251,-0.48179858922958374,0.6080098748207092,-0.8533039689064026,-0.12327585369348526,0.755889356136322,-1.213465690612793,-0.25473925471305847,0.8218673467636108,-1.4638339281082153,-0.3368464410305023,0.8673638105392456,-1.6726446151733398,-0.3971518874168396,0.3486773669719696,-0.9314717054367065,-0.10384845733642578,0.30762702226638794,-1.1649256944656372,-0.34921786189079285,0.2089550644159317,-0.8483336567878723,-0.4056693911552429,0.1831187903881073,-0.6452100276947021,-0.37754878401756287,0.09573734551668167,-0.9356172680854797,-0.10954776406288147,0.03692159056663513,-1.1676968336105347,-0.3485303521156311,-0.010569311678409576,-0.8664295077323914,-0.30561304092407227,-0.004249411169439554,-0.6951198577880859,-0.20532871782779694,-0.13999556005001068,-0.8843750953674316,-0.13329942524433136,-0.19770658016204834,-1.0795302391052246,-0.28528621792793274,-0.19916322827339172,-0.884841799736023,-0.23560163378715515,-0.16734927892684937,-0.7560729384422302,-0.15134458243846893
0.0,0.0,0.0,0.39289721846580505,-0.03013267181813717,-0.20553690195083618,0.7614536285400391,-0.20604069530963898,-0.30307891964912415,1.0521808862686157,-0.3250897228717804,-0.39432260394096375,1.2857154607772827,-0.35904088616371155,-0.48229020833969116,0.6125599145889282,-0.8535941243171692,-0.12117042392492294,0.7547050714492798,-1.2103652954101562,-0.25047072768211365,0.809455394744873,-1.463146448135376,-0.3297247886657715,0.8433147668838501,-1.672093391418457,-0.3880561590194702,0.35049599409103394,-0.9308929443359375,-0.10291235893964767,0.30462267994880676,-1.1636390686035156,-0.34262707829475403,0.2059716135263443,-0.8486574292182922,-0.3949900269508362,0.18599912524223328,-0.6512206792831421,-0.365276038646698,0.09562741219997406,-0.9368403553962708,-0.10999356955289841,0.03691449761390686,-1.1667214632034302,-0.34578853845596313,-0.009874134324491024,-0.8683369159698486,-0.3002528250217438,-0.001259421231225133,-0.701768696308136,-0.19962278008460999,-0.14079134166240692,-0.8884570598602295,-0.13505584001541138,-0.19305913150310516,-1.0849764347076416,-0.28594058752059937,-0.19437086582183838,-0.8862043619155884,-0.23413707315921783,-0.16294218599796295,-0.7557286024093628,-0.14889034628868103
0.0,0.0,0.0,0.3931763470172882,-0.03245927765965462,-0.2017410695552826,0.7578120827674866,-0.21872472763061523,-0.2899642288684845,1.0456666946411133,-0.34527090191841125,-0.37134483456611633,1.2769336700439453,-0.3776937425136566,-0.4492638409137726,0.5938358306884766,-0.8632404208183289,-0.10491565614938736,0.7319846749305725,-1.2203826904296875,-0.2270919382572174,0.7860126495361328,-1.4714878797531128,-0.3055873215198517,0.8227459788322449,-1.6800843477249146,-0.3644603490829468,0.33593663573265076,-0.9380784630775452,-0.08458880335092545,0.28922972083091736,-1.177093744277954,-0.3206561505794525,0.1973239779472351,-0.8676484823226929,-0.37820395827293396,0.18170836567878723,-0.6635532975196838,-0.3516208529472351,0.08580803126096725,-0.9416753649711609,-0.0895349457859993,0.027281539514660835,-1.172868251800537,-0.32024601101875305,-0.01636536791920662,-0.8843130469322205,-0.2827528119087219,-0.0050048017874360085,-0.7167500257492065,-0.1874093860387802,-0.14158965647220612,-0.890519380569458,-0.11219718307256699,-0.19293907284736633,-1.0890063047409058,-0.2589940130710602,-0.19673466682434082,-0.899734616279602,-0.21262410283088684,-0.16539300978183746,-0.773222804069519,-0.13186714053153992
0.0,0.0,0.0,0.3958674967288971,-0.025305744260549545,-0.21482907235622406,0.7532652020454407,-0.20723237097263336,-0.31015560030937195,1.0451115369796753,-0.3375518023967743,-0.3953864276409149,1.2822296619415283,-0.36726298928260803,-0.47188666462898254,0.5918669700622559,-0.8713208436965942,-0.11299785226583481,0.7342447638511658,-1.219391942024231,-0.23631501197814941,0.7797438502311707,-1.4745253324508667,-0.3018520176410675,0.8092486262321472,-1.6850494146347046,-0.34890517592430115,0.3311954438686371,-0.9397642612457275,-0.0845731571316719,0.2688325047492981,-1.1694786548614502,-0.3000079095363617,0.18943576514720917,-0.8543567061424255,-0.32663506269454956,0.2136760652065277,-0.6853920817375183,-0.2821570634841919,0.08425746113061905,-0.9431406259536743,-0.08587304502725601,0.013345785439014435,-1.1665825843811035,-0.30179068446159363,-0.021777339279651642,-0.8911647200584412,-0.24246928095817566,0.016079017892479897,-0.7648675441741943,-0.13808368146419525,-0.13329751789569855,-0.8914890885353088,-0.10807839781045914,-0.19758787751197815,-1.0818674564361572,-0.24312086403369904,-0.19870534539222717,-0.8950998187065125,-0.18574179708957672,-0.155866339802742,-0.7835915684700012,-0.0997416228055954
0.0,0.0,0.0,0.3930436968803406,-0.029471758753061295,-0.20622503757476807,0.750206470489502,-0.2150212675333023,-0.29614004492759705,1.035136342048645,-0.34301090240478516,-0.37735211849212646,1.2670124769210815,-0.3728395402431488,-0.4515434801578522,0.5827679634094238,-0.8736962080001831,-0.10578761249780655,0.720413327217102,-1.2258992195129395,-0.22525684535503387,0.762306272983551,-1.478139877319336,-0.29341790080070496,0.7896090745925903,-1.6884499788284302,-0.34384092688560486,0.32082033157348633,-0.9436283707618713,-0.08148528635501862,0.261883407831192,-1.1851905584335327,-0.29833102226257324,0.18330277502536774,-0.8760229349136353,-0.33464545011520386,0.19886738061904907,-0.6928566098213196,-0.29717668890953064,0.0724978893995285,-0.9434765577316284,-0.0848172977566719,0.006181756034493446,-1.1769273281097412,-0.2988266944885254,-0.03095031902194023,-0.9038851857185364,-0.24680458009243011,-0.0001241762947756797,-0.7642056345939636,-0.14755193889141083,-0.14574171602725983,-0.8869138956069946,-0.10777654498815536,-0.2076401561498642,-1.0808827877044678,-0.24082595109939575,-0.2098958045244217,-0.9004617929458618,-0.18653856217861176,-0.16896824538707733,-0.7868117094039917,-0.10364076495170593
0.0,0.0,0.0,0.3942115902900696,-0.03782636672258377,-0.20044513046741486,0.7447600364685059,-0.22400067746639252,-0.2940327823162079,1.0312106609344482,-0.3537818193435669,-0.3807259500026703,1.2625436782836914,-0.3891751766204834,-0.4593266248703003,0.5730149149894714,-0.8802372217178345,-0.10353237390518188,0.70502108335495,-1.2295230627059937,-0.22530466318130493,0.7410189509391785,-1.481645941734314,-0.29045525193214417,0.7665796875953674,-1.6902767419815063,-0.3377982974052429,0.3092869818210602,-0.9472736716270447,-0.08375093340873718,0.25247064232826233,-1.1854610443115234,-0.296881765127182,0.17157702147960663,-0.8676133751869202,-0.32252222299575806,0.19870105385780334,-0.6960275173187256,-0.27818888425827026,0.06240943819284439,-0.9476752877235413,-0.09213072061538696,-0.007830834947526455,-1.1781115531921387,-0.3024209439754486,-0.04220091551542282,-0.9021890759468079,-0.23893357813358307,0.0018739710794761777,-0.7726392149925232,-0.1338232159614563,-0.15372677147388458,-0.8936682939529419,-0.12046701461076736,-0.22082668542861938,-1.0880259275436401,-0.24917541444301605,-0.2206953465938568,-0.8966764211654663,-0.18642662465572357,-0.1716511845588684,-0.7792661190032959,-0.09839905798435211
0.0,0.0,0.0,0.39872750639915466,-0.02893378585577011,-0.21298690140247345,0.7503840327262878,-0.2239263951778412,-0.3049384653568268,1.0412492752075195,-0.3771026134490967,-0.3890902101993561,1.283663034439087,-0.4071706533432007,-0.4663320779800415,0.5522918701171875,-0.8814612627029419,-0.1091933622956276,0.693335771560669,-1.2387806177139282,-0.23070545494556427,0.7396072149276733,-1.492705225944519,-0.2967325448989868,0.7768372297286987,-1.703977108001709,-0.3453121781349182,0.2919405996799469,-0.9527994394302368,-0.08333107829093933,0.2420588731765747,-1.1951185464859009,-0.30221134424209595,0.14773516356945038,-0.8957571983337402,-0.3346419036388397,0.16562174260616302,-0.7269274592399597,-0.2934276759624481,0.04635126143693924,-0.9558560848236084,-0.08664857596158981,-0.011450959369540215,-1.1834951639175415,-0.30206483602523804,-0.06782656908035278,-0.9283927083015442,-0.24995529651641846,-0.03387729078531265,-0.8081539273262024,-0.14999039471149445,-0.1670873612165451,-0.9052630066871643,-0.11071383953094482,-0.22987055778503418,-1.1039544343948364,-0.23811781406402588,-0.24351122975349426,-0.9379644989967346,-0.18238411843776703,-0.1996818631887436,-0.8295488357543945,-0.099238321185112
0.0,0.0,0.0,0.4115466773509979,-0.03365226835012436,-0.22076000273227692,0.7469072937965393,-0.22951869666576385,-0.31424716114997864,1.0339101552963257,-0.3838733434677124,-0.39685165882110596,1.2725523710250854,-0.4243333041667938,-0.47180742025375366,0.5279659032821655,-0.8980883955955505,-0.12938924133777618,0.6690306663513184,-1.2733644247055054,-0.26586130261421204,0.7072248458862305,-1.5442771911621094,-0.33179643750190735,0.73807293176651,-1.7666393518447876,-0.3772656321525574,0.2658887505531311,-0.9587182402610779,-0.10080964118242264,0.16289342939853668,-1.2275476455688477,-0.3351256549358368,0.06515993922948837,-0.9037807583808899,-0.3581388592720032,0.11098123341798782,-0.7289067506790161,-0.30352938175201416,0.028268327936530113,-0.9573323726654053,-0.10376021265983582,-0.09481523185968399,-1.1877559423446655,-0.3418274223804474,-0.1465584933757782,-0.9017488956451416,-0.2838302552700043,-0.07488610595464706,-0.7840192914009094,-0.1716320663690567,-0.1721445620059967,-0.8997483253479004,-0.12741200625896454,-0.2917662262916565,-1.0929945707321167,-0.271201491355896,-0.3051709234714508,-0.9070814847946167,-0.21438263356685638,-0.22871194779872894,-0.7981539368629456,-0.12550987303256989
0.0,0.0,0.0,0.39823728799819946,-0.04889237508177757,-0.21163804829120636,0.7262529730796814,-0.2536109983921051,-0.2993192672729492,1.0075231790542603,-0.401734858751297,-0.37565210461616516,1.241181492805481,-0.4406048357486725,-0.4443751275539398,0.5152708888053894,-0.8989818096160889,-0.12928541004657745,0.6508550643920898,-1.272729516029358,-0.2687954604625702,0.6825767159461975,-1.5357617139816284,-0.34186288714408875,0.708197295665741,-1.7599334716796875,-0.3932705819606781,0.25485432147979736,-0.9614280462265015,-0.10346686840057373,0.14369478821754456,-1.2223255634307861,-0.3412483334541321,0.0556875616312027,-0.9004642367362976,-0.3719107508659363,0.10122964531183243,-0.7199763655662537,-0.32512935996055603,0.01603037118911743,-0.9608721137046814,-0.10749917477369308,-0.11407577991485596,-1.190218210220337,-0.34303003549575806,-0.1535302698612213,-0.8989747166633606,-0.2876533269882202,-0.07842016965150833,-0.7731504440307617,-0.1798132210969925,-0.18716338276863098,-0.9030605554580688,-0.13135561347007751,-0.3081028163433075,-1.099203109741211,-0.2726857662200928,-0.31512171030044556,-0.9059292674064636,-0.21565815806388855,-0.23766624927520752,-0.7932191491127014,-0.12817369401454926
0.0,0.0,0.0,0.3897656500339508,-0.053602222353219986,-0.21724443137645721,0.6967663168907166,-0.25956040620803833,-0.30543938279151917,0.9720147848129272,-0.4105018377304077,-0.3823564350605011,1.2098147869110107,-0.4579320549964905,-0.44912800192832947,0.4894714951515198,-0.9156110882759094,-0.10985706746578217,0.6215766668319702,-1.28643798828125,-0.24609047174453735,0.6508563756942749,-1.5534093379974365,-0.31526878476142883,0.6716423034667969,-1.774392008781433,-0.3633892238140106,0.23387306928634644,-0.9688699245452881,-0.08120603859424591,0.0979825034737587,-1.2320375442504883,-0.32104676961898804,0.017440078780055046,-0.9057694673538208,-0.34899774193763733,0.07619559019804001,-0.7264226078987122,-0.2960348427295685,-0.0012120020110160112,-0.959500789642334,-0.08564181625843048,-0.15278179943561554,-1.1873278617858887,-0.3252095878124237,-0.1819259226322174,-0.9000231623649597,-0.27378714084625244,-0.0943186804652214,-0.782674252986908,-0.1648852378129959,-0.19973576068878174,-0.8927527666091919,-0.11071816831827164,-0.337210476398468,-1.0839909315109253,-0.2581389546394348,-0.3373297154903412,-0.8983820080757141,-0.20879101753234863,-0.24994902312755585,-0.7945644855499268,-0.12443768233060837
0.0,0.0,0.0,0.4013882875442505,-0.052228234708309174,-0.2080669403076172,0.7250654697418213,-0.26486483216285706,-0.29124119877815247,1.003282070159912,-0.4190630316734314,-0.3621765077114105,1.2364810705184937,-0.45875924825668335,-0.42551928758621216,0.4970865547657013,-0.9086474776268005,-0.1302187591791153,0.6250844597816467,-1.2901607751846313,-0.2641569972038269,0.6500919461250305,-1.5542006492614746,-0.3317863941192627,0.6699674725532532,-1.7772234678268433,-0.38005530834198,0.23743347823619843,-0.9656592011451721,-0.10548745095729828,0.10985986888408661,-1.2363156080245972,-0.33674678206443787,0.024424463510513306,-0.909481942653656,-0.3617788553237915,0.07590168714523315,-0.7233736515045166,-0.312162309885025,0.0012937004212290049,-0.9586218595504761,-0.11032514274120331,-0.1426158994436264,-1.1929819583892822,-0.3422986567020416,-0.17658209800720215,-0.8991063833236694,-0.2854325771331787,-0.0948478952050209,-0.7714646458625793,-0.17733746767044067,-0.1952223777770996,-0.8930558562278748,-0.13469333946704865,-0.3269444406032562,-1.0984995365142822,-0.2742762863636017,-0.3343176245689392,-0.9101459980010986,-0.21789798140525818,-0.2539285123348236,-0.800464391708374,-0.13209250569343567
0.0,0.0,0.0,0.3926524221897125,-0.05324166268110275,-0.20621657371520996,0.7061147093772888,-0.26746848225593567,-0.28920668363571167,0.9822869896888733,-0.4215441346168518,-0.3607928156852722,1.2215501070022583,-0.4591902494430542,-0.42684540152549744,0.49099063873291016,-0.9048879146575928,-0.11895763128995895,0.6133758425712585,-1.2819807529449463,-0.24668654799461365,0.6347715854644775,-1.541481614112854,-0.31401142477989197,0.649234414100647,-1.7601025104522705,-0.36380481719970703,0.23566223680973053,-0.9673317670822144,-0.09344782680273056,0.09758627414703369,-1.2378313541412354,-0.3249914348125458,0.012859885580837727,-0.9127315878868103,-0.3544851243495941,0.05954863876104355,-0.7133574485778809,-0.3075951635837555,0.0013117073103785515,-0.9606925249099731,-0.09718908369541168,-0.1419631540775299,-1.1979819536209106,-0.3305054008960724,-0.1793813854455948,-0.9004572033882141,-0.27909719944000244,-0.10585728287696838,-0.757693886756897,-0.17384496331214905,-0.19537632167339325,-0.8936096429824829,-0.11960579454898834,-0.3217889666557312,-1.1013332605361938,-0.2655297815799713,-0.33776623010635376,-0.9100069999694824,-0.216596320271492,-0.2625611424446106,-0.7942259311676025,-0.1354462206363678
0.0,0.0,0.0,0.39234989881515503,-0.048944637179374695,-0.2071920782327652,0.7017667293548584,-0.25173497200012207,-0.29247742891311646,0.9759166240692139,-0.4131273031234741,-0.3683176636695862,1.2125641107559204,-0.4585553705692291,-0.4382018744945526,0.49022507667541504,-0.9074351191520691,-0.10939008742570877,0.6147873401641846,-1.2856340408325195,-0.23581840097904205,0.6359826326370239,-1.5549545288085938,-0.301654577255249,0.6484416127204895,-1.773280143737793,-0.34957534074783325,0.23341478407382965,-0.9688611030578613,-0.08261698484420776,0.10146979242563248,-1.2554864883422852,-0.3181701600551605,0.004299557767808437,-0.9369511008262634,-0.34726381301879883,0.042858630418777466,-0.7338407039642334,-0.2962459325790405,0.00028679356910288334,-0.9612696170806885,-0.08571605384349823,-0.1439901739358902,-1.2152942419052124,-0.3153934180736542,-0.18978740274906158,-0.9371862411499023,-0.26462018489837646,-0.12142255157232285,-0.7937636971473694,-0.15853264927864075,-0.1988825500011444,-0.8947985768318176,-0.10826147347688675,-0.32712700963020325,-1.1106010675430298,-0.25029754638671875,-0.3457657992839813,-0.9386338591575623,-0.20400778949260712,-0.27080512046813965,-0.8250787258148193,-0.12417259067296982
0.0,0.0,0.0,0.3994344472885132,-0.04981756582856178,-0.2007860690355301,0.7130334377288818,-0.2554289698600769,-0.27938440442085266,0.9931445717811584,-0.41237691044807434,-0.3499734699726105,1.2295950651168823,-0.4542738199234009,-0.4131939113140106,0.5065675973892212,-0.9067196249961853,-0.09596958756446838,0.6269373893737793,-1.283883810043335,-0.22589045763015747,0.6446782350540161,-1.553010106086731,-0.2926751971244812,0.6588621735572815,-1.7740379571914673,-0.33962953090667725,0.2495412677526474,-0.9656932950019836,-0.07187261432409286,0.12710833549499512,-1.2474013566970825,-0.30215194821357727,0.029812714084982872,-0.924988865852356,-0.3263411521911621,0.07716915756464005,-0.7360112071037292,-0.27235203981399536,0.015043769963085651,-0.9606981873512268,-0.07902899384498596,-0.1206730455160141,-1.2105486392974854,-0.30874183773994446,-0.17119617760181427,-0.9254265427589417,-0.2543443441390991,-0.09787092357873917,-0.7918122410774231,-0.1451878845691681,-0.18551863729953766,-0.8976913690567017,-0.10550685971975327,-0.30896344780921936,-1.112720251083374,-0.24663402140140533,-0.3266392946243286,-0.9311358332633972,-0.19593751430511475,-0.2488499879837036,-0.8147950172424316,-0.11229413747787476
0.0,0.0,0.0,0.4057185649871826,-0.040498845279216766,-0.18803033232688904,0.7372303009033203,-0.2585521340370178,-0.25845471024513245,1.012363076210022,-0.4333389103412628,-0.32410144805908203,1.2373316287994385,-0.4802880585193634,-0.3847898244857788,0.5209304094314575,-0.9031801223754883,-0.07815226167440414,0.6393314599990845,-1.281395435333252,-0.1927472949028015,0.6572744250297546,-1.5491505861282349,-0.2517226040363312,0.6705100536346436,-1.7633343935012817,-0.29486706852912903,0.27101659774780273,-0.9608215093612671,-0.058069128543138504,0.1533847153186798,-1.2426350116729736,-0.27602657675743103,0.05795266479253769,-0.9323937296867371,-0.30122655630111694,0.10032109916210175,-0.7394775152206421,-0.2504153549671173,0.037711001932621,-0.9563212990760803,-0.0670723244547844,-0.08855599910020828,-1.2087807655334473,-0.2807895541191101,-0.13877737522125244,-0.939759373664856,-0.22657734155654907,-0.07348930835723877,-0.8023975491523743,-0.12152363359928131,-0.1633169800043106,-0.8978055715560913,-0.09507523477077484,-0.2703225612640381,-1.1161153316497803,-0.22311517596244812,-0.29064467549324036,-0.9506211876869202,-0.17242294549942017,-0.22151970863342285,-0.8396152853965759,-0.09204431623220444
0.0,0.0,0.0,0.3966994285583496,-0.03574167937040329,-0.19941836595535278,0.7372013330459595,-0.2578933537006378,-0.27558597922325134,1.0156737565994263,-0.44613999128341675,-0.3432488441467285,1.2380433082580566,-0.5277615189552307,-0.40373876690864563,0.5469154715538025,-0.887183666229248,-0.08833946287631989,0.6737332344055176,-1.2493553161621094,-0.2039690911769867,0.7062631845474243,-1.5083208084106445,-0.26493531465530396,0.7284657955169678,-1.7182390689849854,-0.31014108657836914,0.29431653022766113,-0.9536415934562683,-0.06281384825706482,0.20464575290679932,-1.2211346626281738,-0.279022753238678,0.11601508408784866,-0.9125268459320068,-0.30577552318573,0.15008720755577087,-0.7293261885643005,-0.2588459551334381,0.05823275074362755,-0.9550487995147705,-0.06707566976547241,-0.04484213516116142,-1.199427604675293,-0.28062885999679565,-0.09223487228155136,-0.9340093731880188,-0.22535091638565063,-0.03924303501844406,-0.8032991886138916,-0.12324835360050201,-0.14835624396800995,-0.9045623540878296,-0.09117939323186874,-0.23846325278282166,-1.1113801002502441,-0.22607292234897614,-0.2557438910007477,-0.9344176054000854,-0.1767931431531906,-0.19931446015834808,-0.8196143507957458,-0.09771016985177994
0.0,0.0,0.0,0.39232757687568665,-0.0325593426823616,-0.21402519941329956,0.7337781190872192,-0.2584854066371918,-0.2949119210243225,0.9996411204338074,-0.477973997592926,-0.3637992739677429,1.2267295122146606,-0.6047393083572388,-0.42229196429252625,0.5600766539573669,-0.8832866549491882,-0.08635340631008148,0.6919211149215698,-1.2427008152008057,-0.20171597599983215,0.7307482361793518,-1.5016248226165771,-0.25991109013557434,0.7599847316741943,-1.7083230018615723,-0.3011101186275482,0.30940988659858704,-0.9494930505752563,-0.05223463103175163,0.2290448248386383,-1.2064512968063354,-0.2727283835411072,0.13039100170135498,-0.8944619297981262,-0.3000597357749939,0.1586604118347168,-0.7115687131881714,-0.25001591444015503,0.07434264570474625,-0.9530977010726929,-0.0500369593501091,-0.018372954800724983,-1.192825198173523,-0.27211859822273254,-0.0707261934876442,-0.9223147034645081,-0.21716462075710297,-0.01913546584546566,-0.7898989915847778,-0.11125826835632324,-0.13461562991142273,-0.9074156880378723,-0.06799037754535675,-0.21428292989730835,-1.1168336868286133,-0.20988328754901886,-0.23485204577445984,-0.9387213587760925,-0.16198766231536865,-0.18161126971244812,-0.824586033821106,-0.08071120828390121
0.0,0.0,0.0,0.3957991898059845,-0.027585744857788086,-0.21740767359733582,0.7334653735160828,-0.24786990880966187,-0.301643967628479,0.9928780198097229,-0.47390785813331604,-0.37318652868270874,1.214474081993103,-0.6069259643554688,-0.43405425548553467,0.5715125799179077,-0.8810346722602844,-0.09692391008138657,0.706236720085144,-1.2399858236312866,-0.21391800045967102,0.7456440329551697,-1.5005055665969849,-0.27060213685035706,0.7730787396430969,-1.7067451477050781,-0.31021648645401,0.3140002191066742,-0.9474419355392456,-0.06129908189177513,0.24284927546977997,-1.2045978307724,-0.28024429082870483,0.14531414210796356,-0.8905367851257324,-0.3023647964000702,0.1730862706899643,-0.7107686400413513,-0.2492605596780777,0.07695513963699341,-0.9506365060806274,-0.05765260010957718,-0.006684413645416498,-1.1904207468032837,-0.2786633372306824,-0.058662183582782745,-0.9201637506484985,-0.22022438049316406,-0.010562523268163204,-0.7888963222503662,-0.11281642317771912,-0.131564661860466,-0.9032328128814697,-0.07450060546398163,-0.20744426548480988,-1.1108769178390503,-0.2178623527288437,-0.226540669798851,-0.9279407858848572,-0.1697055846452713,-0.17465341091156006,-0.8101898431777954,-0.08806882053613663
0.0,0.0,0.0,0.40894681215286255,-0.034317851066589355,-0.20328575372695923,0.7516229748725891,-0.26690080761909485,-0.27215081453323364,1.0177738666534424,-0.4947482943534851,-0.32937660813331604,1.2347822189331055,-0.6296802759170532,-0.3784361183643341,0.5561143755912781,-0.8797197937965393,-0.0889291763305664,0.6978822946548462,-1.248200535774231,-0.20398975908756256,0.7402291297912598,-1.5087149143218994,-0.2626834511756897,0.7677963972091675,-1.724035620689392,-0.30455657839775085,0.3014465570449829,-0.9517629742622375,-0.05724692717194557,0.23868852853775024,-1.2181310653686523,-0.2746022641658783,0.13858221471309662,-0.9105189442634583,-0.3023326098918915,0.15473239123821259,-0.7272009253501892,-0.25423574447631836,0.0661335214972496,-0.9544029235839844,-0.05512284114956856,-0.009714389219880104,-1.2046762704849243,-0.2764512300491333,-0.07460910826921463,-0.9300546050071716,-0.2226305902004242,-0.037819650024175644,-0.7937849760055542,-0.11739127337932587,-0.14109326899051666,-0.9024624824523926,-0.07114469259977341,-0.21818096935749054,-1.1204259395599365,-0.2119227796792984,-0.2472679167985916,-0.946318507194519,-0.16382774710655212,-0.20092110335826874,-0.8324963450431824,-0.08272145688533783
0.0,0.0,0.0,0.40783411264419556,-0.036208104342222214,-0.20986498892307281,0.7415342926979065,-0.2665506899356842,-0.28113842010498047,0.9994366765022278,-0.4941942095756531,-0.3378978371620178,1.2022377252578735,-0.6328330636024475,-0.384722501039505,0.5369356870651245,-0.8950326442718506,-0.10174961388111115,0.6685731410980225,-1.2647480964660645,-0.2232944667339325,0.7038741111755371,-1.5274614095687866,-0.28489255905151367,0.7259905338287354,-1.7421647310256958,-0.32810309529304504,0.2791297137737274,-0.9578661918640137,-0.06766832619905472,0.18700894713401794,-1.2202283143997192,-0.28864139318466187,0.09771621227264404,-0.9045367240905762,-0.3130769729614258,0.1312687247991562,-0.72272127866745,-0.26283779740333557,0.04207611456513405,-0.9552112221717834,-0.06462666392326355,-0.06479224562644958,-1.1935486793518066,-0.28777897357940674,-0.11003904789686203,-0.9157928824424744,-0.23268549144268036,-0.051830146461725235,-0.7883248329162598,-0.1277938336133957,-0.16415545344352722,-0.8978012204170227,-0.08090567588806152,-0.2609114646911621,-1.1043493747711182,-0.22390218079090118,-0.27493658661842346,-0.9199386835098267,-0.17598290741443634,-0.2129545956850052,-0.8070143461227417,-0.09540371596813202
0.0,0.0,0.0,0.4043865203857422,-0.043298039585351944,-0.21867723762989044,0.7338464856147766,-0.27538397908210754,-0.2982967495918274,0.9978080987930298,-0.5006151795387268,-0.3618829548358917,1.2089786529541016,-0.6394120454788208,-0.4128358066082001,0.5295590162277222,-0.9039379954338074,-0.1106250137090683,0.6551882028579712,-1.2702293395996094,-0.23840396106243134,0.6840121150016785,-1.5341050624847412,-0.3021184802055359,0.7063630819320679,-1.748729944229126,-0.34594887495040894,0.2710567116737366,-0.9596529603004456,-0.07479552179574966,0.1660432517528534,-1.220393419265747,-0.2981286346912384,0.08137807995080948,-0.8995906114578247,-0.3181058466434479,0.13306809961795807,-0.7245822548866272,-0.26420721411705017,0.0327020026743412,-0.9558143019676208,-0.07207385450601578,-0.08580224961042404,-1.1942033767700195,-0.29583120346069336,-0.12468162178993225,-0.9211593866348267,-0.23549112677574158,-0.051427148282527924,-0.8018479943275452,-0.12756697833538055,-0.1699845790863037,-0.8990666270256042,-0.09052380919456482,-0.2774163484573364,-1.1025499105453491,-0.23324120044708252,-0.28682687878608704,-0.9207895994186401,-0.1832677721977234,-0.21664553880691528,-0.8110125660896301,-0.1010972410440445
0.0,0.0,0.0,0.40224796533584595,-0.04210248962044716,-0.20308250188827515,0.7452033162117004,-0.2795977294445038,-0.27664533257484436,1.028078317642212,-0.4725738763809204,-0.3394103944301605,1.2557951211929321,-0.5430341362953186,-0.39475348591804504,0.5345862507820129,-0.8972299098968506,-0.09478794783353806,0.6541792154312134,-1.262390375137329,-0.20724309980869293,0.6793947815895081,-1.5237129926681519,-0.2642093300819397,0.698591947555542,-1.7339106798171997,-0.30661633610725403,0.28387483954429626,-0.9565748572349548,-0.06617853045463562,0.1852637529373169,-1.219544529914856,-0.27744394540786743,0.10456916689872742,-0.9071215391159058,-0.2992100417613983,0.14943675696849823,-0.7251695990562439,-0.24935153126716614,0.04836494103074074,-0.9544922709465027,-0.06767544895410538,-0.060054633766412735,-1.188645362854004,-0.2779971659183502,-0.09964526444673538,-0.9235082864761353,-0.22240716218948364,-0.039256561547517776,-0.7976712584495544,-0.12041625380516052,-0.15558597445487976,-0.9023461937904358,-0.08956155925989151,-0.2502266466617584,-1.105209231376648,-0.22054097056388855,-0.2618672847747803,-0.9327577948570251,-0.17153333127498627,-0.20233586430549622,-0.824787974357605,-0.09356465935707092
0.0,0.0,0.0,0.3945692777633667,-0.032219983637332916,-0.19190648198127747,0.7604947090148926,-0.24955953657627106,-0.2680293023586273,1.055207371711731,-0.41237515211105347,-0.33829471468925476,1.2785779237747192,-0.47069093585014343,-0.4026230275630951,0.573542058467865,-0.872713029384613,-0.08971000462770462,0.7018155455589294,-1.2382855415344238,-0.20469950139522552,0.7340702414512634,-1.4962629079818726,-0.2648962736129761,0.7602857947349548,-1.7072855234146118,-0.30916866660118103,0.3208557963371277,-0.9445004463195801,-0.07050122320652008,0.24829357862472534,-1.2032649517059326,-0.28544220328330994,0.1530597060918808,-0.9009082317352295,-0.31393349170684814,0.17715920507907867,-0.7225059270858765,-0.26910772919654846,0.08148165792226791,-0.9519135355949402,-0.07950448989868164,-0.0014308099634945393,-1.1938942670822144,-0.2887535095214844,-0.052378613501787186,-0.9326015710830688,-0.2313111126422882,-0.00603755097836256,-0.8057323098182678,-0.12906938791275024,-0.1307728886604309,-0.9092176556587219,-0.10800693184137344,-0.20036913454532623,-1.1179227828979492,-0.23360106348991394,-0.2186446338891983,-0.9465430378913879,-0.17705848813056946,-0.17262934148311615,-0.8371683955192566,-0.09450484812259674
0.0,0.0,0.0,0.40407702326774597,-0.012241310440003872,-0.18422207236289978,0.7797149419784546,-0.2099296897649765,-0.255355566740036,1.067349910736084,-0.35235634446144104,-0.32236045598983765,1.2704957723617554,-0.38578954339027405,-0.3850111961364746,0.6120526790618896,-0.8522024154663086,-0.07968410849571228,0.748199999332428,-1.214323878288269,-0.18561628460884094,0.7907415628433228,-1.4721527099609375,-0.2457304447889328,0.8206967711448669,-1.6821898221969604,-0.2912924885749817,0.3595297336578369,-0.9310792684555054,-0.061884231865406036,0.3111058473587036,-1.188598394393921,-0.2666541337966919,0.20952750742435455,-0.8940773010253906,-0.2999003827571869,0.2138212025165558,-0.7102875709533691,-0.26110517978668213,0.11924159526824951,-0.9470333456993103,-0.07009893655776978,0.0592244528234005,-1.1895021200180054,-0.2666501998901367,-0.00027821832918561995,-0.936700701713562,-0.21429197490215302,0.02351868338882923,-0.8016223311424255,-0.11870146542787552,-0.09592045843601227,-0.91347736120224,-0.0971788689494133,-0.14686809480190277,-1.1272014379501343,-0.21339748799800873,-0.17019721865653992,-0.956055223941803,-0.15611328184604645,-0.13924819231033325,-0.8386669158935547,-0.07508216053247452
0.0,0.0,0.0,0.4007258713245392,0.003481278195977211,-0.19810302555561066,0.7877177000045776,-0.18342922627925873,-0.2732801139354706,1.0769269466400146,-0.3315492868423462,-0.34005454182624817,1.3086260557174683,-0.37181755900382996,-0.40231478214263916,0.6409528851509094,-0.8274930715560913,-0.09313717484474182,0.7875568866729736,-1.1876803636550903,-0.1989927440881729,0.8401565551757812,-1.4416027069091797,-0.2653397023677826,0.8813230991363525,-1.6570056676864624,-0.3166847229003906,0.3937547504901886,-0.9167430996894836,-0.06737467646598816,0.36411145329475403,-1.1724917888641357,-0.2782033383846283,0.25585365295410156,-0.8779975771903992,-0.3236205577850342,0.23508016765117645,-0.67867511510849,-0.29335275292396545,0.1502566784620285,-0.9383425712585449,-0.06680512428283691,0.11890546977519989,-1.1860886812210083,-0.27094605565071106,0.05271235853433609,-0.9182843565940857,-0.2251545786857605,0.05552659183740616,-0.7617985010147095,-0.13179510831832886,-0.07405424118041992,-0.9106286764144897,-0.08482803404331207,-0.09268635511398315,-1.1339000463485718,-0.20764325559139252,-0.12026361376047134,-0.9636569023132324,-0.1548101156949997,-0.10891309380531311,-0.8451378345489502,-0.07595664262771606
0.0,0.0,0.0,0.3932914435863495,0.008081568405032158,-0.18708354234695435,0.7685098052024841,-0.17095190286636353,-0.25847896933555603,1.0355287790298462,-0.3428533971309662,-0.3239130675792694,1.2567490339279175,-0.42885270714759827,-0.3844492435455322,0.657268762588501,-0.8165176510810852,-0.06567363440990448,0.8031457662582397,-1.157507061958313,-0.16408948600292206,0.8668190240859985,-1.4024039506912231,-0.22717462480068207,0.9095478653907776,-1.6118234395980835,-0.27560755610466003,0.4271279573440552,-0.9031554460525513,-0.04326419159770012,0.4317687451839447,-1.153049111366272,-0.2435779571533203,0.3342391550540924,-0.8534510731697083,-0.28963786363601685,0.3002548813819885,-0.6567750573158264,-0.26049187779426575,0.19312505424022675,-0.924884557723999,-0.04542527347803116,0.1873861700296402,-1.1680208444595337,-0.24569787085056305,0.1277959942817688,-0.8930609226226807,-0.2003868967294693,0.11142086237668991,-0.7318998575210571,-0.10645662248134613,-0.03996465355157852,-0.9028672575950623,-0.06471045315265656,-0.034560427069664,-1.133278250694275,-0.19065919518470764,-0.0492679588496685,-0.9584810137748718,-0.14040277898311615,-0.04956633597612381,-0.8366435170173645,-0.06209920346736908
0.0,0.0,0.0,0.3976120948791504,0.0006570236291736364,-0.19814544916152954,0.7656038999557495,-0.1922324001789093,-0.2719752788543701,1.0338093042373657,-0.3956913650035858,-0.33593863248825073,1.2612972259521484,-0.522545337677002,-0.39300093054771423,0.6626960039138794,-0.8166555762290955,-0.07204906642436981,0.8049148917198181,-1.1543068885803223,-0.17226342856884003,0.8663331866264343,-1.4000682830810547,-0.23366035521030426,0.9032403230667114,-1.608068585395813,-0.2799024283885956,0.4287412464618683,-0.902424156665802,-0.042562346905469894,0.42983609437942505,-1.14555025100708,-0.24398235976696014,0.3321428596973419,-0.8416009545326233,-0.2848087251186371,0.304863840341568,-0.6532660722732544,-0.25038382411003113,0.19406919181346893,-0.9230542182922363,-0.03942646458745003,0.18257364630699158,-1.157317042350769,-0.2455778419971466,0.12377937138080597,-0.8778561949729919,-0.19639791548252106,0.11445806175470352,-0.7252886891365051,-0.09852895885705948,-0.0375363789498806,-0.9001432657241821,-0.05361770838499069,-0.03642437607049942,-1.1304024457931519,-0.18770423531532288,-0.0556778721511364,-0.9446330666542053,-0.1366424262523651,-0.052338093519210815,-0.8201294541358948,-0.055725276470184326
0.0,0.0,0.0,0.40100011229515076,-0.011014080606400967,-0.20929613709449768,0.7610263228416443,-0.21544846892356873,-0.29321280121803284,1.035178542137146,-0.4337199032306671,-0.3666285574436188,1.2618342638015747,-0.573125422000885,-0.43041759729385376,0.6429361701011658,-0.8332188725471497,-0.07766078412532806,0.7886426448822021,-1.1709444522857666,-0.18381674587726593,0.8474533557891846,-1.4196677207946777,-0.23901323974132538,0.8844303488731384,-1.6242069005966187,-0.27762237191200256,0.4040607810020447,-0.9136748313903809,-0.0439666286110878,0.4021117687225342,-1.1569243669509888,-0.24641187489032745,0.2990138530731201,-0.8431989550590515,-0.2714088559150696,0.28871339559555054,-0.6679582595825195,-0.22277453541755676,0.17011292278766632,-0.9337167143821716,-0.03966815024614334,0.15306690335273743,-1.1630431413650513,-0.24792712926864624,0.09310652315616608,-0.8779956698417664,-0.1834130436182022,0.10052479803562164,-0.7371003031730652,-0.07360520213842392,-0.05733460932970047,-0.9120931625366211,-0.05461680516600609,-0.06459423899650574,-1.1347787380218506,-0.18651527166366577,-0.08591756224632263,-0.941149115562439,-0.12611094117164612,-0.0721275806427002,-0.8167887330055237,-0.03747378662228584
0.0,0.0,0.0,0.39424872398376465,-0.00963374599814415,-0.20012158155441284,0.7551378011703491,-0.20655333995819092,-0.27976468205451965,1.0237267017364502,-0.4205179214477539,-0.35060760378837585,1.245942234992981,-0.5687636137008667,-0.4137062728404999,0.6382688283920288,-0.8330569267272949,-0.07404444366693497,0.7814037799835205,-1.1743090152740479,-0.1779983639717102,0.8403354287147522,-1.422849178314209,-0.2380930334329605,0.877853512763977,-1.6297403573989868,-0.2816343903541565,0.40179598331451416,-0.9145410060882568,-0.04663527011871338,0.39907321333885193,-1.1638233661651611,-0.2474576085805893,0.30097272992134094,-0.8597559928894043,-0.2831517159938812,0.28354358673095703,-0.6769908666610718,-0.24443963170051575,0.16735601425170898,-0.9338220357894897,-0.04644962027668953,0.15123999118804932,-1.169654130935669,-0.2498856782913208,0.09446214884519577,-0.8921005725860596,-0.19250042736530304,0.09672047942876816,-0.7458624243736267,-0.08964768797159195,-0.060894422233104706,-0.910502552986145,-0.06466399133205414,-0.06746218353509903,-1.1417388916015625,-0.19237352907657623,-0.08322522044181824,-0.9542670845985413,-0.13298723101615906,-0.07066486775875092,-0.828083336353302,-0.04663798585534096
0.0,0.0,0.0,0.3866760730743408,0.01397610828280449,-0.17657271027565002,0.7653573155403137,-0.17304395139217377,-0.2427898645401001,1.0354783535003662,-0.35258689522743225,-0.30476438999176025,1.2659121751785278,-0.43703126907348633,-0.3630214035511017,0.6803017854690552,-0.8020896911621094,-0.06671898066997528,0.8300246596336365,-1.1491785049438477,-0.16542530059814453,0.8966092467308044,-1.3954886198043823,-0.23001672327518463,0.9384391903877258,-1.6061440706253052,-0.27950188517570496,0.45239800214767456,-0.8904450535774231,-0.0494333952665329,0.4616260528564453,-1.148380994796753,-0.2537040710449219,0.3551843464374542,-0.863007664680481,-0.3062414824962616,0.30419281125068665,-0.6670404672622681,-0.2813996970653534,0.21798065304756165,-0.9167076349258423,-0.05411628633737564,0.2244129180908203,-1.1739054918289185,-0.25210949778556824,0.15805678069591522,-0.9102806448936462,-0.20988556742668152,0.13041952252388,-0.7467682957649231,-0.11876285076141357,-0.018951870501041412,-0.9010362029075623,-0.07475820183753967,-0.007266805972903967,-1.1334149837493896,-0.19833137094974518,-0.021322475746273994,-0.9656034708023071,-0.14921073615550995,-0.02507985569536686,-0.8417436480522156,-0.07170946151018143
0.0,0.0,0.0,0.401299387216568,0.025289827957749367,-0.13959649205207825,0.7965686321258545,-0.17092964053153992,-0.18591012060642242,1.054818868637085,-0.33183804154396057,-0.23484157025814056,1.2688121795654297,-0.39646050333976746,-0.28400519490242004,0.6822553873062134,-0.800613284111023,-0.04103121906518936,0.8316758275032043,-1.1507512331008911,-0.12668295204639435,0.9131373167037964,-1.3730782270431519,-0.18611423671245575,0.9735305309295654,-1.5761386156082153,-0.2339184433221817,0.46912479400634766,-0.8823623657226562,-0.0368589423596859,0.5378652811050415,-1.1157848834991455,-0.2225169539451599,0.4463302493095398,-0.8213871121406555,-0.2737233340740204,0.3720598518848419,-0.6343482136726379,-0.25576287508010864,0.2419305145740509,-0.9098080992698669,-0.04996272176504135,0.30682364106178284,-1.16753089427948,-0.23198704421520233,0.23966999351978302,-0.8792985677719116,-0.18510811030864716,0.17900611460208893,-0.7120873928070068,-0.0964607521891594,0.0008024224662221968,-0.9027189612388611,-0.07578263431787491,0.059269700199365616,-1.136739730834961,-0.18679089844226837,0.046699635684490204,-0.9561246633529663,-0.1322324573993683,0.014384457841515541,-0.8374861478805542,-0.056455742567777634
0.0,0.0,0.0,0.4056910574436188,0.019971337169408798,-0.1269899159669876,0.7968928813934326,-0.1651361733675003,-0.161908358335495,1.0564028024673462,-0.3193764388561249,-0.2007397711277008,1.2683061361312866,-0.3790225386619568,-0.2414560317993164,0.7039135098457336,-0.783453106880188,-0.017206504940986633,0.8528574705123901,-1.1364836692810059,-0.09375619143247604,0.9373601675033569,-1.354575514793396,-0.15061546862125397,0.9980329275131226,-1.5562894344329834,-0.19804678857326508,0.4943501055240631,-0.8690487146377563,-0.01929400861263275,0.5799677968025208,-1.1264162063598633,-0.19781801104545593,0.48651114106178284,-0.8328307867050171,-0.2527760863304138,0.3975119888782501,-0.6412788033485413,-0.23759296536445618,0.2679407596588135,-0.8978060483932495,-0.03778235986828804,0.34973809123039246,-1.172847867012024,-0.22105547785758972,0.2790982127189636,-0.8794289827346802,-0.17943134903907776,0.20502059161663055,-0.7093836665153503,-0.09308060258626938,0.021059146150946617,-0.8881201148033142,-0.06715181469917297,0.10460890084505081,-1.138540267944336,-0.18611003458499908,0.09076344221830368,-0.9392224550247192,-0.13337896764278412,0.04782691225409508,-0.8025697469711304,-0.05757853016257286
0.0,0.0,0.0,0.39517709612846375,0.009702938608825207,-0.1360200196504593,0.775097131729126,-0.15125009417533875,-0.1849449723958969,1.060244083404541,-0.2602379024028778,-0.2370395064353943,1.2764784097671509,-0.28024163842201233,-0.29009225964546204,0.698482096195221,-0.7885177731513977,-0.019087418913841248,0.8350254893302917,-1.1190367937088013,-0.0981113463640213,0.9102519154548645,-1.3338347673416138,-0.15703247487545013,0.9628850817680359,-1.52693772315979,-0.20508618652820587,0.4834859371185303,-0.8751342296600342,-0.0195305235683918,0.5601133704185486,-1.1256743669509888,-0.19585463404655457,0.4691748023033142,-0.8181959390640259,-0.2454226315021515,0.3979789912700653,-0.6160467267036438,-0.22445785999298096,0.25453510880470276,-0.8995212912559509,-0.03872978314757347,0.31783753633499146,-1.1436117887496948,-0.2181316465139389,0.2554304897785187,-0.852247416973114,-0.176727756857872,0.19982750713825226,-0.6837814450263977,-0.08935612440109253,0.0137107502669096,-0.880082905292511,-0.0702793151140213,0.08067953586578369,-1.1205527782440186,-0.1814885139465332,0.07110581547021866,-0.9271777272224426,-0.12660983204841614,0.04333588853478432,-0.7927062511444092,-0.04956318065524101
0.0,0.0,0.0,0.40278321504592896,0.01280419621616602,-0.14240698516368866,0.7927961945533752,-0.1277628242969513,-0.1996498703956604,1.0850142240524292,-0.21020358800888062,-0.26029402017593384,1.2968195676803589,-0.1863003969192505,-0.3220508098602295,0.6940587162971497,-0.7949273586273193,-0.025564532727003098,0.8272026181221008,-1.1299985647201538,-0.10419924557209015,0.9020839333534241,-1.351806879043579,-0.16117167472839355,0.9525175094604492,-1.5454624891281128,-0.20801879465579987,0.47139108180999756,-0.8815541863441467,-0.025546299293637276,0.5579083561897278,-1.1448009014129639,-0.1947885900735855,0.4686180353164673,-0.8396903276443481,-0.2354186773300171,0.4038699269294739,-0.6448407769203186,-0.20970943570137024,0.2404659241437912,-0.9044063687324524,-0.04517214745283127,0.3139069676399231,-1.1636537313461304,-0.21824952960014343,0.24913395941257477,-0.876762330532074,-0.17034079134464264,0.19229556620121002,-0.7127554416656494,-0.08081313222646713,0.0010774156544357538,-0.8815246224403381,-0.07857459038496017,0.07192248851060867,-1.1276147365570068,-0.18386387825012207,0.05833725258708,-0.938418984413147,-0.1242842748761177,0.024931348860263824,-0.8090661764144897,-0.045999541878700256
0.0,0.0,0.0,0.4036779999732971,0.01037946529686451,-0.16109542548656464,0.7979827523231506,-0.12711897492408752,-0.23499742150306702,1.101710319519043,-0.19144846498966217,-0.3128882944583893,1.321557879447937,-0.1443139910697937,-0.3909544348716736,0.689885675907135,-0.8037323355674744,-0.041683558374643326,0.8325680494308472,-1.1572235822677612,-0.12934567034244537,0.9115003943443298,-1.3897159099578857,-0.19187967479228973,0.962036669254303,-1.5878849029541016,-0.24134628474712372,0.45862826704978943,-0.8878501653671265,-0.03717654570937157,0.5308148264884949,-1.1483477354049683,-0.21846120059490204,0.43753179907798767,-0.853790283203125,-0.2644799053668976,0.37362754344940186,-0.6633572578430176,-0.241354301571846,0.22140154242515564,-0.9143705368041992,-0.05443935468792915,0.2974630296230316,-1.1839070320129395,-0.23821696639060974,0.2281026989221573,-0.9045924544334412,-0.19393685460090637,0.17054787278175354,-0.7361637949943542,-0.1041095182299614,-0.01522393524646759,-0.8992835283279419,-0.08742187172174454,0.057804059237241745,-1.149491786956787,-0.1973361074924469,0.04004852473735809,-0.9659987092018127,-0.13909092545509338,0.003397700609639287,-0.8305849432945251,-0.05958637595176697
0.0,0.0,0.0,0.4003397226333618,-0.004449840169399977,-0.16638140380382538,0.785997748374939,-0.14465628564357758,-0.24561800062656403,1.0711263418197632,-0.2145937979221344,-0.32790622115135193,1.2977244853973389,-0.1796308159828186,-0.4085831940174103,0.6786088943481445,-0.8127301335334778,-0.05423349887132645,0.8151229023933411,-1.1589232683181763,-0.1434328258037567,0.8792569041252136,-1.3957242965698242,-0.20392164587974548,0.9162011742591858,-1.5984593629837036,-0.25265172123908997,0.44056838750839233,-0.8963413238525391,-0.049717411398887634,0.48704975843429565,-1.1575099229812622,-0.22548942267894745,0.39213788509368896,-0.8719321489334106,-0.2651441693305969,0.3438490331172943,-0.6951782703399658,-0.2405153214931488,0.19920414686203003,-0.9171270132064819,-0.06729201227426529,0.25452110171318054,-1.187849998474121,-0.24635477364063263,0.18532319366931915,-0.9212135076522827,-0.19864268600940704,0.1371956169605255,-0.7646360397338867,-0.10943540930747986,-0.04062388464808464,-0.8913512229919434,-0.10160396993160248,0.007950498722493649,-1.1363439559936523,-0.21041694283485413,-0.00623735599219799,-0.9670965075492859,-0.15247532725334167,-0.030563300475478172,-0.8440257906913757,-0.07368464767932892
0.0,0.0,0.0,0.39528974890708923,-0.009888621047139168,-0.1826602667570114,0.7894304990768433,-0.1624712198972702,-0.2617921233177185,1.086524248123169,-0.23661009967327118,-0.3401440978050232,1.3127679824829102,-0.19657376408576965,-0.4150768220424652,0.6649819016456604,-0.8249743580818176,-0.06088736280798912,0.7898159623146057,-1.1864020824432373,-0.15652824938297272,0.8360445499420166,-1.4342690706253052,-0.2220102995634079,0.8606414794921875,-1.6427983045578003,-0.2737025320529938,0.421711266040802,-0.9054256081581116,-0.048620834946632385,0.44422075152397156,-1.173168659210205,-0.24171580374240875,0.34707388281822205,-0.8909777998924255,-0.29195207357406616,0.3042030930519104,-0.6985958814620972,-0.26943114399909973,0.1749599426984787,-0.9242163896560669,-0.060559794306755066,0.20173367857933044,-1.1927248239517212,-0.2508001923561096,0.13603070378303528,-0.9358749985694885,-0.2145143747329712,0.10364558547735214,-0.7744146585464478,-0.12872903048992157,-0.0642147809267044,-0.897650420665741,-0.09049654006958008,-0.04067821800708771,-1.1401726007461548,-0.20389994978904724,-0.056295037269592285,-0.9852134585380554,-0.15403218567371368,-0.06713509559631348,-0.8662446737289429,-0.07901966571807861
0.0,0.0,0.0,0.3877405524253845,-0.012263999320566654,-0.20163120329380035,0.7647939920425415,-0.1809774488210678,-0.294273316860199,1.0705121755599976,-0.2935941815376282,-0.3826398551464081,1.3134806156158447,-0.29225778579711914,-0.465350866317749,0.6395370960235596,-0.8394633531570435,-0.08095129579305649,0.7658116817474365,-1.1938416957855225,-0.18822568655014038,0.8077585697174072,-1.441062569618225,-0.24936431646347046,0.8329419493675232,-1.6427730321884155,-0.29384008049964905,0.3878275454044342,-0.9198179841041565,-0.059368304908275604,0.39450639486312866,-1.1710749864578247,-0.2657846212387085,0.2933811545372009,-0.8678739070892334,-0.30123189091682434,0.27674657106399536,-0.6823071837425232,-0.26072290539741516,0.14273527264595032,-0.932867169380188,-0.06525596231222153,0.15130925178527832,-1.181993007659912,-0.27400320768356323,0.08700714260339737,-0.9054856896400452,-0.224546417593956,0.08343439549207687,-0.7493438720703125,-0.12316128611564636,-0.08865054696798325,-0.8962960839271545,-0.09018014371395111,-0.0812380462884903,-1.1251754760742188,-0.2199358344078064,-0.10160179436206818,-0.9511290192604065,-0.1669316440820694,-0.09331870079040527,-0.8261159062385559,-0.08368527144193649
0.0,0.0,0.0,0.3818531036376953,-0.006915335077792406,-0.19614577293395996,0.7327963709831238,-0.19620569050312042,-0.2792072892189026,1.0089229345321655,-0.3644140362739563,-0.35279566049575806,1.2442728281021118,-0.4397923946380615,-0.4204763174057007,0.6220553517341614,-0.8379166722297668,-0.09406062960624695,0.75045245885849,-1.188035249710083,-0.2044551819562912,0.7938114404678345,-1.4377334117889404,-0.2713959813117981,0.8218805193901062,-1.6444377899169922,-0.32086634635925293,0.38104864954948425,-0.9220728874206543,-0.06770230084657669,0.37316086888313293,-1.1900498867034912,-0.2725539803504944,0.2733960747718811,-0.8837500214576721,-0.3071742355823517,0.259148508310318,-0.6849847435951233,-0.2695290148258209,0.1408233642578125,-0.940153956413269,-0.06732623279094696,0.12734833359718323,-1.203995704650879,-0.2685128152370453,0.06913578510284424,-0.927659809589386,-0.21169926226139069,0.07203613966703415,-0.7651996612548828,-0.11118112504482269,-0.08889871090650558,-0.9089996814727783,-0.08498481661081314,-0.09065049886703491,-1.1478826999664307,-0.21037207543849945,-0.1110064685344696,-0.9740874171257019,-0.15422645211219788,-0.10182572901248932,-0.8511519432067871,-0.07235749065876007
0.0,0.0,0.0,0.39213865995407104,0.003625116078183055,-0.1964627504348755,0.7584171295166016,-0.19641999900341034,-0.274848610162735,1.044090986251831,-0.3902771472930908,-0.3451618254184723,1.2799748182296753,-0.45725151896476746,-0.4107506573200226,0.6461880803108215,-0.8264161944389343,-0.08668604493141174,0.7826842665672302,-1.1805685758590698,-0.1870187371969223,0.8375811576843262,-1.4358444213867188,-0.24685072898864746,0.8679563999176025,-1.640718936920166,-0.29345348477363586,0.4097440540790558,-0.9101548194885254,-0.06105741113424301,0.4097709357738495,-1.206249713897705,-0.26036620140075684,0.31531408429145813,-0.9120619893074036,-0.2960324287414551,0.29178932309150696,-0.7069834470748901,-0.2597833573818207,0.1729840189218521,-0.9275285005569458,-0.06120925769209862,0.16675788164138794,-1.2202242612838745,-0.2599678635597229,0.11041875928640366,-0.9532208442687988,-0.21099281311035156,0.10152056068181992,-0.7780720591545105,-0.11568355560302734,-0.06069405749440193,-0.8988864421844482,-0.07980090379714966,-0.06927531957626343,-1.1546437740325928,-0.20965591073036194,-0.07886440306901932,-1.0060101747512817,-0.16847161948680878,-0.06763152778148651,-0.8885875344276428,-0.09806689620018005
0.0,0.0,0.0,0.3933626711368561,0.0013492428697645664,-0.18912839889526367,0.7567277550697327,-0.18809235095977783,-0.2656663656234741,1.0325777530670166,-0.3725730776786804,-0.336651474237442,1.2635775804519653,-0.44733431935310364,-0.4027748703956604,0.6520010828971863,-0.8200033903121948,-0.07069788128137589,0.7898762822151184,-1.1644070148468018,-0.1691562533378601,0.848842978477478,-1.4154468774795532,-0.22590793669223785,0.8831256031990051,-1.6180015802383423,-0.26824435591697693,0.4189091920852661,-0.9067951440811157,-0.04730217531323433,0.4344756305217743,-1.1926841735839844,-0.23784449696540833,0.3335406184196472,-0.8939749598503113,-0.265896201133728,0.30655044317245483,-0.6967353820800781,-0.2238612025976181,0.18499958515167236,-0.9276622533798218,-0.050126343965530396,0.19537614285945892,-1.2087820768356323,-0.2431795746088028,0.1304699182510376,-0.9339979887008667,-0.18550240993499756,0.11410491168498993,-0.7646799087524414,-0.08403821289539337,-0.0489765889942646,-0.9020150303840637,-0.07104440033435822,-0.042508143931627274,-1.148678183555603,-0.19358235597610474,-0.05672755464911461,-0.9900206923484802,-0.1427082121372223,-0.05183796584606171,-0.8739999532699585,-0.0653877705335617
0.0,0.0,0.0,0.38845551013946533,-0.0018677560146898031,-0.17776577174663544,0.7613244652748108,-0.19660326838493347,-0.24421562254428864,1.0462212562561035,-0.3706679344177246,-0.305961012840271,1.2702794075012207,-0.4257224202156067,-0.3631764352321625,0.6655403971672058,-0.8132655024528503,-0.04598582908511162,0.79715496301651,-1.143883466720581,-0.13075965642929077,0.8555494546890259,-1.3828188180923462,-0.1835196614265442,0.8902682065963745,-1.5771870613098145,-0.22521986067295074,0.4383937418460846,-0.8984339833259583,-0.025046702474355698,0.45363274216651917,-1.1729463338851929,-0.2045001983642578,0.35017627477645874,-0.8799778819084167,-0.23689359426498413,0.3144843578338623,-0.6839392781257629,-0.19931505620479584,0.20831088721752167,-0.9185307621955872,-0.02899654023349285,0.22009094059467316,-1.1915433406829834,-0.2108464241027832,0.15268976986408234,-0.9217773079872131,-0.16024534404277802,0.12968768179416656,-0.7558409571647644,-0.06549894064664841,-0.02435901015996933,-0.8927303552627563,-0.04999195411801338,-0.01757168211042881,-1.132554054260254,-0.1647348552942276,-0.034556783735752106,-0.9750989079475403,-0.11645777523517609,-0.032519612461328506,-0.8614825010299683,-0.042403899133205414
0.0,0.0,0.0,0.3895488381385803,-0.0024161769542843103,-0.19043588638305664,0.7662152051925659,-0.16413842141628265,-0.2691790759563446,1.067132830619812,-0.28208962082862854,-0.34334835410118103,1.318380355834961,-0.323818564414978,-0.41299793124198914,0.6817783713340759,-0.796484112739563,-0.05593917891383171,0.8216348886489868,-1.1271179914474487,-0.15165844559669495,0.8837620615959167,-1.3637605905532837,-0.21525974571704865,0.9248745441436768,-1.5600121021270752,-0.2627299726009369,0.45555970072746277,-0.8895678520202637,-0.033680230379104614,0.48493555188179016,-1.1712894439697266,-0.2220676839351654,0.3790746033191681,-0.888654351234436,-0.26547181606292725,0.3320218324661255,-0.6841926574707031,-0.23430849611759186,0.2187429666519165,-0.9133010506629944,-0.03783672675490379,0.2496655285358429,-1.1873551607131958,-0.22310307621955872,0.1709696650505066,-0.9236574769020081,-0.17997094988822937,0.14019429683685303,-0.7531276345252991,-0.08843962848186493,-0.01692519523203373,-0.8892025947570801,-0.06052302196621895,0.0053689144551754,-1.1192071437835693,-0.17268557846546173,-0.014317585155367851,-0.9739616513252258,-0.12615975737571716,-0.019261140376329422,-0.8672080039978027,-0.05300543084740639
0.0,0.0,0.0,0.37647706270217896,0.017859524115920067,-0.1577966809272766,0.7654712200164795,-0.1277575045824051,-0.22309386730194092,1.0717264413833618,-0.2131558656692505,-0.2897108197212219,1.306710958480835,-0.19268947839736938,-0.35627320408821106,0.7044990658760071,-0.7704091668128967,-0.03387434035539627,0.8437193036079407,-1.0984575748443604,-0.11854808032512665,0.9128265976905823,-1.3223463296890259,-0.18302218616008759,0.9621342420578003,-1.5152446031570435,-0.23427358269691467,0.489498108625412,-0.8716158866882324,-0.026024283841252327,0.5510278344154358,-1.145077109336853,-0.20385430753231049,0.44936859607696533,-0.8717275261878967,-0.25771772861480713,0.3785889446735382,-0.666851282119751,-0.23918701708316803,0.2588522732257843,-0.9078658223152161,-0.0391092523932457,0.31827351450920105,-1.180516242980957,-0.21192988753318787,0.23887047171592712,-0.9190971851348877,-0.17666268348693848,0.18190744519233704,-0.7408268451690674,-0.09412427246570587,0.021170727908611298,-0.8966692090034485,-0.06783811748027802,0.07074543833732605,-1.130929946899414,-0.17051264643669128,0.05368417873978615,-0.9793047308921814,-0.1236000657081604,0.03191884979605675,-0.8637324571609497,-0.053074948489665985
0.0,0.0,0.0,0.38720113039016724,0.01607975922524929,-0.1372285932302475,0.7773452997207642,-0.10143713653087616,-0.19969123601913452,1.0787302255630493,-0.14709700644016266,-0.2709503173828125,1.304252028465271,-0.1083514615893364,-0.3445262610912323,0.705902636051178,-0.7635029554367065,-0.01813986524939537,0.8564134836196899,-1.097330927848816,-0.10328614711761475,0.937104344367981,-1.3205100297927856,-0.17136715352535248,0.9993497133255005,-1.515944004058838,-0.2248491644859314,0.49372217059135437,-0.8692744374275208,-0.02450058050453663,0.5855896472930908,-1.1480156183242798,-0.1998734325170517,0.4883522689342499,-0.8770381212234497,-0.25861072540283203,0.4109989106655121,-0.6693542003631592,-0.24558652937412262,0.2657880485057831,-0.9115945100784302,-0.049872174859046936,0.3559577763080597,-1.190548300743103,-0.21721822023391724,0.2742748260498047,-0.9317086338996887,-0.182196244597435,0.20558808743953705,-0.7496467232704163,-0.10145927220582962,0.030015956610441208,-0.9046637415885925,-0.08985001593828201,0.10907863825559616,-1.1468168497085571,-0.1853097677230835,0.09296870231628418,-0.9967621564865112,-0.1329144835472107,0.05773676186800003,-0.8734188079833984,-0.06002524495124817
0.0,0.0,0.0,0.39375999569892883,0.026562390848994255,-0.13650646805763245,0.7872543334960938,-0.09366264194250107,-0.19957508146762848,1.0947469472885132,-0.11727476865053177,-0.27100691199302673,1.2923856973648071,-0.028773844242095947,-0.34515348076820374,0.724517822265625,-0.7525908350944519,-0.018655383959412575,0.870323896408081,-1.083951473236084,-0.09625227004289627,0.9564524292945862,-1.306636929512024,-0.15563787519931793,1.0185868740081787,-1.4999033212661743,-0.20533175766468048,0.5110464692115784,-0.8591923713684082,-0.02490067668259144,0.6274475455284119,-1.1283888816833496,-0.1863439828157425,0.5302137136459351,-0.8429120779037476,-0.22799459099769592,0.4532119929790497,-0.6518843173980713,-0.20615026354789734,0.2830835282802582,-0.9043220281600952,-0.050861798226833344,0.3937220871448517,-1.1763495206832886,-0.21274647116661072,0.3136659264564514,-0.9065502285957336,-0.16824257373809814,0.2376949042081833,-0.7408096194267273,-0.08296895027160645,0.04494965448975563,-0.9039022922515869,-0.0914192870259285,0.14679084718227386,-1.1550278663635254,-0.18502157926559448,0.1366828829050064,-0.9877222180366516,-0.1269005388021469,0.0972934365272522,-0.8617892861366272,-0.051966190338134766
0.0,0.0,0.0,0.3919515907764435,0.023969870060682297,-0.13845157623291016,0.7789786458015442,-0.09026194363832474,-0.2080513834953308,1.0886601209640503,-0.1099054366350174,-0.2856579124927521,1.2974586486816406,-0.022755896672606468,-0.3662284016609192,0.7235064506530762,-0.7540447115898132,-0.026369791477918625,0.8691142797470093,-1.0814679861068726,-0.10675837844610214,0.9551979899406433,-1.3007605075836182,-0.16759933531284332,1.0168893337249756,-1.492729663848877,-0.21826837956905365,0.5095937848091125,-0.8597034215927124,-0.03498818725347519,0.6274217963218689,-1.1237576007843018,-0.19594407081604004,0.5268589854240417,-0.8299757242202759,-0.2353024035692215,0.4480937421321869,-0.6440593004226685,-0.21283160150051117,0.2813625633716583,-0.9022573232650757,-0.06332933902740479,0.39540964365005493,-1.1668322086334229,-0.2272346019744873,0.31326043605804443,-0.8846321702003479,-0.17747235298156738,0.23559905588626862,-0.7227030992507935,-0.08879394084215164,0.04129665717482567,-0.8960752487182617,-0.10622832179069519,0.14743617177009583,-1.1454370021820068,-0.19982489943504333,0.1353038102388382,-0.9665204882621765,-0.1351473182439804,0.09288796037435532,-0.8396023511886597,-0.0556940995156765
0.0,0.0,0.0,0.3810831606388092,0.029862945899367332,-0.1481856107711792,0.7677770853042603,-0.10776158422231674,-0.20676834881305695,1.0541234016418457,-0.2396189570426941,-0.26653623580932617,1.2588542699813843,-0.31068363785743713,-0.3241957426071167,0.7189338207244873,-0.7590093016624451,-0.02836337685585022,0.860342800617218,-1.0793267488479614,-0.10639638453722,0.9403534531593323,-1.2987502813339233,-0.16306056082248688,0.9960648417472839,-1.4913525581359863,-0.20844526588916779,0.5033990740776062,-0.8637178540229797,-0.024100253358483315,0.6092348694801331,-1.121800184249878,-0.18276634812355042,0.5119653940200806,-0.8342050909996033,-0.2184879034757614,0.4387553632259369,-0.6454154253005981,-0.19291165471076965,0.2731775641441345,-0.9041047692298889,-0.040501922369003296,0.37136703729629517,-1.1638209819793701,-0.20545262098312378,0.2931480407714844,-0.888351559638977,-0.15193918347358704,0.2242332100868225,-0.7211570739746094,-0.061860308051109314,0.03049447014927864,-0.898390531539917,-0.07154636085033417,0.1297445148229599,-1.1434078216552734,-0.17448708415031433,0.11206775903701782,-0.9646976590156555,-0.11508836597204208,0.06952814757823944,-0.8305602669715881,-0.03744969889521599
0.0,0.0,0.0,0.3800002932548523,0.013266493566334248,-0.1310480535030365,0.7578986287117004,-0.1713912934064865,-0.17151348292827606,1.0286706686019897,-0.32004228234291077,-0.2162041813135147,1.2361668348312378,-0.3773593008518219,-0.26052311062812805,0.687576413154602,-0.7787601351737976,-0.017948977649211884,0.8268946409225464,-1.1097701787948608,-0.09526830911636353,0.8996806740760803,-1.3309046030044556,-0.14772339165210724,0.9523553848266602,-1.527152180671692,-0.19115476310253143,0.48060938715934753,-0.8767180442810059,-0.01949692703783512,0.562192440032959,-1.1432620286941528,-0.18755124509334564,0.46530333161354065,-0.8539720177650452,-0.22759059071540833,0.3958222270011902,-0.660340428352356,-0.2021898776292801,0.2549372613430023,-0.9107892513275146,-0.03977693244814873,0.3327554762363434,-1.1827120780944824,-0.21257813274860382,0.25945353507995605,-0.9038416743278503,-0.16276046633720398,0.19706401228904724,-0.7334102392196655,-0.0721871554851532,0.009744502604007721,-0.8994986414909363,-0.07257913798093796,0.08315876126289368,-1.1481382846832275,-0.18093201518058777,0.07260455191135406,-0.9804064035415649,-0.12682753801345825,0.041947126388549805,-0.8586266040802002,-0.051889851689338684
0.0,0.0,0.0,0.38243407011032104,0.007375563960522413,-0.14158695936203003,0.7494614124298096,-0.16674154996871948,-0.18807415664196014,1.025707483291626,-0.30960696935653687,-0.2364456057548523,1.2357040643692017,-0.37407273054122925,-0.28314703702926636,0.6751838326454163,-0.7882779836654663,-0.02147006243467331,0.8181766867637634,-1.1176739931106567,-0.10149910300970078,0.8894211053848267,-1.3415508270263672,-0.15885427594184875,0.9372060894966125,-1.538604736328125,-0.20457535982131958,0.46100735664367676,-0.8872301578521729,-0.017169920727610588,0.5335007309913635,-1.1540813446044922,-0.1843339055776596,0.431466668844223,-0.8700962066650391,-0.22522805631160736,0.3653612732887268,-0.6762567758560181,-0.20052745938301086,0.23046596348285675,-0.920536994934082,-0.033197592943906784,0.3017544150352478,-1.1875956058502197,-0.20232829451560974,0.22416983544826508,-0.9193400144577026,-0.15459096431732178,0.16679920256137848,-0.7520523071289062,-0.06637079268693924,-0.01291352417320013,-0.9045292139053345,-0.06284458935260773,0.057761453092098236,-1.1448696851730347,-0.1661171019077301,0.04364386200904846,-0.9820928573608398,-0.11080984026193619,0.015822380781173706,-0.8592844605445862,-0.03525756672024727
0.0,0.0,0.0,0.37284761667251587,0.00920893345028162,-0.14241936802864075,0.7510070204734802,-0.15627337992191315,-0.19465525448322296,1.0226868391036987,-0.3076629638671875,-0.2472066432237625,1.2252247333526611,-0.3660027086734772,-0.29785963892936707,0.6829947829246521,-0.7888575196266174,-0.036399707198143005,0.8256295919418335,-1.115282654762268,-0.11602826416492462,0.8954266905784607,-1.3409199714660645,-0.17516542971134186,0.9416162967681885,-1.5359210968017578,-0.2219233363866806,0.46273523569107056,-0.8859379291534424,-0.031466081738471985,0.5289025902748108,-1.1602097749710083,-0.19824273884296417,0.4395953118801117,-0.887950599193573,-0.2436273843050003,0.38284730911254883,-0.6860699653625488,-0.22378778457641602,0.22969456017017365,-0.9211153388023376,-0.04470823332667351,0.29623180627822876,-1.1958472728729248,-0.20811937749385834,0.22985601425170898,-0.9455761909484863,-0.16471634805202484,0.1802823841571808,-0.7720604538917542,-0.08254672586917877,-0.008516413159668446,-0.9094922542572021,-0.07163045555353165,0.05982617661356926,-1.1532461643218994,-0.16871093213558197,0.04653672128915787,-1.0002686977386475,-0.1144670620560646,0.018039999529719353,-0.8730019330978394,-0.04123470187187195
0.0,0.0,0.0,0.3849453330039978,0.018771067261695862,-0.16009032726287842,0.7544136643409729,-0.1604701429605484,-0.21572545170783997,1.0516895055770874,-0.30924251675605774,-0.27012187242507935,1.2688953876495361,-0.31369805335998535,-0.32408931851387024,0.6700271964073181,-0.7970518469810486,-0.03944031149148941,0.8129860162734985,-1.1261438131332397,-0.11606054753065109,0.8793063759803772,-1.3570195436477661,-0.16901162266731262,0.9247723817825317,-1.5520535707473755,-0.21465091407299042,0.4451446831226349,-0.8950813412666321,-0.02599284239113331,0.4948731064796448,-1.175581693649292,-0.1916026473045349,0.3940447270870209,-0.8922156095504761,-0.22370637953281403,0.34835314750671387,-0.6968739032745361,-0.1935124397277832,0.20803800225257874,-0.9247775077819824,-0.03424781188368797,0.2537227272987366,-1.2030712366104126,-0.20671099424362183,0.18020355701446533,-0.9372149109840393,-0.15800292789936066,0.14147531986236572,-0.7671539187431335,-0.06944087147712708,-0.03593247011303902,-0.9043542742729187,-0.0577724315226078,0.017329176887869835,-1.1553213596343994,-0.1656551957130432,-0.0014192452654242516,-0.9896624684333801,-0.11302588135004044,-0.018032889813184738,-0.8578559160232544,-0.040051013231277466
0.0,0.0,0.0,0.38291436433792114,0.010150786489248276,-0.16179370880126953,0.750052809715271,-0.1676599383354187,-0.21986183524131775,1.0423991680145264,-0.3110349178314209,-0.27548882365226746,1.2654169797897339,-0.3246594965457916,-0.32951101660728455,0.6617428660392761,-0.8058242201805115,-0.046803273260593414,0.8037949800491333,-1.1325997114181519,-0.1273353099822998,0.8648265600204468,-1.3641893863677979,-0.18178978562355042,0.9057449102401733,-1.5599814653396606,-0.22804734110832214,0.4299220144748688,-0.9022563695907593,-0.033172979950904846,0.45803844928741455,-1.1756234169006348,-0.20275279879570007,0.355329304933548,-0.8900843262672424,-0.23416830599308014,0.32130205631256104,-0.6990818381309509,-0.2030748575925827,0.1924351453781128,-0.9279184341430664,-0.04145897552371025,0.21998848021030426,-1.202109694480896,-0.21474575996398926,0.1503007709980011,-0.936885416507721,-0.16422100365161896,0.12736555933952332,-0.7722282409667969,-0.07511691004037857,-0.044310737401247025,-0.8995286226272583,-0.06546427309513092,-0.011642897501587868,-1.1443564891815186,-0.17483073472976685,-0.032972633838653564,-0.9801084399223328,-0.12233689427375793,-0.03772801533341408,-0.8531911373138428,-0.04885296896100044
0.0,0.0,0.0,0.39393889904022217,0.015269365161657333,-0.16421467065811157,0.7695027589797974,-0.15427826344966888,-0.2270132303237915,1.0623234510421753,-0.28895145654678345,-0.28923681378364563,1.2891478538513184,-0.2960548400878906,-0.350275456905365,0.6631931066513062,-0.8095694184303284,-0.04992504045367241,0.8061324954032898,-1.150111436843872,-0.13811679184436798,0.8636726140975952,-1.3954918384552002,-0.1965814232826233,0.8990399241447449,-1.5997380018234253,-0.24355801939964294,0.43245193362236023,-0.9008671045303345,-0.03773155435919762,0.4540148377418518,-1.1861004829406738,-0.21670639514923096,0.3541669249534607,-0.8979951739311218,-0.25309133529663086,0.31953054666519165,-0.6968852281570435,-0.22157426178455353,0.1959327757358551,-0.9274479150772095,-0.047957953065633774,0.21669994294643402,-1.2129778861999512,-0.2228819876909256,0.15252207219600677,-0.9478540420532227,-0.17320750653743744,0.1294775754213333,-0.7751600742340088,-0.08232159912586212,-0.03827761486172676,-0.9033394455909729,-0.07480528205633163,-0.022543007507920265,-1.1531965732574463,-0.17894797027111053,-0.03474675863981247,-1.0038655996322632,-0.12599773705005646,-0.03288182243704796,-0.8895506858825684,-0.05194550007581711
0.0,0.0,0.0,0.38532766699790955,0.01760167069733143,-0.15488138794898987,0.7658965587615967,-0.1347746104001999,-0.21641172468662262,1.0632269382476807,-0.23901063203811646,-0.27772077918052673,1.2891682386398315,-0.25116419792175293,-0.3381575345993042,0.6846855878829956,-0.78608638048172,-0.04583028331398964,0.8284523487091064,-1.115733027458191,-0.12781189382076263,0.8944225907325745,-1.346121907234192,-0.1868942826986313,0.934180498123169,-1.5421161651611328,-0.2347002625465393,0.466901957988739,-0.8835923671722412,-0.03559529036283493,0.5015100836753845,-1.1529713869094849,-0.20340698957443237,0.4057219624519348,-0.8799085021018982,-0.24644848704338074,0.3502421975135803,-0.6834262013435364,-0.22451333701610565,0.23431581258773804,-0.9131826758384705,-0.04564964026212692,0.2705407440662384,-1.186625361442566,-0.2066335380077362,0.19962665438652039,-0.9327794313430786,-0.1635209172964096,0.15396228432655334,-0.7674891948699951,-0.08191602677106857,-0.002456581685692072,-0.8949515223503113,-0.07143908739089966,0.01909721828997135,-1.1231474876403809,-0.16592995822429657,0.007326724473387003,-0.9845492839813232,-0.11690238863229752,-0.003098940709605813,-0.8862327337265015,-0.04818345978856087
0.0,0.0,0.0,0.39681968092918396,0.02849726565182209,-0.14270423352718353,0.7768753170967102,-0.13166584074497223,-0.19075578451156616,1.0720411539077759,-0.2501053512096405,-0.24078369140625,1.292568325996399,-0.2678549587726593,-0.29072603583335876,0.7005257606506348,-0.7714130282402039,-0.027978766709566116,0.8465221524238586,-1.1056760549545288,-0.10500355809926987,0.919830858707428,-1.3298804759979248,-0.16066405177116394,0.9683100581169128,-1.5255002975463867,-0.20696662366390228,0.48902976512908936,-0.8719802498817444,-0.022367021068930626,0.5529639720916748,-1.1460872888565063,-0.1869232952594757,0.4587836265563965,-0.8672149777412415,-0.22875608503818512,0.39674273133277893,-0.6676698327064514,-0.20632977783679962,0.2614474594593048,-0.9061374068260193,-0.036605432629585266,0.319530189037323,-1.1875765323638916,-0.20242178440093994,0.24569793045520782,-0.9177339673042297,-0.15921832621097565,0.19284771382808685,-0.7417569756507874,-0.07560200244188309,0.021382564678788185,-0.8922622203826904,-0.06507009267807007,0.07370218634605408,-1.134092092514038,-0.16759933531284332,0.062419671565294266,-0.9840711355209351,-0.1199752613902092,0.04354501888155937,-0.8688766360282898,-0.051549822092056274
0.0,0.0,0.0,0.39567863941192627,0.02648076042532921,-0.1489453911781311,0.7575668692588806,-0.11088118702173233,-0.2026350349187851,1.0471340417861938,-0.22902746498584747,-0.2579164505004883,1.2700517177581787,-0.24627791345119476,-0.3121850788593292,0.6984957456588745,-0.7660738825798035,-0.02155405841767788,0.8493736386299133,-1.093421220779419,-0.09467966109514236,0.9287059903144836,-1.3156101703643799,-0.15022923052310944,0.9809207916259766,-1.5115243196487427,-0.1964598298072815,0.48689010739326477,-0.8733518123626709,-0.013947493396699429,0.5674415230751038,-1.1464431285858154,-0.17310675978660583,0.46683940291404724,-0.8701960444450378,-0.2156251221895218,0.39395976066589355,-0.6751181483268738,-0.19381378591060638,0.2583022713661194,-0.9126171469688416,-0.0269633661955595,0.3336736261844635,-1.190514326095581,-0.19004234671592712,0.25481605529785156,-0.925682783126831,-0.14939101040363312,0.18904203176498413,-0.7545523047447205,-0.06682392954826355,0.014784177765250206,-0.9004456996917725,-0.054639603942632675,0.08479434996843338,-1.1526650190353394,-0.1558084487915039,0.07691235095262527,-0.9982790350914001,-0.10671935230493546,0.050966035574674606,-0.8730049133300781,-0.036275714635849
0.0,0.0,0.0,0.397135466337204,0.03929086774587631,-0.14926151931285858,0.7729657292366028,-0.09099768102169037,-0.20197327435016632,1.067958950996399,-0.2007153481245041,-0.25648218393325806,1.278074026107788,-0.22238455712795258,-0.31017524003982544,0.7098811268806458,-0.7595784068107605,-0.01804402843117714,0.8640847206115723,-1.086187481880188,-0.09314367920160294,0.9465886354446411,-1.3088717460632324,-0.1530708223581314,1.0032423734664917,-1.502842903137207,-0.20255866646766663,0.49564293026924133,-0.8684709072113037,-0.009812775999307632,0.5768592357635498,-1.142999291419983,-0.176421657204628,0.471028208732605,-0.8723891377449036,-0.2248929888010025,0.3959648311138153,-0.6763023138046265,-0.2057352513074875,0.26714837551116943,-0.9086222052574158,-0.022164665162563324,0.3409712016582489,-1.1849960088729858,-0.1862635761499405,0.260620653629303,-0.9299776554107666,-0.14773160219192505,0.19654084742069244,-0.7616369724273682,-0.06662334501743317,0.026381459087133408,-0.8983290195465088,-0.04937506467103958,0.09807220846414566,-1.1425788402557373,-0.14851367473602295,0.0841921716928482,-0.9893697500228882,-0.09910207986831665,0.056961268186569214,-0.8661352396011353,-0.028782473877072334
0.0,0.0,0.0,0.4045202136039734,0.022831354290246964,-0.14712651073932648,0.7765673398971558,-0.08809774369001389,-0.20562191307544708,1.0911803245544434,-0.14809736609458923,-0.26764440536499023,1.3157445192337036,-0.12919747829437256,-0.3307042121887207,0.7302061319351196,-0.7448354959487915,-0.028240002691745758,0.8851996064186096,-1.0835126638412476,-0.10948000848293304,0.9653610587120056,-1.3136850595474243,-0.17259208858013153,1.0183446407318115,-1.5172960758209229,-0.22400033473968506,0.5127764344215393,-0.8581250309944153,-0.026108931750059128,0.6051630973815918,-1.1387779712677002,-0.19305337965488434,0.5008126497268677,-0.8520135879516602,-0.23632381856441498,0.42669543623924255,-0.6542944312095642,-0.21313613653182983,0.278898149728775,-0.9027268290519714,-0.044739995151758194,0.36718451976776123,-1.1838287115097046,-0.21032603085041046,0.2862144708633423,-0.9073715209960938,-0.16375350952148438,0.22208932042121887,-0.7388160228729248,-0.07605266571044922,0.03319186344742775,-0.8921224474906921,-0.07840235531330109,0.12031202763319016,-1.1544911861419678,-0.17591288685798645,0.10407518595457077,-0.9886060953140259,-0.1160651296377182,0.07025983929634094,-0.8639944195747375,-0.03810901939868927
0.0,0.0,0.0,0.39462965726852417,0.019183769822120667,-0.15728966891765594,0.7726014852523804,-0.09561773389577866,-0.22812432050704956,1.0746328830718994,-0.1347714513540268,-0.3031900227069855,1.2770802974700928,-0.057717952877283096,-0.37985947728157043,0.7237741351127625,-0.754938006401062,-0.03302695229649544,0.870413064956665,-1.0808268785476685,-0.11318870633840561,0.948645830154419,-1.3106969594955444,-0.1727166771888733,1.0010045766830444,-1.5070223808288574,-0.22187340259552002,0.5032713413238525,-0.8636263608932495,-0.029452186077833176,0.5972725749015808,-1.1313689947128296,-0.19788196682929993,0.49045759439468384,-0.8461345434188843,-0.23857364058494568,0.41873037815093994,-0.6555654406547546,-0.2124089002609253,0.27059194445610046,-0.9091129899024963,-0.047658521682024,0.3639845550060272,-1.1772278547286987,-0.21771544218063354,0.2820303440093994,-0.9066645503044128,-0.17379222810268402,0.21566826105117798,-0.7412959933280945,-0.08587796986103058,0.03040165826678276,-0.9057691693305969,-0.08190712332725525,0.12703824043273926,-1.159334659576416,-0.18370269238948822,0.10560839623212814,-0.9901036620140076,-0.12688937783241272,0.0661611557006836,-0.8638061285018921,-0.05007382482290268
0.0,0.0,0.0,0.38743913173675537,0.034127127379179,-0.1651521623134613,0.7648440003395081,-0.06930827349424362,-0.24203252792358398,1.0706474781036377,-0.13557812571525574,-0.3215070366859436,1.3096929788589478,-0.08543574064970016,-0.4021732807159424,0.7091481685638428,-0.7644896507263184,-0.04217950999736786,0.864253044128418,-1.1097475290298462,-0.1358894407749176,0.9452879428863525,-1.3523646593093872,-0.20430122315883636,1.0025278329849243,-1.5624189376831055,-0.2570573091506958,0.4934695363044739,-0.8690710663795471,-0.03468944877386093,0.5794098377227783,-1.1439626216888428,-0.225298672914505,0.4717470705509186,-0.8458086848258972,-0.27277320623397827,0.3987078368663788,-0.6386622190475464,-0.24472849071025848,0.2621101140975952,-0.9120640158653259,-0.049185436218976974,0.3394854962825775,-1.1935492753982544,-0.23641915619373322,0.2562190890312195,-0.9108791351318359,-0.18685731291770935,0.19166292250156403,-0.7315167188644409,-0.08856743574142456,0.02220771461725235,-0.9043803215026855,-0.07957114279270172,0.09944883733987808,-1.1686339378356934,-0.18634696304798126,0.07117846608161926,-0.980053722858429,-0.11980892717838287,0.031658850610256195,-0.839249849319458,-0.032010868191719055
0.0,0.0,0.0,0.39765942096710205,0.024519873782992363,-0.14397364854812622,0.7851830124855042,-0.13232332468032837,-0.19696921110153198,1.0801786184310913,-0.2328443080186844,-0.254442423582077,1.300539493560791,-0.20274551212787628,-0.31333181262016296,0.7021790146827698,-0.7854402661323547,-0.029670298099517822,0.8380219340324402,-1.1574445962905884,-0.11342548578977585,0.9193208813667297,-1.3956594467163086,-0.1740807145833969,0.97683185338974,-1.60361909866333,-0.2244921177625656,0.4896276891231537,-0.8714444041252136,-0.029144998639822006,0.5791073441505432,-1.1220911741256714,-0.21537083387374878,0.49294763803482056,-0.8154832720756531,-0.26453447341918945,0.4127146899700165,-0.618770956993103,-0.24215206503868103,0.2629847228527069,-0.9027839303016663,-0.04840836301445961,0.34661775827407837,-1.1661049127578735,-0.23828309774398804,0.27788326144218445,-0.8743157386779785,-0.1954161375761032,0.20486856997013092,-0.7098077535629272,-0.10443466901779175,0.021894671022892,-0.8981372714042664,-0.08102959394454956,0.11526176333427429,-1.1525620222091675,-0.1972922533750534,0.09551818668842316,-0.9624958634376526,-0.14187657833099365,0.04867776483297348,-0.8367605805397034,-0.06380818039178848
0.0,0.0,0.0,0.39437544345855713,0.01586904004216194,-0.1463194340467453,0.7813051342964172,-0.14979694783687592,-0.21234005689620972,1.077406883239746,-0.2514829933643341,-0.28190547227859497,1.312991738319397,-0.24662742018699646,-0.3521880507469177,0.6780285835266113,-0.8165650367736816,-0.04693364351987839,0.8031685948371887,-1.1934280395507812,-0.13465715944766998,0.8840146064758301,-1.4277725219726562,-0.19241061806678772,0.936068594455719,-1.631361722946167,-0.23878979682922363,0.46164897084236145,-0.8857921361923218,-0.04746020585298538,0.5668967366218567,-1.1144626140594482,-0.2302435040473938,0.48625046014785767,-0.791334867477417,-0.2696998417377472,0.40333396196365356,-0.616840660572052,-0.2419602870941162,0.23508290946483612,-0.9053955674171448,-0.06764104217290878,0.32867851853370667,-1.1336263418197632,-0.26196667551994324,0.26708006858825684,-0.8207935690879822,-0.20729051530361176,0.19106748700141907,-0.6771404147148132,-0.10845953971147537,-0.00820139329880476,-0.8966808319091797,-0.10004710406064987,0.094625324010849,-1.1301466226577759,-0.21555396914482117,0.08473333716392517,-0.9198044538497925,-0.1470763087272644,0.036612559109926224,-0.8040345907211304,-0.06020736321806908
0.0,0.0,0.0,0.4051154851913452,0.006315501872450113,-0.15587058663368225,0.8011896014213562,-0.1577816605567932,-0.23085595667362213,1.0943150520324707,-0.2582321763038635,-0.3102324604988098,1.3209816217422485,-0.2628404498100281,-0.39072903990745544,0.6752840280532837,-0.8274294137954712,-0.061201028525829315,0.8046581745147705,-1.205546498298645,-0.16037482023239136,0.8779367804527283,-1.451884150505066,-0.22328338027000427,0.9192729592323303,-1.6674985885620117,-0.27183258533477783,0.44769996404647827,-0.8921871185302734,-0.0597231425344944,0.53692626953125,-1.0967541933059692,-0.2437286525964737,0.4557099938392639,-0.776732325553894,-0.2820175886154175,0.3847987651824951,-0.6265555620193481,-0.2555980384349823,0.21655167639255524,-0.902122974395752,-0.07897784560918808,0.291942298412323,-1.113279938697815,-0.27837073802948,0.23595380783081055,-0.7989181280136108,-0.22000089287757874,0.17234861850738525,-0.6702703833580017,-0.11961044371128082,-0.029286684468388557,-0.8831236362457275,-0.11147107183933258,0.05661594122648239,-1.1104470491409302,-0.23234152793884277,0.054722048342227936,-0.8916006684303284,-0.15954464673995972,0.02030702494084835,-0.7741767764091492,-0.06825170665979385
0.0,0.0,0.0,0.41903436183929443,-0.0035232300870120525,-0.09380727261304855,0.8252034187316895,-0.18769806623458862,-0.13749828934669495,1.1067324876785278,-0.278609037399292,-0.19873398542404175,1.3262676000595093,-0.28508180379867554,-0.26653528213500977,0.6635704040527344,-0.8310968279838562,-0.015557426027953625,0.7954552173614502,-1.2086085081100464,-0.08607103675603867,0.8780781030654907,-1.4276496171951294,-0.12829801440238953,0.9410613179206848,-1.6232634782791138,-0.16518940031528473,0.44762593507766724,-0.8934481739997864,-0.037168122828006744,0.5395678877830505,-1.0297133922576904,-0.1829742193222046,0.46355563402175903,-0.7098875641822815,-0.20975065231323242,0.3928780257701874,-0.5786677002906799,-0.1874956339597702,0.2261839061975479,-0.8932915329933167,-0.07368392497301102,0.3151044547557831,-1.0636333227157593,-0.23684944212436676,0.26386725902557373,-0.7667780518531799,-0.18122892081737518,0.19664366543293,-0.6617216467857361,-0.0961998999118805,-0.01706872135400772,-0.8660207986831665,-0.11904455721378326,0.06933663040399551,-1.0914353132247925,-0.22083213925361633,0.08151131123304367,-0.8935412764549255,-0.15261666476726532,0.052842482924461365,-0.7830198407173157,-0.07164917141199112
0.0,0.0,0.0,0.4132915139198303,0.008883981965482235,-0.09182973951101303,0.8281390070915222,-0.1729787141084671,-0.13042008876800537,1.1326833963394165,-0.26546376943588257,-0.1861845701932907,1.3560436964035034,-0.29492634534835815,-0.24695241451263428,0.7229202389717102,-0.7885725498199463,-0.02678939700126648,0.8859377503395081,-1.195442795753479,-0.12199936807155609,0.9895626902580261,-1.4239224195480347,-0.1798323392868042,1.062934398651123,-1.6368012428283691,-0.22567227482795715,0.5189995169639587,-0.8527691960334778,-0.058516763150691986,0.671532154083252,-1.0434352159500122,-0.2506450116634369,0.5951400399208069,-0.712023913860321,-0.2999380826950073,0.5003154873847961,-0.5548257231712341,-0.28350138664245605,0.2980952560901642,-0.8653173446655273,-0.10536723583936691,0.42848560214042664,-1.0808063745498657,-0.3065527081489563,0.370518296957016,-0.7734946608543396,-0.25965121388435364,0.2850223779678345,-0.6471942067146301,-0.17038150131702423,0.05545400455594063,-0.8533056974411011,-0.15961739420890808,0.1882847547531128,-1.0809519290924072,-0.2864813804626465,0.18926909565925598,-0.8809410333633423,-0.22637370228767395,0.12905605137348175,-0.7724233269691467,-0.14737287163734436
0.0,0.0,0.0,0.4105852246284485,-0.002948615700006485,-0.08711652457714081,0.8149413466453552,-0.1814776062965393,-0.12546667456626892,1.1074117422103882,-0.27433374524116516,-0.18172435462474823,1.3222490549087524,-0.32084378600120544,-0.24155858159065247,0.7082121968269348,-0.7977278232574463,-0.02000088430941105,0.8648839592933655,-1.207063913345337,-0.11618251353502274,0.974369466304779,-1.4452345371246338,-0.17485567927360535,1.0462793111801147,-1.6636781692504883,-0.22173726558685303,0.5032095313072205,-0.8622796535491943,-0.05704231932759285,0.6703771948814392,-1.0682505369186401,-0.25065889954566956,0.5946452617645264,-0.7306100726127625,-0.3004363477230072,0.4937363862991333,-0.5775821208953857,-0.2834996283054352,0.2840409278869629,-0.873511016368866,-0.1092439517378807,0.4185812771320343,-1.108743667602539,-0.3156367838382721,0.37014755606651306,-0.7964406609535217,-0.27002495527267456,0.28243574500083923,-0.6724894046783447,-0.18041440844535828,0.04734987020492554,-0.8609418869018555,-0.1681358963251114,0.18161378800868988,-1.1053129434585571,-0.3037002384662628,0.19526928663253784,-0.8989961743354797,-0.24593809247016907,0.13967157900333405,-0.782157838344574,-0.16740460693836212
0.0,0.0,0.0,0.4015965163707733,-0.0026027171406894922,-0.1044355034828186,0.789953351020813,-0.20134206116199493,-0.14576764404773712,1.0427104234695435,-0.35280558466911316,-0.19711175560951233,1.2374807596206665,-0.4399224817752838,-0.25248822569847107,0.6715815663337708,-0.840070903301239,-0.03528353199362755,0.8092798590660095,-1.199961543083191,-0.11560676246881485,0.896292507648468,-1.408034086227417,-0.17908251285552979,0.9627947211265564,-1.60162353515625,-0.2304781973361969,0.4500761032104492,-0.8914391398429871,-0.05260932818055153,0.5437917113304138,-1.0799583196640015,-0.21688266098499298,0.491523802280426,-0.8031021356582642,-0.2784375548362732,0.41895875334739685,-0.6389029026031494,-0.2808610200881958,0.21781691908836365,-0.8795393109321594,-0.08218418061733246,0.3080950677394867,-1.0863285064697266,-0.2525738477706909,0.2763788104057312,-0.825995683670044,-0.22072520852088928,0.21138960123062134,-0.6854498386383057,-0.15227548778057098,-0.025591950863599777,-0.8376893401145935,-0.12057088315486908,0.059593044221401215,-1.0631647109985352,-0.22518706321716309,0.07775027304887772,-0.9030356407165527,-0.1728823333978653,0.04708508774638176,-0.7914013266563416,-0.10452839732170105
0.0,0.0,0.0,0.39333510398864746,-0.003990407567471266,-0.18523912131786346,0.7751061320304871,-0.22062727808952332,-0.25927409529685974,1.0294338464736938,-0.4220868945121765,-0.3258204162120819,1.2324055433273315,-0.5539006590843201,-0.3833480477333069,0.6218358278274536,-0.8786607980728149,-0.09714221954345703,0.7322283387184143,-1.263546109199524,-0.21292997896671295,0.7890684604644775,-1.5136134624481201,-0.28119832277297974,0.8175663948059082,-1.7350221872329712,-0.3274576663970947,0.3727076053619385,-0.9250836968421936,-0.07286406308412552,0.3991127014160156,-1.0973345041275024,-0.27137476205825806,0.3304823338985443,-0.7815157771110535,-0.30777376890182495,0.294758141040802,-0.6533059477806091,-0.27819281816482544,0.12981556355953217,-0.9263007044792175,-0.07217243313789368,0.14928218722343445,-1.1204721927642822,-0.2749687731266022,0.11205285787582397,-0.8277013897895813,-0.21110108494758606,0.08874817937612534,-0.7176058888435364,-0.1104484498500824,-0.104493647813797,-0.8994494080543518,-0.08801600337028503,-0.06828296929597855,-1.0902360677719116,-0.21061177551746368,-0.0675249844789505,-0.8862883448600769,-0.1397343873977661,-0.0834817886352539,-0.7788055539131165,-0.04752451553940773
0.0,0.0,0.0,0.406782329082489,-0.01216123253107071,-0.2133612483739853,0.7643358707427979,-0.23966500163078308,-0.28977030515670776,1.0101200342178345,-0.46525493264198303,-0.3486277163028717,1.218545913696289,-0.6202208399772644,-0.3907252848148346,0.6112642884254456,-0.8808086514472961,-0.11252029240131378,0.7076883316040039,-1.2481039762496948,-0.23569412529468536,0.7392768263816833,-1.497030258178711,-0.29086145758628845,0.7617203593254089,-1.715108871459961,-0.32172948122024536,0.36953842639923096,-0.9264515042304993,-0.07161661237478256,0.34833917021751404,-1.1036794185638428,-0.2527633607387543,0.27103474736213684,-0.7707399129867554,-0.2503392696380615,0.2898642122745514,-0.6579736471176147,-0.19162335991859436,0.1344243288040161,-0.9336725473403931,-0.06229442358016968,0.10418230295181274,-1.122127652168274,-0.26245465874671936,0.06518799811601639,-0.8076483607292175,-0.17443013191223145,0.09877670556306839,-0.7146973013877869,-0.05582297593355179,-0.09120214730501175,-0.903769850730896,-0.0734298899769783,-0.10917245596647263,-1.0935313701629639,-0.19379346072673798,-0.1121135950088501,-0.8656521439552307,-0.11118614673614502,-0.09204384684562683,-0.7516307830810547,-0.00913811195641756
0.0,0.0,0.0,0.40871748328208923,-0.026376506313681602,-0.18373623490333557,0.7799708247184753,-0.27591824531555176,-0.24541102349758148,1.020911693572998,-0.5029804110527039,-0.30016037821769714,1.2266027927398682,-0.6180998086929321,-0.34656453132629395,0.5805040597915649,-0.8877567648887634,-0.08373746275901794,0.692604124546051,-1.2634153366088867,-0.1904466599225998,0.7205221652984619,-1.5222209692001343,-0.24739068746566772,0.7273662090301514,-1.7427290678024292,-0.28817448019981384,0.3339793384075165,-0.9408953189849854,-0.056335899978876114,0.2887539863586426,-1.1426845788955688,-0.24847707152366638,0.22017231583595276,-0.8413203954696655,-0.27080467343330383,0.23637443780899048,-0.6991978883743286,-0.2310785949230194,0.09878215938806534,-0.9457257390022278,-0.054453812539577484,0.04396818205714226,-1.1547056436538696,-0.24600274860858917,0.007173182908445597,-0.8850353956222534,-0.17770497500896454,0.036859530955553055,-0.7678687572479248,-0.07721332460641861,-0.12241031229496002,-0.9143555164337158,-0.07129611819982529,-0.15914183855056763,-1.1107511520385742,-0.18872158229351044,-0.16369302570819855,-0.9164754152297974,-0.12300063669681549,-0.13133114576339722,-0.7958932518959045,-0.036392759531736374
0.0,0.0,0.0,0.4097076654434204,-0.046610791236162186,-0.19092373549938202,0.7686119675636292,-0.3058534562587738,-0.2605891227722168,1.0382146835327148,-0.5122905969619751,-0.32364407181739807,1.266430139541626,-0.5976106524467468,-0.37971094250679016,0.5334956049919128,-0.9062178134918213,-0.09755074232816696,0.6456912755966187,-1.2939422130584717,-0.21386101841926575,0.6724979281425476,-1.557957649230957,-0.27919018268585205,0.6892192959785461,-1.781448245048523,-0.32714539766311646,0.2750674784183502,-0.958579957485199,-0.0739075243473053,0.2063867747783661,-1.1757489442825317,-0.28526565432548523,0.13088518381118774,-0.8725537657737732,-0.3162747025489807,0.16202425956726074,-0.7081471681594849,-0.2782764434814453,0.03408544883131981,-0.9559192657470703,-0.07711823284626007,-0.04320886358618736,-1.1710447072982788,-0.2815573215484619,-0.08801871538162231,-0.9071636199951172,-0.22208525240421295,-0.038735583424568176,-0.7829591631889343,-0.12288574874401093,-0.17424580454826355,-0.9100478291511536,-0.09959732741117477,-0.2506067156791687,-1.1073206663131714,-0.22085605561733246,-0.26466700434684753,-0.923255443572998,-0.15980856120586395,-0.2126045823097229,-0.8017705082893372,-0.07540419697761536
0.0,0.0,0.0,0.4116904139518738,-0.04010571166872978,-0.21739564836025238,0.7427672743797302,-0.2999292016029358,-0.29920005798339844,1.0089601278305054,-0.5160472393035889,-0.3680361211299896,1.2520921230316162,-0.5896222591400146,-0.4255789518356323,0.5014590620994568,-0.9257427453994751,-0.11964304745197296,0.6033418774604797,-1.3102153539657593,-0.25375989079475403,0.6175243258476257,-1.5894545316696167,-0.3194756507873535,0.6350502371788025,-1.8175861835479736,-0.3641017973423004,0.2362319529056549,-0.9677861332893372,-0.08708907663822174,0.12233572453260422,-1.2197147607803345,-0.3092631995677948,0.033710893243551254,-0.8982415795326233,-0.32564833760261536,0.09963089972734451,-0.7480219006538391,-0.2697233259677887,-0.0038013646844774485,-0.962250828742981,-0.08667496591806412,-0.12283758819103241,-1.1829793453216553,-0.3103119730949402,-0.17108598351478577,-0.9131404161453247,-0.24240747094154358,-0.08597548305988312,-0.8184337615966797,-0.1293613761663437,-0.20393402874469757,-0.9095168709754944,-0.10816449671983719,-0.31494104862213135,-1.1054941415786743,-0.23994846642017365,-0.32773616909980774,-0.9248979091644287,-0.17528483271598816,-0.2465442270040512,-0.8205925822257996,-0.08354205638170242
0.0,0.0,0.0,0.41078993678092957,-0.052911195904016495,-0.22590695321559906,0.7276509404182434,-0.30134162306785583,-0.31727030873298645,1.0099865198135376,-0.48792144656181335,-0.39851176738739014,1.2499366998672485,-0.5312443971633911,-0.4704214632511139,0.4872933030128479,-0.9310644865036011,-0.12701259553432465,0.5879274010658264,-1.3310109376907349,-0.27482539415359497,0.5935820937156677,-1.6177327632904053,-0.3446711003780365,0.6018503904342651,-1.849406361579895,-0.39003419876098633,0.21519890427589417,-0.9717027544975281,-0.09738169610500336,0.0825604498386383,-1.226184606552124,-0.3454083502292633,-0.02082040347158909,-0.8986417651176453,-0.36637529730796814,0.034336380660533905,-0.7439999580383301,-0.3063335418701172,-0.02622111327946186,-0.9632485508918762,-0.10204120725393295,-0.17499013245105743,-1.1930439472198486,-0.348008394241333,-0.22782209515571594,-0.900505781173706,-0.28259479999542236,-0.14138200879096985,-0.7915857434272766,-0.16414381563663483,-0.22608736157417297,-0.9017179012298584,-0.12917324900627136,-0.36611735820770264,-1.0976790189743042,-0.2756401300430298,-0.3853483200073242,-0.8978871703147888,-0.21320927143096924,-0.2984751760959625,-0.7813788652420044,-0.11925652623176575
0.0,0.0,0.0,0.4015651345252991,-0.057650599628686905,-0.2266523838043213,0.7308897972106934,-0.285209983587265,-0.326613187789917,1.0268001556396484,-0.44608935713768005,-0.41587090492248535,1.2685213088989258,-0.48712554574012756,-0.49454668164253235,0.4953542649745941,-0.9227010607719421,-0.14121542870998383,0.597337543964386,-1.3214958906173706,-0.29459893703460693,0.6053594350814819,-1.6030125617980957,-0.3656807243824005,0.6168016195297241,-1.8344967365264893,-0.41010767221450806,0.22717855870723724,-0.9672940969467163,-0.11283639073371887,0.10574005544185638,-1.2081022262573242,-0.360204815864563,0.008778228424489498,-0.8698116540908813,-0.3774784803390503,0.06390445679426193,-0.7160277366638184,-0.3160572350025177,-0.015788430348038673,-0.9654276967048645,-0.11832243949174881,-0.1584809422492981,-1.181710958480835,-0.3634766936302185,-0.2028454840183258,-0.8792391419410706,-0.29228079319000244,-0.11571339517831802,-0.7734108567237854,-0.17045049369335175,-0.2186550498008728,-0.9134689569473267,-0.14638756215572357,-0.34734830260276794,-1.1011481285095215,-0.2874903976917267,-0.35610145330429077,-0.8900231719017029,-0.21666193008422852,-0.27156439423561096,-0.7741538286209106,-0.11713693290948868
