feature_0,feature_1,feature_2,feature_3,feature_4,feature_5,feature_6,feature_7,feature_8,feature_9,feature_10,feature_11,feature_12,feature_13,feature_14,feature_15,feature_16,feature_17,feature_18,feature_19,feature_20,feature_21,feature_22,feature_23,feature_24,feature_25,feature_26,feature_27,feature_28,feature_29,feature_30,feature_31,feature_32,feature_33,feature_34,feature_35,feature_36,feature_37,feature_38,feature_39,feature_40,feature_41,feature_42,feature_43,feature_44,feature_45,feature_46,feature_47,feature_48,feature_49,feature_50,feature_51,feature_52,feature_53,feature_54,feature_55,feature_56,feature_57,feature_58,feature_59,feature_60,feature_61,feature_62
0.0,0.0,0.0,0.36321407556533813,-0.13405872881412506,-0.16754168272018433,0.5889248251914978,-0.5701529383659363,-0.22736459970474243,0.4842352867126465,-0.925934910774231,-0.28316184878349304,0.3945535123348236,-1.2120260000228882,-0.3084079921245575,0.5443161129951477,-0.9215041399002075,-0.02936616539955139,0.7120202779769897,-1.0727168321609497,-0.27394193410873413,0.6578653454780579,-0.7611327171325684,-0.42544832825660706,0.5758075714111328,-0.4995836317539215,-0.4825734794139862,0.2784538269042969,-0.9598754644393921,-0.03320421651005745,0.4746897518634796,-1.1200252771377563,-0.29289326071739197,0.41612961888313293,-0.7086474299430847,-0.36144620180130005,0.3325643837451935,-0.4316723644733429,-0.33609646558761597,-0.0057996963150799274,-0.950346052646637,-0.08179023116827011,0.18787921965122223,-1.1622297763824463,-0.34946393966674805,0.16229774057865143,-0.748460590839386,-0.3126985430717468,0.09477549046278,-0.49643880128860474,-0.21101269125938416,-0.3175566494464874,-0.8876545429229736,-0.14307421445846558,-0.11591511219739914,-0.9432154297828674,-0.3481714427471161,-0.0794314369559288,-0.6238654255867004,-0.3212139904499054,-0.09749650955200195,-0.4530799090862274,-0.2443106472492218
0.0,0.0,0.0,0.3778609335422516,-0.12491995841264725,-0.1813877373933792,0.6200306415557861,-0.5653594732284546,-0.24721640348434448,0.5169104337692261,-0.9361132383346558,-0.30600079894065857,0.43052616715431213,-1.2387319803237915,-0.335336297750473,0.5546753406524658,-0.9136059284210205,-0.041361067444086075,0.7313961982727051,-1.0678997039794922,-0.29374149441719055,0.6835794448852539,-0.7766003608703613,-0.4523671865463257,0.6012324094772339,-0.5131000280380249,-0.5127143263816833,0.2810128629207611,-0.9588483572006226,-0.04051705449819565,0.4975240230560303,-1.1395856142044067,-0.31026533246040344,0.43126940727233887,-0.7320589423179626,-0.3871704041957855,0.3381841778755188,-0.43584170937538147,-0.36434975266456604,-0.01049190852791071,-0.9557805061340332,-0.08507216721773148,0.19690069556236267,-1.2004903554916382,-0.36883461475372314,0.16533350944519043,-0.7818369269371033,-0.3414572775363922,0.09378019720315933,-0.5089237093925476,-0.2409781664609909,-0.33171263337135315,-0.8983179330825806,-0.14187844097614288,-0.12515047192573547,-0.9713666439056396,-0.36711570620536804,-0.08221964538097382,-0.6441344022750854,-0.3482019901275635,-0.09286719560623169,-0.4524317681789398,-0.27215683460235596
0.0,0.0,0.0,0.3783728778362274,-0.11927923560142517,-0.18329055607318878,0.5955920815467834,-0.5635932087898254,-0.2534600496292114,0.4655328392982483,-0.9307848215103149,-0.31572651863098145,0.3470964729785919,-1.213780164718628,-0.3474939465522766,0.5672361254692078,-0.9154328107833862,-0.041109293699264526,0.7270007133483887,-1.0824462175369263,-0.2824406027793884,0.6619746685028076,-0.7824517488479614,-0.43316397070884705,0.5727071762084961,-0.5266743302345276,-0.49116024374961853,0.28833284974098206,-0.9567310214042664,-0.03911525011062622,0.47848576307296753,-1.1585087776184082,-0.29803669452667236,0.41200780868530273,-0.747231125831604,-0.365399569272995,0.3263883590698242,-0.4528917372226715,-0.33691540360450745,-0.001943245530128479,-0.94731605052948,-0.0826316550374031,0.1883794218301773,-1.1990258693695068,-0.349418044090271,0.1594075858592987,-0.7887559533119202,-0.3121115565299988,0.0944349467754364,-0.518510103225708,-0.2079666703939438,-0.30835238099098206,-0.8819977045059204,-0.13978147506713867,-0.12182639539241791,-0.9775395393371582,-0.3466401696205139,-0.09869818389415741,-0.6597817540168762,-0.31925585865974426,-0.12441901117563248,-0.4708070456981659,-0.24153313040733337
0.0,0.0,0.0,0.37478476762771606,-0.13159123063087463,-0.16751691699028015,0.6215905547142029,-0.5723446011543274,-0.2238105982542038,0.5383453369140625,-0.9489803910255432,-0.2751579284667969,0.4318618178367615,-1.2206742763519287,-0.2978465259075165,0.539919912815094,-0.9254652857780457,-0.035758987069129944,0.7160036563873291,-1.1294041872024536,-0.2630305886268616,0.6785125136375427,-0.8309757709503174,-0.40335986018180847,0.6117063760757446,-0.569019615650177,-0.454778254032135,0.26970958709716797,-0.9623692035675049,-0.03319902718067169,0.4690393805503845,-1.152462124824524,-0.27338916063308716,0.4321832060813904,-0.7514482736587524,-0.33513423800468445,0.3644391596317291,-0.4751615524291992,-0.31090667843818665,-0.01812152750790119,-0.9532716870307922,-0.07283256202936172,0.17124272882938385,-1.195485234260559,-0.32512959837913513,0.15470147132873535,-0.7827478051185608,-0.2827168107032776,0.09526445716619492,-0.5147387385368347,-0.1805775761604309,-0.3314242660999298,-0.891056478023529,-0.12512776255607605,-0.13133393228054047,-0.9856249094009399,-0.31836751103401184,-0.09241411834955215,-0.6699638962745667,-0.2843051254749298,-0.11422140896320343,-0.47908639907836914,-0.20459231734275818
0.0,0.0,0.0,0.3623211681842804,-0.15020820498466492,-0.16375508904457092,0.5767912268638611,-0.5476508736610413,-0.23624585568904877,0.4149914085865021,-0.8592276573181152,-0.30640077590942383,0.2547186017036438,-1.0768394470214844,-0.34581050276756287,0.5103241801261902,-0.921120822429657,-0.03404630348086357,0.7110539078712463,-1.0805529356002808,-0.2738874554634094,0.6676700115203857,-0.7659505009651184,-0.42539602518081665,0.597915530204773,-0.504223108291626,-0.48418641090393066,0.2528725564479828,-0.966704785823822,-0.03920910134911537,0.47829771041870117,-1.0909005403518677,-0.2962705194950104,0.4305655360221863,-0.6884342432022095,-0.367887407541275,0.3568587303161621,-0.41172927618026733,-0.3452691435813904,-0.015846623107790947,-0.964270293712616,-0.08737187087535858,0.19576352834701538,-1.1143162250518799,-0.34062108397483826,0.16508647799491882,-0.7051437497138977,-0.3070855140686035,0.09699156135320663,-0.44569504261016846,-0.20944936573505402,-0.3084479868412018,-0.9106400609016418,-0.1500784009695053,-0.08694229274988174,-0.9007400870323181,-0.3300623893737793,-0.054294101893901825,-0.5880684852600098,-0.30154335498809814,-0.07752466946840286,-0.41411733627319336,-0.22720511257648468
0.0,0.0,0.0,0.3338768482208252,-0.1564662605524063,-0.14076122641563416,0.5352744460105896,-0.5364135503768921,-0.19468021392822266,0.4306749999523163,-0.8356496691703796,-0.24858896434307098,0.3329770565032959,-1.068520188331604,-0.2739645838737488,0.4611859917640686,-0.9260112643241882,-0.01573701947927475,0.6500049233436584,-1.0379410982131958,-0.24359320104122162,0.6206662654876709,-0.7377331852912903,-0.38330361247062683,0.5643824338912964,-0.49253174662590027,-0.43379223346710205,0.22193986177444458,-0.9747743010520935,-0.023617876693606377,0.44188740849494934,-1.0439248085021973,-0.26448947191238403,0.39251789450645447,-0.6505112051963806,-0.32430824637413025,0.32041671872138977,-0.39615288376808167,-0.29549485445022583,-0.0353584960103035,-0.9657095670700073,-0.07229611277580261,0.17502647638320923,-1.0438679456710815,-0.31580430269241333,0.14091725647449493,-0.6569933891296387,-0.28824859857559204,0.06721851974725723,-0.4297627806663513,-0.1958845853805542,-0.3153475821018219,-0.8993142247200012,-0.13318271934986115,-0.1180325448513031,-0.8648983240127563,-0.3078535795211792,-0.07028967142105103,-0.5709125995635986,-0.28552138805389404,-0.08191374689340591,-0.4157387912273407,-0.21513469517230988
0.0,0.0,0.0,0.35435745120048523,-0.1209389790892601,-0.18932290375232697,0.5644874572753906,-0.5478503108024597,-0.2649933099746704,0.39421677589416504,-0.8914730548858643,-0.33061617612838745,0.25450941920280457,-1.166534185409546,-0.36432576179504395,0.49955281615257263,-0.9348254203796387,-0.05890917032957077,0.6874938011169434,-1.1037108898162842,-0.3041505813598633,0.6634737849235535,-0.7925808429718018,-0.4559684991836548,0.5925291180610657,-0.5289709568023682,-0.5144861340522766,0.2312828004360199,-0.9714291095733643,-0.05323315039277077,0.4546049237251282,-1.1517564058303833,-0.30768969655036926,0.4127383828163147,-0.7451655864715576,-0.37781205773353577,0.32739517092704773,-0.4736073315143585,-0.35682886838912964,-0.04609158635139465,-0.9545606970787048,-0.09208071231842041,0.16433775424957275,-1.2151334285736084,-0.36059239506721497,0.16022467613220215,-0.798698902130127,-0.3311708867549896,0.09529750049114227,-0.5397153496742249,-0.23642151057720184,-0.35128718614578247,-0.8775047659873962,-0.14464282989501953,-0.1405782252550125,-0.9360545873641968,-0.362333208322525,-0.07426044344902039,-0.6089614629745483,-0.3483654856681824,-0.07966270297765732,-0.4308595359325409,-0.28024521470069885
0.0,0.0,0.0,0.36367174983024597,-0.12089075893163681,-0.1808837503194809,0.5571309328079224,-0.584700345993042,-0.25761526823043823,0.3108578622341156,-0.9302656054496765,-0.32607191801071167,0.10142697393894196,-1.1761976480484009,-0.364899605512619,0.5150870680809021,-0.9356991052627563,-0.04654306918382645,0.6949445605278015,-1.1288264989852905,-0.27900364995002747,0.6644967794418335,-0.8362089395523071,-0.4270479083061218,0.5898621082305908,-0.5686996579170227,-0.48746174573898315,0.2355111688375473,-0.9706420302391052,-0.048873916268348694,0.4578626751899719,-1.1870496273040771,-0.3005464971065521,0.4184090793132782,-0.790363609790802,-0.37662649154663086,0.3288972079753876,-0.49638012051582336,-0.3588344156742096,-0.05255301296710968,-0.9557418823242188,-0.0942256972193718,0.15961426496505737,-1.2528167963027954,-0.3641611337661743,0.16224956512451172,-0.8396105766296387,-0.35013681650161743,0.09832041710615158,-0.5668685436248779,-0.2666639983654022,-0.36396482586860657,-0.8825878500938416,-0.15073399245738983,-0.1472557783126831,-0.9551703929901123,-0.37830430269241333,-0.07625340670347214,-0.6161060333251953,-0.37488192319869995,-0.07718629390001297,-0.41762790083885193,-0.31535112857818604
0.0,0.0,0.0,0.38419583439826965,-0.1027945727109909,-0.1821748912334442,0.6086286902427673,-0.5882694721221924,-0.2405887246131897,0.45506593585014343,-0.9711077809333801,-0.2887294590473175,0.37377944588661194,-1.2699865102767944,-0.30565521121025085,0.5166500210762024,-0.9376259446144104,-0.05125021934509277,0.6767258644104004,-1.1561588048934937,-0.2706662714481354,0.6436548829078674,-0.8607172966003418,-0.4038166403770447,0.5658549666404724,-0.5844916105270386,-0.45370376110076904,0.23461702466011047,-0.9710600972175598,-0.044689204543828964,0.43069693446159363,-1.2139315605163574,-0.28554877638816833,0.41053009033203125,-0.8281727433204651,-0.3546755015850067,0.34034061431884766,-0.5303298234939575,-0.3328425884246826,-0.05498528480529785,-0.9552536606788635,-0.08099709451198578,0.1419306844472885,-1.2828372716903687,-0.3506227433681488,0.16529835760593414,-0.8755614161491394,-0.34315985441207886,0.12518726289272308,-0.5910652279853821,-0.2649330794811249,-0.3652563989162445,-0.8778320550918579,-0.12787123024463654,-0.1483093500137329,-0.9472905397415161,-0.3759690225124359,-0.0687660500407219,-0.6006498336791992,-0.39417293667793274,-0.0552106611430645,-0.387176513671875,-0.3468538820743561
0.0,0.0,0.0,0.3615327775478363,-0.09727812558412552,-0.17627711594104767,0.6092433333396912,-0.5833091735839844,-0.2254783660173416,0.5122228860855103,-0.9771730303764343,-0.2668478190898895,0.4617832601070404,-1.2998601198196411,-0.2767031490802765,0.5077181458473206,-0.936721682548523,-0.03401339054107666,0.6665090918540955,-1.1272917985916138,-0.259164422750473,0.6286028623580933,-0.8312174081802368,-0.4014630913734436,0.5457850694656372,-0.5609107613563538,-0.4574899971485138,0.23451082408428192,-0.9715673327445984,-0.032581258565187454,0.44163575768470764,-1.1875799894332886,-0.2789364457130432,0.4183823764324188,-0.8111922144889832,-0.3569439649581909,0.3428841531276703,-0.5230257511138916,-0.34071671962738037,-0.0438360758125782,-0.9553345441818237,-0.07445675879716873,0.1587141901254654,-1.2420614957809448,-0.3434731364250183,0.1706470251083374,-0.842200756072998,-0.3336646556854248,0.12360531091690063,-0.575563371181488,-0.25435879826545715,-0.34529373049736023,-0.8790469169616699,-0.1281954050064087,-0.11985975503921509,-0.9126911163330078,-0.3690147399902344,-0.05946735665202141,-0.5700816512107849,-0.38094019889831543,-0.05724238604307175,-0.3713155686855316,-0.3295309245586395
0.0,0.0,0.0,0.3638695478439331,-0.11630541831254959,-0.1752525120973587,0.5776368975639343,-0.5763181447982788,-0.24264360964298248,0.3514693081378937,-0.9278181195259094,-0.3029521107673645,0.17031699419021606,-1.1796960830688477,-0.332785427570343,0.523360550403595,-0.9367287755012512,-0.03633906692266464,0.6758935451507568,-1.1433016061782837,-0.26490023732185364,0.6433810591697693,-0.8563499450683594,-0.4107576906681061,0.5728849172592163,-0.58660888671875,-0.46895816922187805,0.2410171777009964,-0.9696953892707825,-0.04001963138580322,0.4406515061855316,-1.20149827003479,-0.2892235815525055,0.4199684262275696,-0.8255229592323303,-0.36946773529052734,0.35172930359840393,-0.5356099009513855,-0.3530031740665436,-0.043150391429662704,-0.9523531198501587,-0.08621573448181152,0.14769001305103302,-1.2506088018417358,-0.35455557703971863,0.16072626411914825,-0.8466939330101013,-0.34679070115089417,0.1181451752781868,-0.5751553773880005,-0.2676100432872772,-0.3488196134567261,-0.8747348785400391,-0.1440960317850113,-0.13588450849056244,-0.9221184253692627,-0.37921544909477234,-0.06422460079193115,-0.5796521902084351,-0.3877984285354614,-0.05168361961841583,-0.3790028691291809,-0.33474889397621155
0.0,0.0,0.0,0.3549504578113556,-0.15166522562503815,-0.17718000710010529,0.5123388171195984,-0.5962026715278625,-0.26717305183410645,0.2143852412700653,-0.9232453107833862,-0.35067206621170044,-0.03127122297883034,-1.159802794456482,-0.40385913848876953,0.508276104927063,-0.9346964955329895,-0.04886442422866821,0.6570078134536743,-1.1200895309448242,-0.27830415964126587,0.6032969355583191,-0.8163113594055176,-0.4303243160247803,0.5189042091369629,-0.5427864193916321,-0.49616584181785583,0.23008115589618683,-0.9716075658798218,-0.055147990584373474,0.4312327802181244,-1.194631576538086,-0.3007206916809082,0.39175161719322205,-0.8207871317863464,-0.3812386095523834,0.31569698452949524,-0.5261412262916565,-0.37054845690727234,-0.05841917172074318,-0.9601621031761169,-0.10321225970983505,0.13445128500461578,-1.2673146724700928,-0.35970738530158997,0.13993850350379944,-0.8726593255996704,-0.34653422236442566,0.09199845790863037,-0.6003564596176147,-0.26944059133529663,-0.36976832151412964,-0.8858610391616821,-0.16336387395858765,-0.15326112508773804,-0.9489349126815796,-0.3788307011127472,-0.08835821598768234,-0.6115313768386841,-0.37400883436203003,-0.08752202987670898,-0.41035524010658264,-0.3177952170372009
0.0,0.0,0.0,0.34450212121009827,-0.13072529435157776,-0.18121543526649475,0.5139660239219666,-0.594139039516449,-0.27216559648513794,0.19307129085063934,-0.9183303713798523,-0.35427191853523254,-0.08203013986349106,-1.1403082609176636,-0.4047071933746338,0.48786136507987976,-0.9367435574531555,-0.05721525102853775,0.6658838391304016,-1.1362504959106445,-0.28849008679389954,0.6498944163322449,-0.8343411684036255,-0.4417589604854584,0.5863870978355408,-0.5568908452987671,-0.5080238580703735,0.21254011988639832,-0.9749486446380615,-0.06558854132890701,0.44353625178337097,-1.2051326036453247,-0.30855149030685425,0.43206560611724854,-0.8257689476013184,-0.38573867082595825,0.35777243971824646,-0.5299953818321228,-0.37453779578208923,-0.06889812648296356,-0.9590407013893127,-0.11581354588270187,0.14454394578933716,-1.2926141023635864,-0.37227708101272583,0.16845877468585968,-0.8913554549217224,-0.3518613278865814,0.11587872356176376,-0.6178895831108093,-0.27309951186180115,-0.374528706073761,-0.8802182674407959,-0.17863592505455017,-0.13402801752090454,-0.9553262591362,-0.394968181848526,-0.07382068783044815,-0.6042416095733643,-0.3826477527618408,-0.09420163929462433,-0.39433372020721436,-0.3234095275402069
0.0,0.0,0.0,0.3496737778186798,-0.1300443708896637,-0.1704367846250534,0.5149347186088562,-0.5634099245071411,-0.25379255414009094,0.2322123944759369,-0.8740257024765015,-0.3264472484588623,-0.022990072146058083,-1.079846739768982,-0.3699074387550354,0.4342019855976105,-0.9472813606262207,-0.0529659166932106,0.6226865649223328,-1.1108587980270386,-0.2699345350265503,0.6311638355255127,-0.8272770047187805,-0.4153909385204315,0.5656411647796631,-0.5582351684570312,-0.4765147566795349,0.17288540303707123,-0.9830799698829651,-0.060533829033374786,0.399282842874527,-1.2055391073226929,-0.2739257514476776,0.42653989791870117,-0.8412642478942871,-0.3405694365501404,0.36313456296920776,-0.5373711585998535,-0.3269931972026825,-0.08672267198562622,-0.9520261883735657,-0.10742475092411041,0.11347512900829315,-1.241188883781433,-0.3374815285205841,0.17085249722003937,-0.8710146546363831,-0.32218047976493835,0.1253736913204193,-0.599486768245697,-0.2515600025653839,-0.36514806747436523,-0.8472447395324707,-0.16676072776317596,-0.11376316100358963,-0.9263180494308472,-0.3590298593044281,-0.0209518913179636,-0.6023905873298645,-0.34636926651000977,-0.03260006755590439,-0.3850540518760681,-0.2910988926887512
0.0,0.0,0.0,0.35658395290374756,-0.12875410914421082,-0.16697745025157928,0.5338335037231445,-0.5687083005905151,-0.2538914680480957,0.24174615740776062,-0.8718711137771606,-0.3323330283164978,-0.03444932401180267,-1.0600205659866333,-0.3808635175228119,0.4548269510269165,-0.9432392716407776,-0.05622780695557594,0.6501815915107727,-1.11492919921875,-0.2835373878479004,0.6569904685020447,-0.8179494738578796,-0.4388226270675659,0.6008728742599487,-0.5365660786628723,-0.5065708160400391,0.19061130285263062,-0.9791920781135559,-0.06964302062988281,0.4379037320613861,-1.174521565437317,-0.29864177107810974,0.4627356231212616,-0.8051064014434814,-0.3733888864517212,0.39893338084220886,-0.49918055534362793,-0.36473238468170166,-0.07281051576137543,-0.9500783681869507,-0.1226348876953125,0.14347907900810242,-1.2424949407577515,-0.35913726687431335,0.20220698416233063,-0.8592545986175537,-0.34269770979881287,0.15776416659355164,-0.5807856321334839,-0.2729741632938385,-0.3543020486831665,-0.8491783142089844,-0.1888130158185959,-0.08374089747667313,-0.9065132141113281,-0.3888903856277466,0.003168623661622405,-0.5732566714286804,-0.3796561360359192,-0.01579752005636692,-0.3575487732887268,-0.3265400826931
0.0,0.0,0.0,0.34505608677864075,-0.13457821309566498,-0.1801130175590515,0.5261209011077881,-0.5753604173660278,-0.2641947567462921,0.25943976640701294,-0.8842716217041016,-0.33888447284698486,0.02494211494922638,-1.09201979637146,-0.3844258189201355,0.44768965244293213,-0.9500109553337097,-0.050738006830215454,0.6410814523696899,-1.0859068632125854,-0.2870335876941681,0.6349903345108032,-0.8008392453193665,-0.4460485577583313,0.5854440331459045,-0.5304586887359619,-0.5143702030181885,0.17958508431911469,-0.982195258140564,-0.055150605738162994,0.42751070857048035,-1.1269890069961548,-0.30273473262786865,0.4328051805496216,-0.7409340739250183,-0.37994930148124695,0.37209540605545044,-0.43494030833244324,-0.3667643964290619,-0.08206786215305328,-0.9526394009590149,-0.1019282415509224,0.16755104064941406,-1.163482666015625,-0.3530648350715637,0.1904032826423645,-0.7533535361289978,-0.3275909721851349,0.13242384791374207,-0.4762272536754608,-0.24375736713409424,-0.3583332300186157,-0.8577631115913391,-0.16352923214435577,-0.08518676459789276,-0.8629425764083862,-0.36280158162117004,-0.043871570378541946,-0.5251792073249817,-0.34619268774986267,-0.08417212963104248,-0.3290901184082031,-0.28403446078300476
0.0,0.0,0.0,0.3606187403202057,-0.14194443821907043,-0.17979289591312408,0.5250909328460693,-0.58123779296875,-0.2619002163410187,0.2527688443660736,-0.8869406580924988,-0.3360970914363861,0.014781177043914795,-1.0934923887252808,-0.3783515393733978,0.4830259382724762,-0.9389041066169739,-0.03904302418231964,0.6820359826087952,-1.087533950805664,-0.2789965867996216,0.6629645824432373,-0.794919490814209,-0.43720415234565735,0.6049144864082336,-0.5255545377731323,-0.5043954253196716,0.21801039576530457,-0.9749945998191833,-0.043094512075185776,0.47132202982902527,-1.1272342205047607,-0.2977096438407898,0.45298218727111816,-0.7403877973556519,-0.3700414001941681,0.3793800473213196,-0.4432421922683716,-0.35112425684928894,-0.048006512224674225,-0.9547392129898071,-0.09264130890369415,0.20779697597026825,-1.1537203788757324,-0.340065598487854,0.2020692378282547,-0.7531134486198425,-0.3065989017486572,0.1238483116030693,-0.49259185791015625,-0.21622662246227264,-0.32772722840309143,-0.8707823753356934,-0.15873955190181732,-0.06075728312134743,-0.8824406266212463,-0.3393232524394989,-0.05066277086734772,-0.5662959218025208,-0.31459981203079224,-0.12237740308046341,-0.39882540702819824,-0.24999183416366577
0.0,0.0,0.0,0.3897120952606201,-0.1452336609363556,-0.16712668538093567,0.6442418694496155,-0.5895934104919434,-0.22310808300971985,0.6376001834869385,-0.9501546025276184,-0.2764783501625061,0.6259907484054565,-1.2540135383605957,-0.2997294068336487,0.5111328959465027,-0.94375079870224,-0.03439304232597351,0.7130588293075562,-1.1264842748641968,-0.2778847813606262,0.6823042631149292,-0.8275808095932007,-0.43067753314971924,0.6095720529556274,-0.5512844324111938,-0.48798027634620667,0.2537311911582947,-0.9666157960891724,-0.03569800406694412,0.47566697001457214,-1.1521728038787842,-0.2968677580356598,0.43515607714653015,-0.7487800717353821,-0.36774003505706787,0.35000839829444885,-0.44798731803894043,-0.3456558585166931,-0.018503135070204735,-0.9402356743812561,-0.08218411356210709,0.2115902155637741,-1.1910961866378784,-0.3412705361843109,0.19576537609100342,-0.7962768077850342,-0.3041071891784668,0.11883323639631271,-0.5314175486564636,-0.20662620663642883,-0.305509477853775,-0.853844940662384,-0.14288944005966187,-0.07038608938455582,-0.9279933571815491,-0.3409230411052704,-0.05917609855532646,-0.6276633739471436,-0.31632739305496216,-0.12224555015563965,-0.44800588488578796,-0.24463681876659393
0.0,0.0,0.0,0.3911704421043396,-0.1621328890323639,-0.1822066754102707,0.5285150408744812,-0.6113287806510925,-0.26766613125801086,0.1996716856956482,-0.9376574158668518,-0.3481636643409729,-0.061898134648799896,-1.1665030717849731,-0.3950769901275635,0.5350955128669739,-0.9367043972015381,-0.025599941611289978,0.684410035610199,-1.1536571979522705,-0.25441116094589233,0.6212579607963562,-0.8497040271759033,-0.40557876229286194,0.5240499377250671,-0.5749050974845886,-0.47032859921455383,0.2629055678844452,-0.9643433094024658,-0.03037405200302601,0.4569452404975891,-1.2167247533798218,-0.28198379278182983,0.40915748476982117,-0.8374351263046265,-0.36124947667121887,0.3235909640789032,-0.546451985836029,-0.34571459889411926,-0.017520401626825333,-0.9458057284355164,-0.08141791820526123,0.19053798913955688,-1.2753883600234985,-0.3378082811832428,0.1762801706790924,-0.8878790140151978,-0.31444939970970154,0.10259804874658585,-0.6249436736106873,-0.22696629166603088,-0.32003042101860046,-0.8645246624946594,-0.14715828001499176,-0.10088293999433517,-0.9692716598510742,-0.3511887192726135,-0.09189798682928085,-0.6570233702659607,-0.3369571268558502,-0.15935641527175903,-0.4768778383731842,-0.2763194441795349
0.0,0.0,0.0,0.4272201359272003,-0.15236340463161469,-0.20689314603805542,0.6042336225509644,-0.5915517807006836,-0.3004201352596283,0.3457561135292053,-0.9569317102432251,-0.3849101662635803,0.1256476789712906,-1.2139275074005127,-0.43809807300567627,0.5574876070022583,-0.9411419630050659,-0.057334378361701965,0.7275757789611816,-1.1468850374221802,-0.3267310857772827,0.6878591179847717,-0.835452139377594,-0.5026082992553711,0.6114878058433533,-0.5528433918952942,-0.5734820365905762,0.27775394916534424,-0.9590989947319031,-0.05460542440414429,0.47817760705947876,-1.2471086978912354,-0.34161606431007385,0.4352942705154419,-0.8364864587783813,-0.42833659052848816,0.3573014438152313,-0.5223513245582581,-0.40588870644569397,-0.0017010794254019856,-0.9305622577667236,-0.1010286957025528,0.2006303071975708,-1.2518929243087769,-0.3918446898460388,0.18535898625850677,-0.8373813629150391,-0.35556715726852417,0.11639971286058426,-0.5532599091529846,-0.2424025684595108,-0.30207449197769165,-0.8474851846694946,-0.16358761489391327,-0.0918949767947197,-1.004084825515747,-0.3749522864818573,-0.06838512420654297,-0.6892111301422119,-0.3385268747806549,-0.11606395244598389,-0.4888148903846741,-0.2530917823314667
0.0,0.0,0.0,0.4126899540424347,-0.16293373703956604,-0.19909422099590302,0.5597729086875916,-0.5955765247344971,-0.295863538980484,0.2716129422187805,-0.9703008532524109,-0.37900301814079285,0.0021384123247116804,-1.210534691810608,-0.43276214599609375,0.6080848574638367,-0.9011378288269043,-0.08851861953735352,0.7665235996246338,-1.1649091243743896,-0.3253221809864044,0.6908841133117676,-0.8801930546760559,-0.4737170338630676,0.5869584679603577,-0.61907958984375,-0.532690167427063,0.3007711172103882,-0.9501751065254211,-0.08187850564718246,0.45632925629615784,-1.297311544418335,-0.31543079018592834,0.38283997774124146,-0.9294614791870117,-0.38151606917381287,0.29933246970176697,-0.6388146877288818,-0.35806557536125183,-0.005982365924865007,-0.932576060295105,-0.11587345600128174,0.10013503581285477,-1.239809513092041,-0.3589716851711273,0.08643864840269089,-0.8540145754814148,-0.318854957818985,0.036128342151641846,-0.5879584550857544,-0.21637661755084991,-0.32547104358673096,-0.8558300137519836,-0.16397987306118011,-0.19779722392559052,-1.0110082626342773,-0.3379230499267578,-0.14563220739364624,-0.7251447439193726,-0.2875302731990814,-0.14879551529884338,-0.5432905554771423,-0.19982865452766418
0.0,0.0,0.0,0.3950774371623993,-0.1663188636302948,-0.167760968208313,0.5415162444114685,-0.5941326022148132,-0.2469463348388672,0.2548154890537262,-0.9735493063926697,-0.32057854533195496,0.021063759922981262,-1.2283438444137573,-0.36881521344184875,0.5694511532783508,-0.8981634378433228,-0.021069202572107315,0.7215337157249451,-1.1775896549224854,-0.22588111460208893,0.7160754203796387,-0.9421009421348572,-0.3834795355796814,0.6424036622047424,-0.6749098896980286,-0.4577086865901947,0.31699275970458984,-0.9480839967727661,-0.025541866198182106,0.5019772052764893,-1.286205530166626,-0.2235526740550995,0.49388134479522705,-0.9905115365982056,-0.3185567557811737,0.4297258257865906,-0.7001484632492065,-0.33308371901512146,0.051973339170217514,-0.9338101148605347,-0.06978410482406616,0.22151266038417816,-1.3587497472763062,-0.2881925404071808,0.2576272189617157,-1.0763461589813232,-0.31067612767219543,0.2144276648759842,-0.8163525462150574,-0.2729650139808655,-0.25046342611312866,-0.8510500192642212,-0.12556080520153046,-0.04919377714395523,-1.0161592960357666,-0.3245719373226166,0.010310105048120022,-0.7298142313957214,-0.33549726009368896,-0.011187582276761532,-0.4983312487602234,-0.3009943962097168
0.0,0.0,0.0,0.3765700161457062,-0.15666550397872925,-0.14772437512874603,0.5203946232795715,-0.604749858379364,-0.2162448763847351,0.22427603602409363,-0.9609993100166321,-0.281218558549881,0.0013956035254523158,-1.216551423072815,-0.3187771737575531,0.5261977910995483,-0.9017738699913025,-0.017615655437111855,0.6805526614189148,-1.1789648532867432,-0.2036333978176117,0.7033392786979675,-0.9303288459777832,-0.33537501096725464,0.642354428768158,-0.6668024063110352,-0.3930835425853729,0.2742578983306885,-0.9611536264419556,-0.031085852533578873,0.45628997683525085,-1.305168867111206,-0.21556977927684784,0.4850398898124695,-1.005115270614624,-0.29819631576538086,0.4227326512336731,-0.7089864015579224,-0.3051680624485016,0.01017614547163248,-0.9550811648368835,-0.08140712976455688,0.16831882297992706,-1.3913559913635254,-0.29785478115081787,0.2410755753517151,-1.0844348669052124,-0.32914111018180847,0.21023957431316376,-0.8128576278686523,-0.29855242371559143,-0.27985626459121704,-0.8758031129837036,-0.13982445001602173,-0.04336617887020111,-1.0126906633377075,-0.34692034125328064,0.06399117410182953,-0.7120190858840942,-0.3760016858577728,0.061908379197120667,-0.4747157394886017,-0.3559030294418335
0.0,0.0,0.0,0.3606289029121399,-0.14781950414180756,-0.1623012125492096,0.5145999193191528,-0.578565239906311,-0.24440310895442963,0.20663709938526154,-0.9217316508293152,-0.31865814328193665,-0.036207832396030426,-1.1582748889923096,-0.36488470435142517,0.5422605276107788,-0.915452778339386,-0.05223456025123596,0.6844550967216492,-1.1672075986862183,-0.25112923979759216,0.679419994354248,-0.9098889231681824,-0.3869449496269226,0.6073018908500671,-0.6460660696029663,-0.4459300935268402,0.2708338797092438,-0.9606391787528992,-0.06181715056300163,0.4471229314804077,-1.2612632513046265,-0.2614542841911316,0.4540993273258209,-0.9450997114181519,-0.3402276933193207,0.38650551438331604,-0.6504265069961548,-0.34063050150871277,-0.0010505302343517542,-0.9403128027915955,-0.10859057307243347,0.15714968740940094,-1.3233716487884521,-0.3289545476436615,0.221009761095047,-1.0116844177246094,-0.3493571877479553,0.19302920997142792,-0.7491161823272705,-0.3100089132785797,-0.29111629724502563,-0.8450492024421692,-0.16529621183872223,-0.07069949060678482,-0.9411715269088745,-0.3680473268032074,0.03418107330799103,-0.6461834907531738,-0.3898739516735077,0.04307931289076805,-0.42827463150024414,-0.36301466822624207
0.0,0.0,0.0,0.35327768325805664,-0.15208548307418823,-0.18060727417469025,0.495963454246521,-0.5884931683540344,-0.2625308930873871,0.19077157974243164,-0.9261108636856079,-0.3368786573410034,-0.03791730850934982,-1.1778028011322021,-0.38037434220314026,0.5387277603149414,-0.9223222732543945,-0.02499241568148136,0.680575430393219,-1.1586859226226807,-0.24788852035999298,0.659412145614624,-0.8841157555580139,-0.39552420377731323,0.5878394246101379,-0.6142575740814209,-0.45703136920928955,0.2646993100643158,-0.9638972878456116,-0.0289201270788908,0.43121469020843506,-1.2314223051071167,-0.2660829722881317,0.40166157484054565,-0.8554610013961792,-0.34962719678878784,0.32587817311286926,-0.5588287711143494,-0.33874252438545227,-0.010019159875810146,-0.9415372014045715,-0.07632505148649216,0.146660715341568,-1.2820782661437988,-0.3379741311073303,0.16577152907848358,-0.9011555910110474,-0.3308921754360199,0.11913532018661499,-0.6302774548530579,-0.2536097466945648,-0.30896231532096863,-0.8513563275337219,-0.13548511266708374,-0.11774396151304245,-0.9551791548728943,-0.36839383840560913,-0.055484116077423096,-0.6205500960350037,-0.3684427738189697,-0.05809465050697327,-0.4041294753551483,-0.310383677482605
0.0,0.0,0.0,0.34897398948669434,-0.150265172123909,-0.16992808878421783,0.4873929023742676,-0.5910839438438416,-0.2486620545387268,0.19219277799129486,-0.9278896450996399,-0.32369717955589294,-0.0665217936038971,-1.1568177938461304,-0.37097224593162537,0.5440405607223511,-0.9344814419746399,-0.022404732182621956,0.6834784150123596,-1.1955784559249878,-0.24415838718414307,0.6516942977905273,-0.9184744954109192,-0.3919549286365509,0.5886251330375671,-0.6549014449119568,-0.4544677138328552,0.2615319788455963,-0.9646879434585571,-0.03127743676304817,0.4332714080810547,-1.2372174263000488,-0.26793190836906433,0.399251252412796,-0.8610830307006836,-0.34240829944610596,0.33839040994644165,-0.5619914531707764,-0.3255925476551056,-0.017557159066200256,-0.93259596824646,-0.08385061472654343,0.13667358458042145,-1.2646914720535278,-0.33554941415786743,0.14245294034481049,-0.8840237855911255,-0.3192654848098755,0.1079660952091217,-0.6080963015556335,-0.23706112802028656,-0.31085410714149475,-0.8359596729278564,-0.1491282731294632,-0.15295614302158356,-0.9443743824958801,-0.3598739802837372,-0.11232054978609085,-0.6150751709938049,-0.3490698039531708,-0.11623810231685638,-0.39754554629325867,-0.2880219519138336
0.0,0.0,0.0,0.3854253888130188,-0.2012576162815094,-0.16521228849887848,0.509846031665802,-0.62812739610672,-0.24941186606884003,0.199118509888649,-0.9604383707046509,-0.3347654640674591,-0.0629514828324318,-1.1743074655532837,-0.3931153416633606,0.5380181670188904,-0.9513193368911743,-0.016640322282910347,0.6595179438591003,-1.2203737497329712,-0.2579902112483978,0.6332716941833496,-0.9464048743247986,-0.42567649483680725,0.5700626373291016,-0.6689998507499695,-0.4958033561706543,0.250206857919693,-0.9677779674530029,-0.02832574024796486,0.40712201595306396,-1.271112084388733,-0.2816540002822876,0.3720827102661133,-0.9053112864494324,-0.37472137808799744,0.3118315041065216,-0.5994623899459839,-0.3664326071739197,-0.03520634025335312,-0.9288833737373352,-0.08289472758769989,0.09748005867004395,-1.2726027965545654,-0.3337192237377167,0.09694580733776093,-0.8856770992279053,-0.31155523657798767,0.05249897390604019,-0.5952073931694031,-0.2208467274904251,-0.3395700454711914,-0.8256586194038391,-0.15118913352489471,-0.1803559809923172,-0.9778429269790649,-0.3390064537525177,-0.12126749753952026,-0.6871846318244934,-0.3103645443916321,-0.12033332139253616,-0.48395124077796936,-0.23593595623970032
0.0,0.0,0.0,0.3740588426589966,-0.1992182731628418,-0.18859821557998657,0.467294305562973,-0.6532952189445496,-0.2785206735134125,0.11221449077129364,-0.9571370482444763,-0.3609819710254669,-0.17056022584438324,-1.1488693952560425,-0.4124539792537689,0.43732014298439026,-1.0013015270233154,-0.05930057168006897,0.5390450358390808,-1.257779598236084,-0.30354347825050354,0.5060770511627197,-0.9459766745567322,-0.45873045921325684,0.45167964696884155,-0.6603260040283203,-0.5210652947425842,0.14386306703090668,-0.9877922534942627,-0.05974861979484558,0.2650717496871948,-1.2686667442321777,-0.32565367221832275,0.2572098672389984,-0.8704204559326172,-0.40870770812034607,0.22782325744628906,-0.5595800280570984,-0.39081016182899475,-0.13092441856861115,-0.9265555143356323,-0.10408642143011093,-0.018303655087947845,-1.2573814392089844,-0.37184879183769226,0.004469824023544788,-0.8579800128936768,-0.3505091369152069,-0.020226124674081802,-0.5687757730484009,-0.2588053345680237,-0.4091798663139343,-0.8054572343826294,-0.1624186486005783,-0.26106736063957214,-0.9184061288833618,-0.37155458331108093,-0.19309911131858826,-0.6082013249397278,-0.3569750487804413,-0.18579429388046265,-0.40804797410964966,-0.2900352478027344
0.0,0.0,0.0,0.34632381796836853,-0.1829734891653061,-0.1566927582025528,0.5100190043449402,-0.6064601540565491,-0.2199564427137375,0.40765249729156494,-0.917539656162262,-0.28325068950653076,0.3376584053039551,-1.1486135721206665,-0.31769663095474243,0.38331472873687744,-1.0014469623565674,-0.04396655783057213,0.5079538226127625,-1.1968737840652466,-0.2903687357902527,0.5046724081039429,-0.8755285143852234,-0.4432191252708435,0.4725411832332611,-0.598020076751709,-0.49923911690711975,0.11656378954648972,-0.9918729662895203,-0.050998710095882416,0.2555948495864868,-1.1760106086730957,-0.3151353597640991,0.2722880244255066,-0.7638824582099915,-0.38505107164382935,0.2507009506225586,-0.4723834693431854,-0.3587300181388855,-0.14749754965305328,-0.9240100383758545,-0.09997549653053284,-0.025417551398277283,-1.1615800857543945,-0.36337730288505554,0.012409167364239693,-0.753248929977417,-0.32816678285598755,-0.003925584722310305,-0.47871965169906616,-0.2262304574251175,-0.41297051310539246,-0.7979498505592346,-0.1618688851594925,-0.26195594668388367,-0.8734211921691895,-0.36500880122184753,-0.17893780767917633,-0.5718611478805542,-0.343485563993454,-0.1616598218679428,-0.3871288299560547,-0.26777735352516174
0.0,0.0,0.0,0.25536346435546875,-0.1449291706085205,-0.14655256271362305,0.43768784403800964,-0.42011189460754395,-0.2401224970817566,0.5639213919639587,-0.6142745614051819,-0.3323606848716736,0.6905359625816345,-0.7444100379943848,-0.4006023108959198,0.29150089621543884,-0.9812934994697571,-0.10854551196098328,0.45260000228881836,-0.9492554664611816,-0.3634049892425537,0.455928236246109,-0.6303704380989075,-0.520496129989624,0.4311390519142151,-0.38808688521385193,-0.5818564891815186,0.04293770343065262,-0.9916203618049622,-0.12184137105941772,0.22338373959064484,-0.8972564339637756,-0.37355276942253113,0.23766110837459564,-0.5177338123321533,-0.4289482533931732,0.20951229333877563,-0.28165721893310547,-0.4045218527317047,-0.1989976018667221,-0.9004852771759033,-0.1710282266139984,-0.022075936198234558,-0.8092660307884216,-0.4000597894191742,0.007326710503548384,-0.45748284459114075,-0.35941997170448303,-0.021015150472521782,-0.2591513395309448,-0.2666158676147461,-0.4181194305419922,-0.7468845248222351,-0.23598702251911163,-0.2621401846408844,-0.6332769393920898,-0.37912970781326294,-0.1854790300130844,-0.39684781432151794,-0.3433871567249298,-0.1742360144853592,-0.280424028635025,-0.2688862681388855
0.0,0.0,0.0,0.27428990602493286,-0.15582819283008575,-0.14222510159015656,0.46861615777015686,-0.4461832046508789,-0.2223515510559082,0.5871630907058716,-0.658859372138977,-0.30109259486198425,0.7082367539405823,-0.7962107062339783,-0.3547527492046356,0.2920171022415161,-0.9783817529678345,-0.08545289188623428,0.4605432152748108,-0.9274716377258301,-0.3294466435909271,0.46887442469596863,-0.617034375667572,-0.4764098525047302,0.44541504979133606,-0.3960433006286621,-0.5347569584846497,0.04612087085843086,-0.9940208792686462,-0.09897184371948242,0.24160924553871155,-0.8674771785736084,-0.342777818441391,0.25299641489982605,-0.4890238344669342,-0.3940635025501251,0.2147546261548996,-0.28235626220703125,-0.3690453767776489,-0.18698793649673462,-0.9012537598609924,-0.14900413155555725,0.005249914713203907,-0.7892271876335144,-0.3791040778160095,0.029565174132585526,-0.4422219693660736,-0.3372637927532196,-0.007316818926483393,-0.26887840032577515,-0.24505549669265747,-0.3976929187774658,-0.7434907555580139,-0.21470175683498383,-0.22234240174293518,-0.5904996395111084,-0.36343324184417725,-0.1539963036775589,-0.35188645124435425,-0.3320472240447998,-0.1524697095155716,-0.2532881796360016,-0.26036497950553894
0.0,0.0,0.0,0.3154538571834564,-0.15090571343898773,-0.10515861958265305,0.5171650648117065,-0.4770767092704773,-0.16122905910015106,0.6155480146408081,-0.7239430546760559,-0.22263406217098236,0.7202039957046509,-0.8741391897201538,-0.26667606830596924,0.32948243618011475,-0.9790670871734619,-0.055128876119852066,0.5333943367004395,-0.9420605301856995,-0.27392151951789856,0.5365645289421082,-0.6362359523773193,-0.41188767552375793,0.5145107507705688,-0.4012751281261444,-0.4667964577674866,0.08833499997854233,-0.9930427670478821,-0.0778646171092987,0.3233337104320526,-0.8958541750907898,-0.2948761582374573,0.31924304366111755,-0.5294238328933716,-0.34309178590774536,0.28519558906555176,-0.30300965905189514,-0.322115421295166,-0.14454762637615204,-0.9142805337905884,-0.1313130110502243,0.09404037892818451,-0.8241567015647888,-0.3382469713687897,0.08961909264326096,-0.47999095916748047,-0.29722946882247925,0.04191974550485611,-0.2837001085281372,-0.21009685099124908,-0.3647068738937378,-0.7798759937286377,-0.1967484951019287,-0.16563521325588226,-0.6807155609130859,-0.32832300662994385,-0.10874852538108826,-0.4377129077911377,-0.28968289494514465,-0.10716967284679413,-0.3117219805717468,-0.21670299768447876
0.0,0.0,0.0,0.34200289845466614,-0.13033539056777954,-0.12120860815048218,0.5673071146011353,-0.44914165139198303,-0.1835383176803589,0.6030092239379883,-0.7176117897033691,-0.24127590656280518,0.6563399434089661,-0.8832022547721863,-0.27871987223625183,0.3478854298591614,-0.9784515500068665,-0.09348166733980179,0.6354043483734131,-0.8634092807769775,-0.31289803981781006,0.6299487352371216,-0.5508596897125244,-0.44390612840652466,0.5926914215087891,-0.34305936098098755,-0.4989985525608063,0.12356134504079819,-0.986413836479187,-0.10826119035482407,0.4510008990764618,-0.8351773023605347,-0.3296361565589905,0.4269620478153229,-0.4761411249637604,-0.3734312057495117,0.3669499456882477,-0.26572221517562866,-0.34900394082069397,-0.07973010838031769,-0.9018370509147644,-0.15236450731754303,0.23667702078819275,-0.7519867420196533,-0.3573269248008728,0.2073543667793274,-0.43239128589630127,-0.3249583840370178,0.13572771847248077,-0.27088916301727295,-0.24792039394378662,-0.2608000934123993,-0.7552196383476257,-0.20960581302642822,-0.016567189246416092,-0.5823370218276978,-0.343669056892395,0.008389192633330822,-0.34459418058395386,-0.322601318359375,-0.017073115333914757,-0.24265146255493164,-0.2656983733177185
0.0,0.0,0.0,0.3569938540458679,-0.11100322753190994,-0.12064959853887558,0.6152766942977905,-0.4307929277420044,-0.1742085963487625,0.6873050332069397,-0.6990713477134705,-0.22493533790111542,0.784608006477356,-0.9059364199638367,-0.25032860040664673,0.4186861515045166,-0.9333050847053528,-0.07308825850486755,0.7257851958274841,-0.8339530825614929,-0.2858981788158417,0.6878762245178223,-0.5350161790847778,-0.40977412462234497,0.6174567341804504,-0.324616938829422,-0.46229249238967896,0.21469834446907043,-0.9730492830276489,-0.08414113521575928,0.540020763874054,-0.7939519882202148,-0.30197811126708984,0.48951512575149536,-0.4527257978916168,-0.34464678168296814,0.4249154031276703,-0.25160399079322815,-0.32198846340179443,0.03054855763912201,-0.9118988513946533,-0.12874920666217804,0.35429856181144714,-0.7326644062995911,-0.3334628939628601,0.29463499784469604,-0.41881996393203735,-0.3097192943096161,0.220676988363266,-0.26323768496513367,-0.24222354590892792,-0.13139565289020538,-0.7863388061523438,-0.18782149255275726,0.1065237894654274,-0.5326940417289734,-0.3359659016132355,0.08063571155071259,-0.30122771859169006,-0.34384477138519287,0.03928931802511215,-0.22527091205120087,-0.30919596552848816
0.0,0.0,0.0,0.3569148778915405,-0.11342006921768188,-0.1197584718465805,0.6064088940620422,-0.4530029892921448,-0.17146362364292145,0.6172995567321777,-0.7312488555908203,-0.2226698100566864,0.6539233326911926,-0.9465346336364746,-0.2477388232946396,0.41870230436325073,-0.9271291494369507,-0.0701020136475563,0.7379658222198486,-0.8640338778495789,-0.2992658317089081,0.7463748455047607,-0.5745229721069336,-0.43359827995300293,0.702218770980835,-0.36529865860939026,-0.4919372797012329,0.20681039988994598,-0.9742175936698914,-0.0901639387011528,0.5460580587387085,-0.8221418857574463,-0.33037570118904114,0.5194789171218872,-0.4683917164802551,-0.3849853575229645,0.45238301157951355,-0.2704241871833801,-0.3667624890804291,0.01854850910604,-0.9145790934562683,-0.14524056017398834,0.3484080731868744,-0.7562559843063354,-0.3720085322856903,0.3040512502193451,-0.42076796293258667,-0.34965941309928894,0.22023029625415802,-0.27120667695999146,-0.27868643403053284,-0.1477384716272354,-0.792576253414154,-0.21448318660259247,0.11779458820819855,-0.5329822897911072,-0.37479451298713684,0.09404296427965164,-0.2946922779083252,-0.3820173740386963,0.03190700709819794,-0.22917884588241577,-0.3460291624069214
0.0,0.0,0.0,0.3674349784851074,-0.0973534807562828,-0.12057527899742126,0.6356112957000732,-0.43449491262435913,-0.17580080032348633,0.645341694355011,-0.7239490151405334,-0.22824649512767792,0.6564550995826721,-0.9577265977859497,-0.25519394874572754,0.42690223455429077,-0.9289234280586243,-0.10248928517103195,0.7455443143844604,-0.8946017026901245,-0.3261285424232483,0.7324117422103882,-0.5906955599784851,-0.44856587052345276,0.6715376973152161,-0.3795181214809418,-0.49771299958229065,0.21025992929935455,-0.970291256904602,-0.11969003081321716,0.5665033459663391,-0.8497476577758789,-0.3453329801559448,0.5404784679412842,-0.4932382106781006,-0.3836621940135956,0.47141364216804504,-0.2882302701473236,-0.35759231448173523,0.016073184087872505,-0.9122574925422668,-0.16914676129817963,0.362699955701828,-0.7816509008407593,-0.3803831934928894,0.32838529348373413,-0.44233742356300354,-0.3464207947254181,0.24926000833511353,-0.2791052758693695,-0.2719871997833252,-0.1550932079553604,-0.7898174524307251,-0.23207256197929382,0.12457838654518127,-0.5575998425483704,-0.3808956742286682,0.11185675859451294,-0.31342846155166626,-0.37912604212760925,0.05632392317056656,-0.2302156537771225,-0.3387901186943054
0.0,0.0,0.0,0.30395424365997314,-0.11988852173089981,-0.1025860607624054,0.5362420678138733,-0.4810347855091095,-0.1472073793411255,0.6019995212554932,-0.7465269565582275,-0.19564326107501984,0.6636421084403992,-0.9177991151809692,-0.22258023917675018,0.363217294216156,-0.9659987688064575,-0.04832150414586067,0.6286910176277161,-1.0006167888641357,-0.24908414483070374,0.6311487555503845,-0.682827889919281,-0.3671957552433014,0.5832312703132629,-0.4516916871070862,-0.41229134798049927,0.134800523519516,-0.9881786704063416,-0.0730191245675087,0.4368766248226166,-0.9486270546913147,-0.2799873352050781,0.4434644877910614,-0.5638765096664429,-0.3162496089935303,0.38574203848838806,-0.330905556678772,-0.2853586971759796,-0.09124071151018143,-0.9148500561714172,-0.1287427395582199,0.19984742999076843,-0.9133071899414062,-0.3346189856529236,0.21027974784374237,-0.5395249128341675,-0.29543018341064453,0.14752252399921417,-0.32983115315437317,-0.2107793688774109,-0.30894187092781067,-0.7730704545974731,-0.19504480063915253,-0.0611722394824028,-0.6706066131591797,-0.3460986912250519,-0.00965105276554823,-0.3988126516342163,-0.3260740339756012,-0.02641594037413597,-0.2624020576477051,-0.2658176124095917
0.0,0.0,0.0,0.3003193140029907,-0.1335618793964386,-0.12597857415676117,0.4889034628868103,-0.5565153956413269,-0.1795695424079895,0.4010750949382782,-0.8285998702049255,-0.2380736917257309,0.3430075943470001,-1.0529416799545288,-0.26553434133529663,0.3619256019592285,-0.9669039845466614,-0.013772363774478436,0.5694610476493835,-1.111302137374878,-0.22323520481586456,0.5891513228416443,-0.8020220994949341,-0.3510196805000305,0.558363139629364,-0.561456561088562,-0.4024401605129242,0.12331901490688324,-0.9916657209396362,-0.03730248659849167,0.3760220408439636,-1.1004847288131714,-0.26134178042411804,0.4089168906211853,-0.7139319777488708,-0.31700360774993896,0.3617246448993683,-0.4621484577655792,-0.29530930519104004,-0.11866668611764908,-0.9487462639808655,-0.09997148811817169,0.13920901715755463,-1.1129883527755737,-0.32947292923927307,0.1744881570339203,-0.7208991050720215,-0.30376434326171875,0.10861855745315552,-0.48937082290649414,-0.228128582239151,-0.3660878539085388,-0.8427049517631531,-0.17451487481594086,-0.0712435320019722,-0.788833737373352,-0.35669800639152527,-0.028124507516622543,-0.47116631269454956,-0.3537645637989044,-0.0850476399064064,-0.31142058968544006,-0.30757927894592285
0.0,0.0,0.0,0.340757817029953,-0.15917198359966278,-0.14032596349716187,0.46327003836631775,-0.6162602305412292,-0.20953096449375153,0.14868761599063873,-0.8878452777862549,-0.2811252176761627,-0.11591842770576477,-1.076223373413086,-0.32266125082969666,0.38725095987319946,-0.9693377017974854,-0.010218889452517033,0.5622992515563965,-1.170729160308838,-0.21589413285255432,0.6147029399871826,-0.9023762941360474,-0.35719314217567444,0.5963000655174255,-0.6455833315849304,-0.4209311604499817,0.1322275996208191,-0.9906010627746582,-0.0350063294172287,0.3789905309677124,-1.1852906942367554,-0.2511226236820221,0.4322197139263153,-0.8368197679519653,-0.3229207992553711,0.3888868987560272,-0.5579141974449158,-0.31600356101989746,-0.11697325110435486,-0.9531151652336121,-0.10008347779512405,0.1260700672864914,-1.2441946268081665,-0.3311646282672882,0.1891627162694931,-0.8725600242614746,-0.32075169682502747,0.1483859270811081,-0.6111032962799072,-0.2578107714653015,-0.3774864077568054,-0.8484090566635132,-0.17777256667613983,-0.07477529346942902,-0.8636872172355652,-0.3777231276035309,-0.016559094190597534,-0.5314295887947083,-0.3835142254829407,-0.0589679554104805,-0.3318089246749878,-0.34499073028564453
0.0,0.0,0.0,0.3394164741039276,-0.16529227793216705,-0.13346870243549347,0.46293532848358154,-0.6301102042198181,-0.19500398635864258,0.14116361737251282,-0.9000495076179504,-0.2613650858402252,-0.134410560131073,-1.0796313285827637,-0.29765763878822327,0.40477144718170166,-0.9662660360336304,0.007579311262816191,0.5615288615226746,-1.1883882284164429,-0.18754498660564423,0.6057540774345398,-0.91813725233078,-0.32185259461402893,0.5790724158287048,-0.6638290882110596,-0.38159480690956116,0.14757975935935974,-0.9888822436332703,-0.0182250514626503,0.3692527413368225,-1.2116001844406128,-0.22359296679496765,0.4285019338130951,-0.8654447793960571,-0.2926051616668701,0.39238259196281433,-0.5883309841156006,-0.2847476601600647,-0.1084202453494072,-0.9545099139213562,-0.08394020050764084,0.11412937194108963,-1.2771967649459839,-0.30580970644950867,0.18409974873065948,-0.9090445041656494,-0.29559412598609924,0.1482383906841278,-0.649323582649231,-0.2342645227909088,-0.3784535229206085,-0.8514609932899475,-0.16173066198825836,-0.08109761029481888,-0.8881251811981201,-0.35719528794288635,-0.0190910492092371,-0.557780921459198,-0.36273396015167236,-0.06111876666545868,-0.3564770519733429,-0.3248775601387024
0.0,0.0,0.0,0.3680366277694702,-0.2178727686405182,-0.12856686115264893,0.46879464387893677,-0.6632469892501831,-0.18555891513824463,0.1844545155763626,-0.952692985534668,-0.2526344656944275,-0.0768093541264534,-1.153313159942627,-0.29720789194107056,0.3868490159511566,-0.967262864112854,0.04152725264430046,0.5337793827056885,-1.2258868217468262,-0.15368543565273285,0.643667459487915,-1.021558403968811,-0.3094367980957031,0.678756594657898,-0.7890840768814087,-0.3866327702999115,0.15001064538955688,-0.9885312914848328,0.017397208139300346,0.3468284010887146,-1.270473599433899,-0.17904680967330933,0.4297671318054199,-0.9729759693145752,-0.275832861661911,0.4159228205680847,-0.7061709761619568,-0.2957639992237091,-0.10043857246637344,-0.9615252614021301,-0.04639311507344246,0.08436231315135956,-1.347853183746338,-0.27607712149620056,0.1636541336774826,-1.012259602546692,-0.2910709083080292,0.13853700459003448,-0.7371928095817566,-0.24483659863471985,-0.3756645917892456,-0.8642466068267822,-0.12065978348255157,-0.10083447396755219,-0.9895967245101929,-0.32215094566345215,-0.01168736256659031,-0.681593120098114,-0.33158597350120544,-0.03232339024543762,-0.44860994815826416,-0.29625406861305237
0.0,0.0,0.0,0.41555550694465637,-0.2330397516489029,-0.11963343620300293,0.5573182106018066,-0.6772633194923401,-0.16850124299526215,0.21809254586696625,-1.0070205926895142,-0.23140613734722137,-0.07634726911783218,-1.2227756977081299,-0.2775897681713104,0.4521850049495697,-0.9381477236747742,0.09134922921657562,0.5709038376808167,-1.2521471977233887,-0.09524869918823242,0.6861692667007446,-1.0896806716918945,-0.25856778025627136,0.7291820645332336,-0.8464442491531372,-0.34281018376350403,0.19642265141010284,-0.978277862071991,0.0662604421377182,0.38834431767463684,-1.3193144798278809,-0.12127425521612167,0.4785706698894501,-1.060791015625,-0.23735679686069489,0.46864092350006104,-0.782773494720459,-0.2726579010486603,-0.07146834582090378,-0.9694238305091858,0.0006727451109327376,0.10919342190027237,-1.4290440082550049,-0.22988814115524292,0.20261125266551971,-1.1070750951766968,-0.26266056299209595,0.18914438784122467,-0.8135230541229248,-0.22987565398216248,-0.37943926453590393,-0.8876542448997498,-0.07348485291004181,-0.1141071617603302,-1.0367114543914795,-0.29138171672821045,-0.02880243770778179,-0.7229309678077698,-0.3140396773815155,-0.04809289425611496,-0.4775353968143463,-0.28651148080825806
0.0,0.0,0.0,0.4262339472770691,-0.23516373336315155,-0.11095815151929855,0.5466064214706421,-0.6752086281776428,-0.15345679223537445,0.2045540064573288,-1.0010920763015747,-0.21194051206111908,-0.09171878546476364,-1.2127472162246704,-0.2572212517261505,0.48203426599502563,-0.9207829833030701,0.1069776862859726,0.5883738994598389,-1.2331675291061401,-0.06494277715682983,0.705776572227478,-1.0941169261932373,-0.22068144381046295,0.7566558718681335,-0.8656474351882935,-0.3038429915904999,0.21385638415813446,-0.97365403175354,0.07914130389690399,0.40696823596954346,-1.313698172569275,-0.10033129155635834,0.5024670362472534,-1.0784555673599243,-0.220316082239151,0.49919942021369934,-0.8150337338447571,-0.25911760330200195,-0.07015634328126907,-0.9714469909667969,0.012485356070101261,0.10908401757478714,-1.4352645874023438,-0.22106367349624634,0.20362330973148346,-1.1269750595092773,-0.26836198568344116,0.19208671152591705,-0.8412801027297974,-0.24458444118499756,-0.3917336165904999,-0.8935068845748901,-0.06023929640650749,-0.12473456561565399,-1.0423829555511475,-0.2904062271118164,-0.030639803037047386,-0.7258208990097046,-0.32298603653907776,-0.04022679850459099,-0.47420138120651245,-0.300644189119339
0.0,0.0,0.0,0.41917717456817627,-0.24992874264717102,-0.10130180418491364,0.5453454256057739,-0.6851184964179993,-0.1423855870962143,0.21580709517002106,-1.0092355012893677,-0.2041645497083664,-0.06489159166812897,-1.2302076816558838,-0.25092828273773193,0.4749537706375122,-0.9203172922134399,0.11714188009500504,0.5842285752296448,-1.243647813796997,-0.05649799108505249,0.6867757439613342,-1.0904133319854736,-0.21269865334033966,0.7203212976455688,-0.8520822525024414,-0.294305682182312,0.220371276140213,-0.9716609120368958,0.08550833910703659,0.40568870306015015,-1.3254667520523071,-0.08800102025270462,0.491460382938385,-1.0839471817016602,-0.2031152844429016,0.48203086853027344,-0.8171396255493164,-0.24096693098545074,-0.05348516255617142,-0.9773021936416626,0.014559849165380001,0.13007883727550507,-1.4509947299957275,-0.20771826803684235,0.21810640394687653,-1.129291296005249,-0.24341116845607758,0.20557981729507446,-0.833918035030365,-0.2141028195619583,-0.36486679315567017,-0.9097123146057129,-0.06329365819692612,-0.0956948772072792,-1.0756977796554565,-0.27819252014160156,-0.009065716527402401,-0.7627284526824951,-0.30168840289115906,-0.02766023576259613,-0.5109348893165588,-0.2751549780368805
0.0,0.0,0.0,0.42137089371681213,-0.23811708390712738,-0.09255325049161911,0.5466076135635376,-0.6736913323402405,-0.12452803552150726,0.2248692512512207,-0.996147871017456,-0.17763349413871765,-0.05408630892634392,-1.2086873054504395,-0.21749036014080048,0.4736095368862152,-0.9186860918998718,0.1326659470796585,0.584378719329834,-1.2286324501037598,-0.030170505866408348,0.6952754259109497,-1.0922545194625854,-0.17962831258773804,0.7352852821350098,-0.8632745146751404,-0.2580290138721466,0.22001758217811584,-0.9702111482620239,0.10140293836593628,0.4121227562427521,-1.306640863418579,-0.06321712583303452,0.5085058808326721,-1.0778124332427979,-0.17830206453800201,0.5043966174125671,-0.8167000412940979,-0.21810388565063477,-0.051586415618658066,-0.9745972752571106,0.03181464970111847,0.14102178812026978,-1.428552269935608,-0.18418940901756287,0.2351880520582199,-1.1238631010055542,-0.2270626276731491,0.22273223102092743,-0.8352951407432556,-0.2040792852640152,-0.3586079180240631,-0.9102875590324402,-0.04339389130473137,-0.08468437939882278,-1.069688081741333,-0.25157395005226135,0.0029125583823770285,-0.7656341791152954,-0.27798542380332947,-0.016861874610185623,-0.5151494741439819,-0.2551593482494354
0.0,0.0,0.0,0.38127371668815613,-0.18532609939575195,-0.14777351915836334,0.5054376125335693,-0.6379658579826355,-0.2150021344423294,0.17862415313720703,-0.9674940705299377,-0.28527119755744934,-0.08683384209871292,-1.2013616561889648,-0.3316343128681183,0.4740220904350281,-0.9526408314704895,0.00435654865577817,0.5938495397567749,-1.2726445198059082,-0.20153400301933289,0.6642538905143738,-1.0620272159576416,-0.35825806856155396,0.6618819236755371,-0.7972642779350281,-0.4311884641647339,0.2094718962907791,-0.9777138829231262,-0.014035860076546669,0.4034246802330017,-1.307143211364746,-0.23237963020801544,0.4526013135910034,-1.0117355585098267,-0.3364069163799286,0.4129807651042938,-0.7205386161804199,-0.3501627743244171,-0.06317763775587082,-0.9503917694091797,-0.07130909711122513,0.11357931792736053,-1.381091594696045,-0.31307724118232727,0.1775740534067154,-1.0433416366577148,-0.3315499722957611,0.1506788432598114,-0.7637733221054077,-0.28304311633110046,-0.3655148446559906,-0.8548071980476379,-0.13929171860218048,-0.11935122311115265,-0.9567813873291016,-0.36316874623298645,-0.0408916100859642,-0.6375585198402405,-0.38225966691970825,-0.05006923899054527,-0.4123229682445526,-0.34673887491226196
0.0,0.0,0.0,0.3522094488143921,-0.14875710010528564,-0.13349829614162445,0.536937952041626,-0.628307580947876,-0.18422052264213562,0.29490241408348083,-0.9556704163551331,-0.23758600652217865,0.06506425887346268,-1.1804192066192627,-0.259970486164093,0.4260712265968323,-0.981139063835144,-0.013740824535489082,0.5790150165557861,-1.2432899475097656,-0.23104822635650635,0.6106292605400085,-0.9656321406364441,-0.375936895608902,0.5799974203109741,-0.6883581876754761,-0.43472179770469666,0.15479785203933716,-0.987210214138031,-0.03812715411186218,0.35119733214378357,-1.268009901046753,-0.2714444398880005,0.40075215697288513,-0.9167413711547852,-0.3517727255821228,0.3688432276248932,-0.6234456896781921,-0.3417501151561737,-0.10091588646173477,-0.9440169334411621,-0.10052135586738586,0.0800977572798729,-1.3077031373977661,-0.341429203748703,0.14646978676319122,-0.9232324957847595,-0.32560089230537415,0.11807186156511307,-0.6499120593070984,-0.25213250517845154,-0.3734041452407837,-0.8390941619873047,-0.17426562309265137,-0.11045569181442261,-0.9087522625923157,-0.38005027174949646,-0.05013607442378998,-0.5784361362457275,-0.3784674108028412,-0.07813885062932968,-0.37596395611763,-0.32798513770103455
0.0,0.0,0.0,0.337723970413208,-0.16906903684139252,-0.1456049084663391,0.48143917322158813,-0.6212390661239624,-0.22094620764255524,0.19607184827327728,-0.9048663973808289,-0.2959948182106018,-0.08593538403511047,-1.0820379257202148,-0.3448197543621063,0.39161407947540283,-0.9837229251861572,-0.04170235991477966,0.5409826636314392,-1.219881534576416,-0.24385561048984528,0.5755362510681152,-0.9316051006317139,-0.3775986135005951,0.5448912978172302,-0.6646003723144531,-0.4334106147289276,0.12287341058254242,-0.9906096458435059,-0.059955671429634094,0.3216506838798523,-1.2212846279144287,-0.2635384798049927,0.3747768700122833,-0.8567406535148621,-0.32565075159072876,0.3371901214122772,-0.5748244524002075,-0.31511449813842773,-0.14454717934131622,-0.9387438893318176,-0.11548715829849243,0.04463750496506691,-1.2673810720443726,-0.3448915183544159,0.12646262347698212,-0.8909562826156616,-0.33382630348205566,0.1080799326300621,-0.6164382696151733,-0.2691364586353302,-0.4227251410484314,-0.8198553919792175,-0.18033036589622498,-0.17039896547794342,-0.9063624143600464,-0.3808135688304901,-0.06378927081823349,-0.5817127227783203,-0.37712666392326355,-0.060722026973962784,-0.36054643988609314,-0.32910943031311035
0.0,0.0,0.0,0.3129403293132782,-0.1473463475704193,-0.11214618384838104,0.5311461091041565,-0.5123990178108215,-0.16775262355804443,0.5374228358268738,-0.8322399854660034,-0.22446171939373016,0.56928551197052,-1.0803128480911255,-0.2632799446582794,0.3174893856048584,-0.9781986474990845,-0.058087002485990524,0.5822483897209167,-1.0315181016921997,-0.2714560925960541,0.6384096145629883,-0.7545030117034912,-0.40932992100715637,0.6307296752929688,-0.5032871961593628,-0.46170324087142944,0.08624158054590225,-0.993637204170227,-0.07243955135345459,0.3722827732563019,-1.0138754844665527,-0.27033618092536926,0.42165571451187134,-0.6599531769752502,-0.3194737732410431,0.40399178862571716,-0.3966173529624939,-0.3023608326911926,-0.14318490028381348,-0.9221038222312927,-0.11688482016324997,0.14023205637931824,-0.9787306189537048,-0.32492882013320923,0.1975667029619217,-0.6239514350891113,-0.2955456078052521,0.17727252840995789,-0.37560516595840454,-0.21831130981445312,-0.37065547704696655,-0.7843576073646545,-0.1703987866640091,-0.1067267656326294,-0.734948456287384,-0.33214861154556274,-0.01528190914541483,-0.4649401903152466,-0.3122410476207733,-0.003737400285899639,-0.2859702706336975,-0.24908487498760223
0.0,0.0,0.0,0.337697297334671,-0.11088638752698898,-0.10586658865213394,0.5443252921104431,-0.43294650316238403,-0.16365428268909454,0.47149431705474854,-0.6927514672279358,-0.21967464685440063,0.40199577808380127,-0.8713217973709106,-0.24866996705532074,0.3851160705089569,-0.9390296339988708,-0.06058882921934128,0.6976466774940491,-0.880224347114563,-0.26109811663627625,0.6902418732643127,-0.5899908542633057,-0.3761395215988159,0.6478925943374634,-0.369366854429245,-0.4228356182575226,0.1801038384437561,-0.9799215197563171,-0.08553672581911087,0.5259102582931519,-0.8505272269248962,-0.28990042209625244,0.5164481997489929,-0.5061504244804382,-0.33052897453308105,0.46763062477111816,-0.27756044268608093,-0.30527153611183167,-0.0019013476558029652,-0.9139436483383179,-0.14012201130390167,0.32891058921813965,-0.8115169405937195,-0.3327785134315491,0.3119487464427948,-0.47756895422935486,-0.3062112629413605,0.247762992978096,-0.2960316836833954,-0.2365914285182953,-0.1627936065196991,-0.7766199111938477,-0.2077731490135193,0.12113025039434433,-0.5633779168128967,-0.34862372279167175,0.12517651915550232,-0.3119969367980957,-0.34926101565361023,0.07631742209196091,-0.20580847561359406,-0.30955037474632263
0.0,0.0,0.0,0.32311174273490906,-0.12386251986026764,-0.13900499045848846,0.5367998480796814,-0.48386865854263306,-0.2089659720659256,0.4175702631473541,-0.7558667063713074,-0.2753923535346985,0.28215456008911133,-0.9458531737327576,-0.3129439949989319,0.40252578258514404,-0.9368978142738342,-0.06310036033391953,0.6755781769752502,-0.9943199753761292,-0.27724456787109375,0.6716957688331604,-0.6883862614631653,-0.4093575179576874,0.6266968846321106,-0.4451697766780853,-0.46581006050109863,0.16247932612895966,-0.9836575388908386,-0.07757782191038132,0.4792393445968628,-0.9714680910110474,-0.29663094878196716,0.4958327114582062,-0.5972775816917419,-0.35174039006233215,0.44914957880973816,-0.34827351570129395,-0.33472439646720886,-0.06213124841451645,-0.9411581754684448,-0.12738080322742462,0.2551842927932739,-0.9639332294464111,-0.33409756422042847,0.26923272013664246,-0.6004171371459961,-0.31052300333976746,0.2061987668275833,-0.3905899226665497,-0.24374423921108246,-0.27797049283981323,-0.8285146951675415,-0.19212597608566284,0.028163624927401543,-0.6761348843574524,-0.34724485874176025,0.0569191612303257,-0.3918406367301941,-0.34571555256843567,0.009670823812484741,-0.26037663221359253,-0.3053116798400879
0.0,0.0,0.0,0.33683475852012634,-0.12832105159759521,-0.12638245522975922,0.5588343143463135,-0.5028200745582581,-0.1854291409254074,0.44281771779060364,-0.7704076766967773,-0.24496257305145264,0.31736570596694946,-0.9558903574943542,-0.2738925814628601,0.4014548063278198,-0.9366845488548279,-0.04257495701313019,0.6634553670883179,-0.9819939732551575,-0.2585493326187134,0.6567385792732239,-0.6823473572731018,-0.3907286524772644,0.6216303706169128,-0.44429266452789307,-0.44875478744506836,0.17155034840106964,-0.9830939173698425,-0.0640064924955368,0.4823375940322876,-0.9660632610321045,-0.2901858687400818,0.4964737594127655,-0.6077879667282104,-0.34551408886909485,0.4615490138530731,-0.3619692921638489,-0.327881783246994,-0.03454349935054779,-0.9443297386169434,-0.12307164072990417,0.2773071825504303,-0.9495710730552673,-0.3300435245037079,0.27693063020706177,-0.6031250357627869,-0.3130375146865845,0.21348239481449127,-0.40794217586517334,-0.2523486316204071,-0.22330866754055023,-0.8379833102226257,-0.19798685610294342,0.08012112975120544,-0.6538626551628113,-0.3493986427783966,0.07232684642076492,-0.38802504539489746,-0.36131584644317627,-0.005928714293986559,-0.2818167805671692,-0.3347163796424866
0.0,0.0,0.0,0.3520446717739105,-0.1351545751094818,-0.13740891218185425,0.5645121335983276,-0.523616373538971,-0.20077069103717804,0.4128696918487549,-0.7959350943565369,-0.2599491477012634,0.2623137831687927,-0.9702086448669434,-0.2889237105846405,0.37703585624694824,-0.9530160427093506,-0.06399308145046234,0.637983500957489,-0.9960616230964661,-0.2823845148086548,0.6430703401565552,-0.6898237466812134,-0.41083282232284546,0.6067116856575012,-0.44551706314086914,-0.4646778106689453,0.1421520859003067,-0.9867815971374512,-0.07781324535608292,0.4465866982936859,-0.9505577087402344,-0.30363696813583374,0.4602070748806,-0.5856019258499146,-0.35387125611305237,0.41283753514289856,-0.3468211889266968,-0.33365586400032043,-0.06329043954610825,-0.9337537884712219,-0.12872079014778137,0.2420012652873993,-0.9147145748138428,-0.33639803528785706,0.24208855628967285,-0.5600213408470154,-0.31071120500564575,0.17129267752170563,-0.3662683069705963,-0.24377810955047607,-0.24964790046215057,-0.8172632455825806,-0.19571509957313538,0.05293203517794609,-0.6350342631340027,-0.3450666666030884,0.06233525276184082,-0.3640478551387787,-0.34798702597618103,-0.003872849280014634,-0.2573322057723999,-0.31393444538116455
0.0,0.0,0.0,0.3384195864200592,-0.12377022206783295,-0.10987561196088791,0.5689155459403992,-0.4471473693847656,-0.16041117906570435,0.5783769488334656,-0.7237290143966675,-0.21039949357509613,0.5995906591415405,-0.9263278245925903,-0.23428580164909363,0.40414682030677795,-0.947332501411438,-0.059564653784036636,0.690179169178009,-0.8765765428543091,-0.2680993974208832,0.6627875566482544,-0.5780754089355469,-0.39067354798316956,0.6046188473701477,-0.365074098110199,-0.44202426075935364,0.19446425139904022,-0.9776031970977783,-0.08047176897525787,0.5168321132659912,-0.843657374382019,-0.29391223192214966,0.48762574791908264,-0.505021870136261,-0.33705294132232666,0.42814013361930847,-0.2958146333694458,-0.31281036138534546,0.003406527219340205,-0.9114111065864563,-0.13344824314117432,0.32637500762939453,-0.7729517221450806,-0.33373314142227173,0.28453677892684937,-0.4561399519443512,-0.30679795145988464,0.21032783389091492,-0.2968698740005493,-0.235529825091362,-0.16861015558242798,-0.7775155305862427,-0.20015527307987213,0.0927160307765007,-0.5611268877983093,-0.34167060256004333,0.07805264741182327,-0.3272698223590851,-0.3395931124687195,0.027056803926825523,-0.24279983341693878,-0.29716071486473083
0.0,0.0,0.0,0.3609417676925659,-0.1175231784582138,-0.09931376576423645,0.5759003162384033,-0.43325361609458923,-0.14946238696575165,0.555351734161377,-0.7058576941490173,-0.19949772953987122,0.541067898273468,-0.8985996842384338,-0.22229911386966705,0.3957992494106293,-0.9437205195426941,-0.05809687823057175,0.7279987931251526,-0.8552802801132202,-0.2621327042579651,0.7031207084655762,-0.5605677962303162,-0.3837454617023468,0.6449088454246521,-0.3461051881313324,-0.4377422034740448,0.19913966953754425,-0.9764685034751892,-0.08278091251850128,0.5613474249839783,-0.8075028657913208,-0.28787633776664734,0.527457058429718,-0.47691014409065247,-0.3302599787712097,0.4669431149959564,-0.2737254500389099,-0.31144753098487854,0.02631479687988758,-0.9035930633544922,-0.13732631504535675,0.382003515958786,-0.739678144454956,-0.32524314522743225,0.3298030197620392,-0.43144604563713074,-0.2974686026573181,0.25098225474357605,-0.28159865736961365,-0.23185843229293823,-0.1227569580078125,-0.7610584497451782,-0.20543484389781952,0.1507313996553421,-0.52351313829422,-0.33919113874435425,0.12073077261447906,-0.3038003146648407,-0.3400706350803375,0.055915459990501404,-0.2312280386686325,-0.3043019473552704
0.0,0.0,0.0,0.3543587625026703,-0.11449220776557922,-0.08363578468561172,0.5863879919052124,-0.4320886731147766,-0.13296383619308472,0.6421082019805908,-0.7062045931816101,-0.1851358711719513,0.695490837097168,-0.9102204442024231,-0.21681149303913116,0.3451303243637085,-0.9647444486618042,-0.05347876995801926,0.7209475636482239,-0.8895905613899231,-0.2421700805425644,0.7464969158172607,-0.6132509112358093,-0.36714160442352295,0.6965686082839966,-0.4162974953651428,-0.42637309432029724,0.15763601660728455,-0.9840269684791565,-0.08271509408950806,0.5578765273094177,-0.8570773005485535,-0.25652939081192017,0.5866788029670715,-0.5414524674415588,-0.29409608244895935,0.5443241000175476,-0.34694620966911316,-0.28318050503730774,-0.008372985757887363,-0.9061805605888367,-0.13756078481674194,0.3867807388305664,-0.7839259505271912,-0.2973562479019165,0.3730723261833191,-0.48039713501930237,-0.2599155902862549,0.29187309741973877,-0.3193935453891754,-0.19780482351779938,-0.14400413632392883,-0.7603613138198853,-0.20484840869903564,0.16984403133392334,-0.5827452540397644,-0.3151424825191498,0.16165201365947723,-0.35663753747940063,-0.2948647737503052,0.09205344319343567,-0.2511015236377716,-0.2500495910644531
0.0,0.0,0.0,0.4073638319969177,-0.06852671504020691,-0.10792943090200424,0.6322941780090332,-0.3686907887458801,-0.1818011999130249,0.49990153312683105,-0.6387335062026978,-0.24923932552337646,0.32685917615890503,-0.8140580058097839,-0.292072057723999,0.4239635467529297,-0.9254415035247803,-0.08437757939100266,0.7963961958885193,-0.8533504605293274,-0.25345930457115173,0.8043091297149658,-0.5708861947059631,-0.3665737509727478,0.7290529608726501,-0.37520405650138855,-0.42622628808021545,0.23511385917663574,-0.9662663340568542,-0.10512275248765945,0.6837014555931091,-0.8600294589996338,-0.25064197182655334,0.7105063796043396,-0.5452955365180969,-0.28190022706985474,0.6399059891700745,-0.3297746479511261,-0.27385249733924866,0.08715540915727615,-0.8981984853744507,-0.15110285580158234,0.5450195670127869,-0.8237061500549316,-0.2941238284111023,0.5545298457145691,-0.5270804166793823,-0.2756216526031494,0.47376251220703125,-0.3549584150314331,-0.2362537682056427,-0.021808458492159843,-0.7464027404785156,-0.21010661125183105,0.3379453718662262,-0.5384596586227417,-0.32288703322410583,0.3015415668487549,-0.3060789108276367,-0.32989683747291565,0.181941419839859,-0.20368137955665588,-0.31410807371139526
0.0,0.0,0.0,0.3619367480278015,-0.09044504910707474,-0.0889589712023735,0.5676062107086182,-0.42631208896636963,-0.13830351829528809,0.41592147946357727,-0.6908767819404602,-0.18772238492965698,0.26199769973754883,-0.8796470761299133,-0.21009229123592377,0.39494264125823975,-0.9258036017417908,-0.024447182193398476,0.6975535750389099,-0.8971023559570312,-0.1878514587879181,0.707503080368042,-0.6154420375823975,-0.30025920271873474,0.6540626287460327,-0.4217829704284668,-0.3575851321220398,0.2121245563030243,-0.9758402109146118,-0.0523354597389698,0.5901139974594116,-0.8968437314033508,-0.20099575817584991,0.6287106871604919,-0.5788752436637878,-0.24102164804935455,0.5824697613716125,-0.3679521977901459,-0.23451410233974457,0.060383353382349014,-0.9329933524131775,-0.10781284421682358,0.4487631618976593,-0.8770006895065308,-0.25312745571136475,0.477390855550766,-0.569139301776886,-0.2371717244386673,0.41886186599731445,-0.3910227417945862,-0.1953178197145462,-0.0668330267071724,-0.8141086101531982,-0.17621111869812012,0.2637706995010376,-0.613298773765564,-0.2861218750476837,0.23736689984798431,-0.3713822066783905,-0.2914921045303345,0.13652841746807098,-0.26301059126853943,-0.2719241976737976
0.0,0.0,0.0,0.36550503969192505,-0.1440003365278244,-0.09826165437698364,0.5137208104133606,-0.5179311037063599,-0.1456499546766281,0.3429107964038849,-0.7884403467178345,-0.20189817249774933,0.19105494022369385,-0.9916233420372009,-0.23072126507759094,0.3884911835193634,-0.9248680472373962,0.024346375837922096,0.6383286118507385,-0.9884958267211914,-0.16466671228408813,0.6921809911727905,-0.7234869599342346,-0.30493828654289246,0.666296660900116,-0.49796971678733826,-0.3735826015472412,0.2044769823551178,-0.9788479208946228,-0.006778264883905649,0.5330828428268433,-1.031499981880188,-0.18397468328475952,0.6019206643104553,-0.7303963303565979,-0.2525264620780945,0.5689187049865723,-0.4914461076259613,-0.2567959725856781,0.03262127935886383,-0.9650993347167969,-0.07366351038217545,0.39478468894958496,-1.0405633449554443,-0.2524290382862091,0.44284549355506897,-0.7270896434783936,-0.2510378658771515,0.3898332417011261,-0.5109161734580994,-0.2068040370941162,-0.13070295751094818,-0.8832185864448547,-0.15480880439281464,0.21249054372310638,-0.7457102537155151,-0.29579323530197144,0.21545174717903137,-0.4905920624732971,-0.3092443346977234,0.13044479489326477,-0.3477589190006256,-0.2874909043312073
0.0,0.0,0.0,0.3795962929725647,-0.10026758909225464,-0.10605297237634659,0.6094658374786377,-0.4652770161628723,-0.144260436296463,0.5381121635437012,-0.7809527516365051,-0.18096141517162323,0.4584793150424957,-1.0062894821166992,-0.19573232531547546,0.41076651215553284,-0.9381594657897949,-0.043594446033239365,0.6303418278694153,-1.0144647359848022,-0.197230726480484,0.6788406372070312,-0.7293477058410645,-0.2932663559913635,0.6411937475204468,-0.4920045733451843,-0.3326244056224823,0.20200909674167633,-0.9775792360305786,-0.05942348390817642,0.48408904671669006,-1.0419955253601074,-0.2062222957611084,0.553865373134613,-0.7222516536712646,-0.2515949010848999,0.5157960057258606,-0.4702129065990448,-0.24876508116722107,-0.003973931074142456,-0.9410647749900818,-0.10211480408906937,0.2915789783000946,-1.0328757762908936,-0.27295735478401184,0.35375794768333435,-0.7079399824142456,-0.263245165348053,0.30757394433021545,-0.47053831815719604,-0.218714639544487,-0.20697538554668427,-0.8339293599128723,-0.15450021624565125,0.10567305237054825,-0.7813156247138977,-0.304413378238678,0.13428831100463867,-0.5055158734321594,-0.30331555008888245,0.06918437778949738,-0.3136533498764038,-0.27023670077323914
0.0,0.0,0.0,0.3343677818775177,-0.14522117376327515,-0.10757004469633102,0.5437413454055786,-0.5895347595214844,-0.14214883744716644,0.5374902486801147,-0.9298070669174194,-0.18059206008911133,0.5385195016860962,-1.2193878889083862,-0.19405542314052582,0.3000474274158478,-0.989794135093689,-0.01837841421365738,0.5440242886543274,-1.107959270477295,-0.202290341258049,0.6338597536087036,-0.8494726419448853,-0.3207154870033264,0.6369298696517944,-0.6217949986457825,-0.36905524134635925,0.07458434998989105,-0.9965343475341797,-0.03683147579431534,0.3553803563117981,-1.0866364240646362,-0.21817980706691742,0.4793562591075897,-0.7714532017707825,-0.27248045802116394,0.4930991232395172,-0.5248340964317322,-0.2651277184486389,-0.1287718117237091,-0.9305532574653625,-0.0873284563422203,0.17865750193595886,-1.0517572164535522,-0.2768014371395111,0.2661416828632355,-0.7116844058036804,-0.2543688714504242,0.23357264697551727,-0.4801900386810303,-0.1925836205482483,-0.31468817591667175,-0.7994921207427979,-0.1497487872838974,0.028687333688139915,-0.7405405044555664,-0.2969650328159332,0.07692376524209976,-0.4652123749256134,-0.2907449007034302,0.018758900463581085,-0.29645299911499023,-0.2493579387664795
0.0,0.0,0.0,0.3171035349369049,-0.15288907289505005,-0.13135799765586853,0.4948464334011078,-0.5910564661026001,-0.18111760914325714,0.3480483591556549,-0.8759607672691345,-0.23193080723285675,0.21957431733608246,-1.0899014472961426,-0.25162798166275024,0.32432231307029724,-0.9834077954292297,-0.025362029671669006,0.5178524851799011,-1.1440398693084717,-0.24085929989814758,0.5448517203330994,-0.8460609912872314,-0.3717544376850128,0.5314645767211914,-0.5855509638786316,-0.4224955439567566,0.07821854203939438,-0.9959579706192017,-0.04415411129593849,0.32472941279411316,-1.1173186302185059,-0.27334991097450256,0.38326695561408997,-0.750491738319397,-0.33177921175956726,0.37001559138298035,-0.4775654375553131,-0.3096136450767517,-0.15469610691070557,-0.9391964673995972,-0.10228924453258514,0.09779796004295349,-1.08519446849823,-0.326758474111557,0.15133129060268402,-0.7073701620101929,-0.30672332644462585,0.10869275778532028,-0.46573054790496826,-0.23523467779159546,-0.38523581624031067,-0.8184993863105774,-0.17402702569961548,-0.08199173212051392,-0.7489199638366699,-0.346169650554657,-0.025358805432915688,-0.44444113969802856,-0.3483116924762726,-0.0666702464222908,-0.2833862602710724,-0.307123601436615
0.0,0.0,0.0,0.3212831914424896,-0.17899295687675476,-0.08951568603515625,0.5011733174324036,-0.5805336236953735,-0.129373699426651,0.5196740627288818,-0.8924328088760376,-0.17596960067749023,0.5587749481201172,-1.139052152633667,-0.19919104874134064,0.20289874076843262,-1.0090118646621704,-0.019747035577893257,0.48109865188598633,-1.066362738609314,-0.2126488983631134,0.5790581107139587,-0.8010249733924866,-0.33756932616233826,0.6052723526954651,-0.5879344940185547,-0.39165595173835754,-0.014550073072314262,-0.998894453048706,-0.044701527804136276,0.30362972617149353,-1.030320644378662,-0.23198162019252777,0.42713454365730286,-0.7162508368492126,-0.2748458683490753,0.4607067406177521,-0.49224764108657837,-0.2596760094165802,-0.1931443214416504,-0.9141788482666016,-0.10061252117156982,0.14644210040569305,-0.95302814245224,-0.27938133478164673,0.22489763796329498,-0.6323021054267883,-0.24812568724155426,0.2067762017250061,-0.4307790994644165,-0.18246853351593018,-0.3334619402885437,-0.7675571441650391,-0.1698160320520401,-0.0022319655399769545,-0.6676225662231445,-0.29866209626197815,0.0477982796728611,-0.42283180356025696,-0.2938529849052429,0.010910656303167343,-0.2896886169910431,-0.25637418031692505
0.0,0.0,0.0,0.34376782178878784,-0.14545132219791412,-0.08967424929141998,0.5221795439720154,-0.5195335745811462,-0.1346813142299652,0.44729456305503845,-0.7825959920883179,-0.18642111122608185,0.37320443987846375,-1.003770351409912,-0.2103220373392105,0.26383140683174133,-0.9780051708221436,-0.016455914825201035,0.5551931262016296,-0.9984318614006042,-0.21861150860786438,0.6320619583129883,-0.7415403723716736,-0.3533937931060791,0.639736533164978,-0.5363960266113281,-0.4186513423919678,0.06927285343408585,-0.9962218403816223,-0.05237662047147751,0.41820016503334045,-0.9799086451530457,-0.2538340985774994,0.5047351717948914,-0.6689017415046692,-0.31033962965011597,0.504281759262085,-0.447301983833313,-0.30396831035614014,-0.08539913594722748,-0.9238613843917847,-0.1211872324347496,0.2815892994403839,-0.9202839136123657,-0.30502191185951233,0.33217406272888184,-0.6002194285392761,-0.2796157896518707,0.2854938209056854,-0.4157273471355438,-0.22115923464298248,-0.2010289877653122,-0.7844759821891785,-0.2050236463546753,0.15693800151348114,-0.6256664991378784,-0.33760663866996765,0.15457236766815186,-0.3894847631454468,-0.33980005979537964,0.05908965319395065,-0.2858198881149292,-0.3111148178577423
0.0,0.0,0.0,0.3285458981990814,-0.11063175648450851,-0.14211639761924744,0.5450043678283691,-0.573249876499176,-0.17910856008529663,0.47916921973228455,-0.9193772673606873,-0.20911885797977448,0.4498121440410614,-1.2110693454742432,-0.2063371241092682,0.33588042855262756,-0.9650489687919617,-0.045509058982133865,0.5612053275108337,-1.0736726522445679,-0.24453063309192657,0.6053705215454102,-0.7725666761398315,-0.35580766201019287,0.5893872380256653,-0.5219807624816895,-0.39589163661003113,0.09445809572935104,-0.9943249225616455,-0.04894443228840828,0.3794420659542084,-1.0773054361343384,-0.2579798996448517,0.44675034284591675,-0.7089812755584717,-0.3026946485042572,0.42555615305900574,-0.4467536211013794,-0.27646204829216003,-0.11584673076868057,-0.9446369409561157,-0.09032520651817322,0.17295309901237488,-1.0690066814422607,-0.30271998047828674,0.22927428781986237,-0.7026650905609131,-0.2794068157672882,0.18427938222885132,-0.47830402851104736,-0.2105151116847992,-0.3156324326992035,-0.8282508254051208,-0.1460425853729248,0.008637003600597382,-0.7289983630180359,-0.31339988112449646,0.04755336046218872,-0.4252918064594269,-0.3227786421775818,-0.011541495099663734,-0.27431151270866394,-0.2896956503391266
0.0,0.0,0.0,0.34145569801330566,-0.12908023595809937,-0.1450040489435196,0.5572186708450317,-0.590822160243988,-0.18433284759521484,0.555076003074646,-0.9456743597984314,-0.22123514115810394,0.5877231359481812,-1.2349718809127808,-0.23046422004699707,0.3994763493537903,-0.9666401147842407,-0.03305205702781677,0.5819997787475586,-1.113434910774231,-0.2455037534236908,0.5972700119018555,-0.8183814883232117,-0.36693620681762695,0.5650551319122314,-0.5637579560279846,-0.4078035056591034,0.15073052048683167,-0.9879612922668457,-0.034826286137104034,0.3700592517852783,-1.113113522529602,-0.26486504077911377,0.404647558927536,-0.7260909676551819,-0.31830495595932007,0.3666589558124542,-0.45266038179397583,-0.28978440165519714,-0.09885252267122269,-0.9435519576072693,-0.07621733844280243,0.13882145285606384,-1.0986897945404053,-0.31721052527427673,0.17745310068130493,-0.7121326327323914,-0.29872891306877136,0.12713497877120972,-0.46987012028694153,-0.22041857242584229,-0.3570549190044403,-0.8394177556037903,-0.12915465235710144,-0.07976013422012329,-0.7931145429611206,-0.3211480975151062,-0.018730631098151207,-0.4719124734401703,-0.3257928788661957,-0.041080500930547714,-0.2948946952819824,-0.27907562255859375
0.0,0.0,0.0,0.3272675573825836,-0.13077163696289062,-0.15223775804042816,0.48329323530197144,-0.563521683216095,-0.21943320333957672,0.23963597416877747,-0.8502749800682068,-0.2835332155227661,0.04099617153406143,-1.0477160215377808,-0.31901922821998596,0.44429147243499756,-0.9603800773620605,-0.035026997327804565,0.5866594910621643,-1.1342891454696655,-0.26018238067626953,0.5826785564422607,-0.8417984843254089,-0.40677905082702637,0.534614622592926,-0.5746407508850098,-0.4670516848564148,0.17214049398899078,-0.9838125109672546,-0.04980577901005745,0.3624652326107025,-1.1480072736740112,-0.2901211082935333,0.3806816637516022,-0.766838550567627,-0.3650842308998108,0.33280014991760254,-0.48757287859916687,-0.3500880300998688,-0.09436921030282974,-0.9418837428092957,-0.10486269742250443,0.09208676218986511,-1.1538314819335938,-0.3535577058792114,0.13064678013324738,-0.7705260515213013,-0.3503676950931549,0.08701573312282562,-0.5247598886489868,-0.2826966643333435,-0.3715199828147888,-0.8367774486541748,-0.17174457013607025,-0.13215675950050354,-0.801325798034668,-0.377580463886261,-0.056562140583992004,-0.4775855243206024,-0.38726332783699036,-0.061356645077466965,-0.29934394359588623,-0.34388116002082825
0.0,0.0,0.0,0.34861987829208374,-0.16284774243831635,-0.11784166842699051,0.5645622611045837,-0.574331521987915,-0.16763514280319214,0.6497056484222412,-0.8855563402175903,-0.22689762711524963,0.7362187504768372,-1.1239516735076904,-0.2640013098716736,0.4457336366176605,-0.9840921759605408,-0.02968250773847103,0.5650901794433594,-1.1965495347976685,-0.2533585727214813,0.5601648092269897,-0.8940284848213196,-0.3916030526161194,0.5206270217895508,-0.6115936040878296,-0.44034963846206665,0.18076092004776,-0.9822149276733398,-0.05078753083944321,0.3179393410682678,-1.1911351680755615,-0.28930601477622986,0.32711490988731384,-0.7890427112579346,-0.34535205364227295,0.29198718070983887,-0.49101388454437256,-0.31736454367637634,-0.09343511611223221,-0.9180843234062195,-0.10781101882457733,0.05109100416302681,-1.1798036098480225,-0.348519891500473,0.07859568297863007,-0.7716929316520691,-0.304054319858551,0.0510505773127079,-0.48568883538246155,-0.20407424867153168,-0.36168622970581055,-0.796038806438446,-0.1743241846561432,-0.1899610310792923,-0.8847298622131348,-0.36555156111717224,-0.11698580533266068,-0.5937522649765015,-0.3396153748035431,-0.10593385994434357,-0.4014761447906494,-0.265020489692688
0.0,0.0,0.0,0.40962085127830505,-0.17011718451976776,-0.16506989300251007,0.6224772334098816,-0.6437686681747437,-0.21203435957431793,0.5246918797492981,-0.9869465827941895,-0.25657379627227783,0.5028597116470337,-1.2239965200424194,-0.2724606990814209,0.48126161098480225,-0.9978536367416382,-0.0605061799287796,0.5871727466583252,-1.2575993537902832,-0.29285603761672974,0.5301709175109863,-0.9255715608596802,-0.42479217052459717,0.47166022658348083,-0.6284607648849487,-0.4686577618122101,0.1800432801246643,-0.9819046258926392,-0.05871756374835968,0.295879602432251,-1.2460458278656006,-0.3248154819011688,0.2764340937137604,-0.8293161392211914,-0.39259395003318787,0.25558900833129883,-0.5058683156967163,-0.3599553108215332,-0.09728645533323288,-0.9141547679901123,-0.09737558662891388,-0.002861869055777788,-1.2121938467025757,-0.3675348162651062,0.019208885729312897,-0.7919275760650635,-0.3393018841743469,0.018050827085971832,-0.4865186810493469,-0.23873934149742126,-0.3571295738220215,-0.7932285666465759,-0.14734026789665222,-0.24163536727428436,-0.8998304605484009,-0.36386358737945557,-0.17060278356075287,-0.5996111035346985,-0.3534146845340729,-0.1392359584569931,-0.3988395631313324,-0.28378090262413025
0.0,0.0,0.0,0.3826504647731781,-0.18120330572128296,-0.17582307755947113,0.5419173240661621,-0.5972282290458679,-0.25479650497436523,0.3323233425617218,-0.8834677338600159,-0.3313257396221161,0.13602949678897858,-1.0515919923782349,-0.3816920816898346,0.4585908055305481,-1.0013437271118164,-0.06631442904472351,0.5473387837409973,-1.242751121520996,-0.3074779510498047,0.49674561619758606,-0.9202927350997925,-0.45822569727897644,0.4407235085964203,-0.6218600869178772,-0.5159770846366882,0.15849411487579346,-0.9850135445594788,-0.0680292397737503,0.24442936480045319,-1.2293801307678223,-0.336656779050827,0.23043292760849,-0.8234692215919495,-0.4194941520690918,0.21634063124656677,-0.49889639019966125,-0.3990333080291748,-0.12057973444461823,-0.9143645763397217,-0.11063750833272934,-0.05605495721101761,-1.198055624961853,-0.3790953755378723,-0.025666160508990288,-0.7872511148452759,-0.3614482879638672,-0.017241761088371277,-0.4773906469345093,-0.2682836651802063,-0.38299164175987244,-0.7846519351005554,-0.16593410074710846,-0.2968825697898865,-0.8918400406837463,-0.37723156809806824,-0.21304084360599518,-0.6023752093315125,-0.36594125628471375,-0.17120854556560516,-0.3986566960811615,-0.2963138818740845
0.0,0.0,0.0,0.35642823576927185,-0.17764902114868164,-0.17736203968524933,0.5125261545181274,-0.5790770649909973,-0.2626827359199524,0.31962960958480835,-0.844944179058075,-0.3450893759727478,0.12982772290706635,-0.9991046190261841,-0.3999156653881073,0.44379371404647827,-0.9971041679382324,-0.06811675429344177,0.5166038274765015,-1.2234838008880615,-0.3207147717475891,0.46604230999946594,-0.9061349630355835,-0.47938787937164307,0.41317129135131836,-0.6085636019706726,-0.5405741333961487,0.14070025086402893,-0.9875912070274353,-0.06976424902677536,0.21889926493167877,-1.199161410331726,-0.34891366958618164,0.20394673943519592,-0.78495192527771,-0.43038395047187805,0.1911323219537735,-0.4716840982437134,-0.40774255990982056,-0.14136439561843872,-0.9197890758514404,-0.11396412551403046,-0.08590126782655716,-1.1825335025787354,-0.3822766840457916,-0.0503912977874279,-0.7766000628471375,-0.35769012570381165,-0.0367242768406868,-0.4849907159805298,-0.2615831196308136,-0.40281447768211365,-0.7904689908027649,-0.172117680311203,-0.32857057452201843,-0.8858041763305664,-0.37775877118110657,-0.23976200819015503,-0.6020433306694031,-0.36107268929481506,-0.19099868834018707,-0.416186660528183,-0.2886830270290375
0.0,0.0,0.0,0.35567063093185425,-0.1963089406490326,-0.18926921486854553,0.5060378909111023,-0.6116958260536194,-0.27677613496780396,0.3231481611728668,-0.8732045888900757,-0.36064115166664124,0.15564045310020447,-1.0326508283615112,-0.41570135951042175,0.4266461431980133,-1.0006643533706665,-0.08080382645130157,0.49483203887939453,-1.2329514026641846,-0.3399079442024231,0.43387407064437866,-0.8943905830383301,-0.4895957112312317,0.38573983311653137,-0.6027212738990784,-0.5415942072868347,0.12123158574104309,-0.9896878004074097,-0.07629603892564774,0.1790677160024643,-1.2088643312454224,-0.3659702241420746,0.16336902976036072,-0.7784373164176941,-0.4429469108581543,0.16781727969646454,-0.47205260396003723,-0.4114736318588257,-0.16412971913814545,-0.9239239692687988,-0.11563127487897873,-0.13195006549358368,-1.1811308860778809,-0.40243208408355713,-0.0997203141450882,-0.7488930821418762,-0.37778952717781067,-0.0767233818769455,-0.4537276029586792,-0.2728232443332672,-0.4230649173259735,-0.8044266104698181,-0.16835157573223114,-0.3826756179332733,-0.9054819345474243,-0.38527658581733704,-0.29192671179771423,-0.6109883785247803,-0.36960849165916443,-0.23131193220615387,-0.4216073453426361,-0.2921220362186432
0.0,0.0,0.0,0.3728954792022705,-0.19363531470298767,-0.19106636941432953,0.5617233514785767,-0.6122307181358337,-0.2679382264614105,0.44057396054267883,-0.9096219539642334,-0.3396276831626892,0.33601999282836914,-1.0984798669815063,-0.38244137167930603,0.42296740412712097,-1.0087946653366089,-0.07805536687374115,0.5008187890052795,-1.2318869829177856,-0.33711308240890503,0.4419202208518982,-0.8702382445335388,-0.48549166321754456,0.3991336524486542,-0.573954164981842,-0.5354661345481873,0.12087874114513397,-0.9903542995452881,-0.0677255168557167,0.17876404523849487,-1.202976942062378,-0.36362186074256897,0.1747390776872635,-0.7543154954910278,-0.44174203276634216,0.1892455816268921,-0.44316214323043823,-0.4074215590953827,-0.16230711340904236,-0.9217005968093872,-0.10110253095626831,-0.13353969156742096,-1.1636505126953125,-0.39365652203559875,-0.09475140273571014,-0.7338749170303345,-0.36675313115119934,-0.0687190443277359,-0.4427155554294586,-0.25619813799858093,-0.4203055202960968,-0.8030257225036621,-0.14725981652736664,-0.39484474062919617,-0.9228933453559875,-0.3615458905696869,-0.3101341426372528,-0.6316467523574829,-0.33852219581604004,-0.25476816296577454,-0.43834227323532104,-0.2531677186489105
0.0,0.0,0.0,0.3335186839103699,-0.16507300734519958,-0.20664899051189423,0.5056949853897095,-0.5537296533584595,-0.2897348999977112,0.4171024560928345,-0.8339936137199402,-0.3610474765300751,0.3128982186317444,-1.0260789394378662,-0.4027458727359772,0.41424793004989624,-0.9936463832855225,-0.08997643738985062,0.44884905219078064,-1.1634680032730103,-0.35087528824806213,0.3904668092727661,-0.8196997046470642,-0.5048872232437134,0.34941616654396057,-0.5357565879821777,-0.5594695806503296,0.11363712698221207,-0.9911317825317383,-0.06887931376695633,0.12291262298822403,-1.1352136135101318,-0.3641747236251831,0.10902829468250275,-0.6992513537406921,-0.441099613904953,0.12983080744743347,-0.3998826742172241,-0.407106876373291,-0.1618887335062027,-0.9247363209724426,-0.09375602751970291,-0.16435638070106506,-1.1108752489089966,-0.38681066036224365,-0.1274557262659073,-0.7061720490455627,-0.37117111682891846,-0.08395394682884216,-0.431656152009964,-0.2707853317260742,-0.39729535579681396,-0.800190806388855,-0.13320378959178925,-0.3969601094722748,-0.8512641191482544,-0.36265116930007935,-0.31980985403060913,-0.5663465857505798,-0.3625762462615967,-0.2505556344985962,-0.38976091146469116,-0.29195886850357056
0.0,0.0,0.0,0.3294138014316559,-0.17885573208332062,-0.188492089509964,0.4984533488750458,-0.5922844409942627,-0.2519311010837555,0.39281165599823,-0.8746180534362793,-0.30687737464904785,0.2718690037727356,-1.0637868642807007,-0.3332333266735077,0.37144574522972107,-1.0026190280914307,-0.04783188924193382,0.4062911868095398,-1.160251259803772,-0.2895191013813019,0.3620297312736511,-0.8202725648880005,-0.42917436361312866,0.3298940658569336,-0.5448976755142212,-0.4760284125804901,0.07613947987556458,-0.9965872764587402,-0.031884390860795975,0.08424202352762222,-1.128947138786316,-0.3115019202232361,0.08928701281547546,-0.683096170425415,-0.3830556869506836,0.11948709934949875,-0.397300660610199,-0.3467016816139221,-0.19327513873577118,-0.924467921257019,-0.06080594286322594,-0.19856511056423187,-1.101243019104004,-0.3488506078720093,-0.1479378044605255,-0.6825538277626038,-0.3286747634410858,-0.10172925144433975,-0.41649845242500305,-0.2242284119129181,-0.426963746547699,-0.7932076454162598,-0.10253682732582092,-0.4268864095211029,-0.853130042552948,-0.3284645676612854,-0.3397192358970642,-0.5643870234489441,-0.323222279548645,-0.2695055305957794,-0.396700382232666,-0.24896103143692017
0.0,0.0,0.0,0.32941457629203796,-0.1783389449119568,-0.19745366275310516,0.48671385645866394,-0.5862491726875305,-0.27722227573394775,0.39314863085746765,-0.8827850222587585,-0.34924381971359253,0.2886401116847992,-1.0926141738891602,-0.3930976092815399,0.3978472054004669,-0.9946610927581787,-0.07437305897474289,0.45400241017341614,-1.1974977254867554,-0.33281010389328003,0.39686909317970276,-0.845605731010437,-0.48828840255737305,0.34758204221725464,-0.5507807731628418,-0.5439851880073547,0.09667114913463593,-0.9935323596000671,-0.05956607684493065,0.11227945238351822,-1.1693542003631592,-0.34138381481170654,0.1076636090874672,-0.7157314419746399,-0.41472554206848145,0.1293664574623108,-0.41693174839019775,-0.3823462426662445,-0.18396669626235962,-0.9301019906997681,-0.09001663327217102,-0.17807935178279877,-1.1474746465682983,-0.375341534614563,-0.13922585546970367,-0.7112107276916504,-0.34151700139045715,-0.10653480142354965,-0.42716315388679504,-0.23119960725307465,-0.4323270916938782,-0.8087133169174194,-0.13496071100234985,-0.4287448525428772,-0.8803883194923401,-0.35554376244544983,-0.3466106951236725,-0.5780918598175049,-0.3350098431110382,-0.2855798006057739,-0.3986770808696747,-0.25148987770080566
0.0,0.0,0.0,0.35152027010917664,-0.16689243912696838,-0.19375234842300415,0.5383296012878418,-0.5618302822113037,-0.2752280831336975,0.4669206440448761,-0.8585144877433777,-0.3507966995239258,0.3934122323989868,-1.0656979084014893,-0.39832404255867004,0.4404878616333008,-0.9861047863960266,-0.09841790795326233,0.48699185252189636,-1.1993203163146973,-0.36115536093711853,0.42916879057884216,-0.8512400984764099,-0.5072875618934631,0.3862942159175873,-0.5680245161056519,-0.55633544921875,0.13060836493968964,-0.9874705672264099,-0.08856278657913208,0.15949082374572754,-1.1892004013061523,-0.3783133924007416,0.14437901973724365,-0.7368902564048767,-0.44535303115844727,0.154570534825325,-0.4401147961616516,-0.40840187668800354,-0.16090911626815796,-0.9251804351806641,-0.12253497540950775,-0.14293621480464935,-1.1651567220687866,-0.417206734418869,-0.11876357346773148,-0.7242785096168518,-0.38286179304122925,-0.09420232474803925,-0.4401213228702545,-0.27140772342681885,-0.4202708601951599,-0.803911030292511,-0.16938923299312592,-0.4112991988658905,-0.887286365032196,-0.3950268626213074,-0.3391174077987671,-0.5826503038406372,-0.37796205282211304,-0.2790268659591675,-0.3953290283679962,-0.2975497245788574
0.0,0.0,0.0,0.3693501353263855,-0.15911786258220673,-0.1985001116991043,0.5226442217826843,-0.5737581849098206,-0.28959834575653076,0.30940762162208557,-0.8550697565078735,-0.3733617663383484,0.12153556197881699,-1.0227952003479004,-0.431352823972702,0.47261735796928406,-0.9829643368721008,-0.08106665313243866,0.5349860191345215,-1.2128851413726807,-0.32390618324279785,0.4645288288593292,-0.8878331184387207,-0.4728260934352875,0.4075481593608856,-0.6034597754478455,-0.5311416983604431,0.16152827441692352,-0.9842600226402283,-0.07170049101114273,0.21444937586784363,-1.2260888814926147,-0.34940099716186523,0.18001945316791534,-0.795570433139801,-0.4350051283836365,0.17153523862361908,-0.4696645438671112,-0.4110359251499176,-0.1239483579993248,-0.924913227558136,-0.10474884510040283,-0.06899716705083847,-1.2162648439407349,-0.38983485102653503,-0.05895093083381653,-0.7856741547584534,-0.3780411183834076,-0.05331673100590706,-0.47516605257987976,-0.28292661905288696,-0.38052070140838623,-0.8059496879577637,-0.15054601430892944,-0.32826703786849976,-0.9068105220794678,-0.379822313785553,-0.26602599024772644,-0.599670946598053,-0.3756057024002075,-0.22377921640872955,-0.3950549364089966,-0.30587953329086304
0.0,0.0,0.0,0.3753625154495239,-0.15297077596187592,-0.18214760720729828,0.5412377715110779,-0.569128155708313,-0.2616548240184784,0.2563251256942749,-0.8486359715461731,-0.33389589190483093,0.02359485626220703,-1.0353785753250122,-0.37618374824523926,0.5110695958137512,-0.9641137719154358,-0.0681510791182518,0.5946835279464722,-1.216369390487671,-0.310496985912323,0.5235615372657776,-0.9109554290771484,-0.45502394437789917,0.4511670768260956,-0.6209366917610168,-0.5084090232849121,0.20403838157653809,-0.9767360687255859,-0.0659923329949379,0.28082290291786194,-1.2289315462112427,-0.3367618918418884,0.24893870949745178,-0.8261274099349976,-0.4182220995426178,0.23145262897014618,-0.5136458277702332,-0.3948272466659546,-0.07990914583206177,-0.9275839924812317,-0.10564199835062027,-0.00656811473891139,-1.2188763618469238,-0.38507696986198425,-5.67112656426616e-05,-0.7973541617393494,-0.3746527135372162,-0.0072768572717905045,-0.508558452129364,-0.28633493185043335,-0.34449517726898193,-0.8164848685264587,-0.15665796399116516,-0.2570450007915497,-0.8754856586456299,-0.38586053252220154,-0.192825585603714,-0.5633241534233093,-0.3874618709087372,-0.1566847711801529,-0.3792870342731476,-0.32538115978240967
0.0,0.0,0.0,0.36745527386665344,-0.15089355409145355,-0.18674372136592865,0.5218375325202942,-0.5862607955932617,-0.2689063847064972,0.20019012689590454,-0.8921329975128174,-0.3412845730781555,-0.05303037166595459,-1.0939323902130127,-0.38141903281211853,0.519635796546936,-0.9589758515357971,-0.0547044612467289,0.6141782402992249,-1.2006783485412598,-0.2913522720336914,0.5544541478157043,-0.9010410904884338,-0.4392507076263428,0.47864001989364624,-0.6199899315834045,-0.4967077374458313,0.21577994525432587,-0.9749865531921387,-0.053294066339731216,0.3187447786331177,-1.2348569631576538,-0.3102620840072632,0.2963273525238037,-0.8515304923057556,-0.39284852147102356,0.26729533076286316,-0.553011417388916,-0.37454354763031006,-0.06471912562847137,-0.927827000617981,-0.0942884162068367,0.030055074021220207,-1.2356579303741455,-0.3632805347442627,0.04797887057065964,-0.8268061280250549,-0.34850120544433594,0.034480154514312744,-0.5498647689819336,-0.26153451204299927,-0.338857501745224,-0.8135939836502075,-0.14791585505008698,-0.2164834439754486,-0.8882662057876587,-0.3711290955543518,-0.14917303621768951,-0.5673637986183167,-0.3650253713130951,-0.12222430109977722,-0.3783719539642334,-0.3001999855041504
0.0,0.0,0.0,0.35335633158683777,-0.17332497239112854,-0.19352218508720398,0.4825558364391327,-0.5936766266822815,-0.28867480158805847,0.14130254089832306,-0.887207567691803,-0.37474319338798523,-0.1305837482213974,-1.0869145393371582,-0.43024060130119324,0.5051935911178589,-0.9641345143318176,-0.07227645069360733,0.5818848609924316,-1.2268400192260742,-0.31624096632003784,0.5308518409729004,-0.9343597888946533,-0.47111776471138,0.46847274899482727,-0.6493591070175171,-0.5336892008781433,0.20048663020133972,-0.9772879481315613,-0.06865359097719193,0.28330013155937195,-1.2529995441436768,-0.3349912166595459,0.26086753606796265,-0.8773869872093201,-0.4263264536857605,0.24073034524917603,-0.5717458724975586,-0.41367843747138977,-0.08173617720603943,-0.9341726303100586,-0.10744300484657288,-0.013128258287906647,-1.2666584253311157,-0.3856112062931061,0.009932661429047585,-0.8717817664146423,-0.38806477189064026,0.006865443661808968,-0.588333010673523,-0.3126690089702606,-0.35774073004722595,-0.8237878680229187,-0.15871955454349518,-0.2521001100540161,-0.8795577883720398,-0.3988845646381378,-0.15845821797847748,-0.5642504692077637,-0.4131789803504944,-0.10605166852474213,-0.3711073100566864,-0.3611689507961273
0.0,0.0,0.0,0.3322889506816864,-0.19055438041687012,-0.20981837809085846,0.420827180147171,-0.6157786250114441,-0.3173588514328003,0.0773729681968689,-0.9231452345848083,-0.4141702353954315,-0.18384669721126556,-1.144911289215088,-0.4776405394077301,0.4999522864818573,-0.9727442860603333,-0.08152858912944794,0.5545872449874878,-1.250246524810791,-0.3334217667579651,0.49685779213905334,-0.9578688740730286,-0.4974358081817627,0.4375050365924835,-0.6660654544830322,-0.5658673644065857,0.19412310421466827,-0.978303074836731,-0.07238306105136871,0.2717369496822357,-1.2639721632003784,-0.34664487838745117,0.23546834290027618,-0.8927753567695618,-0.445159375667572,0.2130604088306427,-0.5929771065711975,-0.436436265707016,-0.08966625481843948,-0.930794894695282,-0.10784963518381119,-0.034306108951568604,-1.283429503440857,-0.39199298620224,-0.015165357850492,-0.9067375063896179,-0.4011065661907196,-0.015646548941731453,-0.6305592656135559,-0.328789621591568,-0.3653322160243988,-0.8151674866676331,-0.15747599303722382,-0.2757019102573395,-0.8979048132896423,-0.4026544988155365,-0.17850647866725922,-0.5939396023750305,-0.4210675358772278,-0.11933252960443497,-0.4008696377277374,-0.37100276350975037
0.0,0.0,0.0,0.324481338262558,-0.19551695883274078,-0.21669404208660126,0.40363559126853943,-0.6179577708244324,-0.3249621093273163,0.06189747527241707,-0.9114882349967957,-0.42112135887145996,-0.19534309208393097,-1.1258608102798462,-0.48600447177886963,0.5021629333496094,-0.9764279723167419,-0.08746830374002457,0.5376724600791931,-1.2419294118881226,-0.3359107971191406,0.46943676471710205,-0.9531150460243225,-0.500074028968811,0.4172627925872803,-0.6684659719467163,-0.572664201259613,0.19318632781505585,-0.9781908988952637,-0.07629882544279099,0.24530132114887238,-1.2610582113265991,-0.3532254695892334,0.20055009424686432,-0.8838605880737305,-0.45826485753059387,0.1877196729183197,-0.5888321995735168,-0.4550628066062927,-0.09037111699581146,-0.9276652932167053,-0.10950440913438797,-0.056644339114427567,-1.2706646919250488,-0.4002278447151184,-0.04331110045313835,-0.8934276103973389,-0.4222404360771179,-0.03589795157313347,-0.6237421631813049,-0.3588598072528839,-0.3594807982444763,-0.8099727630615234,-0.15662868320941925,-0.2817591726779938,-0.8906035423278809,-0.4096046984195709,-0.18493469059467316,-0.5768643021583557,-0.43684932589530945,-0.11705010384321213,-0.38188597559928894,-0.3939298689365387
0.0,0.0,0.0,0.31409215927124023,-0.20376445353031158,-0.226198211312294,0.3784332275390625,-0.631261944770813,-0.3352224826812744,0.03586078807711601,-0.921468198299408,-0.4313429892063141,-0.23200984299182892,-1.1287822723388672,-0.49701860547065735,0.5019820332527161,-0.9814440608024597,-0.08378951251506805,0.5140949487686157,-1.253077507019043,-0.32656121253967285,0.4366692006587982,-0.9742400646209717,-0.4897788166999817,0.38902801275253296,-0.6945391297340393,-0.5644129514694214,0.19064491987228394,-0.9793744683265686,-0.0669340044260025,0.21428978443145752,-1.2700395584106445,-0.3405044972896576,0.16029590368270874,-0.8988670110702515,-0.4481743276119232,0.15462391078472137,-0.6058725714683533,-0.4466502368450165,-0.09506522119045258,-0.9253426194190979,-0.0953320637345314,-0.09051590412855148,-1.2782094478607178,-0.3846517503261566,-0.06860927492380142,-0.9005206823348999,-0.4102146327495575,-0.041165366768836975,-0.6241856813430786,-0.34810784459114075,-0.35954537987709045,-0.7989396452903748,-0.13887465000152588,-0.30665430426597595,-0.8907822966575623,-0.3980293571949005,-0.20505939424037933,-0.5812428593635559,-0.43156781792640686,-0.12343898415565491,-0.38243818283081055,-0.39104950428009033
0.0,0.0,0.0,0.32330578565597534,-0.19644492864608765,-0.1984640657901764,0.43232619762420654,-0.6098883748054504,-0.28712621331214905,0.14681357145309448,-0.9004757404327393,-0.3679727613925934,-0.08604373037815094,-1.1058976650238037,-0.4195537567138672,0.5025116801261902,-0.9695823788642883,-0.04331856220960617,0.5096955895423889,-1.2242765426635742,-0.27385619282722473,0.43261921405792236,-0.9532649517059326,-0.42938658595085144,0.37968239188194275,-0.6809538006782532,-0.4967380166053772,0.20452533662319183,-0.9783475399017334,-0.03170938789844513,0.2088475376367569,-1.2431124448776245,-0.29363372921943665,0.15484406054019928,-0.8819400668144226,-0.3914988040924072,0.14770866930484772,-0.5877876877784729,-0.38060513138771057,-0.06598802655935287,-0.9275319576263428,-0.06421207636594772,-0.05589877814054489,-1.254974365234375,-0.3405965268611908,-0.04800069332122803,-0.8768214583396912,-0.3530369997024536,-0.028571655973792076,-0.6008020639419556,-0.28012120723724365,-0.31721195578575134,-0.8075773119926453,-0.1107659563422203,-0.2695426940917969,-0.8889709711074829,-0.3558713495731354,-0.19200946390628815,-0.5892432332038879,-0.37936753034591675,-0.12446357309818268,-0.4005560278892517,-0.3296779990196228
0.0,0.0,0.0,0.31857800483703613,-0.1758701652288437,-0.20812346041202545,0.4221389889717102,-0.599822461605072,-0.2990539073944092,0.1085367202758789,-0.8983829617500305,-0.3783813714981079,-0.1447596549987793,-1.109216570854187,-0.4280942380428314,0.517019510269165,-0.9578825235366821,-0.05893604829907417,0.5202614068984985,-1.2242448329925537,-0.2752605378627777,0.4334328770637512,-0.9561960101127625,-0.4214767515659332,0.3780677914619446,-0.689274787902832,-0.4880591332912445,0.21879488229751587,-0.974871039390564,-0.041896965354681015,0.2336253970861435,-1.2416694164276123,-0.2896158695220947,0.16149474680423737,-0.8944577574729919,-0.3862808048725128,0.14013813436031342,-0.6112071871757507,-0.3810901641845703,-0.05313386768102646,-0.9307181239128113,-0.06793399900197983,-0.048865269869565964,-1.2700010538101196,-0.3364432752132416,-0.052964720875024796,-0.9180540442466736,-0.36114639043807983,-0.038568854331970215,-0.6598637700080872,-0.30325013399124146,-0.3059687912464142,-0.8179612159729004,-0.10766852647066116,-0.2667335569858551,-0.8965837359428406,-0.3568480610847473,-0.185669407248497,-0.59410160779953,-0.3923211991786957,-0.11062046885490417,-0.4009254574775696,-0.35494402050971985
0.0,0.0,0.0,0.31762033700942993,-0.18790046870708466,-0.20083600282669067,0.4126092195510864,-0.6161373257637024,-0.29185912013053894,0.095369353890419,-0.902337908744812,-0.3724372982978821,-0.1630076766014099,-1.0991158485412598,-0.4255402684211731,0.5082764029502869,-0.9619585871696472,-0.05995846167206764,0.5220969915390015,-1.2195874452590942,-0.2776073217391968,0.43475934863090515,-0.9565476775169373,-0.4265044331550598,0.3766537308692932,-0.6914594173431396,-0.49446022510528564,0.21136873960494995,-0.9761937260627747,-0.048672568053007126,0.24826371669769287,-1.2524749040603638,-0.2931737005710602,0.17642450332641602,-0.9119582176208496,-0.39005646109580994,0.14976149797439575,-0.6265971064567566,-0.3857921361923218,-0.06352488696575165,-0.9316337704658508,-0.07905825972557068,-0.040285564959049225,-1.2853128910064697,-0.3467807471752167,-0.0484507754445076,-0.9342726469039917,-0.3713206648826599,-0.04545339569449425,-0.668319821357727,-0.31328725814819336,-0.32343578338623047,-0.8168193697929382,-0.12206731736660004,-0.26061758399009705,-0.9150084257125854,-0.3704175353050232,-0.18136772513389587,-0.6048938035964966,-0.3998073935508728,-0.1192735955119133,-0.39716848731040955,-0.3582073450088501
0.0,0.0,0.0,0.3294239044189453,-0.1879076212644577,-0.2030632048845291,0.42523303627967834,-0.6167658567428589,-0.2996775507926941,0.08696507662534714,-0.9033193588256836,-0.385998010635376,-0.1854849010705948,-1.1093474626541138,-0.44446972012519836,0.5069032311439514,-0.9664841294288635,-0.07077711820602417,0.5268648266792297,-1.2348747253417969,-0.2919909954071045,0.4436872601509094,-0.962995171546936,-0.443555623292923,0.38598573207855225,-0.6916862726211548,-0.5145023465156555,0.20610196888446808,-0.9765743613243103,-0.06184267997741699,0.24834541976451874,-1.2623295783996582,-0.31094494462013245,0.18517833948135376,-0.9130051732063293,-0.41305413842201233,0.1592385321855545,-0.6209443211555481,-0.414840966463089,-0.07321677356958389,-0.9290657043457031,-0.09380393475294113,-0.05102744698524475,-1.2984923124313354,-0.36609816551208496,-0.04375683143734932,-0.9316683411598206,-0.39054057002067566,-0.032350003719329834,-0.65445476770401,-0.33456334471702576,-0.33889254927635193,-0.8105533719062805,-0.13815514743328094,-0.2705310881137848,-0.9113146662712097,-0.39536798000335693,-0.17820194363594055,-0.5947076678276062,-0.4278564751148224,-0.109094999730587,-0.3822081983089447,-0.3889443874359131
0.0,0.0,0.0,0.3249744772911072,-0.1888764351606369,-0.20562408864498138,0.4214037358760834,-0.6222720742225647,-0.2998425364494324,0.08440236747264862,-0.9167181253433228,-0.38289085030555725,-0.18184716999530792,-1.1279677152633667,-0.43680644035339355,0.508579432964325,-0.9662854075431824,-0.06744296848773956,0.5228604674339294,-1.239890217781067,-0.29062551259994507,0.43198996782302856,-0.9644890427589417,-0.44137996435165405,0.372514009475708,-0.6926960349082947,-0.5111777186393738,0.20551209151744843,-0.9769975543022156,-0.0569249726831913,0.23821787536144257,-1.2684599161148071,-0.3101009428501129,0.16785113513469696,-0.9125892519950867,-0.40998485684394836,0.14315707981586456,-0.6208444833755493,-0.40752333402633667,-0.0749957412481308,-0.9297983646392822,-0.08838411420583725,-0.059114281088113785,-1.2931231260299683,-0.3617994487285614,-0.057882387191057205,-0.9252210259437561,-0.38358184695243835,-0.047204043716192245,-0.6537970900535583,-0.32404476404190063,-0.34050995111465454,-0.8127095103263855,-0.13278333842754364,-0.2777993083000183,-0.9045759439468384,-0.38695892691612244,-0.18424376845359802,-0.5901225805282593,-0.4184846580028534,-0.11008425801992416,-0.38717180490493774,-0.3786281943321228
0.0,0.0,0.0,0.3262932300567627,-0.1911032795906067,-0.2030654102563858,0.4213729500770569,-0.6104738116264343,-0.3020215630531311,0.08765435218811035,-0.907853901386261,-0.39143648743629456,-0.17955127358436584,-1.1141674518585205,-0.4503490924835205,0.5026760697364807,-0.9675474762916565,-0.06850072741508484,0.5331509709358215,-1.2382721900939941,-0.29972100257873535,0.46037018299102783,-0.965542733669281,-0.4545140564441681,0.4018141031265259,-0.6910237073898315,-0.5226721167564392,0.20323313772678375,-0.9773567914962769,-0.058907318860292435,0.24829332530498505,-1.2662336826324463,-0.3130072057247162,0.20287467539310455,-0.9148976802825928,-0.4103713631629944,0.18849273025989532,-0.6258042454719543,-0.40545347332954407,-0.07444263249635696,-0.9328081011772156,-0.09221161156892776,-0.0460091307759285,-1.2950694561004639,-0.3654124438762665,-0.03912607580423355,-0.935684084892273,-0.3838265836238861,-0.03107120282948017,-0.6677678227424622,-0.32057762145996094,-0.3399195373058319,-0.8202405571937561,-0.1387481540441513,-0.2632824778556824,-0.915011465549469,-0.385586142539978,-0.16852468252182007,-0.6107746958732605,-0.4113291800022125,-0.10122156888246536,-0.40854495763778687,-0.3670509457588196
0.0,0.0,0.0,0.33946362137794495,-0.1824886053800583,-0.20137599110603333,0.4297918975353241,-0.6067681312561035,-0.2995477616786957,0.0800858661532402,-0.9162538051605225,-0.38659384846687317,-0.20268474519252777,-1.127784013748169,-0.44208887219429016,0.509553074836731,-0.9547148942947388,-0.06891888380050659,0.5617894530296326,-1.2288061380386353,-0.30008357763290405,0.5185515284538269,-0.959652841091156,-0.45479318499565125,0.46304455399513245,-0.6891286373138428,-0.5221774578094482,0.21542096138000488,-0.9748275876045227,-0.057488180696964264,0.2745913565158844,-1.2706900835037231,-0.29896029829978943,0.24698980152606964,-0.9346898794174194,-0.3903946578502655,0.22247301042079926,-0.6522235870361328,-0.38566502928733826,-0.06677191704511642,-0.9368670582771301,-0.08865986764431,-0.026171430945396423,-1.2902960777282715,-0.3470529615879059,0.00014361822104547173,-0.9272298812866211,-0.3548696041107178,0.00411120755597949,-0.6548382043838501,-0.28837403655052185,-0.3440515100955963,-0.8281552791595459,-0.13399653136730194,-0.25880980491638184,-0.9139269590377808,-0.36894169449806213,-0.16005590558052063,-0.6124138832092285,-0.3900480568408966,-0.1011454239487648,-0.41662153601646423,-0.34553518891334534
0.0,0.0,0.0,0.36725857853889465,-0.16622935235500336,-0.19398215413093567,0.4754191040992737,-0.6022447943687439,-0.2850962281227112,0.13554586470127106,-0.9284858107566833,-0.3623557984828949,-0.1465306282043457,-1.1419397592544556,-0.40700218081474304,0.5265147089958191,-0.9399867057800293,-0.0663280263543129,0.5861509442329407,-1.2215690612792969,-0.28745579719543457,0.5352756381034851,-0.9401021003723145,-0.4340125024318695,0.468805193901062,-0.6637827754020691,-0.4965149760246277,0.2349003404378891,-0.9703691005706787,-0.056617774069309235,0.31889012455940247,-1.2793666124343872,-0.285253643989563,0.2908112108707428,-0.9381282925605774,-0.3667472302913666,0.25044095516204834,-0.6464559435844421,-0.3565109968185425,-0.04964195564389229,-0.9367760419845581,-0.08763700723648071,0.023547260090708733,-1.2931278944015503,-0.33016058802604675,0.05474478751420975,-0.9346131086349487,-0.32816988229751587,0.04730729013681412,-0.6599656343460083,-0.259504109621048,-0.33705246448516846,-0.8325608372688293,-0.13260699808597565,-0.22616203129291534,-0.9201908111572266,-0.35403257608413696,-0.13707534968852997,-0.6105104088783264,-0.36644747853279114,-0.09586261957883835,-0.40711918473243713,-0.31928250193595886
0.0,0.0,0.0,0.3447421193122864,-0.17225658893585205,-0.18155735731124878,0.4450971484184265,-0.6137402057647705,-0.263944149017334,0.10320043563842773,-0.9112305045127869,-0.3362504839897156,-0.16313406825065613,-1.1223492622375488,-0.37679311633110046,0.47634270787239075,-0.9522005915641785,-0.04123306646943092,0.5888967514038086,-1.2032896280288696,-0.2537975311279297,0.5517048239707947,-0.9244726300239563,-0.3970280885696411,0.47132161259651184,-0.6511824131011963,-0.45839032530784607,0.20143207907676697,-0.9787822365760803,-0.03755467012524605,0.3293481469154358,-1.2490251064300537,-0.2550612986087799,0.3091113269329071,-0.9067264795303345,-0.3312523663043976,0.2562831938266754,-0.6170355081558228,-0.3222123086452484,-0.06998403370380402,-0.9412052035331726,-0.07568022608757019,0.04297228902578354,-1.2891433238983154,-0.30415961146354675,0.07515397667884827,-0.9325888752937317,-0.29801371693611145,0.05370970815420151,-0.6587896943092346,-0.23286183178424835,-0.34894686937332153,-0.8289840817451477,-0.12826021015644073,-0.21470066905021667,-0.8978682160377502,-0.34044936299324036,-0.1369294673204422,-0.5865107774734497,-0.3529435396194458,-0.11318909376859665,-0.387004017829895,-0.3104850649833679
0.0,0.0,0.0,0.3413957953453064,-0.15433116257190704,-0.17343668639659882,0.46142542362213135,-0.6068256497383118,-0.24781332910060883,0.14145800471305847,-0.9408413171768188,-0.3160838782787323,-0.12172811478376389,-1.1671274900436401,-0.35325464606285095,0.5269350409507751,-0.9451640248298645,-0.024049758911132812,0.6250872015953064,-1.2240504026412964,-0.24033093452453613,0.574812114238739,-0.9406599402427673,-0.3818095028400421,0.4961360991001129,-0.6770558953285217,-0.4415470361709595,0.2472466230392456,-0.9685268402099609,-0.028721585869789124,0.3708956837654114,-1.271305799484253,-0.260402113199234,0.3362058103084564,-0.9038926959037781,-0.3356013894081116,0.27550092339515686,-0.6177652478218079,-0.31914809346199036,-0.029361294582486153,-0.9323439002037048,-0.07561361789703369,0.08399919420480728,-1.2762352228164673,-0.32260581851005554,0.10924866795539856,-0.8998590707778931,-0.304148405790329,0.08489638566970825,-0.6370659470558167,-0.22054839134216309,-0.3221226632595062,-0.8328102231025696,-0.13510794937610626,-0.1918240636587143,-0.9470261335372925,-0.34701457619667053,-0.12236539274454117,-0.6371192932128906,-0.338217556476593,-0.10498130321502686,-0.4461340010166168,-0.27689722180366516
0.0,0.0,0.0,0.3759588599205017,-0.10472377389669418,-0.15597043931484222,0.5784186720848083,-0.4995870292186737,-0.23186354339122772,0.33459335565567017,-0.8416696786880493,-0.3075173795223236,0.10983379930257797,-1.0881483554840088,-0.3563375771045685,0.5841144919395447,-0.9041793346405029,-0.03962777927517891,0.7193247079849243,-1.1564594507217407,-0.26062148809432983,0.6496524810791016,-0.8640068173408508,-0.4055720567703247,0.5523271560668945,-0.6018577814102173,-0.46656522154808044,0.31202271580696106,-0.9485845565795898,-0.05318961292505264,0.4897930920124054,-1.2133959531784058,-0.2894701063632965,0.4364500343799591,-0.8418332934379578,-0.36718443036079407,0.3498714566230774,-0.5538920760154724,-0.3545007109642029,0.03578240051865578,-0.9357982873916626,-0.1058022752404213,0.1964629739522934,-1.2792624235153198,-0.36039382219314575,0.1945919543504715,-0.8872596621513367,-0.35032913088798523,0.1444888710975647,-0.6053328514099121,-0.27492162585258484,-0.2680932581424713,-0.8570460677146912,-0.16842731833457947,-0.1044415831565857,-0.9191042184829712,-0.3985627293586731,-0.048799943178892136,-0.5871791243553162,-0.4050789475440979,-0.046679235994815826,-0.3740001618862152,-0.3523957431316376
0.0,0.0,0.0,0.3428531289100647,-0.08026521652936935,-0.12360916286706924,0.6380246877670288,-0.3658009469509125,-0.19514654576778412,0.7689896821975708,-0.5731790065765381,-0.27927276492118835,0.8417167663574219,-0.7447437644004822,-0.3352058231830597,0.5527675747871399,-0.9105466604232788,-0.05473793298006058,0.7207775712013245,-1.1354548931121826,-0.29875653982162476,0.6511740684509277,-0.7979432940483093,-0.4355302155017853,0.5669196844100952,-0.5279370546340942,-0.4802139401435852,0.2870441973209381,-0.9540004134178162,-0.08653832226991653,0.4605914354324341,-1.1532291173934937,-0.35365813970565796,0.40998634696006775,-0.7190322279930115,-0.4101350009441376,0.3447457253932953,-0.4369184970855713,-0.3740388751029968,0.0006430039065890014,-0.9374555945396423,-0.1559228003025055,0.16911447048187256,-1.161458969116211,-0.4098151922225952,0.1516501009464264,-0.7404417991638184,-0.365077942609787,0.09481816738843918,-0.48354941606521606,-0.2611705958843231,-0.28616297245025635,-0.8619660139083862,-0.23619449138641357,-0.1084911897778511,-0.8862224221229553,-0.4203619062900543,-0.058723073452711105,-0.5798755884170532,-0.3924688696861267,-0.06118259206414223,-0.40615424513816833,-0.31762775778770447
0.0,0.0,0.0,0.3733476996421814,-0.11085741221904755,-0.1505209058523178,0.6288334727287292,-0.49184033274650574,-0.212187722325325,0.6561878323554993,-0.7870267033576965,-0.27686867117881775,0.6666647791862488,-1.0123438835144043,-0.3110298812389374,0.5323088765144348,-0.9316344857215881,-0.06610026955604553,0.6779015064239502,-1.1523582935333252,-0.3226581811904907,0.6123038530349731,-0.8080664277076721,-0.4676254987716675,0.53847736120224,-0.5193741917610168,-0.5144042372703552,0.2538287043571472,-0.9640633463859558,-0.07844008505344391,0.41307559609413147,-1.1483981609344482,-0.36428752541542053,0.3614201545715332,-0.7055997252464294,-0.4248153567314148,0.3010880947113037,-0.39891719818115234,-0.3850272595882416,-0.03379425033926964,-0.9408890008926392,-0.13250915706157684,0.10742805898189545,-1.1539077758789062,-0.40047192573547363,0.09418054670095444,-0.7219686508178711,-0.35092082619667053,0.05557604879140854,-0.44140416383743286,-0.23846979439258575,-0.32022106647491455,-0.8632707595825195,-0.19992442429065704,-0.1737101674079895,-0.8909788131713867,-0.39839184284210205,-0.13024677336215973,-0.5759260654449463,-0.3712947964668274,-0.12268095463514328,-0.3910616338253021,-0.2919063866138458
0.0,0.0,0.0,0.2866586148738861,-0.0861358642578125,-0.1493108868598938,0.5245336890220642,-0.3353469967842102,-0.23931124806404114,0.6611728668212891,-0.5286360383033752,-0.33082032203674316,0.7839151620864868,-0.6585016250610352,-0.39631688594818115,0.48469799757003784,-0.920834481716156,-0.09308226406574249,0.5958455204963684,-0.9720648527145386,-0.3477006256580353,0.532119870185852,-0.6386327147483826,-0.4978547692298889,0.4671090841293335,-0.38461926579475403,-0.551207423210144,0.2301163226366043,-0.9674396514892578,-0.10539034008979797,0.3517110347747803,-0.9685965776443481,-0.3714163899421692,0.2983644902706146,-0.5556798577308655,-0.42196667194366455,0.24486501514911652,-0.2921176254749298,-0.38570278882980347,-0.038963887840509415,-0.9321315884590149,-0.1563590168952942,0.07863803952932358,-0.9207265973091125,-0.4026935398578644,0.06349702924489975,-0.5318697094917297,-0.3592821955680847,0.03216821327805519,-0.2941775619983673,-0.2577355206012726,-0.29420411586761475,-0.8319191336631775,-0.22167715430259705,-0.19326475262641907,-0.7640231251716614,-0.38519662618637085,-0.14495961368083954,-0.4852180480957031,-0.35401177406311035,-0.12354003638029099,-0.32647377252578735,-0.27801787853240967
0.0,0.0,0.0,0.26612821221351624,-0.08869004994630814,-0.15797530114650726,0.48695895075798035,-0.32691189646720886,-0.2545800507068634,0.6174785494804382,-0.5047988295555115,-0.34599927067756653,0.7531356811523438,-0.632655143737793,-0.41298314929008484,0.4388568103313446,-0.9219698309898376,-0.11650516837835312,0.5416008830070496,-0.8549864888191223,-0.37146827578544617,0.5109338164329529,-0.5468354821205139,-0.5282226204872131,0.46580711007118225,-0.3113865852355957,-0.5904315710067749,0.19187113642692566,-0.9734089374542236,-0.12514224648475647,0.306771457195282,-0.8483161926269531,-0.3806631863117218,0.28378814458847046,-0.4724304974079132,-0.44150906801223755,0.24722468852996826,-0.2383657544851303,-0.4218990206718445,-0.060798387974500656,-0.9179251790046692,-0.17032121121883392,0.06099700927734375,-0.801276445388794,-0.40872520208358765,0.053274426609277725,-0.44962385296821594,-0.37657833099365234,0.018505260348320007,-0.25181013345718384,-0.29042068123817444,-0.29145702719688416,-0.7907487750053406,-0.23172980546951294,-0.1842956691980362,-0.6445955038070679,-0.3922198414802551,-0.13367365300655365,-0.40044960379600525,-0.3710898160934448,-0.11809968948364258,-0.2847726047039032,-0.3064207434654236
0.0,0.0,0.0,0.2977934777736664,-0.0931546688079834,-0.1652565598487854,0.5230698585510254,-0.35886189341545105,-0.25382742285728455,0.5957717299461365,-0.588901698589325,-0.3335094451904297,0.6845208406448364,-0.7439432740211487,-0.3877122402191162,0.45530465245246887,-0.9215015769004822,-0.11239412426948547,0.5766506195068359,-0.8466813564300537,-0.3681538701057434,0.5590769052505493,-0.5450542569160461,-0.5207037329673767,0.5205249190330505,-0.3203884959220886,-0.5793425440788269,0.20435650646686554,-0.9720210433006287,-0.11581627279520035,0.3493987023830414,-0.8479997515678406,-0.3742227256298065,0.3266632854938507,-0.4657251834869385,-0.431436151266098,0.2834801971912384,-0.23890118300914764,-0.40571993589401245,-0.04475303366780281,-0.9169802665710449,-0.15681570768356323,0.11053168028593063,-0.7982048392295837,-0.4104374945163727,0.09886883199214935,-0.43060797452926636,-0.3747318387031555,0.05724528804421425,-0.23383161425590515,-0.2790796160697937,-0.27859172224998474,-0.7922272682189941,-0.21342505514621735,-0.13708175718784332,-0.6333915591239929,-0.38901904225349426,-0.09592776000499725,-0.368123322725296,-0.36585843563079834,-0.09638651460409164,-0.24691374599933624,-0.29382622241973877
0.0,0.0,0.0,0.2789575755596161,-0.04809538275003433,-0.16324946284294128,0.5196231007575989,-0.23781268298625946,-0.27623048424720764,0.6640524864196777,-0.3787517845630646,-0.38712742924690247,0.7886708378791809,-0.48680150508880615,-0.4746115803718567,0.5135907530784607,-0.8977361917495728,-0.12377994507551193,0.633644700050354,-0.8668668866157532,-0.39415863156318665,0.6068778038024902,-0.550911545753479,-0.5642955899238586,0.5583576560020447,-0.3108530044555664,-0.6327884197235107,0.25723668932914734,-0.9561399221420288,-0.14009211957454681,0.3992438018321991,-0.8827855587005615,-0.4126999080181122,0.3683316707611084,-0.48855480551719666,-0.4859278202056885,0.31100666522979736,-0.23967666923999786,-0.4701179265975952,-0.012941103428602219,-0.9120023846626282,-0.1928437352180481,0.1258777678012848,-0.8577827215194702,-0.4475586414337158,0.10952887684106827,-0.46547025442123413,-0.41151517629623413,0.058741938322782516,-0.23830661177635193,-0.3169287443161011,-0.2664165496826172,-0.7920273542404175,-0.26112428307533264,-0.13797838985919952,-0.6840663552284241,-0.4331055283546448,-0.10158760845661163,-0.39514631032943726,-0.39958420395851135,-0.10496529936790466,-0.24102313816547394,-0.32159096002578735
0.0,0.0,0.0,0.2723388075828552,-0.07928058505058289,-0.15148890018463135,0.49687662720680237,-0.3553493618965149,-0.23692652583122253,0.6122193336486816,-0.5344772934913635,-0.3230915665626526,0.736310601234436,-0.605741024017334,-0.385867714881897,0.508585512638092,-0.9015523791313171,-0.07434795796871185,0.6358816623687744,-0.943070113658905,-0.32500118017196655,0.5922817587852478,-0.6304506659507751,-0.48312675952911377,0.537833571434021,-0.3792971670627594,-0.5449556708335876,0.25215157866477966,-0.964113175868988,-0.0830988883972168,0.40725982189178467,-0.9314495921134949,-0.33965060114860535,0.35862240195274353,-0.5202862024307251,-0.4018452763557434,0.29577764868736267,-0.2647644281387329,-0.3751770853996277,-0.024203017354011536,-0.9299595355987549,-0.13075532019138336,0.11881820857524872,-0.9306127429008484,-0.3758036196231842,0.09960049390792847,-0.5353370904922485,-0.3424516022205353,0.052256982773542404,-0.3051922023296356,-0.2463846504688263,-0.2949477434158325,-0.8266685605049133,-0.19291433691978455,-0.16200073063373566,-0.74306321144104,-0.36387893557548523,-0.11045292764902115,-0.460074782371521,-0.3382801413536072,-0.09953589737415314,-0.31428617238998413,-0.2635388672351837
0.0,0.0,0.0,0.2764085531234741,-0.07450206577777863,-0.1577446460723877,0.5197885036468506,-0.34211230278015137,-0.2459423542022705,0.6752409338951111,-0.5166743993759155,-0.3343283236026764,0.8113594055175781,-0.6194697022438049,-0.39686083793640137,0.538434624671936,-0.8824824690818787,-0.08510665595531464,0.6652483344078064,-0.908559262752533,-0.3480733335018158,0.6166774034500122,-0.6019448041915894,-0.5099009871482849,0.547734797000885,-0.36410045623779297,-0.5730210542678833,0.2894246280193329,-0.9523800611495972,-0.09594579041004181,0.4236609637737274,-0.9340285658836365,-0.37191247940063477,0.3773972988128662,-0.5282342433929443,-0.4394393861293793,0.3117210865020752,-0.2827213406562805,-0.41234666109085083,0.02104361541569233,-0.9324515461921692,-0.1473621129989624,0.1527511030435562,-0.921355128288269,-0.40925198793411255,0.12442003190517426,-0.5309079885482788,-0.3795887529850006,0.0653604120016098,-0.3184524476528168,-0.28262919187545776,-0.2414565235376358,-0.8480972051620483,-0.21394824981689453,-0.11529610306024551,-0.7344479560852051,-0.3923247158527374,-0.08293700963258743,-0.45707228779792786,-0.3719620108604431,-0.08865322172641754,-0.3296108841896057,-0.30098864436149597
0.0,0.0,0.0,0.3356892168521881,-0.049792490899562836,-0.17764912545681,0.6714106202125549,-0.3293039798736572,-0.2587283253669739,0.8550096750259399,-0.5591045022010803,-0.3374119699001312,0.9989190101623535,-0.7116899490356445,-0.3926346004009247,0.6012073755264282,-0.8575231432914734,-0.07579898089170456,0.7447411417961121,-0.8870258331298828,-0.34578171372413635,0.6947789788246155,-0.5837443470954895,-0.5165683031082153,0.6268800497055054,-0.33513909578323364,-0.5829119682312012,0.3472402095794678,-0.9344315528869629,-0.07913272827863693,0.5107664465904236,-0.9162874221801758,-0.3612267076969147,0.4419082701206207,-0.5208114385604858,-0.44045719504356384,0.3614279329776764,-0.2686298191547394,-0.417995810508728,0.07979746907949448,-0.9180372953414917,-0.12662802636623383,0.22830091416835785,-0.89925217628479,-0.3953588604927063,0.16972503066062927,-0.5204276442527771,-0.37243348360061646,0.09965384751558304,-0.3076778054237366,-0.2766513526439667,-0.18420135974884033,-0.8400660753250122,-0.1912228912115097,-0.054752085357904434,-0.7204698920249939,-0.37133169174194336,-0.04193279147148132,-0.44480758905410767,-0.351718932390213,-0.051371678709983826,-0.31737348437309265,-0.2797712981700897
0.0,0.0,0.0,0.3008712828159332,-0.0794912576675415,-0.13483239710330963,0.5701339244842529,-0.4053249657154083,-0.18772485852241516,0.6158751249313354,-0.675414502620697,-0.24284881353378296,0.6471359729766846,-0.8844189047813416,-0.26949790120124817,0.540415346622467,-0.8803868889808655,-0.038646966218948364,0.7258489727973938,-0.9197916388511658,-0.2763981223106384,0.6810156106948853,-0.6061093807220459,-0.42037373781204224,0.6032083034515381,-0.3735450208187103,-0.4741896688938141,0.3132350444793701,-0.9478617906570435,-0.05866721272468567,0.5186557173728943,-0.9223350882530212,-0.30335965752601624,0.4649393856525421,-0.5330407023429871,-0.36054274439811707,0.38385653495788574,-0.3090269863605499,-0.3313222825527191,0.06433281302452087,-0.9291071891784668,-0.11910831928253174,0.2690611481666565,-0.8862051963806152,-0.3600586950778961,0.204188734292984,-0.5138012170791626,-0.32488131523132324,0.1083865687251091,-0.3355382978916168,-0.23128125071525574,-0.19792239367961884,-0.85545814037323,-0.1934760957956314,-0.015924058854579926,-0.7024440169334412,-0.35642531514167786,-0.0223739892244339,-0.4283391833305359,-0.32906970381736755,-0.06446831673383713,-0.324763685464859,-0.25885236263275146
0.0,0.0,0.0,0.3128182291984558,-0.07447467744350433,-0.1307581514120102,0.5905088186264038,-0.3784704804420471,-0.18833644688129425,0.6531533598899841,-0.6401880383491516,-0.24855633080005646,0.697958767414093,-0.8309231400489807,-0.28269413113594055,0.5537047982215881,-0.8651914596557617,-0.04487757384777069,0.7427082657814026,-0.8811352849006653,-0.27912700176239014,0.7007662057876587,-0.5866429805755615,-0.426511287689209,0.6258793473243713,-0.3493679165840149,-0.4842478334903717,0.33523035049438477,-0.9400461316108704,-0.06272057443857193,0.5429059267044067,-0.8731259107589722,-0.3041737377643585,0.48182693123817444,-0.5109553933143616,-0.36751696467399597,0.3945775032043457,-0.28244608640670776,-0.34594765305519104,0.09829926490783691,-0.9255222678184509,-0.11901319026947021,0.3060624301433563,-0.8512639403343201,-0.34663623571395874,0.23882579803466797,-0.5114319920539856,-0.32895222306251526,0.1428936868906021,-0.33367472887039185,-0.252852201461792,-0.14900974929332733,-0.8492573499679565,-0.1899947226047516,0.029206370934844017,-0.6430841088294983,-0.3485470414161682,0.024079633876681328,-0.38975563645362854,-0.343998521566391,-0.01361765619367361,-0.29187625646591187,-0.29275545477867126
0.0,0.0,0.0,0.3177400231361389,-0.05808128044009209,-0.1293308138847351,0.5718399286270142,-0.3663387596607208,-0.19089184701442719,0.48658257722854614,-0.6385159492492676,-0.25239232182502747,0.3729671835899353,-0.8216134905815125,-0.2870938181877136,0.563301146030426,-0.8556154370307922,-0.04337026923894882,0.7759653329849243,-0.8364568948745728,-0.25878211855888367,0.7293849587440491,-0.5459571480751038,-0.3926964998245239,0.6441901922225952,-0.3275219798088074,-0.4493890404701233,0.34478968381881714,-0.936556875705719,-0.06309692561626434,0.5810577869415283,-0.8414981961250305,-0.28531166911125183,0.5192880034446716,-0.48602059483528137,-0.343839555978775,0.4221819043159485,-0.27297577261924744,-0.326412171125412,0.11725416779518127,-0.9208313226699829,-0.11948736757040024,0.3490016460418701,-0.8263381719589233,-0.32710009813308716,0.2827451825141907,-0.48682600259780884,-0.3091641664505005,0.1781277358531952,-0.3234216570854187,-0.24229322373867035,-0.11412518471479416,-0.8389742374420166,-0.19112719595432281,0.08543213456869125,-0.6128597855567932,-0.3359315097332001,0.06387574970722198,-0.36275044083595276,-0.3349215090274811,-0.001824216335080564,-0.28129953145980835,-0.2947580814361572
0.0,0.0,0.0,0.33392658829689026,-0.05940217152237892,-0.14533360302448273,0.575488805770874,-0.3647955060005188,-0.2192203253507614,0.4899381995201111,-0.6438714861869812,-0.2941506803035736,0.3762088716030121,-0.8445377349853516,-0.34068137407302856,0.5825446248054504,-0.8513801693916321,-0.04137617349624634,0.792931318283081,-0.892354428768158,-0.2745363712310791,0.7541943192481995,-0.6194559931755066,-0.4282267987728119,0.6767107844352722,-0.38552284240722656,-0.4938840866088867,0.3628092110157013,-0.929911196231842,-0.06028883159160614,0.58393394947052,-0.90091472864151,-0.3019014000892639,0.53307044506073,-0.5496143698692322,-0.37808066606521606,0.4476929306983948,-0.309417188167572,-0.3683091402053833,0.13194692134857178,-0.9221526980400085,-0.11925693601369858,0.36528700590133667,-0.8887786865234375,-0.3458556532859802,0.298724502325058,-0.5468869805335999,-0.33483201265335083,0.19600936770439148,-0.35870084166526794,-0.26703888177871704,-0.1053353026509285,-0.8550127744674683,-0.19464042782783508,0.09778743982315063,-0.6595923900604248,-0.351431280374527,0.07319029420614243,-0.40405136346817017,-0.3489760160446167,0.010554208420217037,-0.30232861638069153,-0.3049778640270233
0.0,0.0,0.0,0.3517989218235016,-0.10674259811639786,-0.16217352449893951,0.5431628823280334,-0.5012615919113159,-0.2469794601202011,0.3155263364315033,-0.8317619562149048,-0.332075297832489,0.09725143760442734,-1.078681230545044,-0.3857342302799225,0.5205246210098267,-0.9039833545684814,-0.028024286031723022,0.7167045474052429,-1.0935883522033691,-0.2528248727321625,0.7124844193458557,-0.803483247756958,-0.4034493863582611,0.6395110487937927,-0.5463233590126038,-0.46682658791542053,0.2752096652984619,-0.9604785442352295,-0.0417197048664093,0.5185936689376831,-1.139294981956482,-0.27736586332321167,0.5114544630050659,-0.7754507660865784,-0.3587770164012909,0.41907402873039246,-0.5026273131370544,-0.3499864637851715,0.018111903220415115,-0.9608240127563477,-0.0976741686463356,0.276542991399765,-1.2067921161651611,-0.33850738406181335,0.28034183382987976,-0.8378534317016602,-0.33163735270500183,0.19545242190361023,-0.5965322852134705,-0.2623675763607025,-0.2598094344139099,-0.897713840007782,-0.16770029067993164,0.017244920134544373,-0.8689918518066406,-0.35860222578048706,0.0432141050696373,-0.55620938539505,-0.36021217703819275,-0.017335934564471245,-0.37803271412849426,-0.3144693672657013
0.0,0.0,0.0,0.4064309597015381,-0.14290913939476013,-0.13756054639816284,0.5749250650405884,-0.5876348614692688,-0.19259847700595856,0.3266284465789795,-0.9372418522834778,-0.24952536821365356,0.07803931832313538,-1.1755508184432983,-0.28430110216140747,0.5430871248245239,-0.9089782238006592,0.014632949605584145,0.6899669170379639,-1.1600590944290161,-0.1746710240840912,0.6853121519088745,-0.9005710482597351,-0.3135105073451996,0.6097009181976318,-0.638792872428894,-0.3746393918991089,0.29483991861343384,-0.9555466175079346,0.00025050397380255163,0.49159321188926697,-1.2448617219924927,-0.19453668594360352,0.48425859212875366,-0.9204012751579285,-0.27143168449401855,0.4018431305885315,-0.6198536157608032,-0.2671665549278259,0.029097728431224823,-0.9489956498146057,-0.05255645141005516,0.23731566965579987,-1.3103680610656738,-0.2752681076526642,0.25993117690086365,-0.9602770805358887,-0.27599257230758667,0.2038971334695816,-0.6731680631637573,-0.21688231825828552,-0.26388177275657654,-0.8786148428916931,-0.11512689292430878,-0.035863202065229416,-0.970011293888092,-0.3191634714603424,0.003225534688681364,-0.6351959705352783,-0.32344427704811096,-0.029326988384127617,-0.38981661200523376,-0.27991199493408203
0.0,0.0,0.0,0.428753137588501,-0.13561274111270905,-0.12467879801988602,0.5976852774620056,-0.5909278988838196,-0.17210033535957336,0.2994284927845001,-0.9705179929733276,-0.22569948434829712,0.023077405989170074,-1.2148991823196411,-0.26106929779052734,0.5763775110244751,-0.8850270509719849,0.041385892778635025,0.7253794074058533,-1.191046118736267,-0.13608071208000183,0.7488711476325989,-0.9713500142097473,-0.27318093180656433,0.6873373985290527,-0.7113891243934631,-0.3378879725933075,0.3137659728527069,-0.9492773413658142,0.020578939467668533,0.5229198336601257,-1.2796052694320679,-0.16848301887512207,0.5242235064506531,-0.9754582047462463,-0.2618185877799988,0.4333256781101227,-0.6721473932266235,-0.27321571111679077,0.03795557841658592,-0.9584984183311462,-0.03654161095619202,0.2565072178840637,-1.3832210302352905,-0.268362820148468,0.2798788249492645,-1.0268821716308594,-0.2887617349624634,0.21404995024204254,-0.726651668548584,-0.24464577436447144,-0.27829280495643616,-0.9056787490844727,-0.099895179271698,-0.042346302419900894,-1.0077404975891113,-0.33143365383148193,0.007579736411571503,-0.6639619469642639,-0.3557593524456024,-0.018944835290312767,-0.4106500744819641,-0.3245506286621094
0.0,0.0,0.0,0.4233734905719757,-0.1373795121908188,-0.141826793551445,0.5999985933303833,-0.591419517993927,-0.19454464316368103,0.2689684331417084,-0.9625309705734253,-0.24937203526496887,-0.0043596974574029446,-1.211474061012268,-0.28398728370666504,0.5867950916290283,-0.876454770565033,0.03394801914691925,0.7369385361671448,-1.1855831146240234,-0.1487804502248764,0.7551471590995789,-0.9668020009994507,-0.2878219485282898,0.6984415650367737,-0.7106550335884094,-0.3533938527107239,0.3199664354324341,-0.9472292065620422,0.019450997933745384,0.533022940158844,-1.2759826183319092,-0.17372557520866394,0.529117226600647,-0.9679667949676514,-0.2682934105396271,0.4393918812274933,-0.6672858595848083,-0.2792914807796478,0.040665265172719955,-0.9581981301307678,-0.033159080892801285,0.2591394782066345,-1.389962077140808,-0.2710430920124054,0.2779669463634491,-1.0242207050323486,-0.28876572847366333,0.21249359846115112,-0.7257300615310669,-0.24075259268283844,-0.27778682112693787,-0.9035346508026123,-0.09309310466051102,-0.05004042014479637,-1.0107191801071167,-0.33218201994895935,-0.0034237508662045,-0.6591976284980774,-0.3543795645236969,-0.029930097982287407,-0.41073378920555115,-0.31909435987472534
0.0,0.0,0.0,0.4386909604072571,-0.14862114191055298,-0.14054642617702484,0.603044867515564,-0.5962176322937012,-0.18760724365711212,0.2788395285606384,-0.9823719263076782,-0.23543071746826172,0.012714290991425514,-1.221465826034546,-0.262805700302124,0.635245144367218,-0.8667932748794556,0.030668631196022034,0.7696219086647034,-1.191193699836731,-0.14317697286605835,0.7615640163421631,-0.9779396057128906,-0.26973438262939453,0.6923389434814453,-0.7295577526092529,-0.3259245455265045,0.35026121139526367,-0.9363429546356201,0.02406284026801586,0.5266883373260498,-1.302160620689392,-0.15643760561943054,0.49276626110076904,-1.0056824684143066,-0.23781239986419678,0.4080716073513031,-0.7050554156303406,-0.23913249373435974,0.057413242757320404,-0.9437032341957092,-0.019816866144537926,0.2430844008922577,-1.3685227632522583,-0.2438136339187622,0.2371891885995865,-1.0102277994155884,-0.25572192668914795,0.1772293895483017,-0.7052189707756042,-0.2004445493221283,-0.26280346512794495,-0.8813647627830505,-0.0713072195649147,-0.06582379341125488,-1.0218406915664673,-0.29191824793815613,-0.0172472782433033,-0.6976932883262634,-0.31117376685142517,-0.021610736846923828,-0.45432862639427185,-0.27313414216041565
0.0,0.0,0.0,0.42066383361816406,-0.14828380942344666,-0.14887410402297974,0.5807538628578186,-0.5771853923797607,-0.20624582469463348,0.24661827087402344,-0.9405773282051086,-0.26315680146217346,-0.013012154027819633,-1.1852174997329712,-0.30017444491386414,0.5748063325881958,-0.8977580666542053,0.021585645154118538,0.6976328492164612,-1.1769548654556274,-0.16771726310253143,0.7082606554031372,-0.966118335723877,-0.30544447898864746,0.653034508228302,-0.7221927642822266,-0.36831557750701904,0.30061444640159607,-0.9536619186401367,0.01264404971152544,0.4569517970085144,-1.2940096855163574,-0.18538516759872437,0.44468480348587036,-0.9852399230003357,-0.2747207581996918,0.37105271220207214,-0.6882234215736389,-0.27876022458076477,0.02609216421842575,-0.9463201761245728,-0.035261835902929306,0.189992755651474,-1.329626441001892,-0.27967536449432373,0.20919418334960938,-0.9674602746963501,-0.29578858613967896,0.16319307684898376,-0.6782552003860474,-0.2391403764486313,-0.2774104177951813,-0.8687405586242676,-0.09097492694854736,-0.0793682262301445,-0.9929699897766113,-0.32044848799705505,-0.01932629756629467,-0.6615867614746094,-0.3368903696537018,-0.022206973284482956,-0.4282633364200592,-0.2955452501773834
0.0,0.0,0.0,0.4127708673477173,-0.14371156692504883,-0.13405698537826538,0.5772809982299805,-0.6038318872451782,-0.18127308785915375,0.25883617997169495,-0.9800630211830139,-0.23327137529850006,-0.0018678358756005764,-1.2289860248565674,-0.2670727074146271,0.5689339637756348,-0.8958340883255005,0.04496443271636963,0.7019694447517395,-1.203212857246399,-0.13223931193351746,0.7188414335250854,-0.9930703043937683,-0.2722938656806946,0.6605157852172852,-0.7349420189857483,-0.33767756819725037,0.3011547327041626,-0.9530073404312134,0.032906293869018555,0.483161985874176,-1.288423776626587,-0.14577716588974,0.48626065254211426,-0.9980927109718323,-0.23789472877979279,0.413033664226532,-0.7035486102104187,-0.2509423792362213,0.023510970175266266,-0.954679012298584,-0.016412794589996338,0.21641264855861664,-1.380059838294983,-0.2372894287109375,0.24307209253311157,-1.0258375406265259,-0.25437554717063904,0.18826894462108612,-0.7202893495559692,-0.20808573067188263,-0.28773409128189087,-0.8924037218093872,-0.07341556251049042,-0.08816879242658615,-1.0346028804779053,-0.2910751700401306,-0.04142580181360245,-0.6981500387191772,-0.3061717748641968,-0.06818463653326035,-0.4411620795726776,-0.2684772312641144
0.0,0.0,0.0,0.4154636263847351,-0.16585205495357513,-0.09943722933530807,0.5815009474754333,-0.6069255471229553,-0.13941867649555206,0.30787336826324463,-0.9533289670944214,-0.191947802901268,0.04558205604553223,-1.177384853363037,-0.22710037231445312,0.5308167934417725,-0.8962266445159912,0.06581417471170425,0.6995410919189453,-1.182986855506897,-0.09203841537237167,0.7072088718414307,-0.9566537141799927,-0.22205278277397156,0.6300721764564514,-0.700959324836731,-0.2837107181549072,0.2921289801597595,-0.9556072950363159,0.03840991109609604,0.5101728439331055,-1.2605552673339844,-0.11548592895269394,0.5254111289978027,-0.988793671131134,-0.20453721284866333,0.448976069688797,-0.7106557488441467,-0.22669394314289093,0.02907922863960266,-0.9636603593826294,-0.023387471213936806,0.25122377276420593,-1.3943349123001099,-0.21653905510902405,0.2963238060474396,-1.0897763967514038,-0.24984629452228546,0.24052362143993378,-0.8019496202468872,-0.22824661433696747,-0.27146393060684204,-0.9058210253715515,-0.09007031470537186,-0.019454700872302055,-1.0512641668319702,-0.2791811227798462,0.04186058044433594,-0.7335589528083801,-0.29904478788375854,0.009311181493103504,-0.46649786829948425,-0.2767682671546936
0.0,0.0,0.0,0.42812150716781616,-0.1829681247472763,-0.10148825496435165,0.5762253403663635,-0.6152187585830688,-0.1421245038509369,0.3477599620819092,-0.9528293609619141,-0.19509708881378174,0.12373724579811096,-1.184144377708435,-0.22836579382419586,0.5348698496818542,-0.8871440291404724,0.05401436612010002,0.7082194089889526,-1.185023546218872,-0.11388488113880157,0.7175318598747253,-0.9386705756187439,-0.24339844286441803,0.648165762424469,-0.6805196404457092,-0.3018961250782013,0.2925352454185486,-0.9557857513427734,0.029945511370897293,0.4937785565853119,-1.264756679534912,-0.13070844113826752,0.5181811451911926,-0.968253493309021,-0.21082812547683716,0.4631514847278595,-0.6942372918128967,-0.22514678537845612,0.022301072254776955,-0.9662500619888306,-0.029940087348222733,0.24149896204471588,-1.3917914628982544,-0.22306318581104279,0.2943330705165863,-1.0703045129776,-0.24309448897838593,0.2475578486919403,-0.7833979725837708,-0.20998317003250122,-0.2781904637813568,-0.904942512512207,-0.09605497121810913,-0.019993456080555916,-1.0505402088165283,-0.28138983249664307,0.05454370751976967,-0.7493423223495483,-0.2976684272289276,0.025706464424729347,-0.5007339119911194,-0.2707507014274597
0.0,0.0,0.0,0.43811437487602234,-0.18623389303684235,-0.12678846716880798,0.575005054473877,-0.6035075187683105,-0.18926845490932465,0.3331168591976166,-0.9334601759910583,-0.25953593850135803,0.10798628628253937,-1.1738595962524414,-0.30997174978256226,0.5269973278045654,-0.8945136666297913,0.02775600366294384,0.715060830116272,-1.1504064798355103,-0.15839996933937073,0.7465580105781555,-0.9106952548027039,-0.3030083477497101,0.6952105760574341,-0.6590380668640137,-0.3723754286766052,0.29078447818756104,-0.956737756729126,0.009856496006250381,0.5234425663948059,-1.240752100944519,-0.1696513593196869,0.5592247843742371,-0.9411382675170898,-0.260861337184906,0.5066615343093872,-0.6634978652000427,-0.28146687150001526,0.027378475293517113,-0.9667080640792847,-0.046405717730522156,0.2768028974533081,-1.3504583835601807,-0.25676223635673523,0.3439847528934479,-1.0324448347091675,-0.2858581244945526,0.30391058325767517,-0.7534733414649963,-0.256882905960083,-0.2680536210536957,-0.9047095775604248,-0.11057136207818985,0.010389095172286034,-1.011971354484558,-0.30710968375205994,0.08848094195127487,-0.7114802002906799,-0.3299673795700073,0.06042330339550972,-0.4769148528575897,-0.3074347972869873
0.0,0.0,0.0,0.4384860098361969,-0.1689160168170929,-0.13738596439361572,0.6077362895011902,-0.586361289024353,-0.20594322681427002,0.3744961619377136,-0.9349560737609863,-0.2792186439037323,0.1514384150505066,-1.188412070274353,-0.33062970638275146,0.5492709875106812,-0.8828207850456238,0.014833642169833183,0.745814859867096,-1.1414258480072021,-0.18171855807304382,0.7850511074066162,-0.8945223093032837,-0.3292911648750305,0.7385149002075195,-0.6404744386672974,-0.39791586995124817,0.3152155876159668,-0.9490190744400024,-0.0013904045335948467,0.5663163065910339,-1.2372781038284302,-0.19318901002407074,0.6024852395057678,-0.9267452955245972,-0.2834499776363373,0.5433456301689148,-0.6447354555130005,-0.2996176779270172,0.05200866237282753,-0.9661009311676025,-0.05766439810395241,0.32308879494667053,-1.351407766342163,-0.2812821865081787,0.3917818069458008,-1.0284779071807861,-0.31047481298446655,0.3485186994075775,-0.7482584118843079,-0.27800214290618896,-0.2480006217956543,-0.9137464761734009,-0.12215254455804825,0.049109019339084625,-1.0147342681884766,-0.3272375166416168,0.12066381424665451,-0.704702615737915,-0.3513328731060028,0.0811348631978035,-0.4642508625984192,-0.3280291259288788
0.0,0.0,0.0,0.4538155198097229,-0.15328769385814667,-0.1395890861749649,0.6309579014778137,-0.5722858905792236,-0.20554476976394653,0.4025309085845947,-0.9401689767837524,-0.2776050269603729,0.18467064201831818,-1.208397626876831,-0.32592153549194336,0.5572380423545837,-0.8674238920211792,0.02813894674181938,0.7733638286590576,-1.1309353113174438,-0.17163027822971344,0.8135820031166077,-0.8810285329818726,-0.3218000531196594,0.7600921988487244,-0.6210496425628662,-0.3906255066394806,0.3254680931568146,-0.9454713463783264,0.01243165135383606,0.5873302817344666,-1.2364838123321533,-0.18473495543003082,0.6236840486526489,-0.9179903864860535,-0.2785242199897766,0.5567512512207031,-0.6306184530258179,-0.29441410303115845,0.06799762696027756,-0.9718531966209412,-0.04470678046345711,0.342731237411499,-1.3686611652374268,-0.2772470712661743,0.39506328105926514,-1.0298086404800415,-0.3032354712486267,0.3336261808872223,-0.7411791682243347,-0.26437756419181824,-0.2295534312725067,-0.9283186197280884,-0.11060820519924164,0.08277144283056259,-1.0265569686889648,-0.32154935598373413,0.14617431163787842,-0.7089068293571472,-0.3445364534854889,0.09409228712320328,-0.46538859605789185,-0.3180444538593292
0.0,0.0,0.0,0.4225344657897949,-0.14404109120368958,-0.13932473957538605,0.5984646081924438,-0.5464575886726379,-0.2099410593509674,0.38680848479270935,-0.8904483914375305,-0.28598108887672424,0.18921534717082977,-1.1590274572372437,-0.33642780780792236,0.5422431826591492,-0.8803094625473022,0.008034576661884785,0.7631022334098816,-1.1163192987442017,-0.19547826051712036,0.8005224466323853,-0.8544126152992249,-0.34154394268989563,0.7421964406967163,-0.5979565978050232,-0.40590327978134155,0.3129347264766693,-0.9497087001800537,-0.011186609975993633,0.5771623849868774,-1.2076524496078491,-0.21412107348442078,0.6145666241645813,-0.8753597140312195,-0.30038222670555115,0.5443131327629089,-0.5919864177703857,-0.30823737382888794,0.058077868074178696,-0.963319718837738,-0.07069393992424011,0.3314831256866455,-1.3152270317077637,-0.30184826254844666,0.3835676312446594,-0.9700182676315308,-0.31551751494407654,0.3219151198863983,-0.6928878426551819,-0.26705124974250793,-0.23111625015735626,-0.9049413800239563,-0.13977943360805511,0.07220384478569031,-0.9774539470672607,-0.34144869446754456,0.12997092306613922,-0.6626277565956116,-0.35334333777427673,0.07449432462453842,-0.4290481507778168,-0.3183229863643646
0.0,0.0,0.0,0.3650514781475067,-0.0957413986325264,-0.13760356605052948,0.5859543085098267,-0.5048040151596069,-0.200320765376091,0.3968040347099304,-0.8286694288253784,-0.26344969868659973,0.19351941347122192,-1.054740309715271,-0.2964112460613251,0.5652088522911072,-0.8945227861404419,-0.02192448265850544,0.7648656964302063,-1.0747698545455933,-0.22427265346050262,0.7407094240188599,-0.7812207341194153,-0.3519401550292969,0.6422142386436462,-0.533582866191864,-0.3987552523612976,0.3194914162158966,-0.9467431306838989,-0.04003352299332619,0.5630163550376892,-1.153874397277832,-0.24350038170814514,0.558019757270813,-0.7926774024963379,-0.29747408628463745,0.4660360515117645,-0.5181777477264404,-0.271406888961792,0.07149318605661392,-0.9384542107582092,-0.09651704132556915,0.31926777958869934,-1.16045081615448,-0.30463215708732605,0.3333601951599121,-0.7979097366333008,-0.2814716398715973,0.2557942271232605,-0.551640510559082,-0.2046269178390503,-0.18674418330192566,-0.864384114742279,-0.1659085899591446,0.08630520850419998,-0.867231011390686,-0.3259546160697937,0.10640911757946014,-0.556662917137146,-0.3096676170825958,0.04020628333091736,-0.3613693118095398,-0.25470808148384094
0.0,0.0,0.0,0.3429815471172333,-0.11296740174293518,-0.1250743269920349,0.5308253765106201,-0.5124521851539612,-0.1893034130334854,0.3042760193347931,-0.8061695098876953,-0.2585912048816681,0.08231765031814575,-1.0172070264816284,-0.2976851463317871,0.5006483793258667,-0.9043641090393066,-0.013771344907581806,0.7134226560592651,-1.0544148683547974,-0.21907001733779907,0.705872654914856,-0.7494703531265259,-0.3506852090358734,0.6342024207115173,-0.49906957149505615,-0.40605607628822327,0.26583945751190186,-0.9631099104881287,-0.041817083954811096,0.5380123257637024,-1.0972850322723389,-0.2525559961795807,0.53368079662323,-0.7350109815597534,-0.312633752822876,0.44605040550231934,-0.4745182394981384,-0.29606565833091736,0.023699281737208366,-0.9520390033721924,-0.10833176970481873,0.30594953894615173,-1.1309610605239868,-0.3222452700138092,0.30728253722190857,-0.7690784335136414,-0.30930182337760925,0.21559438109397888,-0.5439136028289795,-0.24523423612117767,-0.22950512170791626,-0.8731985688209534,-0.18711712956428528,0.06331861764192581,-0.7968658804893494,-0.35583311319351196,0.0678621158003807,-0.4918484687805176,-0.357769250869751,-0.020413676276803017,-0.33295655250549316,-0.3199114501476288
0.0,0.0,0.0,0.3288239538669586,-0.09400616586208344,-0.1352168619632721,0.5212507843971252,-0.4776878356933594,-0.20525145530700684,0.34001195430755615,-0.7785636186599731,-0.2764623761177063,0.12931273877620697,-0.992019534111023,-0.32466834783554077,0.4888235032558441,-0.9086733460426331,-0.024049410596489906,0.7053783535957336,-1.0449293851852417,-0.23588073253631592,0.7538537979125977,-0.7782377004623413,-0.38464614748954773,0.7270078659057617,-0.5336945652961731,-0.4504993259906769,0.25660744309425354,-0.9655278325080872,-0.04368850588798523,0.5298871994018555,-1.0667457580566406,-0.2524166405200958,0.5434409976005554,-0.7097802758216858,-0.3235628008842468,0.4657929837703705,-0.45496776700019836,-0.3185531198978424,0.010657689534127712,-0.9432430267333984,-0.10004623979330063,0.2731894850730896,-1.1092952489852905,-0.32355356216430664,0.29720717668533325,-0.741909384727478,-0.31272464990615845,0.2236356884241104,-0.5045694708824158,-0.24666497111320496,-0.25368478894233704,-0.8513405919075012,-0.16718371212482452,0.013565002009272575,-0.8376001715660095,-0.34602999687194824,0.05853264033794403,-0.5375247597694397,-0.3359985947608948,0.006870838347822428,-0.3574487566947937,-0.2837482690811157
0.0,0.0,0.0,0.37152352929115295,-0.07187452912330627,-0.15574820339679718,0.5734285712242126,-0.49213480949401855,-0.21649013459682465,0.3205570876598358,-0.826755166053772,-0.2743561565876007,0.09543078392744064,-1.045668125152588,-0.30675607919692993,0.5639311075210571,-0.8910850286483765,-0.011921222321689129,0.7585404515266418,-1.063626766204834,-0.21990196406841278,0.7433627247810364,-0.7951897978782654,-0.36169418692588806,0.6460793018341064,-0.5363468527793884,-0.42121949791908264,0.3139178156852722,-0.9492504596710205,-0.01947086863219738,0.5755430459976196,-1.109447717666626,-0.24015109241008759,0.5566582679748535,-0.7491909265518188,-0.31554752588272095,0.45013079047203064,-0.4617953598499298,-0.3046092987060547,0.07001698017120361,-0.9412171840667725,-0.0687088891863823,0.31686165928840637,-1.1701610088348389,-0.3124748468399048,0.3173586428165436,-0.7993356585502625,-0.3188692033290863,0.23757542669773102,-0.5267497301101685,-0.2583010196685791,-0.20148469507694244,-0.8707171082496643,-0.12920063734054565,0.0324225015938282,-0.842107892036438,-0.3464137613773346,0.06292381137609482,-0.5028992295265198,-0.36721184849739075,0.03139406442642212,-0.2867608666419983,-0.33088937401771545
0.0,0.0,0.0,0.36525943875312805,-0.10423648357391357,-0.13761797547340393,0.5803250074386597,-0.5391243696212769,-0.17468053102493286,0.45214906334877014,-0.8818550109863281,-0.21254312992095947,0.3267914950847626,-1.1248650550842285,-0.22681130468845367,0.5319821238517761,-0.920428454875946,0.0026268225628882647,0.6811550855636597,-1.108123540878296,-0.2084171324968338,0.6779143810272217,-0.843224048614502,-0.35062333941459656,0.6128886342048645,-0.5816836953163147,-0.40668562054634094,0.27636826038360596,-0.9610299468040466,-0.006482183001935482,0.4640718698501587,-1.132011890411377,-0.23140627145767212,0.4508380889892578,-0.7549991011619568,-0.30967631936073303,0.3795900046825409,-0.4689285457134247,-0.29823827743530273,0.017854711040854454,-0.9398894309997559,-0.05515435338020325,0.20608501136302948,-1.1686549186706543,-0.3039705157279968,0.2060214877128601,-0.785830020904541,-0.30667805671691895,0.14423693716526031,-0.5220124125480652,-0.23947283625602722,-0.2669486999511719,-0.8606693148612976,-0.1128053069114685,-0.06756782531738281,-0.8509778380393982,-0.3293963372707367,-0.017260456457734108,-0.5240556597709656,-0.3430648148059845,-0.021776745095849037,-0.3266426920890808,-0.2973591089248657
0.0,0.0,0.0,0.3532053530216217,-0.10624808818101883,-0.13251164555549622,0.5960084795951843,-0.49706634879112244,-0.17633911967277527,0.64779132604599,-0.7919461727142334,-0.22456572949886322,0.6586980819702148,-1.0117405652999878,-0.25013434886932373,0.46110087633132935,-0.9560601711273193,-0.024053024128079414,0.6181699633598328,-1.1324114799499512,-0.2455292046070099,0.6032004952430725,-0.8318296074867249,-0.38252219557762146,0.540392279624939,-0.5680007934570312,-0.43050822615623474,0.21065787971019745,-0.9768520593643188,-0.037193458527326584,0.3980085551738739,-1.166601300239563,-0.2746464014053345,0.3869377076625824,-0.7617056369781494,-0.33689484000205994,0.3309144675731659,-0.47490018606185913,-0.30922192335128784,-0.04849873483181,-0.928807258605957,-0.08877463638782501,0.13754600286483765,-1.1695109605789185,-0.3420972228050232,0.1390005499124527,-0.760349452495575,-0.31785497069358826,0.0915982648730278,-0.48716670274734497,-0.2268623411655426,-0.3159690499305725,-0.8195151686668396,-0.14978715777397156,-0.12004097551107407,-0.882011890411377,-0.3581739664077759,-0.06457426398992538,-0.5622923970222473,-0.349878191947937,-0.0557950921356678,-0.35914215445518494,-0.2859453856945038
0.0,0.0,0.0,0.36630430817604065,-0.14874528348445892,-0.11046358942985535,0.6015731692314148,-0.5599713325500488,-0.1440434604883194,0.658896267414093,-0.8575538396835327,-0.18606148660182953,0.701248824596405,-1.0648176670074463,-0.20547035336494446,0.4752153754234314,-0.9661803841590881,-0.02376711182296276,0.5987653732299805,-1.1832364797592163,-0.23419249057769775,0.5781219005584717,-0.8742625117301941,-0.3571428060531616,0.524756133556366,-0.6081851124763489,-0.3983725309371948,0.20758813619613647,-0.9771778583526611,-0.045061588287353516,0.3578525483608246,-1.184515357017517,-0.27646565437316895,0.35103538632392883,-0.7747913599014282,-0.32631126046180725,0.30444109439849854,-0.49001607298851013,-0.29381558299064636,-0.0635952353477478,-0.9256335496902466,-0.10169357806444168,0.07867609709501266,-1.1868504285812378,-0.34140709042549133,0.09627262502908707,-0.7784093618392944,-0.30383923649787903,0.06179235130548477,-0.5049236416816711,-0.20960453152656555,-0.3327145576477051,-0.8134959936141968,-0.1663360744714737,-0.16781236231327057,-0.8906487822532654,-0.363307923078537,-0.0982711985707283,-0.5849018692970276,-0.3467506766319275,-0.0815584734082222,-0.3920961916446686,-0.2799889147281647
0.0,0.0,0.0,0.3604828715324402,-0.1438271850347519,-0.1182032972574234,0.5977322459220886,-0.5386044979095459,-0.16442734003067017,0.6811563968658447,-0.8230965733528137,-0.22085122764110565,0.7629821300506592,-1.0218071937561035,-0.25231021642684937,0.47607851028442383,-0.9691864252090454,-0.041537363082170486,0.5920300483703613,-1.2171416282653809,-0.2650821805000305,0.562889039516449,-0.8817756772041321,-0.39236924052238464,0.5123084187507629,-0.5907838344573975,-0.4310693144798279,0.20352095365524292,-0.9771754145622253,-0.060889460146427155,0.3310869038105011,-1.2091783285140991,-0.30838742852211,0.316583514213562,-0.7840681076049805,-0.36053475737571716,0.2777499258518219,-0.47605687379837036,-0.3218294382095337,-0.07684052735567093,-0.9249566793441772,-0.11559954285621643,0.03866003826260567,-1.197166085243225,-0.3587946593761444,0.05864866450428963,-0.779109537601471,-0.3178430199623108,0.037526652216911316,-0.48649051785469055,-0.2155405431985855,-0.347569078207016,-0.8171402812004089,-0.17984381318092346,-0.20432092249393463,-0.8883957862854004,-0.37109190225601196,-0.12551872432231903,-0.5902458429336548,-0.3514867424964905,-0.09663533419370651,-0.39255788922309875,-0.27892377972602844
0.0,0.0,0.0,0.33845067024230957,-0.12571612000465393,-0.15994428098201752,0.5463715195655823,-0.5301790237426758,-0.21721860766410828,0.5708016157150269,-0.8567991256713867,-0.2714468538761139,0.6269542574882507,-1.1026661396026611,-0.2974245548248291,0.44593071937561035,-0.9655597805976868,-0.0581083670258522,0.5770448446273804,-1.1161623001098633,-0.29115167260169983,0.5508403778076172,-0.7919676303863525,-0.42758944630622864,0.49529775977134705,-0.5183321237564087,-0.47504910826683044,0.18399697542190552,-0.9812461137771606,-0.05745590478181839,0.3293502628803253,-1.1219017505645752,-0.3108151853084564,0.32485297322273254,-0.7163912653923035,-0.3679736256599426,0.28333765268325806,-0.4304737448692322,-0.33335933089256287,-0.07900956273078918,-0.9295800924301147,-0.0976020023226738,0.064275823533535,-1.0900455713272095,-0.35374483466148376,0.082700714468956,-0.6914287209510803,-0.32393011450767517,0.053720127791166306,-0.4343009889125824,-0.2281460165977478,-0.33281588554382324,-0.8189880847930908,-0.15101318061351776,-0.16637423634529114,-0.7997156381607056,-0.3535163402557373,-0.09799914807081223,-0.5027084946632385,-0.34789201617240906,-0.08166107535362244,-0.33678874373435974,-0.28493934869766235
0.0,0.0,0.0,0.3329041302204132,-0.10006041824817657,-0.16433724761009216,0.577662467956543,-0.5273576378822327,-0.2123604118824005,0.5529863238334656,-0.8821390867233276,-0.25507572293281555,0.5615773797035217,-1.1487973928451538,-0.26875758171081543,0.44455745816230774,-0.9637826681137085,-0.04384411871433258,0.596766471862793,-1.0886015892028809,-0.28766724467277527,0.5730552077293396,-0.7756342887878418,-0.43191346526145935,0.5213949680328369,-0.5100921988487244,-0.48375093936920166,0.17176376283168793,-0.9841628670692444,-0.043825551867485046,0.3520551025867462,-1.0862418413162231,-0.3127312660217285,0.34958773851394653,-0.6628133654594421,-0.376695454120636,0.30220866203308105,-0.38481828570365906,-0.34418079257011414,-0.09585531800985336,-0.936051070690155,-0.08716721832752228,0.07078050822019577,-1.070381999015808,-0.3639889061450958,0.08958034962415695,-0.6517429351806641,-0.3321896195411682,0.054510507732629776,-0.4058740735054016,-0.23178142309188843,-0.3689466714859009,-0.8280467987060547,-0.14309409260749817,-0.16868555545806885,-0.8050587177276611,-0.3630601167678833,-0.09965609759092331,-0.4876101315021515,-0.3544732332229614,-0.09305158257484436,-0.3293684124946594,-0.2857261300086975
0.0,0.0,0.0,0.33835914731025696,-0.11913391202688217,-0.15279509127140045,0.5594472289085388,-0.5328309535980225,-0.2022574096918106,0.5044131875038147,-0.8671002388000488,-0.24808597564697266,0.4765636920928955,-1.1195290088653564,-0.26564398407936096,0.439993679523468,-0.9540887475013733,-0.041512440890073776,0.5976237654685974,-1.0910875797271729,-0.2717999219894409,0.5776827335357666,-0.7794660329818726,-0.41025951504707336,0.5242418050765991,-0.5102006196975708,-0.45967036485671997,0.173386350274086,-0.9839362502098083,-0.042503878474235535,0.35719722509384155,-1.0866626501083374,-0.29012373089790344,0.3546673357486725,-0.6750841736793518,-0.35129570960998535,0.3049486577510834,-0.3970783054828644,-0.3225853741168976,-0.09402109682559967,-0.9462848901748657,-0.08370673656463623,0.07383397966623306,-1.0791471004486084,-0.33732879161834717,0.09368664026260376,-0.6757203340530396,-0.31148725748062134,0.05508572235703468,-0.42513275146484375,-0.2212437391281128,-0.367055743932724,-0.8463343381881714,-0.13701142370700836,-0.16435571014881134,-0.8080095052719116,-0.3412608504295349,-0.08804706484079361,-0.4989052414894104,-0.3366280496120453,-0.07915931195020676,-0.3329041600227356,-0.2744408845901489
0.0,0.0,0.0,0.32829880714416504,-0.10295677930116653,-0.15127569437026978,0.5614655017852783,-0.5373680591583252,-0.19499321281909943,0.5087211728096008,-0.887925922870636,-0.23554907739162445,0.5001388788223267,-1.1426491737365723,-0.2468218356370926,0.45608195662498474,-0.9613235592842102,-0.03276531770825386,0.6059289574623108,-1.1018199920654297,-0.26596271991729736,0.5762450695037842,-0.786888599395752,-0.4074559509754181,0.5160727500915527,-0.516656219959259,-0.4583612382411957,0.18459144234657288,-0.9821126461029053,-0.037157610058784485,0.3667343854904175,-1.1100921630859375,-0.28916046023368835,0.35674867033958435,-0.6980224251747131,-0.35238441824913025,0.3025727868080139,-0.41635191440582275,-0.32302770018577576,-0.07875680178403854,-0.940069854259491,-0.08273326605558395,0.09568581730127335,-1.1079883575439453,-0.341208279132843,0.10694102197885513,-0.6995605230331421,-0.31251809000968933,0.06246541440486908,-0.4461365044116974,-0.21966275572776794,-0.3529442548751831,-0.840434730052948,-0.1405283808708191,-0.13830171525478363,-0.822932779788971,-0.3492666780948639,-0.08324766159057617,-0.4973398447036743,-0.3424392640590668,-0.08750849217176437,-0.3212862014770508,-0.27867668867111206
0.0,0.0,0.0,0.33406776189804077,-0.12275725603103638,-0.15836858749389648,0.5453118681907654,-0.5302973985671997,-0.2188532054424286,0.4278400242328644,-0.8418608903884888,-0.2765805125236511,0.3314475417137146,-1.073871374130249,-0.30453816056251526,0.45775407552719116,-0.9517662525177002,-0.03976944833993912,0.6094687581062317,-1.0915491580963135,-0.280290812253952,0.5869522094726562,-0.7834339141845703,-0.4287060797214508,0.5297383666038513,-0.5224561095237732,-0.4855773448944092,0.19184421002864838,-0.9802602529525757,-0.04780871048569679,0.37592580914497375,-1.090274453163147,-0.3070600926876068,0.36595773696899414,-0.6847050189971924,-0.37995612621307373,0.31177598237991333,-0.4169727861881256,-0.3571080267429352,-0.06782007217407227,-0.9420004487037659,-0.09751470386981964,0.1081174686551094,-1.0824048519134521,-0.35825806856155396,0.11724977940320969,-0.6863583922386169,-0.3382541239261627,0.0699375793337822,-0.45278817415237427,-0.2512282133102417,-0.33390572667121887,-0.8434117436408997,-0.16025343537330627,-0.1273430585861206,-0.7961224317550659,-0.3613559305667877,-0.06883858889341354,-0.4897342026233673,-0.3547668159008026,-0.07379426062107086,-0.33904948830604553,-0.2936279773712158
0.0,0.0,0.0,0.3418826162815094,-0.1186564639210701,-0.13838525116443634,0.5869027972221375,-0.5385380983352661,-0.18090544641017914,0.6165162920951843,-0.8840417265892029,-0.2231225222349167,0.6808257102966309,-1.1414326429367065,-0.23680683970451355,0.4614672064781189,-0.9553201198577881,-0.03472344949841499,0.6139937043190002,-1.12749445438385,-0.25901472568511963,0.5934549570083618,-0.8037497997283936,-0.39136531949043274,0.5333063006401062,-0.530991792678833,-0.4365208148956299,0.20758189260959625,-0.9772961735725403,-0.04244858771562576,0.3895769417285919,-1.1201276779174805,-0.2820887863636017,0.377410888671875,-0.7129854559898376,-0.33745622634887695,0.31652289628982544,-0.4435864984989166,-0.30627283453941345,-0.058966703712940216,-0.9357673525810242,-0.0891992449760437,0.12018530070781708,-1.122832179069519,-0.3387029469013214,0.13339465856552124,-0.7231506109237671,-0.30837154388427734,0.08539414405822754,-0.48209166526794434,-0.2168726772069931,-0.33985137939453125,-0.8363617062568665,-0.14630363881587982,-0.131270170211792,-0.8370518684387207,-0.3457334637641907,-0.07417921721935272,-0.5207977890968323,-0.3352331221103668,-0.07915084809064865,-0.35056164860725403,-0.2713552415370941
0.0,0.0,0.0,0.350185751914978,-0.11838271468877792,-0.14551231265068054,0.5611544251441956,-0.5588749647140503,-0.1821879893541336,0.5187653303146362,-0.8825353384017944,-0.2179778516292572,0.5263738632202148,-1.1410675048828125,-0.22323274612426758,0.4540037512779236,-0.9513217210769653,-0.01768317259848118,0.5965176820755005,-1.1178139448165894,-0.23485706746578217,0.5717368125915527,-0.8026649951934814,-0.36346831917762756,0.509608805179596,-0.5440332293510437,-0.4081471860408783,0.2037254273891449,-0.978767991065979,-0.022564304992556572,0.37467363476753235,-1.1146160364151,-0.2588731050491333,0.36388763785362244,-0.7244862914085388,-0.322139710187912,0.30653753876686096,-0.4655815064907074,-0.29610490798950195,-0.051875658333301544,-0.9412252902984619,-0.06860707700252533,0.1233048066496849,-1.120204210281372,-0.31485727429389954,0.12940526008605957,-0.7334020733833313,-0.3002758026123047,0.07676912099123001,-0.5000045895576477,-0.2205481380224228,-0.3182021975517273,-0.8480634689331055,-0.12624791264533997,-0.11331809312105179,-0.8159366846084595,-0.3285439610481262,-0.06363201886415482,-0.5005936622619629,-0.33439868688583374,-0.06964091211557388,-0.33516258001327515,-0.2833045721054077
0.0,0.0,0.0,0.3399403691291809,-0.13775037229061127,-0.13839413225650787,0.5482820272445679,-0.5476690530776978,-0.1847515106201172,0.5685904622077942,-0.8541957139968872,-0.23347924649715424,0.5925776362419128,-1.1117533445358276,-0.25390222668647766,0.44314780831336975,-0.960164487361908,-0.01674831286072731,0.5637382864952087,-1.1273601055145264,-0.23905594646930695,0.5513527989387512,-0.8207730650901794,-0.37651726603507996,0.49835067987442017,-0.5566937327384949,-0.42534422874450684,0.19645977020263672,-0.9801742434501648,-0.025729866698384285,0.345748633146286,-1.1249583959579468,-0.2647988200187683,0.34897691011428833,-0.7337909936904907,-0.3328685760498047,0.30533313751220703,-0.46590420603752136,-0.31105831265449524,-0.06662923842668533,-0.9360595941543579,-0.07440239191055298,0.08956495672464371,-1.132861852645874,-0.31958016753196716,0.11048654466867447,-0.7505533695220947,-0.3014537990093231,0.07093672454357147,-0.5085965394973755,-0.21897660195827484,-0.33755287528038025,-0.8332124352455139,-0.13420246541500092,-0.15009531378746033,-0.8279727697372437,-0.33453673124313354,-0.08538525551557541,-0.5284050107002258,-0.3340703248977661,-0.08274494856595993,-0.36097681522369385,-0.2769911587238312
0.0,0.0,0.0,0.35414573550224304,-0.1541520059108734,-0.1262068897485733,0.5736174583435059,-0.5531972050666809,-0.17433609068393707,0.6373649835586548,-0.8380223512649536,-0.2297203689813614,0.6957322955131531,-1.0528956651687622,-0.2588632106781006,0.46856868267059326,-0.96513432264328,-0.03177584707736969,0.5893165469169617,-1.1800581216812134,-0.25651782751083374,0.5709086656570435,-0.8605188131332397,-0.38808727264404297,0.5144907236099243,-0.5847846865653992,-0.43095213174819946,0.20714998245239258,-0.9771284461021423,-0.04805103316903114,0.3407078683376312,-1.1768794059753418,-0.2934030592441559,0.33388930559158325,-0.7642610669136047,-0.3511674404144287,0.28868091106414795,-0.4782392084598541,-0.31930118799209595,-0.0647444948554039,-0.9287294149398804,-0.10215195268392563,0.0732874944806099,-1.176102876663208,-0.34749215841293335,0.09112606197595596,-0.7721887230873108,-0.3142784535884857,0.05508391559123993,-0.5086383819580078,-0.21932582557201385,-0.33381012082099915,-0.8236165046691895,-0.1662186086177826,-0.16606035828590393,-0.8788886070251465,-0.3574068546295166,-0.10186611115932465,-0.5831651091575623,-0.34109002351760864,-0.09758004546165466,-0.40673738718032837,-0.27330073714256287
0.0,0.0,0.0,0.3605656325817108,-0.1596986949443817,-0.12091608345508575,0.5805714726448059,-0.551889955997467,-0.17193908989429474,0.652150571346283,-0.8219260573387146,-0.23131203651428223,0.7189081311225891,-1.0288856029510498,-0.26501336693763733,0.471701443195343,-0.9633181691169739,-0.037922680377960205,0.5869283080101013,-1.1885013580322266,-0.26362207531929016,0.5712521076202393,-0.8724198341369629,-0.3981325328350067,0.5224040746688843,-0.5918020606040955,-0.4429249167442322,0.20567356050014496,-0.9769120812416077,-0.05780322104692459,0.3396388292312622,-1.1923713684082031,-0.30546581745147705,0.3320334851741791,-0.7823750376701355,-0.3651149570941925,0.2924692928791046,-0.48435860872268677,-0.33366847038269043,-0.06981652975082397,-0.9330030679702759,-0.11419788002967834,0.06717580556869507,-1.195288062095642,-0.35423552989959717,0.08886230736970901,-0.799141526222229,-0.3233839273452759,0.05934535712003708,-0.5266358852386475,-0.23168723285198212,-0.33945849537849426,-0.8310865759849548,-0.18069049715995789,-0.16990786790847778,-0.888070821762085,-0.3690188229084015,-0.10221400856971741,-0.592445433139801,-0.3547709286212921,-0.09175541251897812,-0.4061528742313385,-0.288987934589386
0.0,0.0,0.0,0.35098588466644287,-0.15898090600967407,-0.12961222231388092,0.5741229057312012,-0.5788215398788452,-0.179697647690773,0.6534895896911621,-0.8604345917701721,-0.23714356124401093,0.7508344054222107,-1.0624690055847168,-0.2667202353477478,0.4625658690929413,-0.9652507305145264,-0.04168885573744774,0.5816579461097717,-1.1970100402832031,-0.26943230628967285,0.5437296032905579,-0.8749338984489441,-0.3979203999042511,0.4874125123023987,-0.5936557054519653,-0.4397483170032501,0.19570991396903992,-0.9788931608200073,-0.05887111276388168,0.3243771493434906,-1.1949305534362793,-0.3147239685058594,0.30885326862335205,-0.7829367518424988,-0.3708190619945526,0.27533355355262756,-0.48620614409446716,-0.33532169461250305,-0.08095430582761765,-0.9337736964225769,-0.11436633765697479,0.04693484678864479,-1.200520634651184,-0.3638664782047272,0.07059894502162933,-0.7955893278121948,-0.3295290172100067,0.051278356462717056,-0.5226635932922363,-0.2341834455728531,-0.3519812822341919,-0.8335403203964233,-0.18074405193328857,-0.1871507167816162,-0.8766433000564575,-0.38003110885620117,-0.11414480954408646,-0.573883056640625,-0.3711680769920349,-0.0939614400267601,-0.39185672998428345,-0.3079659044742584
0.0,0.0,0.0,0.33671748638153076,-0.14695431292057037,-0.1218746155500412,0.5598446130752563,-0.5442015528678894,-0.16976982355117798,0.6457916498184204,-0.8167752623558044,-0.22432200610637665,0.7408171892166138,-1.0131889581680298,-0.25268447399139404,0.4682994782924652,-0.9581527709960938,-0.034454066306352615,0.5797374248504639,-1.1525686979293823,-0.2540941536426544,0.5429973602294922,-0.8308494091033936,-0.37928301095962524,0.48455625772476196,-0.5633174777030945,-0.4204511046409607,0.20405830442905426,-0.9775435328483582,-0.05261939391493797,0.3343258500099182,-1.1626479625701904,-0.29550907015800476,0.3181949257850647,-0.7516053318977356,-0.3459886312484741,0.27721893787384033,-0.4696078300476074,-0.30937904119491577,-0.07322127372026443,-0.9341622591018677,-0.10769381374120712,0.06105942651629448,-1.1576131582260132,-0.3506067097187042,0.07727726548910141,-0.7563417553901672,-0.3161618113517761,0.04808724299073219,-0.497829407453537,-0.2220579981803894,-0.3470619022846222,-0.8339550495147705,-0.17250877618789673,-0.17656153440475464,-0.8612121939659119,-0.3648735284805298,-0.11059420555830002,-0.5567225813865662,-0.3527551293373108,-0.09722192585468292,-0.38240447640419006,-0.28860312700271606
0.0,0.0,0.0,0.3479858934879303,-0.15761379897594452,-0.12332760542631149,0.5752661228179932,-0.5623651146888733,-0.17161110043525696,0.6722662448883057,-0.8531946539878845,-0.22695164382457733,0.7796982526779175,-1.055235743522644,-0.256923109292984,0.4664938151836395,-0.9669759273529053,-0.031364064663648605,0.5816227793693542,-1.1709784269332886,-0.2473486214876175,0.5441579818725586,-0.8411329388618469,-0.37113267183303833,0.4845123589038849,-0.565812885761261,-0.41162610054016113,0.2028214931488037,-0.9780880212783813,-0.04698272421956062,0.3418068587779999,-1.1691107749938965,-0.2868049144744873,0.3258512616157532,-0.7550044059753418,-0.3385152816772461,0.2801966369152069,-0.46675652265548706,-0.3032672107219696,-0.07412492483854294,-0.9307579398155212,-0.09913083910942078,0.05934973061084747,-1.1570719480514526,-0.34261661767959595,0.07952453196048737,-0.7509303689002991,-0.3095305562019348,0.05426732823252678,-0.4810994863510132,-0.21508574485778809,-0.34813326597213745,-0.8274064660072327,-0.16063617169857025,-0.1869545727968216,-0.8614150881767273,-0.35667452216148376,-0.10821941494941711,-0.5560800433158875,-0.3466169834136963,-0.08063138276338577,-0.37213510274887085,-0.28235572576522827
0.0,0.0,0.0,0.3902086913585663,-0.1626794934272766,-0.14667856693267822,0.6106070280075073,-0.6304492950439453,-0.18634192645549774,0.6270925998687744,-1.0004022121429443,-0.22655099630355835,0.6850656270980835,-1.2775557041168213,-0.23887889087200165,0.46678340435028076,-0.979650616645813,-0.053228557109832764,0.5739074945449829,-1.1963093280792236,-0.28289374709129333,0.5339353680610657,-0.8557188510894775,-0.40211448073387146,0.48111945390701294,-0.5658761858940125,-0.4361003339290619,0.18632590770721436,-0.9810013175010681,-0.05402834340929985,0.30751991271972656,-1.1696137189865112,-0.31275343894958496,0.30093127489089966,-0.7411916255950928,-0.3627481460571289,0.27757102251052856,-0.4474320709705353,-0.3243577480316162,-0.09239514172077179,-0.9263861179351807,-0.09444760531187057,0.012527501210570335,-1.163715124130249,-0.3559461832046509,0.04137001559138298,-0.7394261956214905,-0.3104708194732666,0.035710856318473816,-0.4650111794471741,-0.20409026741981506,-0.36165204644203186,-0.8181414008140564,-0.1456557959318161,-0.23382912576198578,-0.8752840757369995,-0.3526051342487335,-0.1556311845779419,-0.5766112208366394,-0.33854585886001587,-0.12764477729797363,-0.40233340859413147,-0.2691687047481537
0.0,0.0,0.0,0.3768652379512787,-0.16478390991687775,-0.16424338519573212,0.5893353223800659,-0.5894370079040527,-0.22543661296367645,0.4852314293384552,-0.8958378434181213,-0.2851257026195526,0.4275701344013214,-1.1160681247711182,-0.3139425814151764,0.4731844663619995,-0.9782895445823669,-0.06410964578390121,0.567114531993866,-1.2042529582977295,-0.3039056658744812,0.5141804814338684,-0.8524213433265686,-0.4379352331161499,0.465894490480423,-0.5618195533752441,-0.4820728600025177,0.17990922927856445,-0.98171067237854,-0.062263816595077515,0.2876376807689667,-1.1610422134399414,-0.328894704580307,0.2765268087387085,-0.7305909991264343,-0.39228755235671997,0.26354795694351196,-0.4362877309322357,-0.36072394251823425,-0.1011534109711647,-0.933066189289093,-0.10195692628622055,-0.02178911119699478,-1.1660577058792114,-0.36379334330558777,0.010224135592579842,-0.7477732300758362,-0.33130648732185364,0.01466020941734314,-0.46573859453201294,-0.23361870646476746,-0.36894670128822327,-0.8296594023704529,-0.15446384251117706,-0.26444029808044434,-0.8770992159843445,-0.36050254106521606,-0.17532113194465637,-0.5817358493804932,-0.35135191679000854,-0.13300056755542755,-0.40236642956733704,-0.2846453785896301
0.0,0.0,0.0,0.3652206063270569,-0.1644681692123413,-0.17631156742572784,0.5525853633880615,-0.5573537945747375,-0.25589442253112793,0.4005180299282074,-0.824935257434845,-0.333426833152771,0.24338266253471375,-0.9899269938468933,-0.3829483687877655,0.45287787914276123,-0.9819608926773071,-0.06160630285739899,0.5376858711242676,-1.1845065355300903,-0.3082214295864105,0.4812052845954895,-0.8449025750160217,-0.45660319924354553,0.4309343695640564,-0.559282124042511,-0.5119397640228271,0.16302043199539185,-0.9847124814987183,-0.06136457249522209,0.24777516722679138,-1.158991813659668,-0.33629828691482544,0.23157060146331787,-0.7304925322532654,-0.41518229246139526,0.22458799183368683,-0.43359851837158203,-0.3913743197917938,-0.11094947159290314,-0.9279866814613342,-0.10369665175676346,-0.057928070425987244,-1.1562302112579346,-0.37103480100631714,-0.028640946373343468,-0.7462183237075806,-0.3495847284793854,-0.016621742397546768,-0.4700615406036377,-0.2559109926223755,-0.3666590750217438,-0.8127247095108032,-0.1597522795200348,-0.3013136386871338,-0.8797507286071777,-0.3637872040271759,-0.2119762897491455,-0.5974335074424744,-0.3525530695915222,-0.15877875685691833,-0.42460042238235474,-0.2839554250240326
0.0,0.0,0.0,0.3596906363964081,-0.1610386073589325,-0.18435882031917572,0.5447019934654236,-0.5722740888595581,-0.25973188877105713,0.3888600468635559,-0.8544279336929321,-0.32830214500427246,0.2520151436328888,-1.042856216430664,-0.36591100692749023,0.4447518289089203,-0.9808416962623596,-0.0724080428481102,0.5267583727836609,-1.1859742403030396,-0.3202016055583954,0.4679704010486603,-0.84654700756073,-0.46179962158203125,0.41639289259910583,-0.567075788974762,-0.5113474130630493,0.14989838004112244,-0.9865270853042603,-0.0655348151922226,0.2322390228509903,-1.1666851043701172,-0.34403011202812195,0.21970334649085999,-0.7357125878334045,-0.41627201437950134,0.21627728641033173,-0.4448299705982208,-0.3851436972618103,-0.12827461957931519,-0.9332250356674194,-0.10177416354417801,-0.07787022739648819,-1.1449828147888184,-0.3741779923439026,-0.044194258749485016,-0.7278407216072083,-0.34855973720550537,-0.030004091560840607,-0.45993101596832275,-0.24987350404262543,-0.38416334986686707,-0.8259310722351074,-0.15190985798835754,-0.31749680638313293,-0.8688152432441711,-0.3580954670906067,-0.2263631522655487,-0.5783185958862305,-0.3462517261505127,-0.17188961803913116,-0.4161829352378845,-0.2760249972343445
0.0,0.0,0.0,0.35237985849380493,-0.15926401317119598,-0.18609929084777832,0.5293881297111511,-0.559749186038971,-0.2739231586456299,0.32960158586502075,-0.8177168369293213,-0.3553537130355835,0.1488395631313324,-0.9750492572784424,-0.4065816402435303,0.4492429792881012,-0.9821670651435852,-0.0865006297826767,0.5265533924102783,-1.196095585823059,-0.34321263432502747,0.4752674400806427,-0.8603041172027588,-0.49041426181793213,0.43148109316825867,-0.5778272747993469,-0.5426062345504761,0.14775174856185913,-0.9854412078857422,-0.08411319553852081,0.22142577171325684,-1.1731663942337036,-0.36650657653808594,0.21210052073001862,-0.7394727468490601,-0.4398161768913269,0.21717025339603424,-0.44865983724594116,-0.4097452163696289,-0.13213534653186798,-0.9306250214576721,-0.12473133206367493,-0.08375532180070877,-1.1564003229141235,-0.39872193336486816,-0.04855500906705856,-0.73157799243927,-0.36991390585899353,-0.02726253680884838,-0.4631638526916504,-0.2696457803249359,-0.3899143636226654,-0.8194807767868042,-0.1794593632221222,-0.32551950216293335,-0.8681939840316772,-0.38418444991111755,-0.23198160529136658,-0.5711233019828796,-0.3668072521686554,-0.1733516901731491,-0.4075686037540436,-0.29328256845474243
0.0,0.0,0.0,0.3951680660247803,-0.16699323058128357,-0.14104853570461273,0.6163308620452881,-0.6084586977958679,-0.17913208901882172,0.6410744786262512,-0.9614725112915039,-0.22229498624801636,0.7148289680480957,-1.199473261833191,-0.24089673161506653,0.47234463691711426,-0.9931092858314514,-0.039390720427036285,0.5362021327018738,-1.2214961051940918,-0.26674479246139526,0.48840972781181335,-0.8706069588661194,-0.38821181654930115,0.44202038645744324,-0.5857867002487183,-0.4253196716308594,0.17215901613235474,-0.9840350151062012,-0.045126624405384064,0.24299848079681396,-1.2078638076782227,-0.3018335700035095,0.224665567278862,-0.7625977993011475,-0.357612282037735,0.20469367504119873,-0.47322404384613037,-0.3211178183555603,-0.12131300568580627,-0.9121606349945068,-0.08962441980838776,-0.06571480631828308,-1.1818766593933105,-0.3566967844963074,-0.03880001977086067,-0.7658495903015137,-0.3201974928379059,-0.04323099926114082,-0.5017659664154053,-0.21708068251609802,-0.4018329977989197,-0.7830490469932556,-0.14193899929523468,-0.3403003513813019,-0.8942698240280151,-0.3473762571811676,-0.2570370137691498,-0.6105343699455261,-0.3254426419734955,-0.2152518928050995,-0.43717843294143677,-0.24914580583572388
0.0,0.0,0.0,0.39887088537216187,-0.13423387706279755,-0.1724642515182495,0.5699847340583801,-0.5768454074859619,-0.24826595187187195,0.26678040623664856,-0.8891173005104065,-0.31903111934661865,-0.004609043709933758,-1.0628575086593628,-0.3599698543548584,0.5309180021286011,-0.9606718420982361,-0.053017571568489075,0.6363070607185364,-1.2086516618728638,-0.29311972856521606,0.5815682411193848,-0.8861525058746338,-0.4437468349933624,0.5107067227363586,-0.5964208245277405,-0.503767192363739,0.22914473712444305,-0.9715285897254944,-0.060206614434719086,0.3552093505859375,-1.2347793579101562,-0.32505056262016296,0.333412766456604,-0.820739209651947,-0.4078856408596039,0.29180818796157837,-0.5149820446968079,-0.3886192739009857,-0.05469721928238869,-0.9255037307739258,-0.1089557483792305,0.0642574205994606,-1.2530931234359741,-0.37005478143692017,0.08630864322185516,-0.8383663296699524,-0.34583649039268494,0.05944092944264412,-0.5638527274131775,-0.25463053584098816,-0.3361561596393585,-0.8148934841156006,-0.17018339037895203,-0.2009934037923813,-0.9202660322189331,-0.37412089109420776,-0.13986675441265106,-0.6168497204780579,-0.3557969331741333,-0.14153335988521576,-0.44035860896110535,-0.2869424819946289
0.0,0.0,0.0,0.37588414549827576,-0.15493924915790558,-0.1653847098350525,0.5293281674385071,-0.6074572205543518,-0.24365833401679993,0.19755855202674866,-0.9279613494873047,-0.31960102915763855,-0.08459523320198059,-1.1332252025604248,-0.36351314187049866,0.521264910697937,-0.9497070908546448,-0.0322243832051754,0.6471385955810547,-1.1864255666732788,-0.270845890045166,0.6022194027900696,-0.879622220993042,-0.42711833119392395,0.5243405699729919,-0.6035839915275574,-0.49393802881240845,0.23493462800979614,-0.9708709716796875,-0.047067828476428986,0.39568570256233215,-1.2248034477233887,-0.3072739541530609,0.37742647528648376,-0.844875156879425,-0.3971272110939026,0.319271445274353,-0.5561633706092834,-0.38788336515426636,-0.04388083890080452,-0.9388829469680786,-0.10427195578813553,0.10736662894487381,-1.2740304470062256,-0.3671859800815582,0.12735845148563385,-0.8774914145469666,-0.3552711308002472,0.08595007658004761,-0.6139203310012817,-0.2768418788909912,-0.33689072728157043,-0.8419428467750549,-0.17372043430805206,-0.1611589789390564,-0.9021809697151184,-0.3927638530731201,-0.10621162503957748,-0.5873427987098694,-0.39297252893447876,-0.1196465790271759,-0.4129095673561096,-0.3389107584953308
0.0,0.0,0.0,0.3706929683685303,-0.1601264774799347,-0.1536639928817749,0.5593581199645996,-0.5952360033988953,-0.21617867052555084,0.36035382747650146,-0.9037190675735474,-0.27937424182891846,0.15598063170909882,-1.1124346256256104,-0.3140459656715393,0.48327717185020447,-0.9719249606132507,-0.03177545219659805,0.592546284198761,-1.1990771293640137,-0.27641457319259644,0.5577949285507202,-0.8801590204238892,-0.4308507442474365,0.4946316182613373,-0.6003824472427368,-0.4900033473968506,0.20020298659801483,-0.9787663817405701,-0.04398985207080841,0.32779866456985474,-1.2088803052902222,-0.3079189956188202,0.3221619427204132,-0.7993344068527222,-0.39057180285453796,0.2831287384033203,-0.506999135017395,-0.3725977838039398,-0.07547084987163544,-0.9303058981895447,-0.09801234304904938,0.03611624240875244,-1.2219574451446533,-0.35868990421295166,0.07246221601963043,-0.8207594156265259,-0.3409046530723572,0.05032631754875183,-0.5606659650802612,-0.2541693150997162,-0.35977596044540405,-0.8196186423301697,-0.16329306364059448,-0.21152691543102264,-0.8827212452888489,-0.3685262203216553,-0.12971137464046478,-0.5885037183761597,-0.3593321740627289,-0.11689360439777374,-0.42078736424446106,-0.29533547163009644
0.0,0.0,0.0,0.36358579993247986,-0.13100360333919525,-0.161038339138031,0.5794188976287842,-0.4883810877799988,-0.23847927153110504,0.4805104732513428,-0.7662920355796814,-0.3149457573890686,0.35519808530807495,-1.0047671794891357,-0.3605310618877411,0.4784066379070282,-0.9621098637580872,-0.08068273216485977,0.593616783618927,-1.181890845298767,-0.3349095284938812,0.5712776184082031,-0.8573501110076904,-0.48318785429000854,0.5210070013999939,-0.586750864982605,-0.5347452163696289,0.19490356743335724,-0.9765956401824951,-0.09095925837755203,0.3251069486141205,-1.1766257286071777,-0.36230456829071045,0.3257417678833008,-0.7493313550949097,-0.4322812855243683,0.29594922065734863,-0.4710264503955841,-0.4051055610179901,-0.08852466940879822,-0.9307786226272583,-0.14159941673278809,0.03023655340075493,-1.1679142713546753,-0.4085701107978821,0.060454290360212326,-0.7548520565032959,-0.376686692237854,0.03793208673596382,-0.5035524964332581,-0.2780429720878601,-0.3682337701320648,-0.8234889507293701,-0.2043708860874176,-0.21589912474155426,-0.8688284158706665,-0.4063159227371216,-0.12578782439231873,-0.58017897605896,-0.387473464012146,-0.10314330458641052,-0.4234674274921417,-0.31443941593170166
0.0,0.0,0.0,0.3242756724357605,-0.11921455711126328,-0.15525095164775848,0.5651912093162537,-0.4701980948448181,-0.22134336829185486,0.5996596217155457,-0.7493888735771179,-0.28326573967933655,0.6080567836761475,-0.9465939402580261,-0.3226017653942108,0.4192619323730469,-0.9532061219215393,-0.08125008642673492,0.5643430948257446,-1.0076484680175781,-0.3247694671154022,0.5565551519393921,-0.6971462368965149,-0.47401872277259827,0.5251354575157166,-0.4471104145050049,-0.5310932993888855,0.15635140240192413,-0.9841260313987732,-0.08396583050489426,0.3366055488586426,-0.99912428855896,-0.34157437086105347,0.33625656366348267,-0.595649778842926,-0.40436872839927673,0.29587605595588684,-0.32917463779449463,-0.37725338339805603,-0.11013203114271164,-0.9298515915870667,-0.12460991740226746,0.054358549416065216,-0.9640988111495972,-0.3798013925552368,0.07676945626735687,-0.5823962092399597,-0.35694295167922974,0.04605395346879959,-0.3522006869316101,-0.26770445704460144,-0.37058961391448975,-0.8118014931678772,-0.17805702984333038,-0.18550854921340942,-0.7253615260124207,-0.3667125105857849,-0.10469011217355728,-0.4424867033958435,-0.3565327525138855,-0.08834721148014069,-0.29181718826293945,-0.29227253794670105
0.0,0.0,0.0,0.3123312294483185,-0.11960165202617645,-0.1511346697807312,0.5441193580627441,-0.4923114776611328,-0.21069087088108063,0.5730574131011963,-0.770077109336853,-0.2677341103553772,0.6043882369995117,-0.9735947251319885,-0.299465149641037,0.4271261990070343,-0.9486265778541565,-0.06890157610177994,0.5687949657440186,-1.01218581199646,-0.30993130803108215,0.5509557723999023,-0.6997896432876587,-0.4544993042945862,0.5136651992797852,-0.4502952992916107,-0.5101712346076965,0.16213643550872803,-0.9838843941688538,-0.07538758963346481,0.3354772627353668,-0.9880408644676208,-0.33578333258628845,0.33185896277427673,-0.5803583860397339,-0.3961198925971985,0.28789836168289185,-0.32094937562942505,-0.3676755428314209,-0.10430461168289185,-0.9307042360305786,-0.12165287882089615,0.06102823093533516,-0.959976077079773,-0.3749554455280304,0.07738658785820007,-0.575668454170227,-0.346179723739624,0.037840064615011215,-0.35836198925971985,-0.25657224655151367,-0.36212632060050964,-0.8149164319038391,-0.18150798976421356,-0.16626563668251038,-0.7075361013412476,-0.36620768904685974,-0.10557832568883896,-0.4263498783111572,-0.35544511675834656,-0.10980558395385742,-0.29576483368873596,-0.29426324367523193
0.0,0.0,0.0,0.30405741930007935,-0.09897564351558685,-0.1481669396162033,0.5342183113098145,-0.4730658233165741,-0.2125171273946762,0.5906117558479309,-0.7369118332862854,-0.2759641706943512,0.6543542146682739,-0.9025444388389587,-0.31378862261772156,0.426643043756485,-0.9481483697891235,-0.06878466159105301,0.6121287941932678,-1.0215576887130737,-0.2961505651473999,0.608344554901123,-0.7127842903137207,-0.4320557713508606,0.5688757300376892,-0.45849886536598206,-0.4836980700492859,0.17987389862537384,-0.980639636516571,-0.07740359753370285,0.37842532992362976,-0.9868722558021545,-0.3228241205215454,0.3902881145477295,-0.593691885471344,-0.37968868017196655,0.34981057047843933,-0.33503735065460205,-0.3514069616794586,-0.06646650284528732,-0.9188987612724304,-0.12373777478933334,0.1239844560623169,-0.9497233033180237,-0.3586244583129883,0.15326544642448425,-0.5703557133674622,-0.3303058445453644,0.11023149639368057,-0.3485149145126343,-0.2445075809955597,-0.30032098293304443,-0.7977306842803955,-0.18456129729747772,-0.0825822725892067,-0.6901118755340576,-0.3539012670516968,-0.027893640100955963,-0.41132062673568726,-0.34112098813056946,-0.05327855050563812,-0.27551689743995667,-0.28172972798347473
0.0,0.0,0.0,0.29151028394699097,-0.10835116356611252,-0.14443330466747284,0.5345067977905273,-0.4686530530452728,-0.2068249136209488,0.5610470175743103,-0.7317996025085449,-0.26902899146080017,0.5458481311798096,-0.9494228959083557,-0.30418238043785095,0.4345758855342865,-0.9431098699569702,-0.05558169260621071,0.6136939525604248,-1.009280800819397,-0.28200098872184753,0.5865271687507629,-0.6995396614074707,-0.4206523001194,0.530244767665863,-0.44782140851020813,-0.47266608476638794,0.18857955932617188,-0.9798458814620972,-0.06587675213813782,0.39786604046821594,-1.0033910274505615,-0.3043713867664337,0.39576756954193115,-0.6182990670204163,-0.3627060651779175,0.3506806194782257,-0.34950780868530273,-0.3359448313713074,-0.05268809571862221,-0.9322577714920044,-0.11467494815587997,0.1543692946434021,-0.975346565246582,-0.34393495321273804,0.1690674126148224,-0.5993191599845886,-0.3188920021057129,0.12687645852565765,-0.3652634024620056,-0.23595280945301056,-0.279850572347641,-0.8229085206985474,-0.1781933307647705,-0.05223676189780235,-0.7101542353630066,-0.34778693318367004,-0.014751588925719261,-0.42674359679222107,-0.3413090109825134,-0.04142504930496216,-0.2799806594848633,-0.2864049971103668
0.0,0.0,0.0,0.30555424094200134,-0.10958819836378098,-0.1477484554052353,0.5548156499862671,-0.4690825641155243,-0.21172985434532166,0.5812810063362122,-0.7287160754203796,-0.27538952231407166,0.5542765259742737,-0.9482403993606567,-0.3115033507347107,0.43114084005355835,-0.9427914023399353,-0.057640787214040756,0.6287775039672852,-1.0114420652389526,-0.2932710647583008,0.5976026654243469,-0.7038511037826538,-0.43874651193618774,0.5379135012626648,-0.4521676003932953,-0.4941644072532654,0.18242117762565613,-0.9808200001716614,-0.06866344064474106,0.40405958890914917,-1.0065582990646362,-0.3186865746974945,0.39426374435424805,-0.6166961789131165,-0.3802657425403595,0.3446263074874878,-0.33978772163391113,-0.35194554924964905,-0.06113792210817337,-0.9353485703468323,-0.11957026273012161,0.16260354220867157,-0.969931960105896,-0.3536674380302429,0.1644059419631958,-0.5942679643630981,-0.3278748393058777,0.11308915168046951,-0.3619686961174011,-0.24220605194568634,-0.28847557306289673,-0.8282835483551025,-0.18601104617118835,-0.05396859720349312,-0.6998064517974854,-0.3521572947502136,-0.029818624258041382,-0.4205917418003082,-0.34370672702789307,-0.06631875038146973,-0.2816990911960602,-0.2875887155532837
0.0,0.0,0.0,0.30738916993141174,-0.11347933113574982,-0.12177713960409164,0.5573135614395142,-0.46870869398117065,-0.1707833707332611,0.6307032108306885,-0.7287545800209045,-0.22604802250862122,0.6385378837585449,-0.9289290308952332,-0.25945937633514404,0.4340461194515228,-0.9472360014915466,-0.02480189874768257,0.6195456981658936,-1.0406959056854248,-0.23943427205085754,0.6068008542060852,-0.7496131658554077,-0.373897522687912,0.5623456835746765,-0.5035524964332581,-0.4226675033569336,0.18723738193511963,-0.9813947677612305,-0.042503971606492996,0.3940281867980957,-1.04068922996521,-0.2712972164154053,0.39176425337791443,-0.6521768569946289,-0.32633742690086365,0.3469061255455017,-0.37466874718666077,-0.2963452935218811,-0.06428170949220657,-0.9350141882896423,-0.09631089121103287,0.14733952283859253,-1.0025674104690552,-0.31915006041526794,0.15523545444011688,-0.6180867552757263,-0.28629764914512634,0.10709397494792938,-0.3711697459220886,-0.19580726325511932,-0.30684611201286316,-0.8257420063018799,-0.16255344450473785,-0.0858880952000618,-0.7584145665168762,-0.3224582076072693,-0.052082497626543045,-0.46859708428382874,-0.3005731701850891,-0.07872308790683746,-0.30382266640663147,-0.233942449092865
0.0,0.0,0.0,0.35141652822494507,-0.10778791457414627,-0.14114883542060852,0.5783843994140625,-0.5069413185119629,-0.19627991318702698,0.48268768191337585,-0.8100035190582275,-0.2502366006374359,0.3749237060546875,-1.0181078910827637,-0.2787335216999054,0.42786887288093567,-0.9506534337997437,-0.04049532115459442,0.6268031597137451,-1.0278661251068115,-0.2728058993816376,0.6414633393287659,-0.7421259880065918,-0.422595351934433,0.6120030283927917,-0.4885684549808502,-0.483029842376709,0.1781676709651947,-0.9825783967971802,-0.05287699028849602,0.4155914783477783,-1.0095725059509277,-0.2969646155834198,0.43227535486221313,-0.6353121399879456,-0.3661845922470093,0.3855903148651123,-0.36392003297805786,-0.34721145033836365,-0.058070842176675797,-0.931298017501831,-0.10412409901618958,0.1798745095729828,-0.977720320224762,-0.3400619626045227,0.20145513117313385,-0.6032629609107971,-0.3203197717666626,0.15071238577365875,-0.3732360303401947,-0.24082107841968536,-0.2803892493247986,-0.8188385367393494,-0.16951414942741394,-0.025289298966526985,-0.6976702809333801,-0.3408854603767395,0.00777835538610816,-0.4162933826446533,-0.33575883507728577,-0.034541841596364975,-0.27865102887153625,-0.2835990786552429
0.0,0.0,0.0,0.32091981172561646,-0.09343445301055908,-0.12392514944076538,0.587533175945282,-0.4675220251083374,-0.17200998961925507,0.6471619606018066,-0.754787266254425,-0.22256064414978027,0.6737417578697205,-0.9612467885017395,-0.25233688950538635,0.37141749262809753,-0.9635347127914429,-0.025498423725366592,0.6486897468566895,-0.9855612516403198,-0.24257302284240723,0.7064474821090698,-0.6990570425987244,-0.3855307996273041,0.6995711326599121,-0.4654845595359802,-0.443073034286499,0.14399617910385132,-0.9887714982032776,-0.03995149955153465,0.4282841980457306,-0.9775668978691101,-0.25841251015663147,0.4955019950866699,-0.6223112344741821,-0.31687039136886597,0.49581006169319153,-0.3754017651081085,-0.29482313990592957,-0.06825799494981766,-0.9204773902893066,-0.09078439325094223,0.21162158250808716,-0.911147952079773,-0.30296188592910767,0.24855217337608337,-0.5540950298309326,-0.2733314633369446,0.21342141926288605,-0.3400552570819855,-0.1893942803144455,-0.25424665212631226,-0.7966585159301758,-0.15610115230083466,0.013343628495931625,-0.6794488430023193,-0.2986551821231842,0.048231370747089386,-0.4050716459751129,-0.27709928154945374,0.020312072709202766,-0.2635148763656616,-0.21559062600135803
0.0,0.0,0.0,0.3309149444103241,-0.11139354109764099,-0.1191682443022728,0.576225996017456,-0.46047237515449524,-0.16887421905994415,0.5866373181343079,-0.7514030933380127,-0.21909454464912415,0.575866162776947,-0.9940499663352966,-0.24744337797164917,0.36100834608078003,-0.9439579248428345,-0.04901910945773125,0.658066987991333,-0.9454526901245117,-0.26917940378189087,0.7130829691886902,-0.6655887365341187,-0.4114271104335785,0.6922177672386169,-0.4326535165309906,-0.4692271649837494,0.1440957933664322,-0.9874424338340759,-0.06476017087697983,0.4601009786128998,-0.935359537601471,-0.2801210582256317,0.4953015446662903,-0.5908449292182922,-0.33647340536117554,0.45603033900260925,-0.35177189111709595,-0.31902024149894714,-0.05430350825190544,-0.9328491687774658,-0.11458545923233032,0.26773059368133545,-0.8790105581283569,-0.3184733986854553,0.2675025463104248,-0.5365563631057739,-0.2922635078430176,0.1996438205242157,-0.33745720982551575,-0.21799518167972565,-0.23150326311588287,-0.8100352883338928,-0.1787184625864029,0.054300252348184586,-0.6444441080093384,-0.3197813034057617,0.06393391638994217,-0.3868175745010376,-0.30937960743904114,0.014531074091792107,-0.2652733623981476,-0.2595102787017822
0.0,0.0,0.0,0.31987613439559937,-0.10078845918178558,-0.13043440878391266,0.5085602402687073,-0.4455495774745941,-0.18964020907878876,0.4077224135398865,-0.7146235704421997,-0.24360987544059753,0.3106493055820465,-0.9266527891159058,-0.26880767941474915,0.35793063044548035,-0.930016279220581,-0.0796666368842125,0.655815601348877,-0.9359932541847229,-0.3049449026584625,0.6869964599609375,-0.6483729481697083,-0.4414013624191284,0.6700405478477478,-0.41466423869132996,-0.5007027387619019,0.14699314534664154,-0.984660804271698,-0.0940009206533432,0.48634305596351624,-0.9145224690437317,-0.31922781467437744,0.5189011693000793,-0.574482262134552,-0.3681357502937317,0.5038626790046692,-0.33556053042411804,-0.3458370268344879,-0.032356031239032745,-0.9343594908714294,-0.1445736289024353,0.2955394387245178,-0.8485891819000244,-0.34526553750038147,0.3063373863697052,-0.5169388651847839,-0.3229788541793823,0.2675705552101135,-0.33366474509239197,-0.2574765384197235,-0.17971132695674896,-0.8123021125793457,-0.212892085313797,0.1093159019947052,-0.5648050308227539,-0.35384780168533325,0.101527638733387,-0.321591317653656,-0.367533802986145,0.04423544928431511,-0.23297013342380524,-0.34122851490974426
0.0,0.0,0.0,0.31589174270629883,-0.12814506888389587,-0.08946854621171951,0.5494804978370667,-0.4732193052768707,-0.13554053008556366,0.600083589553833,-0.7539060711860657,-0.1870223879814148,0.6294354200363159,-0.9777995347976685,-0.218743696808815,0.2838108241558075,-0.9693975448608398,-0.0306532122194767,0.5792925953865051,-0.9590718150138855,-0.23854418098926544,0.6554777026176453,-0.6829607486724854,-0.37916746735572815,0.6638439893722534,-0.45153218507766724,-0.43764761090278625,0.0775422528386116,-0.9954366087913513,-0.05561622604727745,0.41272836923599243,-0.9125502109527588,-0.24499721825122833,0.4718148112297058,-0.5783295035362244,-0.2908536195755005,0.4672766625881195,-0.3430853486061096,-0.2747323513031006,-0.0957251787185669,-0.9224048852920532,-0.11144313961267471,0.24495038390159607,-0.8428999781608582,-0.28206580877304077,0.26387810707092285,-0.5201495289802551,-0.24683578312397003,0.22104254364967346,-0.319868803024292,-0.17620247602462769,-0.2358449548482895,-0.7857605218887329,-0.18145613372325897,0.06062142923474312,-0.6047857403755188,-0.288147896528244,0.07990122586488724,-0.3667390048503876,-0.26916706562042236,0.04887489974498749,-0.24853770434856415,-0.2199762761592865
0.0,0.0,0.0,0.322227418422699,-0.13929034769535065,-0.1315019279718399,0.5023589730262756,-0.5270097255706787,-0.18375976383686066,0.4206191301345825,-0.7989152669906616,-0.23396101593971252,0.3674798011779785,-1.0055394172668457,-0.2534767985343933,0.3010580539703369,-0.9713271856307983,-0.05778181180357933,0.5718851685523987,-0.9943059682846069,-0.29221266508102417,0.5981425046920776,-0.6841958165168762,-0.43218687176704407,0.5772146582603455,-0.4436681270599365,-0.4917604625225067,0.0738036185503006,-0.9944050312042236,-0.0755762830376625,0.3923841416835785,-0.9500961899757385,-0.3188322186470032,0.4246312975883484,-0.5931009650230408,-0.37357062101364136,0.40232253074645996,-0.3576349914073944,-0.34979578852653503,-0.11328194290399551,-0.920368492603302,-0.1326458603143692,0.19972001016139984,-0.8692144155502319,-0.3489489257335663,0.22175279259681702,-0.5259189009666443,-0.3216593265533447,0.1801813542842865,-0.34394681453704834,-0.24793948233127594,-0.2685113251209259,-0.783686101436615,-0.20745056867599487,0.02622164785861969,-0.5743952393531799,-0.3573320806026459,0.041710272431373596,-0.3251268267631531,-0.364292711019516,-0.0014656614512205124,-0.24217407405376434,-0.3295724391937256
0.0,0.0,0.0,0.3154337704181671,-0.10927444696426392,-0.13196790218353271,0.5322708487510681,-0.4929874837398529,-0.1856471747159958,0.4637150466442108,-0.79261314868927,-0.23835264146327972,0.3657449185848236,-1.0197087526321411,-0.267383873462677,0.3539241552352905,-0.9609960317611694,-0.03158111497759819,0.606913149356842,-1.0029577016830444,-0.25110960006713867,0.6791452169418335,-0.7275111079216003,-0.40269675850868225,0.6748993992805481,-0.4849400222301483,-0.46778860688209534,0.12003748118877411,-0.9917119741439819,-0.04580649733543396,0.40443262457847595,-1.0045548677444458,-0.2617310881614685,0.4679052531719208,-0.6530033946037292,-0.3275895416736603,0.44366762042045593,-0.39750492572784424,-0.3159622848033905,-0.09786585718393326,-0.9285078644752502,-0.09704508632421494,0.18310722708702087,-0.9776675701141357,-0.31027182936668396,0.23799516260623932,-0.6234648823738098,-0.2872317433357239,0.20211252570152283,-0.4018624424934387,-0.21223443746566772,-0.29650717973709106,-0.8009159564971924,-0.16283555328845978,-0.009227500297129154,-0.7212662696838379,-0.3178001344203949,0.04410407692193985,-0.4542439877986908,-0.3050142526626587,0.01533228624612093,-0.3132047951221466,-0.25105059146881104
0.0,0.0,0.0,0.33901840448379517,-0.1092136949300766,-0.10539203882217407,0.565547525882721,-0.5043208003044128,-0.1325230747461319,0.5433819890022278,-0.8016756176948547,-0.16026045382022858,0.5412243604660034,-1.0433199405670166,-0.16605517268180847,0.3380124270915985,-0.9525513648986816,-0.023193802684545517,0.6108761429786682,-1.0044792890548706,-0.1978677362203598,0.6702713370323181,-0.7391804456710815,-0.3070909082889557,0.6639266610145569,-0.5239303112030029,-0.349500834941864,0.13547959923744202,-0.9902128577232361,-0.03352253884077072,0.4522242844104767,-1.0121815204620361,-0.21107058227062225,0.5216779112815857,-0.6770988702774048,-0.25435981154441833,0.5130126476287842,-0.43701809644699097,-0.2336592674255371,-0.057762596756219864,-0.9491134881973267,-0.07418681681156158,0.2753806412220001,-0.9748302698135376,-0.2582132816314697,0.31866490840911865,-0.6304461359977722,-0.24301686882972717,0.27499523758888245,-0.4024687707424164,-0.18021900951862335,-0.24067804217338562,-0.8434012532234192,-0.1262761652469635,0.051147278398275375,-0.7293832302093506,-0.2712276875972748,0.08410908281803131,-0.45883023738861084,-0.2778453230857849,0.039923764765262604,-0.2975084185600281,-0.24182206392288208
0.0,0.0,0.0,0.3285607099533081,-0.11381297558546066,-0.10387438535690308,0.4687759280204773,-0.47613614797592163,-0.15681171417236328,0.29682254791259766,-0.7357861399650574,-0.2143518626689911,0.11255714297294617,-0.9132192730903625,-0.24971382319927216,0.38631173968315125,-0.9294715523719788,-0.006892315577715635,0.6139585971832275,-0.9609772562980652,-0.19437375664710999,0.6801375150680542,-0.7140586376190186,-0.33037465810775757,0.6765430569648743,-0.4982024133205414,-0.39508599042892456,0.17252010107040405,-0.984432578086853,-0.033604979515075684,0.452315092086792,-0.9800435900688171,-0.21944071352481842,0.5276931524276733,-0.6670158505439758,-0.28592169284820557,0.5186123847961426,-0.42215076088905334,-0.2837301194667816,-0.03975323960185051,-0.9543722867965698,-0.09247918426990509,0.27224940061569214,-0.9687774777412415,-0.2731076180934906,0.3294646739959717,-0.640556275844574,-0.26715055108070374,0.2988312244415283,-0.42858368158340454,-0.2148483693599701,-0.233614981174469,-0.8548957705497742,-0.16474318504333496,0.06803268939256668,-0.7022495865821838,-0.2916327118873596,0.08504614979028702,-0.44973844289779663,-0.29283252358436584,0.022312600165605545,-0.31994014978408813,-0.2599729597568512
0.0,0.0,0.0,0.3559124767780304,-0.09774374216794968,-0.11335285753011703,0.5539968013763428,-0.4650065004825592,-0.16519217193126678,0.38576003909111023,-0.7348425388336182,-0.21823056042194366,0.20947198569774628,-0.9165087938308716,-0.24588970839977264,0.41220247745513916,-0.9276996850967407,-0.023632822558283806,0.6816714406013489,-0.9568518996238708,-0.21026553213596344,0.7244559526443481,-0.6912736892700195,-0.3337164521217346,0.7047159075737,-0.48169589042663574,-0.38997572660446167,0.2025633156299591,-0.978241503238678,-0.044851407408714294,0.5308948755264282,-0.9711781144142151,-0.23046964406967163,0.5948624610900879,-0.6421406865119934,-0.2838612198829651,0.5787234902381897,-0.4046133756637573,-0.27121397852897644,0.010606557130813599,-0.9456368088722229,-0.09864110499620438,0.36247652769088745,-0.9433828592300415,-0.2773970067501068,0.40317675471305847,-0.6009116768836975,-0.25948652625083923,0.35821235179901123,-0.39107394218444824,-0.19923193752765656,-0.16055160760879517,-0.8430900573730469,-0.16715601086616516,0.15252380073070526,-0.6858952641487122,-0.2927280068397522,0.15359845757484436,-0.43075767159461975,-0.29167258739471436,0.07625077664852142,-0.30697304010391235,-0.25758740305900574
0.0,0.0,0.0,0.3539656698703766,-0.08905025571584702,-0.11576589196920395,0.5478304624557495,-0.4436693787574768,-0.17274802923202515,0.3945087790489197,-0.7122699022293091,-0.2316272258758545,0.2151913195848465,-0.8943578600883484,-0.2649732828140259,0.42364954948425293,-0.9104401469230652,-0.024616902694106102,0.7060802578926086,-0.928621232509613,-0.22784137725830078,0.7509384751319885,-0.662142813205719,-0.3647368848323822,0.7393904328346252,-0.4476953148841858,-0.4302883446216583,0.22748473286628723,-0.9724786281585693,-0.05035782232880592,0.5743778944015503,-0.9509974122047424,-0.26007080078125,0.625339686870575,-0.6109201908111572,-0.3246077299118042,0.6038093566894531,-0.3672594130039215,-0.3157506585121155,0.04777625948190689,-0.9449473023414612,-0.1102750301361084,0.4142565429210663,-0.9285374879837036,-0.3064824342727661,0.4338395297527313,-0.5781324505805969,-0.294309139251709,0.37659162282943726,-0.3762534558773041,-0.23526476323604584,-0.11341659724712372,-0.8458788990974426,-0.1853112131357193,0.1957455724477768,-0.6583538055419922,-0.32327258586883545,0.17068548500537872,-0.4093467891216278,-0.33126336336135864,0.07766310125589371,-0.3081447184085846,-0.3032207489013672
0.0,0.0,0.0,0.3724152445793152,-0.11350339651107788,-0.11066503822803497,0.5389748811721802,-0.45227697491645813,-0.17022931575775146,0.3909655511379242,-0.7056306004524231,-0.22960549592971802,0.2283928543329239,-0.879668653011322,-0.26202383637428284,0.36511629819869995,-0.9329426288604736,-0.051860228180885315,0.6903812885284424,-0.9411892890930176,-0.25321832299232483,0.7040817141532898,-0.6528859734535217,-0.3789946436882019,0.6582126021385193,-0.43284016847610474,-0.4365171492099762,0.17521998286247253,-0.981776773929596,-0.07356861978769302,0.5832818746566772,-0.9335094094276428,-0.27130576968193054,0.5937268137931824,-0.5830076336860657,-0.312592476606369,0.5312703251838684,-0.35305389761924744,-0.292132705450058,0.013701586984097958,-0.9354394674301147,-0.12745021283626556,0.42188239097595215,-0.8919771909713745,-0.30324476957321167,0.40611153841018677,-0.5544704794883728,-0.2759503424167633,0.31842586398124695,-0.36594170331954956,-0.2144594043493271,-0.1237313374876976,-0.8169652223587036,-0.19682155549526215,0.18739555776119232,-0.6153774261474609,-0.3198074698448181,0.1625967025756836,-0.3758026659488678,-0.32466059923171997,0.07422508299350739,-0.28327032923698425,-0.29828938841819763
0.0,0.0,0.0,0.3409472107887268,-0.0914916917681694,-0.08446092158555984,0.5623533725738525,-0.39029979705810547,-0.12744846940040588,0.5684133768081665,-0.6641275882720947,-0.17765791714191437,0.5736659169197083,-0.8642178177833557,-0.208319291472435,0.40964818000793457,-0.926249623298645,-0.022932300344109535,0.6982933878898621,-0.9694352746009827,-0.19554348289966583,0.7423062920570374,-0.7004532814025879,-0.30910348892211914,0.714816689491272,-0.49089646339416504,-0.3547397255897522,0.21508802473545074,-0.9754106402397156,-0.04807497560977936,0.5549193620681763,-0.9729272723197937,-0.2063196897506714,0.615199089050293,-0.6557428240776062,-0.2464832067489624,0.5970525741577148,-0.43687376379966736,-0.23079334199428558,0.01280241645872593,-0.9383565187454224,-0.09952740371227264,0.34683114290237427,-0.9348186254501343,-0.25752443075180054,0.39323851466178894,-0.6177722811698914,-0.2332175374031067,0.35085681080818176,-0.40857890248298645,-0.17227020859718323,-0.19050218164920807,-0.8288982510566711,-0.16137881577014923,0.09343301504850388,-0.716387927532196,-0.2707998752593994,0.15399423241615295,-0.47788822650909424,-0.25115150213241577,0.1396045684814453,-0.3286443054676056,-0.20112460851669312
0.0,0.0,0.0,0.3510708808898926,-0.1168116107583046,-0.12867030501365662,0.548595130443573,-0.4971027672290802,-0.1848774254322052,0.4064604341983795,-0.7716096043586731,-0.24095092713832855,0.2710167169570923,-0.9563943147659302,-0.2721254825592041,0.40529316663742065,-0.9570562839508057,-0.04134219512343407,0.6489023566246033,-1.0248521566390991,-0.2513655126094818,0.6711069941520691,-0.7450879216194153,-0.38810619711875916,0.6332550644874573,-0.5133212208747864,-0.44580215215682983,0.16876904666423798,-0.9838952422142029,-0.05888301879167557,0.444797545671463,-1.0149033069610596,-0.2729877233505249,0.5011617541313171,-0.667666494846344,-0.33365651965141296,0.47956186532974243,-0.41560107469558716,-0.3188372850418091,-0.05644309148192406,-0.9289066195487976,-0.11141371726989746,0.217187762260437,-0.9863470792770386,-0.3174879550933838,0.2729683518409729,-0.6291869282722473,-0.29266899824142456,0.2381376326084137,-0.39864227175712585,-0.21968121826648712,-0.2735677659511566,-0.8097156882286072,-0.1781202256679535,0.006279822438955307,-0.7188771963119507,-0.3292556703090668,0.05604925379157066,-0.4475615620613098,-0.31721749901771545,0.024782437831163406,-0.29392725229263306,-0.2657940089702606
0.0,0.0,0.0,0.32591572403907776,-0.1269959658384323,-0.13747431337833405,0.5468805432319641,-0.516586184501648,-0.1915099173784256,0.4940017759799957,-0.7976608276367188,-0.2467445433139801,0.4083609879016876,-0.9995490908622742,-0.2748837471008301,0.3980894982814789,-0.9629746675491333,-0.027789639309048653,0.5867453217506409,-1.0464575290679932,-0.2627194821834564,0.6092473864555359,-0.7486567497253418,-0.4170004725456238,0.583993673324585,-0.4948372542858124,-0.47852739691734314,0.16105473041534424,-0.9860381484031677,-0.04231008514761925,0.38457804918289185,-1.0288981199264526,-0.28265002369880676,0.41838786005973816,-0.6616365909576416,-0.3517799973487854,0.38659316301345825,-0.39976829290390015,-0.333535373210907,-0.0688343420624733,-0.92769855260849,-0.09725811332464218,0.16460850834846497,-0.983899712562561,-0.32362374663352966,0.1996885985136032,-0.6183955669403076,-0.29675957560539246,0.1548982858657837,-0.39309170842170715,-0.2139001488685608,-0.2904762327671051,-0.8118826746940613,-0.1677824705839157,-0.03949131816625595,-0.7226426601409912,-0.322835236787796,0.0009152730344794691,-0.45010286569595337,-0.3055458962917328,-0.03385096415877342,-0.31385231018066406,-0.24648329615592957
0.0,0.0,0.0,0.3283199965953827,-0.15351401269435883,-0.13894039392471313,0.5288840532302856,-0.5658348798751831,-0.1908753663301468,0.510753333568573,-0.8824679255485535,-0.24414554238319397,0.5051524639129639,-1.1226892471313477,-0.2720981538295746,0.39423874020576477,-0.9811874628067017,-0.03535373508930206,0.5611296892166138,-1.0938695669174194,-0.2642197012901306,0.5731654763221741,-0.7952297329902649,-0.4096846580505371,0.5375558733940125,-0.5399139523506165,-0.4649512767791748,0.14193139970302582,-0.9888222217559814,-0.04567296430468559,0.32883110642433167,-1.0740032196044922,-0.2827826738357544,0.36875951290130615,-0.6977831125259399,-0.3460502028465271,0.34366127848625183,-0.4330124855041504,-0.32519033551216125,-0.11156672984361649,-0.9254671931266785,-0.09525197744369507,0.0955568253993988,-1.043845295906067,-0.3355623781681061,0.13791045546531677,-0.6616366505622864,-0.30516985058784485,0.09985910356044769,-0.41961055994033813,-0.21620209515094757,-0.36274150013923645,-0.8031975626945496,-0.15749280154705048,-0.12842917442321777,-0.772907555103302,-0.3381224572658539,-0.06902983784675598,-0.4801087975502014,-0.320795476436615,-0.08859122544527054,-0.3166406452655792,-0.25573480129241943
0.0,0.0,0.0,0.35850244760513306,-0.1454918384552002,-0.1404131054878235,0.5591182112693787,-0.5857206583023071,-0.18569493293762207,0.5496496558189392,-0.9137082099914551,-0.23252108693122864,0.5662499070167542,-1.1703097820281982,-0.25193101167678833,0.4169020652770996,-0.9807787537574768,-0.0285871010273695,0.5604516863822937,-1.1255255937576294,-0.2612896263599396,0.5693929195404053,-0.8269447684288025,-0.406544029712677,0.5376644730567932,-0.5648646950721741,-0.4612092971801758,0.16040484607219696,-0.9863108396530151,-0.0382259264588356,0.3445344865322113,-1.122604250907898,-0.2885821759700775,0.36886361241340637,-0.7268341183662415,-0.35154619812965393,0.332418829202652,-0.4458651840686798,-0.32592761516571045,-0.0958499014377594,-0.9278975129127502,-0.08940750360488892,0.1013505607843399,-1.1088628768920898,-0.33852052688598633,0.13018947839736938,-0.7241615056991577,-0.30913034081459045,0.08597825467586517,-0.47910088300704956,-0.21908220648765564,-0.3474027216434479,-0.8100314140319824,-0.1532457023859024,-0.11781132221221924,-0.8136714696884155,-0.3451058864593506,-0.07388324290513992,-0.5263641476631165,-0.33656132221221924,-0.10627228766679764,-0.3668455481529236,-0.27762460708618164
0.0,0.0,0.0,0.34860506653785706,-0.13715100288391113,-0.11390771716833115,0.5706455707550049,-0.5195841193199158,-0.15918466448783875,0.6357297897338867,-0.7852238416671753,-0.21328704059123993,0.6859622597694397,-0.9847880601882935,-0.24345965683460236,0.4578845202922821,-0.964591383934021,-0.02405683510005474,0.6059809327125549,-1.1440486907958984,-0.24220669269561768,0.5919079780578613,-0.8440258502960205,-0.3743458688259125,0.5421752333641052,-0.5818679928779602,-0.4198342263698578,0.19664053618907928,-0.9793644547462463,-0.04666648805141449,0.36792176961898804,-1.1632715463638306,-0.28596797585487366,0.3650014400482178,-0.7572598457336426,-0.3418763279914856,0.32054567337036133,-0.46656572818756104,-0.30984407663345337,-0.07622547447681427,-0.9307669401168823,-0.10516858100891113,0.09015017002820969,-1.153870940208435,-0.34312349557876587,0.11342661827802658,-0.7572270631790161,-0.31194284558296204,0.08162744343280792,-0.4898349940776825,-0.21964088082313538,-0.3474579453468323,-0.8185611963272095,-0.17297351360321045,-0.15857423841953278,-0.8590785264968872,-0.36025920510292053,-0.08660680800676346,-0.5680880546569824,-0.3457302749156952,-0.07546290010213852,-0.3840476870536804,-0.280074805021286
0.0,0.0,0.0,0.3691459894180298,-0.1513107419013977,-0.1615673005580902,0.5590339303016663,-0.6006998419761658,-0.2154378890991211,0.4509344696998596,-0.9221466779708862,-0.26659658551216125,0.3998393416404724,-1.160691738128662,-0.28698205947875977,0.4755721390247345,-0.9744991064071655,-0.04453650116920471,0.5927147269248962,-1.198616623878479,-0.2734609842300415,0.5480014085769653,-0.8761627078056335,-0.4115997552871704,0.48662036657333374,-0.5894038677215576,-0.45967283844947815,0.19669809937477112,-0.9795551300048828,-0.04220991209149361,0.3251360058784485,-1.185304880142212,-0.2883092164993286,0.305865615606308,-0.7770910859107971,-0.3510622978210449,0.27511003613471985,-0.4805382788181305,-0.3230948746204376,-0.07570461928844452,-0.9313047528266907,-0.08215713500976562,0.04904903843998909,-1.1917120218276978,-0.3290436565876007,0.06790737062692642,-0.7901889681816101,-0.3005247116088867,0.05112127214670181,-0.509146511554718,-0.20978699624538422,-0.3400619328022003,-0.82715904712677,-0.13521729409694672,-0.18260137736797333,-0.8966464400291443,-0.33555153012275696,-0.11442285776138306,-0.5934558510780334,-0.3264908492565155,-0.09667978435754776,-0.40119263529777527,-0.26327380537986755
0.0,0.0,0.0,0.3721553385257721,-0.16119372844696045,-0.15939660370349884,0.5787484645843506,-0.6170969009399414,-0.20319893956184387,0.5521146059036255,-0.9460073113441467,-0.24652479588985443,0.5620414018630981,-1.198172926902771,-0.2619225084781647,0.47846439480781555,-0.9741436839103699,-0.04533941671252251,0.5677197575569153,-1.1998039484024048,-0.27815869450569153,0.5136924982070923,-0.8903683423995972,-0.41288676857948303,0.4601714611053467,-0.6077737212181091,-0.4582667946815491,0.19493192434310913,-0.9798595905303955,-0.04332179203629494,0.28912588953971863,-1.1990243196487427,-0.3050788938999176,0.25599196553230286,-0.7959133982658386,-0.3711737096309662,0.23625923693180084,-0.49273985624313354,-0.3403245210647583,-0.0801130086183548,-0.9232046604156494,-0.08364637941122055,-0.0016941905487328768,-1.1912455558776855,-0.3470093905925751,0.015789110213518143,-0.7929510474205017,-0.3266008198261261,0.021888306364417076,-0.508404016494751,-0.23493430018424988,-0.338581383228302,-0.8111289143562317,-0.13596698641777039,-0.23387090861797333,-0.8767409324645996,-0.35169389843940735,-0.15269140899181366,-0.5920836329460144,-0.3556675314903259,-0.10257435590028763,-0.40760934352874756,-0.29710403084754944
0.0,0.0,0.0,0.37099161744117737,-0.16611957550048828,-0.1726810485124588,0.5588554739952087,-0.5829436182975769,-0.24215924739837646,0.41839826107025146,-0.8809541463851929,-0.31084904074668884,0.29824259877204895,-1.07718825340271,-0.35159993171691895,0.4810079336166382,-0.9833090305328369,-0.058693092316389084,0.5592381358146667,-1.2118260860443115,-0.3076334297657013,0.4926550090312958,-0.899039626121521,-0.4579591453075409,0.4321713447570801,-0.6094220280647278,-0.5131547451019287,0.17974036931991577,-0.9818106293678284,-0.06116552650928497,0.2598777711391449,-1.2145345211029053,-0.3386625647544861,0.22447912395000458,-0.8051643967628479,-0.417705774307251,0.2075597494840622,-0.4942722022533417,-0.3921353220939636,-0.10234574973583221,-0.9200159311294556,-0.10659217834472656,-0.040645211935043335,-1.1921640634536743,-0.38050177693367004,-0.02586701139807701,-0.7845626473426819,-0.3591909110546112,-0.019203616306185722,-0.4928150177001953,-0.2627033293247223,-0.36233067512512207,-0.8004713654518127,-0.1652570217847824,-0.2825298011302948,-0.8987094163894653,-0.377759724855423,-0.2135729044675827,-0.617428183555603,-0.3684571087360382,-0.1736905872821808,-0.43042540550231934,-0.2998197376728058
0.0,0.0,0.0,0.3564372658729553,-0.17651329934597015,-0.2149917036294937,0.5204038619995117,-0.5688813924789429,-0.3189085125923157,0.3236246109008789,-0.8395655155181885,-0.4128941595554352,0.13487130403518677,-1.0062917470932007,-0.47853249311447144,0.4618235230445862,-0.9876444935798645,-0.09843504428863525,0.5134927034378052,-1.1967852115631104,-0.36384958028793335,0.44456228613853455,-0.8789662718772888,-0.527235209941864,0.3933115005493164,-0.582392692565918,-0.5903692245483398,0.1561235636472702,-0.9842361211776733,-0.08309435099363327,0.20320044457912445,-1.1911487579345703,-0.37986117601394653,0.1656825691461563,-0.775152862071991,-0.47085127234458923,0.1587739884853363,-0.45604923367500305,-0.450715035200119,-0.12640126049518585,-0.9225770831108093,-0.11407241225242615,-0.0975077748298645,-1.1889522075653076,-0.4044530987739563,-0.08498206734657288,-0.7872463464736938,-0.395405113697052,-0.06570076197385788,-0.4882914125919342,-0.3036784529685974,-0.3809572458267212,-0.8038436770439148,-0.16087183356285095,-0.34282374382019043,-0.9049354195594788,-0.38988223671913147,-0.27546390891075134,-0.623439371585846,-0.3906611502170563,-0.22560089826583862,-0.4270707964897156,-0.32531189918518066
0.0,0.0,0.0,0.3424363434314728,-0.1737409085035324,-0.19525274634361267,0.5036423206329346,-0.5802252292633057,-0.27318069338798523,0.4031812250614166,-0.8760040402412415,-0.3425866961479187,0.30248141288757324,-1.0837352275848389,-0.38377225399017334,0.43887093663215637,-0.9883556962013245,-0.08626383543014526,0.4822779893875122,-1.186381220817566,-0.3353460431098938,0.4277065694332123,-0.8725857734680176,-0.4812338948249817,0.380344957113266,-0.5924667119979858,-0.5320561528205872,0.1394248604774475,-0.9878290891647339,-0.0689517930150032,0.15565961599349976,-1.1695983409881592,-0.3435361683368683,0.13475143909454346,-0.7539058923721313,-0.41369715332984924,0.1438082903623581,-0.45968738198280334,-0.38240787386894226,-0.13623328506946564,-0.9234272241592407,-0.09590772539377213,-0.13150858879089355,-1.1455718278884888,-0.36704665422439575,-0.10104241967201233,-0.7527366876602173,-0.3443862199783325,-0.06757346540689468,-0.4803004860877991,-0.24732153117656708,-0.379101425409317,-0.8052581548690796,-0.13754652440547943,-0.36581477522850037,-0.8831369280815125,-0.3464774787425995,-0.29135653376579285,-0.6137537360191345,-0.33771926164627075,-0.22755177319049835,-0.4427042305469513,-0.26798444986343384
0.0,0.0,0.0,0.3578912019729614,-0.1702435314655304,-0.19620999693870544,0.5217341184616089,-0.5662090182304382,-0.2797229588031769,0.37665534019470215,-0.8542448282241821,-0.35473012924194336,0.24578873813152313,-1.0434620380401611,-0.4031030237674713,0.45380353927612305,-0.9862574934959412,-0.07289878278970718,0.5174546837806702,-1.1662005186080933,-0.3209276795387268,0.4628080725669861,-0.8521448373794556,-0.4748150408267975,0.4049232006072998,-0.5748813152313232,-0.5354655385017395,0.15250660479068756,-0.9864665865898132,-0.06021158769726753,0.19423386454582214,-1.1890573501586914,-0.3327715992927551,0.1803954392671585,-0.7759941220283508,-0.4156695604324341,0.18183240294456482,-0.4725680947303772,-0.39501339197158813,-0.12612977623939514,-0.9192960858345032,-0.09132306277751923,-0.09564299881458282,-1.1557575464248657,-0.3642002046108246,-0.05495679751038551,-0.7629484534263611,-0.35092461109161377,-0.032880883663892746,-0.48523056507110596,-0.2610408663749695,-0.38102084398269653,-0.7897153496742249,-0.1367204487323761,-0.3370193541049957,-0.8757541179656982,-0.3511331081390381,-0.2457737773656845,-0.6073092818260193,-0.3472312390804291,-0.18814246356487274,-0.4367524981498718,-0.2823760211467743
0.0,0.0,0.0,0.3584100008010864,-0.1673915684223175,-0.17791961133480072,0.4972113072872162,-0.5809279084205627,-0.2557339072227478,0.29354584217071533,-0.8727776408195496,-0.3274810016155243,0.10715358704328537,-1.0705841779708862,-0.37160784006118774,0.44843095541000366,-0.9824608564376831,-0.06540188938379288,0.5283339619636536,-1.1866655349731445,-0.30075377225875854,0.47636252641677856,-0.8710659742355347,-0.4489472806453705,0.40643686056137085,-0.5834643840789795,-0.5060662031173706,0.15597514808177948,-0.9858443737030029,-0.06150348111987114,0.23659904301166534,-1.2103193998336792,-0.31698453426361084,0.22051051259040833,-0.8129853010177612,-0.39782944321632385,0.19921916723251343,-0.5085803866386414,-0.3797943592071533,-0.11952236294746399,-0.9228923916816711,-0.09842558205127716,-0.04684704542160034,-1.210566759109497,-0.3568130135536194,-0.010295585729181767,-0.8275002837181091,-0.3506212830543518,-0.010772871784865856,-0.5458949208259583,-0.27093514800071716,-0.3794230818748474,-0.7931575775146484,-0.1472199559211731,-0.28763270378112793,-0.8911067247390747,-0.360228955745697,-0.1922021210193634,-0.6203088164329529,-0.362709641456604,-0.1475108414888382,-0.4372052252292633,-0.3046155869960785
0.0,0.0,0.0,0.3617265522480011,-0.1712484061717987,-0.17865578830242157,0.49290305376052856,-0.5987702012062073,-0.2622296214103699,0.18197157979011536,-0.9021483659744263,-0.3381597697734833,-0.06969542056322098,-1.1002919673919678,-0.3830186426639557,0.4826566278934479,-0.9696299433708191,-0.058768466114997864,0.5744925141334534,-1.210705041885376,-0.2907627522945404,0.5259453058242798,-0.9109426140785217,-0.4363587200641632,0.4573822021484375,-0.6296645998954773,-0.493634968996048,0.18662385642528534,-0.9807605147361755,-0.057273849844932556,0.28766363859176636,-1.2283092737197876,-0.3092747628688812,0.2726306915283203,-0.8368241786956787,-0.3887099027633667,0.24476289749145508,-0.5394506454467773,-0.37149807810783386,-0.08800951391458511,-0.9323842525482178,-0.09688670933246613,0.0016059082699939609,-1.2378345727920532,-0.3537304699420929,0.037530023604631424,-0.8496573567390442,-0.3421124815940857,0.02924995869398117,-0.5765167474746704,-0.2611725330352783,-0.3565083146095276,-0.8176689743995667,-0.1488894522190094,-0.23605966567993164,-0.901309609413147,-0.3615713119506836,-0.14937998354434967,-0.6061092615127563,-0.3604413866996765,-0.12019286304712296,-0.4229133427143097,-0.30193477869033813
0.0,0.0,0.0,0.34054991602897644,-0.19315065443515778,-0.18546220660209656,0.4516383409500122,-0.5995369553565979,-0.2797524034976959,0.1492903232574463,-0.8753882646560669,-0.36680951714515686,-0.10948039591312408,-1.061949372291565,-0.4243049919605255,0.4481655955314636,-0.9840652346611023,-0.06539573520421982,0.5188050866127014,-1.2229052782058716,-0.3037136197090149,0.4928799569606781,-0.9356919527053833,-0.4565209448337555,0.4429366886615753,-0.6545243263244629,-0.5174267888069153,0.15217158198356628,-0.9863734245300293,-0.06254032254219055,0.22058804333209991,-1.239383339881897,-0.3198845088481903,0.22194170951843262,-0.8593893051147461,-0.40907612442970276,0.21239984035491943,-0.5607665777206421,-0.39742568135261536,-0.1204899400472641,-0.9273458123207092,-0.10091331601142883,-0.06523303687572479,-1.2331342697143555,-0.36306148767471313,-0.01593935675919056,-0.8550204038619995,-0.3599803149700165,-0.009528911672532558,-0.5813363790512085,-0.28262290358543396,-0.3803039491176605,-0.8009524345397949,-0.1521219164133072,-0.28042006492614746,-0.8911088705062866,-0.36830100417137146,-0.17750105261802673,-0.6130651235580444,-0.3698965311050415,-0.13137656450271606,-0.4332495927810669,-0.31135210394859314
0.0,0.0,0.0,0.33301568031311035,-0.19785889983177185,-0.19819341599941254,0.4214532673358917,-0.606836199760437,-0.2977812588214874,0.09629043191671371,-0.8888505101203918,-0.38890767097473145,-0.17048919200897217,-1.0871134996414185,-0.4497728943824768,0.46904808282852173,-0.9831928014755249,-0.07107916474342346,0.5100322365760803,-1.2419419288635254,-0.3160264194011688,0.45954668521881104,-0.95350182056427,-0.4725397527217865,0.40811946988105774,-0.6686769127845764,-0.5358652472496033,0.16935275495052338,-0.9835039973258972,-0.06355757266283035,0.20686005055904388,-1.246492624282837,-0.335427850484848,0.18179477751255035,-0.8643494248390198,-0.42758405208587646,0.17643412947654724,-0.5590624213218689,-0.4132387340068817,-0.10420521348714828,-0.9286292791366577,-0.0992027074098587,-0.0804467499256134,-1.256379246711731,-0.3805406391620636,-0.05455150455236435,-0.8725766539573669,-0.3815443217754364,-0.04285198077559471,-0.5872411131858826,-0.30203956365585327,-0.3622749149799347,-0.8075682520866394,-0.14808796346187592,-0.29168638586997986,-0.8834874629974365,-0.39136019349098206,-0.19887764751911163,-0.579731822013855,-0.4039667248725891,-0.13919192552566528,-0.38018447160720825,-0.34729334712028503
0.0,0.0,0.0,0.3292395770549774,-0.21225301921367645,-0.20839858055114746,0.4130152463912964,-0.6239421963691711,-0.31227701902389526,0.08897989988327026,-0.8994135856628418,-0.40602824091911316,-0.1724737137556076,-1.0902421474456787,-0.4696424603462219,0.45370832085609436,-0.9966953992843628,-0.08467940986156464,0.4917805790901184,-1.2516820430755615,-0.34005874395370483,0.43223339319229126,-0.9578306078910828,-0.5015455484390259,0.38507118821144104,-0.6668269634246826,-0.5668861865997314,0.145149365067482,-0.9866541028022766,-0.07379250228404999,0.16834409534931183,-1.2507668733596802,-0.3599802851676941,0.14140263199806213,-0.8522281050682068,-0.45683664083480835,0.14991500973701477,-0.5411303043365479,-0.44153285026550293,-0.13004034757614136,-0.9212580919265747,-0.10689662396907806,-0.11802710592746735,-1.2387337684631348,-0.39903709292411804,-0.08746112138032913,-0.8443393111228943,-0.4030609130859375,-0.060841310769319534,-0.5597794055938721,-0.32159683108329773,-0.3817443251609802,-0.7925381660461426,-0.15359750390052795,-0.3246190845966339,-0.870634913444519,-0.39984992146492004,-0.2252594530582428,-0.5714561939239502,-0.4119744896888733,-0.1525271236896515,-0.38086414337158203,-0.3530040383338928
0.0,0.0,0.0,0.3238013684749603,-0.20408695936203003,-0.19759514927864075,0.4056003987789154,-0.6018723249435425,-0.29943326115608215,0.10835595428943634,-0.8637681007385254,-0.3915027976036072,-0.13762542605400085,-1.0512678623199463,-0.4538579285144806,0.4375917613506317,-0.9942924380302429,-0.08346109092235565,0.4779129922389984,-1.2316175699234009,-0.3321850001811981,0.43043074011802673,-0.9489335417747498,-0.4968770742416382,0.383819580078125,-0.6631805300712585,-0.566906750202179,0.13705790042877197,-0.9876182675361633,-0.07632315903902054,0.16529223322868347,-1.2405972480773926,-0.3496500551700592,0.15138401091098785,-0.8548490405082703,-0.44623538851737976,0.1591937243938446,-0.5555379390716553,-0.43635228276252747,-0.13338378071784973,-0.9240003228187561,-0.1110529825091362,-0.12310253083705902,-1.230584740638733,-0.3808329701423645,-0.08022697269916534,-0.8624987602233887,-0.3821685314178467,-0.0520770326256752,-0.5968813300132751,-0.30737143754959106,-0.3820382356643677,-0.7944315075874329,-0.16004732251167297,-0.32131698727607727,-0.8758540153503418,-0.3836195766925812,-0.2197784185409546,-0.5936444401741028,-0.3885270953178406,-0.15376892685890198,-0.4159156084060669,-0.330958753824234
0.0,0.0,0.0,0.3319295644760132,-0.20369508862495422,-0.20501308143138885,0.42061647772789,-0.6256551146507263,-0.30328527092933655,0.08572797477245331,-0.902747631072998,-0.38933196663856506,-0.18492141366004944,-1.0907269716262817,-0.4436449408531189,0.45490720868110657,-0.9902507066726685,-0.08086229115724564,0.49304908514022827,-1.2341777086257935,-0.33072957396507263,0.43317368626594543,-0.9344074726104736,-0.4844634532928467,0.38190406560897827,-0.6464762091636658,-0.5449107885360718,0.14926022291183472,-0.9862984418869019,-0.07026267051696777,0.18633337318897247,-1.239260196685791,-0.3500795066356659,0.16082297265529633,-0.848493754863739,-0.4381370544433594,0.16318978369235992,-0.5398891568183899,-0.4180049002170563,-0.12603507936000824,-0.9258280992507935,-0.10358334332704544,-0.10445328801870346,-1.240715742111206,-0.3917246460914612,-0.07920047640800476,-0.8472527861595154,-0.38938072323799133,-0.059954214841127396,-0.5643041133880615,-0.30599018931388855,-0.3828169107437134,-0.8006497025489807,-0.15039926767349243,-0.3222212791442871,-0.8526692986488342,-0.39915746450424194,-0.22777105867862701,-0.5429251790046692,-0.41319382190704346,-0.15915046632289886,-0.35233932733535767,-0.35632702708244324
0.0,0.0,0.0,0.35110795497894287,-0.20381063222885132,-0.2198026329278946,0.4626922607421875,-0.6010953783988953,-0.32351863384246826,0.190893292427063,-0.8674318194389343,-0.4152611196041107,-0.054758042097091675,-1.026655673980713,-0.4792465567588806,0.4273498058319092,-1.0057564973831177,-0.08450599759817123,0.4330509901046753,-1.2220373153686523,-0.33863741159439087,0.3760847747325897,-0.9211305379867554,-0.5039563179016113,0.33623847365379333,-0.627509355545044,-0.5737103819847107,0.11191699653863907,-0.9915177226066589,-0.06608472019433975,0.10554900020360947,-1.2225661277770996,-0.35375887155532837,0.09217372536659241,-0.829207181930542,-0.45345738530158997,0.10704264044761658,-0.5139984488487244,-0.4404769837856293,-0.16537539660930634,-0.9106053113937378,-0.09377646446228027,-0.18036037683486938,-1.2137336730957031,-0.38451164960861206,-0.13558082282543182,-0.8402225971221924,-0.39452674984931946,-0.09382956475019455,-0.5593574047088623,-0.3173185884952545,-0.40908926725387573,-0.762000560760498,-0.13694632053375244,-0.37233251333236694,-0.8384748697280884,-0.38377171754837036,-0.2708028554916382,-0.5649787783622742,-0.40669775009155273,-0.19444885849952698,-0.3831642270088196,-0.3562488555908203
0.0,0.0,0.0,0.3438016176223755,-0.20306625962257385,-0.20564888417720795,0.47149789333343506,-0.5928612947463989,-0.30614280700683594,0.2948034405708313,-0.8337143063545227,-0.3973888158798218,0.11697198450565338,-0.9832425117492676,-0.46385350823402405,0.4194297194480896,-0.9998297691345215,-0.10744922608137131,0.415699303150177,-1.2143980264663696,-0.37116003036499023,0.349509596824646,-0.9114379286766052,-0.5377647280693054,0.3101206421852112,-0.621338427066803,-0.6050138473510742,0.10491529852151871,-0.9898889064788818,-0.09546103328466415,0.0906250923871994,-1.202905535697937,-0.38953742384910583,0.07035358995199203,-0.8023342490196228,-0.4828035533428192,0.08994509279727936,-0.4945966601371765,-0.46396589279174805,-0.17779120802879333,-0.9135742783546448,-0.12659116089344025,-0.2092878520488739,-1.1924368143081665,-0.41551387310028076,-0.16110628843307495,-0.799928605556488,-0.415149450302124,-0.10805204510688782,-0.5176592469215393,-0.3317306935787201,-0.42197126150131226,-0.7703872919082642,-0.17236429452896118,-0.4109070897102356,-0.8261557817459106,-0.4153556227684021,-0.3040686547756195,-0.5442851185798645,-0.43029120564460754,-0.21227970719337463,-0.3685329556465149,-0.3731076717376709
0.0,0.0,0.0,0.34226492047309875,-0.18730202317237854,-0.19998370110988617,0.47846895456314087,-0.5607147216796875,-0.2929810881614685,0.26952680945396423,-0.8118111491203308,-0.3760223090648651,0.07940984517335892,-0.9875341653823853,-0.4330357611179352,0.4707917869091034,-0.9824533462524414,-0.09187126904726028,0.48969748616218567,-1.2141671180725098,-0.32668909430503845,0.42331454157829285,-0.9341564178466797,-0.47629404067993164,0.37740498781204224,-0.6541012525558472,-0.5370774865150452,0.16677550971508026,-0.9832969307899475,-0.07289021462202072,0.1605926901102066,-1.2049133777618408,-0.33381232619285583,0.1284809708595276,-0.8161638975143433,-0.42071235179901123,0.13978399336338043,-0.5160287618637085,-0.40559571981430054,-0.10841301083564758,-0.9203975200653076,-0.0946371853351593,-0.11147172003984451,-1.1972520351409912,-0.3591313064098358,-0.09357398003339767,-0.8236506581306458,-0.36522477865219116,-0.06888777017593384,-0.5473454594612122,-0.2917753756046295,-0.3529087007045746,-0.7905503511428833,-0.12989658117294312,-0.3375495374202728,-0.8619754910469055,-0.3514319360256195,-0.2569112479686737,-0.5928561687469482,-0.36603304743766785,-0.1873304694890976,-0.4157380163669586,-0.3134736120700836
0.0,0.0,0.0,0.317190021276474,-0.18865446746349335,-0.20779457688331604,0.3892437815666199,-0.5938619375228882,-0.3109627366065979,0.062019120901823044,-0.8657756447792053,-0.40022754669189453,-0.2041693776845932,-1.0478990077972412,-0.4614031910896301,0.43825244903564453,-0.9888943433761597,-0.07653883844614029,0.5043248534202576,-1.221339225769043,-0.3120308220386505,0.4861249625682831,-0.9522595405578613,-0.47604379057884216,0.442864328622818,-0.6754737496376038,-0.5481503009796143,0.14689715206623077,-0.9873113036155701,-0.0603131502866745,0.20508646965026855,-1.232545018196106,-0.3136332035064697,0.19778166711330414,-0.8597731590270996,-0.411201149225235,0.18677285313606262,-0.5609807372093201,-0.40649110078811646,-0.11822926998138428,-0.9217190146446228,-0.0858013704419136,-0.07972259074449539,-1.2358825206756592,-0.3429330587387085,-0.02880766987800598,-0.8761988282203674,-0.3468087613582611,-0.020328959450125694,-0.6015373468399048,-0.27587661147117615,-0.3738574981689453,-0.784886360168457,-0.12612925469875336,-0.3061605989933014,-0.8872945308685303,-0.34866267442703247,-0.20764027535915375,-0.6072526574134827,-0.3540196418762207,-0.15862181782722473,-0.4183735251426697,-0.29694417119026184
0.0,0.0,0.0,0.3349902629852295,-0.1796450912952423,-0.19243715703487396,0.43541982769966125,-0.5951207876205444,-0.28543341159820557,0.09866540133953094,-0.8749865293502808,-0.3671143054962158,-0.16738007962703705,-1.067903757095337,-0.41829559206962585,0.4725644290447235,-0.9712633490562439,-0.06522782146930695,0.5354189872741699,-1.2088783979415894,-0.29185470938682556,0.4993363916873932,-0.9276514649391174,-0.44153669476509094,0.4434359073638916,-0.6504559516906738,-0.5047277212142944,0.18239399790763855,-0.9816070199012756,-0.05639267340302467,0.25079959630966187,-1.2276837825775146,-0.30190595984458923,0.23284144699573517,-0.8622738122940063,-0.3907919228076935,0.21128486096858978,-0.5709194540977478,-0.3818744122982025,-0.08675926178693771,-0.9296311140060425,-0.08875308930873871,-0.03442759811878204,-1.241316795349121,-0.34462863206863403,0.0002747339312918484,-0.875400960445404,-0.3483496606349945,0.0018222586950287223,-0.6099640130996704,-0.2792108356952667,-0.3457585275173187,-0.8098180294036865,-0.13419245183467865,-0.2598453760147095,-0.8863087296485901,-0.35752546787261963,-0.17232686281204224,-0.5920835733413696,-0.3682531714439392,-0.12767773866653442,-0.4092234969139099,-0.31723761558532715
0.0,0.0,0.0,0.329306036233902,-0.19930408895015717,-0.18645207583904266,0.41263672709465027,-0.602540910243988,-0.2829640805721283,0.09304244816303253,-0.8848026990890503,-0.3713543713092804,-0.1781090795993805,-1.0731676816940308,-0.4318792521953583,0.46152257919311523,-0.971751868724823,-0.05458332598209381,0.5019195079803467,-1.2090359926223755,-0.2785712778568268,0.46548992395401,-0.9369946122169495,-0.4324088394641876,0.41573667526245117,-0.6665050983428955,-0.5006759762763977,0.18029463291168213,-0.9823993444442749,-0.04883995279669762,0.23070041835308075,-1.2432894706726074,-0.2898001968860626,0.21093694865703583,-0.8793616890907288,-0.38083896040916443,0.192424938082695,-0.5897480249404907,-0.3748663365840912,-0.0838029682636261,-0.9316486120223999,-0.08393330872058868,-0.04101482033729553,-1.2556648254394531,-0.3348250687122345,0.0011913704220205545,-0.9068244695663452,-0.34329289197921753,0.009464560076594353,-0.6432945728302002,-0.2783915102481842,-0.34412696957588196,-0.8098161220550537,-0.13173159956932068,-0.2665734589099884,-0.8981359004974365,-0.35023030638694763,-0.16569218039512634,-0.6215468049049377,-0.36334630846977234,-0.11058559268712997,-0.43972304463386536,-0.31523633003234863
0.0,0.0,0.0,0.3423989713191986,-0.18687091767787933,-0.17510949075222015,0.4344024658203125,-0.6114552617073059,-0.260306179523468,0.12264400720596313,-0.9116426110267639,-0.34145668148994446,-0.1376778930425644,-1.1139532327651978,-0.39244917035102844,0.4262494146823883,-0.9837565422058105,-0.027790267020463943,0.5212847590446472,-1.2265654802322388,-0.2563452422618866,0.507361114025116,-0.9437744617462158,-0.41241174936294556,0.46249887347221375,-0.6701858043670654,-0.4796066880226135,0.15340100228786469,-0.9877640008926392,-0.028111806139349937,0.26603373885154724,-1.2301393747329712,-0.27109473943710327,0.27307116985321045,-0.8522887825965881,-0.35660192370414734,0.2458856999874115,-0.5624343752861023,-0.34821629524230957,-0.11040744930505753,-0.9304274916648865,-0.07116485387086868,-0.02353416197001934,-1.2462341785430908,-0.3171706199645996,0.038952749222517014,-0.8774091005325317,-0.30721697211265564,0.041252970695495605,-0.6050474643707275,-0.23072266578674316,-0.3802204728126526,-0.8028103113174438,-0.12773720920085907,-0.25971052050590515,-0.9211588501930237,-0.3336409032344818,-0.15853150188922882,-0.6382834315299988,-0.33015602827072144,-0.1243794858455658,-0.44452276825904846,-0.27224862575531006
0.0,0.0,0.0,0.35661768913269043,-0.15873685479164124,-0.15162821114063263,0.5433186888694763,-0.5527796745300293,-0.2208615094423294,0.407652884721756,-0.8305133581161499,-0.29155442118644714,0.27978307008743286,-1.0285003185272217,-0.33529937267303467,0.44690096378326416,-0.9691157341003418,-0.030344970524311066,0.5789270997047424,-1.1655800342559814,-0.26982563734054565,0.5765067934989929,-0.8871122598648071,-0.43048498034477234,0.5372558236122131,-0.6177252531051636,-0.49538150429725647,0.1834757924079895,-0.9822007417678833,-0.04022981971502304,0.3317156434059143,-1.171586275100708,-0.2920810878276825,0.34050267934799194,-0.7876060009002686,-0.37419936060905457,0.3074558973312378,-0.49771085381507874,-0.36121898889541626,-0.07878261059522629,-0.9293781518936157,-0.09117163717746735,0.05386609211564064,-1.1785780191421509,-0.3407430350780487,0.10097863525152206,-0.8023637533187866,-0.3267787992954254,0.08358673006296158,-0.5383422374725342,-0.24555423855781555,-0.3463462293148041,-0.8110475540161133,-0.15440301597118378,-0.17659063637256622,-0.8771792054176331,-0.3520006239414215,-0.08996662497520447,-0.5993579030036926,-0.3426622450351715,-0.08109494298696518,-0.4190623164176941,-0.2796572148799896
0.0,0.0,0.0,0.3446349799633026,-0.12728707492351532,-0.15560224652290344,0.5720558762550354,-0.5299321413040161,-0.22334183752536774,0.4007224440574646,-0.8181939721107483,-0.290751576423645,0.2134099304676056,-1.0181299448013306,-0.33116984367370605,0.45800256729125977,-0.955923318862915,-0.022492600604891777,0.6151859760284424,-1.0989868640899658,-0.26654884219169617,0.6253772974014282,-0.8252397179603577,-0.43163999915122986,0.5953848958015442,-0.566362202167511,-0.500654935836792,0.18934577703475952,-0.9811884164810181,-0.03764918074011803,0.37609654664993286,-1.1093491315841675,-0.29688549041748047,0.3937327265739441,-0.7303640246391296,-0.3849506080150604,0.35585707426071167,-0.44139984250068665,-0.3743550479412079,-0.06424281746149063,-0.9341225624084473,-0.09485124051570892,0.11863984912633896,-1.1028480529785156,-0.35103148221969604,0.14825467765331268,-0.7147321105003357,-0.336444616317749,0.11278384923934937,-0.462201327085495,-0.25430646538734436,-0.3198317885398865,-0.8241298198699951,-0.1660277396440506,-0.10028968006372452,-0.7879021167755127,-0.36029165983200073,-0.054406408220529556,-0.4866170287132263,-0.35140031576156616,-0.07530412822961807,-0.32423096895217896,-0.291071355342865
0.0,0.0,0.0,0.329816073179245,-0.12429207563400269,-0.14055846631526947,0.5594286918640137,-0.48443207144737244,-0.20780234038829803,0.48992499709129333,-0.751745879650116,-0.2786674499511719,0.36863207817077637,-0.9525808691978455,-0.3241005539894104,0.4289506673812866,-0.9489482641220093,-0.026849254965782166,0.6059769988059998,-1.0791822671890259,-0.2680286765098572,0.628723680973053,-0.8081706166267395,-0.43026065826416016,0.6090843677520752,-0.5620259046554565,-0.4972788393497467,0.17736871540546417,-0.9829983115196228,-0.04748300462961197,0.3874080181121826,-1.0874141454696655,-0.2992340624332428,0.4104757606983185,-0.7114342451095581,-0.37910497188568115,0.37304988503456116,-0.4309596121311188,-0.3654932379722595,-0.07213156670331955,-0.9410070180892944,-0.10819720476865768,0.14206573367118835,-1.0671532154083252,-0.35199785232543945,0.16751480102539062,-0.6890783905982971,-0.3320419192314148,0.1193375214934349,-0.4474167823791504,-0.24974325299263,-0.32437530159950256,-0.8353418707847595,-0.18289968371391296,-0.07847626507282257,-0.771817684173584,-0.35831740498542786,-0.03758666291832924,-0.4824140667915344,-0.34294942021369934,-0.07136882841587067,-0.3291635811328888,-0.2814653217792511
0.0,0.0,0.0,0.326427698135376,-0.12036978453397751,-0.14287739992141724,0.5630270838737488,-0.5063210129737854,-0.20566636323928833,0.5074350833892822,-0.796859622001648,-0.26909855008125305,0.3955777585506439,-1.0194340944290161,-0.30544671416282654,0.4188516139984131,-0.9477973580360413,-0.03779442980885506,0.6180117726325989,-1.0670092105865479,-0.26619043946266174,0.6310608386993408,-0.7775694131851196,-0.41121456027030945,0.5999304056167603,-0.52495276927948,-0.4690163731575012,0.1758364737033844,-0.9829760789871216,-0.053288474678993225,0.4119391143321991,-1.0579627752304077,-0.29446741938591003,0.4305403530597687,-0.6798368096351624,-0.3632960915565491,0.3826225996017456,-0.40519049763679504,-0.34447717666625977,-0.06545390188694,-0.9379037022590637,-0.1082683578133583,0.17074158787727356,-1.0257078409194946,-0.3444163501262665,0.19823405146598816,-0.6508772373199463,-0.3265404999256134,0.14404582977294922,-0.41927987337112427,-0.25046730041503906,-0.3017921447753906,-0.8291935920715332,-0.17692705988883972,-0.02907034568488598,-0.7261292934417725,-0.35230129957199097,0.007910567335784435,-0.434444397687912,-0.3473051190376282,-0.04140699282288551,-0.2874302268028259,-0.2963988184928894
