feature_0,feature_1,feature_2,feature_3,feature_4,feature_5,feature_6,feature_7,feature_8,feature_9,feature_10,feature_11,feature_12,feature_13,feature_14,feature_15,feature_16,feature_17,feature_18,feature_19,feature_20,feature_21,feature_22,feature_23,feature_24,feature_25,feature_26,feature_27,feature_28,feature_29,feature_30,feature_31,feature_32,feature_33,feature_34,feature_35,feature_36,feature_37,feature_38,feature_39,feature_40,feature_41,feature_42,feature_43,feature_44,feature_45,feature_46,feature_47,feature_48,feature_49,feature_50,feature_51,feature_52,feature_53,feature_54,feature_55,feature_56,feature_57,feature_58,feature_59,feature_60,feature_61,feature_62
0.0,0.0,0.0,0.43731507658958435,-0.15557526051998138,0.0015544090420007706,0.6884579658508301,-0.3501858711242676,-0.0640033558011055,0.8961113691329956,-0.5123242735862732,-0.1707165688276291,0.965085506439209,-0.6912006735801697,-0.2513142228126526,0.1499466598033905,-0.977253258228302,0.041418664157390594,0.668585479259491,-1.1883524656295776,-0.11833267658948898,0.8451083302497864,-0.9433214664459229,-0.24262717366218567,0.8373104929924011,-0.7005013227462769,-0.29878824949264526,0.10132601857185364,-0.9939880967140198,-0.04148158058524132,0.6889102458953857,-1.2527025938034058,-0.168551966547966,0.8660027980804443,-0.9780763387680054,-0.2364419400691986,0.8490409255027771,-0.7366427183151245,-0.2619468569755554,0.14508281648159027,-0.9596608281135559,-0.14068938791751862,0.7217197418212891,-1.247968077659607,-0.26657599210739136,0.8878310918807983,-0.9792959094047546,-0.26444199681282043,0.8813270926475525,-0.733883261680603,-0.2293045073747635,0.2705921232700348,-0.8707827925682068,-0.24338044226169586,0.747416615486145,-1.0965522527694702,-0.3144087791442871,0.910102903842926,-0.9149234294891357,-0.2801482677459717,0.9425831437110901,-0.7111344337463379,-0.2331807017326355
0.0,0.0,0.0,0.4203013777732849,-0.1473686695098877,-0.0011945493752136827,0.6771631240844727,-0.3348335027694702,-0.0635521411895752,0.890235424041748,-0.49124035239219666,-0.1661665141582489,0.9466255903244019,-0.6804746389389038,-0.24267174303531647,0.1664169728755951,-0.9697291851043701,0.04680108278989792,0.6804053783416748,-1.177457332611084,-0.10819601267576218,0.8349056839942932,-0.9267208576202393,-0.22954131662845612,0.8011470437049866,-0.6872650384902954,-0.28377917408943176,0.11608775705099106,-0.992717981338501,-0.03216564655303955,0.6987361311912537,-1.2371457815170288,-0.1536252200603485,0.8591488599777222,-0.9545794725418091,-0.21818308532238007,0.8237966895103455,-0.7156832814216614,-0.24204634130001068,0.15503107011318207,-0.9621729850769043,-0.1281997114419937,0.7276812791824341,-1.2439818382263184,-0.2514401972293854,0.8802878260612488,-0.9675694108009338,-0.2479778677225113,0.8620006442070007,-0.7240574955940247,-0.21245650947093964,0.27259019017219543,-0.873120129108429,-0.22778739035129547,0.7494754195213318,-1.089929223060608,-0.29883065819740295,0.8931975364685059,-0.8973779678344727,-0.2640189826488495,0.9060470461845398,-0.691146969795227,-0.21689936518669128
0.0,0.0,0.0,0.4104551374912262,-0.13434314727783203,0.006633069831877947,0.6694843173027039,-0.32268309593200684,-0.05118650197982788,0.8862138390541077,-0.4814446270465851,-0.15012741088867188,0.9565525650978088,-0.6739048957824707,-0.22296135127544403,0.21008512377738953,-0.9611706137657166,0.042573481798172,0.7150357961654663,-1.1721245050430298,-0.10502126067876816,0.8614917397499084,-0.9148275852203369,-0.21622002124786377,0.8179609775543213,-0.681148111820221,-0.26497986912727356,0.14560401439666748,-0.9885939955711365,-0.03848843276500702,0.7208777666091919,-1.2334271669387817,-0.15390925109386444,0.8753819465637207,-0.9368464350700378,-0.20573975145816803,0.8250910043716431,-0.6944752931594849,-0.22176969051361084,0.16862718760967255,-0.9622803926467896,-0.1355506330728531,0.7433484792709351,-1.2509244680404663,-0.25844594836235046,0.8875592947006226,-0.9602512717247009,-0.24488162994384766,0.8518101572990417,-0.7113014459609985,-0.2025654911994934,0.26685017347335815,-0.8750752210617065,-0.23527328670024872,0.7519319653511047,-1.0986672639846802,-0.31118500232696533,0.8885076642036438,-0.8972151279449463,-0.27401432394981384,0.8799893260002136,-0.6850179433822632,-0.22465142607688904
0.0,0.0,0.0,0.4243346154689789,-0.11328455805778503,0.0037831617519259453,0.6710265874862671,-0.2685554623603821,-0.05871262773871422,0.8756920099258423,-0.41847360134124756,-0.17083454132080078,0.9422957897186279,-0.6331909894943237,-0.2576633393764496,0.21673989295959473,-0.9495140314102173,0.09430842846632004,0.6796947121620178,-1.1594284772872925,-0.0658690333366394,0.841720461845398,-0.9265248775482178,-0.19586803019046783,0.8092057108879089,-0.6823035478591919,-0.2521892189979553,0.16675499081611633,-0.9859657287597656,0.008017162792384624,0.7010255455970764,-1.218164086341858,-0.11715345084667206,0.8727718591690063,-0.9446460008621216,-0.18668115139007568,0.8374497294425964,-0.6913012266159058,-0.21188919246196747,0.19280506670475006,-0.9714388251304626,-0.10179886966943741,0.7407514452934265,-1.2275652885437012,-0.2330615520477295,0.8959019780158997,-0.948112964630127,-0.2330590784549713,0.8672763109207153,-0.6911198496818542,-0.19638592004776,0.2910615801811218,-0.8965029716491699,-0.2165435254573822,0.7658990621566772,-1.0983668565750122,-0.2953783869743347,0.9117552042007446,-0.9083796739578247,-0.26266494393348694,0.9081719517707825,-0.6902908682823181,-0.21458721160888672
0.0,0.0,0.0,0.4382372498512268,-0.11318617314100266,0.05413142219185829,0.6781868934631348,-0.27508091926574707,0.022242330014705658,0.8861753940582275,-0.4172772169113159,-0.06928183138370514,0.9426501393318176,-0.6180951595306396,-0.13932199776172638,0.2277284562587738,-0.9471704959869385,0.16848497092723846,0.6589728593826294,-1.158305287361145,0.04013931378722191,0.8212558031082153,-0.9257009029388428,-0.07735242694616318,0.788611114025116,-0.6886191368103027,-0.1302395761013031,0.17120055854320526,-0.9832206964492798,0.06298837810754776,0.6841832399368286,-1.2245001792907715,-0.029601700603961945,0.8560442328453064,-0.9498293995857239,-0.09281090646982193,0.8124874234199524,-0.704551637172699,-0.1194213405251503,0.19217737019062042,-0.9669743180274963,-0.0628545880317688,0.7298168540000916,-1.2431533336639404,-0.17195244133472443,0.8845086693763733,-0.953042209148407,-0.16957418620586395,0.8435320854187012,-0.6968585848808289,-0.1358433961868286,0.28598302602767944,-0.8881646990776062,-0.18960730731487274,0.7610737085342407,-1.1054843664169312,-0.254919171333313,0.9044581055641174,-0.9074754118919373,-0.21639619767665863,0.8920153379440308,-0.6903792023658752,-0.1674463003873825
0.0,0.0,0.0,0.4340072572231293,-0.09756941348314285,0.08577907085418701,0.6794943809509277,-0.2759454846382141,0.08352947235107422,0.9023414850234985,-0.4180734157562256,0.01470994297415018,0.9713814854621887,-0.6065616011619568,-0.03526812791824341,0.2662120759487152,-0.9289430975914001,0.23554539680480957,0.6675418615341187,-1.1284005641937256,0.1303255707025528,0.8255488872528076,-0.9072397947311401,0.023236557841300964,0.7893896102905273,-0.6727518439292908,-0.022973956540226936,0.20522478222846985,-0.9714083671569824,0.1193670704960823,0.6877208352088928,-1.1865766048431396,0.04772791638970375,0.8519316911697388,-0.9224632382392883,-0.012015024200081825,0.8027761578559875,-0.6859486699104309,-0.0369999073445797,0.2129507064819336,-0.9548863768577576,-0.017528723925352097,0.7318333983421326,-1.2037229537963867,-0.114316426217556,0.8813950419425964,-0.9177504777908325,-0.11585893481969833,0.8368494510650635,-0.6677907109260559,-0.08451761305332184,0.28945955634117126,-0.8735093474388123,-0.15332138538360596,0.7529669404029846,-1.0919687747955322,-0.21196958422660828,0.8986153602600098,-0.9001193642616272,-0.17359785735607147,0.8883253931999207,-0.6810178160667419,-0.12484898418188095
0.0,0.0,0.0,0.4429005980491638,-0.09724237024784088,0.09486255049705505,0.7022271156311035,-0.24873048067092896,0.09911314398050308,0.9294223785400391,-0.38339003920555115,0.02498532645404339,1.0292075872421265,-0.6002926826477051,-0.03357458487153053,0.3859851658344269,-0.8585930466651917,0.3280995786190033,0.6981133818626404,-1.080645203590393,0.24819862842559814,0.8579981327056885,-0.8948690295219421,0.14866945147514343,0.8493328094482422,-0.6808590888977051,0.10118002444505692,0.3217011094093323,-0.9259005188941956,0.19803199172019958,0.6992697715759277,-1.2075796127319336,0.1226956769824028,0.8653355836868286,-0.9724607467651367,0.03297697380185127,0.8268548846244812,-0.726946234703064,-0.009182422421872616,0.2991921603679657,-0.9548400044441223,0.042468417435884476,0.7292124629020691,-1.259134292602539,-0.0651758685708046,0.8890635371208191,-0.9837270379066467,-0.09734673798084259,0.8443504571914673,-0.717333972454071,-0.08361033350229263,0.32955968379974365,-0.9222761392593384,-0.1115349605679512,0.7707348465919495,-1.1477292776107788,-0.18498879671096802,0.9158970713615417,-0.9462028741836548,-0.16572993993759155,0.877363383769989,-0.705924391746521,-0.13010576367378235
0.0,0.0,0.0,0.4494263827800751,-0.06324166804552078,0.07939200848340988,0.7350639700889587,-0.23480001091957092,0.06796959042549133,0.9678290486335754,-0.363188773393631,-0.018502717837691307,1.0094096660614014,-0.5792021155357361,-0.09020496159791946,0.468548059463501,-0.8572381138801575,0.25486671924591064,0.7714478969573975,-1.1275544166564941,0.14130371809005737,0.9397957921028137,-0.9222961068153381,0.028134366497397423,0.9092181921005249,-0.6909331679344177,-0.02265852876007557,0.3919340670108795,-0.9118524193763733,0.1221185028553009,0.773335337638855,-1.2287977933883667,0.016221240162849426,0.9380351901054382,-0.9563192129135132,-0.08116862922906876,0.8696902394294739,-0.7142812013626099,-0.12548598647117615,0.34734493494033813,-0.9377729892730713,-0.03489502891898155,0.7731986045837402,-1.2731621265411377,-0.1526680439710617,0.9465910196304321,-0.9830673933029175,-0.1836298704147339,0.8838168978691101,-0.7210668325424194,-0.17289552092552185,0.34324029088020325,-0.9018006920814514,-0.19231756031513214,0.7667332887649536,-1.1446138620376587,-0.27393773198127747,0.9357430338859558,-0.9467839002609253,-0.26088300347328186,0.9015110731124878,-0.7188995480537415,-0.2336483597755432
0.0,0.0,0.0,0.4524328410625458,-0.08105955272912979,0.05805640295147896,0.7299690842628479,-0.25168824195861816,0.03401772305369377,0.9601511359214783,-0.3879868686199188,-0.05704024061560631,1.010175347328186,-0.614653468132019,-0.12940716743469238,0.42852792143821716,-0.8756757378578186,0.22214172780513763,0.7489593029022217,-1.1162611246109009,0.1016077846288681,0.9153751134872437,-0.9002058506011963,-0.014481144957244396,0.8837943077087402,-0.6665259003639221,-0.06664538383483887,0.3480508327484131,-0.9317184686660767,0.10373706370592117,0.7474779486656189,-1.2117727994918823,-0.004957201424986124,0.9163184762001038,-0.9484135508537292,-0.09937760978937149,0.8598842620849609,-0.7064031958580017,-0.14237047731876373,0.30323326587677,-0.9451855421066284,-0.038980137556791306,0.7460749745368958,-1.2506678104400635,-0.15840598940849304,0.9211501479148865,-0.9680538177490234,-0.1856326013803482,0.8727946877479553,-0.7100574374198914,-0.17359457910060883,0.30544397234916687,-0.8906345963478088,-0.18326424062252045,0.7555210590362549,-1.0859594345092773,-0.267912358045578,0.9205338358879089,-0.8917775750160217,-0.2552887201309204,0.8942708373069763,-0.6767204403877258,-0.2269781231880188
0.0,0.0,0.0,0.44067174196243286,-0.0711124986410141,0.053616855293512344,0.7142357230186462,-0.24670231342315674,0.02622031234204769,0.9436219930648804,-0.38619527220726013,-0.06631596386432648,0.9672523736953735,-0.5977054834365845,-0.13981260359287262,0.3969743251800537,-0.889278769493103,0.1977960616350174,0.7499642968177795,-1.1387089490890503,0.07333354651927948,0.8976203203201294,-0.8960404992103577,-0.04720243439078331,0.8378633260726929,-0.6572782397270203,-0.10533849149942398,0.3176894783973694,-0.944799542427063,0.08016994595527649,0.7616267204284668,-1.2229973077774048,-0.026408161967992783,0.9088035225868225,-0.9301955699920654,-0.12193059176206589,0.8169456720352173,-0.6983398199081421,-0.16983215510845184,0.2840322256088257,-0.9525960683822632,-0.05962313711643219,0.7696956992149353,-1.2560573816299438,-0.17441792786121368,0.9242292642593384,-0.9524794220924377,-0.20001807808876038,0.844633936882019,-0.7031992077827454,-0.19152550399303436,0.3021586537361145,-0.8908455967903137,-0.20103591680526733,0.7794163823127747,-1.0764671564102173,-0.2830505073070526,0.9182766675949097,-0.8595204949378967,-0.26824840903282166,0.8576127886772156,-0.6430257558822632,-0.24204450845718384
0.0,0.0,0.0,0.4441733658313751,-0.07041306793689728,0.0535268671810627,0.7208276987075806,-0.23855188488960266,0.02391756884753704,0.956174910068512,-0.376169353723526,-0.07175418734550476,1.0110011100769043,-0.5993847250938416,-0.14705054461956024,0.41649526357650757,-0.8822535276412964,0.20105165243148804,0.7601472735404968,-1.13798189163208,0.08093827962875366,0.9231476783752441,-0.9086981415748596,-0.029808195307850838,0.8719379901885986,-0.6667355298995972,-0.07853501290082932,0.33781448006629944,-0.9375914931297302,0.08248450607061386,0.7675437331199646,-1.2281287908554077,-0.02728506177663803,0.9223037362098694,-0.9464868307113647,-0.1192522943019867,0.8374680280685425,-0.7083116769790649,-0.16131186485290527,0.29940181970596313,-0.9516244530677795,-0.0586092583835125,0.7696102261543274,-1.2664927244186401,-0.1775372177362442,0.9307214021682739,-0.9680037498474121,-0.2012108713388443,0.8564881682395935,-0.7114174962043762,-0.18824362754821777,0.3083338141441345,-0.8986511826515198,-0.20107679069042206,0.7782115340232849,-1.097812294960022,-0.2842486500740051,0.9297856092453003,-0.8899143934249878,-0.26710134744644165,0.877195417881012,-0.6713262796401978,-0.23704476654529572
0.0,0.0,0.0,0.4440652132034302,-0.06063001602888107,0.05587885156273842,0.7201001048088074,-0.236489400267601,0.03833591565489769,0.9602683186531067,-0.3872290551662445,-0.05187701806426048,1.0426039695739746,-0.6423286199569702,-0.1262517124414444,0.4785503149032593,-0.8351593613624573,0.26805761456489563,0.7576079368591309,-1.1227612495422363,0.15905779600143433,0.9213888645172119,-0.9117635488510132,0.041471581906080246,0.8850395083427429,-0.6893272995948792,-0.015279128216207027,0.4115830957889557,-0.8999141454696655,0.144062340259552,0.755090594291687,-1.2295751571655273,0.03273971751332283,0.9230764508247375,-0.9571253061294556,-0.08645417541265488,0.8566932678222656,-0.716107189655304,-0.14700326323509216,0.3441820442676544,-0.9413968920707703,-0.007715846877545118,0.7357982397079468,-1.2792237997055054,-0.13243943452835083,0.9172747135162354,-0.9893239140510559,-0.18754421174526215,0.8566505908966064,-0.7227423191070557,-0.1937415450811386,0.2946425676345825,-0.9272847175598145,-0.1609862893819809,0.719929039478302,-1.1559573411941528,-0.2514481246471405,0.9059848189353943,-0.9571377038955688,-0.255025714635849,0.8748733401298523,-0.7279407382011414,-0.24056804180145264
0.0,0.0,0.0,0.4313719570636749,-0.09146425873041153,0.08486021310091019,0.7080217003822327,-0.26008009910583496,0.07923688739538193,0.9378051161766052,-0.3906784653663635,0.0026214905083179474,0.9744677543640137,-0.6058989763259888,-0.057514697313308716,0.4484535753726959,-0.8686540126800537,0.2603319585323334,0.7319485545158386,-1.1361091136932373,0.14383243024349213,0.8833767771720886,-0.921858012676239,0.0240115225315094,0.8469078540802002,-0.6906386613845825,-0.03161999583244324,0.37305498123168945,-0.9185286164283752,0.13090106844902039,0.7310593128204346,-1.2099993228912354,0.02705542743206024,0.8859043717384338,-0.9475536942481995,-0.07185624539852142,0.8229986429214478,-0.7097536325454712,-0.11839157342910767,0.31433528661727905,-0.9307450652122498,-0.02217736467719078,0.7279791831970215,-1.2391915321350098,-0.13142862915992737,0.8926376104354858,-0.9601126313209534,-0.15968270599842072,0.841961681842804,-0.7122310400009155,-0.1501820683479309,0.2865335941314697,-0.8768787384033203,-0.17557382583618164,0.7099084854125977,-1.071062684059143,-0.25430572032928467,0.8679899573326111,-0.8712644577026367,-0.24210859835147858,0.8385356068611145,-0.6583861112594604,-0.2149541676044464
0.0,0.0,0.0,0.4363202750682831,-0.1074676439166069,0.09737715870141983,0.7207286357879639,-0.2799075245857239,0.08036894351243973,0.9393842220306396,-0.40192872285842896,-0.0016639715759083629,0.9120041131973267,-0.5554273724555969,-0.066550113260746,0.3691002130508423,-0.9335299730300903,0.16748756170272827,0.7214472889900208,-1.1859084367752075,0.03489525616168976,0.8927464485168457,-0.9418091773986816,-0.08188628405332565,0.8579444885253906,-0.6993692517280579,-0.13518303632736206,0.27558577060699463,-0.9607768654823303,0.03098791278898716,0.7232328653335571,-1.224981665611267,-0.07192091643810272,0.8976269364356995,-0.936670184135437,-0.14279155433177948,0.8290823698043823,-0.7007685303688049,-0.17485962808132172,0.23971660435199738,-0.9383085370063782,-0.12070465832948685,0.71793133020401,-1.2360873222351074,-0.22225704789161682,0.8860435485839844,-0.9498279690742493,-0.21649859845638275,0.8339149355888367,-0.7133276462554932,-0.18941712379455566,0.26126328110694885,-0.84271639585495,-0.27130213379859924,0.7045120596885681,-1.045213222503662,-0.33300748467445374,0.8413006067276001,-0.842109203338623,-0.29463401436805725,0.8076089024543762,-0.6331566572189331,-0.2530136704444885
0.0,0.0,0.0,0.42652377486228943,-0.10007833689451218,0.08010213077068329,0.7172386050224304,-0.2559083104133606,0.048897843807935715,0.9472417235374451,-0.3661213219165802,-0.043434515595436096,0.9525812268257141,-0.5302785634994507,-0.1165526881814003,0.36206838488578796,-0.9362862706184387,0.1500200778245926,0.7304105162620544,-1.1801542043685913,0.01603827439248562,0.9117137789726257,-0.931797444820404,-0.10050053149461746,0.8779457807540894,-0.6904289126396179,-0.15296366810798645,0.2780289351940155,-0.9603158831596375,0.022208865731954575,0.7368340492248535,-1.215685248374939,-0.07590007781982422,0.9187904000282288,-0.9292559623718262,-0.14317183196544647,0.8553473353385925,-0.6951330900192261,-0.1754782348871231,0.24583099782466888,-0.9323776960372925,-0.12186650931835175,0.738173246383667,-1.2137420177459717,-0.21830938756465912,0.9090605974197388,-0.9305906295776367,-0.20769426226615906,0.8588024377822876,-0.6962013840675354,-0.17959018051624298,0.2692289352416992,-0.8293970823287964,-0.2664929926395416,0.7243127226829529,-1.018301248550415,-0.32394295930862427,0.8640441298484802,-0.8244436979293823,-0.28366532921791077,0.8285285830497742,-0.6260493993759155,-0.24137400090694427
0.0,0.0,0.0,0.4437248706817627,-0.07721137255430222,0.06316138058900833,0.7449163198471069,-0.22672192752361298,0.027516616508364677,0.9939666390419006,-0.34598228335380554,-0.07401136308908463,1.006045937538147,-0.5476145148277283,-0.15812528133392334,0.41969072818756104,-0.8971933126449585,0.18948766589164734,0.7650683522224426,-1.162188172340393,0.05649792030453682,0.9433663487434387,-0.9448328614234924,-0.0694887712597847,0.9151753783226013,-0.7055429220199585,-0.12777084112167358,0.3300904631614685,-0.9415267109870911,0.06758561730384827,0.7532975077629089,-1.2349132299423218,-0.036553751677274704,0.941470742225647,-0.9729492664337158,-0.1251804679632187,0.8999767899513245,-0.7398970723152161,-0.16952012479305267,0.28325164318084717,-0.937315046787262,-0.07606423646211624,0.7417151927947998,-1.2481235265731812,-0.18050415813922882,0.9426000714302063,-0.9832234382629395,-0.19972476363182068,0.9173023104667664,-0.7377105951309204,-0.19010651111602783,0.290291428565979,-0.8576985597610474,-0.2219189554452896,0.7439649701118469,-1.0452978610992432,-0.2915686368942261,0.9138308763504028,-0.8610812425613403,-0.2748216390609741,0.8963263630867004,-0.6534723043441772,-0.24900732934474945
0.0,0.0,0.0,0.43640246987342834,-0.07506060600280762,0.06822946667671204,0.7309799790382385,-0.23529019951820374,0.03883904218673706,0.9698590040206909,-0.3680846095085144,-0.055678702890872955,0.9613791704177856,-0.5683375000953674,-0.13360770046710968,0.423942506313324,-0.8934094905853271,0.19328513741493225,0.7540122866630554,-1.167447805404663,0.07944396883249283,0.9302696585655212,-0.9655634760856628,-0.031785864382982254,0.9072357416152954,-0.7462381720542908,-0.08404979109764099,0.33180031180381775,-0.9405219554901123,0.07298681139945984,0.7397055625915527,-1.2521452903747559,-0.013482555747032166,0.9204379916191101,-1.0011053085327148,-0.09180449694395065,0.8740047812461853,-0.7846149206161499,-0.13234169781208038,0.28444990515708923,-0.9411900639533997,-0.0667184367775917,0.7265226244926453,-1.2651089429855347,-0.15380901098251343,0.923634946346283,-1.010507583618164,-0.1657983958721161,0.8926386833190918,-0.7756707668304443,-0.15557679533958435,0.2865827977657318,-0.8686784505844116,-0.20855797827243805,0.724234938621521,-1.0804508924484253,-0.2670458257198334,0.902962327003479,-0.9103264808654785,-0.2466133087873459,0.8902264833450317,-0.7125003933906555,-0.22068095207214355
0.0,0.0,0.0,0.4351177215576172,-0.061241861432790756,0.05322921648621559,0.7357494831085205,-0.21895773708820343,0.01311306282877922,0.9818774461746216,-0.3500845730304718,-0.08835701644420624,0.9786346554756165,-0.557919979095459,-0.1700851321220398,0.40831929445266724,-0.9010412693023682,0.16345597803592682,0.7573331594467163,-1.1658958196640015,0.04549281299114227,0.9396072626113892,-0.9494600296020508,-0.061917781829833984,0.9090469479560852,-0.7211951017379761,-0.11077077686786652,0.31957149505615234,-0.9462826251983643,0.0492260567843914,0.752955436706543,-1.2487444877624512,-0.040882665663957596,0.9365262389183044,-0.9807195663452148,-0.11627700924873352,0.8823670148849487,-0.7643691897392273,-0.15530049800872803,0.28298553824424744,-0.9439938068389893,-0.08403318375349045,0.7489202618598938,-1.256376028060913,-0.17469173669815063,0.9434056282043457,-0.9885632991790771,-0.18277907371520996,0.9007937908172607,-0.754886269569397,-0.17079536616802216,0.30004873871803284,-0.865760862827301,-0.22024190425872803,0.7624515295028687,-1.06486976146698,-0.2799690365791321,0.9304116368293762,-0.8831284642219543,-0.2576305568218231,0.8980978727340698,-0.6846051812171936,-0.2315301150083542
0.0,0.0,0.0,0.43982914090156555,-0.06102357432246208,0.060428258031606674,0.7386590242385864,-0.2180831879377365,0.025203758850693703,0.9837188720703125,-0.352400004863739,-0.07533585280179977,0.972930908203125,-0.5588254332542419,-0.15754860639572144,0.41456761956214905,-0.8909797072410583,0.19656115770339966,0.7494310140609741,-1.1516923904418945,0.08019834756851196,0.9264363050460815,-0.9426616430282593,-0.03132699057459831,0.8960503339767456,-0.7134536504745483,-0.08272900432348251,0.32563814520835876,-0.9422549605369568,0.07820026576519012,0.7451784610748291,-1.2384010553359985,-0.010264352895319462,0.9237836599349976,-0.9792441129684448,-0.08708200603723526,0.8705608248710632,-0.760210394859314,-0.12525202333927155,0.28720036149024963,-0.9444340467453003,-0.06161777675151825,0.7438252568244934,-1.2558062076568604,-0.15318424999713898,0.9369125962257385,-0.9884893298149109,-0.1613249033689499,0.8986377716064453,-0.7509216070175171,-0.1475783735513687,0.3011050820350647,-0.8703902363777161,-0.20455767214298248,0.7565218806266785,-1.0610365867614746,-0.267642080783844,0.9286089539527893,-0.8798940181732178,-0.24676457047462463,0.907058596611023,-0.6800506711006165,-0.2198287695646286
0.0,0.0,0.0,0.4426954984664917,-0.06513933837413788,0.04512486234307289,0.748858630657196,-0.2198408991098404,0.001106227864511311,0.9822854399681091,-0.36426886916160583,-0.10398396849632263,0.9463682174682617,-0.5610129237174988,-0.18888744711875916,0.4176550507545471,-0.8904393911361694,0.17387518286705017,0.7595068216323853,-1.1216591596603394,0.05193484574556351,0.9142807126045227,-0.9041675925254822,-0.0605313777923584,0.8644900918006897,-0.6763730049133301,-0.11225856840610504,0.32214048504829407,-0.9446635842323303,0.06193795055150986,0.7467547655105591,-1.2059370279312134,-0.02987315133213997,0.9024202823638916,-0.9387049078941345,-0.10578914731740952,0.8363093733787537,-0.7263252139091492,-0.1434028595685959,0.28372955322265625,-0.9461910724639893,-0.07149558514356613,0.7459997534751892,-1.226955533027649,-0.16783484816551208,0.9144512414932251,-0.9576177597045898,-0.17523141205310822,0.8649614453315735,-0.7278880476951599,-0.1605859249830246,0.29812344908714294,-0.8693945407867432,-0.20902514457702637,0.7626686692237854,-1.0444331169128418,-0.27547478675842285,0.9248635768890381,-0.8571237325668335,-0.2546555697917938,0.9039438962936401,-0.657467782497406,-0.22716021537780762
0.0,0.0,0.0,0.4324549734592438,-0.057211317121982574,0.048828475177288055,0.7406463623046875,-0.2115338295698166,0.00734968576580286,0.9801709055900574,-0.3551439344882965,-0.09384387731552124,0.9468298554420471,-0.5424231290817261,-0.17513492703437805,0.4370177984237671,-0.8846164345741272,0.1582668572664261,0.7803941965103149,-1.1236385107040405,0.04554364085197449,0.9236207604408264,-0.90117347240448,-0.05567273497581482,0.8602107167243958,-0.6806877851486206,-0.10194982588291168,0.3413717448711395,-0.9388192296028137,0.045649297535419464,0.7612910270690918,-1.210867166519165,-0.03803838789463043,0.908757209777832,-0.9398245811462402,-0.1060444712638855,0.8297674059867859,-0.7345840930938721,-0.14149053394794464,0.29874342679977417,-0.9394073486328125,-0.08582092076539993,0.7597611546516418,-1.2280516624450684,-0.17533250153064728,0.9198168516159058,-0.9595352411270142,-0.17830783128738403,0.8563368916511536,-0.7381982207298279,-0.16349217295646667,0.3049572706222534,-0.8621992468833923,-0.22048921883106232,0.7720421552658081,-1.04843008518219,-0.28241321444511414,0.9310575723648071,-0.8657342791557312,-0.259491890668869,0.9008104801177979,-0.6730329990386963,-0.23266921937465668
0.0,0.0,0.0,0.44083839654922485,-0.0594695620238781,0.03748658299446106,0.7511488795280457,-0.2132640928030014,-0.010553144849836826,0.9915937781333923,-0.3607037365436554,-0.11933619529008865,0.9553000926971436,-0.5625548958778381,-0.20823265612125397,0.4281962513923645,-0.885176420211792,0.1707538664340973,0.7617011070251465,-1.1248372793197632,0.04876486212015152,0.9243111610412598,-0.9138392210006714,-0.06391002982854843,0.8836023807525635,-0.6879487037658691,-0.11571859568357468,0.3328605890274048,-0.9408931732177734,0.06264130771160126,0.7533020377159119,-1.2169668674468994,-0.031429048627614975,0.9158592820167542,-0.9534626603126526,-0.1092289611697197,0.856448769569397,-0.7434633374214172,-0.14720626175403595,0.29352661967277527,-0.9446874856948853,-0.06758643686771393,0.7518136501312256,-1.2369221448898315,-0.16551783680915833,0.9316673874855042,-0.9695816040039062,-0.17626814544200897,0.8893753290176392,-0.7380982637405396,-0.16311143338680267,0.3061886429786682,-0.8693172335624695,-0.20249424874782562,0.76897132396698,-1.0493624210357666,-0.26952606439590454,0.9405565857887268,-0.8689678907394409,-0.25226858258247375,0.9265680313110352,-0.6730393171310425,-0.22737418115139008
0.0,0.0,0.0,0.4412434697151184,-0.05408861115574837,0.04920624569058418,0.7483235597610474,-0.20391696691513062,0.008413554169237614,0.9918918609619141,-0.3526105284690857,-0.09562431275844574,0.959876298904419,-0.5511914491653442,-0.18070565164089203,0.44799140095710754,-0.868865430355072,0.18160544335842133,0.7905656695365906,-1.1184247732162476,0.0624840222299099,0.9435087442398071,-0.8997429013252258,-0.0488169826567173,0.8834640383720398,-0.6721726655960083,-0.10088478028774261,0.3569861948490143,-0.9317485094070435,0.06637509167194366,0.7837209105491638,-1.2113497257232666,-0.023355863988399506,0.9362120628356934,-0.9373815059661865,-0.1001417264342308,0.858428418636322,-0.7266805171966553,-0.1396200954914093,0.3130342960357666,-0.9429946541786194,-0.07053123414516449,0.7810665965080261,-1.231587290763855,-0.16627657413482666,0.9465701580047607,-0.9548407793045044,-0.17643432319164276,0.8846187591552734,-0.7251120209693909,-0.16471107304096222,0.3132098913192749,-0.8752337694168091,-0.21114987134933472,0.7814586162567139,-1.053967833518982,-0.2772081792354584,0.9503471851348877,-0.8641877770423889,-0.2583317756652832,0.926719605922699,-0.6635519862174988,-0.2337353378534317
0.0,0.0,0.0,0.4466002583503723,-0.051624588668346405,0.055960994213819504,0.7552235722541809,-0.19748225808143616,0.019538724794983864,0.9996213316917419,-0.3399159908294678,-0.08118490129709244,0.9657818078994751,-0.537039041519165,-0.16376538574695587,0.4634144902229309,-0.8630455136299133,0.19722962379455566,0.7903916239738464,-1.1026805639266968,0.0880608782172203,0.941472589969635,-0.8865528106689453,-0.0176753718405962,0.8894745707511902,-0.6649228930473328,-0.0674281045794487,0.3741459548473358,-0.9237827062606812,0.08148767799139023,0.7799803018569946,-1.1987959146499634,-0.0012874361127614975,0.9279319047927856,-0.9309162497520447,-0.07601503282785416,0.8544059991836548,-0.7224372029304504,-0.1139134094119072,0.3304838538169861,-0.9342371225357056,-0.05523070693016052,0.7800407409667969,-1.2210371494293213,-0.14490140974521637,0.947454035282135,-0.9518615007400513,-0.1538139134645462,0.8926013112068176,-0.7245463728904724,-0.14119282364845276,0.3305618464946747,-0.8656405210494995,-0.1951342523097992,0.7846035361289978,-1.0449845790863037,-0.2580368220806122,0.9522388577461243,-0.8612727522850037,-0.23836183547973633,0.9311943054199219,-0.6644777059555054,-0.21267445385456085
0.0,0.0,0.0,0.43542271852493286,-0.04775305837392807,0.03518679365515709,0.7508518099784851,-0.1971021145582199,-0.008345738984644413,0.9915200471878052,-0.3473042845726013,-0.1113140806555748,0.9549421668052673,-0.5438885688781738,-0.19446690380573273,0.4745052456855774,-0.8590174317359924,0.17113615572452545,0.8006008267402649,-1.0986974239349365,0.0529649555683136,0.9542957544326782,-0.889956533908844,-0.055395785719156265,0.9046080708503723,-0.6674883365631104,-0.10567498952150345,0.38042351603507996,-0.9225928783416748,0.06403347849845886,0.7812352180480957,-1.2010838985443115,-0.02932976931333542,0.9355147480964661,-0.9399385452270508,-0.1071031391620636,0.8701064586639404,-0.7281579971313477,-0.14575634896755219,0.3308495879173279,-0.9346299767494202,-0.06548281013965607,0.7694075107574463,-1.2272063493728638,-0.16618658602237701,0.9406726360321045,-0.9596978425979614,-0.18098393082618713,0.8930287957191467,-0.7274993658065796,-0.17094586789608002,0.32425159215927124,-0.8671694993972778,-0.19960743188858032,0.7749845385551453,-1.044427752494812,-0.2735309302806854,0.9450295567512512,-0.8588204979896545,-0.26212725043296814,0.9305800199508667,-0.6577199101448059,-0.24124567210674286
0.0,0.0,0.0,0.4393078088760376,-0.0515592060983181,0.05051201209425926,0.7402859926223755,-0.19795480370521545,0.012899307534098625,0.9825352430343628,-0.34057822823524475,-0.08664450794458389,0.9538366198539734,-0.5395330786705017,-0.16791321337223053,0.42596423625946045,-0.8805541396141052,0.19861996173858643,0.757222056388855,-1.1071348190307617,0.090213842689991,0.9251289963722229,-0.9108961820602417,-0.018758583813905716,0.8942549824714661,-0.6995714902877808,-0.07018212974071503,0.3393326997756958,-0.9363548755645752,0.08996052294969559,0.7524171471595764,-1.2017401456832886,0.011469699442386627,0.9189293384552002,-0.957499086856842,-0.05761191248893738,0.8673397302627563,-0.7502008080482483,-0.09067253023386002,0.30406883358955383,-0.9380719661712646,-0.04042898118495941,0.7544273734092712,-1.210913896560669,-0.12362219393253326,0.9326843619346619,-0.9611027836799622,-0.12714704871177673,0.8905190229415894,-0.7368983626365662,-0.10997240990400314,0.3173818588256836,-0.8615586757659912,-0.17525629699230194,0.7676923274993896,-1.033366322517395,-0.23169419169425964,0.9390411972999573,-0.865784227848053,-0.2080700397491455,0.9258098602294922,-0.6745298504829407,-0.17804275453090668
0.0,0.0,0.0,0.44205427169799805,-0.044890593737363815,0.05502927675843239,0.7508499622344971,-0.19009312987327576,0.016685977578163147,1.0053119659423828,-0.33211466670036316,-0.08765842765569687,0.9765370488166809,-0.5316829085350037,-0.17387773096561432,0.4435144066810608,-0.8685749173164368,0.21465806663036346,0.7810924053192139,-1.1043134927749634,0.10432109236717224,0.9475481510162354,-0.9011706113815308,-0.0059188553132116795,0.906610906124115,-0.6768215298652649,-0.056927599012851715,0.35798168182373047,-0.9283060431480408,0.1004847064614296,0.7809369564056396,-1.2026783227920532,0.01817166991531849,0.9456247091293335,-0.9446923136711121,-0.05567576363682747,0.8868263363838196,-0.7326163053512573,-0.09070185571908951,0.32036903500556946,-0.9372514486312866,-0.036404356360435486,0.7826607823371887,-1.2219542264938354,-0.12389717996120453,0.9636659622192383,-0.9557323455810547,-0.13059934973716736,0.9171923995018005,-0.7221580147743225,-0.11479173600673676,0.3300110101699829,-0.8685879707336426,-0.17746029794216156,0.7941733598709106,-1.041634440422058,-0.23478743433952332,0.9687936305999756,-0.8650429248809814,-0.21232382953166962,0.9525303840637207,-0.6710492372512817,-0.18401923775672913
0.0,0.0,0.0,0.44677498936653137,-0.05079185962677002,0.07011733204126358,0.7484448552131653,-0.19496768712997437,0.04276568442583084,1.0041675567626953,-0.330371618270874,-0.05293061211705208,0.9777259230613708,-0.5189629197120667,-0.13219842314720154,0.43364813923835754,-0.8727683424949646,0.22387351095676422,0.7756574153900146,-1.112830638885498,0.12415575236082077,0.9376292824745178,-0.8967669606208801,0.022817863151431084,0.8945860266685486,-0.6794869303703308,-0.023974375799298286,0.35465943813323975,-0.9291707277297974,0.10420412570238113,0.7791049480438232,-1.1996803283691406,0.02857743389904499,0.9385996460914612,-0.932063639163971,-0.04133931174874306,0.8701995015144348,-0.7217201590538025,-0.07407140731811523,0.3213369846343994,-0.9333924651145935,-0.036018822342157364,0.7842783331871033,-1.2192292213439941,-0.11785425245761871,0.9608425498008728,-0.9472818374633789,-0.12233226746320724,0.9073871970176697,-0.714984118938446,-0.10457101464271545,0.3327275514602661,-0.8611950874328613,-0.17889830470085144,0.7866881489753723,-1.045684814453125,-0.2348174750804901,0.9527702331542969,-0.8623888492584229,-0.20953314006328583,0.926233172416687,-0.66070157289505,-0.17822027206420898
0.0,0.0,0.0,0.4420129358768463,-0.05185934528708458,0.07013384997844696,0.7440664172172546,-0.19588348269462585,0.04346160218119621,1.0012848377227783,-0.32873964309692383,-0.05187646672129631,0.9910134077072144,-0.528170645236969,-0.12856771051883698,0.4477337598800659,-0.865254282951355,0.22785110771656036,0.7965099215507507,-1.1154286861419678,0.12333940714597702,0.9544680714607239,-0.8981178402900696,0.019460022449493408,0.8992986679077148,-0.6714687943458557,-0.026928994804620743,0.3673875033855438,-0.9237918853759766,0.10786618292331696,0.7899386882781982,-1.2098129987716675,0.027504155412316322,0.9442135095596313,-0.9414255023002625,-0.045642830431461334,0.8667728900909424,-0.7258429527282715,-0.079702228307724,0.3318346440792084,-0.9342369437217712,-0.03365397825837135,0.7950518131256104,-1.231684684753418,-0.11967741698026657,0.9650450944900513,-0.9550822973251343,-0.1256592571735382,0.9026146531105042,-0.7182441353797913,-0.10793855041265488,0.34405121207237244,-0.8710127472877502,-0.17778560519218445,0.8011870384216309,-1.059184193611145,-0.2346266657114029,0.9603764414787292,-0.8718418478965759,-0.20932447910308838,0.9220390319824219,-0.6686478853225708,-0.1779283583164215
0.0,0.0,0.0,0.4505380690097809,-0.058335740119218826,0.0937126874923706,0.7332162857055664,-0.20344890654087067,0.08294245600700378,0.9799954891204834,-0.3273909091949463,-0.0024047154001891613,0.9801453948020935,-0.5148040056228638,-0.07260949909687042,0.45144253969192505,-0.8613680601119995,0.2636811137199402,0.7823287844657898,-1.112837553024292,0.16824927926063538,0.923134982585907,-0.8877032399177551,0.06526082009077072,0.8580829501152039,-0.6688060760498047,0.017069272696971893,0.37408241629600525,-0.9178913235664368,0.13243047893047333,0.7806565761566162,-1.2019931077957153,0.06093892827630043,0.9210641384124756,-0.9300671815872192,-0.014353511855006218,0.8340537548065186,-0.7216955423355103,-0.05164089798927307,0.33275339007377625,-0.9265428185462952,-0.019474126398563385,0.7852327227592468,-1.2186425924301147,-0.10024791955947876,0.9414734840393066,-0.9377416372299194,-0.10967729985713959,0.868196427822113,-0.7075826525688171,-0.09494171291589737,0.33454635739326477,-0.8636845946311951,-0.17192964255809784,0.7820049524307251,-1.0501006841659546,-0.22527121007442474,0.9248559474945068,-0.8543142080307007,-0.1978827565908432,0.8711419701576233,-0.6516771912574768,-0.16577355563640594
0.0,0.0,0.0,0.453824907541275,-0.0638289675116539,0.13746438920497894,0.7359464168548584,-0.2093323916196823,0.14589299261569977,0.9907121062278748,-0.32175979018211365,0.07366012781858444,1.0003812313079834,-0.5061760544776917,0.014121582731604576,0.42651742696762085,-0.8734216094017029,0.2991349399089813,0.764807939529419,-1.1206146478652954,0.21362723410129547,0.9317401647567749,-0.911104142665863,0.11279881000518799,0.8934739828109741,-0.6832738518714905,0.06547721475362778,0.3561176061630249,-0.9221895933151245,0.15081971883773804,0.7747510075569153,-1.1996549367904663,0.08927815407514572,0.9430549144744873,-0.9486569166183472,0.014811970293521881,0.8796043395996094,-0.7242386341094971,-0.02461283653974533,0.32432419061660767,-0.9226958751678467,-0.014499341137707233,0.7841561436653137,-1.2198699712753296,-0.08229660242795944,0.9615846276283264,-0.9535155296325684,-0.08966612815856934,0.906437873840332,-0.7167876958847046,-0.07747591286897659,0.34205639362335205,-0.851839542388916,-0.17703905701637268,0.7916365265846252,-1.0395824909210205,-0.2192808836698532,0.9428603053092957,-0.8514720797538757,-0.18844176828861237,0.9015950560569763,-0.6457802057266235,-0.15602543950080872
0.0,0.0,0.0,0.4526032507419586,-0.055989693850278854,0.1359678953886032,0.7404139041900635,-0.20634552836418152,0.14158308506011963,0.9963401556015015,-0.3231605589389801,0.06737484037876129,0.9863762259483337,-0.4943820536136627,0.005180570296943188,0.462599515914917,-0.8632271885871887,0.2876794636249542,0.7847777605056763,-1.1329820156097412,0.20647691190242767,0.9464296698570251,-0.9198918342590332,0.11276716738939285,0.8968578577041626,-0.6958603262901306,0.06915181875228882,0.3904097080230713,-0.9102712273597717,0.1377919763326645,0.7871683835983276,-1.1924834251403809,0.07557610422372818,0.9474549889564514,-0.9289359450340271,0.0037020770832896233,0.8685256242752075,-0.7091254591941833,-0.03425668179988861,0.3444388210773468,-0.9157280325889587,-0.028088310733437538,0.7819807529449463,-1.2144054174423218,-0.09025520086288452,0.9590243697166443,-0.9448096752166748,-0.08995050191879272,0.8940498232841492,-0.7139480113983154,-0.07509458065032959,0.3334963619709015,-0.8536638021469116,-0.19200469553470612,0.7693260908126831,-1.0485748052597046,-0.23417167365550995,0.9319286346435547,-0.8676892518997192,-0.20284691452980042,0.8925845623016357,-0.6705910563468933,-0.17083168029785156
0.0,0.0,0.0,0.45237457752227783,-0.05684397742152214,0.13730110228061676,0.7323130965232849,-0.20378883183002472,0.14377917349338531,0.9840481281280518,-0.3168022632598877,0.07036609202623367,0.9914054274559021,-0.49642619490623474,0.008907441049814224,0.4522123634815216,-0.8631075620651245,0.29225021600723267,0.785322368144989,-1.1255296468734741,0.21532772481441498,0.9401450753211975,-0.9073304533958435,0.12345580756664276,0.8837066292762756,-0.6881003975868225,0.079982228577137,0.3820894956588745,-0.9130231738090515,0.14281560480594635,0.7923970222473145,-1.1872854232788086,0.08828812092542648,0.9434185028076172,-0.9217861294746399,0.01882093958556652,0.8566903471946716,-0.7110678553581238,-0.01962139643728733,0.3398563861846924,-0.9177369475364685,-0.022409280762076378,0.7905398607254028,-1.2068285942077637,-0.07827339321374893,0.9577885866165161,-0.9330983757972717,-0.07574591785669327,0.8838151097297668,-0.7094773650169373,-0.06144803762435913,0.3324175179004669,-0.854705810546875,-0.18555735051631927,0.7736892700195312,-1.0401358604431152,-0.2216310054063797,0.9275193810462952,-0.8537225723266602,-0.18581290543079376,0.8768390417098999,-0.6600643396377563,-0.15196028351783752
0.0,0.0,0.0,0.45142653584480286,-0.06047626584768295,0.15958522260189056,0.7297228574752808,-0.20988701283931732,0.1780664473772049,0.9773334264755249,-0.32206666469573975,0.11380904167890549,0.9844628572463989,-0.49805983901023865,0.06061193346977234,0.4433596432209015,-0.8686319589614868,0.311380535364151,0.7700151801109314,-1.1277236938476562,0.2418554276227951,0.9346979260444641,-0.9225719571113586,0.15466223657131195,0.8931715488433838,-0.7013549208641052,0.11410094052553177,0.37364810705184937,-0.9147480130195618,0.15369874238967896,0.7792757153511047,-1.187982439994812,0.10566898435354233,0.9414097666740417,-0.9335646629333496,0.04195329174399376,0.8667742013931274,-0.7195122838020325,0.007123173680156469,0.334908664226532,-0.9137476682662964,-0.018196936696767807,0.7801547050476074,-1.2036339044570923,-0.07023577392101288,0.9537529945373535,-0.9362882971763611,-0.06623487174510956,0.8886580467224121,-0.7125151753425598,-0.051322001963853836,0.3355056941509247,-0.8433966040611267,-0.18594567477703094,0.7722069621086121,-1.0293859243392944,-0.21800878643989563,0.9261869788169861,-0.8451852202415466,-0.18078984320163727,0.8806281685829163,-0.6506145596504211,-0.14639601111412048
0.0,0.0,0.0,0.45391908288002014,-0.06897284090518951,0.14655128121376038,0.7306663393974304,-0.2170363813638687,0.15675008296966553,0.9767297506332397,-0.32850381731987,0.08551467955112457,0.9870709180831909,-0.5035995841026306,0.025674697011709213,0.43170154094696045,-0.8784120082855225,0.2902936637401581,0.7782741189002991,-1.1432273387908936,0.19900907576084137,0.9340031743049622,-0.9200059175491333,0.09620071947574615,0.8816282153129578,-0.6842358708381653,0.04886005446314812,0.3612702190876007,-0.9225189685821533,0.13580331206321716,0.7880702614784241,-1.2008904218673706,0.06949853897094727,0.9422204494476318,-0.9314495325088501,-0.005243275314569473,0.8592871427536011,-0.7075065970420837,-0.04538973793387413,0.3256458640098572,-0.9213296175003052,-0.03420649841427803,0.7919170260429382,-1.218228816986084,-0.10204321891069412,0.9503034353256226,-0.935699462890625,-0.103971928358078,0.8750804662704468,-0.7008748650550842,-0.08934962004423141,0.33178362250328064,-0.8540863990783691,-0.20056211948394775,0.7747849822044373,-1.0482027530670166,-0.2406972497701645,0.9144735932350159,-0.850043773651123,-0.20380358397960663,0.8583212494850159,-0.6445913314819336,-0.16802865266799927
0.0,0.0,0.0,0.44742923974990845,-0.06542583554983139,0.09948466718196869,0.7321521639823914,-0.21035175025463104,0.08300100266933441,0.9940223693847656,-0.3269376754760742,-0.005203147418797016,1.0698782205581665,-0.5606735944747925,-0.07677388191223145,0.44151705503463745,-0.8745958805084229,0.24308572709560394,0.7847434878349304,-1.1291064023971558,0.14726810157299042,0.9518873691558838,-0.904300332069397,0.04664347320795059,0.9087223410606384,-0.6697559952735901,0.0006932620308361948,0.3680185079574585,-0.9233067035675049,0.10985030978918076,0.7890937924385071,-1.1872137784957886,0.04346415773034096,0.9489031434059143,-0.9163513779640198,-0.030883604660630226,0.8765892386436462,-0.6965290904045105,-0.07362553477287292,0.32902106642723083,-0.9240592122077942,-0.041985929012298584,0.7866978645324707,-1.2033576965332031,-0.11119705438613892,0.9584000706672668,-0.9284543395042419,-0.11468815803527832,0.895424485206604,-0.695410430431366,-0.10461681336164474,0.33291932940483093,-0.85323166847229,-0.1937800794839859,0.7812064290046692,-1.0304303169250488,-0.2420790195465088,0.9355382323265076,-0.8404392600059509,-0.21215714514255524,0.8861433863639832,-0.6381525993347168,-0.18117959797382355
0.0,0.0,0.0,0.44987452030181885,-0.06640695780515671,0.07419147342443466,0.7324285507202148,-0.20762765407562256,0.053223755210638046,0.9923775792121887,-0.3232518136501312,-0.03313889726996422,1.046655535697937,-0.5429478287696838,-0.10064777731895447,0.4484010338783264,-0.8700358867645264,0.22189293801784515,0.775715708732605,-1.085762619972229,0.11552292853593826,0.8931359052658081,-0.8511704802513123,0.008140290156006813,0.8111846446990967,-0.6384154558181763,-0.04214335232973099,0.383078932762146,-0.9178048372268677,0.10433018207550049,0.786572277545929,-1.1587332487106323,0.027694588527083397,0.9069809317588806,-0.8817601203918457,-0.04880218580365181,0.8108615875244141,-0.6743738055229187,-0.090339794754982,0.3534473180770874,-0.9164227247238159,-0.033596400171518326,0.8011149168014526,-1.1626501083374023,-0.11672993004322052,0.9341256618499756,-0.8842896819114685,-0.12301564961671829,0.8497116565704346,-0.6614811420440674,-0.10872906446456909,0.35929515957832336,-0.8443333506584167,-0.17295131087303162,0.8030570149421692,-0.9991353750228882,-0.23280832171440125,0.9409913420677185,-0.8087438344955444,-0.20889854431152344,0.887809693813324,-0.6185178756713867,-0.1786295473575592
0.0,0.0,0.0,0.4427354037761688,-0.05509437248110771,0.04159501567482948,0.7321757078170776,-0.17578381299972534,0.00191038241609931,0.9824748635292053,-0.28614476323127747,-0.09309515357017517,1.0441176891326904,-0.4983634650707245,-0.16472135484218597,0.426745742559433,-0.8773404359817505,0.1589929759502411,0.8072938323020935,-1.024060606956482,0.04713740944862366,0.9212136268615723,-0.7825102806091309,-0.05411609634757042,0.8413166403770447,-0.579772412776947,-0.10224462300539017,0.3622751533985138,-0.9302294254302979,0.05856509134173393,0.820783793926239,-1.0876942873001099,-0.019997019320726395,0.9298844337463379,-0.8013984560966492,-0.07313782721757889,0.8329231142997742,-0.5976155400276184,-0.09859108924865723,0.3479744493961334,-0.9151400327682495,-0.06259691715240479,0.8489246368408203,-1.0938645601272583,-0.15513786673545837,0.9499446153640747,-0.8095230460166931,-0.14227567613124847,0.8568767309188843,-0.597831130027771,-0.1128462627530098,0.38050851225852966,-0.8248990178108215,-0.18731071054935455,0.8549383878707886,-0.9227691292762756,-0.24961288273334503,0.9623863101005554,-0.7250998616218567,-0.21546851098537445,0.9017203450202942,-0.5422778725624084,-0.1760418713092804
0.0,0.0,0.0,0.45503726601600647,-0.050309501588344574,0.052802979946136475,0.7403678894042969,-0.16270019114017487,0.008475329726934433,0.9787313342094421,-0.25827333331108093,-0.09387759864330292,1.0275148153305054,-0.4568508267402649,-0.17385251820087433,0.4429032504558563,-0.8806371092796326,0.13469818234443665,0.8591289520263672,-1.0364220142364502,0.002975601004436612,0.9948339462280273,-0.7718423008918762,-0.10696987062692642,0.9163576364517212,-0.5424140691757202,-0.15592120587825775,0.37226182222366333,-0.9278980493545532,0.020646709948778152,0.8688440918922424,-1.114331603050232,-0.08007743209600449,0.9950402975082397,-0.8109199404716492,-0.14576967060565948,0.8895866274833679,-0.591202437877655,-0.17652739584445953,0.3582117259502411,-0.9161635041236877,-0.11189910769462585,0.8913182020187378,-1.1221060752868652,-0.2213476151227951,0.9952899217605591,-0.8131163716316223,-0.21505193412303925,0.8886462450027466,-0.5896058678627014,-0.18685734272003174,0.39583420753479004,-0.826471745967865,-0.2459597885608673,0.8839395046234131,-0.9409130215644836,-0.3187430202960968,0.970845639705658,-0.7189236879348755,-0.28542637825012207,0.874272346496582,-0.5244234800338745,-0.24586667120456696
0.0,0.0,0.0,0.4541952311992645,-0.03491797670722008,0.050426267087459564,0.7505659461021423,-0.1624266505241394,0.012129799462854862,1.0175371170043945,-0.27255335450172424,-0.08763673156499863,1.076246976852417,-0.49018606543540955,-0.16508202254772186,0.4172574281692505,-0.8813068270683289,0.19972236454486847,0.8166579008102417,-1.0422546863555908,0.07725108414888382,0.9403709173202515,-0.7986966371536255,-0.04162483662366867,0.8491719961166382,-0.579208254814148,-0.09621164947748184,0.35927528142929077,-0.928591251373291,0.09294916689395905,0.8476614356040955,-1.1096370220184326,0.008392054587602615,0.965699315071106,-0.8218098282814026,-0.05873113498091698,0.8612567186355591,-0.6157014966011047,-0.09064807742834091,0.3527263402938843,-0.923915445804596,-0.03756853938102722,0.8853471279144287,-1.100912094116211,-0.13043834269046783,0.991082489490509,-0.8064056038856506,-0.1259348839521408,0.8833965063095093,-0.5866588354110718,-0.0997505858540535,0.39416220784187317,-0.8509635925292969,-0.17218226194381714,0.8803269863128662,-0.9546670913696289,-0.22832007706165314,0.9888397455215454,-0.7462511658668518,-0.19402454793453217,0.9126697182655334,-0.5555883646011353,-0.15445902943611145
0.0,0.0,0.0,0.44040369987487793,-0.019735518842935562,0.04277385398745537,0.742713987827301,-0.16244381666183472,0.021509727463126183,1.013878345489502,-0.2840840518474579,-0.06358825415372849,1.0904467105865479,-0.5169733166694641,-0.12912534177303314,0.4718549847602844,-0.8427613377571106,0.24349288642406464,0.8209488391876221,-1.057028889656067,0.12403152137994766,0.9650591611862183,-0.8211238384246826,-0.0019065949600189924,0.9054897427558899,-0.5930113196372986,-0.0606791190803051,0.410255491733551,-0.901149570941925,0.1400708705186844,0.8331098556518555,-1.135728359222412,0.04270978271961212,0.9757529497146606,-0.8522974252700806,-0.05631711706519127,0.89809250831604,-0.6228533387184143,-0.10474883019924164,0.3709105849266052,-0.915194571018219,0.00907036941498518,0.8343197107315063,-1.160315990447998,-0.10070805996656418,0.9844784736633301,-0.8670139312744141,-0.13313575088977814,0.9088426828384399,-0.616836667060852,-0.12472102791070938,0.360505074262619,-0.8673644661903381,-0.12553194165229797,0.8136038780212402,-1.0233317613601685,-0.20400357246398926,0.9609317779541016,-0.8171676397323608,-0.19557566940784454,0.9101301431655884,-0.6022323966026306,-0.17001481354236603
0.0,0.0,0.0,0.44345948100090027,-0.0330485962331295,0.06212129443883896,0.7319209575653076,-0.17548567056655884,0.046906810253858566,0.9876515865325928,-0.2954995632171631,-0.0358414500951767,1.0852761268615723,-0.5322082042694092,-0.10056307911872864,0.4613681435585022,-0.8409863114356995,0.2847953140735626,0.7796223759651184,-1.079436182975769,0.18765443563461304,0.9475622773170471,-0.8689264059066772,0.0732390284538269,0.9125964045524597,-0.6423925757408142,0.020031530410051346,0.404968798160553,-0.8975372910499573,0.1744336634874344,0.7864356637001038,-1.158298373222351,0.09321963042020798,0.9558805823326111,-0.9040444493293762,-0.006282582879066467,0.9038441181182861,-0.6720364689826965,-0.05784788727760315,0.35972389578819275,-0.9171650409698486,0.03783084452152252,0.7874614000320435,-1.1812472343444824,-0.04702119156718254,0.9670646786689758,-0.9156639575958252,-0.08112748712301254,0.916703999042511,-0.6678100824356079,-0.08108256757259369,0.33953583240509033,-0.8767604231834412,-0.10195458680391312,0.7696107625961304,-1.0402873754501343,-0.15890350937843323,0.9393507242202759,-0.8557417988777161,-0.1474035531282425,0.9089352488517761,-0.6474401950836182,-0.12436483800411224
0.0,0.0,0.0,0.4487614929676056,-0.03189791738986969,0.060078155249357224,0.745048463344574,-0.1728435456752777,0.039884667843580246,1.007552146911621,-0.30140256881713867,-0.050496213138103485,1.0950770378112793,-0.5514029860496521,-0.12398938834667206,0.5083529353141785,-0.8191704154014587,0.27959102392196655,0.8127930760383606,-1.0697331428527832,0.17723771929740906,0.9687570929527283,-0.8510522246360779,0.062307246029376984,0.9243845343589783,-0.6250605583190918,0.008484862744808197,0.4445459246635437,-0.8809530138969421,0.16217507421970367,0.812260091304779,-1.1543984413146973,0.06718219071626663,0.9690467715263367,-0.8841496109962463,-0.039731528609991074,0.9032163619995117,-0.6483041048049927,-0.09384054690599442,0.3870145380496979,-0.9124776124954224,0.017852170392870903,0.8027597665786743,-1.196515679359436,-0.08233360946178436,0.972613513469696,-0.9152546525001526,-0.12101004272699356,0.9111430644989014,-0.6594700217247009,-0.12114296108484268,0.3488091230392456,-0.8857789039611816,-0.12947490811347961,0.7755964398384094,-1.070128321647644,-0.2002599984407425,0.9434747099876404,-0.8754873275756836,-0.19353805482387543,0.9070951342582703,-0.6563284397125244,-0.1724311113357544
0.0,0.0,0.0,0.446427583694458,-0.03079252690076828,0.0938030332326889,0.7172744274139404,-0.1702929437160492,0.09860752522945404,0.9749295115470886,-0.28639647364616394,0.026155278086662292,1.0847712755203247,-0.5030719637870789,-0.03342893719673157,0.501240611076355,-0.802561342716217,0.3520241379737854,0.8074187636375427,-1.0356724262237549,0.2779139578342438,0.9417837858200073,-0.8373864889144897,0.17193636298179626,0.886696457862854,-0.6324466466903687,0.12091187387704849,0.45037588477134705,-0.8642181158065796,0.22425122559070587,0.8098329901695251,-1.1281795501708984,0.14732909202575684,0.9525976777076721,-0.8751433491706848,0.037234313786029816,0.8823063969612122,-0.6474229693412781,-0.018646256998181343,0.40238866209983826,-0.8995871543884277,0.07069321721792221,0.8029336929321289,-1.1749749183654785,-0.014045053161680698,0.9543630480766296,-0.9042118191719055,-0.06179451197385788,0.881358802318573,-0.6578381657600403,-0.0675736665725708,0.37016385793685913,-0.8838373422622681,-0.08308014273643494,0.7793735265731812,-1.0669013261795044,-0.13921058177947998,0.9265621304512024,-0.8672170042991638,-0.12977740168571472,0.8738441467285156,-0.6463738679885864,-0.10748563706874847
0.0,0.0,0.0,0.44122254848480225,-0.03195015713572502,0.13256971538066864,0.7001554369926453,-0.1654065102338791,0.16047699749469757,0.9456894993782043,-0.2793837785720825,0.10267335176467896,1.0679105520248413,-0.4875132143497467,0.054785292595624924,0.5080947875976562,-0.7807692289352417,0.41397204995155334,0.7871502041816711,-1.009052038192749,0.36275753378868103,0.9212830662727356,-0.8367494940757751,0.2705129384994507,0.8779547810554504,-0.6458882689476013,0.2260679304599762,0.4570240080356598,-0.8477268218994141,0.2692364454269409,0.7888367772102356,-1.1306723356246948,0.2102142870426178,0.9302694797515869,-0.8950815200805664,0.11012587696313858,0.8669734001159668,-0.6718905568122864,0.061600424349308014,0.4094853699207306,-0.889857828617096,0.09976746886968613,0.7952975034713745,-1.1758880615234375,0.02276206575334072,0.9382721185684204,-0.9097389578819275,-0.01923225261271,0.8675150275230408,-0.6676286458969116,-0.01929907500743866,0.3800969421863556,-0.8816288113594055,-0.06671077758073807,0.7785853147506714,-1.072275996208191,-0.11601342260837555,0.9261960387229919,-0.8790265321731567,-0.10152576863765717,0.8850163817405701,-0.6635034084320068,-0.07516559213399887
0.0,0.0,0.0,0.43693792819976807,-0.057421550154685974,0.07110447436571121,0.7128859162330627,-0.19318653643131256,0.056944526731967926,0.9341815710067749,-0.3024633228778839,-0.02454053796827793,1.04094398021698,-0.5272175073623657,-0.085121750831604,0.48958083987236023,-0.8388018012046814,0.2620638608932495,0.7926157116889954,-1.07316255569458,0.14742420613765717,0.9221077561378479,-0.8397507071495056,0.03078886866569519,0.8588147759437561,-0.6115054488182068,-0.02126390114426613,0.4247267246246338,-0.8942463994026184,0.14117546379566193,0.7961969971656799,-1.1524553298950195,0.04330895468592644,0.9250474572181702,-0.8805615305900574,-0.05377114191651344,0.842444658279419,-0.6510661840438843,-0.10041648894548416,0.37377408146858215,-0.9146541357040405,-0.005251461640000343,0.7965390682220459,-1.1779577732086182,-0.11491617560386658,0.9328103065490723,-0.8898685574531555,-0.14569370448589325,0.8590381741523743,-0.6456541419029236,-0.13771438598632812,0.34636980295181274,-0.8722599148750305,-0.15240800380706787,0.7683655619621277,-1.0187366008758545,-0.23210643231868744,0.899777352809906,-0.803460419178009,-0.2205571085214615,0.8443495035171509,-0.5885258316993713,-0.1925838142633438
0.0,0.0,0.0,0.4362935423851013,-0.07828651368618011,0.11443211883306503,0.7083863615989685,-0.2161312699317932,0.10765566676855087,0.9468876123428345,-0.31467291712760925,0.02703213132917881,1.006866693496704,-0.5078358054161072,-0.0383460596203804,0.4421449303627014,-0.8817302584648132,0.25265663862228394,0.7939049005508423,-1.0794744491577148,0.13561628758907318,0.9358412623405457,-0.8298153281211853,0.016362585127353668,0.8832077383995056,-0.5976773500442505,-0.0396379679441452,0.3670732378959656,-0.9237249493598938,0.10949596762657166,0.8171534538269043,-1.1181159019470215,0.023394830524921417,0.9476799964904785,-0.8272739052772522,-0.05627935007214546,0.8557872772216797,-0.6027257442474365,-0.09560826420783997,0.3306029140949249,-0.9124020934104919,-0.05265877768397331,0.8137490749359131,-1.1211540699005127,-0.13787633180618286,0.9403320550918579,-0.8287615180015564,-0.13741588592529297,0.8568080067634583,-0.6025487780570984,-0.11585965007543564,0.3311922252178192,-0.8266324400901794,-0.21406975388526917,0.7867804765701294,-0.9616013765335083,-0.2640053927898407,0.9011848568916321,-0.7515978813171387,-0.22317831218242645,0.8365424275398254,-0.5505416989326477,-0.17999956011772156
0.0,0.0,0.0,0.441898912191391,-0.08265231549739838,0.10244391113519669,0.7189381718635559,-0.2305726706981659,0.0868515893816948,0.9477664828300476,-0.315969854593277,0.008179819211363792,1.0065996646881104,-0.4803745448589325,-0.05366842448711395,0.4185882806777954,-0.9153675436973572,0.17935362458229065,0.8129873871803284,-1.067475438117981,0.05621687322854996,0.9572278261184692,-0.8209127187728882,-0.05779620260000229,0.9049424529075623,-0.5869498252868652,-0.10944805294275284,0.3380100131034851,-0.9400148987770081,0.04605727270245552,0.8227425217628479,-1.0958075523376465,-0.04264126718044281,0.9626042246818542,-0.8227131962776184,-0.10809262841939926,0.8858259916305542,-0.5971171855926514,-0.13778464496135712,0.30515214800834656,-0.9035505056381226,-0.10147297382354736,0.8122047185897827,-1.086116909980774,-0.1888810098171234,0.9413846135139465,-0.8105987906455994,-0.17699220776557922,0.8731381893157959,-0.5900139212608337,-0.14777711033821106,0.31915971636772156,-0.7932031154632568,-0.24758867919445038,0.7707380056381226,-0.9087015986442566,-0.30218154191970825,0.8800575733184814,-0.7096593379974365,-0.258966326713562,0.8298214077949524,-0.5186780095100403,-0.21127581596374512
0.0,0.0,0.0,0.44565871357917786,-0.08578139543533325,0.10794208943843842,0.7197707891464233,-0.24491024017333984,0.0965055525302887,0.939785361289978,-0.3354843854904175,0.021876294165849686,1.0041481256484985,-0.47970902919769287,-0.038785334676504135,0.3994426131248474,-0.9283688068389893,0.1780441701412201,0.7868590950965881,-1.0955092906951904,0.054630737751722336,0.9660413265228271,-0.877856433391571,-0.06436643749475479,0.9531779289245605,-0.6475813388824463,-0.12088999897241592,0.3192386329174042,-0.9466875791549683,0.043235693126916885,0.8012058138847351,-1.1204959154129028,-0.047384005039930344,0.9763490557670593,-0.8695663213729858,-0.11750088632106781,0.9326885342597961,-0.6382189393043518,-0.15120059251785278,0.2907056510448456,-0.9039998650550842,-0.1043277382850647,0.7857761383056641,-1.106612205505371,-0.19079448282718658,0.9533397555351257,-0.8556722402572632,-0.18601152300834656,0.9186500906944275,-0.6308918595314026,-0.16278491914272308,0.31278473138809204,-0.7899654507637024,-0.24998176097869873,0.7521151900291443,-0.9221640825271606,-0.30282101035118103,0.8965405821800232,-0.7441321611404419,-0.26321858167648315,0.883800745010376,-0.5528982877731323,-0.21893487870693207
0.0,0.0,0.0,0.4494690001010895,-0.10207599401473999,0.13762511312961578,0.7223625183105469,-0.26018404960632324,0.13957951962947845,0.946496307849884,-0.35985904932022095,0.06834641098976135,0.9747313261032104,-0.48188331723213196,0.004922483116388321,0.41294872760772705,-0.9156580567359924,0.2307756543159485,0.7884278893470764,-1.1042524576187134,0.1184263601899147,0.9835213422775269,-0.9045820236206055,0.0026305289939045906,0.9931210279464722,-0.6793035864830017,-0.05344720929861069,0.33734697103500366,-0.93800950050354,0.07959380745887756,0.8114792108535767,-1.1322176456451416,-0.004193635657429695,0.9972813129425049,-0.8882268667221069,-0.07439455389976501,0.9632462859153748,-0.6529901027679443,-0.10664067417383194,0.30692797899246216,-0.9011515378952026,-0.08377667516469955,0.7963516712188721,-1.1131564378738403,-0.16451773047447205,0.9709102511405945,-0.861650824546814,-0.16111305356025696,0.9427369236946106,-0.6322485208511353,-0.13698723912239075,0.3266574442386627,-0.7913256883621216,-0.2437070608139038,0.7641551494598389,-0.9469825625419617,-0.29186567664146423,0.9226602911949158,-0.7701175808906555,-0.25014516711235046,0.9197953343391418,-0.5727140307426453,-0.20366038382053375
0.0,0.0,0.0,0.43836620450019836,-0.12278517335653305,0.10667265951633453,0.7169604301452637,-0.29668086767196655,0.08954025059938431,0.9417151808738708,-0.42271602153778076,0.0036767772398889065,0.9776619672775269,-0.6049303412437439,-0.06879115849733353,0.3982863128185272,-0.9227150082588196,0.1878918558359146,0.7516957521438599,-1.1757532358169556,0.06046486273407936,0.9374122023582458,-0.9443427324295044,-0.0571296252310276,0.9209292531013489,-0.7070925235748291,-0.11135603487491608,0.31027865409851074,-0.9495583176612854,0.04545338451862335,0.7655186057090759,-1.2003024816513062,-0.04987044259905815,0.9428859353065491,-0.9234903454780579,-0.12432540953159332,0.8827177286148071,-0.6994441747665405,-0.16094306111335754,0.26577261090278625,-0.9184138774871826,-0.11226304620504379,0.7375468611717224,-1.1881563663482666,-0.20304112136363983,0.9246838092803955,-0.9225581288337708,-0.20465309917926788,0.8880297541618347,-0.6960098147392273,-0.18694627285003662,0.26719722151756287,-0.8119087815284729,-0.2682468295097351,0.7006807923316956,-0.9987590312957764,-0.32940995693206787,0.8814133405685425,-0.8215058445930481,-0.29789862036705017,0.8813583254814148,-0.6294873952865601,-0.2615504562854767
0.0,0.0,0.0,0.439526230096817,-0.11776138842105865,0.12407441437244415,0.7064637541770935,-0.29239627718925476,0.11228958517313004,0.9276236295700073,-0.4115447402000427,0.028940415009856224,0.9710633158683777,-0.5951364040374756,-0.04340887814760208,0.39598867297172546,-0.9209216833114624,0.19309568405151367,0.7507493495941162,-1.1729862689971924,0.08255413919687271,0.9316617250442505,-0.9457893967628479,-0.0215454064309597,0.9077945351600647,-0.720930814743042,-0.07023628801107407,0.31003421545028687,-0.9497803449630737,0.04238039255142212,0.7662746906280518,-1.1917195320129395,-0.03841228783130646,0.9377924203872681,-0.912431538105011,-0.10440750420093536,0.8672460317611694,-0.6954636573791504,-0.13940387964248657,0.26318496465682983,-0.9198032021522522,-0.12067419290542603,0.7362261414527893,-1.1836248636245728,-0.1985638439655304,0.9203695058822632,-0.9144002795219421,-0.19476279616355896,0.8742882609367371,-0.6915724873542786,-0.17832693457603455,0.25816693902015686,-0.8142955899238586,-0.28035715222358704,0.6900225281715393,-1.0042088031768799,-0.3356282711029053,0.8744062185287476,-0.8311864733695984,-0.3016118109226227,0.8715639114379883,-0.6446096897125244,-0.2660026550292969
0.0,0.0,0.0,0.4386805593967438,-0.11679206788539886,0.11629988253116608,0.7045179605484009,-0.2865000069141388,0.10174301266670227,0.9199110269546509,-0.3957855701446533,0.017150405794382095,0.9570688009262085,-0.5669978260993958,-0.05754537507891655,0.3914835453033447,-0.9287770390510559,0.18156898021697998,0.7651478052139282,-1.1702983379364014,0.060779523104429245,0.9557028412818909,-0.9409072995185852,-0.056293293833732605,0.9434245824813843,-0.7199902534484863,-0.11353443562984467,0.30601993203163147,-0.9513531923294067,0.0357620045542717,0.7696053385734558,-1.1883502006530762,-0.05591926351189613,0.9604308605194092,-0.9108708500862122,-0.13263174891471863,0.9111738801002502,-0.6831946969032288,-0.1730831265449524,0.2681093215942383,-0.916866660118103,-0.1220950335264206,0.7389968633651733,-1.1831096410751343,-0.2061547487974167,0.9335030317306519,-0.9196901321411133,-0.20808205008506775,0.9025794863700867,-0.6917382478713989,-0.19225715100765228,0.2798579931259155,-0.8073747754096985,-0.2771841287612915,0.705633282661438,-1.007381796836853,-0.3316937983036041,0.8858085870742798,-0.8376378417015076,-0.2972177565097809,0.8864033818244934,-0.6466094851493835,-0.2597389221191406
0.0,0.0,0.0,0.4273768961429596,-0.09320557117462158,0.1376255601644516,0.6864710450172424,-0.25551438331604004,0.14954110980033875,0.8887271285057068,-0.3417093753814697,0.09459831565618515,0.9381057620048523,-0.4474807381629944,0.04794606938958168,0.39071038365364075,-0.9298822283744812,0.2118965983390808,0.7614935636520386,-1.1243282556533813,0.11413221061229706,0.9517741203308105,-0.935104250907898,0.012186246924102306,0.9560267329216003,-0.7342917323112488,-0.03759191930294037,0.31990739703178406,-0.9447543025016785,0.07140492647886276,0.7824329733848572,-1.1393725872039795,0.0046515073627233505,0.9664646983146667,-0.9119553565979004,-0.05788003280758858,0.9363431930541992,-0.6946306228637695,-0.08994276821613312,0.29371991753578186,-0.8958472609519958,-0.07809030264616013,0.7622548937797546,-1.1008254289627075,-0.14447270333766937,0.9382821917533875,-0.8728464245796204,-0.1425093114376068,0.9185994267463684,-0.6593104004859924,-0.12364986538887024,0.3142606317996979,-0.7752068042755127,-0.22293581068515778,0.7239149808883667,-0.9200575351715088,-0.261183500289917,0.8859115242958069,-0.7670459747314453,-0.22468195855617523,0.8976966738700867,-0.5898981094360352,-0.18523608148097992
0.0,0.0,0.0,0.4456127882003784,-0.07838111370801926,0.13435278832912445,0.7103036046028137,-0.21243976056575775,0.13178583979606628,0.9214218854904175,-0.2962527871131897,0.05518760904669762,0.9659223556518555,-0.4177241027355194,-0.010838047601282597,0.45420944690704346,-0.8940515518188477,0.22979317605495453,0.8188438415527344,-1.0878599882125854,0.11877135187387466,0.9657285213470459,-0.843901515007019,0.005226488225162029,0.9222040772438049,-0.6104293465614319,-0.048710428178310394,0.38177689909935,-0.920597493648529,0.0821385309100151,0.8290137648582458,-1.1169860363006592,0.006460350472480059,0.9761292934417725,-0.8461483120918274,-0.06311951577663422,0.9063223600387573,-0.6126374006271362,-0.09931932389736176,0.34577393531799316,-0.8908607959747314,-0.07902653515338898,0.8201072216033936,-1.117774248123169,-0.15104877948760986,0.9674542546272278,-0.8472979664802551,-0.1470661461353302,0.911230206489563,-0.6134211421012878,-0.12706544995307922,0.35121145844459534,-0.7900461554527283,-0.23717032372951508,0.782795250415802,-0.9366889595985413,-0.2800738513469696,0.9217178225517273,-0.7523514032363892,-0.24232077598571777,0.893699586391449,-0.5587456822395325,-0.2027982622385025
0.0,0.0,0.0,0.44259536266326904,-0.07855817675590515,0.11394570767879486,0.7187373042106628,-0.2112506926059723,0.09843198955059052,0.9381182193756104,-0.30147770047187805,0.012823732569813728,0.9516351222991943,-0.43341436982154846,-0.062192901968955994,0.4631715714931488,-0.8967815637588501,0.20106786489486694,0.8233180642127991,-1.0858265161514282,0.07867421209812164,0.9717565774917603,-0.8460825681686401,-0.03968881070613861,0.9294828772544861,-0.6150473952293396,-0.09506687521934509,0.38526588678359985,-0.9208707809448242,0.05972583219408989,0.8347700834274292,-1.1123639345169067,-0.02729099430143833,0.9812605381011963,-0.8425855040550232,-0.10034919530153275,0.9128897786140442,-0.6124110817909241,-0.136052668094635,0.3429872691631317,-0.8883271217346191,-0.0960143655538559,0.8133746385574341,-1.0962433815002441,-0.17833760380744934,0.9640980958938599,-0.8297118544578552,-0.17949047684669495,0.9147065877914429,-0.6003341674804688,-0.16012805700302124,0.3401239216327667,-0.7825368642807007,-0.24998804926872253,0.7663496732711792,-0.9267275333404541,-0.29945358633995056,0.9151264429092407,-0.7446475625038147,-0.2653252184391022,0.9023593664169312,-0.5512203574180603,-0.2265610247850418
0.0,0.0,0.0,0.44530364871025085,-0.0628804862499237,0.12096548825502396,0.7287425994873047,-0.2097584456205368,0.11583477258682251,0.9577940106391907,-0.3089303970336914,0.039009999483823776,0.9689552187919617,-0.43881529569625854,-0.026316972449421883,0.49468690156936646,-0.8761910796165466,0.2236367017030716,0.8515359163284302,-1.0796983242034912,0.10975410789251328,0.996910572052002,-0.8379513025283813,-0.004316964652389288,0.9419434070587158,-0.6088480949401855,-0.05867549031972885,0.4143657088279724,-0.9067338109016418,0.07832544296979904,0.8547760844230652,-1.1162607669830322,-0.0035303651820868254,0.9977043271064758,-0.8421476483345032,-0.07722704857587814,0.9157889485359192,-0.6208464503288269,-0.11523302644491196,0.36493486166000366,-0.8844226002693176,-0.08224718272686005,0.8299833536148071,-1.116085171699524,-0.16304874420166016,0.9841071963310242,-0.8447101712226868,-0.16615350544452667,0.9234918355941772,-0.6204800009727478,-0.15005430579185486,0.3508409559726715,-0.7895711064338684,-0.2407640963792801,0.783353328704834,-0.9398903250694275,-0.2950654625892639,0.9362049698829651,-0.7533479928970337,-0.2658814787864685,0.9107999205589294,-0.5616479516029358,-0.23230385780334473
0.0,0.0,0.0,0.4513925611972809,-0.058010540902614594,0.13389886915683746,0.7223339080810547,-0.21175289154052734,0.13583838939666748,0.9481707215309143,-0.30851244926452637,0.06443536281585693,0.9843058586120605,-0.4341161251068115,0.003665259340777993,0.48165643215179443,-0.8824999332427979,0.21840694546699524,0.8524527549743652,-1.1175479888916016,0.11144834756851196,0.99727863073349,-0.8768995404243469,0.002162465127184987,0.9359285831451416,-0.6451882123947144,-0.051154725253582,0.4018608629703522,-0.913171112537384,0.06801687926054001,0.8546168208122253,-1.160497784614563,-0.006916611455380917,1.0046665668487549,-0.8844536542892456,-0.07808858901262283,0.9169734120368958,-0.6625768542289734,-0.11900864541530609,0.3532220423221588,-0.8911131620407104,-0.09480007737874985,0.8345739245414734,-1.162253737449646,-0.16870157420635223,1.0002259016036987,-0.8876486420631409,-0.17015738785266876,0.9313833713531494,-0.6594699025154114,-0.15810655057430267,0.34220555424690247,-0.801026463508606,-0.2540024220943451,0.7901992201805115,-0.9704118371009827,-0.30538392066955566,0.9507492184638977,-0.7820804119110107,-0.275410920381546,0.9161550998687744,-0.5901731252670288,-0.2450871616601944
0.0,0.0,0.0,0.4467129707336426,-0.05926880985498428,0.14432379603385925,0.7133004069328308,-0.20470309257507324,0.15648604929447174,0.9353274703025818,-0.28917011618614197,0.09289074689149857,0.968415379524231,-0.41295352578163147,0.04181668907403946,0.48812103271484375,-0.8677129745483398,0.25875818729400635,0.842975378036499,-1.0775953531265259,0.1635987013578415,0.9714327454566956,-0.8364943861961365,0.06072358414530754,0.9033231139183044,-0.6105625033378601,0.01193601731210947,0.41278892755508423,-0.9044665694236755,0.10744990408420563,0.8415089845657349,-1.1282395124435425,0.0382504016160965,0.9726385474205017,-0.8569516539573669,-0.02936416119337082,0.8796088099479675,-0.6347639560699463,-0.06503598392009735,0.3706597089767456,-0.8898841738700867,-0.057357583194971085,0.8419705033302307,-1.1434848308563232,-0.12648124992847443,0.9825724959373474,-0.8666488528251648,-0.12174256891012192,0.9056050777435303,-0.6405304670333862,-0.10258529335260391,0.3684510886669159,-0.8070974946022034,-0.21859396994113922,0.8157438039779663,-0.9680056571960449,-0.2635025978088379,0.946948766708374,-0.7736983299255371,-0.22590243816375732,0.8918095231056213,-0.5836554169654846,-0.1881658434867859
0.0,0.0,0.0,0.4476838707923889,-0.04584914445877075,0.1347980946302414,0.7316915392875671,-0.19199450314044952,0.14280512928962708,0.9616156220436096,-0.2848203778266907,0.07588446885347366,0.9783360362052917,-0.418353796005249,0.020425084978342056,0.508364200592041,-0.8581798672676086,0.24269984662532806,0.8697413206100464,-1.074255108833313,0.13650979101657867,1.0027289390563965,-0.8308129906654358,0.027457665652036667,0.9398822784423828,-0.6005488634109497,-0.023270653560757637,0.4333386719226837,-0.896246075630188,0.09466046839952469,0.8719003200531006,-1.1246302127838135,0.015555191785097122,1.0046236515045166,-0.846410870552063,-0.05675150081515312,0.9116621017456055,-0.6192913055419922,-0.09296028316020966,0.395129919052124,-0.8863565325737,-0.06779644638299942,0.8681700825691223,-1.1432462930679321,-0.1488700807094574,1.003879189491272,-0.8597584366798401,-0.1503339558839798,0.9250121712684631,-0.6288341283798218,-0.1314735859632492,0.3974055051803589,-0.807442307472229,-0.22662028670310974,0.8429760336875916,-0.9779520630836487,-0.2785205543041229,0.963460385799408,-0.7742253541946411,-0.24458706378936768,0.9024699926376343,-0.5721796751022339,-0.2079879194498062
0.0,0.0,0.0,0.447868287563324,-0.044419001787900925,0.12995652854442596,0.7266694903373718,-0.18909285962581635,0.13453786075115204,0.953593909740448,-0.28559792041778564,0.06535028666257858,0.9706327319145203,-0.4173048138618469,0.008603251539170742,0.485522985458374,-0.8631463050842285,0.24254997074604034,0.8437493443489075,-1.0805290937423706,0.14949266612529755,0.9784247279167175,-0.8453050255775452,0.05340742692351341,0.9154378175735474,-0.6205375790596008,0.009840226732194424,0.41144663095474243,-0.9059244990348816,0.10006187856197357,0.8423072695732117,-1.1396305561065674,0.03738949075341225,0.9810246229171753,-0.8706730008125305,-0.02335103042423725,0.8977633714675903,-0.6490098237991333,-0.05476200580596924,0.3731200695037842,-0.8952324390411377,-0.056692175567150116,0.841519296169281,-1.1507126092910767,-0.12193288654088974,0.9887816309928894,-0.8767433762550354,-0.11898218095302582,0.9200234413146973,-0.6483769416809082,-0.10176316648721695,0.3785601556301117,-0.8100809454917908,-0.21056532859802246,0.8208407163619995,-0.9746440649032593,-0.25393757224082947,0.9591991305351257,-0.7818109393119812,-0.22082734107971191,0.91462641954422,-0.5849006772041321,-0.1868375539779663
0.0,0.0,0.0,0.44975095987319946,-0.04917355254292488,0.14727705717086792,0.7246248722076416,-0.19329030811786652,0.15920570492744446,0.9525517225265503,-0.2861095368862152,0.09468765556812286,0.9778853058815002,-0.42142724990844727,0.040912315249443054,0.4812118709087372,-0.8696296215057373,0.24645894765853882,0.8521341681480408,-1.0944323539733887,0.1509561687707901,0.9834168553352356,-0.8551409244537354,0.05129178985953331,0.9172013998031616,-0.6261085271835327,0.004533287137746811,0.4092995524406433,-0.9075813293457031,0.09364820271730423,0.8566706776618958,-1.1470171213150024,0.030240239575505257,0.9919964671134949,-0.8744831681251526,-0.03267044946551323,0.8993359804153442,-0.6508416533470154,-0.06757871806621552,0.3755011558532715,-0.8929522633552551,-0.07155748456716537,0.8534548878669739,-1.158199667930603,-0.13761556148529053,0.9924139380455017,-0.8784968852996826,-0.1320745348930359,0.9135051369667053,-0.6497882008552551,-0.11448060721158981,0.38479533791542053,-0.8057699203491211,-0.232117161154747,0.8271759152412415,-0.9880306124687195,-0.2738800644874573,0.9551098346710205,-0.785153329372406,-0.23370520770549774,0.8986645340919495,-0.5792433619499207,-0.19592855870723724
0.0,0.0,0.0,0.4510729908943176,-0.04970540851354599,0.13574320077896118,0.7273769974708557,-0.19378486275672913,0.1450132578611374,0.9544631838798523,-0.2819465100765228,0.07962986081838608,0.9993600249290466,-0.42732131481170654,0.02552906982600689,0.4814645051956177,-0.8679993748664856,0.24233216047286987,0.8403844833374023,-1.0940909385681152,0.1424359381198883,0.9848372340202332,-0.8637471795082092,0.03778465837240219,0.9298338294029236,-0.6348792314529419,-0.01090229768306017,0.4110306203365326,-0.9064507484436035,0.09695784002542496,0.8403885960578918,-1.1494652032852173,0.02724091336131096,0.990809977054596,-0.882584273815155,-0.045859433710575104,0.9133420586585999,-0.6544173955917358,-0.0867825597524643,0.3745878040790558,-0.8943189978599548,-0.06201717630028725,0.8357968330383301,-1.164096713066101,-0.13409118354320526,0.9960631728172302,-0.8923974633216858,-0.14162838459014893,0.9314413666725159,-0.6576353311538696,-0.1313377022743225,0.38014957308769226,-0.8117473721504211,-0.21687185764312744,0.8171122074127197,-0.9888197779655457,-0.266618549823761,0.9654512405395508,-0.7967804670333862,-0.23893631994724274,0.9227524399757385,-0.5928049683570862,-0.20853868126869202
0.0,0.0,0.0,0.4566745460033417,-0.047190383076667786,0.144701287150383,0.7347408533096313,-0.19157972931861877,0.1626865416765213,0.9609294533729553,-0.28469839692115784,0.09976254403591156,0.989536464214325,-0.42402979731559753,0.045415185391902924,0.54755038022995,-0.8256741762161255,0.280033677816391,0.882858157157898,-1.06891930103302,0.1884838491678238,1.0040570497512817,-0.8368134498596191,0.08627106249332428,0.9351524710655212,-0.6154213547706604,0.037614546716213226,0.4733980596065521,-0.8716189861297607,0.12717978656291962,0.8698958158493042,-1.1402957439422607,0.053933341056108475,0.9940440654754639,-0.8643167614936829,-0.026831399649381638,0.8973445296287537,-0.6380444169044495,-0.06976316124200821,0.4205620288848877,-0.8822093605995178,-0.040760401636362076,0.8546147346496582,-1.1894525289535522,-0.12140297889709473,0.9983410835266113,-0.9068784713745117,-0.13782042264938354,0.9187920689582825,-0.6659626960754395,-0.1288440227508545,0.4003770649433136,-0.8318566679954529,-0.2038973569869995,0.8183161616325378,-1.0447620153427124,-0.26243889331817627,0.9603776931762695,-0.8443567156791687,-0.2414669394493103,0.9103736877441406,-0.6314804553985596,-0.21425308287143707
0.0,0.0,0.0,0.4513857066631317,-0.033320147544145584,0.14328476786613464,0.7259165048599243,-0.17972134053707123,0.17708919942378998,0.9545302391052246,-0.2832883298397064,0.12879915535449982,1.0056604146957397,-0.4371822774410248,0.08871548622846603,0.5516572594642639,-0.7898879647254944,0.3399035632610321,0.8826669454574585,-1.0048589706420898,0.25782448053359985,1.016978144645691,-0.7950323224067688,0.15099473297595978,0.9630527496337891,-0.5840815305709839,0.0994299054145813,0.4834122359752655,-0.8541140556335449,0.1918378621339798,0.8515133857727051,-1.1129405498504639,0.10922099649906158,0.9970006942749023,-0.8502987623214722,0.010163621976971626,0.9262115359306335,-0.6175206303596497,-0.03813416510820389,0.429729163646698,-0.8821313977241516,0.024935433641076088,0.829694390296936,-1.1772611141204834,-0.061376940459012985,0.9860013127326965,-0.901160478591919,-0.09573754668235779,0.9204016923904419,-0.6592599153518677,-0.0929001048207283,0.4002591669559479,-0.8534280061721802,-0.13770195841789246,0.7988084554672241,-1.063340663909912,-0.19468829035758972,0.9422488808631897,-0.8684147000312805,-0.17845432460308075,0.8978819251060486,-0.6582586765289307,-0.15170197188854218
0.0,0.0,0.0,0.44779831171035767,-0.02403659000992775,0.08991527557373047,0.7321679592132568,-0.1635073870420456,0.0994189977645874,0.9628242254257202,-0.2889382541179657,0.036446794867515564,0.9894653558731079,-0.48297441005706787,-0.01284092292189598,0.5417321920394897,-0.7903721928596497,0.30730295181274414,0.84987473487854,-1.0164145231246948,0.2163839042186737,0.9945883750915527,-0.8200114965438843,0.10732334852218628,0.9500336050987244,-0.6052194833755493,0.056575171649456024,0.4802226722240448,-0.8576788902282715,0.18377454578876495,0.832810640335083,-1.1262266635894775,0.0920555517077446,0.988511860370636,-0.875843346118927,-0.00820386502891779,0.9264722466468811,-0.6402444243431091,-0.05482181906700134,0.4282393157482147,-0.8915910720825195,0.035886093974113464,0.8203465342521667,-1.1855088472366333,-0.06692447513341904,0.9811431765556335,-0.9152467250823975,-0.10594871640205383,0.9190747737884521,-0.6656156182289124,-0.1008814126253128,0.39456847310066223,-0.8700796365737915,-0.11191876232624054,0.7973039746284485,-1.0712352991104126,-0.18428514897823334,0.9491952061653137,-0.8772047162055969,-0.17579111456871033,0.9091007709503174,-0.6601541042327881,-0.1504947692155838
0.0,0.0,0.0,0.4491877257823944,-0.02131780982017517,0.08912548422813416,0.7390299439430237,-0.14363515377044678,0.08827775716781616,0.9817948937416077,-0.2647112309932709,0.013454029336571693,1.0028525590896606,-0.4604918360710144,-0.04858741536736488,0.5268228650093079,-0.7994664907455444,0.30376821756362915,0.8337901830673218,-1.0215842723846436,0.21601037681102753,0.9817242622375488,-0.8282230496406555,0.10657899081707001,0.9432094693183899,-0.6120110154151917,0.0538494735956192,0.4640890955924988,-0.8671800494194031,0.18061034381389618,0.826056718826294,-1.1345595121383667,0.10049450397491455,0.9801847338676453,-0.8930362462997437,0.003900319803506136,0.9238986372947693,-0.6564713716506958,-0.043559350073337555,0.42063024640083313,-0.8941782116889954,0.03412598371505737,0.8200038075447083,-1.1833460330963135,-0.05536338686943054,0.980756402015686,-0.9200449585914612,-0.08930598199367523,0.9252569675445557,-0.6682215332984924,-0.0853521004319191,0.40265581011772156,-0.8547555804252625,-0.11290236562490463,0.8122290372848511,-1.0381451845169067,-0.17396344244480133,0.9716389775276184,-0.8523085117340088,-0.1628265082836151,0.9479557275772095,-0.6372801661491394,-0.13819900155067444
0.0,0.0,0.0,0.45555055141448975,-0.02499355375766754,0.11035579442977905,0.7389546036720276,-0.14973542094230652,0.12080162018537521,0.9759198427200317,-0.26247209310531616,0.05275401473045349,0.995078444480896,-0.4529380798339844,-0.004117067903280258,0.538405179977417,-0.7953589558601379,0.3285238444805145,0.8419512510299683,-1.0196574926376343,0.2534444034099579,0.9809809923171997,-0.8257440328598022,0.15339939296245575,0.932575523853302,-0.6174800992012024,0.10457543283700943,0.4762152135372162,-0.8577167987823486,0.1937549114227295,0.828973650932312,-1.1304943561553955,0.119424007833004,0.9769854545593262,-0.8827129006385803,0.02146465703845024,0.9114053249359131,-0.6526360511779785,-0.0277845561504364,0.4311954081058502,-0.8862654566764832,0.03778235614299774,0.8227943778038025,-1.1867715120315552,-0.046778831630945206,0.9804149866104126,-0.915793776512146,-0.07956647872924805,0.9158461093902588,-0.6696379780769348,-0.0758146271109581,0.40928640961647034,-0.853350043296814,-0.11698214709758759,0.8126535415649414,-1.052505612373352,-0.17297711968421936,0.9667099118232727,-0.8607653379440308,-0.15686647593975067,0.9293735027313232,-0.6469097137451172,-0.13008633255958557
0.0,0.0,0.0,0.44954153895378113,-0.022465724498033524,0.09659228473901749,0.7358888983726501,-0.15987934172153473,0.10760810226202011,0.9733324646949768,-0.28277894854545593,0.043505094945430756,1.0078989267349243,-0.4836199879646301,-0.00824915524572134,0.5401530861854553,-0.782849133014679,0.3294777274131775,0.8466317057609558,-1.0067170858383179,0.25022950768470764,0.9940928816795349,-0.8187320232391357,0.14460085332393646,0.9534506797790527,-0.6107308268547058,0.09357422590255737,0.47989121079444885,-0.8534151911735535,0.2034377157688141,0.8318773508071899,-1.1191352605819702,0.1219850406050682,0.9918515682220459,-0.8771786689758301,0.01970638707280159,0.9360561370849609,-0.6424511075019836,-0.02964622713625431,0.4307969808578491,-0.8883838057518005,0.0535697303712368,0.8211748003959656,-1.1787540912628174,-0.036797408014535904,0.9855871200561523,-0.9129961729049683,-0.07567148655653,0.9272391200065613,-0.6652551889419556,-0.0736481323838234,0.40268751978874207,-0.8622214794158936,-0.09625757485628128,0.8052014708518982,-1.0544453859329224,-0.15843208134174347,0.9565991759300232,-0.8658401966094971,-0.14818470180034637,0.917986273765564,-0.652038037776947,-0.12359914928674698
0.0,0.0,0.0,0.4507119357585907,-0.027583474293351173,0.10234253108501434,0.736194908618927,-0.15603214502334595,0.1098775565624237,0.9708762764930725,-0.2682662606239319,0.04217236861586571,0.9959061741828918,-0.4551273286342621,-0.012577332556247711,0.534367024898529,-0.7982763051986694,0.3119848966598511,0.84361332654953,-1.0166783332824707,0.21712957322597504,0.9895523190498352,-0.8102282881736755,0.1016676053404808,0.9476739764213562,-0.5871362686157227,0.04655401036143303,0.47595086693763733,-0.860353946685791,0.1823783665895462,0.8389429450035095,-1.108384609222412,0.09546928852796555,0.9909679889678955,-0.8583803176879883,-0.005062791518867016,0.9307203888893127,-0.6208553314208984,-0.05404294654726982,0.432157963514328,-0.8846656084060669,0.029911013320088387,0.8352472186088562,-1.1563252210617065,-0.06315679103136063,0.9886518716812134,-0.8874118328094482,-0.09741172194480896,0.9274599552154541,-0.6385250091552734,-0.09274054318666458,0.4104973077774048,-0.8439656496047974,-0.12214401364326477,0.8153316378593445,-1.0188264846801758,-0.1845443993806839,0.9586705565452576,-0.8280723094940186,-0.1712573766708374,0.920989990234375,-0.614723801612854,-0.14439205825328827
0.0,0.0,0.0,0.44607070088386536,-0.0390971414744854,0.1388460397720337,0.7255821228027344,-0.1815277338027954,0.1650887131690979,0.9592243432998657,-0.2778209447860718,0.11212514340877533,0.9929863214492798,-0.42851880192756653,0.06948936730623245,0.521974503993988,-0.826181173324585,0.307562917470932,0.8677830696105957,-1.0519362688064575,0.2180347591638565,0.9965935349464417,-0.8346260190010071,0.11282557994127274,0.9345049858093262,-0.617831826210022,0.06332313269376755,0.45619258284568787,-0.8752650618553162,0.1606220006942749,0.8535583019256592,-1.1307519674301147,0.08469798415899277,0.9910890460014343,-0.8717848658561707,3.2626652682665735e-05,0.9101426601409912,-0.6461500525474548,-0.04231381416320801,0.4148828089237213,-0.8842816948890686,-0.004303449764847755,0.8449689149856567,-1.1681866645812988,-0.08541989326477051,0.9849254488945007,-0.8920184373855591,-0.10380654782056808,0.9083618521690369,-0.6556466221809387,-0.09343831241130829,0.40444496273994446,-0.8321690559387207,-0.16576406359672546,0.8098559975624084,-1.0382845401763916,-0.22078627347946167,0.9347442388534546,-0.8374611735343933,-0.19629830121994019,0.8774060606956482,-0.6224824786186218,-0.16485442221164703
0.0,0.0,0.0,0.4369067847728729,-0.03984682634472847,0.15036803483963013,0.7025248408317566,-0.18788310885429382,0.1799304038286209,0.9174379110336304,-0.27841347455978394,0.13171502947807312,0.986172080039978,-0.42708921432495117,0.09484588354825974,0.5025400519371033,-0.8402803540229797,0.30239903926849365,0.8500834107398987,-1.0789220333099365,0.22362519800662994,0.9731303453445435,-0.8522363305091858,0.12838751077651978,0.9008705019950867,-0.6356096863746643,0.08352435380220413,0.44436874985694885,-0.8824663162231445,0.15423892438411713,0.8517352938652039,-1.1370776891708374,0.09928234666585922,0.9781984686851501,-0.8750593662261963,0.027014989405870438,0.882688581943512,-0.6627821326255798,-0.014065605588257313,0.4044035077095032,-0.8832383751869202,-0.009404924698174,0.8487841486930847,-1.1562371253967285,-0.0700397938489914,0.9825407862663269,-0.8781086802482605,-0.07766065001487732,0.8958646059036255,-0.6523865461349487,-0.06867001950740814,0.3911379873752594,-0.8214191794395447,-0.16853651404380798,0.8051683902740479,-0.9985509514808655,-0.2120567411184311,0.9281232357025146,-0.796015202999115,-0.1830962896347046,0.8611878156661987,-0.5945596098899841,-0.1526491343975067
0.0,0.0,0.0,0.44411253929138184,-0.04101485386490822,0.14379028975963593,0.7206431031227112,-0.19120198488235474,0.16305890679359436,0.941498875617981,-0.2855481505393982,0.10633915662765503,0.9836230278015137,-0.427389919757843,0.06170119345188141,0.5138626098632812,-0.8473218083381653,0.2676241397857666,0.8705282211303711,-1.0916204452514648,0.17946717143058777,1.0025784969329834,-0.8612045645713806,0.08509252965450287,0.9325541257858276,-0.6387861967086792,0.04215916246175766,0.44511541724205017,-0.8877634406089783,0.11725372076034546,0.8631430268287659,-1.1472898721694946,0.051877379417419434,0.9967108964920044,-0.8821914792060852,-0.01595880463719368,0.9013426899909973,-0.6669954061508179,-0.05272878706455231,0.39914625883102417,-0.8857103586196899,-0.0476430207490921,0.8517163395881653,-1.1684199571609497,-0.11457107216119766,0.995441734790802,-0.890230655670166,-0.11529474705457687,0.9154084920883179,-0.6640777587890625,-0.10154781490564346,0.3843003213405609,-0.818873405456543,-0.20864401757717133,0.8052327632904053,-1.005164384841919,-0.25615477561950684,0.9381068348884583,-0.8054731488227844,-0.2242894172668457,0.8801945447921753,-0.605486273765564,-0.1917472928762436
0.0,0.0,0.0,0.4403446614742279,-0.048229463398456573,0.14280404150485992,0.7097650766372681,-0.1973346322774887,0.16123954951763153,0.925056517124176,-0.2922461926937103,0.10310214757919312,0.9828166961669922,-0.44282805919647217,0.05631431192159653,0.5103606581687927,-0.8479862809181213,0.27449971437454224,0.8504117727279663,-1.1044445037841797,0.19002379477024078,0.9804749488830566,-0.8810315728187561,0.09653670340776443,0.9155253171920776,-0.6627832651138306,0.05322898551821709,0.4431489408016205,-0.8875682950019836,0.12586307525634766,0.8479005694389343,-1.1593811511993408,0.06896599382162094,0.979131817817688,-0.899736225605011,0.0017396201146766543,0.8867712616920471,-0.6859981417655945,-0.03644847497344017,0.39515388011932373,-0.8869502544403076,-0.037798769772052765,0.8372767567634583,-1.1725670099258423,-0.09943976998329163,0.9802711009979248,-0.8998227119445801,-0.10139528661966324,0.9029157757759094,-0.674085795879364,-0.0896022766828537,0.3765951097011566,-0.8216915726661682,-0.1976439654827118,0.7909387350082397,-1.0070433616638184,-0.24237361550331116,0.9263470768928528,-0.8083323240280151,-0.2112254649400711,0.8698208332061768,-0.6065126657485962,-0.17961470782756805
0.0,0.0,0.0,0.4418739080429077,-0.04243503138422966,0.14008277654647827,0.7163088917732239,-0.18800978362560272,0.15831947326660156,0.9399669766426086,-0.2840961217880249,0.09956514090299606,0.9777576923370361,-0.43084946274757385,0.051835063844919205,0.513593316078186,-0.8416317701339722,0.28496885299682617,0.8559308052062988,-1.0771275758743286,0.20357835292816162,0.9884499311447144,-0.8595180511474609,0.10909232497215271,0.926578164100647,-0.6470834016799927,0.06439929455518723,0.4469620883464813,-0.8837602734565735,0.13853807747364044,0.8464434742927551,-1.140403151512146,0.07951203733682632,0.9865263104438782,-0.8804469108581543,0.008080165833234787,0.9042052626609802,-0.6662275195121765,-0.031412795186042786,0.40402230620384216,-0.8841982483863831,-0.023415813222527504,0.8367819786071777,-1.166837215423584,-0.0874517485499382,0.9895212054252625,-0.8945798277854919,-0.09551830589771271,0.9200708270072937,-0.6672101616859436,-0.0861845463514328,0.3960171937942505,-0.8193552494049072,-0.1819472312927246,0.8088129758834839,-1.0030813217163086,-0.22866962850093842,0.944926917552948,-0.8085217475891113,-0.20286844670772552,0.8908593058586121,-0.609035849571228,-0.174364373087883
0.0,0.0,0.0,0.4555535316467285,-0.03169144690036774,0.12215486913919449,0.738028347492218,-0.17070230841636658,0.12712623178958893,0.9717073440551758,-0.2692813575267792,0.055858124047517776,0.9813035130500793,-0.4075165092945099,-0.003158402396366,0.519213080406189,-0.8360403776168823,0.2651371955871582,0.8761171102523804,-1.053586483001709,0.17205733060836792,0.9997785091400146,-0.8291714787483215,0.07279059290885925,0.9221014380455017,-0.6146587133407593,0.028121670708060265,0.44925135374069214,-0.8848375082015991,0.12343327701091766,0.8654593825340271,-1.1318628787994385,0.05325771123170853,0.9930464625358582,-0.8649494051933289,-0.01688835211098194,0.8957163691520691,-0.6472335457801819,-0.050655245780944824,0.4132261872291565,-0.8874107003211975,-0.03515685722231865,0.8697622418403625,-1.1636868715286255,-0.11145779490470886,1.0107709169387817,-0.8829957246780396,-0.11536413431167603,0.9292604327201843,-0.6504220962524414,-0.09654474258422852,0.41835862398147583,-0.8193984031677246,-0.19164009392261505,0.8536519408226013,-1.0104559659957886,-0.24035592377185822,0.9861503839492798,-0.8138106465339661,-0.20727960765361786,0.9267868995666504,-0.6110889911651611,-0.17063461244106293
0.0,0.0,0.0,0.4375961422920227,-0.026497794315218925,0.07302656024694443,0.7359989285469055,-0.16215935349464417,0.05428324267268181,0.9767253994941711,-0.27947789430618286,-0.02924698032438755,0.952362060546875,-0.41805729269981384,-0.09542453289031982,0.5241567492485046,-0.8333835601806641,0.209615558385849,0.8644449710845947,-1.0389246940612793,0.1031462550163269,0.991786777973175,-0.8050506114959717,-0.0006172425346449018,0.9198886156082153,-0.5844207406044006,-0.049295466393232346,0.4552420377731323,-0.8859081864356995,0.08900193125009537,0.8527685403823853,-1.1229039430618286,0.007665096316486597,0.9777742624282837,-0.8537707924842834,-0.06269601732492447,0.8818926215171814,-0.6369181871414185,-0.09733240306377411,0.41986167430877686,-0.8917239308357239,-0.05185773968696594,0.8546975255012512,-1.1469241380691528,-0.14300309121608734,0.9877559542655945,-0.8697896003723145,-0.14901426434516907,0.9073581695556641,-0.6426730155944824,-0.13162536919116974,0.4183303713798523,-0.8227719664573669,-0.19463670253753662,0.8477537035942078,-0.9806941151618958,-0.2598150968551636,0.9716493487358093,-0.7805696129798889,-0.2367052435874939,0.9071415662765503,-0.5792099237442017,-0.20647048950195312
0.0,0.0,0.0,0.44002673029899597,-0.020482130348682404,0.07959771901369095,0.7327008843421936,-0.1371694803237915,0.057179130613803864,0.9788178205490112,-0.24245771765708923,-0.03579587861895561,0.976259171962738,-0.4135421812534332,-0.11420317739248276,0.509660005569458,-0.8338606953620911,0.2321673184633255,0.8653268218040466,-1.0232325792312622,0.11299018561840057,1.0196712017059326,-0.8133513331413269,-0.00568908778950572,0.9755154848098755,-0.5903890132904053,-0.058915480971336365,0.44176703691482544,-0.8908449411392212,0.10600560903549194,0.8758686780929565,-1.1171544790267944,0.013486436568200588,1.0099623203277588,-0.8635984659194946,-0.06065330654382706,0.922937273979187,-0.6404580473899841,-0.0919242724776268,0.41462084650993347,-0.8995734453201294,-0.0433107390999794,0.8926668763160706,-1.1426215171813965,-0.14741218090057373,1.0218569040298462,-0.8742898106575012,-0.15592621266841888,0.9400455355644226,-0.6446011066436768,-0.1331666260957718,0.42983701825141907,-0.8332176804542542,-0.19401654601097107,0.8891721963882446,-0.9878948330879211,-0.26117950677871704,1.0029150247573853,-0.7896460890769958,-0.2325202226638794,0.9295302629470825,-0.5817462205886841,-0.19445271790027618
0.0,0.0,0.0,0.432795912027359,-0.031202267855405807,0.06969977170228958,0.7276477217674255,-0.12721732258796692,0.04083606228232384,0.9631920456886292,-0.22815535962581635,-0.058720268309116364,0.9602673053741455,-0.415156751871109,-0.14213548600673676,0.5458822846412659,-0.8109937310218811,0.2399751991033554,0.8929541707038879,-0.9907225966453552,0.1110602542757988,1.0214622020721436,-0.764542818069458,-0.018307864665985107,0.9723053574562073,-0.5397239923477173,-0.0786135122179985,0.4716017544269562,-0.8741186261177063,0.11622519046068192,0.889121949672699,-1.0942176580429077,0.00982053391635418,0.9940146803855896,-0.8296850919723511,-0.07746380567550659,0.9042028784751892,-0.606400191783905,-0.11547493934631348,0.43581610918045044,-0.8939207196235657,-0.03331603854894638,0.8979814052581787,-1.136278510093689,-0.1519819051027298,0.9883110523223877,-0.8615137338638306,-0.16650570929050446,0.8977054357528687,-0.6276034712791443,-0.14370311796665192,0.4383455812931061,-0.8400574326515198,-0.184845432639122,0.9117118120193481,-0.9846630692481995,-0.263297975063324,0.9931234121322632,-0.7740936875343323,-0.2389267086982727,0.9031577706336975,-0.5598753690719604,-0.20108217000961304
0.0,0.0,0.0,0.4311145842075348,-0.01701909303665161,0.04513668268918991,0.7411656379699707,-0.13071569800376892,0.012952997349202633,0.9770636558532715,-0.2555783987045288,-0.0832253098487854,0.9617227911949158,-0.45314791798591614,-0.16058751940727234,0.5607039928436279,-0.8014459013938904,0.1967955380678177,0.9069333672523499,-1.0162638425827026,0.061309732496738434,1.0259710550308228,-0.7714470624923706,-0.059901658445596695,0.9592569470405579,-0.5453734993934631,-0.11289932578802109,0.48742640018463135,-0.8690819144248962,0.0843326672911644,0.8965203762054443,-1.1179479360580444,-0.02947612851858139,0.9936333298683167,-0.8282928466796875,-0.10943552851676941,0.8892253637313843,-0.6067461967468262,-0.1408853530883789,0.44642317295074463,-0.8934888243675232,-0.054608024656772614,0.902754008769989,-1.1486778259277344,-0.18602007627487183,0.9849131107330322,-0.8459694385528564,-0.1976555734872818,0.8782340288162231,-0.6067272424697876,-0.16982291638851166,0.43654268980026245,-0.8474418520927429,-0.19668063521385193,0.8912680745124817,-1.0090965032577515,-0.2894107401371002,0.9704711437225342,-0.7819272875785828,-0.2686038613319397,0.8708329796791077,-0.5598301291465759,-0.23120903968811035
0.0,0.0,0.0,0.42103666067123413,-0.00918146874755621,0.03702825680375099,0.7232850790023804,-0.1296209692955017,0.006916070822626352,0.9597579836845398,-0.26598209142684937,-0.086886465549469,0.9456813335418701,-0.4702492654323578,-0.16226667165756226,0.5616116523742676,-0.7969615459442139,0.2093111127614975,0.9080100059509277,-1.0313541889190674,0.07077138870954514,1.000005841255188,-0.8015672564506531,-0.05715461075305939,0.9044768214225769,-0.5843427181243896,-0.11240217089653015,0.4968049228191376,-0.8618502616882324,0.10197494179010391,0.9056857228279114,-1.1174997091293335,-0.013319607824087143,0.9854938387870789,-0.8317084908485413,-0.1026453748345375,0.8610494136810303,-0.6263726949691772,-0.13824938237667084,0.4565267562866211,-0.8893074989318848,-0.033703599125146866,0.9069583415985107,-1.141491413116455,-0.1680247038602829,0.9821627140045166,-0.8384205102920532,-0.19039401412010193,0.8574512600898743,-0.6114686131477356,-0.16598133742809296,0.43418172001838684,-0.8517662882804871,-0.17243769764900208,0.8843680620193481,-1.0273970365524292,-0.26604244112968445,0.9837450981140137,-0.8026719093322754,-0.24963487684726715,0.8921575546264648,-0.5867100358009338,-0.21306416392326355
0.0,0.0,0.0,0.42909806966781616,-0.023482760414481163,0.046886101365089417,0.7306618690490723,-0.1498357504606247,0.0324285551905632,0.9487382769584656,-0.29615962505340576,-0.04565085470676422,0.9074227213859558,-0.48751014471054077,-0.10504575818777084,0.5805519819259644,-0.7747737169265747,0.23028255999088287,0.9076671600341797,-0.982571542263031,0.10762365907430649,0.9741384387016296,-0.7470657229423523,-0.004118429962545633,0.8690525889396667,-0.5412629842758179,-0.05110311508178711,0.5142995119094849,-0.8485654592514038,0.12422868609428406,0.9014805555343628,-1.0777279138565063,0.01845630630850792,0.9483249187469482,-0.788402795791626,-0.05590314418077469,0.8114445209503174,-0.5831242203712463,-0.07955124974250793,0.47063595056533813,-0.884229838848114,-0.010093005374073982,0.9069638252258301,-1.1210548877716064,-0.14158985018730164,0.9460237622261047,-0.8149848580360413,-0.15300364792346954,0.8117653727531433,-0.5915071964263916,-0.11933665722608566,0.43818873167037964,-0.8570237755775452,-0.14672689139842987,0.862999439239502,-1.0248113870620728,-0.24046534299850464,0.9229663610458374,-0.7999840378761292,-0.21972832083702087,0.8178182244300842,-0.5887412428855896,-0.1788499802350998
0.0,0.0,0.0,0.4300766587257385,-0.004073812626302242,0.042607150971889496,0.7386500239372253,-0.13390286266803741,0.01631259359419346,0.9821769595146179,-0.2755591869354248,-0.07401181012392044,0.9268484115600586,-0.45794716477394104,-0.1457819938659668,0.5560204386711121,-0.806026816368103,0.21354691684246063,0.8998669385910034,-1.0279710292816162,0.08871255815029144,0.9955691695213318,-0.7848304510116577,-0.03136490657925606,0.900168240070343,-0.5671958923339844,-0.0853889063000679,0.4898131787776947,-0.8652046322822571,0.10725681483745575,0.8850781321525574,-1.1119847297668457,0.0060007707215845585,0.9743034839630127,-0.8181089758872986,-0.07884322851896286,0.8598417639732361,-0.6109386086463928,-0.1156219020485878,0.45654964447021484,-0.8847781419754028,-0.025367496535182,0.8885111808776855,-1.1433333158493042,-0.1430206447839737,0.9831095933914185,-0.8404219150543213,-0.16420245170593262,0.8722162246704102,-0.6065536737442017,-0.1455865502357483,0.4468552768230438,-0.8422484993934631,-0.16184043884277344,0.8816094398498535,-1.0161330699920654,-0.24193035066127777,0.9805315136909485,-0.7949170470237732,-0.22730708122253418,0.8920723795890808,-0.5788328647613525,-0.19778074324131012
0.0,0.0,0.0,0.43727946281433105,0.008855057880282402,0.06763732433319092,0.7314100861549377,-0.1270720660686493,0.06069851294159889,0.9661908149719238,-0.2574009895324707,-0.013910516165196896,0.9436389803886414,-0.4178486764431,-0.07045692950487137,0.5855425000190735,-0.7759417295455933,0.2574154734611511,0.8835573792457581,-0.9914655685424805,0.1496763825416565,0.9811042547225952,-0.7743580937385559,0.04422011226415634,0.8842407464981079,-0.5676792860031128,-9.433163359062746e-05,0.5167291760444641,-0.8448090553283691,0.1388835459947586,0.8678266406059265,-1.0995774269104004,0.026774052530527115,0.9582031965255737,-0.8129156827926636,-0.057993605732917786,0.8374045491218567,-0.5984784364700317,-0.08557667583227158,0.4668698310852051,-0.8801531195640564,-0.00486804498359561,0.8678385615348816,-1.155936360359192,-0.12750908732414246,0.9691389799118042,-0.8537966012954712,-0.14514100551605225,0.8541098833084106,-0.6239615082740784,-0.11807239055633545,0.43233242630958557,-0.8607586622238159,-0.15036608278751373,0.845982015132904,-1.0359439849853516,-0.23206861317157745,0.9644415378570557,-0.8317638635635376,-0.2132955640554428,0.888248860836029,-0.6421478390693665,-0.17745976150035858
0.0,0.0,0.0,0.44383224844932556,-0.004334418568760157,0.08578133583068848,0.7324696779251099,-0.1289922297000885,0.08721631020307541,0.9808704257011414,-0.2603015899658203,0.012139384634792805,0.9677618145942688,-0.4397335350513458,-0.047759681940078735,0.5598738193511963,-0.769588053226471,0.3258260190486908,0.8493136763572693,-0.9848072528839111,0.2296379953622818,0.9545161128044128,-0.7743732929229736,0.11572766304016113,0.8709115982055664,-0.5664119720458984,0.06151822209358215,0.49823084473609924,-0.8439493775367737,0.1987849473953247,0.8464245796203613,-1.1066018342971802,0.099039226770401,0.9516212940216064,-0.8343205451965332,-7.314729009522125e-05,0.8466924428939819,-0.602931022644043,-0.040986064821481705,0.4539293348789215,-0.8824571967124939,0.04430854320526123,0.8531796932220459,-1.1688112020492554,-0.07604994624853134,0.9724331498146057,-0.8688886165618896,-0.11110737919807434,0.8740423917770386,-0.6180890202522278,-0.09657704085111618,0.4282335638999939,-0.8618089556694031,-0.11064992845058441,0.8554784655570984,-1.020294427871704,-0.19629926979541779,0.9959484934806824,-0.809515118598938,-0.1903037279844284,0.9421446323394775,-0.6020186543464661,-0.16393029689788818
0.0,0.0,0.0,0.41492247581481934,-0.0284468624740839,0.07001849263906479,0.6991824507713318,-0.16178812086582184,0.05831500142812729,0.9342791438102722,-0.2743305563926697,-0.019024107605218887,1.011458158493042,-0.49878770112991333,-0.07790424674749374,0.5208373069763184,-0.8161407113075256,0.25852712988853455,0.8347815871238708,-1.055017113685608,0.15455792844295502,0.9654828310012817,-0.8318291902542114,0.042135823518037796,0.9017204642295837,-0.6119806170463562,-0.010791868902742863,0.46729663014411926,-0.8727132081985474,0.14144060015678406,0.8366228342056274,-1.1390933990478516,0.06692206114530563,0.9641140103340149,-0.8876326680183411,-0.020978372544050217,0.8796786069869995,-0.6731691956520081,-0.06916406750679016,0.4132482707500458,-0.8931627869606018,-0.0005798550555482507,0.8285248279571533,-1.1625027656555176,-0.0857836902141571,0.9671328067779541,-0.8923926949501038,-0.111702561378479,0.890902578830719,-0.6624744534492493,-0.1099163070321083,0.3765016496181488,-0.8494259119033813,-0.14434213936328888,0.7928043603897095,-1.000690221786499,-0.20853769779205322,0.9225616455078125,-0.796026349067688,-0.1942850649356842,0.8585269451141357,-0.5880926251411438,-0.17029906809329987
0.0,0.0,0.0,0.4135507345199585,-0.05549367517232895,0.11551522463560104,0.7024379968643188,-0.18642476201057434,0.12068568915128708,0.9108946323394775,-0.26712653040885925,0.0625954195857048,0.9368892908096313,-0.3923659324645996,0.015283036045730114,0.5310565233230591,-0.8644355535507202,0.21340379118919373,0.819190502166748,-1.0702707767486572,0.10853296518325806,0.998418390750885,-0.8924779891967773,-0.0014377004699781537,1.0229954719543457,-0.6931763291358948,-0.058179885149002075,0.4527907371520996,-0.8882223963737488,0.07772691547870636,0.8197117447853088,-1.0966713428497314,-0.0012236443581059575,1.0021471977233887,-0.8893529176712036,-0.07044507563114166,0.9906491041183472,-0.6766442060470581,-0.1053161770105362,0.4015825688838959,-0.8557311296463013,-0.07211095839738846,0.7986496686935425,-1.0511445999145508,-0.14859162271022797,0.9689237475395203,-0.8311989903450012,-0.15392205119132996,0.9607235193252563,-0.6252734661102295,-0.13985075056552887,0.3860219419002533,-0.7480424046516418,-0.22072146832942963,0.756754457950592,-0.8500192761421204,-0.26510003209114075,0.8813576102256775,-0.6856122016906738,-0.23492275178432465,0.8664364218711853,-0.5055937767028809,-0.20037272572517395
0.0,0.0,0.0,0.43501630425453186,-0.09991981089115143,0.11880334466695786,0.6794037818908691,-0.23835596442222595,0.10785189270973206,0.8697180151939392,-0.31886690855026245,0.040089432150125504,0.9351755976676941,-0.41116446256637573,-0.013723676092922688,0.3914083242416382,-0.9393909573554993,0.1147531121969223,0.8614456057548523,-1.0251120328903198,0.009485360234975815,0.9557493925094604,-0.7674979567527771,-0.08175305277109146,0.8815543055534363,-0.5819723010063171,-0.12986695766448975,0.33899009227752686,-0.9405607581138611,-0.020765909925103188,0.884178102016449,-1.0333691835403442,-0.0880531519651413,0.9804996252059937,-0.765243649482727,-0.12327461689710617,0.8918291330337524,-0.5883339643478394,-0.14338159561157227,0.3345099687576294,-0.8595582246780396,-0.1603529155254364,0.8670837879180908,-0.9751604199409485,-0.2204025685787201,0.9500937461853027,-0.7200179100036621,-0.18941454589366913,0.8645747303962708,-0.5512785911560059,-0.15868298709392548,0.3717799782752991,-0.696925938129425,-0.29577600955963135,0.8110464811325073,-0.7711724638938904,-0.3083420991897583,0.8734034299850464,-0.5937172770500183,-0.2450811117887497,0.802048921585083,-0.4454958140850067,-0.1963680535554886
0.0,0.0,0.0,0.45960894227027893,-0.10118209570646286,0.13287410140037537,0.7009910345077515,-0.2406911998987198,0.12837527692317963,0.887376070022583,-0.314961701631546,0.06559666991233826,0.9642345905303955,-0.39093735814094543,0.016530556604266167,0.4026571810245514,-0.940676212310791,0.11546038091182709,0.8909385204315186,-1.0262134075164795,0.009381656534969807,0.9887141585350037,-0.7665638327598572,-0.07740829885005951,0.9211643934249878,-0.5738226771354675,-0.12073719501495361,0.3537255823612213,-0.935040295124054,-0.024037839844822884,0.9339004755020142,-1.0216467380523682,-0.09694094955921173,1.0222870111465454,-0.7389264106750488,-0.12305586785078049,0.9328782558441162,-0.5515460968017578,-0.1330181211233139,0.35842564702033997,-0.8528457880020142,-0.1660161167383194,0.9207689166069031,-0.9564839601516724,-0.2258429080247879,0.9898358583450317,-0.6893078684806824,-0.1844305694103241,0.8978890776634216,-0.5129441022872925,-0.1436019092798233,0.40395259857177734,-0.6955903172492981,-0.3028736710548401,0.8469540476799011,-0.773981511592865,-0.3101803660392761,0.9079917669296265,-0.5955489277839661,-0.23990358412265778,0.8421461582183838,-0.44759854674339294,-0.1850757747888565
0.0,0.0,0.0,0.42053893208503723,-0.04717303067445755,0.06025270000100136,0.6768403053283691,-0.17573940753936768,0.025469712913036346,0.8746788501739502,-0.2628202736377716,-0.060687627643346786,0.94223552942276,-0.3809846341609955,-0.13025367259979248,0.4221075177192688,-0.927287757396698,0.099245086312294,0.8925342559814453,-1.0340943336486816,-0.03210195153951645,0.9973475933074951,-0.7880858778953552,-0.14262017607688904,0.924214780330658,-0.5906505584716797,-0.19253644347190857,0.36599472165107727,-0.9305885434150696,-0.0072645810432732105,0.9159836769104004,-1.0470775365829468,-0.09904631227254868,1.0061299800872803,-0.7908371090888977,-0.1454852819442749,0.9134630560874939,-0.593610405921936,-0.16186395287513733,0.3558123707771301,-0.868737518787384,-0.1272803246974945,0.9015995860099792,-0.9894050359725952,-0.2094915211200714,0.9753150343894958,-0.7396708726882935,-0.19046060740947723,0.8878241181373596,-0.5449535846710205,-0.15627647936344147,0.38914069533348083,-0.7353428602218628,-0.24864040315151215,0.8356228470802307,-0.8142644166946411,-0.27493587136268616,0.8931997418403625,-0.6385809183120728,-0.22167783975601196,0.8212330937385559,-0.4790099859237671,-0.17273177206516266
0.0,0.0,0.0,0.4296507239341736,-0.06067294254899025,0.07527311891317368,0.7017632126808167,-0.1757802814245224,0.05605528503656387,0.9145121574401855,-0.2719267010688782,-0.025726256892085075,0.943419337272644,-0.4362192749977112,-0.08776183426380157,0.44833672046661377,-0.876400351524353,0.20217546820640564,0.840958297252655,-1.0533745288848877,0.08288116753101349,0.9692221879959106,-0.8100787401199341,-0.029997527599334717,0.908071756362915,-0.5890265107154846,-0.07920697331428528,0.3873046040534973,-0.9177395701408386,0.0880299061536789,0.8447033166885376,-1.1314680576324463,0.006067879032343626,0.9701430201530457,-0.8610817193984985,-0.05318545550107956,0.8927028179168701,-0.6379165053367615,-0.07600488513708115,0.3718145191669464,-0.8976044654846191,-0.046039871871471405,0.8689993023872375,-1.1337435245513916,-0.13062816858291626,0.981269896030426,-0.8546050786972046,-0.11798232793807983,0.905288815498352,-0.6233875155448914,-0.08302630484104156,0.4004906713962555,-0.8026895523071289,-0.18221963942050934,0.8469439744949341,-0.9483391046524048,-0.22679466009140015,0.9423926472663879,-0.7585557103157043,-0.18324828147888184,0.8793800473213196,-0.5718880891799927,-0.13551738858222961
0.0,0.0,0.0,0.44614943861961365,-0.035632506012916565,0.07764419913291931,0.7338658571243286,-0.14821791648864746,0.06786458194255829,0.9626136422157288,-0.2491820901632309,-0.012857336550951004,0.9990320801734924,-0.4309283196926117,-0.07821890711784363,0.5373255610466003,-0.8096780180931091,0.2579975128173828,0.9095175266265869,-0.999477207660675,0.13996084034442902,1.0390459299087524,-0.7826289534568787,0.01793339103460312,0.9871087074279785,-0.5654298067092896,-0.03664484992623329,0.47852906584739685,-0.8668845891952515,0.13971780240535736,0.9033598899841309,-1.1011346578598022,0.0464300811290741,1.0309436321258545,-0.8376160860061646,-0.03978978469967842,0.9518755078315735,-0.60823655128479,-0.0759769007563591,0.46069180965423584,-0.8825083374977112,-0.002418806776404381,0.9152840375900269,-1.1362711191177368,-0.10566182434558868,1.0322476625442505,-0.8549292683601379,-0.12207178771495819,0.9501698613166809,-0.6134399175643921,-0.09828511625528336,0.48121437430381775,-0.8317774534225464,-0.14622366428375244,0.8932685852050781,-1.0215274095535278,-0.20827607810497284,0.999701201915741,-0.8240370750427246,-0.1802234947681427,0.929391086101532,-0.6112231016159058,-0.13890479505062103
0.0,0.0,0.0,0.4462862014770508,-0.033405136317014694,0.06994323432445526,0.7355238199234009,-0.1512553095817566,0.0575174055993557,0.9818134307861328,-0.2747562825679779,-0.028703991323709488,0.9866237044334412,-0.47593942284584045,-0.10299036651849747,0.48779913783073425,-0.812680721282959,0.3087832033634186,0.8346232175827026,-0.9932284951210022,0.2165096253156662,0.9984906315803528,-0.8254111409187317,0.10100057721138,0.9829983711242676,-0.6177341341972351,0.04678923636674881,0.43491029739379883,-0.8791208267211914,0.1949348896741867,0.8303647637367249,-1.1282477378845215,0.11379984021186829,1.0050010681152344,-0.903912365436554,0.015627039596438408,0.9745076894760132,-0.667930006980896,-0.02839040197432041,0.4199712872505188,-0.9080625176429749,0.05533522740006447,0.8418892621994019,-1.1698403358459473,-0.040775399655103683,1.0161205530166626,-0.9147934913635254,-0.07801441103219986,0.9731656312942505,-0.6593989729881287,-0.0667508915066719,0.4475194215774536,-0.8766933679580688,-0.08684221655130386,0.8484298586845398,-1.1007503271102905,-0.14202666282653809,1.008378267288208,-0.9309799075126648,-0.12278115749359131,0.9857712388038635,-0.7032024264335632,-0.08737512677907944
0.0,0.0,0.0,0.4398261606693268,-0.02426437847316265,0.07597111165523529,0.7276486158370972,-0.15588361024856567,0.08018232136964798,0.9675008058547974,-0.2857871353626251,0.00929202325642109,0.9702557325363159,-0.4902792274951935,-0.04898566007614136,0.48549696803092957,-0.7901898622512817,0.3717876076698303,0.797785222530365,-0.9422184228897095,0.2959781587123871,0.9475300312042236,-0.7868927121162415,0.18036627769470215,0.9216947555541992,-0.5892931222915649,0.12606275081634521,0.4312673509120941,-0.8636245727539062,0.26107683777809143,0.7942560315132141,-1.0932012796401978,0.1918358951807022,0.9550279378890991,-0.8856511116027832,0.08711986988782883,0.9259682297706604,-0.6583843231201172,0.04055342078208923,0.4147260785102844,-0.9042330980300903,0.12165268510580063,0.8081852793693542,-1.1485066413879395,0.03868340328335762,0.9720074534416199,-0.9137001633644104,-0.007599863223731518,0.9309138059616089,-0.6656628251075745,-0.0016430853866040707,0.43798428773880005,-0.8877240419387817,-0.02095860056579113,0.817348837852478,-1.1082266569137573,-0.06354079395532608,0.9814395904541016,-0.9631397128105164,-0.04765821993350983,0.9785561561584473,-0.7498869299888611,-0.014640101231634617
0.0,0.0,0.0,0.4492495357990265,-0.025195414200425148,0.07386475056409836,0.7427129745483398,-0.14700575172901154,0.06952382624149323,0.9832419753074646,-0.2700928747653961,-0.007415459956973791,0.9727540016174316,-0.46407607197761536,-0.07002584636211395,0.5199892520904541,-0.7951379418373108,0.31038033962249756,0.8441250324249268,-0.9910548329353333,0.20779713988304138,0.9854581952095032,-0.8101964592933655,0.08954306691884995,0.9455166459083557,-0.5996795296669006,0.03557160869240761,0.46203652024269104,-0.8656883835792542,0.19262880086898804,0.8508418202400208,-1.1146438121795654,0.10233844071626663,0.9913682341575623,-0.8745116591453552,0.008736414834856987,0.9242951273918152,-0.6465874314308167,-0.029523026198148727,0.43289852142333984,-0.900312066078186,0.04689628630876541,0.8663108944892883,-1.1483542919158936,-0.061996471136808395,0.9970576167106628,-0.8784958124160767,-0.09298522025346756,0.9171268343925476,-0.6396223902702332,-0.075424924492836,0.4365845024585724,-0.8740500807762146,-0.10082286596298218,0.8536646366119385,-1.0599381923675537,-0.1700400859117508,0.9801112413406372,-0.8634500503540039,-0.1514648050069809,0.9226410388946533,-0.6452360153198242,-0.1149238720536232
0.0,0.0,0.0,0.4478992223739624,-0.02180604264140129,0.08464919030666351,0.7340872287750244,-0.13554303348064423,0.08395598828792572,0.9661986827850342,-0.24702608585357666,0.01159602403640747,0.9916408061981201,-0.42364436388015747,-0.04572855308651924,0.5476690530776978,-0.7882164120674133,0.28361862897872925,0.8860204815864563,-0.9665577411651611,0.18435195088386536,0.9863251447677612,-0.7556111216545105,0.07842189818620682,0.904089629650116,-0.5530644655227661,0.03241544961929321,0.4827919900417328,-0.860397219657898,0.16318196058273315,0.8942469358444214,-1.0928771495819092,0.08014647662639618,0.984629213809967,-0.8324095010757446,0.0055669741705060005,0.8752545118331909,-0.6206738948822021,-0.021920690312981606,0.4513891041278839,-0.8898941278457642,0.018080029636621475,0.9084158539772034,-1.1364562511444092,-0.08592206239700317,0.986028790473938,-0.8530060648918152,-0.0992824137210846,0.8746690154075623,-0.6268294453620911,-0.0737733319401741,0.4533992409706116,-0.852277934551239,-0.12697511911392212,0.8852627873420715,-1.0079156160354614,-0.1933046132326126,0.952160656452179,-0.7942624688148499,-0.1647004634141922,0.8499876856803894,-0.5887482762336731,-0.12388333678245544
0.0,0.0,0.0,0.4502151906490326,-0.01833764836192131,0.09254906326532364,0.7443231344223022,-0.12060147523880005,0.08198659867048264,0.9932452440261841,-0.22545602917671204,-0.003219432896003127,1.0086439847946167,-0.41108840703964233,-0.07368087023496628,0.5546384453773499,-0.7920075058937073,0.28632423281669617,0.9018569588661194,-0.997049868106842,0.18506908416748047,1.0195426940917969,-0.7853174805641174,0.07853549718856812,0.9435878396034241,-0.5718739032745361,0.03469010442495346,0.49281999468803406,-0.8553521037101746,0.15969081223011017,0.918670117855072,-1.097987174987793,0.07541876286268234,1.0199400186538696,-0.8298438191413879,0.0008601110312156379,0.9098530411720276,-0.6161712408065796,-0.02428038977086544,0.4629615545272827,-0.8816891312599182,0.009597976692020893,0.9292093515396118,-1.1318434476852417,-0.08293010294437408,1.0216491222381592,-0.8477862477302551,-0.0887606292963028,0.9105015397071838,-0.6199467778205872,-0.059574782848358154,0.4623444974422455,-0.8439147472381592,-0.14101755619049072,0.8928709030151367,-1.005037784576416,-0.19331572949886322,0.9790420532226562,-0.7981940507888794,-0.15711666643619537,0.8857657313346863,-0.594407320022583,-0.111440509557724
0.0,0.0,0.0,0.45864108204841614,-0.02855977788567543,0.09446153044700623,0.7535650730133057,-0.12242297828197479,0.07130971550941467,1.0112751722335815,-0.21695436537265778,-0.026954885572195053,1.0385046005249023,-0.4091717600822449,-0.11076059192419052,0.5365404486656189,-0.8227241635322571,0.2460889220237732,0.9287773966789246,-1.0095322132110596,0.1365695595741272,1.0496023893356323,-0.7739201784133911,0.028226714581251144,0.9749349355697632,-0.5586339831352234,-0.017695333808660507,0.4667496085166931,-0.8770647644996643,0.11358767747879028,0.9448951482772827,-1.096174716949463,0.02882929891347885,1.04151451587677,-0.8078881502151489,-0.03940103203058243,0.9291878938674927,-0.6012416481971741,-0.06448865681886673,0.4434328079223633,-0.8861635327339172,-0.038618795573711395,0.9461944103240967,-1.1275001764297485,-0.12710300087928772,1.036810040473938,-0.8297373056411743,-0.1185469850897789,0.9242690205574036,-0.60274738073349,-0.08380596339702606,0.45729392766952515,-0.826336145401001,-0.19143351912498474,0.9082780480384827,-0.9951749444007874,-0.24030503630638123,0.9987819790840149,-0.7839099764823914,-0.19290007650852203,0.9106212854385376,-0.5781333446502686,-0.14082224667072296
0.0,0.0,0.0,0.44523167610168457,-0.012732935138046741,0.11014167219400406,0.7444812059402466,-0.12434756755828857,0.1093074306845665,1.0006033182144165,-0.2195713222026825,0.029662109911441803,1.0120713710784912,-0.3937695622444153,-0.039677876979112625,0.5356870293617249,-0.8045663237571716,0.2994915246963501,0.8948490619659424,-0.9949577450752258,0.2013346552848816,1.0275726318359375,-0.7782617211341858,0.0910443440079689,0.9700125455856323,-0.5572606325149536,0.0416857935488224,0.4794616997241974,-0.8624119758605957,0.16236405074596405,0.9194441437721252,-1.0818860530853271,0.08514979481697083,1.0394833087921143,-0.814395546913147,0.005869098473340273,0.9471217393875122,-0.5923652648925781,-0.027578674256801605,0.4545516073703766,-0.8766896724700928,0.0036068467888981104,0.9318650364875793,-1.1092941761016846,-0.08546914905309677,1.0434627532958984,-0.818143367767334,-0.09809976816177368,0.9491984248161316,-0.5792166590690613,-0.07669640332460403,0.46373406052589417,-0.8218392133712769,-0.1543029248714447,0.8985980153083801,-0.9820337891578674,-0.20777301490306854,1.0042377710342407,-0.7717325091362,-0.17543530464172363,0.9310867786407471,-0.5567114353179932,-0.13422945141792297
0.0,0.0,0.0,0.4503189027309418,-0.019745102152228355,0.13471156358718872,0.739244818687439,-0.13176682591438293,0.14538471400737762,0.9792225360870361,-0.21243862807750702,0.07664654403924942,1.0132149457931519,-0.3779914975166321,0.016873614862561226,0.5588836073875427,-0.8027039766311646,0.2899594306945801,0.9323467016220093,-0.9930623173713684,0.19577080011367798,1.0523626804351807,-0.7737351655960083,0.08699329197406769,0.9809297919273376,-0.5579034090042114,0.0354313962161541,0.4970097541809082,-0.8559004068374634,0.14288417994976044,0.9325841665267944,-1.0775116682052612,0.0702422559261322,1.047371745109558,-0.8178589940071106,-0.012603768147528172,0.9448841214179993,-0.5988293886184692,-0.056206151843070984,0.4623821973800659,-0.8675808310508728,-0.021490415558218956,0.9334823489189148,-1.1135567426681519,-0.10065819323062897,1.0481449365615845,-0.8359290957450867,-0.11545850336551666,0.9510051608085632,-0.6080154180526733,-0.10530787706375122,0.45900991559028625,-0.8133305907249451,-0.18233487010002136,0.8971455693244934,-0.9805339574813843,-0.23400132358074188,0.9974355101585388,-0.7700579166412354,-0.20490369200706482,0.9141442179679871,-0.5619083642959595,-0.1717195212841034
0.0,0.0,0.0,0.43815967440605164,-0.020603129640221596,0.14123988151550293,0.7266926169395447,-0.13329541683197021,0.162114217877388,0.97135990858078,-0.2151024043560028,0.10415422916412354,1.0015751123428345,-0.3762190639972687,0.05702546238899231,0.5458812713623047,-0.8032913208007812,0.3165495693683624,0.9024760723114014,-0.9911133050918579,0.23605100810527802,1.0195212364196777,-0.7817109823226929,0.13724945485591888,0.9455799460411072,-0.5718273520469666,0.09240890294313431,0.4918496906757355,-0.8532969355583191,0.17311346530914307,0.9131573438644409,-1.0663540363311768,0.11578421294689178,1.0229196548461914,-0.8099523186683655,0.04335832595825195,0.9208273887634277,-0.5890319347381592,0.007584456354379654,0.4620509743690491,-0.8607703447341919,0.012272690422832966,0.9215024709701538,-1.0832663774490356,-0.051199961453676224,1.0300105810165405,-0.8111761212348938,-0.053479909896850586,0.9323490858078003,-0.5846721529960632,-0.03463950380682945,0.4575129449367523,-0.8005492091178894,-0.14580166339874268,0.8912500739097595,-0.9548564553260803,-0.18501171469688416,1.0022766590118408,-0.7639563679695129,-0.15022198855876923,0.9321934580802917,-0.5691877007484436,-0.11217975616455078
0.0,0.0,0.0,0.44440627098083496,-0.0030001273844391108,0.0645618736743927,0.7429995536804199,-0.12660422921180725,0.052932944148778915,0.979036271572113,-0.22704119980335236,-0.023431941866874695,1.059899926185608,-0.4125291407108307,-0.08122466504573822,0.5572341084480286,-0.8020482063293457,0.23386095464229584,0.9098891019821167,-0.9859947562217712,0.11117556691169739,1.017399787902832,-0.7403390407562256,-0.008169415406882763,0.9415955543518066,-0.5123967528343201,-0.05888796225190163,0.5005705952644348,-0.8572235703468323,0.12081772834062576,0.9261752367019653,-1.050381064414978,0.020692748948931694,1.029819369316101,-0.7562691569328308,-0.06255115568637848,0.929751455783844,-0.5315303802490234,-0.09629376232624054,0.4685351550579071,-0.8668525218963623,-0.017274051904678345,0.9365301728248596,-1.0764827728271484,-0.12934087216854095,1.0300047397613525,-0.7718449831008911,-0.1457245647907257,0.9236074090003967,-0.5299216508865356,-0.12254177778959274,0.4596286118030548,-0.8103795647621155,-0.15721867978572845,0.8975979685783386,-0.9497112035751343,-0.23873457312583923,0.993135392665863,-0.7204867005348206,-0.21934396028518677,0.9074503183364868,-0.49513953924179077,-0.18117818236351013
0.0,0.0,0.0,0.4468423128128052,-0.0014974299119785428,0.1583893746137619,0.720574676990509,-0.10498258471488953,0.19701287150382996,0.9495663642883301,-0.1903117448091507,0.1458641141653061,1.0448404550552368,-0.37436050176620483,0.09754367172718048,0.6096327304840088,-0.7188487648963928,0.4093746542930603,0.8959046602249146,-0.9138201475143433,0.35160109400749207,1.0397957563400269,-0.7510402798652649,0.255841463804245,1.0219026803970337,-0.5589227080345154,0.21040788292884827,0.5603950619697571,-0.7888076305389404,0.2524677813053131,0.8962558507919312,-1.0207446813583374,0.1805432140827179,1.0307310819625854,-0.7750979661941528,0.07857104390859604,0.9669073224067688,-0.5357680320739746,0.03281945362687111,0.5106703042984009,-0.8328199982643127,0.07437685132026672,0.8914228677749634,-1.0725423097610474,-0.015277856029570103,1.0227510929107666,-0.7972822785377502,-0.060553453862667084,0.9514638185501099,-0.5478107333183289,-0.05725732445716858,0.47367361187934875,-0.8230900764465332,-0.09769110381603241,0.8608106374740601,-1.002833604812622,-0.15418611466884613,1.0003304481506348,-0.8132577538490295,-0.14137157797813416,0.9618732333183289,-0.6003912091255188,-0.11247111856937408
0.0,0.0,0.0,0.44313159584999084,0.01651434227824211,0.12455391138792038,0.7321001291275024,-0.10236737132072449,0.16438089311122894,0.9698308706283569,-0.1879226267337799,0.12139900773763657,1.0930038690567017,-0.33581334352493286,0.08340860158205032,0.6291888952255249,-0.7060297131538391,0.3947729170322418,0.9128919839859009,-0.925311803817749,0.33927246928215027,1.0387647151947021,-0.7626736760139465,0.24149474501609802,1.0073761940002441,-0.58393794298172,0.19192896783351898,0.5854418277740479,-0.7692320346832275,0.2560078799724579,0.9045257568359375,-1.0368847846984863,0.17611876130104065,1.0493619441986084,-0.7915713787078857,0.057904791086912155,1.0003812313079834,-0.5595998167991638,0.0002976220566779375,0.5381103754043579,-0.8130756616592407,0.0933990553021431,0.8985557556152344,-1.1010911464691162,-0.0004846918163821101,1.0471911430358887,-0.825246274471283,-0.06856700778007507,0.9858378171920776,-0.5738195180892944,-0.08135110884904861,0.49770888686180115,-0.814491331577301,-0.06598806381225586,0.8571755290031433,-1.0382136106491089,-0.1299215853214264,1.0062367916107178,-0.8431224226951599,-0.1365475356578827,0.9764756560325623,-0.6213493943214417,-0.12282674759626389
0.0,0.0,0.0,0.4541482925415039,-0.014903765171766281,0.14172020554542542,0.7270091772079468,-0.13064713776111603,0.17417214810848236,0.957379162311554,-0.2181381732225418,0.12085088342428207,1.0766202211380005,-0.3764965534210205,0.07508847862482071,0.5495220422744751,-0.7741004228591919,0.3702886998653412,0.8644647598266602,-0.9704806804656982,0.2931920886039734,1.0105565786361694,-0.7779263854026794,0.19010792672634125,0.980472207069397,-0.5681761503219604,0.14213137328624725,0.5022030472755432,-0.8361480236053467,0.22056414186954498,0.8780784010887146,-1.0859332084655762,0.1396060436964035,1.0305472612380981,-0.8318630456924438,0.03941121697425842,0.9770380258560181,-0.5899306535720825,-0.007379897404462099,0.46988916397094727,-0.8626759648323059,0.04896081984043121,0.8870896697044373,-1.131277322769165,-0.054386433213949203,1.0359556674957275,-0.8377913236618042,-0.10013031959533691,0.9718404412269592,-0.5769860744476318,-0.0966491773724556,0.46198657155036926,-0.8312461376190186,-0.11729377508163452,0.8729448914527893,-1.0121307373046875,-0.18945761024951935,1.0238630771636963,-0.7944916486740112,-0.1801253706216812,0.990729808807373,-0.5621004700660706,-0.15237411856651306
0.0,0.0,0.0,0.4377242624759674,-0.0031079640612006187,0.161857470870018,0.7149875164031982,-0.10917875915765762,0.19565056264400482,0.9563761949539185,-0.1701056808233261,0.14293351769447327,1.0807076692581177,-0.29317811131477356,0.09749594330787659,0.5668923258781433,-0.7766122221946716,0.3629744052886963,0.8948571681976318,-0.9630740880966187,0.28720948100090027,1.0393660068511963,-0.762333333492279,0.18380220234394073,1.0044869184494019,-0.5513714551925659,0.13300246000289917,0.5228468179702759,-0.8272836208343506,0.2055065780878067,0.9145377278327942,-1.045141339302063,0.1354498267173767,1.0552935600280762,-0.7888293266296387,0.045166417956352234,0.9829023480415344,-0.5557155013084412,2.013873563555535e-05,0.49707940220832825,-0.8411256670951843,0.029696499928832054,0.9197961091995239,-1.0661028623580933,-0.050307925790548325,1.0520836114883423,-0.783852756023407,-0.07929976284503937,0.9729061722755432,-0.5439313054084778,-0.07412181049585342,0.49482086300849915,-0.7933748364448547,-0.1411227583885193,0.9037490487098694,-0.9203853607177734,-0.19477644562721252,1.033873438835144,-0.7139248847961426,-0.17814107239246368,0.9786178469657898,-0.5073642730712891,-0.15094947814941406
0.0,0.0,0.0,0.4166163504123688,0.013907300308346748,0.06248541548848152,0.7129166722297668,-0.0913180410861969,0.028089970350265503,0.949927031993866,-0.1561412513256073,-0.06111306697130203,1.0299502611160278,-0.28556886315345764,-0.12777289748191833,0.532874584197998,-0.8505305051803589,0.12661565840244293,0.9859718084335327,-0.9787210822105408,-0.002646067412570119,1.0855618715286255,-0.7027694582939148,-0.11486908793449402,0.9720199108123779,-0.4960671663284302,-0.16536015272140503,0.46346017718315125,-0.8860156536102295,0.01345074363052845,0.9791354537010193,-1.0254780054092407,-0.08231804519891739,1.0798907279968262,-0.7128410339355469,-0.13948185741901398,0.9540516138076782,-0.5025400519371033,-0.16354067623615265,0.43737417459487915,-0.8551148772239685,-0.1151174008846283,0.9851611256599426,-1.020190954208374,-0.20708616077899933,1.0766786336898804,-0.7071312069892883,-0.18427841365337372,0.9575806856155396,-0.49568724632263184,-0.14632177352905273,0.4506750702857971,-0.7435021996498108,-0.2453710287809372,0.9429125189781189,-0.8269281387329102,-0.2953316569328308,1.0240882635116577,-0.6249827742576599,-0.24649140238761902,0.9214079976081848,-0.4656408727169037,-0.19718536734580994
0.0,0.0,0.0,0.42776593565940857,0.028683528304100037,0.04589153826236725,0.7172334790229797,-0.07063060998916626,0.0020809888374060392,0.957232654094696,-0.14993956685066223,-0.08760121464729309,1.0511022806167603,-0.2979021370410919,-0.15348714590072632,0.5027872323989868,-0.8552184104919434,0.07316167652606964,1.0146008729934692,-0.919833242893219,-0.05643713101744652,1.0876137018203735,-0.6425145268440247,-0.16264134645462036,0.961603045463562,-0.442078173160553,-0.21074582636356354,0.4391280710697174,-0.8980813026428223,-0.024831149727106094,1.0183258056640625,-0.9619747996330261,-0.11475488543510437,1.0799485445022583,-0.65050208568573,-0.161777064204216,0.9402211904525757,-0.4655817449092865,-0.18267737329006195,0.43814852833747864,-0.859398603439331,-0.13420285284519196,1.023705005645752,-0.9628797173500061,-0.21892906725406647,1.0769504308700562,-0.6619610786437988,-0.19212393462657928,0.9477905035018921,-0.4758240282535553,-0.1564633697271347,0.48548004031181335,-0.7350236773490906,-0.24526521563529968,0.9938294887542725,-0.7788666486740112,-0.2910562753677368,1.0455925464630127,-0.5738242268562317,-0.24317607283592224,0.9379578828811646,-0.4238593280315399,-0.19626156985759735
0.0,0.0,0.0,0.4179955720901489,0.056512001901865005,-0.02899697795510292,0.7375595569610596,-0.023756371811032295,-0.10898863524198532,0.9958105087280273,-0.10931595414876938,-0.21146593987941742,1.0732228755950928,-0.24651001393795013,-0.28724366426467896,0.5247803926467896,-0.819288432598114,-0.07762042433023453,1.0912996530532837,-0.8558149337768555,-0.23941436409950256,1.216048240661621,-0.5786996483802795,-0.34728819131851196,1.1499820947647095,-0.3680647313594818,-0.3887697160243988,0.46361055970191956,-0.8760448098182678,-0.13270513713359833,1.1192376613616943,-0.9164379835128784,-0.2657691240310669,1.2064448595046997,-0.5994638800621033,-0.3064478635787964,1.0903712511062622,-0.3861735463142395,-0.3093832731246948,0.46991875767707825,-0.842938244342804,-0.1973286271095276,1.1146368980407715,-0.8871144652366638,-0.31216639280319214,1.1578105688095093,-0.5928778052330017,-0.28546828031539917,1.0302327871322632,-0.39590194821357727,-0.238131582736969,0.5254485607147217,-0.7255313396453857,-0.26692435145378113,1.0685054063796997,-0.7226412296295166,-0.3259635269641876,1.1033004522323608,-0.5215380787849426,-0.2848055064678192,0.9901909232139587,-0.36718687415122986,-0.23538410663604736
0.0,0.0,0.0,0.3910565674304962,0.08212213963270187,-0.1437421590089798,0.7351709604263306,0.013262678869068623,-0.2522965669631958,1.013221263885498,-0.09965946525335312,-0.34300699830055237,1.1112545728683472,-0.2341439127922058,-0.3990391790866852,0.5653619170188904,-0.7321574091911316,-0.2399245947599411,1.1406673192977905,-0.7662544846534729,-0.39152204990386963,1.1932345628738403,-0.48904523253440857,-0.46934863924980164,1.0924867391586304,-0.30976203083992004,-0.4911379814147949,0.49662551283836365,-0.8412327766418457,-0.21375364065170288,1.1415454149246216,-0.8506472110748291,-0.34660962224006653,1.1499230861663818,-0.5515246391296387,-0.3609985411167145,1.0014668703079224,-0.3831406831741333,-0.3421461880207062,0.49691241979599,-0.8533364534378052,-0.19523891806602478,1.1110738515853882,-0.8649842739105225,-0.2867850363254547,1.1001118421554565,-0.6112821698188782,-0.23989179730415344,0.9675261378288269,-0.46089282631874084,-0.18461106717586517,0.5362821221351624,-0.7861989736557007,-0.18963997066020966,1.0313833951950073,-0.7782753109931946,-0.22850041091442108,1.0209802389144897,-0.59493488073349,-0.18376585841178894,0.9086237549781799,-0.4716223478317261,-0.1344652771949768
0.0,0.0,0.0,0.35956457257270813,0.11394776403903961,-0.16132701933383942,0.6712394952774048,0.050820011645555496,-0.288635790348053,0.9316449761390686,-0.04314011335372925,-0.39558809995651245,1.0645549297332764,-0.186746284365654,-0.4720783233642578,0.531558096408844,-0.7240901589393616,-0.3040527403354645,1.1450715065002441,-0.7629823684692383,-0.47186610102653503,1.3107473850250244,-0.4980035722255707,-0.552722156047821,1.2777540683746338,-0.3036659061908722,-0.5728678107261658,0.4790971875190735,-0.8332990407943726,-0.2758235037326813,1.1571651697158813,-0.8499765992164612,-0.4272606074810028,1.2892760038375854,-0.5183306336402893,-0.4505382776260376,1.2032982110977173,-0.30713891983032227,-0.4376751184463501,0.4858158528804779,-0.8402796983718872,-0.25323769450187683,1.1488006114959717,-0.857951283454895,-0.37623658776283264,1.218648910522461,-0.5545855760574341,-0.34121888875961304,1.11282479763031,-0.35808831453323364,-0.2884884774684906,0.5285594463348389,-0.7584227919578552,-0.2420574128627777,1.0714519023895264,-0.7378117442131042,-0.31710338592529297,1.119538426399231,-0.5272076725959778,-0.2829201817512512,1.0115065574645996,-0.36887815594673157,-0.234231099486351
0.0,0.0,0.0,0.4025471806526184,0.059668492525815964,-0.038273561745882034,0.7042645215988159,-0.02664540894329548,-0.11089015752077103,0.9354305267333984,-0.12570816278457642,-0.20696642994880676,1.0688951015472412,-0.2929840385913849,-0.27129220962524414,0.5227158665657043,-0.8168449997901917,-0.03716609254479408,1.0685689449310303,-0.8848221898078918,-0.17866699397563934,1.14481782913208,-0.5750989317893982,-0.27055618166923523,1.037092924118042,-0.3689543604850769,-0.30566179752349854,0.4636853039264679,-0.8817256689071655,-0.08692345023155212,1.077759861946106,-0.9449594020843506,-0.1978316754102707,1.1359810829162598,-0.6117300987243652,-0.22549735009670258,1.006055474281311,-0.41701316833496094,-0.22584857046604156,0.4654068648815155,-0.8604040145874023,-0.15188181400299072,1.0888476371765137,-0.9387277960777283,-0.26378706097602844,1.1157057285308838,-0.6206066608428955,-0.22943663597106934,0.983323335647583,-0.41903096437454224,-0.17792737483978271,0.517335832118988,-0.7565760016441345,-0.2229311168193817,1.044534683227539,-0.7888848781585693,-0.2877034842967987,1.0721495151519775,-0.5664246678352356,-0.24475184082984924,0.9563953280448914,-0.39814019203186035,-0.19493436813354492
0.0,0.0,0.0,0.4360722005367279,0.04115523770451546,0.020016899332404137,0.7307926416397095,-0.046067770570516586,-0.025177640840411186,0.9723859429359436,-0.15372046828269958,-0.1254616379737854,1.0068005323410034,-0.35190528631210327,-0.20078295469284058,0.5809335112571716,-0.7825992107391357,0.14412446320056915,0.9983233213424683,-0.9259128570556641,0.0036456016823649406,1.0302594900131226,-0.6388962864875793,-0.12026911973953247,0.8606221079826355,-0.4434121549129486,-0.1791195571422577,0.5225458145141602,-0.8514276742935181,0.04490809142589569,1.0166563987731934,-1.0112615823745728,-0.06858024001121521,1.0306611061096191,-0.6886371374130249,-0.14727726578712463,0.8393319845199585,-0.5257775783538818,-0.1843835860490799,0.5018100142478943,-0.8687352538108826,-0.07873415946960449,1.0409177541732788,-1.014639139175415,-0.20041076838970184,1.039108157157898,-0.6962391138076782,-0.2068115472793579,0.8475927710533142,-0.5216487646102905,-0.1853458732366562,0.5043962001800537,-0.8128949403762817,-0.20698247849941254,1.011857032775879,-0.8470604419708252,-0.2861281931400299,1.0181539058685303,-0.616572916507721,-0.2632474899291992,0.841888964176178,-0.46708595752716064,-0.23327277600765228
0.0,0.0,0.0,0.4437107443809509,0.0119882021099329,0.05604126304388046,0.7238732576370239,-0.08520519733428955,0.03370874747633934,0.9651076793670654,-0.18834280967712402,-0.05997290089726448,1.0775219202041626,-0.4116523563861847,-0.13420918583869934,0.5967271327972412,-0.7585614919662476,0.2596089541912079,0.9476950764656067,-0.9486642479896545,0.14065337181091309,1.0076889991760254,-0.6990532279014587,0.02743479236960411,0.8633025288581848,-0.4948873817920685,-0.019201356917619705,0.5397846102714539,-0.829604983329773,0.14278696477413177,0.983798623085022,-1.0362768173217773,0.038603365421295166,1.0060205459594727,-0.727684736251831,-0.04676319286227226,0.8221150636672974,-0.5389261245727539,-0.07933169603347778,0.4997709393501282,-0.8671518564224243,-0.0030620030593127012,0.998711347579956,-1.069793939590454,-0.12935125827789307,1.0150718688964844,-0.7500488758087158,-0.14975810050964355,0.8342099189758301,-0.5379892587661743,-0.12567239999771118,0.4717074930667877,-0.8463327884674072,-0.15012706816196442,0.9479348063468933,-0.9498258829116821,-0.23867562413215637,1.0063437223434448,-0.7119982242584229,-0.2201003134250641,0.8704947233200073,-0.5176175832748413,-0.1836279034614563
0.0,0.0,0.0,0.42933303117752075,0.0019204356940463185,0.0440266989171505,0.728941023349762,-0.12562419474124908,0.01671084202826023,0.9845157265663147,-0.22740240395069122,-0.0686059519648552,1.1001070737838745,-0.4481951594352722,-0.1306806057691574,0.5530977845191956,-0.8115816712379456,0.16772201657295227,0.9290484189987183,-1.0157253742218018,0.0310690775513649,1.0071008205413818,-0.7148621678352356,-0.08847816288471222,0.8766637444496155,-0.4951733350753784,-0.13957449793815613,0.490911602973938,-0.8692632913589478,0.05820026993751526,0.9554800987243652,-1.0641952753067017,-0.044120125472545624,1.0130014419555664,-0.7223672866821289,-0.1239347830414772,0.8503315448760986,-0.5353663563728333,-0.16344128549098969,0.445757120847702,-0.874209463596344,-0.07448484748601913,0.9453636407852173,-1.0587568283081055,-0.1847219467163086,1.0097322463989258,-0.7215384840965271,-0.1904718577861786,0.8616305589675903,-0.5123926401138306,-0.1696022003889084,0.41402313113212585,-0.8130848407745361,-0.20933060348033905,0.8881835341453552,-0.9202384948730469,-0.2844620645046234,0.9811343550682068,-0.6809806823730469,-0.25397390127182007,0.870036780834198,-0.4956725239753723,-0.21670414507389069
0.0,0.0,0.0,0.4449731409549713,0.019141018390655518,0.04622247815132141,0.7757580876350403,-0.10855717957019806,0.02047225460410118,1.0549906492233276,-0.21445521712303162,-0.06779611855745316,1.14875328540802,-0.4506388306617737,-0.14079158008098602,0.6065171360969543,-0.7790399789810181,0.2112278938293457,0.9672350883483887,-1.0288633108139038,0.09344721585512161,1.1397472620010376,-0.7919792532920837,-0.030007725581526756,1.1000280380249023,-0.576596736907959,-0.09200970083475113,0.5402606725692749,-0.8363246321678162,0.09316368401050568,0.9530735611915588,-1.1205592155456543,-0.01721132919192314,1.1301113367080688,-0.8294299840927124,-0.13383698463439941,1.067323923110962,-0.5987394452095032,-0.19747258722782135,0.47225067019462585,-0.863734781742096,-0.0483696423470974,0.906000018119812,-1.128936767578125,-0.1525433510541916,1.0874626636505127,-0.837685763835907,-0.19937103986740112,1.0211780071258545,-0.5997860431671143,-0.21020568907260895,0.417895644903183,-0.8275188207626343,-0.19348160922527313,0.8530876636505127,-0.9942862391471863,-0.2680723965167999,1.0195661783218384,-0.7863940000534058,-0.2659103572368622,0.9654756188392639,-0.5755136609077454,-0.2522221505641937
0.0,0.0,0.0,0.4464050829410553,-0.0042119985446333885,0.07024749368429184,0.7589399218559265,-0.12922365963459015,0.05667950585484505,1.0260707139968872,-0.23267614841461182,-0.02427923120558262,1.1101911067962646,-0.45528116822242737,-0.08765259385108948,0.6251809597015381,-0.7567171454429626,0.2610609531402588,0.9537975192070007,-0.9984380602836609,0.15161186456680298,1.081864595413208,-0.7589107155799866,0.03894546627998352,1.0096412897109985,-0.543251633644104,-0.012425608932971954,0.5585919618606567,-0.8180651664733887,0.1369098275899887,0.9374269843101501,-1.076703667640686,0.038942694664001465,1.0544852018356323,-0.7918499112129211,-0.055427443236112595,0.952321469783783,-0.5733910202980042,-0.09973927587270737,0.4833962619304657,-0.8528635501861572,-0.012779004871845245,0.8963161706924438,-1.1149911880493164,-0.11065544933080673,1.0218154191970825,-0.8200788497924805,-0.12834836542606354,0.92717444896698,-0.590648353099823,-0.11502598226070404,0.4078387916088104,-0.829988420009613,-0.16517390310764313,0.8218713998794556,-0.9862198233604431,-0.23749539256095886,0.9579150080680847,-0.7761949300765991,-0.21853205561637878,0.8937457203865051,-0.5758013725280762,-0.18789921700954437
0.0,0.0,0.0,0.448726624250412,-0.01837749220430851,0.08535424619913101,0.7589969038963318,-0.13191114366054535,0.06988301873207092,1.0057718753814697,-0.22240793704986572,-0.010885301977396011,1.0371555089950562,-0.4059552848339081,-0.07744479179382324,0.5975393056869507,-0.7995226383209229,0.21579387784004211,0.9326902031898499,-1.0166929960250854,0.10380841791629791,1.0673242807388306,-0.7783403396606445,-0.008619367145001888,1.0132102966308594,-0.5586460828781128,-0.0625210627913475,0.5205567479133606,-0.8493285775184631,0.08753051608800888,0.9199278950691223,-1.079106092453003,-0.0036180184688419104,1.0562381744384766,-0.7993052005767822,-0.09013282507658005,0.9773440361022949,-0.5812205672264099,-0.13478805124759674,0.45490190386772156,-0.8536931872367859,-0.05935118719935417,0.8804896473884583,-1.0968352556228638,-0.14935442805290222,1.035085678100586,-0.8144926428794861,-0.1670314073562622,0.9731981754302979,-0.5874859690666199,-0.15919576585292816,0.4056541919708252,-0.787459671497345,-0.2067650556564331,0.8137024641036987,-0.9351188540458679,-0.27274128794670105,0.9660371541976929,-0.7378119230270386,-0.2562718391418457,0.9349031448364258,-0.5439796447753906,-0.23055216670036316
0.0,0.0,0.0,0.440971702337265,-0.0056053390726447105,0.10303183645009995,0.7512710690498352,-0.13681066036224365,0.1021050289273262,0.996525764465332,-0.21625322103500366,0.03266005590558052,1.0188696384429932,-0.35943421721458435,-0.024333449080586433,0.6061803698539734,-0.8010751605033875,0.2249855101108551,0.9495636820793152,-1.0320074558258057,0.1193690299987793,1.0687333345413208,-0.7837684750556946,0.010695111937820911,0.9920446276664734,-0.5667003989219666,-0.04314500093460083,0.5301671624183655,-0.8432756066322327,0.08836893737316132,0.93299800157547,-1.0861397981643677,0.004605461843311787,1.057558298110962,-0.7935198545455933,-0.08163328468799591,0.9609071016311646,-0.5819689631462097,-0.1304931640625,0.4661140739917755,-0.8426274657249451,-0.06529955565929413,0.8994254469871521,-1.100806713104248,-0.15170401334762573,1.0466933250427246,-0.8067651391029358,-0.1734679937362671,0.9703766703605652,-0.5817123055458069,-0.17211879789829254,0.4191277325153351,-0.7733286619186401,-0.21749527752399445,0.8338229656219482,-0.9272376298904419,-0.2847958505153656,0.9803815484046936,-0.7200282216072083,-0.27294644713401794,0.9335845708847046,-0.526939332485199,-0.25423312187194824
0.0,0.0,0.0,0.4450589418411255,0.004036399535834789,0.09706247597932816,0.7521427869796753,-0.12052039057016373,0.0948016420006752,0.9991084337234497,-0.20629900693893433,0.0253886878490448,1.0123530626296997,-0.343199223279953,-0.028401335701346397,0.6271446943283081,-0.7753092646598816,0.2251877784729004,0.9711315631866455,-0.9804995059967041,0.11929040402173996,1.0680692195892334,-0.7364500761032104,0.02010425738990307,0.9650448560714722,-0.532309353351593,-0.024061057716608047,0.5529691576957703,-0.828273594379425,0.09048686921596527,0.9571067094802856,-1.0407758951187134,-0.004633285105228424,1.0500832796096802,-0.7408300042152405,-0.07826721668243408,0.923326849937439,-0.5411576628684998,-0.11020774394273758,0.4878707230091095,-0.8449530005455017,-0.06275273114442825,0.9241636395454407,-1.0811400413513184,-0.16055186092853546,1.0287518501281738,-0.7732641100883484,-0.16309402883052826,0.9138938188552856,-0.5593690872192383,-0.1402517408132553,0.42821642756462097,-0.8034255504608154,-0.2159314602613449,0.840559720993042,-0.946820080280304,-0.2920849621295929,0.953521728515625,-0.7255091667175293,-0.2682933211326599,0.8725507259368896,-0.5337231159210205,-0.23408138751983643
0.0,0.0,0.0,0.4302752614021301,0.0082025695592165,0.09003137052059174,0.7441734075546265,-0.10031212121248245,0.07551521062850952,1.0058705806732178,-0.1884850263595581,-0.006971933413296938,1.0142902135849,-0.3413347899913788,-0.07542573660612106,0.6685190796852112,-0.7519931793212891,0.19555844366550446,0.9984452724456787,-0.9985045194625854,0.09473635256290436,1.0837123394012451,-0.7381691336631775,0.013313636183738708,0.9669672250747681,-0.5428236126899719,-0.018269050866365433,0.5897555351257324,-0.8053401112556458,0.06013080105185509,0.9849403500556946,-1.030931830406189,-0.03520805761218071,1.0456255674362183,-0.7051771879196167,-0.10103530436754227,0.8901746273040771,-0.5287745594978333,-0.12681779265403748,0.5164412260055542,-0.8345446586608887,-0.0922829657793045,0.9312851428985596,-1.0732251405715942,-0.18915411829948425,1.0107378959655762,-0.7442855834960938,-0.18114787340164185,0.874912679195404,-0.5444828867912292,-0.15104441344738007,0.4389652907848358,-0.8130294680595398,-0.24493347108364105,0.8405587673187256,-0.9793827533721924,-0.3188951015472412,0.9420371055603027,-0.7417793869972229,-0.28644075989723206,0.8420348167419434,-0.55091792345047,-0.24637964367866516
0.0,0.0,0.0,0.43944722414016724,0.005411503836512566,0.11775295436382294,0.71879643201828,-0.11819583922624588,0.13300028443336487,0.9419373273849487,-0.18192319571971893,0.07699853926897049,1.039138674736023,-0.30860307812690735,0.03467242792248726,0.5989657044410706,-0.7930619120597839,0.246735081076622,0.9335939288139343,-1.0106345415115356,0.14437204599380493,1.0626962184906006,-0.7827070355415344,0.040369704365730286,0.9982288479804993,-0.574593722820282,-0.008584598079323769,0.5390450954437256,-0.835344672203064,0.10784092545509338,0.9582862257957458,-1.0411396026611328,0.022672191262245178,1.0708216428756714,-0.7705941796302795,-0.05408415198326111,0.9609693288803101,-0.5698142647743225,-0.09333891421556473,0.4920153021812439,-0.8324935436248779,-0.04908842593431473,0.9524639248847961,-1.0292010307312012,-0.14435835182666779,1.0621775388717651,-0.742121696472168,-0.15792658925056458,0.9581564664840698,-0.5334537029266357,-0.1450881063938141,0.4647520184516907,-0.7614579200744629,-0.20316597819328308,0.9039870500564575,-0.857832133769989,-0.2741490304470062,1.0081350803375244,-0.6439762711524963,-0.2538047730922699,0.9194545149803162,-0.4596705138683319,-0.2243693619966507
0.0,0.0,0.0,0.4322250187397003,-0.008664721623063087,0.08181212842464447,0.6975085139274597,-0.1316911280155182,0.06667491793632507,0.9081588983535767,-0.22622591257095337,-0.004804267082363367,0.9531410932540894,-0.3913833498954773,-0.058921776711940765,0.4625997841358185,-0.8781520128250122,0.16677352786064148,0.90584397315979,-0.9591743350028992,0.0576850101351738,1.0097415447235107,-0.7108275294303894,-0.047267846763134,0.9259622097015381,-0.509297251701355,-0.0978345274925232,0.4177536070346832,-0.9069653153419495,0.053814131766557693,0.9323303699493408,-0.9976406693458557,-0.01561244297772646,1.0329136848449707,-0.7275412678718567,-0.06979085505008698,0.9381548762321472,-0.5258035659790039,-0.098004549741745,0.4193367660045624,-0.8627739548683167,-0.07381638884544373,0.9509119987487793,-0.9748191237449646,-0.14690476655960083,1.0391119718551636,-0.7089301943778992,-0.14016452431678772,0.9464297294616699,-0.5122743248939514,-0.11898081749677658,0.4668814539909363,-0.737703263759613,-0.20122984051704407,0.9367418885231018,-0.8028302788734436,-0.23862138390541077,1.0166988372802734,-0.6048262715339661,-0.19864048063755035,0.9442245960235596,-0.43493571877479553,-0.15929336845874786
0.0,0.0,0.0,0.42473486065864563,-0.014104621484875679,0.08543922007083893,0.6911527514457703,-0.12879467010498047,0.07148434221744537,0.9011940360069275,-0.21998251974582672,-0.00031552062137052417,0.9435321688652039,-0.3719945251941681,-0.05496079474687576,0.4603736102581024,-0.8744514584541321,0.16520416736602783,0.8996326327323914,-0.9643533825874329,0.06203119829297066,0.9788057208061218,-0.7077515721321106,-0.032677363604307175,0.881088376045227,-0.5088290572166443,-0.07748907059431076,0.41276299953460693,-0.9094802737236023,0.049723703414201736,0.928342878818512,-1.0028307437896729,-0.01894567720592022,1.0019274950027466,-0.7169275879859924,-0.0658361092209816,0.8905940651893616,-0.5172494649887085,-0.08818278461694717,0.4147709608078003,-0.8687906265258789,-0.07953975349664688,0.9468534588813782,-0.9969136118888855,-0.1578926295042038,1.014540433883667,-0.7190908193588257,-0.1488751620054245,0.9116786122322083,-0.518319845199585,-0.12396392971277237,0.4608619213104248,-0.7469608783721924,-0.20761023461818695,0.9305052757263184,-0.81977379322052,-0.2530011832714081,1.0101813077926636,-0.6108617782592773,-0.21530237793922424,0.9444817900657654,-0.4327854514122009,-0.17607678472995758
0.0,0.0,0.0,0.42364275455474854,-0.014322849921882153,0.09972718358039856,0.6861835718154907,-0.12490371614694595,0.09266991168260574,0.8964157104492188,-0.21263785660266876,0.0242878757417202,0.9478744864463806,-0.3716699481010437,-0.026959501206874847,0.46678340435028076,-0.8636298775672913,0.20136547088623047,0.8933827877044678,-0.9320794939994812,0.10877051949501038,0.9819117784500122,-0.6852933168411255,0.016316205263137817,0.8924522399902344,-0.4879967272281647,-0.028190838173031807,0.41962364315986633,-0.904167652130127,0.07997997850179672,0.9289395809173584,-0.9741700887680054,0.018148556351661682,1.01006019115448,-0.692975640296936,-0.031246885657310486,0.9015683531761169,-0.4902843236923218,-0.05511140823364258,0.41945943236351013,-0.8736714124679565,-0.05525518208742142,0.9514290690422058,-0.9743977189064026,-0.12681123614311218,1.019590139389038,-0.6935786008834839,-0.11626236140727997,0.9145570993423462,-0.493778258562088,-0.09044977277517319,0.46120572090148926,-0.7626821398735046,-0.18886739015579224,0.9371405839920044,-0.8053252100944519,-0.2261146903038025,1.0068391561508179,-0.5993347764015198,-0.18419627845287323,0.9247412085533142,-0.4290763735771179,-0.14223429560661316
0.0,0.0,0.0,0.4199008643627167,-0.013387034647166729,0.08122911304235458,0.6837840676307678,-0.11946827918291092,0.06628701090812683,0.8926770091056824,-0.20408935844898224,-0.007672359701246023,0.9274083375930786,-0.3539990186691284,-0.06496680527925491,0.4881846308708191,-0.8563196063041687,0.17476721107959747,0.9173657298088074,-0.9179875254631042,0.06364888697862625,0.9723944067955017,-0.6540159583091736,-0.04033520445227623,0.858502984046936,-0.45592182874679565,-0.09028229117393494,0.43592569231987,-0.8980130553245544,0.05950910225510597,0.9463322758674622,-0.9549862146377563,-0.02045421488583088,0.9974249005317688,-0.6611992716789246,-0.0749003067612648,0.8667807579040527,-0.45984983444213867,-0.09808863699436188,0.42816534638404846,-0.8693060278892517,-0.07147819548845291,0.9593214988708496,-0.9545993804931641,-0.16401790082454681,1.002204179763794,-0.6671905517578125,-0.15881170332431793,0.8824650049209595,-0.4692172706127167,-0.13004979491233826,0.45682552456855774,-0.7617078423500061,-0.20132362842559814,0.929759681224823,-0.8088493347167969,-0.2554526925086975,0.9915093779563904,-0.592917263507843,-0.21744404733181,0.9084882736206055,-0.4158773124217987,-0.17403054237365723
0.0,0.0,0.0,0.41794851422309875,0.018123876303434372,0.041877105832099915,0.6907241344451904,-0.0732196792960167,0.004037456586956978,0.9135352373123169,-0.15537473559379578,-0.08041439950466156,0.9573304653167725,-0.30985525250434875,-0.1438203901052475,0.461733341217041,-0.876491367816925,0.1016295775771141,0.9546226859092712,-0.9167816042900085,-0.02558506280183792,1.037779450416565,-0.6585676670074463,-0.13419024646282196,0.9462484121322632,-0.45834657549858093,-0.18496295809745789,0.428518146276474,-0.9034900069236755,0.008831891231238842,0.9965220093727112,-0.958682656288147,-0.08631990849971771,1.064328908920288,-0.6629621386528015,-0.13972139358520508,0.9566431641578674,-0.4529228210449219,-0.15897317230701447,0.44875675439834595,-0.8605359196662903,-0.0985412523150444,1.0201127529144287,-0.9315147399902344,-0.19598105549812317,1.0721204280853271,-0.6479040384292603,-0.18997371196746826,0.9660679697990417,-0.4425373673439026,-0.15903082489967346,0.5105516314506531,-0.7473278045654297,-0.20716655254364014,0.9872577786445618,-0.7717778086662292,-0.2544650733470917,1.049013614654541,-0.5638190507888794,-0.21837587654590607,0.9790164828300476,-0.39238280057907104,-0.17677773535251617
0.0,0.0,0.0,0.42047011852264404,0.008676271885633469,0.0717141181230545,0.6780294179916382,-0.08735968917608261,0.051990047097206116,0.8866837024688721,-0.16423362493515015,-0.017794910818338394,0.9470393657684326,-0.30249902606010437,-0.06869623064994812,0.4559800922870636,-0.8769013285636902,0.1360819935798645,0.9465014934539795,-0.8944112658500671,0.028361311182379723,1.0222481489181519,-0.6431168913841248,-0.06794404238462448,0.9262887239456177,-0.4521883726119995,-0.11401096731424332,0.4271397888660431,-0.9036604762077332,0.03081233613193035,0.9933154582977295,-0.9373397827148438,-0.052173394709825516,1.0509923696517944,-0.6475306749343872,-0.10182863473892212,0.9362679123878479,-0.442158967256546,-0.11929954588413239,0.45293253660202026,-0.8599765300750732,-0.08601841330528259,1.0249648094177246,-0.9024820327758789,-0.17304839193820953,1.0594923496246338,-0.621260941028595,-0.16361676156520844,0.9438865184783936,-0.43193289637565613,-0.131886824965477,0.5218912363052368,-0.7431396842002869,-0.20139162242412567,0.9991752505302429,-0.7474182844161987,-0.2395344227552414,1.0480562448501587,-0.5380810499191284,-0.1964436024427414,0.968207836151123,-0.3776106834411621,-0.15115971863269806
0.0,0.0,0.0,0.4259015619754791,0.002294858917593956,0.06358037889003754,0.6851634383201599,-0.09374745190143585,0.03709801658987999,0.8919137120246887,-0.17373256385326385,-0.03919917345046997,0.9309075474739075,-0.3032822012901306,-0.09506109356880188,0.4461057782173157,-0.8825352191925049,0.11967863887548447,0.9449518322944641,-0.9050192832946777,0.0044379280880093575,0.9983105659484863,-0.635471761226654,-0.08981283754110336,0.8807168006896973,-0.4399973452091217,-0.13315381109714508,0.4171350300312042,-0.9087090492248535,0.01568913832306862,0.9973730444908142,-0.9382498264312744,-0.07401784509420395,1.0299252271652222,-0.6344816088676453,-0.11795549839735031,0.893747091293335,-0.43552085757255554,-0.13023246824741364,0.4446905851364136,-0.8663472533226013,-0.10090690106153488,1.027034044265747,-0.907461404800415,-0.1931920051574707,1.0392075777053833,-0.6175104975700378,-0.17802226543426514,0.9077132940292358,-0.4315830171108246,-0.14167556166648865,0.5139506459236145,-0.7506268620491028,-0.2169913798570633,0.9968193769454956,-0.7514485716819763,-0.2556270956993103,1.024777889251709,-0.5323910713195801,-0.20923879742622375,0.9300079941749573,-0.37182921171188354,-0.16259466111660004
0.0,0.0,0.0,0.4316452741622925,0.0025032723788172007,0.06836678832769394,0.6898549795150757,-0.09471257030963898,0.04222095385193825,0.8948224782943726,-0.17271718382835388,-0.035495832562446594,0.9312085509300232,-0.3029932975769043,-0.0924360454082489,0.4562811553478241,-0.8777292966842651,0.12847667932510376,0.9552097320556641,-0.8938778638839722,0.011522001586854458,1.0205833911895752,-0.6238877773284912,-0.08807891607284546,0.9152207374572754,-0.42778077721595764,-0.13588769733905792,0.4199450612068176,-0.907350480556488,0.01900879293680191,1.0009726285934448,-0.9433508515357971,-0.07318596541881561,1.0488466024398804,-0.6359729170799255,-0.12187720835208893,0.9215599894523621,-0.4303361177444458,-0.1367911547422409,0.44311195611953735,-0.8675147294998169,-0.10313162952661514,1.0301530361175537,-0.9189118146896362,-0.19965052604675293,1.0516376495361328,-0.6212628483772278,-0.18567751348018646,0.9210669994354248,-0.43058064579963684,-0.1486489325761795,0.5131881833076477,-0.751660943031311,-0.22443610429763794,1.0042915344238281,-0.7563820481300354,-0.26881542801856995,1.0422859191894531,-0.5330063700675964,-0.22309696674346924,0.947066068649292,-0.36844804883003235,-0.1754676103591919
0.0,0.0,0.0,0.4342726767063141,0.005764172412455082,0.0556366927921772,0.6906815767288208,-0.0885179415345192,0.018670104444026947,0.8921331167221069,-0.1684209555387497,-0.06762683391571045,0.9235762357711792,-0.3007020056247711,-0.1325497329235077,0.47326409816741943,-0.8706327676773071,0.09680775552988052,0.9685098528862,-0.8966999650001526,-0.026490064337849617,1.020124912261963,-0.6154603362083435,-0.1256345808506012,0.8977885246276855,-0.4184791147708893,-0.17234069108963013,0.43447422981262207,-0.9006433486938477,-0.008584471419453621,1.0180944204330444,-0.9388941526412964,-0.10416875779628754,1.057792067527771,-0.6254504919052124,-0.14920638501644135,0.9172766208648682,-0.4244382679462433,-0.1626265048980713,0.4517892301082611,-0.8646706938743591,-0.12663738429546356,1.0381118059158325,-0.9096094965934753,-0.22344955801963806,1.048653244972229,-0.6096348762512207,-0.2051156461238861,0.9038873314857483,-0.4217733144760132,-0.1673455536365509,0.5122511386871338,-0.7537162899971008,-0.24508656561374664,1.0029124021530151,-0.7474854588508606,-0.2908385396003723,1.0330207347869873,-0.5242786407470703,-0.24516144394874573,0.9257524013519287,-0.3649006187915802,-0.1988162249326706
0.0,0.0,0.0,0.439132958650589,0.010388549417257309,0.04916728660464287,0.6958613991737366,-0.07966261357069016,0.004282844718545675,0.9018903970718384,-0.15655072033405304,-0.09050314873456955,0.9292779564857483,-0.30147528648376465,-0.16190049052238464,0.4831346571445465,-0.8657993078231812,0.10017426311969757,0.9638612270355225,-0.903702974319458,-0.03572141379117966,1.0222444534301758,-0.6272852420806885,-0.14971531927585602,0.9003024697303772,-0.42563337087631226,-0.20516932010650635,0.43723785877227783,-0.8993290066719055,-0.005518265534192324,1.0019762516021729,-0.9578750729560852,-0.10858882963657379,1.0489901304244995,-0.6490117311477661,-0.16190661489963531,0.911275327205658,-0.4507397413253784,-0.1814524084329605,0.4498486816883087,-0.8635234236717224,-0.1261385679244995,1.0286989212036133,-0.925745964050293,-0.22464750707149506,1.0472195148468018,-0.6270765662193298,-0.20459318161010742,0.9040617942810059,-0.4407619535923004,-0.16744495928287506,0.5104786157608032,-0.7466922402381897,-0.24935981631278992,1.0054150819778442,-0.7361544966697693,-0.2963782548904419,1.035908579826355,-0.5207273364067078,-0.25305646657943726,0.9273625612258911,-0.37230533361434937,-0.20953217148780823
0.0,0.0,0.0,0.4480385482311249,0.003908931277692318,0.07082745432853699,0.7046274542808533,-0.0860443189740181,0.03844331204891205,0.9165787696838379,-0.15793931484222412,-0.04805738478899002,0.9444115161895752,-0.2928452789783478,-0.1128806620836258,0.47485747933387756,-0.8682827353477478,0.1274215430021286,0.9483730792999268,-0.9065859317779541,0.00600882712751627,1.022545576095581,-0.6315380334854126,-0.09705127030611038,0.9118484854698181,-0.42728498578071594,-0.14504294097423553,0.42826879024505615,-0.903541624546051,0.014080003835260868,0.9881983995437622,-0.9630150198936462,-0.07627920806407928,1.040995478630066,-0.6505188345909119,-0.12433987855911255,0.9078998565673828,-0.45380067825317383,-0.1401650458574295,0.44224023818969727,-0.8635292053222656,-0.11216749250888824,1.0136771202087402,-0.933601438999176,-0.20359186828136444,1.047607421875,-0.630161702632904,-0.18504953384399414,0.9175660610198975,-0.4393290579319,-0.1482117921113968,0.5066670775413513,-0.7394466400146484,-0.23865869641304016,0.9989157915115356,-0.741028368473053,-0.2803366482257843,1.0369387865066528,-0.5275428295135498,-0.2357797771692276,0.9377680420875549,-0.3770363926887512,-0.19129452109336853
0.0,0.0,0.0,0.45790570974349976,0.014601142145693302,0.0580233670771122,0.7209721803665161,-0.07911023497581482,0.021527057513594627,0.922222375869751,-0.15393562614917755,-0.06860508024692535,0.9365566372871399,-0.29408153891563416,-0.1375560611486435,0.49673327803611755,-0.8596920371055603,0.12110396474599838,0.9674863815307617,-0.9072224497795105,-0.0007164313574321568,1.0323395729064941,-0.6293548941612244,-0.10581871122121811,0.9139028191566467,-0.440917432308197,-0.15650154650211334,0.45114371180534363,-0.8923329710960388,0.014531630091369152,1.008236050605774,-0.9528042078018188,-0.07439512014389038,1.0579330921173096,-0.6389583945274353,-0.12264714390039444,0.9197751879692078,-0.45468541979789734,-0.14063695073127747,0.46355271339416504,-0.8542159199714661,-0.10640735179185867,1.033721685409546,-0.9289330244064331,-0.19770880043506622,1.064223051071167,-0.6204447150230408,-0.17696423828601837,0.9277182817459106,-0.43247324228286743,-0.13902094960212708,0.5231200456619263,-0.7342880368232727,-0.22889234125614166,1.0125223398208618,-0.7553716897964478,-0.27065059542655945,1.0521143674850464,-0.5400909781455994,-0.22327056527137756,0.9479072093963623,-0.38930168747901917,-0.17695486545562744
0.0,0.0,0.0,0.4287358224391937,0.0302901454269886,0.052034348249435425,0.6965082287788391,-0.05311784893274307,0.011718163266777992,0.9067743420600891,-0.12486938387155533,-0.08231063187122345,0.9412649869918823,-0.29544705152511597,-0.15518271923065186,0.5041411519050598,-0.8480631709098816,0.12569883465766907,0.9560300707817078,-0.9192762970924377,-0.0005515337106771767,1.0673561096191406,-0.657312273979187,-0.1123497411608696,0.9815987944602966,-0.4559476673603058,-0.1653294414281845,0.4575040638446808,-0.8889747262001038,0.02034394070506096,0.986808180809021,-0.9825646877288818,-0.06956049799919128,1.0818707942962646,-0.6759735941886902,-0.1296362578868866,0.9716845154762268,-0.47052615880966187,-0.15757659077644348,0.4589010775089264,-0.8551170825958252,-0.10075504332780838,1.0064926147460938,-0.9581999182701111,-0.19787956774234772,1.0758508443832397,-0.647936224937439,-0.1887996792793274,0.9585770964622498,-0.43947288393974304,-0.15936285257339478,0.5058797597885132,-0.7353215217590332,-0.22341595590114594,1.0026150941848755,-0.76734858751297,-0.2742686867713928,1.0734144449234009,-0.5575613379478455,-0.23577775061130524,0.9824841618537903,-0.39693892002105713,-0.1952296793460846
0.0,0.0,0.0,0.4375090003013611,0.02868298441171646,0.04369829595088959,0.7147449254989624,-0.055745113641023636,-0.003023771336302161,0.9291549324989319,-0.1311117559671402,-0.10064134001731873,0.9433130621910095,-0.2841184735298157,-0.17569099366664886,0.5025202631950378,-0.8482032418251038,0.08904802799224854,0.9898576140403748,-0.9090887904167175,-0.057544562965631485,1.0757464170455933,-0.611604630947113,-0.17815330624580383,0.9682767391204834,-0.39371371269226074,-0.23447608947753906,0.4506075084209442,-0.8925865888595581,-0.015558834187686443,1.0233360528945923,-0.9636101722717285,-0.12711341679096222,1.0929590463638306,-0.6298370361328125,-0.18884366750717163,0.9578588008880615,-0.4220145642757416,-0.2130027562379837,0.45585280656814575,-0.8612850308418274,-0.13525016605854034,1.0470573902130127,-0.941379189491272,-0.25244826078414917,1.08400559425354,-0.6070742011070251,-0.24008873105049133,0.9434349536895752,-0.400335431098938,-0.20229871571063995,0.5087730288505554,-0.7465050220489502,-0.25609174370765686,1.0239533185958862,-0.7582762837409973,-0.3212466537952423,1.0673375129699707,-0.5248113870620728,-0.28195828199386597,0.9583916068077087,-0.36085984110832214,-0.2368207573890686
0.0,0.0,0.0,0.4324069321155548,0.024284273386001587,0.05237574875354767,0.7103520631790161,-0.06528313457965851,0.012568769976496696,0.9227486252784729,-0.13956771790981293,-0.07885798811912537,0.9219052195549011,-0.2700338661670685,-0.14847172796726227,0.511843204498291,-0.8482987880706787,0.09459694474935532,0.9927211403846741,-0.9005876779556274,-0.040246713906526566,1.0551177263259888,-0.6014809608459473,-0.1498539000749588,0.9407390356063843,-0.3963845372200012,-0.20157139003276825,0.45676690340042114,-0.8894754648208618,-0.014048653654754162,1.0225355625152588,-0.9509275555610657,-0.12106578052043915,1.0686273574829102,-0.6139422059059143,-0.174501433968544,0.9294512867927551,-0.41202524304389954,-0.19208776950836182,0.4577714800834656,-0.8569433689117432,-0.1361214518547058,1.043845772743225,-0.9276269674301147,-0.24688327312469482,1.0648819208145142,-0.5946817398071289,-0.22851409018039703,0.9234161972999573,-0.39321407675743103,-0.18724600970745087,0.5041683316230774,-0.7412698268890381,-0.259111225605011,1.013846755027771,-0.7577672600746155,-0.3181913495063782,1.0498778820037842,-0.5245715379714966,-0.27480509877204895,0.9456376433372498,-0.36203593015670776,-0.22789742052555084
0.0,0.0,0.0,0.4439994990825653,0.02230743132531643,0.04354792460799217,0.7188252210617065,-0.057327598333358765,0.0018521433230489492,0.9313386082649231,-0.13041460514068604,-0.0922684296965599,0.924668550491333,-0.26668107509613037,-0.1638616919517517,0.5286474823951721,-0.8377293348312378,0.105845607817173,1.0058982372283936,-0.8821315765380859,-0.026813505217432976,1.0460116863250732,-0.583889365196228,-0.1332680881023407,0.9161561727523804,-0.3949836194515228,-0.18287913501262665,0.4758375287055969,-0.8795281052589417,0.0029958165250718594,1.0364495515823364,-0.9229697585105896,-0.10601159930229187,1.0550018548965454,-0.5828522443771362,-0.1572633683681488,0.9016684293746948,-0.39695778489112854,-0.17171886563301086,0.47835347056388855,-0.8519394397735596,-0.11584995687007904,1.054608702659607,-0.8971062302589417,-0.23112209141254425,1.0430585145950317,-0.5627938508987427,-0.21069416403770447,0.8833185434341431,-0.3716053366661072,-0.16407333314418793,0.5224372744560242,-0.7436110377311707,-0.23671382665634155,1.0279738903045654,-0.7548574209213257,-0.2978650629520416,1.0560892820358276,-0.5238999128341675,-0.2539122700691223,0.9509126543998718,-0.366377055644989,-0.20410078763961792
0.0,0.0,0.0,0.44106408953666687,0.0324174202978611,0.05824478343129158,0.7162646651268005,-0.0673418641090393,0.026506653055548668,0.9289844632148743,-0.146701380610466,-0.06069464609026909,0.924648106098175,-0.27826446294784546,-0.12675750255584717,0.5199345946311951,-0.8461068868637085,0.13152511417865753,0.9852734804153442,-0.9119678139686584,0.006054991856217384,1.051920771598816,-0.6198089122772217,-0.10408042371273041,0.9367004632949829,-0.42420995235443115,-0.15832756459712982,0.4698549509048462,-0.8824830055236816,0.021447621285915375,1.0145413875579834,-0.9520470499992371,-0.07036730647087097,1.0681631565093994,-0.6233142018318176,-0.12465891242027283,0.9315884113311768,-0.43527209758758545,-0.14838039875030518,0.473846971988678,-0.8459742069244385,-0.10434268414974213,1.0401115417480469,-0.9304324984550476,-0.2048981785774231,1.074091911315918,-0.6045129895210266,-0.188296377658844,0.9380248188972473,-0.4093233048915863,-0.15205958485603333,0.5215889811515808,-0.726768970489502,-0.23145513236522675,1.0251579284667969,-0.7676041126251221,-0.28355008363723755,1.0733226537704468,-0.5391326546669006,-0.23806947469711304,0.9721655249595642,-0.3751341998577118,-0.1923609972000122
0.0,0.0,0.0,0.42831340432167053,0.054285407066345215,0.0427875816822052,0.7169733643531799,-0.024270687252283096,0.010789048857986927,0.9391807317733765,-0.10026482492685318,-0.07455538213253021,1.0088335275650024,-0.25245192646980286,-0.13950572907924652,0.5311481952667236,-0.818011462688446,0.12464984506368637,0.9898627996444702,-0.8627057671546936,-0.013906242325901985,1.0925897359848022,-0.5808654427528381,-0.13286776840686798,1.0202504396438599,-0.3611280024051666,-0.18578839302062988,0.4886323809623718,-0.8721107244491577,0.025715304538607597,1.0264277458190918,-0.9111896753311157,-0.08079051971435547,1.0952047109603882,-0.5916801691055298,-0.13757993280887604,0.9778262972831726,-0.3714534342288971,-0.15624144673347473,0.49857932329177856,-0.8510579466819763,-0.09277299791574478,1.0540882349014282,-0.8989647626876831,-0.21787723898887634,1.0718194246292114,-0.5696688294410706,-0.20939943194389343,0.9337189197540283,-0.3438543677330017,-0.16716712713241577,0.5502938628196716,-0.7522138357162476,-0.21243108808994293,1.0512218475341797,-0.7799676656723022,-0.2857537865638733,1.0879915952682495,-0.5447240471839905,-0.24492457509040833,0.9777071475982666,-0.3472887873649597,-0.19324970245361328
0.0,0.0,0.0,0.41551506519317627,0.04430501163005829,0.0615607425570488,0.6846714019775391,-0.038564953953027725,0.03692622110247612,0.8981351256370544,-0.12235274910926819,-0.04464942216873169,0.9868320226669312,-0.2802335023880005,-0.1052410751581192,0.5356989502906799,-0.8140932321548462,0.14269044995307922,0.9877327680587769,-0.8801634311676025,0.028142038732767105,1.0363314151763916,-0.5904024839401245,-0.07074683159589767,0.9061319828033447,-0.39253804087638855,-0.11531809717416763,0.49245724081993103,-0.8695456385612488,0.03709693253040314,1.0197151899337769,-0.9217513203620911,-0.043447863310575485,1.0517526865005493,-0.5951647162437439,-0.08850318938493729,0.8988240361213684,-0.398289293050766,-0.10575957596302032,0.5028648972511292,-0.8478555679321289,-0.08489888906478882,1.054864764213562,-0.9336629509925842,-0.1824137568473816,1.0642820596694946,-0.6093591451644897,-0.1621129959821701,0.9112629890441895,-0.4040016829967499,-0.1225314810872078,0.5501513481140137,-0.743755042552948,-0.20753012597560883,1.0468405485153198,-0.7712846398353577,-0.2670060694217682,1.0741350650787354,-0.5370869040489197,-0.22343981266021729,0.9529368281364441,-0.3587084710597992,-0.17597396671772003
0.0,0.0,0.0,0.39592960476875305,0.04234699159860611,0.04426124319434166,0.67134028673172,-0.02696249447762966,0.007988275028765202,0.8960666656494141,-0.10448790341615677,-0.08227981626987457,0.9705328941345215,-0.2782297432422638,-0.1502108871936798,0.5395921468734741,-0.8112858533859253,0.1287475973367691,0.9906958937644958,-0.8823947906494141,0.01219682302325964,1.0368880033493042,-0.5938049554824829,-0.08810058236122131,0.9027440547943115,-0.4020778238773346,-0.13276870548725128,0.4924927055835724,-0.869788646697998,0.03030814230442047,1.0137056112289429,-0.9442853927612305,-0.052901219576597214,1.05280601978302,-0.613761305809021,-0.09979797899723053,0.9047279953956604,-0.4139654338359833,-0.11752443015575409,0.4969108998775482,-0.8545206785202026,-0.08548291772603989,1.0522931814193726,-0.9528963565826416,-0.1876058131456375,1.064887523651123,-0.6205325126647949,-0.16950750350952148,0.9132778644561768,-0.40906402468681335,-0.12972021102905273,0.5381016135215759,-0.7585889101028442,-0.20280593633651733,1.0417560338974,-0.7902848124504089,-0.2642502784729004,1.0691441297531128,-0.5589857697486877,-0.2214604914188385,0.9429247975349426,-0.38483840227127075,-0.17390720546245575
0.0,0.0,0.0,0.4042002558708191,0.07134761661291122,-0.0052696336060762405,0.6872639656066895,-0.012699753977358341,-0.052606742829084396,0.895829439163208,-0.1139148473739624,-0.14331917464733124,0.9783928990364075,-0.29102927446365356,-0.20689965784549713,0.525036633014679,-0.8176889419555664,0.10373224318027496,0.9964821338653564,-0.8677390217781067,-0.031224267557263374,1.066649079322815,-0.5757107734680176,-0.143907368183136,0.957780659198761,-0.3560371398925781,-0.1918516606092453,0.4798145592212677,-0.8768258690834045,0.030893957242369652,1.0100030899047852,-0.9386440515518188,-0.07738154381513596,1.0570650100708008,-0.6087915897369385,-0.13319094479084015,0.9272215962409973,-0.3804027736186981,-0.1467321515083313,0.4846918284893036,-0.8628813028335571,-0.06533531099557877,1.044284462928772,-0.9519252181053162,-0.19087322056293488,1.063828945159912,-0.6260995268821716,-0.18227621912956238,0.9305825233459473,-0.3958187997341156,-0.13741204142570496,0.5275550484657288,-0.7704355120658875,-0.1666061133146286,1.0288726091384888,-0.808188259601593,-0.24878546595573425,1.0667259693145752,-0.5785602927207947,-0.216147780418396,0.9576128125190735,-0.38443443179130554,-0.1666911542415619
0.0,0.0,0.0,0.38019973039627075,0.06050555035471916,-0.027303829789161682,0.6694721579551697,-0.010778446681797504,-0.09958890825510025,0.9042118787765503,-0.10274510830640793,-0.20577862858772278,0.9596434235572815,-0.274493545293808,-0.28293532133102417,0.4904532730579376,-0.8345338702201843,0.0321439653635025,0.976121187210083,-0.8844234347343445,-0.10142768919467926,1.0278372764587402,-0.5860170722007751,-0.2042759358882904,0.8948650360107422,-0.3828222453594208,-0.25025704503059387,0.4604467451572418,-0.8871886134147644,-0.029753150418400764,0.9942708015441895,-0.9313305616378784,-0.12847261130809784,1.025813341140747,-0.6044970154762268,-0.17427730560302734,0.8747947216033936,-0.40723365545272827,-0.1914389580488205,0.4863991439342499,-0.8620423078536987,-0.11114677041769028,1.0456074476242065,-0.9336554408073425,-0.22017037868499756,1.0549236536026,-0.6174720525741577,-0.20209458470344543,0.9122343063354492,-0.41309404373168945,-0.16401495039463043,0.5541388988494873,-0.7572076916694641,-0.19926081597805023,1.044137716293335,-0.7786681652069092,-0.2691989839076996,1.0635411739349365,-0.5481334924697876,-0.23463772237300873,0.942474901676178,-0.3684311509132385,-0.1923549622297287
0.0,0.0,0.0,0.3833855390548706,0.06369172036647797,-0.09465563297271729,0.6881890296936035,-0.0004909121780656278,-0.19997857511043549,0.9076069593429565,-0.1165553405880928,-0.3182041645050049,0.9930132031440735,-0.30480843782424927,-0.40724894404411316,0.4929918944835663,-0.8056755661964417,-0.10606887191534042,1.0009163618087769,-0.8919905424118042,-0.26328960061073303,1.1259689331054688,-0.6055197715759277,-0.36642688512802124,1.0685733556747437,-0.3943031132221222,-0.40919387340545654,0.4529709815979004,-0.8816077709197998,-0.13260816037654877,1.0302035808563232,-0.9638417363166809,-0.25715503096580505,1.1197826862335205,-0.6533246040344238,-0.3016979992389679,1.016392469406128,-0.4518326222896576,-0.31333571672439575,0.47174906730651855,-0.8658615946769714,-0.17602024972438812,1.0623185634613037,-0.9426267743110657,-0.31087157130241394,1.10565984249115,-0.6332655549049377,-0.2949077785015106,0.9972503185272217,-0.424557089805603,-0.2526248097419739,0.5404479503631592,-0.7674707770347595,-0.22780771553516388,1.0394248962402344,-0.7904499173164368,-0.3121137022972107,1.0753799676895142,-0.5636211037635803,-0.2797914147377014,0.9814876914024353,-0.38664013147354126,-0.23459088802337646
0.0,0.0,0.0,0.40508371591567993,0.055787693709135056,-0.04377588629722595,0.6758792996406555,-0.018410731106996536,-0.13413989543914795,0.8795669674873352,-0.11042243242263794,-0.2548378109931946,0.9635858535766602,-0.25269877910614014,-0.3493444323539734,0.48986294865608215,-0.8379414081573486,-0.04401262477040291,1.01406729221344,-0.968052327632904,-0.22020366787910461,1.1741893291473389,-0.6756244897842407,-0.3477459251880646,1.12580406665802,-0.44076722860336304,-0.4029275178909302,0.45093342661857605,-0.88637375831604,-0.1048835813999176,1.0511672496795654,-1.009690284729004,-0.23443688452243805,1.1672725677490234,-0.683743953704834,-0.2857893109321594,1.073195219039917,-0.4715358018875122,-0.3020143210887909,0.4723304808139801,-0.848301887512207,-0.18460214138031006,1.0789096355438232,-0.9517953395843506,-0.3128407299518585,1.141412615776062,-0.6351624131202698,-0.29340609908103943,1.027879238128662,-0.42351430654525757,-0.250703364610672,0.5451444983482361,-0.7286019325256348,-0.27259764075279236,1.0470579862594604,-0.7435605525970459,-0.3468553423881531,1.092246174812317,-0.5163973569869995,-0.3081396520137787,0.9844895601272583,-0.3442968428134918,-0.2616319954395294
0.0,0.0,0.0,0.415031760931015,0.05387413129210472,-0.04469936341047287,0.683714747428894,-0.027282310649752617,-0.13559794425964355,0.8757547736167908,-0.12409162521362305,-0.25499963760375977,0.9398857355117798,-0.26150238513946533,-0.34667158126831055,0.4932093322277069,-0.8405083417892456,-0.0530804805457592,1.0166362524032593,-0.962638795375824,-0.21750815212726593,1.1649621725082397,-0.6721794009208679,-0.3329150676727295,1.1021348237991333,-0.44866710901260376,-0.3827727138996124,0.4512816071510315,-0.885201096534729,-0.11297766119241714,1.0466548204421997,-0.997908353805542,-0.22839559614658356,1.1609457731246948,-0.6920582056045532,-0.26955676078796387,1.0713576078414917,-0.4997076690196991,-0.28357136249542236,0.4661771059036255,-0.8457695841789246,-0.19084496796131134,1.0680429935455322,-0.9384565353393555,-0.2979053556919098,1.1355834007263184,-0.6486506462097168,-0.2750542461872101,1.026862382888794,-0.4580959379673004,-0.23946967720985413,0.5335385799407959,-0.7228667736053467,-0.2784464955329895,1.0275354385375977,-0.7187252640724182,-0.33662959933280945,1.069533348083496,-0.5073285102844238,-0.2981846034526825,0.9607880115509033,-0.35109996795654297,-0.2581557333469391
0.0,0.0,0.0,0.40230318903923035,0.06673632562160492,-0.008742758072912693,0.6892088651657104,-0.007981447502970695,-0.08336451649665833,0.890545129776001,-0.07810480147600174,-0.20219168066978455,0.9622485041618347,-0.22678585350513458,-0.2991177439689636,0.4988703429698944,-0.8433118462562561,0.017675988376140594,1.0121828317642212,-0.9491400122642517,-0.1581588089466095,1.169736623764038,-0.6399601697921753,-0.2918008267879486,1.1254533529281616,-0.39151889085769653,-0.3494870364665985,0.45600682497024536,-0.8876087069511414,-0.06487387418746948,1.0357539653778076,-0.9640974998474121,-0.20331543684005737,1.1183626651763916,-0.6165445446968079,-0.2667851150035858,0.9957115054130554,-0.39028868079185486,-0.285573273897171,0.47715291380882263,-0.8543992638587952,-0.16672073304653168,1.0677345991134644,-0.9200623631477356,-0.31293395161628723,1.088765025138855,-0.5697547793388367,-0.2975400388240814,0.9472271800041199,-0.3370159864425659,-0.24647457897663116,0.5558779835700989,-0.7410634756088257,-0.27301347255706787,1.058491587638855,-0.7635015845298767,-0.35923758149147034,1.0965064764022827,-0.5204710960388184,-0.31533822417259216,0.9862476587295532,-0.33030837774276733,-0.25747063755989075
0.0,0.0,0.0,0.39668911695480347,0.0562087707221508,0.0013724541058763862,0.6844723224639893,-0.018712304532527924,-0.05719852074980736,0.9189800024032593,-0.10232823342084885,-0.1570383757352829,1.013162612915039,-0.286528617143631,-0.23413538932800293,0.4762280583381653,-0.8394156098365784,0.08788549154996872,0.942457914352417,-0.9251384139060974,-0.03785884380340576,1.096321702003479,-0.6645057797431946,-0.15235622227191925,1.0469392538070679,-0.44106560945510864,-0.20690512657165527,0.4574013948440552,-0.889156699180603,0.013574897311627865,0.9935739040374756,-0.9609262943267822,-0.07464145869016647,1.1105564832687378,-0.6544203162193298,-0.14252124726772308,1.0139129161834717,-0.43438270688056946,-0.17825499176979065,0.4884186387062073,-0.8595646619796753,-0.07876116037368774,1.043750286102295,-0.9565619826316833,-0.17902597784996033,1.1358083486557007,-0.6517244577407837,-0.18093325197696686,1.0349855422973633,-0.4290305972099304,-0.15867547690868378,0.5593414902687073,-0.7529756426811218,-0.1752060204744339,1.0438333749771118,-0.7966428399085999,-0.23331871628761292,1.1153919696807861,-0.5749238729476929,-0.19877000153064728,1.0195468664169312,-0.3855142891407013,-0.15835440158843994
0.0,0.0,0.0,0.3950018286705017,0.04997427389025688,0.018149102106690407,0.6749779582023621,-0.032870158553123474,-0.03418892249464989,0.8980885148048401,-0.11202529817819595,-0.13030114769935608,1.0163809061050415,-0.2648696005344391,-0.20730288326740265,0.49121400713920593,-0.8378273248672485,0.06100936606526375,1.0097063779830933,-0.9215271472930908,-0.08172768354415894,1.2167705297470093,-0.6717496514320374,-0.2003719061613083,1.2214311361312866,-0.45089802145957947,-0.25601857900619507,0.4608507752418518,-0.8871023654937744,-0.025804338976740837,1.0701695680618286,-0.9701772928237915,-0.13806991279125214,1.259123682975769,-0.6736485362052917,-0.19970223307609558,1.217139720916748,-0.43870121240615845,-0.22609515488147736,0.4787871241569519,-0.8595218062400818,-0.12804073095321655,1.0994296073913574,-0.9471237063407898,-0.2478666603565216,1.1897766590118408,-0.6327523589134216,-0.23768769204616547,1.0814412832260132,-0.40204519033432007,-0.20196548104286194,0.5396283268928528,-0.7523715496063232,-0.23322923481464386,1.0572614669799805,-0.775188148021698,-0.3037641644477844,1.1057041883468628,-0.552422821521759,-0.2632733881473541,0.9831720590591431,-0.3605402112007141,-0.21484674513339996
0.0,0.0,0.0,0.42107826471328735,0.057803258299827576,-0.029591647908091545,0.6994901299476624,-0.029234522953629494,-0.11362940073013306,0.9298068881034851,-0.11112865805625916,-0.2329408824443817,1.120203971862793,-0.16998042166233063,-0.3321007192134857,0.5023117661476135,-0.832435667514801,-0.0240436103194952,1.0552794933319092,-0.8597357273101807,-0.17411138117313385,1.2559221982955933,-0.6140696406364441,-0.2883412837982178,1.2699471712112427,-0.4190758764743805,-0.3453175723552704,0.4597456753253937,-0.8834996223449707,-0.08979028463363647,1.096947431564331,-0.9175164699554443,-0.21212032437324524,1.2527729272842407,-0.6145240664482117,-0.25681206583976746,1.1931025981903076,-0.3997964560985565,-0.2698189616203308,0.48203688859939575,-0.843853771686554,-0.17044498026371002,1.125725507736206,-0.9036087989807129,-0.2905829846858978,1.2066762447357178,-0.5906990170478821,-0.26438266038894653,1.0950393676757812,-0.37278980016708374,-0.21834681928157806,0.5565820932388306,-0.724854052066803,-0.25821295380592346,1.0947990417480469,-0.7202151417732239,-0.32205694913864136,1.1408175230026245,-0.5043861865997314,-0.273046612739563,1.0152729749679565,-0.330849289894104,-0.21906213462352753
0.0,0.0,0.0,0.41854795813560486,0.0564580075442791,-0.040991149842739105,0.696446418762207,-0.028169909492135048,-0.13355393707752228,0.9196925163269043,-0.11568307876586914,-0.2589550018310547,1.1019963026046753,-0.20082208514213562,-0.36132603883743286,0.4991646111011505,-0.8366525769233704,-0.034328117966651917,1.0611906051635742,-0.8575892448425293,-0.19255316257476807,1.2423204183578491,-0.5810877680778503,-0.3152877986431122,1.230866551399231,-0.3677040636539459,-0.3766075670719147,0.45880863070487976,-0.8832591772079468,-0.09668491780757904,1.0963917970657349,-0.9170576930046082,-0.2206878960132599,1.2489253282546997,-0.596120297908783,-0.27387139201164246,1.1866077184677124,-0.3734079897403717,-0.2938764989376068,0.48383814096450806,-0.8410159945487976,-0.174981951713562,1.115790605545044,-0.8995282649993896,-0.2933284044265747,1.20806884765625,-0.5794281363487244,-0.2704176902770996,1.107314944267273,-0.35407987236976624,-0.22744694352149963,0.5645952224731445,-0.7220659255981445,-0.2613924741744995,1.0987874269485474,-0.7326439023017883,-0.32233843207359314,1.1581833362579346,-0.5110270380973816,-0.27366095781326294,1.0491197109222412,-0.3312099277973175,-0.22083067893981934
0.0,0.0,0.0,0.40821143984794617,0.08726165443658829,-0.020241767168045044,0.6864668130874634,0.013957287184894085,-0.08365127444267273,0.8788301348686218,-0.07008329033851624,-0.1771789938211441,0.9832686185836792,-0.21151584386825562,-0.24905799329280853,0.5396285653114319,-0.8018097281455994,-0.012673033401370049,1.0803276300430298,-0.8506914377212524,-0.14756624400615692,1.2606326341629028,-0.579024612903595,-0.2464958280324936,1.2490782737731934,-0.3653879165649414,-0.28850072622299194,0.4880925118923187,-0.8695878982543945,-0.07471643388271332,1.1138153076171875,-0.9199135899543762,-0.18008123338222504,1.2751362323760986,-0.6139203310012817,-0.2181367129087448,1.2250311374664307,-0.3969802260398865,-0.22673800587654114,0.49288609623908997,-0.84679114818573,-0.15080229938030243,1.1398481130599976,-0.8947527408599854,-0.2657727301120758,1.2227675914764404,-0.5836385488510132,-0.24942153692245483,1.1194595098495483,-0.36740240454673767,-0.20926286280155182,0.5527504682540894,-0.7398784756660461,-0.23130486905574799,1.0829764604568481,-0.7321633696556091,-0.30069804191589355,1.1157124042510986,-0.5091793537139893,-0.26079821586608887,0.9878807067871094,-0.3320004642009735,-0.2121179699897766
0.0,0.0,0.0,0.39742812514305115,0.06563617289066315,0.044591110199689865,0.7071452736854553,0.00035031832521781325,0.027191895991563797,0.956870973110199,-0.0872696116566658,-0.05378832295536995,1.007651448249817,-0.2748216986656189,-0.11550833284854889,0.6332947015762329,-0.7190733551979065,0.23116441071033478,1.0218889713287354,-0.8077104687690735,0.09954386949539185,1.0867458581924438,-0.545867383480072,-0.021402034908533096,0.971756637096405,-0.34255191683769226,-0.07200969755649567,0.5806483030319214,-0.8040356636047363,0.12796171009540558,1.0587140321731567,-0.8618309497833252,0.01138575840741396,1.0637702941894531,-0.5426630973815918,-0.06714858114719391,0.8815714120864868,-0.3591630756855011,-0.09013646095991135,0.5549746751785278,-0.8331031203269958,-0.003883012570440769,1.0670469999313354,-0.8760910630226135,-0.1528252810239792,1.0300884246826172,-0.549161434173584,-0.1719176173210144,0.8398857712745667,-0.3566977083683014,-0.13462068140506744,0.5444692969322205,-0.7942124605178833,-0.13598710298538208,1.0396978855133057,-0.808347225189209,-0.23137669265270233,1.0631548166275024,-0.5775692462921143,-0.21062488853931427,0.923687756061554,-0.4039170444011688,-0.1645805835723877
0.0,0.0,0.0,0.42663246393203735,0.048322539776563644,0.08338265866041183,0.7278497219085693,-0.04667504131793976,0.08636648207902908,0.9782660007476807,-0.12919139862060547,0.018398411571979523,1.027652382850647,-0.3131428360939026,-0.03297257423400879,0.6397010087966919,-0.718161404132843,0.2799667716026306,1.0058794021606445,-0.8775572180747986,0.1844054013490677,1.0599499940872192,-0.6245914101600647,0.08422140777111053,0.9184491634368896,-0.4307195544242859,0.04083353653550148,0.5901576280593872,-0.7916407585144043,0.15817375481128693,1.0267075300216675,-0.9662031531333923,0.08073054254055023,1.0598224401474,-0.6650681495666504,0.0035013449378311634,0.8909127712249756,-0.47898244857788086,-0.030525580048561096,0.5520784854888916,-0.8227108120918274,0.012124279513955116,1.0334949493408203,-0.996595025062561,-0.08947699517011642,1.0621846914291382,-0.6775645017623901,-0.1065760925412178,0.8956291079521179,-0.47054094076156616,-0.08721308410167694,0.5250481367111206,-0.7891271710395813,-0.13364508748054504,0.9853152632713318,-0.8882587552070618,-0.20961910486221313,1.0551761388778687,-0.6475183367729187,-0.19011443853378296,0.9363301992416382,-0.45046913623809814,-0.15659117698669434
0.0,0.0,0.0,0.4429360330104828,0.039822082966566086,0.1090744286775589,0.7402546405792236,-0.05326533317565918,0.11721339076757431,0.9953066110610962,-0.12615245580673218,0.05099352076649666,1.007279634475708,-0.28042691946029663,-0.00132444326300174,0.6278311014175415,-0.7408543229103088,0.28733962774276733,1.0030090808868408,-0.8967270255088806,0.1880742460489273,1.0712528228759766,-0.64948970079422,0.08192163705825806,0.9382853507995605,-0.45216482877731323,0.03470347076654434,0.570641815662384,-0.8067815899848938,0.1532040387392044,1.016621470451355,-0.9645203351974487,0.07376346737146378,1.0688345432281494,-0.6718666553497314,-0.0018484853208065033,0.9102676510810852,-0.48327142000198364,-0.03440941870212555,0.5294303297996521,-0.825755774974823,-0.002085239626467228,1.0127058029174805,-0.9998626708984375,-0.09289498627185822,1.0644073486328125,-0.6915173530578613,-0.09702731668949127,0.9143553376197815,-0.4869179129600525,-0.07171490043401718,0.49857544898986816,-0.7774907946586609,-0.15640145540237427,0.9475031495094299,-0.8803735971450806,-0.22004322707653046,1.026728630065918,-0.6519760489463806,-0.18824543058872223,0.9232866168022156,-0.45964229106903076,-0.14688894152641296
0.0,0.0,0.0,0.4194048345088959,0.002202245406806469,0.1335909366607666,0.7104673385620117,-0.09650996327400208,0.13724838197231293,0.9426087141036987,-0.16009865701198578,0.07204195857048035,0.9615457653999329,-0.2732531726360321,0.017974119633436203,0.5730602145195007,-0.8275834918022156,0.21611863374710083,0.9593673348426819,-0.9393457174301147,0.10486193001270294,1.0662513971328735,-0.6834840178489685,-0.0063174101524055,0.9948185086250305,-0.4680739641189575,-0.05925924703478813,0.5101941823959351,-0.8572030663490295,0.0700351744890213,0.9774071574211121,-0.9529330730438232,-0.002465427154675126,1.0796633958816528,-0.6801777482032776,-0.06240682676434517,0.9846274852752686,-0.47321832180023193,-0.09257695823907852,0.47722989320755005,-0.8234286308288574,-0.08878704905509949,0.9645609259605408,-0.9232595562934875,-0.15701013803482056,1.053299903869629,-0.6563577055931091,-0.14771652221679688,0.9648106694221497,-0.45541420578956604,-0.12537133693695068,0.470815509557724,-0.7157542705535889,-0.245058074593544,0.9003302454948425,-0.7713593244552612,-0.2762507200241089,0.9751717448234558,-0.5728650093078613,-0.2299327552318573,0.9037490487098694,-0.3912679851055145,-0.18647155165672302
0.0,0.0,0.0,0.437495619058609,-0.03974512591958046,0.16109654307365417,0.7008985280990601,-0.1482098549604416,0.17535249888896942,0.9026997089385986,-0.1961718052625656,0.12457501888275146,0.9580866098403931,-0.2747561037540436,0.08363490551710129,0.5313969254493713,-0.8653550148010254,0.1650833785533905,0.9651744961738586,-0.908785879611969,0.0826188251376152,1.0320109128952026,-0.6331223249435425,0.007919538766145706,0.9441640377044678,-0.44824326038360596,-0.03129711374640465,0.4714534282684326,-0.8818493485450745,0.008565029129385948,0.9917332530021667,-0.9177188277244568,-0.046790942549705505,1.0627963542938232,-0.6221838593482971,-0.0813666582107544,0.9558917284011841,-0.4391193389892578,-0.1008950024843216,0.4412875473499298,-0.8212888836860657,-0.14899373054504395,0.9609781503677368,-0.8862944841384888,-0.20417046546936035,1.0252797603607178,-0.600811243057251,-0.17618776857852936,0.9258564710617065,-0.4233625829219818,-0.1472809910774231,0.4370215833187103,-0.6785207390785217,-0.29876917600631714,0.8691912889480591,-0.7380286455154419,-0.3214977979660034,0.9331319332122803,-0.5370473861694336,-0.2643497884273529,0.8622045516967773,-0.37471070885658264,-0.21743321418762207
0.0,0.0,0.0,0.4644709825515747,-0.06162015348672867,0.18222524225711823,0.7335048913955688,-0.16987043619155884,0.20745913684368134,0.9268092513084412,-0.22086593508720398,0.15878991782665253,0.9774554371833801,-0.2974591553211212,0.11887740343809128,0.5627797842025757,-0.856173038482666,0.20662367343902588,0.94777512550354,-0.9693052172660828,0.10185714811086655,1.0726555585861206,-0.7091659903526306,0.012094798497855663,1.0137616395950317,-0.48877233266830444,-0.029008323326706886,0.49245089292526245,-0.8696922063827515,0.033578213304281235,0.9786437153816223,-0.9865970015525818,-0.053415440022945404,1.0988126993179321,-0.6930110454559326,-0.10600907355546951,1.0033637285232544,-0.48036107420921326,-0.12860554456710815,0.4484007656574249,-0.8153956532478333,-0.1438581943511963,0.9432225227355957,-0.9491069316864014,-0.2260712832212448,1.0549474954605103,-0.6567955017089844,-0.2083025872707367,0.9724698662757874,-0.45400699973106384,-0.1783296763896942,0.4270966947078705,-0.6870281100273132,-0.31241297721862793,0.8469243049621582,-0.7663174867630005,-0.3617711663246155,0.9491829872131348,-0.5663016438484192,-0.3168654143810272,0.8949448466300964,-0.39079350233078003,-0.2729267179965973
0.0,0.0,0.0,0.455729603767395,-0.04093059152364731,0.157030388712883,0.7376696467399597,-0.1449938267469406,0.1685757339000702,0.9410255551338196,-0.20762503147125244,0.11119332164525986,0.9603504538536072,-0.29994726181030273,0.06160278990864754,0.6305179595947266,-0.8133531212806702,0.17652814090251923,0.984661877155304,-0.9703322052955627,0.06007680669426918,1.1149985790252686,-0.7049767374992371,-0.043385520577430725,1.0619999170303345,-0.48956969380378723,-0.09383895993232727,0.5457320809364319,-0.837826669216156,0.014930608682334423,0.985758900642395,-0.9847801327705383,-0.08224470168352127,1.1117534637451172,-0.6790093183517456,-0.14447073638439178,1.0181382894515991,-0.46706971526145935,-0.17442205548286438,0.4765390157699585,-0.8033737540245056,-0.15315504372119904,0.9253450632095337,-0.9518674612045288,-0.2398575395345688,1.0441911220550537,-0.6613723635673523,-0.23105251789093018,0.9643582105636597,-0.4611167311668396,-0.20864281058311462,0.41935399174690247,-0.6995486617088318,-0.3152042031288147,0.8124206066131592,-0.7854867577552795,-0.37506619095802307,0.9151170253753662,-0.5925348997116089,-0.34354427456855774,0.8559154272079468,-0.4259764552116394,-0.3094601035118103
0.0,0.0,0.0,0.4585709571838379,-0.019747290760278702,0.12407493591308594,0.7653055787086487,-0.12783193588256836,0.12782929837703705,1.0007041692733765,-0.19576478004455566,0.06410327553749084,1.0540015697479248,-0.3065987229347229,0.009791928343474865,0.6872760653495789,-0.7481881380081177,0.1699720323085785,1.0467109680175781,-0.9847511053085327,0.05089268833398819,1.1667852401733398,-0.7090513110160828,-0.05272369831800461,1.0890202522277832,-0.4915226101875305,-0.10403957217931747,0.6176096200942993,-0.7863109111785889,0.016536979004740715,1.045602798461914,-1.023187279701233,-0.08820975571870804,1.1604037284851074,-0.6964092254638672,-0.17232371866703033,1.0487309694290161,-0.4935593605041504,-0.2210819125175476,0.5427067279815674,-0.7918375730514526,-0.14756719768047333,0.965040922164917,-1.0200570821762085,-0.24377502501010895,1.093987226486206,-0.7030423283576965,-0.25994500517845154,0.9999731779098511,-0.4880693554878235,-0.25820454955101013,0.46065008640289307,-0.7464643716812134,-0.3080420196056366,0.837161660194397,-0.8869299292564392,-0.3873100280761719,0.967791736125946,-0.672118067741394,-0.37720295786857605,0.9050862193107605,-0.48552095890045166,-0.36164039373397827
0.0,0.0,0.0,0.4498458206653595,-0.010083355009555817,0.1424015611410141,0.7279385328292847,-0.11477909982204437,0.16007918119430542,0.9506535530090332,-0.18102824687957764,0.10396192222833633,1.0104135274887085,-0.2799164354801178,0.05659949779510498,0.6136545538902283,-0.7914923429489136,0.26611271500587463,0.9699472784996033,-0.9397004246711731,0.1668822020292282,1.0700544118881226,-0.7102245688438416,0.05778789892792702,0.9933252930641174,-0.5047878623008728,0.005317722447216511,0.5486604571342468,-0.8272576928138733,0.1208982989192009,0.9812500476837158,-0.9751265048980713,0.0504457950592041,1.0779916048049927,-0.7147399187088013,-0.020796753466129303,0.9755597114562988,-0.5077780485153198,-0.05644052103161812,0.5052054524421692,-0.8055714964866638,-0.03887401148676872,0.9641068577766418,-0.9431648254394531,-0.11087311804294586,1.0616199970245361,-0.6769472360610962,-0.11926627904176712,0.9717345237731934,-0.46871218085289,-0.10560932010412216,0.4809355139732361,-0.7159077525138855,-0.19473695755004883,0.8914650678634644,-0.7889688014984131,-0.2414764016866684,1.0040760040283203,-0.5938658118247986,-0.2159479856491089,0.958245575428009,-0.4096415936946869,-0.18390388786792755
0.0,0.0,0.0,0.4391128420829773,-0.0014813471352681518,0.07844459265470505,0.7250696420669556,-0.1016397625207901,0.055982258170843124,0.9435744881629944,-0.1703011840581894,-0.021341808140277863,0.9805158376693726,-0.29249998927116394,-0.08183679729700089,0.538636326789856,-0.8526550531387329,0.13752248883247375,1.0009162425994873,-0.8930142521858215,0.020858973264694214,1.0552645921707153,-0.633465588092804,-0.08342408388853073,0.9531863331794739,-0.45607030391693115,-0.13449987769126892,0.47894319891929626,-0.8775994777679443,0.02079859748482704,1.0273926258087158,-0.9204756021499634,-0.06771742552518845,1.0688002109527588,-0.644224226474762,-0.11811953037977219,0.9459592700004578,-0.4650111496448517,-0.13737399876117706,0.4643985331058502,-0.8309041857719421,-0.10865065455436707,1.0212472677230835,-0.8953279852867126,-0.18843364715576172,1.0649744272232056,-0.6387656927108765,-0.17179396748542786,0.9559651017189026,-0.46463581919670105,-0.13999207317829132,0.487653523683548,-0.7051026225090027,-0.23834599554538727,0.9569400548934937,-0.7434782385826111,-0.2701495289802551,1.0128108263015747,-0.5588812232017517,-0.22088219225406647,0.9369953870773315,-0.4107060134410858,-0.17413604259490967
0.0,0.0,0.0,0.44461992383003235,0.012684503570199013,0.08619236946105957,0.7247203588485718,-0.09677581489086151,0.07402869313955307,0.9374144077301025,-0.164401113986969,0.007069675717502832,0.9994136095046997,-0.2797837257385254,-0.04307001084089279,0.5140801668167114,-0.859225332736969,0.1607522815465927,0.973121166229248,-0.8859801888465881,0.06225822865962982,1.0598613023757935,-0.6463019251823425,-0.034552544355392456,0.9784249067306519,-0.4703610837459564,-0.08377301692962646,0.4618220031261444,-0.8857858180999756,0.04586920514702797,0.9967923760414124,-0.9324651956558228,-0.022234251722693443,1.0766581296920776,-0.677328884601593,-0.07280585169792175,0.9826628565788269,-0.4941827654838562,-0.09741006791591644,0.45949265360832214,-0.8336466550827026,-0.08076269179582596,1.0011944770812988,-0.904102087020874,-0.14773663878440857,1.0793770551681519,-0.6584731340408325,-0.13864974677562714,0.9939641952514648,-0.47910478711128235,-0.11599588394165039,0.5047939419746399,-0.6998287439346313,-0.20687198638916016,0.9636150598526001,-0.7351734638214111,-0.2337336242198944,1.0449894666671753,-0.5593278408050537,-0.1906578242778778,0.9933682680130005,-0.41117390990257263,-0.15059204399585724
0.0,0.0,0.0,0.4616350829601288,0.015041157603263855,0.08871309459209442,0.7316521406173706,-0.09275469183921814,0.07152539491653442,0.9337192177772522,-0.151116743683815,-0.004838117398321629,1.000498652458191,-0.263828307390213,-0.06238473951816559,0.5433019995689392,-0.8419373035430908,0.1467403620481491,0.997248113155365,-0.8974502086639404,0.029400549829006195,1.0756571292877197,-0.6232390403747559,-0.07536599040031433,0.9789430499076843,-0.42939478158950806,-0.1272505819797516,0.48184025287628174,-0.8759778141975403,0.02220088429749012,1.0248689651489258,-0.9572736024856567,-0.06501489132642746,1.09333336353302,-0.6553230881690979,-0.11514727771282196,0.9739649891853333,-0.4605806767940521,-0.1345696896314621,0.477728933095932,-0.8374440670013428,-0.11504694819450378,1.0319526195526123,-0.9361782073974609,-0.20460255444049835,1.0817071199417114,-0.6387448906898499,-0.18706224858760834,0.9621679186820984,-0.44665148854255676,-0.15252980589866638,0.5274813771247864,-0.7136411070823669,-0.2517547011375427,1.0052536725997925,-0.7395791411399841,-0.2946954667568207,1.0487171411514282,-0.5260932445526123,-0.2481372356414795,0.946734607219696,-0.36821869015693665,-0.20326633751392365
0.0,0.0,0.0,0.4803289771080017,0.02472333051264286,0.04400920122861862,0.7614100575447083,-0.06746457517147064,0.0019015156431123614,0.9709166884422302,-0.14338991045951843,-0.08516241610050201,0.9904640316963196,-0.28499656915664673,-0.14783431589603424,0.5168125629425049,-0.8443372845649719,0.06572340428829193,1.0106524229049683,-0.875705361366272,-0.06021791324019432,1.0966397523880005,-0.5935596823692322,-0.16256320476531982,1.0095946788787842,-0.39807429909706116,-0.21265196800231934,0.4536929130554199,-0.8905267119407654,-0.03354231268167496,1.0399553775787354,-0.9495903253555298,-0.13293078541755676,1.1148980855941772,-0.6339564323425293,-0.182700052857399,1.0058112144470215,-0.4310617744922638,-0.19997388124465942,0.46256378293037415,-0.8540943264961243,-0.14323647320270538,1.0471875667572021,-0.9295029640197754,-0.2374563366174698,1.1024024486541748,-0.631925106048584,-0.22277070581912994,0.9920489192008972,-0.4337915778160095,-0.1903444081544876,0.5306835770606995,-0.7320877909660339,-0.2549949288368225,1.0253639221191406,-0.7285575270652771,-0.30159565806388855,1.0700472593307495,-0.51652592420578,-0.26353392004966736,0.9789434671401978,-0.35556384921073914,-0.2244068831205368
0.0,0.0,0.0,0.4752754271030426,-0.0009594008442945778,0.055374693125486374,0.7551656365394592,-0.08898396790027618,0.015439902432262897,0.9626681208610535,-0.1538751721382141,-0.0720287337899208,0.9880779385566711,-0.28115296363830566,-0.13706032931804657,0.4921376407146454,-0.8669195771217346,0.0772256925702095,0.9980287551879883,-0.8907474875450134,-0.0454501174390316,1.064124345779419,-0.6023594737052917,-0.14557386934757233,0.9632765054702759,-0.4080045521259308,-0.194564089179039,0.43681931495666504,-0.8990670442581177,-0.02945243939757347,1.0329575538635254,-0.9555448889732361,-0.12591594457626343,1.085525631904602,-0.6290390491485596,-0.17221979796886444,0.9674243927001953,-0.43230506777763367,-0.18731904029846191,0.4520953893661499,-0.8477831482887268,-0.14605489373207092,1.0478981733322144,-0.9336265921592712,-0.2401627153158188,1.0928165912628174,-0.63155198097229,-0.223610982298851,0.9806506633758545,-0.4380941689014435,-0.1891833245754242,0.5244075059890747,-0.7113595604896545,-0.26282745599746704,1.0239448547363281,-0.7353569865226746,-0.3043876886367798,1.0709195137023926,-0.5248796939849854,-0.26045459508895874,0.9912789463996887,-0.3682721257209778,-0.21799138188362122
0.0,0.0,0.0,0.4527067244052887,-0.017892420291900635,0.08878591656684875,0.7288228273391724,-0.1305379718542099,0.06782621145248413,0.9259965419769287,-0.19250158965587616,-0.0023416022304445505,0.9762611985206604,-0.29351794719696045,-0.05401086434721947,0.48696401715278625,-0.8820070624351501,0.071519635617733,0.9895730018615723,-0.9047906398773193,-0.03451089188456535,1.059183955192566,-0.6216138005256653,-0.12289458513259888,0.9724773168563843,-0.43287014961242676,-0.1699497103691101,0.4389454424381256,-0.8972885608673096,-0.04690536856651306,1.0362763404846191,-0.938977062702179,-0.12023492157459259,1.1020944118499756,-0.6297457218170166,-0.1598827987909317,0.9959801435470581,-0.44415995478630066,-0.1820841133594513,0.4587129056453705,-0.8252285718917847,-0.1682559847831726,1.0480155944824219,-0.9212408661842346,-0.24098283052444458,1.1030550003051758,-0.6313385963439941,-0.2213183492422104,1.0012201070785522,-0.44454288482666016,-0.19544526934623718,0.5305219292640686,-0.6745008826255798,-0.28611060976982117,1.0122902393341064,-0.7221304178237915,-0.31532636284828186,1.0724711418151855,-0.5169061422348022,-0.2660951614379883,1.005211353302002,-0.35721370577812195,-0.22539518773555756
0.0,0.0,0.0,0.45910364389419556,-0.027273984625935555,0.09519342333078384,0.718926191329956,-0.13005143404006958,0.06874893605709076,0.9131396412849426,-0.1933581680059433,-0.009901772253215313,0.9797849655151367,-0.30552923679351807,-0.07227423787117004,0.4692312777042389,-0.896852433681488,0.08167015761137009,0.9630677700042725,-0.9156622886657715,-0.03602582588791847,1.0910515785217285,-0.660613477230072,-0.14108982682228088,1.0425939559936523,-0.46269315481185913,-0.19618837535381317,0.42468035221099854,-0.9044614434242249,-0.03995048999786377,1.0183980464935303,-0.9455395340919495,-0.11339934915304184,1.1376948356628418,-0.6574080586433411,-0.1617925614118576,1.0657662153244019,-0.4595741331577301,-0.19119983911514282,0.44471296668052673,-0.8192167282104492,-0.1648772954940796,1.0322147607803345,-0.9109573364257812,-0.23332972824573517,1.1301794052124023,-0.628855288028717,-0.2118310183286667,1.0468230247497559,-0.4287140667438507,-0.1850936859846115,0.5136705040931702,-0.6558935046195984,-0.28697338700294495,0.9879204630851746,-0.6933081150054932,-0.310615599155426,1.071890115737915,-0.505276620388031,-0.256707102060318,1.0146496295928955,-0.3453608751296997,-0.21097196638584137
0.0,0.0,0.0,0.4666396379470825,-0.014281061477959156,0.044321104884147644,0.7308465838432312,-0.11509111523628235,-0.0014916511718183756,0.9005835652351379,-0.18164436519145966,-0.09132195264101028,0.9545334577560425,-0.28324106335639954,-0.15703365206718445,0.48691537976264954,-0.8832274079322815,0.03231138363480568,1.0113674402236938,-0.9318202137947083,-0.11196880787611008,1.080241322517395,-0.6222202777862549,-0.22063037753105164,0.9812507033348083,-0.4230855703353882,-0.27392545342445374,0.43818357586860657,-0.8960792422294617,-0.0709722638130188,1.0591213703155518,-0.9541052579879761,-0.17812316119670868,1.1094143390655518,-0.6231521964073181,-0.22041721642017365,0.989810049533844,-0.4402909278869629,-0.2360772043466568,0.450850248336792,-0.8267057538032532,-0.18395915627479553,1.0617650747299194,-0.8883516192436218,-0.27804118394851685,1.090834617614746,-0.5751478672027588,-0.24491575360298157,0.9657459259033203,-0.39056122303009033,-0.20198185741901398,0.50966477394104,-0.6731031537055969,-0.29896846413612366,0.9992296099662781,-0.6892542243003845,-0.3299857974052429,1.0268324613571167,-0.4837046265602112,-0.27001824975013733,0.9222691655158997,-0.3442719280719757,-0.21901081502437592
0.0,0.0,0.0,0.4570143222808838,0.014485369436442852,0.051731668412685394,0.724757969379425,-0.07302481681108475,0.006690032780170441,0.9349337220191956,-0.1470930576324463,-0.08366422355175018,0.9972712397575378,-0.2668148875236511,-0.14895319938659668,0.5043013095855713,-0.8610473275184631,0.044834379106760025,1.0200767517089844,-0.900326669216156,-0.08522506058216095,1.0957705974578857,-0.5974986553192139,-0.18462522327899933,0.9889736175537109,-0.39980968832969666,-0.2332649677991867,0.46096763014793396,-0.8854267597198486,-0.05939960107207298,1.066272497177124,-0.9376625418663025,-0.1542893797159195,1.1197195053100586,-0.6017945408821106,-0.19017358124256134,0.9823577404022217,-0.4145008623600006,-0.20409144461154938,0.4822711646556854,-0.8268994092941284,-0.1724824607372284,1.0846630334854126,-0.8899133801460266,-0.2623838484287262,1.1231740713119507,-0.5727121829986572,-0.22650353610515594,0.9889227151870728,-0.3885965645313263,-0.18362349271774292,0.5490458607673645,-0.685818076133728,-0.286558598279953,1.055324912071228,-0.7061527371406555,-0.3215276598930359,1.0996241569519043,-0.48992642760276794,-0.2625768780708313,0.9954520463943481,-0.33965304493904114,-0.21201227605342865
0.0,0.0,0.0,0.4868452548980713,0.02339896559715271,0.07074330002069473,0.7666815519332886,-0.06221075356006622,0.03897900506854057,0.9788863658905029,-0.12886005640029907,-0.050150707364082336,0.9792956709861755,-0.2676600217819214,-0.119584821164608,0.548242449760437,-0.8352391123771667,0.12478936463594437,1.00676429271698,-0.8941226601600647,0.0015984241617843509,1.0858298540115356,-0.6063569784164429,-0.10100804269313812,0.9858110547065735,-0.40421295166015625,-0.14774075150489807,0.4817153513431549,-0.8762757182121277,0.00954580307006836,1.0316925048828125,-0.9212033748626709,-0.07649723440408707,1.0926361083984375,-0.609195351600647,-0.1235506683588028,0.9701374769210815,-0.4298473298549652,-0.14202772080898285,0.47004419565200806,-0.835401713848114,-0.11930375546216965,1.0314388275146484,-0.8728100061416626,-0.20903581380844116,1.0674349069595337,-0.5655295848846436,-0.19087450206279755,0.940024733543396,-0.3814956843852997,-0.15589207410812378,0.5103892087936401,-0.7076795697212219,-0.24928294122219086,0.9925668835639954,-0.7121073007583618,-0.2921815812587738,1.0406978130340576,-0.49952542781829834,-0.24751883745193481,0.9508621096611023,-0.34545600414276123,-0.2033742070198059
0.0,0.0,0.0,0.4527372121810913,0.01798403076827526,0.10104580223560333,0.7357037663459778,-0.07824116200208664,0.08746887743473053,0.9568697214126587,-0.13580839335918427,0.008504846133291721,0.9635409116744995,-0.24873319268226624,-0.05625240504741669,0.563346803188324,-0.8236146569252014,0.19705840945243835,0.9635611176490784,-0.9185037016868591,0.08979809284210205,1.0765893459320068,-0.6706603765487671,-0.018960123881697655,1.0012010335922241,-0.46571671962738037,-0.07193811982870102,0.4988706111907959,-0.8639642000198364,0.06851305067539215,0.9843242168426514,-0.9476253390312195,0.0008967665489763021,1.0807366371154785,-0.6722134351730347,-0.0560198538005352,0.9816849231719971,-0.48100584745407104,-0.08508866280317307,0.47551941871643066,-0.8302408456802368,-0.07440895587205887,0.9850068092346191,-0.9120853543281555,-0.1450408548116684,1.0584683418273926,-0.6313721537590027,-0.1340603083372116,0.9537664651870728,-0.4385361075401306,-0.10920400172472,0.49320974946022034,-0.7125883102416992,-0.21761800348758698,0.9512594938278198,-0.7446596026420593,-0.25134044885635376,1.0343836545944214,-0.545918345451355,-0.2078695148229599,0.9664245247840881,-0.3835550546646118,-0.1663494110107422
0.0,0.0,0.0,0.4397062063217163,0.02824108861386776,0.11626401543617249,0.7303802967071533,-0.06715988367795944,0.11725497245788574,0.9572122693061829,-0.12197670340538025,0.04741877689957619,1.000807523727417,-0.24879813194274902,-0.00835507083684206,0.6125228404998779,-0.7794055342674255,0.22789262235164642,0.9936873912811279,-0.9177873730659485,0.12422170490026474,1.081019639968872,-0.6616196632385254,0.018551144748926163,0.9752652645111084,-0.4590727388858795,-0.031641434878110886,0.5492721796035767,-0.8309068083763123,0.08884727209806442,1.0089269876480103,-0.9701648354530334,0.016574107110500336,1.0938363075256348,-0.6829794645309448,-0.05110561102628708,0.9681410193443298,-0.49295273423194885,-0.08706652373075485,0.5135415196418762,-0.8222582340240479,-0.06563959270715714,1.0117666721343994,-0.9615391492843628,-0.14667050540447235,1.092797875404358,-0.6573631167411804,-0.14789298176765442,0.9765564799308777,-0.45637115836143494,-0.13045920431613922,0.5051555633544922,-0.7342971563339233,-0.21795277297496796,0.9620785713195801,-0.7913941740989685,-0.27011504769325256,1.0409046411514282,-0.5643113255500793,-0.23635955154895782,0.9458979964256287,-0.3816719651222229,-0.2004992663860321
0.0,0.0,0.0,0.44357648491859436,0.039647094905376434,0.10808368027210236,0.7440032362937927,-0.05783137306571007,0.118748240172863,0.975813090801239,-0.11784621328115463,0.0581786073744297,1.0076532363891602,-0.2577332854270935,0.01142929308116436,0.6227505207061768,-0.7542697787284851,0.26264315843582153,0.9914020895957947,-0.8971558809280396,0.16721965372562408,1.0598405599594116,-0.6435056924819946,0.06272018700838089,0.9471654295921326,-0.4409662187099457,0.012944912537932396,0.5649144053459167,-0.8144770264625549,0.1322835087776184,1.0085254907608032,-0.9589207768440247,0.06125029921531677,1.0736384391784668,-0.6624358892440796,-0.015112180262804031,0.9392610788345337,-0.4632118046283722,-0.05477030575275421,0.5318442583084106,-0.8177228569984436,-0.016875039786100388,1.0205740928649902,-0.9780687093734741,-0.10323508083820343,1.0901472568511963,-0.6676762700080872,-0.11880186945199966,0.9652836322784424,-0.45210859179496765,-0.10715465992689133,0.5224487781524658,-0.7432320713996887,-0.16398625075817108,0.9740774631500244,-0.8235742449760437,-0.22674821317195892,1.0511630773544312,-0.5904052257537842,-0.20537149906158447,0.9539680480957031,-0.3936295807361603,-0.1760108917951584
0.0,0.0,0.0,0.44660958647727966,0.04226706549525261,0.07245553284883499,0.7455584406852722,-0.04226338863372803,0.054754164069890976,0.9785606265068054,-0.10782722383737564,-0.030188817530870438,1.0534502267837524,-0.282298743724823,-0.09743768721818924,0.6424911022186279,-0.7431711554527283,0.20589105784893036,1.0398083925247192,-0.8833913207054138,0.07850898057222366,1.1200178861618042,-0.6114155650138855,-0.041619401425123215,1.0038552284240723,-0.39743930101394653,-0.09679961204528809,0.5821681022644043,-0.8089067339897156,0.0821598619222641,1.0522021055221558,-0.9647858738899231,-0.03547431156039238,1.116313099861145,-0.6358696222305298,-0.13158972561359406,0.9690607786178589,-0.4231131076812744,-0.1753363311290741,0.5486037731170654,-0.824399471282959,-0.06186017766594887,1.0582573413848877,-1.009293794631958,-0.18964754045009613,1.1231272220611572,-0.6713951230049133,-0.21436426043510437,0.9785447120666504,-0.4398723542690277,-0.19824855029582977,0.5335104465484619,-0.7673375010490417,-0.20496191084384918,1.0066090822219849,-0.8507934808731079,-0.2956821620464325,1.0800788402557373,-0.604309618473053,-0.2800656259059906,0.9651873111724854,-0.4021049439907074,-0.2483321726322174
0.0,0.0,0.0,0.4367446303367615,0.04664468765258789,0.12771062552928925,0.7171249389648438,-0.05059690400958061,0.1396070122718811,0.9534434080123901,-0.10059553384780884,0.07653135806322098,1.0454167127609253,-0.24595706164836884,0.02801722288131714,0.6215483546257019,-0.7590314745903015,0.2658419609069824,0.9997467398643494,-0.8829305768013,0.1657661348581314,1.0613646507263184,-0.6202503442764282,0.0588020458817482,0.9324924945831299,-0.4198014736175537,0.008084348402917385,0.5652843713760376,-0.8159831762313843,0.12093374878168106,1.0365716218948364,-0.9313826560974121,0.04194289818406105,1.0801846981048584,-0.6221720576286316,-0.03660446032881737,0.9197273254394531,-0.43575599789619446,-0.0765986517071724,0.5350807309150696,-0.8139199018478394,-0.04010014608502388,1.0382412672042847,-0.9507666230201721,-0.13242721557617188,1.0796654224395752,-0.6272130608558655,-0.1384587585926056,0.9252556562423706,-0.42743125557899475,-0.1193849965929985,0.5215951204299927,-0.7384269833564758,-0.19709308445453644,0.9938547611236572,-0.7848086953163147,-0.25873705744743347,1.0544313192367554,-0.5432481169700623,-0.22482536733150482,0.9375638961791992,-0.36196091771125793,-0.18592411279678345
0.0,0.0,0.0,0.4475778639316559,0.04080520197749138,0.11425180733203888,0.7320939898490906,-0.05450710281729698,0.11696329712867737,0.9713378548622131,-0.11432716250419617,0.04527691379189491,1.0818300247192383,-0.2938648462295532,-0.011852491647005081,0.6394331455230713,-0.7468670010566711,0.26454558968544006,0.9980956315994263,-0.918182909488678,0.15992800891399384,1.0633094310760498,-0.6624570488929749,0.04716665670275688,0.9369139671325684,-0.455890029668808,-0.0058898418210446835,0.5864701271057129,-0.8004317283630371,0.12394244968891144,1.0342215299606323,-0.9585219621658325,0.04795064777135849,1.0873045921325684,-0.6650748252868652,-0.0331774540245533,0.9339779615402222,-0.4784576892852783,-0.07707931846380234,0.5451063513755798,-0.8052768707275391,-0.036005087196826935,1.0400055646896362,-0.9725663065910339,-0.1238940879702568,1.0986818075180054,-0.664425253868103,-0.13395121693611145,0.9496333003044128,-0.4582553207874298,-0.12092872709035873,0.5148208737373352,-0.7427965402603149,-0.19397640228271484,0.9729322195053101,-0.8025052547454834,-0.26116234064102173,1.055531620979309,-0.5663105845451355,-0.2353912591934204,0.9473482370376587,-0.37799251079559326,-0.2022569626569748
0.0,0.0,0.0,0.44787704944610596,0.02444828301668167,0.1249089390039444,0.7320037484169006,-0.08299953490495682,0.13804715871810913,0.954297661781311,-0.14267049729824066,0.08036254346370697,1.0435363054275513,-0.29948747158050537,0.037493620067834854,0.6227807998657227,-0.7709135413169861,0.2574772536754608,0.9924466609954834,-0.9230906367301941,0.1544160097837448,1.068597435951233,-0.6561379432678223,0.04342822730541229,0.9623435139656067,-0.44623681902885437,-0.009970895014703274,0.5647913813591003,-0.8170550465583801,0.11589547246694565,1.0088471174240112,-0.9572483897209167,0.04114050045609474,1.0833855867385864,-0.662183940410614,-0.03792405128479004,0.9535646438598633,-0.46605974435806274,-0.0810457170009613,0.5203818678855896,-0.8082042932510376,-0.042165957391262054,1.002402424812317,-0.9608346223831177,-0.12217281758785248,1.07932710647583,-0.657322883605957,-0.12820641696453094,0.9582082629203796,-0.45477494597435,-0.1141391173005104,0.4888794720172882,-0.7274678349494934,-0.19747008383274078,0.9305744171142578,-0.796050488948822,-0.2552083730697632,1.0142258405685425,-0.5708058476448059,-0.22428865730762482,0.9199029207229614,-0.39031338691711426,-0.18837407231330872
0.0,0.0,0.0,0.44976475834846497,-0.005994927138090134,0.1261587291955948,0.740016520023346,-0.10709314048290253,0.12367914617061615,0.9524081349372864,-0.15817046165466309,0.05255276709794998,0.979731559753418,-0.2780444025993347,-0.006934195291250944,0.610471785068512,-0.8119014501571655,0.1925392746925354,1.0017961263656616,-0.8957135677337646,0.07307703047990799,1.0933430194854736,-0.6239722371101379,-0.037896376103162766,1.0051625967025757,-0.4146091043949127,-0.09019504487514496,0.5352610945701599,-0.8435462713241577,0.043877020478248596,1.0120234489440918,-0.9144992232322693,-0.04895985499024391,1.0968077182769775,-0.6203538179397583,-0.11456890404224396,0.9781189560890198,-0.41812655329704285,-0.14333796501159668,0.4930880665779114,-0.8092061877250671,-0.11686979234218597,0.9907346963882446,-0.9046427011489868,-0.20861388742923737,1.0611917972564697,-0.6103135347366333,-0.19753116369247437,0.9535073637962341,-0.41388213634490967,-0.1673862636089325,0.47871190309524536,-0.6950967311859131,-0.274142324924469,0.9242343902587891,-0.7425105571746826,-0.3301315903663635,0.9806739687919617,-0.5295767188072205,-0.28506654500961304,0.8875871896743774,-0.35741323232650757,-0.23654532432556152
0.0,0.0,0.0,0.44482168555259705,0.0014537452952936292,0.09892953932285309,0.7291233539581299,-0.10158766061067581,0.09185823053121567,0.9268668293952942,-0.16041682660579681,0.023807145655155182,0.9721269607543945,-0.2868202328681946,-0.02627396397292614,0.5788892507553101,-0.8204790353775024,0.1716502159833908,0.9971168041229248,-0.8724265694618225,0.06301504373550415,1.0463467836380005,-0.5902494192123413,-0.03570399805903435,0.9282556176185608,-0.39857327938079834,-0.08337289839982986,0.5097325444221497,-0.8593994975090027,0.04006585478782654,1.0095809698104858,-0.9029448628425598,-0.036043282598257065,1.0549825429916382,-0.6037212610244751,-0.08337385952472687,0.9219669103622437,-0.4155453145503998,-0.10471109300851822,0.4794846773147583,-0.8271106481552124,-0.10531924664974213,1.0055983066558838,-0.9062264561653137,-0.1861664056777954,1.0450248718261719,-0.6131971478462219,-0.162415012717247,0.9221161007881165,-0.42117226123809814,-0.1279595047235489,0.4821545481681824,-0.7083885073661804,-0.25047722458839417,0.9481661319732666,-0.7362747192382812,-0.29867711663246155,0.9914512634277344,-0.5240955948829651,-0.24947047233581543,0.8885908722877502,-0.359570175409317,-0.2014685571193695
0.0,0.0,0.0,0.4380834698677063,0.015579971484839916,0.09049629420042038,0.7266702055931091,-0.08744370192289352,0.0769050195813179,0.9356621503829956,-0.13876445591449738,0.0034828358329832554,0.9688378572463989,-0.24521104991436005,-0.05295315012335777,0.5939326882362366,-0.8136705756187439,0.15523499250411987,1.0259075164794922,-0.8754649758338928,0.030373020097613335,1.099010705947876,-0.6014207005500793,-0.08411543071269989,0.9878900051116943,-0.4063059687614441,-0.14122307300567627,0.529757022857666,-0.8477267622947693,0.02677345462143421,1.043961763381958,-0.9118266701698303,-0.06338072568178177,1.111232876777649,-0.6086147427558899,-0.1235400065779686,0.9794449806213379,-0.4220409095287323,-0.1533104032278061,0.5015997290611267,-0.8115909695625305,-0.11564353108406067,1.0378296375274658,-0.9025193452835083,-0.20462754368782043,1.0860872268676758,-0.5997897982597351,-0.18355520069599152,0.9567710757255554,-0.41513437032699585,-0.14936211705207825,0.5042919516563416,-0.6909147500991821,-0.25827696919441223,0.977802038192749,-0.7280728220939636,-0.3044445514678955,1.0254414081573486,-0.5182647109031677,-0.2542586028575897,0.9194527268409729,-0.36746683716773987,-0.207145094871521
0.0,0.0,0.0,0.44450709223747253,0.017872726544737816,0.0867738202214241,0.7290105819702148,-0.07926636934280396,0.0655791386961937,0.9582012295722961,-0.14299865067005157,-0.014413705095648766,0.954810380935669,-0.2655678689479828,-0.07566611468791962,0.5758097767829895,-0.8280425667762756,0.14096270501613617,1.014123797416687,-0.8805187344551086,0.01709514856338501,1.0764633417129517,-0.6094725728034973,-0.09192848205566406,0.9562951922416687,-0.41553667187690735,-0.14399683475494385,0.512701153755188,-0.8584156036376953,0.016132988035678864,1.026111364364624,-0.9044893383979797,-0.07126440107822418,1.0786582231521606,-0.6125093698501587,-0.12681742012500763,0.9449750781059265,-0.4362446367740631,-0.15415459871292114,0.495033323764801,-0.8157384395599365,-0.12175142765045166,1.0209932327270508,-0.8781030178070068,-0.204252228140831,1.0645856857299805,-0.5933742523193359,-0.18698744475841522,0.9411227703094482,-0.416547954082489,-0.15820083022117615,0.5148614048957825,-0.6922902464866638,-0.26025456190109253,0.9820977449417114,-0.720072329044342,-0.2993687689304352,1.0321239233016968,-0.5159994959831238,-0.25252386927604675,0.9407657384872437,-0.3626253008842468,-0.20955118536949158
0.0,0.0,0.0,0.4684913754463196,0.006800478789955378,0.09410928934812546,0.7460973262786865,-0.09204152226448059,0.07075770199298859,0.9593878388404846,-0.15324322879314423,-0.014392325654625893,0.9547343254089355,-0.27383705973625183,-0.08169863373041153,0.5452188849449158,-0.8525186777114868,0.13668739795684814,0.9883571863174438,-0.9044914245605469,0.006918520666658878,1.0780388116836548,-0.6253179311752319,-0.10517001897096634,0.9849712252616882,-0.42527031898498535,-0.1593356877565384,0.480812132358551,-0.8768120408058167,0.0045134807005524635,1.011397123336792,-0.9280543923377991,-0.09521062672138214,1.0792666673660278,-0.6043970584869385,-0.15798895061016083,0.9548864960670471,-0.4151976406574249,-0.18529388308525085,0.472766637802124,-0.8276127576828003,-0.13832026720046997,1.0106627941131592,-0.9004732370376587,-0.23694786429405212,1.0611200332641602,-0.5766010284423828,-0.21990329027175903,0.9413952827453613,-0.383594274520874,-0.18322958052158356,0.5102410316467285,-0.6945711374282837,-0.27967584133148193,0.986077606678009,-0.7423654198646545,-0.3226597011089325,1.0420112609863281,-0.5235767960548401,-0.2693142592906952,0.9564754366874695,-0.3637252151966095,-0.21844583749771118
0.0,0.0,0.0,0.47707709670066833,0.0013597727520391345,0.08222021162509918,0.7579542398452759,-0.08422929793596268,0.05456765741109848,0.9559359550476074,-0.14779320359230042,-0.02900504320859909,0.9652352333068848,-0.2615472376346588,-0.09276049584150314,0.5689513087272644,-0.8365560173988342,0.11534526944160461,1.040940761566162,-0.8555992245674133,-0.013331699185073376,1.0901472568511963,-0.5656194090843201,-0.12385103106498718,0.9811261892318726,-0.37143364548683167,-0.17785178124904633,0.49997687339782715,-0.8660249710083008,-0.004889313597232103,1.0558139085769653,-0.8892318606376648,-0.09978363662958145,1.0915619134902954,-0.5809454321861267,-0.14869187772274017,0.959474503993988,-0.3961395025253296,-0.166478231549263,0.490573525428772,-0.8133347034454346,-0.1361663043498993,1.0446337461471558,-0.8663615584373474,-0.21924307942390442,1.0602807998657227,-0.5766909718513489,-0.19447427988052368,0.9318930506706238,-0.39926186203956604,-0.15717263519763947,0.5289545059204102,-0.6752316951751709,-0.2679215371608734,0.9901147484779358,-0.6801847815513611,-0.29693180322647095,0.9955637454986572,-0.48209482431411743,-0.24391789734363556,0.8778546452522278,-0.34089455008506775,-0.19672346115112305
0.0,0.0,0.0,0.4613160490989685,-0.027235081419348717,0.08369769901037216,0.7416484951972961,-0.13927806913852692,0.06599660962820053,0.9298043251037598,-0.20806017518043518,0.0005539609701372683,0.9566584229469299,-0.3062455952167511,-0.0459132194519043,0.504445493221283,-0.8754926919937134,0.07730798423290253,0.982162594795227,-0.9137670397758484,-0.032537467777729034,1.0400612354278564,-0.6205199360847473,-0.11951997876167297,0.9426006078720093,-0.43935978412628174,-0.16427187621593475,0.4474291503429413,-0.8934686779975891,-0.0389980711042881,1.0184639692306519,-0.9356229305267334,-0.12002361565828323,1.0743399858474731,-0.6295392513275146,-0.14811360836029053,0.9648113250732422,-0.45640307664871216,-0.1579916626214981,0.44693097472190857,-0.8252540230751038,-0.16187091171741486,1.0216429233551025,-0.8904846906661987,-0.23626387119293213,1.0600495338439941,-0.6110140681266785,-0.20192790031433105,0.9542855024337769,-0.44355204701423645,-0.16354019939899445,0.4883388876914978,-0.6762463450431824,-0.28330162167549133,0.9511895179748535,-0.7057757377624512,-0.30233392119407654,0.9699305891990662,-0.5164923667907715,-0.2422202080488205,0.8740096092224121,-0.37705445289611816,-0.1948166787624359
0.0,0.0,0.0,0.45994117856025696,-0.05118347704410553,0.1119460016489029,0.7156224846839905,-0.15618233382701874,0.08953822404146194,0.9079669117927551,-0.21203549206256866,0.01364219095557928,0.9576473832130432,-0.3003350794315338,-0.04686755686998367,0.4767104685306549,-0.9044920206069946,0.07509875297546387,0.9568114280700684,-0.9442355036735535,-0.039370883256196976,1.0582960844039917,-0.6549926400184631,-0.12747734785079956,0.9839067459106445,-0.4498315453529358,-0.16952744126319885,0.4276920557022095,-0.9020843505859375,-0.057648368179798126,1.0080971717834473,-0.9415403604507446,-0.1268133670091629,1.1015785932540894,-0.6390938758850098,-0.14767897129058838,1.0077251195907593,-0.4582429528236389,-0.1582736074924469,0.4282726049423218,-0.8127396106719971,-0.1937621533870697,1.0080937147140503,-0.8723628520965576,-0.2533618211746216,1.0810577869415283,-0.5961733460426331,-0.20755615830421448,0.983052134513855,-0.4241660535335541,-0.16754835844039917,0.46647781133651733,-0.6434178948402405,-0.32641053199768066,0.9347050786018372,-0.6881727576255798,-0.3360554873943329,0.9948742985725403,-0.502606213092804,-0.2645624577999115,0.9212034940719604,-0.35705772042274475,-0.21031421422958374
0.0,0.0,0.0,0.48617175221443176,-0.07871279865503311,0.14170581102371216,0.7508225440979004,-0.17342093586921692,0.13630737364292145,0.945451021194458,-0.2196412831544876,0.0700644850730896,1.0076267719268799,-0.29391735792160034,0.017425157129764557,0.5106908679008484,-0.8903782963752747,0.1295822560787201,0.9679678678512573,-0.9460330605506897,0.020842909812927246,1.0983633995056152,-0.6852499842643738,-0.07212444394826889,1.0541329383850098,-0.4852088987827301,-0.11882542073726654,0.4620002806186676,-0.8866854906082153,-0.0185657050460577,1.0238770246505737,-0.9322598576545715,-0.08890539407730103,1.1352285146713257,-0.6438781023025513,-0.11846161633729935,1.0563660860061646,-0.4622102677822113,-0.13149133324623108,0.4600869417190552,-0.7933677434921265,-0.1697472780942917,1.012398600578308,-0.8368731737136841,-0.22175006568431854,1.0932646989822388,-0.5700229406356812,-0.17555128037929535,1.0061970949172974,-0.40973952412605286,-0.13400906324386597,0.49211928248405457,-0.6171306371688843,-0.3172184228897095,0.9404435157775879,-0.6414953470230103,-0.31505221128463745,0.9987401366233826,-0.46825194358825684,-0.2381727248430252,0.9256788492202759,-0.338371217250824,-0.18005651235580444
0.0,0.0,0.0,0.4800689220428467,-0.04085271805524826,0.15981219708919525,0.7483586072921753,-0.14055153727531433,0.1657278686761856,0.9482792019844055,-0.18305644392967224,0.10685954242944717,1.0041321516036987,-0.24262040853500366,0.058746229857206345,0.558253288269043,-0.8740084767341614,0.13453201949596405,0.9999660849571228,-0.9209959506988525,0.031091967597603798,1.1297712326049805,-0.6691450476646423,-0.05240347981452942,1.0887404680252075,-0.4755893051624298,-0.09290849417448044,0.48763319849967957,-0.8727884292602539,-0.02131229266524315,1.0245317220687866,-0.8974891304969788,-0.10301365703344345,1.1150110960006714,-0.6000140905380249,-0.13142083585262299,1.016479253768921,-0.41843143105506897,-0.13985207676887512,0.46036234498023987,-0.7838590741157532,-0.17740288376808167,0.9818807244300842,-0.8269234895706177,-0.2433858960866928,1.05776846408844,-0.5458002090454102,-0.19807633757591248,0.9637378454208374,-0.37557557225227356,-0.15292470157146454,0.465116411447525,-0.6167482137680054,-0.32708290219306946,0.8998012542724609,-0.6524262428283691,-0.34354299306869507,0.9603832364082336,-0.47159039974212646,-0.2741997539997101,0.8859984874725342,-0.3304523229598999,-0.21763740479946136
0.0,0.0,0.0,0.45996394753456116,-0.0506109856069088,0.12930886447429657,0.7322442531585693,-0.15124447643756866,0.12426432967185974,0.9380438923835754,-0.1919373869895935,0.05998854711651802,1.0426913499832153,-0.2921180725097656,0.005120003595948219,0.5699731111526489,-0.8658385276794434,0.12309322506189346,0.9767529368400574,-0.9425203800201416,0.013691720552742481,1.129421353340149,-0.7322701811790466,-0.08012036979198456,1.1214396953582764,-0.5538932085037231,-0.1269482970237732,0.49807944893836975,-0.8669744729995728,-0.016497142612934113,0.9898688793182373,-0.9180750250816345,-0.10460398346185684,1.1030815839767456,-0.6507479548454285,-0.15744374692440033,1.0268187522888184,-0.4649651348590851,-0.18243001401424408,0.4593227207660675,-0.7859320640563965,-0.15798057615756989,0.9384310841560364,-0.8265950083732605,-0.23415899276733398,1.0296012163162231,-0.5683800578117371,-0.21365593373775482,0.947179913520813,-0.39922335743904114,-0.1834268569946289,0.44408708810806274,-0.6328116059303284,-0.2940211594104767,0.8492236137390137,-0.6564096808433533,-0.32369348406791687,0.9204500317573547,-0.4825429320335388,-0.26721835136413574,0.852102518081665,-0.34110763669013977,-0.2151305079460144
0.0,0.0,0.0,0.4596368670463562,-0.06182510033249855,0.13827459514141083,0.7394090294837952,-0.17708145081996918,0.13751745223999023,0.9461541771888733,-0.2241295427083969,0.07787566632032394,1.0326670408248901,-0.29894882440567017,0.029600029811263084,0.5582810640335083,-0.8773739337921143,0.11957944184541702,0.9573305249214172,-0.9634214639663696,0.009690765291452408,1.1192965507507324,-0.7195281982421875,-0.0821603313088417,1.104447364807129,-0.519233763217926,-0.12743820250034332,0.46975743770599365,-0.8823481202125549,-0.028102710843086243,0.9639635682106018,-0.9600987434387207,-0.11469558626413345,1.1098511219024658,-0.6654536128044128,-0.16333498060703278,1.0435161590576172,-0.46815091371536255,-0.18576665222644806,0.41762208938598633,-0.8028437495231628,-0.17631934583187103,0.8957759141921997,-0.8785033822059631,-0.25270363688468933,1.0241025686264038,-0.5983743071556091,-0.22638928890228271,0.9515091180801392,-0.422121524810791,-0.19347241520881653,0.3918600082397461,-0.6516960859298706,-0.3188931345939636,0.8026496171951294,-0.6951831579208374,-0.35849815607070923,0.9015014171600342,-0.5142035484313965,-0.3030676543712616,0.8415096402168274,-0.3724621832370758,-0.251321017742157
0.0,0.0,0.0,0.45932072401046753,-0.06255000084638596,0.14000733196735382,0.7325463891029358,-0.18238677084445953,0.1384955495595932,0.9304768443107605,-0.22689303755760193,0.07806411385536194,1.0147430896759033,-0.3050294816493988,0.028255736455321312,0.5654482245445251,-0.8751529455184937,0.10626627504825592,0.9606258273124695,-0.964102566242218,-0.0001147293733083643,1.1161073446273804,-0.7051698565483093,-0.0846448540687561,1.0889772176742554,-0.5098881125450134,-0.12701070308685303,0.4689757823944092,-0.882061243057251,-0.045053012669086456,0.9566249847412109,-0.9655879139900208,-0.12897971272468567,1.1035441160202026,-0.6558135151863098,-0.1756732165813446,1.0311146974563599,-0.4630117118358612,-0.19989076256752014,0.4082796275615692,-0.8031905293464661,-0.1955028474330902,0.8787729144096375,-0.8914356231689453,-0.2714718282222748,1.0118436813354492,-0.5992316603660583,-0.24359029531478882,0.9343310594558716,-0.42734745144844055,-0.21251414716243744,0.37170568108558655,-0.6524622440338135,-0.3396529257297516,0.7814595103263855,-0.7073637843132019,-0.38464492559432983,0.8879042863845825,-0.5226982831954956,-0.3310903012752533,0.8245590925216675,-0.38409361243247986,-0.28239354491233826
0.0,0.0,0.0,0.46372130513191223,-0.05693912133574486,0.12827704846858978,0.7246205806732178,-0.1750650405883789,0.12250050157308578,0.91606605052948,-0.22213073074817657,0.0588800273835659,1.012858510017395,-0.2983129918575287,0.005687755066901445,0.5371450185775757,-0.8937327265739441,0.10879901796579361,0.9666728973388672,-0.9593750238418579,-0.009113133884966373,1.0955301523208618,-0.7322961091995239,-0.10232162475585938,1.055198073387146,-0.5577402114868164,-0.14632529020309448,0.4605478346347809,-0.8869922161102295,-0.03377189487218857,0.9732687473297119,-0.9489423632621765,-0.1347636729478836,1.0804033279418945,-0.6693837642669678,-0.18469160795211792,0.9974473714828491,-0.4946219325065613,-0.20225177705287933,0.42069563269615173,-0.79947829246521,-0.17726249992847443,0.9123333096504211,-0.859704852104187,-0.2637154459953308,1.0033464431762695,-0.5847777128219604,-0.2345820665359497,0.9156646728515625,-0.42263349890708923,-0.19282524287700653,0.40140724182128906,-0.6390451788902283,-0.3145972788333893,0.806501567363739,-0.6862803101539612,-0.34853070974349976,0.8836860656738281,-0.51126629114151,-0.2845377027988434,0.8173168897628784,-0.37477317452430725,-0.22445116937160492
0.0,0.0,0.0,0.46715444326400757,-0.09061587601900101,0.15909358859062195,0.727996826171875,-0.1953275203704834,0.1605539321899414,0.9289388060569763,-0.2348216325044632,0.10095839202404022,1.013542652130127,-0.3138841986656189,0.056373901665210724,0.4718027710914612,-0.9301972389221191,0.11476689577102661,0.9493927359580994,-0.96630859375,0.0021198506001383066,1.0749846696853638,-0.731445848941803,-0.07781153917312622,1.0378553867340088,-0.5507686734199524,-0.1122971773147583,0.41081926226615906,-0.9110172986984253,-0.03570769727230072,1.0000474452972412,-0.9522371888160706,-0.13151103258132935,1.0903881788253784,-0.6677369475364685,-0.15859879553318024,1.0034117698669434,-0.4948701560497284,-0.15925967693328857,0.41269710659980774,-0.8048250079154968,-0.18444664776325226,0.9746178984642029,-0.8585295081138611,-0.2611478269100189,1.052947998046875,-0.5890038013458252,-0.21527883410453796,0.9584894180297852,-0.42650577425956726,-0.16249817609786987,0.44970986247062683,-0.6305050253868103,-0.32432928681373596,0.9048591256141663,-0.6581516265869141,-0.3366289436817169,0.9588189721107483,-0.4868341386318207,-0.2629925310611725,0.8789116740226746,-0.35695117712020874,-0.20040658116340637
0.0,0.0,0.0,0.44864434003829956,-0.10370391607284546,0.15199142694473267,0.6957098841667175,-0.2325797975063324,0.15002615749835968,0.8846758604049683,-0.2952885329723358,0.09322018921375275,0.9845684766769409,-0.34908485412597656,0.053600866347551346,0.43915078043937683,-0.9376645088195801,0.08547963201999664,0.9215044379234314,-0.9455015063285828,0.0004298238200135529,1.0151468515396118,-0.6925238966941833,-0.06731745600700378,0.950462281703949,-0.5159712433815002,-0.10389263927936554,0.39059990644454956,-0.9188786149024963,-0.0556224063038826,0.9818444848060608,-0.9551143646240234,-0.10898653417825699,1.0729905366897583,-0.6755872964859009,-0.12803204357624054,0.9944751858711243,-0.5122966170310974,-0.1403072327375412,0.4179311990737915,-0.8061264157295227,-0.1896703839302063,0.9930359721183777,-0.8856136798858643,-0.23063097894191742,1.0748562812805176,-0.6120023727416992,-0.181001678109169,0.9860348105430603,-0.44444072246551514,-0.14209331572055817,0.4900211989879608,-0.626571774482727,-0.3152715265750885,0.9571699500083923,-0.6730993986129761,-0.3058246374130249,1.0259944200515747,-0.505928635597229,-0.22984792292118073,0.9618394374847412,-0.3825293779373169,-0.17581023275852203
0.0,0.0,0.0,0.44602423906326294,-0.09759144484996796,0.11902022361755371,0.7060556411743164,-0.2275061160326004,0.10426332801580429,0.8882968425750732,-0.29302459955215454,0.04460631683468819,0.968214213848114,-0.3776579201221466,0.003225665772333741,0.4225541055202484,-0.9246578216552734,0.03395143896341324,0.9189242720603943,-0.930949866771698,-0.04282642528414726,1.0273581743240356,-0.673332929611206,-0.08952245861291885,0.969111979007721,-0.49568280577659607,-0.11141770333051682,0.3832298517227173,-0.9191442728042603,-0.09115169942378998,0.9893153309822083,-0.9685280323028564,-0.1377624273300171,1.0867208242416382,-0.6872642040252686,-0.1374858319759369,1.0078150033950806,-0.5216839909553528,-0.1373947262763977,0.4129297733306885,-0.81309974193573,-0.21002088487148285,1.0074931383132935,-0.8917901515960693,-0.2554773986339569,1.0798463821411133,-0.6172221899032593,-0.2045142948627472,0.9907258749008179,-0.4500974714756012,-0.16543033719062805,0.4924144148826599,-0.6289793252944946,-0.32144421339035034,0.981552243232727,-0.663170337677002,-0.32137736678123474,1.0303374528884888,-0.4847724139690399,-0.2502930462360382,0.9497846364974976,-0.36019670963287354,-0.20020632445812225
0.0,0.0,0.0,0.45101767778396606,-0.0833071917295456,0.11632078140974045,0.7157444953918457,-0.21200719475746155,0.10176145285367966,0.9070957899093628,-0.27747970819473267,0.04421839863061905,0.9939373135566711,-0.3683472275733948,0.005052506923675537,0.42601653933525085,-0.9210214018821716,0.02596694976091385,0.9492773413658142,-0.9272925853729248,-0.06562613695859909,1.0659223794937134,-0.6589283347129822,-0.12321528792381287,1.0141642093658447,-0.46590477228164673,-0.14808963239192963,0.3897874653339386,-0.9156658053398132,-0.09809155017137527,1.017285943031311,-0.9614930152893066,-0.1574840396642685,1.1274385452270508,-0.6754310131072998,-0.16321958601474762,1.060299038887024,-0.491055965423584,-0.16369453072547913,0.41792163252830505,-0.8152186274528503,-0.21696124970912933,1.0349692106246948,-0.875417172908783,-0.26950693130493164,1.116589069366455,-0.6038596034049988,-0.21988807618618011,1.0392757654190063,-0.42747175693511963,-0.1788017898797989,0.4926876127719879,-0.6377983689308167,-0.3284985423088074,0.986477255821228,-0.6723546385765076,-0.33481988310813904,1.0520696640014648,-0.5038437843322754,-0.2667427062988281,0.9911620020866394,-0.3766375780105591,-0.21565553545951843
0.0,0.0,0.0,0.480176717042923,-0.046821460127830505,0.09902022033929825,0.7520354390144348,-0.14744797348976135,0.07987681031227112,0.9319432377815247,-0.19783884286880493,0.0097273550927639,0.9909332990646362,-0.2718232274055481,-0.04386055842041969,0.5126832127571106,-0.8821753859519958,0.08790747821331024,1.0049570798873901,-0.905998170375824,-0.02687671221792698,1.095703125,-0.6284092664718628,-0.12163736671209335,1.0292726755142212,-0.43622928857803345,-0.16892974078655243,0.46934711933135986,-0.882317304611206,-0.035064153373241425,1.0505954027175903,-0.9053962826728821,-0.11525553464889526,1.1241651773452759,-0.6081344485282898,-0.14331668615341187,1.0258952379226685,-0.4202598035335541,-0.15339453518390656,0.47466257214546204,-0.7918233871459961,-0.1635081022977829,1.0443140268325806,-0.83548504114151,-0.22785398364067078,1.1003532409667969,-0.5558717250823975,-0.1866164356470108,1.0017995834350586,-0.37273970246315,-0.14436621963977814,0.5184457898139954,-0.6232521533966064,-0.290674090385437,0.9546505212783813,-0.6703351736068726,-0.3031215965747833,0.9972319602966309,-0.4949793517589569,-0.23844054341316223,0.9163821935653687,-0.35383135080337524,-0.18658854067325592
0.0,0.0,0.0,0.45939749479293823,0.011232675984501839,0.06973694264888763,0.734320342540741,-0.0743204802274704,0.041095077991485596,0.937851071357727,-0.141182079911232,-0.041245896369218826,0.9748286008834839,-0.26435819268226624,-0.10355325788259506,0.5421227812767029,-0.8433637022972107,0.13382436335086823,1.0032286643981934,-0.869981586933136,0.02549072541296482,1.0647528171539307,-0.5976767539978027,-0.0804426521062851,0.9598365426063538,-0.42402124404907227,-0.13756246864795685,0.4863940477371216,-0.8734331727027893,0.023137222975492477,1.0189621448516846,-0.9247288703918457,-0.05145036801695824,1.0832346677780151,-0.6342676877975464,-0.10555467754602432,0.9662203788757324,-0.45225492119789124,-0.13444963097572327,0.4879414439201355,-0.8217850923538208,-0.09948064386844635,1.036328673362732,-0.9052485823631287,-0.17168109118938446,1.0905650854110718,-0.6290684342384338,-0.15813282132148743,0.9773259162902832,-0.4511265456676483,-0.1340225636959076,0.5398507714271545,-0.6854208707809448,-0.22319170832633972,1.0125116109848022,-0.7160742878913879,-0.2510553002357483,1.0532060861587524,-0.5213636755943298,-0.20435814559459686,0.9493194222450256,-0.37521103024482727,-0.16421842575073242
0.0,0.0,0.0,0.4560604989528656,0.023196611553430557,0.07189900428056717,0.7338929772377014,-0.07052551954984665,0.05069364234805107,0.9264997243881226,-0.1327577382326126,-0.023983465507626534,0.955653727054596,-0.24614521861076355,-0.07913152873516083,0.5689577460289001,-0.8206828236579895,0.12288544327020645,1.0310465097427368,-0.8547711968421936,0.017694417387247086,1.061593770980835,-0.5661661624908447,-0.07545580714941025,0.936240017414093,-0.3922909200191498,-0.12266524881124496,0.5078354477882385,-0.8613778352737427,0.011464676819741726,1.0457159280776978,-0.8978626132011414,-0.06383800506591797,1.071120023727417,-0.5820336937904358,-0.10367769747972488,0.9293173551559448,-0.4060795307159424,-0.11977186053991318,0.49783095717430115,-0.8223598599433899,-0.11164473742246628,1.0565909147262573,-0.8945876359939575,-0.18662208318710327,1.0715426206588745,-0.5962836146354675,-0.16034875810146332,0.932217538356781,-0.4185471534729004,-0.12391845136880875,0.5283406376838684,-0.6967699527740479,-0.2357267141342163,1.0006314516067505,-0.7351323962211609,-0.2712204158306122,1.029520869255066,-0.5229123830795288,-0.2212836891412735,0.9203464388847351,-0.3704510033130646,-0.1757415384054184
