feature_0,feature_1,feature_2,feature_3,feature_4,feature_5,feature_6,feature_7,feature_8,feature_9,feature_10,feature_11,feature_12,feature_13,feature_14,feature_15,feature_16,feature_17,feature_18,feature_19,feature_20,feature_21,feature_22,feature_23,feature_24,feature_25,feature_26,feature_27,feature_28,feature_29,feature_30,feature_31,feature_32,feature_33,feature_34,feature_35,feature_36,feature_37,feature_38,feature_39,feature_40,feature_41,feature_42,feature_43,feature_44,feature_45,feature_46,feature_47,feature_48,feature_49,feature_50,feature_51,feature_52,feature_53,feature_54,feature_55,feature_56,feature_57,feature_58,feature_59,feature_60,feature_61,feature_62
0.0,0.0,0.0,0.3442237973213196,-0.09947403520345688,-0.1471288651227951,0.6508153676986694,-0.4144035577774048,-0.21869789063930511,0.600784957408905,-0.7611961960792542,-0.28651753067970276,0.3819658160209656,-0.9850807189941406,-0.3088371455669403,0.678579568862915,-0.8361897468566895,-0.05513089895248413,0.8559494018554688,-1.1099612712860107,-0.24728408455848694,0.7296534180641174,-0.7722249031066895,-0.32458025217056274,0.6424522399902344,-0.6917601227760315,-0.35849520564079285,0.4109496772289276,-0.908259928226471,-0.07863929122686386,0.5518982410430908,-1.1299597024917603,-0.28245460987091064,0.4597264230251312,-0.7241108417510986,-0.3097098171710968,0.39280036091804504,-0.7284905910491943,-0.2859326899051666,0.13830572366714478,-0.9104650020599365,-0.1361168920993805,0.24743829667568207,-1.0925536155700684,-0.36647939682006836,0.22487761080265045,-0.7050020098686218,-0.29266268014907837,0.17120859026908875,-0.7113391160964966,-0.193275585770607,-0.1531960517168045,-0.8827782869338989,-0.20207370817661285,-0.01565822958946228,-0.9944405555725098,-0.3333336412906647,0.010730537585914135,-0.7210546731948853,-0.24386323988437653,-0.03823711723089218,-0.6905515789985657,-0.14808401465415955
0.0,0.0,0.0,0.35265469551086426,-0.10464850813150406,-0.14750787615776062,0.6652659177780151,-0.42195966839790344,-0.21868185698986053,0.5848044753074646,-0.7655988335609436,-0.2856222987174988,0.344978928565979,-0.9744918942451477,-0.30637845396995544,0.6940825581550598,-0.8384021520614624,-0.05837823450565338,0.8578553199768066,-1.1124433279037476,-0.2593283951282501,0.7287686467170715,-0.7712933421134949,-0.3366641402244568,0.6523826122283936,-0.6888495683670044,-0.3679143190383911,0.4115704298019409,-0.9076641201972961,-0.0821930468082428,0.5439153909683228,-1.1221116781234741,-0.29260048270225525,0.44721296429634094,-0.714476466178894,-0.3173501491546631,0.3892940282821655,-0.7256728410720825,-0.29105815291404724,0.1322864145040512,-0.911484956741333,-0.14117026329040527,0.2285671979188919,-1.0818842649459839,-0.3778121769428253,0.20196683704853058,-0.6899440288543701,-0.29959920048713684,0.16021589934825897,-0.7018783092498779,-0.19611699879169464,-0.16128025949001312,-0.8878341913223267,-0.20873549580574036,-0.03604120761156082,-0.9979609847068787,-0.33764687180519104,-0.010702037252485752,-0.7167387008666992,-0.24253693222999573,-0.05015332251787186,-0.6870503425598145,-0.14311067759990692
0.0,0.0,0.0,0.35568132996559143,-0.09667579084634781,-0.128001406788826,0.6726427674293518,-0.4257909953594208,-0.19006367027759552,0.593952476978302,-0.7732955813407898,-0.25084760785102844,0.3424396514892578,-0.9723738431930542,-0.2669719457626343,0.6984038949012756,-0.8305422067642212,-0.05596805736422539,0.8723028898239136,-1.1164169311523438,-0.24832621216773987,0.7334076166152954,-0.7687341570854187,-0.3165552318096161,0.6596720814704895,-0.6855652928352356,-0.34327688813209534,0.4159814715385437,-0.90501868724823,-0.08888537436723709,0.5611913204193115,-1.1342302560806274,-0.29445505142211914,0.4537249207496643,-0.718835711479187,-0.3130045533180237,0.3951927125453949,-0.7228715419769287,-0.2826208174228668,0.13492795825004578,-0.9129520654678345,-0.15303398668766022,0.2384602278470993,-1.1012412309646606,-0.38453981280326843,0.20699504017829895,-0.695307195186615,-0.29741618037223816,0.1643320918083191,-0.6935060620307922,-0.1883677989244461,-0.1617908626794815,-0.8933630585670471,-0.2237575203180313,-0.031080257147550583,-1.0184929370880127,-0.345382958650589,-0.008277613669633865,-0.7269117832183838,-0.2396528422832489,-0.050673652440309525,-0.6841050982475281,-0.13395987451076508
0.0,0.0,0.0,0.33061352372169495,-0.09592755883932114,-0.15788626670837402,0.6624104976654053,-0.3948838710784912,-0.24340790510177612,0.5983781814575195,-0.746920645236969,-0.32192978262901306,0.3422515094280243,-0.9661049842834473,-0.356433629989624,0.6806038618087769,-0.8390580415725708,-0.0756923258304596,0.8247936367988586,-1.088121771812439,-0.2739272117614746,0.7043857574462891,-0.7451721429824829,-0.353730171918869,0.6404322385787964,-0.6769759058952332,-0.3908899426460266,0.40369269251823425,-0.9098868370056152,-0.09559360146522522,0.5330049395561218,-1.1148678064346313,-0.3064212203025818,0.44640594720840454,-0.7078734040260315,-0.3357301652431488,0.3863118290901184,-0.7202538251876831,-0.31451216340065,0.13199910521507263,-0.9118821620941162,-0.1488647758960724,0.2285163849592209,-1.0661407709121704,-0.3874269723892212,0.20915018022060394,-0.6759411692619324,-0.3127031922340393,0.16018113493919373,-0.6846254467964172,-0.2130652815103531,-0.16023075580596924,-0.8817769289016724,-0.21080908179283142,-0.02342052571475506,-0.9786142706871033,-0.34463027119636536,0.0007833480485714972,-0.7033075094223022,-0.25520938634872437,-0.04748856648802757,-0.6762090921401978,-0.1602603793144226
0.0,0.0,0.0,0.32285213470458984,-0.08416374027729034,-0.15961962938308716,0.6379777789115906,-0.36680924892425537,-0.23971304297447205,0.5843438506126404,-0.6920727491378784,-0.3070400357246399,0.3379254937171936,-0.8899953961372375,-0.3326697051525116,0.6412643790245056,-0.8307462930679321,-0.06886892765760422,0.7801345586776733,-0.9731172919273376,-0.2449825406074524,0.6610236763954163,-0.651921272277832,-0.32460126280784607,0.5854284167289734,-0.6168397068977356,-0.3707425594329834,0.38624224066734314,-0.9185256361961365,-0.08442504703998566,0.5147099494934082,-1.0457226037979126,-0.2721847593784332,0.4252796471118927,-0.6656888127326965,-0.30353832244873047,0.354608416557312,-0.6899194717407227,-0.28940871357917786,0.12884663045406342,-0.9200615286827087,-0.131781205534935,0.22638104856014252,-0.9937477707862854,-0.34814509749412537,0.2122177928686142,-0.6339089274406433,-0.2930307984352112,0.1604761928319931,-0.6637693643569946,-0.21454042196273804,-0.13958916068077087,-0.875922441482544,-0.1887156367301941,-0.008217118680477142,-0.895054817199707,-0.3214307725429535,0.019271861761808395,-0.6426500082015991,-0.2564704120159149,-0.026289628818631172,-0.6406619548797607,-0.18211542069911957
0.0,0.0,0.0,0.30780425667762756,-0.07772625982761383,-0.14530505239963531,0.6182838678359985,-0.3492923974990845,-0.22298140823841095,0.5522053241729736,-0.6579495668411255,-0.28907331824302673,0.3206457197666168,-0.8425912261009216,-0.3159571588039398,0.6038968563079834,-0.8429573774337769,-0.08128497749567032,0.8000667095184326,-0.961374819278717,-0.25786346197128296,0.6810474991798401,-0.6489686369895935,-0.32643797993659973,0.5895868539810181,-0.5969924926757812,-0.3601558208465576,0.3530498743057251,-0.9301175475120544,-0.10117833316326141,0.5408869385719299,-1.0113627910614014,-0.28468289971351624,0.43707799911499023,-0.6280627250671387,-0.3027220070362091,0.3524843156337738,-0.6437799334526062,-0.2767718434333801,0.10382891446352005,-0.9250921607017517,-0.15053777396678925,0.23950719833374023,-0.9456595182418823,-0.3629574179649353,0.2112513780593872,-0.5833728909492493,-0.3022898733615875,0.1447283923625946,-0.600504457950592,-0.21857795119285583,-0.15489278733730316,-0.873415470123291,-0.20775708556175232,-0.001146020251326263,-0.8709573745727539,-0.33607617020606995,0.020916791632771492,-0.6146472692489624,-0.2664082646369934,-0.03225373476743698,-0.6076838374137878,-0.1870889812707901
0.0,0.0,0.0,0.30503758788108826,-0.08029865473508835,-0.13018514215946198,0.5936092734336853,-0.34598273038864136,-0.20539511740207672,0.5403028130531311,-0.6451215147972107,-0.2737303078174591,0.33331939578056335,-0.8315321803092957,-0.3055779039859772,0.5997498035430908,-0.8363687992095947,-0.06253358721733093,0.7790214419364929,-0.949991762638092,-0.2405327558517456,0.6794019937515259,-0.6499108672142029,-0.31820279359817505,0.5981402397155762,-0.5918344259262085,-0.3580054044723511,0.3456544578075409,-0.9340048432350159,-0.09032168239355087,0.5225903391838074,-1.016927719116211,-0.2694622874259949,0.43250003457069397,-0.6427116990089417,-0.2883108854293823,0.3563222289085388,-0.6467055678367615,-0.2650088965892792,0.09087338298559189,-0.9339444041252136,-0.1477273553609848,0.2285366803407669,-0.9582864046096802,-0.3546830713748932,0.2036377489566803,-0.6076275110244751,-0.29158762097358704,0.13981077075004578,-0.6137685179710388,-0.20843210816383362,-0.17419955134391785,-0.8798446655273438,-0.21245597302913666,-0.020893311128020287,-0.8817265629768372,-0.33689719438552856,0.006308913230895996,-0.6326241493225098,-0.26501545310020447,-0.03977353498339653,-0.6204110383987427,-0.18508988618850708
0.0,0.0,0.0,0.3231184482574463,-0.0726008489727974,-0.15604309737682343,0.6441858410835266,-0.3438783586025238,-0.23294496536254883,0.5780146718025208,-0.6651524901390076,-0.29681453108787537,0.3948712646961212,-0.8685156106948853,-0.31857818365097046,0.6181638240814209,-0.8365592360496521,-0.06400376558303833,0.7958004474639893,-0.9439026713371277,-0.23636075854301453,0.6830865144729614,-0.630450427532196,-0.3031696081161499,0.5922860503196716,-0.5825467109680176,-0.33606427907943726,0.3687988221645355,-0.9263710379600525,-0.07631585001945496,0.5370718836784363,-1.0076029300689697,-0.2563062608242035,0.4429205358028412,-0.6202762722969055,-0.2728857696056366,0.36632850766181946,-0.6447803974151611,-0.24746203422546387,0.12148705124855042,-0.9258347749710083,-0.12150119990110397,0.26173874735832214,-0.9612418413162231,-0.3355749249458313,0.23142026364803314,-0.5932866930961609,-0.27077311277389526,0.1624433398246765,-0.6160198450088501,-0.18531934916973114,-0.13868412375450134,-0.8740583062171936,-0.1757466197013855,0.024758853018283844,-0.8800719380378723,-0.3105100095272064,0.03948986530303955,-0.6204184889793396,-0.24218611419200897,-0.027055425569415092,-0.6186955571174622,-0.16365885734558105
0.0,0.0,0.0,0.31501877307891846,-0.05372559651732445,-0.15201592445373535,0.6437278985977173,-0.2839760482311249,-0.23618461191654205,0.6493353247642517,-0.5852617025375366,-0.3086402416229248,0.4859972298145294,-0.8102179169654846,-0.3398382365703583,0.6228381991386414,-0.8200951814651489,-0.07560408115386963,0.8164405226707458,-0.9185144305229187,-0.24833586812019348,0.7029948234558105,-0.6053853034973145,-0.3117721676826477,0.6083911657333374,-0.5682027339935303,-0.34253063797950745,0.38747072219848633,-0.9172224998474121,-0.09257038682699203,0.578954815864563,-0.9894367456436157,-0.2746584713459015,0.4747537672519684,-0.6102332472801208,-0.2933618426322937,0.3807855546474457,-0.6458157896995544,-0.2717703580856323,0.14153903722763062,-0.9201743602752686,-0.13925595581531525,0.3109816312789917,-0.9463468790054321,-0.35686737298965454,0.2635095417499542,-0.5790581107139587,-0.2885615825653076,0.17187921702861786,-0.6051971912384033,-0.20046067237854004,-0.11986732482910156,-0.8702856302261353,-0.19418373703956604,0.06615008413791656,-0.8718034029006958,-0.3366294205188751,0.07881735265254974,-0.6118585467338562,-0.2669246196746826,0.002849408658221364,-0.6072177290916443,-0.18524394929409027
0.0,0.0,0.0,0.3214397430419922,-0.07467061281204224,-0.154280424118042,0.6494379639625549,-0.31169450283050537,-0.2488759607076645,0.6683632731437683,-0.6312877535820007,-0.3378460705280304,0.48930495977401733,-0.8615679740905762,-0.39000439643859863,0.6454312801361084,-0.8284110426902771,-0.05726975202560425,0.8270725607872009,-0.9695717096328735,-0.25488582253456116,0.7497959136962891,-0.6794779300689697,-0.3457755446434021,0.6534669399261475,-0.605514407157898,-0.3854759931564331,0.40099939703941345,-0.9129100441932678,-0.07612350583076477,0.5701450705528259,-1.033583402633667,-0.2632671296596527,0.4916563630104065,-0.6496375799179077,-0.2892037332057953,0.4051167666912079,-0.6749731302261353,-0.26903173327445984,0.15462827682495117,-0.913927435874939,-0.12973929941654205,0.3054642677307129,-0.9892069697380066,-0.3558819890022278,0.278449147939682,-0.6282515525817871,-0.2895728051662445,0.1930103600025177,-0.6530032157897949,-0.19879169762134552,-0.1195530891418457,-0.8632998466491699,-0.19239243865013123,0.05969851464033127,-0.9078567028045654,-0.33746373653411865,0.08151616156101227,-0.6470664143562317,-0.26233935356140137,0.011553328484296799,-0.6296343207359314,-0.1751791536808014
0.0,0.0,0.0,0.3150215148925781,-0.08348026126623154,-0.1612124741077423,0.6405196785926819,-0.31271663308143616,-0.2472379356622696,0.6435846090316772,-0.6165182590484619,-0.3200177848339081,0.4998492896556854,-0.8475507497787476,-0.3519033193588257,0.610691487789154,-0.8403920531272888,-0.0820213332772255,0.8078575730323792,-0.9721875786781311,-0.26531311869621277,0.7003251910209656,-0.6668067574501038,-0.3408105671405792,0.5937624573707581,-0.621204137802124,-0.3768864870071411,0.367999404668808,-0.9250302910804749,-0.09431564807891846,0.5521262288093567,-1.029227614402771,-0.2802906334400177,0.46816861629486084,-0.6445369124412537,-0.30759158730506897,0.3783392310142517,-0.664905846118927,-0.2911515533924103,0.11970393359661102,-0.9185730814933777,-0.13810203969478607,0.27746298909187317,-0.9607134461402893,-0.3584347069263458,0.2508007287979126,-0.596998393535614,-0.29882699251174927,0.16830624639987946,-0.6217438578605652,-0.21527980268001556,-0.14655819535255432,-0.8565834760665894,-0.19089822471141815,0.02813854068517685,-0.8715343475341797,-0.33068084716796875,0.054954465478658676,-0.6168415546417236,-0.2630172669887543,-0.013967960141599178,-0.609318196773529,-0.1832932084798813
0.0,0.0,0.0,0.32451683282852173,-0.0619402639567852,-0.18174132704734802,0.6422209143638611,-0.31200599670410156,-0.26187971234321594,0.7764880061149597,-0.5895045399665833,-0.3261602818965912,0.7878860831260681,-0.8474318981170654,-0.34952428936958313,0.5578047037124634,-0.8791455626487732,-0.07800070196390152,0.7457376718521118,-0.9457700252532959,-0.2589632272720337,0.6385396718978882,-0.6509547233581543,-0.31885337829589844,0.51678466796875,-0.6272941827774048,-0.33951255679130554,0.32794663310050964,-0.9415724277496338,-0.0767616257071495,0.5340977311134338,-1.0012611150741577,-0.2732500731945038,0.4362240731716156,-0.6040305495262146,-0.2837592363357544,0.3275807797908783,-0.6291621327400208,-0.24368901550769806,0.0817069336771965,-0.92537921667099,-0.11225669085979462,0.2614661753177643,-0.9548599720001221,-0.3464561998844147,0.22388042509555817,-0.5834097862243652,-0.275828093290329,0.12758907675743103,-0.6102778911590576,-0.17489463090896606,-0.17498701810836792,-0.855606734752655,-0.1586996614933014,0.0029409080743789673,-0.8603926301002502,-0.3124968707561493,0.035497575998306274,-0.6030580401420593,-0.2477162629365921,-0.033071309328079224,-0.5935964584350586,-0.16217041015625
0.0,0.0,0.0,0.32322466373443604,-0.0672958716750145,-0.16460931301116943,0.6286203265190125,-0.3358176648616791,-0.23804320394992828,0.8021261096000671,-0.6020897030830383,-0.2973959147930145,0.9095491170883179,-0.8246027231216431,-0.3170531690120697,0.5278185606002808,-0.8846390843391418,-0.06993617862462997,0.7248992323875427,-0.9051220417022705,-0.22997471690177917,0.6140048503875732,-0.6098641157150269,-0.27913472056388855,0.4908266067504883,-0.5998847484588623,-0.2996146082878113,0.3085099160671234,-0.9484773874282837,-0.07219604402780533,0.5301281809806824,-0.944976806640625,-0.25352275371551514,0.42534875869750977,-0.5692508816719055,-0.26345300674438477,0.30947020649909973,-0.6031696796417236,-0.22939270734786987,0.07775531709194183,-0.9249199032783508,-0.10633035004138947,0.27868929505348206,-0.9140636920928955,-0.31767627596855164,0.2311050295829773,-0.5560411214828491,-0.24554677307605743,0.12496215850114822,-0.5789090394973755,-0.1516367346048355,-0.15458938479423523,-0.8497770428657532,-0.15142089128494263,0.029644513502717018,-0.8206519484519958,-0.292319118976593,0.04916682466864586,-0.5747970938682556,-0.23158617317676544,-0.028049800544977188,-0.5728700757026672,-0.15225361287593842
0.0,0.0,0.0,0.2935952842235565,-0.06605807691812515,-0.16632486879825592,0.6183801293373108,-0.3190329670906067,-0.25097307562828064,0.7102053165435791,-0.6256607174873352,-0.3204098045825958,0.5890638828277588,-0.8750218749046326,-0.3524378836154938,0.5463293790817261,-0.8688997626304626,-0.07350291311740875,0.7633528709411621,-0.8679752945899963,-0.24135111272335052,0.6345828175544739,-0.593599259853363,-0.30822721123695374,0.49626559019088745,-0.6004133224487305,-0.3444449007511139,0.3209720253944397,-0.9439154863357544,-0.07746321707963943,0.5316912531852722,-0.9341222643852234,-0.25456738471984863,0.4242161810398102,-0.5723255276679993,-0.2697034776210785,0.31841179728507996,-0.6220278739929199,-0.24664361774921417,0.08853424340486526,-0.9272867441177368,-0.11325997114181519,0.28367364406585693,-0.917708694934845,-0.3182697892189026,0.24080708622932434,-0.5718417167663574,-0.2471950352191925,0.13642828166484833,-0.6066723465919495,-0.16166864335536957,-0.148590549826622,-0.8592402935028076,-0.16060829162597656,0.045276202261447906,-0.838836133480072,-0.29641827940940857,0.053408339619636536,-0.599868893623352,-0.23519477248191833,-0.03703056648373604,-0.6062469482421875,-0.16152070462703705
0.0,0.0,0.0,0.2760099768638611,-0.053664449602365494,-0.16692601144313812,0.6152876615524292,-0.31544920802116394,-0.25621268153190613,0.6696776747703552,-0.6443372368812561,-0.3288620114326477,0.4719787538051605,-0.8739742636680603,-0.36357036232948303,0.6078598499298096,-0.8347777724266052,-0.0957326740026474,0.7724229693412781,-0.9076413512229919,-0.2756831645965576,0.657679557800293,-0.6075000762939453,-0.3467857539653778,0.5547523498535156,-0.6011901497840881,-0.3833233714103699,0.3606235682964325,-0.9269507527351379,-0.10350286960601807,0.5262285470962524,-0.9866284132003784,-0.29176774621009827,0.4254412055015564,-0.6010690927505493,-0.3079795837402344,0.3352054953575134,-0.6482383012771606,-0.28340718150138855,0.10975299775600433,-0.9215676188468933,-0.14153295755386353,0.2604581117630005,-0.9392112493515015,-0.36235374212265015,0.21792447566986084,-0.5707066059112549,-0.28830522298812866,0.1286282241344452,-0.601356029510498,-0.1956004947423935,-0.15687812864780426,-0.8734749555587769,-0.18948103487491608,-0.0018199868500232697,-0.8450396060943604,-0.3288673460483551,0.016539813950657845,-0.5926606059074402,-0.2615278959274292,-0.04434516280889511,-0.6037091612815857,-0.1824198216199875
0.0,0.0,0.0,0.31128111481666565,-0.06282376497983932,-0.17583779990673065,0.6763392686843872,-0.3339579105377197,-0.26138386130332947,0.6935218572616577,-0.6724545359611511,-0.33126896619796753,0.49722954630851746,-0.9053277373313904,-0.3570411503314972,0.6484423279762268,-0.8276048898696899,-0.08992736786603928,0.8282080888748169,-0.9683201909065247,-0.2791804373264313,0.6798385381698608,-0.6399510502815247,-0.3455539047718048,0.5936993956565857,-0.6168131232261658,-0.3794093132019043,0.3943995237350464,-0.9134895205497742,-0.09992959350347519,0.5771246552467346,-1.046670913696289,-0.31385567784309387,0.4565673768520355,-0.6355289816856384,-0.33006274700164795,0.3873651921749115,-0.6611993312835693,-0.29647940397262573,0.12952804565429688,-0.918677031993866,-0.14404718577861786,0.2731786072254181,-1.0098248720169067,-0.3867926001548767,0.22508354485034943,-0.615198016166687,-0.301967591047287,0.1644887775182724,-0.6355970501899719,-0.19491012394428253,-0.15959598124027252,-0.8895968198776245,-0.19886808097362518,-0.020273644477128983,-0.9172695875167847,-0.34439244866371155,0.008840441703796387,-0.6424506306648254,-0.2649761736392975,-0.025738438591361046,-0.6373305916786194,-0.17601409554481506
0.0,0.0,0.0,0.3145797550678253,-0.03733747452497482,-0.16975343227386475,0.697621762752533,-0.3068312704563141,-0.24512159824371338,0.7091933488845825,-0.6604737639427185,-0.3046891987323761,0.5067271590232849,-0.8934730887413025,-0.32141971588134766,0.701755166053772,-0.7865926027297974,-0.07557455450296402,0.8664655685424805,-0.9495407938957214,-0.26111263036727905,0.7062668800354004,-0.6371955871582031,-0.3323591351509094,0.6071284413337708,-0.6014664173126221,-0.3676340579986572,0.4499461352825165,-0.8893381953239441,-0.08140067011117935,0.5990480184555054,-1.0173704624176025,-0.2801622152328491,0.47619691491127014,-0.6169795393943787,-0.2979421317577362,0.42236432433128357,-0.6479593515396118,-0.26874038577079773,0.1897287368774414,-0.9089298248291016,-0.1214592307806015,0.29587116837501526,-0.9917056560516357,-0.3485773503780365,0.24247224628925323,-0.6089067459106445,-0.2665896415710449,0.20147912204265594,-0.6351243853569031,-0.16573330760002136,-0.09815633296966553,-0.897558331489563,-0.17234116792678833,0.007615444250404835,-0.9159085154533386,-0.30864644050598145,0.026696650311350822,-0.6383737325668335,-0.22962705790996552,0.008209096267819405,-0.6326276659965515,-0.142417773604393
0.0,0.0,0.0,0.2800252139568329,-0.01773066632449627,-0.1802351027727127,0.6396586298942566,-0.2384614497423172,-0.2697019577026367,0.6822529435157776,-0.5573920607566833,-0.3406680226325989,0.48189133405685425,-0.7809228897094727,-0.37108901143074036,0.6647652983665466,-0.7781781554222107,-0.08490345627069473,0.8038216829299927,-0.8256050944328308,-0.27220749855041504,0.6575722098350525,-0.5283714532852173,-0.3513776361942291,0.5685452818870544,-0.5024542808532715,-0.3909757435321808,0.43618321418762207,-0.89632248878479,-0.07968754321336746,0.5595589280128479,-0.8991977572441101,-0.2671014666557312,0.4305274188518524,-0.528042197227478,-0.2813516855239868,0.3781667649745941,-0.5692944526672363,-0.25356361269950867,0.19089584052562714,-0.9210681319236755,-0.11052894592285156,0.28253835439682007,-0.8880950212478638,-0.317996084690094,0.216316819190979,-0.5418833494186401,-0.24487429857254028,0.17239807546138763,-0.5774468779563904,-0.15609757602214813,-0.07778576016426086,-0.9079304933547974,-0.15571045875549316,0.015412479639053345,-0.826478123664856,-0.2797297537326813,0.020274491980671883,-0.581657350063324,-0.21997028589248657,-0.0025338924024254084,-0.5973981618881226,-0.14913606643676758
0.0,0.0,0.0,0.3095138967037201,-0.030457664281129837,-0.1974085569381714,0.6646099090576172,-0.2715091109275818,-0.28163063526153564,0.6770896315574646,-0.6304491758346558,-0.3482636511325836,0.49753037095069885,-0.8906450271606445,-0.36742693185806274,0.7323512434959412,-0.7432861328125,-0.059460338205099106,0.8608818650245667,-0.9129505157470703,-0.2665295898914337,0.7081009149551392,-0.6137381196022034,-0.3531586527824402,0.6287126541137695,-0.5636763572692871,-0.3896665573120117,0.49943268299102783,-0.8648711442947388,-0.05064425244927406,0.5801212787628174,-0.9809057712554932,-0.2645590901374817,0.45868489146232605,-0.5993722677230835,-0.2923636734485626,0.42837846279144287,-0.6320361495018005,-0.26330775022506714,0.24907493591308594,-0.9032644033432007,-0.08484277874231339,0.2814883887767792,-0.9588857293128967,-0.32717666029930115,0.22354236245155334,-0.5943197011947632,-0.2645133435726166,0.213886097073555,-0.628467321395874,-0.1690419316291809,-0.029486797749996185,-0.9090312719345093,-0.13310495018959045,0.010592843405902386,-0.885970413684845,-0.2815539538860321,0.017862999811768532,-0.61641925573349,-0.22430740296840668,0.026532473042607307,-0.6216686964035034,-0.1464252769947052
0.0,0.0,0.0,0.33059728145599365,-0.06277931481599808,-0.18040651082992554,0.6627172231674194,-0.32212838530540466,-0.2569599151611328,0.6260106563568115,-0.6692773103713989,-0.31887102127075195,0.4300288259983063,-0.8986444473266602,-0.3363517224788666,0.7205086350440979,-0.7710291147232056,-0.04866096377372742,0.829528272151947,-0.9498575329780579,-0.25138384103775024,0.6911916732788086,-0.6495850086212158,-0.3392036259174347,0.6208280324935913,-0.5790283679962158,-0.37590205669403076,0.471671462059021,-0.8805366158485413,-0.04670554772019386,0.5436301827430725,-1.020482063293457,-0.25182056427001953,0.4378889203071594,-0.6412419080734253,-0.2774522602558136,0.409845769405365,-0.6419281363487244,-0.248497873544693,0.21556079387664795,-0.9090546369552612,-0.08601889759302139,0.2361842393875122,-0.9963016510009766,-0.31906944513320923,0.19330130517482758,-0.631797194480896,-0.25427141785621643,0.19007793068885803,-0.6373378038406372,-0.15910586714744568,-0.06560792028903961,-0.899810254573822,-0.13787829875946045,-0.03396455571055412,-0.9163140654563904,-0.2763931453227997,-0.01789177767932415,-0.6502512693405151,-0.21111071109771729,-0.0006803335272707045,-0.6368445754051208,-0.12928412854671478
0.0,0.0,0.0,0.32930684089660645,-0.07640775293111801,-0.16912759840488434,0.6210832595825195,-0.3381671607494354,-0.2412348985671997,0.5653671026229858,-0.6697574257850647,-0.3012990951538086,0.3629451096057892,-0.8831825852394104,-0.31789690256118774,0.7066367864608765,-0.7801240086555481,-0.04921134188771248,0.7772642374038696,-0.9565296173095703,-0.24798499047756195,0.6551827192306519,-0.6479941010475159,-0.33522507548332214,0.6148934960365295,-0.5611149668693542,-0.3709093928337097,0.4615352749824524,-0.8857448697090149,-0.0494084469974041,0.5051130652427673,-1.010938048362732,-0.24893179535865784,0.4055083394050598,-0.6477511525154114,-0.2722819745540619,0.39357542991638184,-0.6260790824890137,-0.24163633584976196,0.20799921452999115,-0.9114496111869812,-0.08944208174943924,0.19059114158153534,-0.9639860391616821,-0.3071158826351166,0.1566283255815506,-0.6147581934928894,-0.24723747372627258,0.17740963399410248,-0.597626268863678,-0.15618367493152618,-0.06210757791996002,-0.8960347175598145,-0.14269578456878662,-0.07256757467985153,-0.8877913951873779,-0.2683103084564209,-0.04483272135257721,-0.6368342041969299,-0.21060313284397125,-0.0011305665830150247,-0.610002338886261,-0.13424710929393768
0.0,0.0,0.0,0.34627994894981384,-0.10171879827976227,-0.2002050280570984,0.6031655073165894,-0.37938565015792847,-0.3022942841053009,0.5019536018371582,-0.7187969088554382,-0.3906134366989136,0.2789572775363922,-0.9376146793365479,-0.42983829975128174,0.698634147644043,-0.8195107579231262,-0.09499188512563705,0.755089282989502,-1.0710220336914062,-0.33235862851142883,0.6397900581359863,-0.733646035194397,-0.4369353652000427,0.6106900572776794,-0.6096796989440918,-0.4768919348716736,0.4274933934211731,-0.8991726040840149,-0.09347770363092422,0.46059226989746094,-1.1062419414520264,-0.341340035200119,0.3781301975250244,-0.7054267525672913,-0.3732812702655792,0.3738839328289032,-0.6472166180610657,-0.3374623656272888,0.15403753519058228,-0.908791184425354,-0.1359039843082428,0.1441841423511505,-1.0463652610778809,-0.404035747051239,0.1303262710571289,-0.6601325869560242,-0.33948633074760437,0.15820828080177307,-0.6044862270355225,-0.23010922968387604,-0.13195660710334778,-0.8783676028251648,-0.1923189014196396,-0.1171630471944809,-0.941032886505127,-0.3513437807559967,-0.07443772256374359,-0.6672689318656921,-0.286655068397522,-0.035566460341215134,-0.6047937273979187,-0.19583101570606232
0.0,0.0,0.0,0.32464075088500977,-0.11122720688581467,-0.1988847553730011,0.5554789304733276,-0.37019360065460205,-0.29996174573898315,0.4239751994609833,-0.673232913017273,-0.3818819522857666,0.20180779695510864,-0.8681581616401672,-0.41219985485076904,0.6680379509925842,-0.8203819394111633,-0.10622042417526245,0.6970741748809814,-1.024963617324829,-0.3325733244419098,0.5872475504875183,-0.6876136064529419,-0.42924925684928894,0.5767058730125427,-0.5844846367835999,-0.4696517586708069,0.4073905944824219,-0.9073949456214905,-0.10328258574008942,0.42641308903694153,-1.0633771419525146,-0.34069502353668213,0.3452882468700409,-0.6654142141342163,-0.36442598700523376,0.3574286699295044,-0.6207132935523987,-0.32706186175346375,0.1457591950893402,-0.919324517250061,-0.1435379534959793,0.11724471300840378,-0.9967929720878601,-0.3928993046283722,0.10545927286148071,-0.6295202970504761,-0.3299221992492676,0.15167276561260223,-0.5978385210037231,-0.22926531732082367,-0.12196017801761627,-0.8860194087028503,-0.19910794496536255,-0.13665814697742462,-0.8965927958488464,-0.3423596918582916,-0.09286946803331375,-0.6384952068328857,-0.28442975878715515,-0.03902563452720642,-0.5999869108200073,-0.20403851568698883
0.0,0.0,0.0,0.32005298137664795,-0.10092005133628845,-0.18318453431129456,0.5644553303718567,-0.35040804743766785,-0.27559545636177063,0.44666850566864014,-0.6494466662406921,-0.35223516821861267,0.21975384652614594,-0.8441877961158752,-0.38014164566993713,0.6718394160270691,-0.8026168346405029,-0.08944178372621536,0.7139211297035217,-0.9976281523704529,-0.3057270348072052,0.6087878346443176,-0.6730311512947083,-0.3989561200141907,0.5959669351577759,-0.5760779976844788,-0.4381580054759979,0.42093583941459656,-0.9024913907051086,-0.09122651815414429,0.44883230328559875,-1.0469756126403809,-0.3148210346698761,0.36652687191963196,-0.6611806750297546,-0.3366028368473053,0.3759330213069916,-0.6172281503677368,-0.3005065321922302,0.16441766917705536,-0.9227286577224731,-0.1343616247177124,0.14036978781223297,-0.9943770170211792,-0.3705426752567291,0.12907235324382782,-0.6355917453765869,-0.31126168370246887,0.17457962036132812,-0.6011761426925659,-0.2163195013999939,-0.10097739100456238,-0.895340085029602,-0.19191132485866547,-0.10686636716127396,-0.8876209855079651,-0.33123689889907837,-0.06073756143450737,-0.6314489245414734,-0.2788406312465668,-0.003378740046173334,-0.5905317068099976,-0.2032054364681244
0.0,0.0,0.0,0.34436050057411194,-0.10499686002731323,-0.16654568910598755,0.6066060066223145,-0.3620189428329468,-0.24946394562721252,0.4570482671260834,-0.6778357028961182,-0.32320287823677063,0.2122025340795517,-0.8755404353141785,-0.3501623868942261,0.6958507895469666,-0.8020302653312683,-0.06977435201406479,0.7843576073646545,-1.0599836111068726,-0.29359686374664307,0.6634485125541687,-0.7330045104026794,-0.39186209440231323,0.625920832157135,-0.602541983127594,-0.4288954734802246,0.42544180154800415,-0.9013051986694336,-0.08153681457042694,0.48752543330192566,-1.1188628673553467,-0.3126726448535919,0.38843610882759094,-0.7238383889198303,-0.3413000702857971,0.38294267654418945,-0.6456162929534912,-0.3062536120414734,0.15504418313503265,-0.9277534484863281,-0.13369694352149963,0.1711995005607605,-1.0922565460205078,-0.380658358335495,0.14518891274929047,-0.7117011547088623,-0.3167898654937744,0.16861002147197723,-0.6339285373687744,-0.2135915607213974,-0.13397960364818573,-0.9079380035400391,-0.19757090508937836,-0.10126420855522156,-0.9568164348602295,-0.3473789393901825,-0.0642162561416626,-0.6818810105323792,-0.2847854495048523,-0.022842252627015114,-0.6072988510131836,-0.19737695157527924
0.0,0.0,0.0,0.3541571795940399,-0.10406821966171265,-0.15489721298217773,0.6023557186126709,-0.3809182643890381,-0.24062153697013855,0.4082856774330139,-0.6987486481666565,-0.31834137439727783,0.1524338573217392,-0.8943000435829163,-0.3535165786743164,0.6937791109085083,-0.8013522028923035,-0.09413700550794601,0.8184114694595337,-1.1291755437850952,-0.31386569142341614,0.6816695928573608,-0.8017100095748901,-0.41663917899131775,0.6096544861793518,-0.620250403881073,-0.4522601366043091,0.40335845947265625,-0.9087132811546326,-0.10743444412946701,0.48849764466285706,-1.1954692602157593,-0.31556060910224915,0.3801184594631195,-0.8143284916877747,-0.340148001909256,0.3545810282230377,-0.6705164313316345,-0.3079802095890045,0.11730117350816727,-0.9418541789054871,-0.155951127409935,0.14945507049560547,-1.1822751760482788,-0.36433106660842896,0.1143312007188797,-0.814052402973175,-0.2835250794887543,0.11486033350229263,-0.6673372983932495,-0.17785410583019257,-0.18273381888866425,-0.9236005544662476,-0.21665841341018677,-0.15124674141407013,-1.0506163835525513,-0.33908724784851074,-0.13941489160060883,-0.7777270078659058,-0.2541700601577759,-0.12602122128009796,-0.6503115296363831,-0.15516528487205505
0.0,0.0,0.0,0.2991677224636078,-0.08579414337873459,-0.15182442963123322,0.542816698551178,-0.3239416778087616,-0.2286444902420044,0.3630845844745636,-0.5842579007148743,-0.29130879044532776,0.11990822106599808,-0.7296453714370728,-0.3114672899246216,0.6450932621955872,-0.8073029518127441,-0.07848382741212845,0.6782146096229553,-0.95834881067276,-0.2572857141494751,0.5779876708984375,-0.6405624747276306,-0.3349042236804962,0.5690619945526123,-0.5570824146270752,-0.3762779235839844,0.38336288928985596,-0.9187368154525757,-0.09463422000408173,0.40914785861968994,-1.019317388534546,-0.2771913409233093,0.3394029438495636,-0.646155834197998,-0.28785592317581177,0.35325130820274353,-0.5973252058029175,-0.2572747468948364,0.12453027069568634,-0.9298446178436279,-0.14533454179763794,0.10696826130151749,-0.9669063091278076,-0.3339117765426636,0.10890869051218033,-0.6251568794250488,-0.2721617519855499,0.15348894894123077,-0.5904335379600525,-0.1949121057987213,-0.1347353756427765,-0.8800647854804993,-0.2099536657333374,-0.142288476228714,-0.8057079315185547,-0.3287820816040039,-0.09078940004110336,-0.5565022826194763,-0.28178417682647705,-0.02541053481400013,-0.5268780589103699,-0.22038502991199493
0.0,0.0,0.0,0.30866044759750366,-0.1012929156422615,-0.16217850148677826,0.5380228161811829,-0.35146960616111755,-0.24196022748947144,0.3675389587879181,-0.6216025948524475,-0.3044569790363312,0.1427592933177948,-0.7808873653411865,-0.3201259672641754,0.6587410569190979,-0.8112834095954895,-0.08628203719854355,0.6742819547653198,-0.9914732575416565,-0.2771815061569214,0.5757415890693665,-0.6668000221252441,-0.35816463828086853,0.5727317333221436,-0.574066698551178,-0.3970303535461426,0.3983164429664612,-0.9120358228683472,-0.09764595329761505,0.4141691327095032,-1.0376003980636597,-0.29203513264656067,0.3461877107620239,-0.6560900211334229,-0.3044709861278534,0.36305513978004456,-0.6124412417411804,-0.2712882459163666,0.13862118124961853,-0.9211274981498718,-0.1455489993095398,0.11745505034923553,-0.9890710711479187,-0.35389068722724915,0.11945249140262604,-0.6352483630180359,-0.290077269077301,0.1654992252588272,-0.601207971572876,-0.20374564826488495,-0.12715624272823334,-0.8720811009407043,-0.20709961652755737,-0.12963339686393738,-0.8494548797607422,-0.33997514843940735,-0.07786957919597626,-0.5948590040206909,-0.28738701343536377,-0.019931919872760773,-0.559827983379364,-0.21599984169006348
0.0,0.0,0.0,0.33159130811691284,-0.09451266378164291,-0.13716092705726624,0.5888564586639404,-0.3661603033542633,-0.20735357701778412,0.4238487780094147,-0.6618098616600037,-0.2729382812976837,0.18855102360248566,-0.8446365594863892,-0.2957141399383545,0.6953964233398438,-0.8044546842575073,-0.05842815712094307,0.7987830638885498,-1.0766490697860718,-0.26378992199897766,0.6787264943122864,-0.7540392875671387,-0.3541409373283386,0.6284515857696533,-0.6100686192512512,-0.3878086507320404,0.4209132492542267,-0.9033687114715576,-0.08220122009515762,0.49871712923049927,-1.138184905052185,-0.2791111469268799,0.40860024094581604,-0.7516979575157166,-0.2945849597454071,0.3972495496273041,-0.6568276286125183,-0.26055657863616943,0.14459730684757233,-0.922600507736206,-0.1421818882226944,0.17784129083156586,-1.129939079284668,-0.35219162702560425,0.1531948447227478,-0.7508665323257446,-0.2723868489265442,0.16406194865703583,-0.6532189249992371,-0.1715351939201355,-0.14978112280368805,-0.8895203471183777,-0.21331295371055603,-0.11375949531793594,-0.9702264666557312,-0.34545937180519104,-0.08157844841480255,-0.6911475658416748,-0.27169254422187805,-0.048289552330970764,-0.604432225227356,-0.18303200602531433
0.0,0.0,0.0,0.35608574748039246,-0.06377965211868286,-0.1400289237499237,0.6811388731002808,-0.337289422750473,-0.20155158638954163,0.5124330520629883,-0.6720066666603088,-0.25581803917884827,0.2555600106716156,-0.856384813785553,-0.2688746154308319,0.7396471500396729,-0.7847442626953125,-0.07197320461273193,0.8752918243408203,-1.102259874343872,-0.2554527223110199,0.7380850315093994,-0.7624152302742004,-0.3275046944618225,0.6920782327651978,-0.6184545159339905,-0.3538884222507477,0.46037328243255615,-0.8831261396408081,-0.09024796634912491,0.5674280524253845,-1.1689764261245728,-0.27179819345474243,0.46724164485931396,-0.784482479095459,-0.278546005487442,0.445890873670578,-0.6680917739868164,-0.24025951325893402,0.18210749328136444,-0.902912437915802,-0.14094394445419312,0.23198652267456055,-1.1693564653396606,-0.3425751030445099,0.20183011889457703,-0.7924727201461792,-0.2566344141960144,0.1971186399459839,-0.6707577705383301,-0.1515302211046219,-0.12230467051267624,-0.8765963912010193,-0.20143109560012817,-0.07009944319725037,-1.0179638862609863,-0.3275900185108185,-0.04397016391158104,-0.735249936580658,-0.24211503565311432,-0.030878350138664246,-0.6189340353012085,-0.1457131952047348
0.0,0.0,0.0,0.38083964586257935,-0.03427823632955551,-0.13940055668354034,0.7222337126731873,-0.3053455650806427,-0.1904502809047699,0.6190434694290161,-0.6549866795539856,-0.23672999441623688,0.3657698631286621,-0.8345004916191101,-0.2547837793827057,0.7623287439346313,-0.7773972153663635,-0.058383919298648834,0.9012464284896851,-1.0746181011199951,-0.2253914326429367,0.7679322957992554,-0.78915935754776,-0.3115725815296173,0.7295434474945068,-0.6228256821632385,-0.35295549035072327,0.4930419325828552,-0.8669877052307129,-0.07240214943885803,0.6385072469711304,-1.185961127281189,-0.25570762157440186,0.52631676197052,-0.8913443088531494,-0.3037926256656647,0.47676578164100647,-0.7343367338180542,-0.29244014620780945,0.22238695621490479,-0.8793453574180603,-0.11480482667684555,0.2791021466255188,-1.1856762170791626,-0.31542202830314636,0.2419557422399521,-0.8922317028045654,-0.2842004895210266,0.2214132398366928,-0.7400436997413635,-0.21639126539230347,-0.0778101235628128,-0.8420339226722717,-0.16588416695594788,-0.02809333987534046,-1.0048534870147705,-0.30942025780677795,0.0029096577782183886,-0.7541212439537048,-0.26509782671928406,0.022084930911660194,-0.5961188673973083,-0.1977510303258896
0.0,0.0,0.0,0.3002294600009918,-0.031071862205863,-0.17747589945793152,0.620086133480072,-0.2478322833776474,-0.26563966274261475,0.535145103931427,-0.536591112613678,-0.33597543835639954,0.30728572607040405,-0.7218860983848572,-0.36628878116607666,0.7012368440628052,-0.7881616353988647,-0.10356897860765457,0.7807817459106445,-0.8960437178611755,-0.29176604747772217,0.6449230909347534,-0.5741913318634033,-0.3721119165420532,0.6053718328475952,-0.5336767435073853,-0.41556334495544434,0.435456246137619,-0.893488347530365,-0.10980164259672165,0.515409529209137,-0.9865139126777649,-0.31411609053611755,0.41463130712509155,-0.5990126729011536,-0.3351517915725708,0.3882293105125427,-0.5894756317138672,-0.3049599826335907,0.16856133937835693,-0.8987378478050232,-0.15016606450080872,0.1741313487291336,-0.9077412486076355,-0.3653802275657654,0.15742184221744537,-0.5585682988166809,-0.30355921387672424,0.16096466779708862,-0.562587559223175,-0.2176455408334732,-0.10671575367450714,-0.851506233215332,-0.20399656891822815,-0.07408691942691803,-0.7958838939666748,-0.33009767532348633,-0.02732161246240139,-0.5463857054710388,-0.27174118161201477,0.003317208494991064,-0.5328865647315979,-0.20023329555988312
0.0,0.0,0.0,0.3251045346260071,-0.020026754587888718,-0.14527371525764465,0.6966275572776794,-0.22893503308296204,-0.21735452115535736,0.6107818484306335,-0.5333018898963928,-0.27746155858039856,0.3563825190067291,-0.71836918592453,-0.30195748805999756,0.7265753149986267,-0.766833484172821,-0.07782790064811707,0.865217387676239,-0.873387336730957,-0.25494521856307983,0.7236931920051575,-0.5462910532951355,-0.33034899830818176,0.6594018340110779,-0.4977758526802063,-0.370327353477478,0.46456512808799744,-0.880112886428833,-0.0978798195719719,0.5951454639434814,-0.9570338129997253,-0.28464651107788086,0.47943684458732605,-0.559670090675354,-0.3046071529388428,0.4260190427303314,-0.546503484249115,-0.27901002764701843,0.20034489035606384,-0.8937307000160217,-0.14760412275791168,0.26547491550445557,-0.9071279764175415,-0.3583463728427887,0.2290351390838623,-0.5329213738441467,-0.2926628589630127,0.19856014847755432,-0.5238224864006042,-0.20476175844669342,-0.08283187448978424,-0.8570594191551208,-0.20559760928153992,0.00970811489969492,-0.8253204226493835,-0.32739827036857605,0.03742463141679764,-0.5500450134277344,-0.2539263367652893,0.03244083747267723,-0.5228567719459534,-0.17213289439678192
0.0,0.0,0.0,0.32858550548553467,0.006227088626474142,-0.15424107015132904,0.6880057454109192,-0.15460631251335144,-0.2381986379623413,0.6497471928596497,-0.4317960739135742,-0.3097458481788635,0.42084595561027527,-0.6208021640777588,-0.35010379552841187,0.6699191927909851,-0.7855753898620605,-0.09074296057224274,0.8696171641349792,-0.8099681735038757,-0.27932021021842957,0.7198265194892883,-0.5026087760925293,-0.37097257375717163,0.6300743222236633,-0.46095430850982666,-0.41974878311157227,0.43576911091804504,-0.8942491412162781,-0.1020965427160263,0.6265749335289001,-0.8737813234329224,-0.2899562418460846,0.4907417595386505,-0.5114885568618774,-0.3245031237602234,0.40158531069755554,-0.5073813796043396,-0.31262120604515076,0.19480252265930176,-0.8970242142677307,-0.1431998312473297,0.3282231092453003,-0.8159955143928528,-0.3418355882167816,0.26409581303596497,-0.4834425151348114,-0.29218530654907227,0.1941959708929062,-0.48877185583114624,-0.22088730335235596,-0.06543703377246857,-0.8402172923088074,-0.19477926194667816,0.06971913576126099,-0.7434656023979187,-0.30762889981269836,0.07860749214887619,-0.5048044323921204,-0.2514377236366272,0.042484741657972336,-0.49589014053344727,-0.1853589415550232
0.0,0.0,0.0,0.28389522433280945,-0.01835620030760765,-0.1351069211959839,0.6177377104759216,-0.20391912758350372,-0.2260684221982956,0.6088667511940002,-0.4780575633049011,-0.3077080547809601,0.39081716537475586,-0.6613463163375854,-0.357799232006073,0.6187831163406372,-0.8013525009155273,-0.11059974133968353,0.8478896617889404,-0.8504356741905212,-0.29709967970848083,0.7211304903030396,-0.5410768389701843,-0.38170871138572693,0.6142486333847046,-0.4862842261791229,-0.4244026243686676,0.38414266705513,-0.9132899641990662,-0.13541032373905182,0.6129072308540344,-0.903380274772644,-0.3122216463088989,0.49562034010887146,-0.5285726189613342,-0.33634746074676514,0.3981340229511261,-0.535545825958252,-0.3204948604106903,0.14783857762813568,-0.9099593162536621,-0.18533585965633392,0.3212304413318634,-0.827887773513794,-0.38005709648132324,0.2666284739971161,-0.4843265414237976,-0.32336312532424927,0.17916147410869598,-0.4941307604312897,-0.24911345541477203,-0.10038945078849792,-0.847436249256134,-0.24360164999961853,0.07388164848089218,-0.7608819603919983,-0.3580683469772339,0.09207651764154434,-0.5144096612930298,-0.2938707768917084,0.04205473139882088,-0.49973487854003906,-0.22217196226119995
0.0,0.0,0.0,0.32481205463409424,-0.029531631618738174,-0.1518612653017044,0.6768003106117249,-0.2332688271999359,-0.23731018602848053,0.622682511806488,-0.535803496837616,-0.30957722663879395,0.3847906291484833,-0.7375074028968811,-0.3437082767486572,0.706834077835083,-0.7534509301185608,-0.09279526025056839,0.8761933445930481,-0.8599877953529358,-0.2795840799808502,0.7263253927230835,-0.5435091257095337,-0.3597758114337921,0.6472713351249695,-0.5144841074943542,-0.40408164262771606,0.4574303925037384,-0.8819343447685242,-0.11379463970661163,0.6296902894973755,-0.9574936628341675,-0.3098621070384979,0.4904322624206543,-0.5750136375427246,-0.3375088572502136,0.40956151485443115,-0.5889785289764404,-0.31682881712913513,0.20271238684654236,-0.9093296527862549,-0.1640729010105133,0.3163726031780243,-0.8968322277069092,-0.38635894656181335,0.2542818486690521,-0.5261502861976624,-0.3269783556461334,0.19635026156902313,-0.5391103625297546,-0.24179646372795105,-0.06913784146308899,-0.8830495476722717,-0.222950279712677,0.06289182603359222,-0.8066616058349609,-0.3601731061935425,0.07274845242500305,-0.5322374701499939,-0.29738274216651917,0.04274029657244682,-0.5250990986824036,-0.22106501460075378
0.0,0.0,0.0,0.31984326243400574,-0.009689087979495525,-0.16956296563148499,0.6992269158363342,-0.2653800845146179,-0.23879942297935486,0.6361590027809143,-0.6301493048667908,-0.2935517728328705,0.4095596969127655,-0.8521103262901306,-0.3025720417499542,0.7380771636962891,-0.7548062205314636,-0.06744980067014694,0.9231321811676025,-0.9876516461372375,-0.2614307105541229,0.7781208157539368,-0.655278205871582,-0.32911720871925354,0.6996676325798035,-0.5893362164497375,-0.3535090386867523,0.4930562674999237,-0.8670487999916077,-0.07156763225793839,0.630952000617981,-1.0395015478134155,-0.2688114643096924,0.517544150352478,-0.6238454580307007,-0.2778761386871338,0.47367894649505615,-0.6261239647865295,-0.23760583996772766,0.24163177609443665,-0.8931300044059753,-0.11318176239728928,0.3096795976161957,-0.982180118560791,-0.34742918610572815,0.2647857964038849,-0.5776064991950989,-0.2687015235424042,0.2416713833808899,-0.5722903609275818,-0.16109803318977356,-0.04037928581237793,-0.8863558769226074,-0.16439661383628845,0.04880746454000473,-0.9111858010292053,-0.2998809516429901,0.06665343046188354,-0.6117064952850342,-0.2195725291967392,0.05550476163625717,-0.5786316990852356,-0.12614700198173523
0.0,0.0,0.0,0.3718521296977997,-0.03565848991274834,-0.13340391218662262,0.7190419435501099,-0.34091752767562866,-0.18491703271865845,0.6494853496551514,-0.7463051080703735,-0.23242074251174927,0.42971980571746826,-0.9809694886207581,-0.23905105888843536,0.784991979598999,-0.7555107474327087,-0.047492559999227524,0.9574006199836731,-1.0630600452423096,-0.23064225912094116,0.8134496808052063,-0.7431403398513794,-0.3008700907230377,0.7316837310791016,-0.6268858313560486,-0.32483699917793274,0.5194222331047058,-0.8520654439926147,-0.06469251215457916,0.6302488446235657,-1.1095935106277466,-0.25356414914131165,0.5301321744918823,-0.7048140168190002,-0.2624875009059906,0.4905482232570648,-0.6325303912162781,-0.2213725447654724,0.2533515691757202,-0.8766024112701416,-0.11428193002939224,0.3081689476966858,-1.0751982927322388,-0.3409665524959564,0.27327385544776917,-0.667606770992279,-0.25767698884010315,0.2515515983104706,-0.5833039879798889,-0.14233432710170746,-0.03795632719993591,-0.872236967086792,-0.17041133344173431,0.050647106021642685,-1.0083026885986328,-0.3046874403953552,0.06223556026816368,-0.7114667892456055,-0.21283262968063354,0.04409678280353546,-0.6195461750030518,-0.10690248012542725
0.0,0.0,0.0,0.3789835572242737,-0.09222179651260376,-0.11563365161418915,0.6838856935501099,-0.418782502412796,-0.16824056208133698,0.5975915789604187,-0.8045952916145325,-0.22326867282390594,0.38894400000572205,-1.0421104431152344,-0.23892028629779816,0.7232607007026672,-0.8001739978790283,-0.042748864740133286,0.9267565608024597,-1.1535440683364868,-0.23218390345573425,0.7971383929252625,-0.8287795186042786,-0.3079530894756317,0.6976787447929382,-0.6762452721595764,-0.33008986711502075,0.45878493785858154,-0.8858472108840942,-0.06921780109405518,0.5914314985275269,-1.185766339302063,-0.25660789012908936,0.4919569194316864,-0.7892007231712341,-0.2736230492591858,0.43003547191619873,-0.6916837096214294,-0.23867486417293549,0.19120106101036072,-0.9036713242530823,-0.12612564861774445,0.2668832242488861,-1.1247738599777222,-0.34192994236946106,0.23541118204593658,-0.7189794182777405,-0.2607417106628418,0.19461745023727417,-0.6128511428833008,-0.14832703769207,-0.09834489971399307,-0.8926012516021729,-0.18860387802124023,-0.0004962325911037624,-1.0564531087875366,-0.3105904757976532,0.0169783104211092,-0.7655457854270935,-0.21353551745414734,-0.008489777334034443,-0.6593789458274841,-0.10583512485027313
0.0,0.0,0.0,0.37996163964271545,-0.10999297350645065,-0.12176917493343353,0.6575115919113159,-0.4425652027130127,-0.1811174750328064,0.5598105192184448,-0.8160749077796936,-0.24120832979679108,0.35714754462242126,-1.0505627393722534,-0.261322945356369,0.6962728500366211,-0.8262788653373718,-0.05044609308242798,0.8734819293022156,-1.161279320716858,-0.2455298900604248,0.7506342530250549,-0.8400286436080933,-0.32751843333244324,0.6556355953216553,-0.6868780255317688,-0.35323366522789,0.42801833152770996,-0.9005690813064575,-0.07599727809429169,0.5482837557792664,-1.1986050605773926,-0.2673857510089874,0.45800113677978516,-0.8084110617637634,-0.2889265716075897,0.3981654644012451,-0.7117033004760742,-0.25610408186912537,0.15784130990505219,-0.9086805582046509,-0.13241517543792725,0.2278120070695877,-1.1334956884384155,-0.34972521662712097,0.2083687037229538,-0.7354242205619812,-0.2723083198070526,0.1746423989534378,-0.6360538005828857,-0.1616496592760086,-0.12924563884735107,-0.8811641335487366,-0.1950838267803192,-0.03731723502278328,-1.049319863319397,-0.3172425329685211,-0.007051919586956501,-0.7687795162200928,-0.2229464054107666,-0.025362756103277206,-0.6705184578895569,-0.11702869087457657
0.0,0.0,0.0,0.386202871799469,-0.11019857227802277,-0.14188332855701447,0.6497204303741455,-0.4517599940299988,-0.207858607172966,0.5446992516517639,-0.8459027409553528,-0.271325945854187,0.3426477313041687,-1.0917470455169678,-0.29122933745384216,0.6852248311042786,-0.8329445719718933,-0.04679166153073311,0.8638133406639099,-1.177718997001648,-0.2560964524745941,0.7454497218132019,-0.8510525226593018,-0.34440165758132935,0.6466581225395203,-0.6958746314048767,-0.36888745427131653,0.41703781485557556,-0.9067270159721375,-0.06265425682067871,0.5332426428794861,-1.2178388833999634,-0.2630188763141632,0.4462128281593323,-0.8146917819976807,-0.2851669192314148,0.3830318748950958,-0.7175924777984619,-0.24754643440246582,0.1473802626132965,-0.9141907691955566,-0.1141628623008728,0.21801607310771942,-1.1477195024490356,-0.34972766041755676,0.1951412856578827,-0.7371527552604675,-0.2723752558231354,0.1557699292898178,-0.6389343738555908,-0.1536901593208313,-0.13946031033992767,-0.886552095413208,-0.17264661192893982,-0.043245069682598114,-1.0766689777374268,-0.30553722381591797,-0.020113635808229446,-0.7855561971664429,-0.20925553143024445,-0.0493960939347744,-0.6778040528297424,-0.09719612449407578
0.0,0.0,0.0,0.38894665241241455,-0.12012025713920593,-0.1389373540878296,0.6649671792984009,-0.46591654419898987,-0.19444920122623444,0.5379188656806946,-0.8504306077957153,-0.24711526930332184,0.3113399147987366,-1.062445878982544,-0.25609537959098816,0.6736152172088623,-0.8493524193763733,-0.028483973816037178,0.8350014686584473,-1.1777794361114502,-0.22534604370594025,0.7296505570411682,-0.8487246632575989,-0.3033563494682312,0.6502577662467957,-0.7056708931922913,-0.32294967770576477,0.4043668806552887,-0.9135918021202087,-0.042866237461566925,0.5147787928581238,-1.2081619501113892,-0.23118717968463898,0.44312170147895813,-0.8048158288002014,-0.24893027544021606,0.3897719383239746,-0.7230445742607117,-0.21084310114383698,0.13717584311962128,-0.9149917364120483,-0.0936635360121727,0.2016613483428955,-1.117460012435913,-0.3187025785446167,0.19145284593105316,-0.7176551818847656,-0.24519704282283783,0.1568567454814911,-0.6391014456748962,-0.1333763599395752,-0.1485033929347992,-0.8874954581260681,-0.15145736932754517,-0.05574920028448105,-1.0692262649536133,-0.2692822515964508,-0.026673197746276855,-0.7894189357757568,-0.17114263772964478,-0.05993349105119705,-0.691063642501831,-0.0627252608537674
0.0,0.0,0.0,0.3992850184440613,-0.11639302223920822,-0.11393032222986221,0.7000760436058044,-0.4515548348426819,-0.16396084427833557,0.5945024490356445,-0.8343493342399597,-0.21710553765296936,0.36295098066329956,-1.0489065647125244,-0.2306203544139862,0.6908437609672546,-0.8317633867263794,-0.02787422016263008,0.8945885896682739,-1.1533794403076172,-0.2115830034017563,0.7813778519630432,-0.8222787976264954,-0.28303349018096924,0.6825302839279175,-0.6855472922325134,-0.3015815019607544,0.42152342200279236,-0.9051625728607178,-0.054760005325078964,0.5691630244255066,-1.1944808959960938,-0.223894402384758,0.48717352747917175,-0.7881578207015991,-0.2348523586988449,0.4152674376964569,-0.7041832804679871,-0.20067036151885986,0.1512192338705063,-0.9126774668693542,-0.11296913027763367,0.25650814175605774,-1.111122965812683,-0.31948643922805786,0.22978785634040833,-0.708318829536438,-0.2402624934911728,0.16650915145874023,-0.6227470636367798,-0.13226237893104553,-0.1394251585006714,-0.8931875824928284,-0.17591020464897156,0.0031089510302990675,-1.0776283740997314,-0.2771417498588562,0.017172224819660187,-0.8100090026855469,-0.16812178492546082,-0.05073372647166252,-0.7195340991020203,-0.05827777087688446
0.0,0.0,0.0,0.4022792875766754,-0.09898820519447327,-0.11099926382303238,0.7153059840202332,-0.4250293970108032,-0.16005992889404297,0.6422744393348694,-0.8053490519523621,-0.21161989867687225,0.42308560013771057,-1.0249229669570923,-0.22620759904384613,0.7093260884284973,-0.8094881176948547,-0.03058282658457756,0.933610200881958,-1.10588538646698,-0.20816485583782196,0.816357433795929,-0.7873966693878174,-0.28106385469436646,0.7025249600410461,-0.6584136486053467,-0.3039103150367737,0.4500718414783478,-0.8910885453224182,-0.05827988684177399,0.619845449924469,-1.167838215827942,-0.22934211790561676,0.5231638550758362,-0.7752352356910706,-0.2515663206577301,0.43298909068107605,-0.6979276537895203,-0.2255420833826065,0.18768490850925446,-0.9053766131401062,-0.1142045110464096,0.31413814425468445,-1.0921447277069092,-0.32154351472854614,0.2698745131492615,-0.6964278817176819,-0.2522675096988678,0.19025945663452148,-0.6196640133857727,-0.15111838281154633,-0.09614192694425583,-0.8908517956733704,-0.17380976676940918,0.07214339822530746,-1.049990177154541,-0.28175556659698486,0.07557007670402527,-0.7791215181350708,-0.18092240393161774,-0.003832196118310094,-0.6985762119293213,-0.07629033923149109
0.0,0.0,0.0,0.42151451110839844,-0.07021361589431763,-0.13985256850719452,0.7584887742996216,-0.39363202452659607,-0.19351418316364288,0.7474868893623352,-0.802795946598053,-0.24528904259204865,0.6138575673103333,-1.0728778839111328,-0.2547951638698578,0.7348031401634216,-0.8096830248832703,-0.026821250095963478,0.9472820162773132,-1.0957844257354736,-0.2297593504190445,0.8253177404403687,-0.7693268060684204,-0.305338978767395,0.7116396427154541,-0.6480958461761475,-0.32231858372688293,0.4730398654937744,-0.8801726698875427,-0.039107177406549454,0.6466336250305176,-1.1441971063613892,-0.2532256841659546,0.530590832233429,-0.7223564982414246,-0.28220632672309875,0.43104296922683716,-0.6605832576751709,-0.2480359673500061,0.2077580839395523,-0.8957648277282715,-0.08591756224632263,0.3647710680961609,-1.097861409187317,-0.3456660807132721,0.2964949905872345,-0.6739668250083923,-0.27277204394340515,0.20943967998027802,-0.6112650036811829,-0.1527978926897049,-0.08498824387788773,-0.8918502330780029,-0.13642850518226624,0.09306560456752777,-1.0443965196609497,-0.28742679953575134,0.09224376827478409,-0.744954526424408,-0.19669121503829956,0.018660148605704308,-0.6731481552124023,-0.08727763593196869
0.0,0.0,0.0,0.4096255600452423,-0.050842005759477615,-0.16641341149806976,0.7741053700447083,-0.35815370082855225,-0.2313717156648636,0.881452739238739,-0.7613439559936523,-0.2911709249019623,0.762021541595459,-1.061140775680542,-0.30826836824417114,0.7045441269874573,-0.8219479918479919,-0.03698692470788956,0.9073295593261719,-1.072837471961975,-0.23989984393119812,0.7853102087974548,-0.7173673510551453,-0.3047095835208893,0.6742501258850098,-0.6213499903678894,-0.3150440454483032,0.4650055766105652,-0.8844977617263794,-0.0378626212477684,0.6346328854560852,-1.1015747785568237,-0.26565295457839966,0.5191982388496399,-0.6547975540161133,-0.29076310992240906,0.4250318109989166,-0.632492184638977,-0.2504732012748718,0.2109057456254959,-0.8952034711837769,-0.07585969567298889,0.37675365805625916,-1.0748529434204102,-0.3465343415737152,0.3033462166786194,-0.6423492431640625,-0.26225152611732483,0.20977360010147095,-0.6092493534088135,-0.1336640864610672,-0.08326961100101471,-0.8912227153778076,-0.1203007847070694,0.10419713705778122,-1.0170282125473022,-0.27863094210624695,0.09720895439386368,-0.7099294066429138,-0.1868242621421814,0.009970556013286114,-0.649611234664917,-0.07514554262161255
0.0,0.0,0.0,0.41012004017829895,-0.05317779630422592,-0.14549486339092255,0.7718207240104675,-0.3631727397441864,-0.20410248637199402,0.819523811340332,-0.7805754542350769,-0.26091116666793823,0.6683611869812012,-1.0576343536376953,-0.27539780735969543,0.7276995182037354,-0.8003758788108826,-0.03218734636902809,0.9515967965126038,-1.0641165971755981,-0.23145432770252228,0.8267465829849243,-0.710750162601471,-0.300570547580719,0.7145907282829285,-0.6204078197479248,-0.3184675872325897,0.4809970557689667,-0.8755890727043152,-0.04456164687871933,0.6642078757286072,-1.097952127456665,-0.2686663866043091,0.5440129041671753,-0.6547598838806152,-0.2988802492618561,0.4401540160179138,-0.6366080641746521,-0.2677859365940094,0.2267122119665146,-0.8934906125068665,-0.09061721712350845,0.4030749499797821,-1.0847519636154175,-0.35603711009025574,0.3263389468193054,-0.6493242979049683,-0.27558913826942444,0.22737839818000793,-0.6165434718132019,-0.15408262610435486,-0.064078688621521,-0.8970538973808289,-0.14104995131492615,0.13294516503810883,-1.0280773639678955,-0.2952789068222046,0.12189433723688126,-0.7215229868888855,-0.20345400273799896,0.029690034687519073,-0.6666551828384399,-0.09537620842456818
0.0,0.0,0.0,0.4157143235206604,-0.045816775411367416,-0.15178950130939484,0.7857378721237183,-0.34576216340065,-0.21584521234035492,0.823115885257721,-0.7713130712509155,-0.2784042954444885,0.6710463166236877,-1.0581310987472534,-0.2955198287963867,0.7678320407867432,-0.771223783493042,-0.02913247048854828,0.9920080900192261,-1.06307053565979,-0.2479063719511032,0.8484423756599426,-0.708188533782959,-0.32598796486854553,0.7391089200973511,-0.600884199142456,-0.343401700258255,0.5083072781562805,-0.8603208065032959,-0.03836514428257942,0.6957694888114929,-1.099489688873291,-0.2696828842163086,0.5560305118560791,-0.6526762247085571,-0.2920069396495819,0.46945035457611084,-0.6330416202545166,-0.25229525566101074,0.24608862400054932,-0.8885349631309509,-0.08591562509536743,0.41928648948669434,-1.0853712558746338,-0.36037975549697876,0.32417547702789307,-0.6467393636703491,-0.2703460454940796,0.24159221351146698,-0.6136099696159363,-0.13874860107898712,-0.049917008727788925,-0.9034453630447388,-0.13873960077762604,0.14681868255138397,-1.0390735864639282,-0.29075518250465393,0.11783316731452942,-0.7273538708686829,-0.18946614861488342,0.032168783247470856,-0.6673811674118042,-0.07360802590847015
0.0,0.0,0.0,0.39112257957458496,-0.05878688395023346,-0.13773709535598755,0.7507271766662598,-0.35939231514930725,-0.19953691959381104,0.8024294972419739,-0.7616276741027832,-0.26410943269729614,0.6323493123054504,-1.0340547561645508,-0.2883305549621582,0.7373247742652893,-0.7873337864875793,-0.026616571471095085,0.9590653777122498,-1.0753048658370972,-0.23121266067028046,0.8275946378707886,-0.7294270396232605,-0.3103547990322113,0.7164376974105835,-0.6225936412811279,-0.33158397674560547,0.4941447675228119,-0.8683604001998901,-0.042084772139787674,0.6657786965370178,-1.0908690690994263,-0.2534273564815521,0.5366037487983704,-0.658920168876648,-0.2742432951927185,0.4506473243236542,-0.6382587552070618,-0.23848450183868408,0.24309022724628448,-0.8878645896911621,-0.09289241582155228,0.3956238031387329,-1.0675418376922607,-0.342963844537735,0.31610220670700073,-0.6453001499176025,-0.25689998269081116,0.2364242821931839,-0.6058328747749329,-0.13394847512245178,-0.040520116686820984,-0.8938508629798889,-0.14940018951892853,0.13424518704414368,-1.0205872058868408,-0.28685107827186584,0.1218743771314621,-0.7273709774017334,-0.18615318834781647,0.04592931270599365,-0.6651738882064819,-0.07326654344797134
0.0,0.0,0.0,0.4025610089302063,-0.05746697634458542,-0.1292782425880432,0.751560389995575,-0.3667333424091339,-0.17516958713531494,0.7776100039482117,-0.7579910755157471,-0.2248467057943344,0.6226133108139038,-1.0075591802597046,-0.23468823730945587,0.7611793279647827,-0.770255446434021,0.0011553764343261719,0.9674842357635498,-1.0676829814910889,-0.19712227582931519,0.8323383927345276,-0.7493981719017029,-0.2790113389492035,0.721994936466217,-0.6198522448539734,-0.3011820316314697,0.5162631273269653,-0.8562878966331482,-0.015604841522872448,0.6699841022491455,-1.1122839450836182,-0.21605463325977325,0.5491480231285095,-0.7081655263900757,-0.2367742508649826,0.48095932602882385,-0.641148567199707,-0.19804257154464722,0.2586486339569092,-0.8822773694992065,-0.0697764977812767,0.3778612017631531,-1.0795621871948242,-0.30808281898498535,0.3039746880531311,-0.677560567855835,-0.2290382981300354,0.24734936654567719,-0.6089965105056763,-0.10998225957155228,-0.029757123440504074,-0.8868300318717957,-0.1306135058403015,0.10972881317138672,-1.0214327573776245,-0.26223185658454895,0.0968564972281456,-0.7369728684425354,-0.16785715520381927,0.04970594495534897,-0.6597568988800049,-0.05947170406579971
0.0,0.0,0.0,0.4041190445423126,-0.06966356933116913,-0.11846230924129486,0.7299505472183228,-0.39873000979423523,-0.15416890382766724,0.7049649357795715,-0.7883042097091675,-0.19282950460910797,0.5267767906188965,-1.016501545906067,-0.19475510716438293,0.7612355351448059,-0.7786512970924377,-0.010939115658402443,0.9481265544891357,-1.1063319444656372,-0.19582928717136383,0.820063591003418,-0.8042681813240051,-0.27282270789146423,0.7285586595535278,-0.6392651200294495,-0.2928755581378937,0.49772095680236816,-0.8668979406356812,-0.027600938454270363,0.6201973557472229,-1.1424466371536255,-0.2081035077571869,0.5152574181556702,-0.7587680816650391,-0.21934746205806732,0.47418802976608276,-0.6460254788398743,-0.17915429174900055,0.22699661552906036,-0.892429530620575,-0.07894632965326309,0.3065263032913208,-1.1004420518875122,-0.2896830141544342,0.251331627368927,-0.7219908833503723,-0.2093685120344162,0.22099986672401428,-0.6136893630027771,-0.09721469134092331,-0.06705675274133682,-0.8916951417922974,-0.13761650025844574,0.029842132702469826,-1.0473319292068481,-0.2511228919029236,0.023052766919136047,-0.7796920537948608,-0.15610536932945251,-0.0010158036602661014,-0.6782366633415222,-0.05137714371085167
0.0,0.0,0.0,0.395375519990921,-0.09893354028463364,-0.1267671436071396,0.6956810355186462,-0.4316314160823822,-0.16850203275680542,0.6145301461219788,-0.8246925473213196,-0.21059536933898926,0.4080580472946167,-1.037056565284729,-0.21160189807415009,0.742160975933075,-0.8038594126701355,-0.00949077121913433,0.8733543157577515,-1.1317161321640015,-0.19376498460769653,0.7510737776756287,-0.8126755952835083,-0.26735812425613403,0.6972097158432007,-0.6547862887382507,-0.2865264117717743,0.4695514142513275,-0.8825824856758118,-0.02386660873889923,0.5546855330467224,-1.1673612594604492,-0.20583191514015198,0.46491220593452454,-0.7787412405014038,-0.21234235167503357,0.4441177546977997,-0.6701777577400208,-0.1673688292503357,0.1959359049797058,-0.8960477709770203,-0.07432102411985397,0.23362138867378235,-1.1128262281417847,-0.28828728199005127,0.2022656798362732,-0.7305848598480225,-0.20553730428218842,0.1956702172756195,-0.6198338866233826,-0.08964480459690094,-0.10078968107700348,-0.8793653249740601,-0.13258232176303864,-0.04350409284234047,-1.0504529476165771,-0.2481580525636673,-0.03193269297480583,-0.7795717120170593,-0.15381361544132233,-0.03650714084506035,-0.669256865978241,-0.04762418940663338
0.0,0.0,0.0,0.3761811852455139,-0.10400558263063431,-0.16847987473011017,0.6643169522285461,-0.43877291679382324,-0.23318298161029816,0.5858740210533142,-0.8171263933181763,-0.29269641637802124,0.35466769337654114,-1.0227868556976318,-0.3060602843761444,0.6951103806495667,-0.8363697528839111,-0.02568516694009304,0.8149527907371521,-1.1583638191223145,-0.24131476879119873,0.6863096952438354,-0.8357545137405396,-0.33364808559417725,0.6164987683296204,-0.6793360710144043,-0.3584916889667511,0.42880234122276306,-0.9030249714851379,-0.025970345363020897,0.5023382902145386,-1.1793490648269653,-0.24703729152679443,0.41614067554473877,-0.7886053919792175,-0.2750386893749237,0.39174970984458923,-0.6993623375892639,-0.23317044973373413,0.1653183251619339,-0.9092727899551392,-0.06893260031938553,0.18558290600776672,-1.1104378700256348,-0.31634387373924255,0.16510148346424103,-0.7247796058654785,-0.24732477962970734,0.1676914393901825,-0.6344333291053772,-0.12974350154399872,-0.11637533456087112,-0.8922201991081238,-0.12306588143110275,-0.0755356028676033,-1.0436062812805176,-0.258400559425354,-0.05290401726961136,-0.7689512968063354,-0.17447254061698914,-0.0434582494199276,-0.6685391664505005,-0.06899533420801163
0.0,0.0,0.0,0.3709042966365814,-0.10438182204961777,-0.16916434466838837,0.6562015414237976,-0.4289362132549286,-0.2431032657623291,0.5606558918952942,-0.8182101249694824,-0.31124889850616455,0.32545819878578186,-1.0442028045654297,-0.33184048533439636,0.7149521112442017,-0.8258904814720154,-0.05158410593867302,0.8198147416114807,-1.1765339374542236,-0.2766009271144867,0.6801990270614624,-0.8444910049438477,-0.3697439730167389,0.6229354739189148,-0.679792582988739,-0.39405831694602966,0.4450824558734894,-0.8938171863555908,-0.054702483117580414,0.5100896954536438,-1.2027417421340942,-0.287216454744339,0.41334912180900574,-0.8055351972579956,-0.31227701902389526,0.3955729007720947,-0.7023763656616211,-0.2661668062210083,0.17961861193180084,-0.9048916697502136,-0.09897065907716751,0.1835157424211502,-1.1432406902313232,-0.3581075370311737,0.16069258749485016,-0.7451372742652893,-0.28301823139190674,0.17409653961658478,-0.6329860091209412,-0.15757444500923157,-0.10346729308366776,-0.8903306126594543,-0.15387611091136932,-0.0764443650841713,-1.0675287246704102,-0.3025767207145691,-0.05385957285761833,-0.7835218906402588,-0.21833498775959015,-0.04022389277815819,-0.6624624133110046,-0.1084815189242363
0.0,0.0,0.0,0.36652976274490356,-0.1126980260014534,-0.18410277366638184,0.6209737062454224,-0.4333760142326355,-0.2677534520626068,0.4937514066696167,-0.8117238283157349,-0.34052860736846924,0.2578263580799103,-1.038668155670166,-0.3624231815338135,0.7050295472145081,-0.8307549357414246,-0.07421671599149704,0.7879305481910706,-1.1724543571472168,-0.3083385229110718,0.6694391965866089,-0.8296923041343689,-0.40374675393104553,0.6320331692695618,-0.669202446937561,-0.42859983444213867,0.42758551239967346,-0.9010852575302124,-0.07222078740596771,0.484258770942688,-1.2089532613754272,-0.305099755525589,0.3982260823249817,-0.7987870573997498,-0.32428744435310364,0.39182883501052856,-0.7055299282073975,-0.27682480216026306,0.15567965805530548,-0.9137652516365051,-0.11368075758218765,0.1596081554889679,-1.1553914546966553,-0.3748411238193512,0.14112098515033722,-0.7524387836456299,-0.2963128983974457,0.16279101371765137,-0.6498104929924011,-0.17069193720817566,-0.13260672986507416,-0.896843433380127,-0.16735154390335083,-0.11064504086971283,-1.077105164527893,-0.31553375720977783,-0.07742669433355331,-0.7928926944732666,-0.23023390769958496,-0.05587853863835335,-0.6735314130783081,-0.12132197618484497
0.0,0.0,0.0,0.35321998596191406,-0.11568333953619003,-0.17836318910121918,0.6001014709472656,-0.4374415874481201,-0.25829359889030457,0.44196051359176636,-0.793788731098175,-0.3241003155708313,0.20884108543395996,-1.0059980154037476,-0.3382444977760315,0.6836032867431641,-0.8374108076095581,-0.08741334080696106,0.7802834510803223,-1.1737689971923828,-0.31691890954971313,0.6701657176017761,-0.8346378207206726,-0.4048137962818146,0.6314992308616638,-0.6883729696273804,-0.42587757110595703,0.4015779197216034,-0.9113418459892273,-0.09050498902797699,0.48173388838768005,-1.2238962650299072,-0.3109206557273865,0.40264105796813965,-0.8167722821235657,-0.32068389654159546,0.39528825879096985,-0.7345831990242004,-0.2714333236217499,0.127659872174263,-0.9238710999488831,-0.13553829491138458,0.1481054574251175,-1.16423499584198,-0.3810567557811737,0.12859834730625153,-0.7665891051292419,-0.29409703612327576,0.14523757994174957,-0.6810984015464783,-0.16960035264492035,-0.15807418525218964,-0.900420069694519,-0.19287599623203278,-0.13636411726474762,-1.0869545936584473,-0.32615748047828674,-0.10473018884658813,-0.8107966780662537,-0.23159703612327576,-0.08875199407339096,-0.7081276774406433,-0.12180894613265991
0.0,0.0,0.0,0.35170862078666687,-0.1094217300415039,-0.18748395144939423,0.5970979332923889,-0.42684561014175415,-0.2669484615325928,0.4186280369758606,-0.7774893045425415,-0.3278127908706665,0.18886646628379822,-0.9858523607254028,-0.33407649397850037,0.6888270974159241,-0.8296685814857483,-0.091705322265625,0.7862280011177063,-1.1544969081878662,-0.3189065456390381,0.6688998341560364,-0.8133953213691711,-0.403268426656723,0.63394695520401,-0.677410364151001,-0.42383620142936707,0.4094236195087433,-0.9078683853149414,-0.09026222676038742,0.4942167103290558,-1.2083752155303955,-0.3098544776439667,0.4105333685874939,-0.7957547903060913,-0.31512323021888733,0.4072439968585968,-0.723524808883667,-0.2628571689128876,0.13576750457286835,-0.92604660987854,-0.13229860365390778,0.15454719960689545,-1.1532694101333618,-0.3770735561847687,0.1327652633190155,-0.7528679966926575,-0.287221759557724,0.1550104320049286,-0.6812685132026672,-0.1617933213710785,-0.1507410705089569,-0.9094178080558777,-0.1876954436302185,-0.12327729910612106,-1.0781422853469849,-0.3184320330619812,-0.1013033390045166,-0.7983400225639343,-0.22159737348556519,-0.09310033917427063,-0.7106298804283142,-0.1114288941025734
0.0,0.0,0.0,0.3351275324821472,-0.11275479942560196,-0.19830504059791565,0.5773423910140991,-0.43115803599357605,-0.2857111096382141,0.3994484543800354,-0.7749024033546448,-0.35332635045051575,0.1644839197397232,-0.9797476530075073,-0.36623746156692505,0.6689467430114746,-0.8421161770820618,-0.105305977165699,0.7574148774147034,-1.1656708717346191,-0.3370485305786133,0.6451801657676697,-0.8255293965339661,-0.42459163069725037,0.6131794452667236,-0.6909898519515991,-0.446794718503952,0.3886207938194275,-0.9158560633659363,-0.10090381652116776,0.4670543968677521,-1.2155344486236572,-0.32394012808799744,0.38678857684135437,-0.8092315196990967,-0.3318646550178528,0.3875617980957031,-0.7398759126663208,-0.28137484192848206,0.1172708049416542,-0.9282771944999695,-0.14065970480442047,0.12933605909347534,-1.1538411378860474,-0.3868850767612457,0.10877267271280289,-0.7637644410133362,-0.3006053566932678,0.13616694509983063,-0.6970205903053284,-0.17806684970855713,-0.16353018581867218,-0.906654953956604,-0.19496823847293854,-0.1520087867975235,-1.0817217826843262,-0.3273333013057709,-0.12377437204122543,-0.8095579743385315,-0.23377548158168793,-0.10314145684242249,-0.7181171178817749,-0.126019686460495
0.0,0.0,0.0,0.3555840253829956,-0.1178954690694809,-0.19810792803764343,0.6033356785774231,-0.4449586570262909,-0.2801160216331482,0.38788148760795593,-0.8042282462120056,-0.3414560854434967,0.14078332483768463,-1.0066360235214233,-0.3469052314758301,0.6856886744499207,-0.8392373323440552,-0.1035592183470726,0.773027777671814,-1.1946772336959839,-0.3351466655731201,0.6502330303192139,-0.8535971641540527,-0.42231133580207825,0.6283662915229797,-0.7090470194816589,-0.44492557644844055,0.39737728238105774,-0.9126231074333191,-0.095971018075943,0.476653128862381,-1.2386733293533325,-0.3175293207168579,0.3866857588291168,-0.8216251730918884,-0.32368895411491394,0.3990862965583801,-0.7405331134796143,-0.27231499552726746,0.12591364979743958,-0.9271515607833862,-0.13227395713329315,0.13435302674770355,-1.1875567436218262,-0.37610605359077454,0.10803169757127762,-0.7853854894638062,-0.2824130356311798,0.14647012948989868,-0.6964331269264221,-0.1550079882144928,-0.15719839930534363,-0.9053266644477844,-0.18332354724407196,-0.16016770899295807,-1.1037205457687378,-0.314535915851593,-0.12994951009750366,-0.8218902945518494,-0.21582266688346863,-0.10015659779310226,-0.7032713294029236,-0.10355674475431442
0.0,0.0,0.0,0.3641430735588074,-0.12698660790920258,-0.1721315085887909,0.620455265045166,-0.43690136075019836,-0.2475767284631729,0.43961426615715027,-0.799880862236023,-0.3118647038936615,0.20164039731025696,-1.0089410543441772,-0.3258253335952759,0.6923708915710449,-0.8359667062759399,-0.07476629316806793,0.8160018920898438,-1.1805708408355713,-0.301557332277298,0.6937828660011292,-0.843522310256958,-0.3900397717952728,0.653049647808075,-0.696618378162384,-0.411021888256073,0.4109140634536743,-0.908164918422699,-0.07991337031126022,0.5157113075256348,-1.233951449394226,-0.2945886552333832,0.4197712242603302,-0.8333722949028015,-0.3063567876815796,0.40976154804229736,-0.738849401473999,-0.25937676429748535,0.13824492692947388,-0.9212597012519836,-0.12660951912403107,0.1719997078180313,-1.1789469718933105,-0.37305906414985657,0.14147090911865234,-0.7792379856109619,-0.29226741194725037,0.1545271873474121,-0.6681357622146606,-0.16988793015480042,-0.15346619486808777,-0.8981791138648987,-0.18433618545532227,-0.11734536290168762,-1.1015015840530396,-0.3225538432598114,-0.08759481459856033,-0.8176963329315186,-0.22999602556228638,-0.07436103373765945,-0.6846053600311279,-0.11906814575195312
0.0,0.0,0.0,0.3581884801387787,-0.1347316950559616,-0.166894793510437,0.625430166721344,-0.4366447627544403,-0.24829073250293732,0.46927693486213684,-0.7822039127349854,-0.32119473814964294,0.2068798691034317,-0.984318196773529,-0.34749603271484375,0.6769825220108032,-0.845839262008667,-0.0893046110868454,0.7956069707870483,-1.1856426000595093,-0.315189003944397,0.6741393208503723,-0.8388281464576721,-0.406757652759552,0.6258149743080139,-0.6879991292953491,-0.4320670962333679,0.39696210622787476,-0.9125906229019165,-0.09797676652669907,0.48394978046417236,-1.234370470046997,-0.3170783519744873,0.3876173496246338,-0.8314694762229919,-0.33578306436538696,0.3683460056781769,-0.7356550097465515,-0.29500266909599304,0.12162754684686661,-0.9170424342155457,-0.14428852498531342,0.14909684658050537,-1.1750526428222656,-0.3890993297100067,0.12340591847896576,-0.7762151956558228,-0.30715876817703247,0.1308237463235855,-0.6650309562683105,-0.1870250254869461,-0.17545081675052643,-0.8884437680244446,-0.200815811753273,-0.13512559235095978,-1.079172968864441,-0.3376126289367676,-0.10032274574041367,-0.8002527952194214,-0.2429099828004837,-0.08575976639986038,-0.6724492311477661,-0.13192951679229736
0.0,0.0,0.0,0.3811573386192322,-0.10616859048604965,-0.1882285326719284,0.6872820854187012,-0.41109350323677063,-0.2678249180316925,0.506921648979187,-0.77630615234375,-0.33305299282073975,0.2465122640132904,-0.9490384459495544,-0.35101401805877686,0.7023860812187195,-0.8445389270782471,-0.07712095230817795,0.777706503868103,-1.1570991277694702,-0.28895172476768494,0.6661781072616577,-0.814998209476471,-0.3739742338657379,0.6354019045829773,-0.6757882833480835,-0.3999750316143036,0.4224763810634613,-0.9034329056739807,-0.07295643538236618,0.4766508638858795,-1.1933842897415161,-0.2876013219356537,0.40536487102508545,-0.8012755513191223,-0.30608242750167847,0.4018845856189728,-0.7154098749160767,-0.2632473111152649,0.153163343667984,-0.9036067724227905,-0.10957883298397064,0.1509397029876709,-1.1220314502716064,-0.3515666723251343,0.13894204795360565,-0.7331134080886841,-0.2731342017650604,0.1613791286945343,-0.6404502391815186,-0.15425796806812286,-0.13980598747730255,-0.8749560117721558,-0.15879374742507935,-0.11393442004919052,-1.0367177724838257,-0.2876628339290619,-0.08136481791734695,-0.7656731605529785,-0.19581787288188934,-0.06423703581094742,-0.6666991710662842,-0.08820037543773651
0.0,0.0,0.0,0.3819759786128998,-0.07325045764446259,-0.18846391141414642,0.742006778717041,-0.3661571443080902,-0.2600584924221039,0.6002898812294006,-0.7434582114219666,-0.3137161433696747,0.34479963779449463,-0.9181798696517944,-0.3191782236099243,0.7270343899726868,-0.8166522979736328,-0.07563691586256027,0.828460156917572,-1.1289081573486328,-0.2770378887653351,0.6994736790657043,-0.7827326655387878,-0.35301217436790466,0.6534203886985779,-0.6627968549728394,-0.3765381872653961,0.4558946192264557,-0.8873936533927917,-0.06850199401378632,0.5296658873558044,-1.168990969657898,-0.27271804213523865,0.44303521513938904,-0.7645536065101624,-0.28612998127937317,0.430698961019516,-0.7082554697990417,-0.24321532249450684,0.1891038417816162,-0.9013786911964417,-0.1009981706738472,0.19901014864444733,-1.1118465662002563,-0.3341597616672516,0.16878636181354523,-0.7141342163085938,-0.24918951094150543,0.1855347752571106,-0.6552180647850037,-0.13099421560764313,-0.10454553365707397,-0.8942579030990601,-0.14562636613845825,-0.07402057945728302,-1.0427929162979126,-0.26556017994880676,-0.059339385479688644,-0.758662223815918,-0.16566340625286102,-0.05166877806186676,-0.6808105111122131,-0.056958578526973724
0.0,0.0,0.0,0.3804721236228943,-0.06467590481042862,-0.18847039341926575,0.7538834810256958,-0.33993977308273315,-0.26409247517585754,0.6660561561584473,-0.7137423753738403,-0.32343554496765137,0.4221838414669037,-0.8954210877418518,-0.33787357807159424,0.7423076033592224,-0.7989320755004883,-0.06587496399879456,0.8465875387191772,-1.0738178491592407,-0.2664202153682709,0.7192696928977966,-0.7483107447624207,-0.35217398405075073,0.6619095802307129,-0.6306957006454468,-0.3829246759414673,0.4748768210411072,-0.8781538605690002,-0.05777382850646973,0.5490067601203918,-1.127339243888855,-0.2635084390640259,0.4642980098724365,-0.7362995147705078,-0.2903204560279846,0.4402742385864258,-0.6775524020195007,-0.2573471665382385,0.21029113233089447,-0.8942477703094482,-0.08832782506942749,0.22815875709056854,-1.0754722356796265,-0.3220009207725525,0.20122866332530975,-0.6880658864974976,-0.25164857506752014,0.205452561378479,-0.6273797154426575,-0.14446420967578888,-0.0798673927783966,-0.8860741257667542,-0.13089054822921753,-0.04114194214344025,-1.001075029373169,-0.2568185329437256,-0.02274700254201889,-0.7211200594902039,-0.17140312492847443,-0.015309950336813927,-0.6500449776649475,-0.07313622534275055
0.0,0.0,0.0,0.37034058570861816,-0.06198769062757492,-0.1802128404378891,0.7578665018081665,-0.33106738328933716,-0.25251758098602295,0.7283216118812561,-0.7262359261512756,-0.31027182936668396,0.5148277878761292,-0.9644412398338318,-0.32175883650779724,0.7427125573158264,-0.7777745723724365,-0.046558406203985214,0.8892791867256165,-1.0394628047943115,-0.2528347074985504,0.7525732517242432,-0.7268680334091187,-0.3389652669429779,0.6742387413978577,-0.6308008432388306,-0.3699567914009094,0.48869675397872925,-0.8713288307189941,-0.044288381934165955,0.5900686979293823,-1.1117652654647827,-0.2608247995376587,0.4844972491264343,-0.7042334675788879,-0.2926396131515503,0.4385838806629181,-0.6646941900253296,-0.26077693700790405,0.2278844267129898,-0.8940743207931519,-0.08097340911626816,0.27087274193763733,-1.0745673179626465,-0.330579549074173,0.2247650921344757,-0.6762504577636719,-0.257189005613327,0.209400936961174,-0.6403604745864868,-0.14441241323947906,-0.06829830259084702,-0.8933486938476562,-0.12743106484413147,-0.014950149692595005,-1.0052279233932495,-0.2672498822212219,-0.0017930701142176986,-0.7223708033561707,-0.18190138041973114,-0.0031958420295268297,-0.6730326414108276,-0.08103723078966141
0.0,0.0,0.0,0.37504810094833374,-0.05757097899913788,-0.17511439323425293,0.7537326812744141,-0.3212730288505554,-0.2505313456058502,0.744653582572937,-0.7129058241844177,-0.31388068199157715,0.5519204139709473,-0.9719743728637695,-0.3332799971103668,0.7508320808410645,-0.7713581919670105,-0.05129695683717728,0.9024655818939209,-1.024643898010254,-0.25812289118766785,0.766541063785553,-0.7130999565124512,-0.3478078544139862,0.6831602454185486,-0.6126105189323425,-0.38102832436561584,0.49733319878578186,-0.8660345077514648,-0.051418486982584,0.6056814193725586,-1.0911017656326294,-0.26148471236228943,0.4974462389945984,-0.6861928105354309,-0.2931647002696991,0.442577987909317,-0.651833713054657,-0.2655079960823059,0.23548805713653564,-0.8922436833381653,-0.089581698179245,0.30112704634666443,-1.0726778507232666,-0.33683887124061584,0.2497682124376297,-0.6694474816322327,-0.26291829347610474,0.2193087488412857,-0.6307714581489563,-0.1520809531211853,-0.06269370764493942,-0.8930249214172363,-0.13698694109916687,0.018049269914627075,-1.0060780048370361,-0.2804294526576996,0.026535728946328163,-0.7197487354278564,-0.1950310319662094,0.008346975781023502,-0.6667636632919312,-0.09405704587697983
0.0,0.0,0.0,0.3751477599143982,-0.04098224267363548,-0.17171071469783783,0.754132866859436,-0.3094586133956909,-0.23943449556827545,0.7602682709693909,-0.7093830108642578,-0.296206533908844,0.5758284330368042,-0.9747176766395569,-0.3070836663246155,0.7765001654624939,-0.7407811284065247,-0.031464822590351105,0.9433680176734924,-1.0038167238235474,-0.23488107323646545,0.8023361563682556,-0.6913114190101624,-0.31914788484573364,0.7137641310691833,-0.5938097834587097,-0.34737059473991394,0.5299804210662842,-0.8474681973457336,-0.030305661261081696,0.6477262377738953,-1.0799158811569214,-0.2381616234779358,0.534529447555542,-0.6761493682861328,-0.2668679654598236,0.4792414605617523,-0.6461085677146912,-0.23483532667160034,0.2703687250614166,-0.883690357208252,-0.06839180737733841,0.3424924910068512,-1.06232750415802,-0.3152101933956146,0.2817074954509735,-0.6613505482673645,-0.24209240078926086,0.2465289831161499,-0.6304773092269897,-0.13015785813331604,-0.024975216016173363,-0.8952301740646362,-0.11526031047105789,0.06339150667190552,-0.9977123141288757,-0.2594178020954132,0.06066720932722092,-0.7093275189399719,-0.17642731964588165,0.033619947731494904,-0.6618350148200989,-0.07603927701711655
0.0,0.0,0.0,0.37249547243118286,-0.01933126710355282,-0.17534281313419342,0.7766581773757935,-0.276655912399292,-0.24283961951732635,0.7848775386810303,-0.6783053874969482,-0.2951740026473999,0.6069039106369019,-0.9412316083908081,-0.30032622814178467,0.7977968454360962,-0.7183583378791809,-0.055417001247406006,0.9860430359840393,-0.9730113744735718,-0.2501477301120758,0.8254154920578003,-0.6494935750961304,-0.32616323232650757,0.7245661616325378,-0.5695818066596985,-0.3525514304637909,0.5541384220123291,-0.8309517502784729,-0.04949627444148064,0.6866872906684875,-1.0516332387924194,-0.24520663917064667,0.5604816675186157,-0.6380773186683655,-0.26554059982299805,0.5002524852752686,-0.6287480592727661,-0.2337905913591385,0.2970828711986542,-0.8739688992500305,-0.08036665618419647,0.38315606117248535,-1.04366135597229,-0.31623682379722595,0.31300485134124756,-0.6357958912849426,-0.23780862987041473,0.2741874158382416,-0.6233052015304565,-0.1284959614276886,0.0037311187479645014,-0.8952295780181885,-0.1199020966887474,0.10595250129699707,-0.9924155473709106,-0.25720056891441345,0.0990106537938118,-0.6950626969337463,-0.16990722715854645,0.0620085746049881,-0.6532317996025085,-0.07040626555681229
0.0,0.0,0.0,0.4135570824146271,-0.009683895856142044,-0.15107455849647522,0.8305202126502991,-0.26064056158065796,-0.2096974104642868,0.8543903231620789,-0.6787902116775513,-0.25995177030563354,0.6764692068099976,-0.9504814743995667,-0.26782727241516113,0.8193166851997375,-0.7051477432250977,-0.04332130029797554,1.0378152132034302,-0.9487283825874329,-0.23426556587219238,0.8707926869392395,-0.6202543377876282,-0.30627143383026123,0.7716240286827087,-0.5501177310943604,-0.33370736241340637,0.5770270824432373,-0.8150964975357056,-0.05155113339424133,0.7496591210365295,-1.0271174907684326,-0.2515520751476288,0.6033778190612793,-0.6124885082244873,-0.2751227915287018,0.5267425775527954,-0.6058925986289978,-0.24866044521331787,0.32291653752326965,-0.8611612319946289,-0.09299667924642563,0.45950791239738464,-1.0403809547424316,-0.3389766812324524,0.36421480774879456,-0.62215256690979,-0.2563089430332184,0.30101191997528076,-0.600135862827301,-0.14341327548027039,0.025348151102662086,-0.8901379704475403,-0.13986290991306305,0.1773531287908554,-1.0028622150421143,-0.28498074412345886,0.14611229300498962,-0.6986087560653687,-0.1922009140253067,0.0812668651342392,-0.650866687297821,-0.08887138962745667
0.0,0.0,0.0,0.38885414600372314,-0.021395480260252953,-0.16079485416412354,0.7905907034873962,-0.2683490812778473,-0.22694829106330872,0.8494030237197876,-0.6534621119499207,-0.2841572165489197,0.6872409582138062,-0.9253470301628113,-0.2995977997779846,0.7873572707176208,-0.7193607687950134,-0.041465383023023605,1.0120978355407715,-0.9279069304466248,-0.22758229076862335,0.8469371795654297,-0.608102023601532,-0.3034709095954895,0.7405005097389221,-0.5528663992881775,-0.3354375660419464,0.5654597282409668,-0.8235413432121277,-0.04510876536369324,0.7438124418258667,-1.0053155422210693,-0.24034012854099274,0.5933626294136047,-0.6026780009269714,-0.2693888545036316,0.5091450810432434,-0.614168107509613,-0.2487943321466446,0.32547977566719055,-0.8653741478919983,-0.08288134634494781,0.472689688205719,-1.0127829313278198,-0.3214913010597229,0.3709102272987366,-0.6125472187995911,-0.24860097467899323,0.29538092017173767,-0.612433671951294,-0.14495216310024261,0.04413367435336113,-0.8910512924194336,-0.12757085263729095,0.20590542256832123,-0.976543128490448,-0.2688719630241394,0.1707623302936554,-0.6867045164108276,-0.18370690941810608,0.09406610578298569,-0.6562499403953552,-0.08767460286617279
0.0,0.0,0.0,0.388689249753952,-0.0332256555557251,-0.1395977884531021,0.8009693026542664,-0.27815958857536316,-0.20088382065296173,0.8467574119567871,-0.6646530032157898,-0.2582310736179352,0.6618250012397766,-0.9287034869194031,-0.275387704372406,0.8017832636833191,-0.7143711447715759,-0.03349049761891365,1.0287901163101196,-0.9651567935943604,-0.22915303707122803,0.8735515475273132,-0.6529312133789062,-0.30748093128204346,0.7604357004165649,-0.5666741132736206,-0.3335457146167755,0.5617344975471497,-0.8258151412010193,-0.04983711615204811,0.7432006597518921,-1.0368425846099854,-0.25114887952804565,0.5930012464523315,-0.6246306896209717,-0.27617689967155457,0.5050822496414185,-0.601828932762146,-0.24501749873161316,0.307352751493454,-0.8693413138389587,-0.0992656871676445,0.4437197148799896,-1.0273112058639526,-0.347075492143631,0.35179850459098816,-0.6144105792045593,-0.27153509855270386,0.2816120684146881,-0.5827449560165405,-0.15760600566864014,0.011023493483662605,-0.8914973139762878,-0.15299789607524872,0.16976360976696014,-0.9948794841766357,-0.29778096079826355,0.14495660364627838,-0.6962672472000122,-0.20373350381851196,0.08039037138223648,-0.642854630947113,-0.09554421901702881
0.0,0.0,0.0,0.3876342475414276,-0.040373317897319794,-0.1532537043094635,0.7851543426513672,-0.2973649203777313,-0.21876133978366852,0.8010381460189819,-0.6912258863449097,-0.27811741828918457,0.6133952140808105,-0.9456098675727844,-0.29439982771873474,0.7996717095375061,-0.731519877910614,-0.04324787110090256,1.0034351348876953,-1.009784460067749,-0.24346517026424408,0.84287428855896,-0.6881656646728516,-0.32244113087654114,0.7379987835884094,-0.5842447280883789,-0.34699246287345886,0.5465781688690186,-0.8358632922172546,-0.05084158480167389,0.7029024362564087,-1.068751335144043,-0.25705260038375854,0.5649677515029907,-0.6568465828895569,-0.27925905585289,0.4918743669986725,-0.6218090653419495,-0.24502186477184296,0.28730136156082153,-0.8735966682434082,-0.09354367852210999,0.3933229148387909,-1.0582994222640991,-0.33400586247444153,0.3149212598800659,-0.6499156951904297,-0.2507612407207489,0.25956791639328003,-0.6061681509017944,-0.13433142006397247,-0.0076208519749343395,-0.8894562125205994,-0.14357586205005646,0.12079314887523651,-1.0103119611740112,-0.27799999713897705,0.09920023381710052,-0.7186306118965149,-0.1822947859764099,0.044111162424087524,-0.660319983959198,-0.07532525062561035
0.0,0.0,0.0,0.38664084672927856,-0.05927795544266701,-0.14150376617908478,0.7633575797080994,-0.34703949093818665,-0.19668489694595337,0.7432586550712585,-0.7379335165023804,-0.24704599380493164,0.5424104332923889,-0.9683013558387756,-0.25402557849884033,0.769838273525238,-0.7672773599624634,-0.03662452846765518,0.9510117173194885,-1.0664935111999512,-0.23284026980400085,0.7977509498596191,-0.7411136031150818,-0.3078525960445404,0.7049523591995239,-0.6247857809066772,-0.3296654224395752,0.5082089900970459,-0.8598170280456543,-0.04938029497861862,0.6455749869346619,-1.115365982055664,-0.24756580591201782,0.5198233127593994,-0.7010007500648499,-0.26026827096939087,0.4681038558483124,-0.6514366269111633,-0.2192431539297104,0.24330967664718628,-0.8865566849708557,-0.09727361798286438,0.3205184042453766,-1.0916738510131836,-0.32697203755378723,0.25764089822769165,-0.6838061213493347,-0.23572677373886108,0.22949880361557007,-0.6283871531486511,-0.11542966961860657,-0.054396554827690125,-0.8917840123176575,-0.152682363986969,0.03633875399827957,-1.0298302173614502,-0.2744767367839813,0.029525190591812134,-0.7403684854507446,-0.17113074660301208,0.006214802619069815,-0.671004593372345,-0.06090390682220459
0.0,0.0,0.0,0.3641400933265686,-0.08388788998126984,-0.15513905882835388,0.7042675614356995,-0.37968745827674866,-0.21618236601352692,0.6587024927139282,-0.7547609806060791,-0.2693181037902832,0.45281970500946045,-0.9700940251350403,-0.2810556888580322,0.73625648021698,-0.7993706464767456,-0.03291809931397438,0.8443860411643982,-1.0657203197479248,-0.2230152040719986,0.70892333984375,-0.7602338790893555,-0.3074650764465332,0.6451854705810547,-0.6326388120651245,-0.3374807834625244,0.466584712266922,-0.8836926817893982,-0.03722899779677391,0.5473721027374268,-1.1047258377075195,-0.2256176471710205,0.4494248330593109,-0.7129460573196411,-0.2417321801185608,0.4262043535709381,-0.6439808011054993,-0.20606738328933716,0.19940532743930817,-0.898491621017456,-0.0787341445684433,0.24040870368480682,-1.0818592309951782,-0.30175384879112244,0.20299704372882843,-0.6958768367767334,-0.22344981133937836,0.19033381342887878,-0.6190108060836792,-0.11391741037368774,-0.09246732294559479,-0.8821923732757568,-0.13015159964561462,-0.029537217691540718,-0.9970107078552246,-0.25974833965301514,-0.020720314234495163,-0.7197617888450623,-0.17389819025993347,-0.027392663061618805,-0.6442016959190369,-0.0737195536494255
0.0,0.0,0.0,0.3562183380126953,-0.09402216970920563,-0.1676786094903946,0.6779742240905762,-0.4018745720386505,-0.2355150729417801,0.6122642159461975,-0.7733345627784729,-0.2938397228717804,0.3952595293521881,-0.9848784804344177,-0.30711662769317627,0.7311526536941528,-0.8176164031028748,-0.04909105598926544,0.8036962747573853,-1.107825756072998,-0.2551366090774536,0.6744815111160278,-0.787238597869873,-0.3444470167160034,0.6274372935295105,-0.6574702858924866,-0.37370872497558594,0.45671361684799194,-0.8881596326828003,-0.050842732191085815,0.5053661465644836,-1.1375535726547241,-0.26225730776786804,0.42393094301223755,-0.7501283884048462,-0.28337639570236206,0.41381725668907166,-0.6677247285842896,-0.2424580454826355,0.18714278936386108,-0.8965173363685608,-0.09183014929294586,0.18795610964298248,-1.0797028541564941,-0.3265599310398102,0.16922527551651,-0.7000119686126709,-0.25201988220214844,0.17866623401641846,-0.6185075044631958,-0.13897399604320526,-0.09836800396442413,-0.8740969300270081,-0.14449001848697662,-0.06965560466051102,-0.9852800965309143,-0.2757130563259125,-0.04973292723298073,-0.7158020734786987,-0.19465863704681396,-0.03738323599100113,-0.6376248598098755,-0.0951349139213562
0.0,0.0,0.0,0.33131110668182373,-0.12598639726638794,-0.19490931928157806,0.5959936380386353,-0.43389296531677246,-0.2842937111854553,0.5067389607429504,-0.7882960438728333,-0.35805872082710266,0.2690119445323944,-0.9898660778999329,-0.38597235083580017,0.6789702773094177,-0.860956072807312,-0.08627555519342422,0.6968656778335571,-1.1177234649658203,-0.30050110816955566,0.6002348065376282,-0.791752815246582,-0.39618226885795593,0.587336003780365,-0.6752542853355408,-0.43363258242607117,0.39636942744255066,-0.9143373966217041,-0.08293578773736954,0.41075941920280457,-1.1358085870742798,-0.30325761437416077,0.353243887424469,-0.7485967874526978,-0.33073270320892334,0.34910109639167786,-0.688759982585907,-0.2976113259792328,0.11946863681077957,-0.9019840359687805,-0.1201719269156456,0.09977179020643234,-1.0658811330795288,-0.36611565947532654,0.10631825774908066,-0.6931057572364807,-0.2988458573818207,0.12751606106758118,-0.6386247873306274,-0.19279274344444275,-0.16881369054317474,-0.8528116941452026,-0.17074190080165863,-0.1548205018043518,-0.9675551056861877,-0.30981162190437317,-0.10779768973588943,-0.711477518081665,-0.23251937329769135,-0.08282741159200668,-0.647247850894928,-0.13720262050628662
0.0,0.0,0.0,0.32823288440704346,-0.13002334535121918,-0.2130422741174698,0.5817058682441711,-0.44184643030166626,-0.3127115070819855,0.46909043192863464,-0.789294421672821,-0.39283978939056396,0.22557058930397034,-0.988094687461853,-0.4251629412174225,0.6539923548698425,-0.8750747442245483,-0.10283885896205902,0.6602736711502075,-1.1361242532730103,-0.32525190711021423,0.5722970962524414,-0.803768515586853,-0.42547300457954407,0.5609162449836731,-0.6883451342582703,-0.4643020033836365,0.37103602290153503,-0.9241252541542053,-0.09124023467302322,0.3721914291381836,-1.1501071453094482,-0.3203226327896118,0.32491835951805115,-0.7608294486999512,-0.3535704016685486,0.3225027322769165,-0.7096317410469055,-0.3219357430934906,0.09630024433135986,-0.9074880480766296,-0.12148930132389069,0.060707829892635345,-1.0633325576782227,-0.3724480867385864,0.07659991085529327,-0.6923872232437134,-0.3078354299068451,0.10391240566968918,-0.6496468186378479,-0.20174641907215118,-0.18689318001270294,-0.85540771484375,-0.1663690209388733,-0.18870040774345398,-0.9695590734481812,-0.3036867678165436,-0.1363675445318222,-0.7186927795410156,-0.22523625195026398,-0.10771390050649643,-0.6611188650131226,-0.12883487343788147
0.0,0.0,0.0,0.31157466769218445,-0.1423426866531372,-0.224660724401474,0.5485414266586304,-0.4473761022090912,-0.3303392827510834,0.43131348490715027,-0.7888944745063782,-0.41365501284599304,0.1905345916748047,-0.9817326068878174,-0.4487611949443817,0.640948474407196,-0.8854853510856628,-0.11042190343141556,0.602501392364502,-1.1232469081878662,-0.34114617109298706,0.5330132842063904,-0.8041297793388367,-0.44949254393577576,0.5480753183364868,-0.6843613982200623,-0.4918127954006195,0.3577384352684021,-0.9292035698890686,-0.09275717288255692,0.324957013130188,-1.1270443201065063,-0.3244572877883911,0.2863004207611084,-0.7506060600280762,-0.3603385090827942,0.3017002046108246,-0.7007202506065369,-0.33079543709754944,0.0889207050204277,-0.9120204448699951,-0.11952020227909088,0.01971026510000229,-1.0338879823684692,-0.3734325170516968,0.04545174539089203,-0.6792420148849487,-0.3166671097278595,0.09639066457748413,-0.6403854489326477,-0.2154509425163269,-0.18392707407474518,-0.8563345074653625,-0.1623287945985794,-0.21625547111034393,-0.9567349553108215,-0.30262982845306396,-0.15970179438591003,-0.7141968607902527,-0.23232482373714447,-0.11252307891845703,-0.655135989189148,-0.14046764373779297
0.0,0.0,0.0,0.28777778148651123,-0.14027716219425201,-0.2516857385635376,0.49488958716392517,-0.44571200013160706,-0.3666638433933258,0.35297444462776184,-0.7718080282211304,-0.4507099986076355,0.1100868210196495,-0.9546990394592285,-0.48474252223968506,0.6115243434906006,-0.9025652408599854,-0.1420200914144516,0.515279233455658,-1.0930402278900146,-0.37389206886291504,0.4571913182735443,-0.7666476368904114,-0.48267897963523865,0.4977349638938904,-0.6756076812744141,-0.5299808979034424,0.32636311650276184,-0.9387507438659668,-0.1106080487370491,0.25729984045028687,-1.0933338403701782,-0.35196414589881897,0.22996173799037933,-0.7128571271896362,-0.38875123858451843,0.2599266767501831,-0.6900205612182617,-0.36078333854675293,0.059769514948129654,-0.9125543832778931,-0.12511007487773895,-0.0352797657251358,-1.0039563179016113,-0.38227158784866333,-0.0042967721819877625,-0.6576840281486511,-0.32674863934516907,0.06518984586000443,-0.6509038805961609,-0.22895018756389618,-0.20232316851615906,-0.8483884930610657,-0.1586771309375763,-0.2589847147464752,-0.9171561598777771,-0.2989605963230133,-0.20050421357154846,-0.6892911195755005,-0.2357788234949112,-0.13809172809123993,-0.6600682139396667,-0.1518557369709015
0.0,0.0,0.0,0.30285879969596863,-0.14992964267730713,-0.27930748462677,0.48267924785614014,-0.4560747444629669,-0.40412813425064087,0.31934651732444763,-0.7728872299194336,-0.49152684211730957,0.0841909870505333,-0.9644319415092468,-0.5252624750137329,0.6158756017684937,-0.903754711151123,-0.16954393684864044,0.4928797483444214,-1.1248184442520142,-0.42070502042770386,0.4329321086406708,-0.7972273230552673,-0.5417699217796326,0.4797452688217163,-0.6927794218063354,-0.5926417112350464,0.3277807831764221,-0.9366790652275085,-0.12325645983219147,0.23125889897346497,-1.1171385049819946,-0.3804374933242798,0.20609740912914276,-0.7309303879737854,-0.4247165322303772,0.25086069107055664,-0.694911539554596,-0.39884263277053833,0.05993446335196495,-0.9106734395027161,-0.12616635859012604,-0.05159875750541687,-1.0173239707946777,-0.39450928568840027,-0.021271754056215286,-0.6720289587974548,-0.34237951040267944,0.06411195546388626,-0.6551406383514404,-0.2437448501586914,-0.19946536421775818,-0.845493495464325,-0.15068741142749786,-0.2763265371322632,-0.9297814965248108,-0.2965065836906433,-0.21716460585594177,-0.7056944370269775,-0.23638209700584412,-0.14499498903751373,-0.6616230010986328,-0.15268470346927643
0.0,0.0,0.0,0.2726761996746063,-0.1477283239364624,-0.28047165274620056,0.44537869095802307,-0.4349477291107178,-0.4065941870212555,0.28211212158203125,-0.7359244227409363,-0.49490538239479065,0.058486562222242355,-0.907642126083374,-0.5316298007965088,0.5958406329154968,-0.9089404344558716,-0.15248891711235046,0.4590107500553131,-1.0599695444107056,-0.4003967344760895,0.3886171877384186,-0.7684676051139832,-0.523055911064148,0.438675194978714,-0.6814686059951782,-0.5777173042297363,0.308714359998703,-0.9450224041938782,-0.10783373564481735,0.19993899762630463,-1.0641767978668213,-0.363224059343338,0.16966792941093445,-0.6963599324226379,-0.40609684586524963,0.23043443262577057,-0.6786253452301025,-0.3792319893836975,0.041244540363550186,-0.9164518713951111,-0.1146991103887558,-0.08247683197259903,-0.9656091332435608,-0.38600319623947144,-0.05581452697515488,-0.636135458946228,-0.3411537706851959,0.04054015502333641,-0.64111328125,-0.24755440652370453,-0.2173134982585907,-0.8447177410125732,-0.1435282826423645,-0.3035331070423126,-0.8896521925926208,-0.294270783662796,-0.24760156869888306,-0.669855535030365,-0.24249686300754547,-0.16462405025959015,-0.6475735902786255,-0.1647489219903946
0.0,0.0,0.0,0.3008415997028351,-0.16490329802036285,-0.2818344831466675,0.46132516860961914,-0.46504145860671997,-0.4116421043872833,0.27519458532333374,-0.7673705816268921,-0.5032959580421448,0.03197333589196205,-0.9516597390174866,-0.5388350486755371,0.6080389022827148,-0.908553421497345,-0.1858486533164978,0.48311078548431396,-1.145674228668213,-0.4554123282432556,0.41746047139167786,-0.8159828782081604,-0.5808500647544861,0.47201451659202576,-0.7033758759498596,-0.6322312355041504,0.30679935216903687,-0.9411745071411133,-0.14165033400058746,0.21047690510749817,-1.147080659866333,-0.42037224769592285,0.17856377363204956,-0.7460915446281433,-0.46123403310775757,0.23558206856250763,-0.7004936933517456,-0.4270206093788147,0.02786198817193508,-0.916999101638794,-0.14859600365161896,-0.0913514569401741,-1.0336042642593384,-0.4311155676841736,-0.06520602852106094,-0.6770768165588379,-0.37012356519699097,0.03246503695845604,-0.6571210026741028,-0.2612818479537964,-0.23883602023124695,-0.8517748713493347,-0.17795176804065704,-0.33287307620048523,-0.9279084801673889,-0.327700138092041,-0.27235648036003113,-0.7025417685508728,-0.2662277817726135,-0.18519414961338043,-0.6662967801094055,-0.18092778325080872
0.0,0.0,0.0,0.2692570686340332,-0.14251697063446045,-0.3124995529651642,0.40414443612098694,-0.4219278395175934,-0.4523560106754303,0.21248126029968262,-0.6999942660331726,-0.5433635115623474,-0.015492485836148262,-0.8766298890113831,-0.5774549841880798,0.5666786432266235,-0.911134660243988,-0.20941951870918274,0.3781791925430298,-1.0307915210723877,-0.4727376401424408,0.34746208786964417,-0.7205409407615662,-0.6014704704284668,0.43021640181541443,-0.6545926332473755,-0.6614153981208801,0.282132089138031,-0.947931706905365,-0.1477397233247757,0.12705087661743164,-1.0321797132492065,-0.42037567496299744,0.12825609743595123,-0.6519641280174255,-0.46264928579330444,0.20492513477802277,-0.649756133556366,-0.4360589385032654,0.015610533766448498,-0.9197227954864502,-0.13956189155578613,-0.1343388557434082,-0.9354989528656006,-0.41843733191490173,-0.0913335382938385,-0.609880268573761,-0.37449079751968384,0.017281243577599525,-0.6364883780479431,-0.28313568234443665,-0.23243588209152222,-0.8520873188972473,-0.15683338046073914,-0.33574825525283813,-0.8502806425094604,-0.31343594193458557,-0.2742004990577698,-0.6435412764549255,-0.2755274176597595,-0.1848752647638321,-0.6467366218566895,-0.2089506983757019
0.0,0.0,0.0,0.28250065445899963,-0.13706529140472412,-0.2902880311012268,0.4394787549972534,-0.4072280824184418,-0.42350149154663086,0.2283647060394287,-0.6822504997253418,-0.512704074382782,-0.022000757977366447,-0.8534783720970154,-0.5489885210990906,0.5582402944564819,-0.9199283123016357,-0.1929313987493515,0.4089272916316986,-1.0108745098114014,-0.45218026638031006,0.3739849627017975,-0.6926493644714355,-0.5793346762657166,0.43768084049224854,-0.6169666647911072,-0.6371079087257385,0.26620155572891235,-0.9531596302986145,-0.1436084508895874,0.13611972332000732,-1.010636568069458,-0.40795430541038513,0.1437651365995407,-0.631972074508667,-0.44890204071998596,0.21212416887283325,-0.6164520978927612,-0.4227502644062042,-0.0014246104983612895,-0.9182171821594238,-0.1451190561056137,-0.14077159762382507,-0.9146831035614014,-0.416321724653244,-0.08835255354642868,-0.5816807746887207,-0.3669254779815674,0.011609858833253384,-0.5924481749534607,-0.27342337369918823,-0.25298309326171875,-0.840411901473999,-0.17001882195472717,-0.35194844007492065,-0.8263120651245117,-0.3206610679626465,-0.28304943442344666,-0.6102572083473206,-0.274029940366745,-0.1956302374601364,-0.6058979034423828,-0.20134899020195007
0.0,0.0,0.0,0.2679629325866699,-0.11928422749042511,-0.2742571234703064,0.43846920132637024,-0.37688347697257996,-0.4059554636478424,0.24545110762119293,-0.643902599811554,-0.4962197542190552,0.002847835188731551,-0.8145208358764648,-0.5379226207733154,0.5511741638183594,-0.9073540568351746,-0.1977149397134781,0.41484808921813965,-0.9654480218887329,-0.43959692120552063,0.38016459345817566,-0.6577373743057251,-0.5596928000450134,0.4462045729160309,-0.5997231602668762,-0.6189543604850769,0.26434770226478577,-0.9516456723213196,-0.15649545192718506,0.15019436180591583,-0.9690939784049988,-0.4063413143157959,0.1547791063785553,-0.6019814610481262,-0.44598862528800964,0.21894830465316772,-0.5965017676353455,-0.424425333738327,0.0024869455955922604,-0.9147610664367676,-0.16043809056282043,-0.11819817870855331,-0.8791987895965576,-0.4150348901748657,-0.07037420570850372,-0.5565311312675476,-0.36668381094932556,0.022096946835517883,-0.571049690246582,-0.2810596525669098,-0.24092049896717072,-0.8351579308509827,-0.18647634983062744,-0.3167583644390106,-0.7934194803237915,-0.33104467391967773,-0.2521941363811493,-0.577461302280426,-0.28499504923820496,-0.17077329754829407,-0.5757623314857483,-0.21575844287872314
0.0,0.0,0.0,0.2796562910079956,-0.1229177862405777,-0.2495063990354538,0.45261046290397644,-0.3566524088382721,-0.3811335563659668,0.2611753046512604,-0.6132063269615173,-0.47885262966156006,0.032717444002628326,-0.7763230800628662,-0.5290414690971375,0.5757448077201843,-0.8830676078796387,-0.18469277024269104,0.4379797577857971,-0.9551119208335876,-0.4331853985786438,0.3809365928173065,-0.6430535912513733,-0.5510152578353882,0.4410026967525482,-0.5674799680709839,-0.6076851487159729,0.2871556878089905,-0.9443002343177795,-0.16074448823928833,0.18180307745933533,-0.9681136608123779,-0.4207538068294525,0.16061213612556458,-0.5979573130607605,-0.45538458228111267,0.22333456575870514,-0.5697458386421204,-0.42529797554016113,0.01963108777999878,-0.9132352471351624,-0.18081679940223694,-0.09833890199661255,-0.8669292330741882,-0.44714677333831787,-0.06437800079584122,-0.5357688665390015,-0.39420396089553833,0.030016213655471802,-0.5296538472175598,-0.3009617030620575,-0.22976496815681458,-0.8333207368850708,-0.2207908034324646,-0.3086491525173187,-0.7663580775260925,-0.38474759459495544,-0.25138089060783386,-0.535446286201477,-0.34368446469306946,-0.16573482751846313,-0.5262585282325745,-0.2718953788280487
0.0,0.0,0.0,0.264705628156662,-0.11431511491537094,-0.2537451684474945,0.43749988079071045,-0.3611316382884979,-0.3706147074699402,0.23900222778320312,-0.6117649078369141,-0.44836026430130005,0.005434396676719189,-0.7550534009933472,-0.47210267186164856,0.5540512800216675,-0.8753783702850342,-0.1580515205860138,0.42511409521102905,-0.9608197212219238,-0.3979337811470032,0.37022027373313904,-0.6626495122909546,-0.508212685585022,0.39984017610549927,-0.5711853504180908,-0.5550661087036133,0.28059589862823486,-0.9520376920700073,-0.12202516198158264,0.12004771083593369,-0.9335731863975525,-0.3639092743396759,0.1303442418575287,-0.5694139003753662,-0.3915596306324005,0.19831258058547974,-0.5574279427528381,-0.3574539124965668,0.015960214659571648,-0.9283101558685303,-0.13491138815879822,-0.14150963723659515,-0.8169983625411987,-0.3824385404586792,-0.08105724304914474,-0.5080996751785278,-0.34095892310142517,0.015312646515667439,-0.5348590016365051,-0.2592303454875946,-0.23140732944011688,-0.8501718044281006,-0.16961844265460968,-0.33566153049468994,-0.7351974844932556,-0.31609582901000977,-0.2662101089954376,-0.5196253061294556,-0.28633788228034973,-0.18345995247364044,-0.5356979370117188,-0.2264421135187149
0.0,0.0,0.0,0.25928187370300293,-0.11200281232595444,-0.25573140382766724,0.42405349016189575,-0.3566468060016632,-0.37620124220848083,0.250288188457489,-0.5992554426193237,-0.4576093256473541,0.028189219534397125,-0.7448070645332336,-0.4871227443218231,0.5659583210945129,-0.8704951405525208,-0.16230706870555878,0.41326549649238586,-0.9240497350692749,-0.40557458996772766,0.3699205815792084,-0.6331395506858826,-0.5230511426925659,0.4068193733692169,-0.5417839288711548,-0.5731776356697083,0.29196327924728394,-0.9485335946083069,-0.12264382094144821,0.11249569803476334,-0.8934480547904968,-0.36085519194602966,0.1281404197216034,-0.5540251135826111,-0.39413776993751526,0.1984512060880661,-0.5512033104896545,-0.3667430877685547,0.029590168967843056,-0.9257799386978149,-0.13149209320545197,-0.1331111341714859,-0.7988957166671753,-0.37176093459129333,-0.07607869803905487,-0.5096160173416138,-0.33391693234443665,0.013732950203120708,-0.5400640368461609,-0.2582024931907654,-0.2111470103263855,-0.8508738875389099,-0.1635657101869583,-0.3133423328399658,-0.719478964805603,-0.3076026439666748,-0.24501147866249084,-0.5105739235877991,-0.2837181091308594,-0.16169218719005585,-0.5299930572509766,-0.22919215261936188
0.0,0.0,0.0,0.2637217342853546,-0.11403796821832657,-0.2316235899925232,0.4468611478805542,-0.3689645230770111,-0.33920201659202576,0.2951255142688751,-0.626227855682373,-0.41412782669067383,0.06731203198432922,-0.7777508497238159,-0.4417779743671417,0.5697770118713379,-0.873426616191864,-0.13800378143787384,0.45755624771118164,-0.958623468875885,-0.3627568185329437,0.39469653367996216,-0.6661520004272461,-0.47135913372039795,0.4098166227340698,-0.5626009106636047,-0.5173508524894714,0.2967246174812317,-0.9488160014152527,-0.10817886143922806,0.16170787811279297,-0.9397554993629456,-0.3271559178829193,0.15681517124176025,-0.5974576473236084,-0.3578365445137024,0.20685486495494843,-0.5785122513771057,-0.3313530683517456,0.03586835786700249,-0.9256512522697449,-0.12261070311069489,-0.09562330693006516,-0.8454325199127197,-0.3517572581768036,-0.04969613626599312,-0.5392905473709106,-0.3103201687335968,0.028323810547590256,-0.5451810956001282,-0.23277603089809418,-0.2090434432029724,-0.8482136130332947,-0.1567312479019165,-0.2915128469467163,-0.7699905037879944,-0.29513636231422424,-0.2245548963546753,-0.5489051342010498,-0.2589956521987915,-0.145961195230484,-0.5425273776054382,-0.19559945166110992
0.0,0.0,0.0,0.2735334634780884,-0.1032397449016571,-0.22046172618865967,0.46787989139556885,-0.35083892941474915,-0.3257569372653961,0.32789871096611023,-0.6229810118675232,-0.40068069100379944,0.1136784628033638,-0.7933109998703003,-0.4282462000846863,0.6009069085121155,-0.8476232290267944,-0.13236305117607117,0.516895055770874,-0.9402107000350952,-0.3552188575267792,0.4422249495983124,-0.6544426083564758,-0.4604603946208954,0.44767501950263977,-0.5628762245178223,-0.505669891834259,0.32912421226501465,-0.9379895925521851,-0.10887010395526886,0.21779675781726837,-0.92765873670578,-0.32161396741867065,0.19499018788337708,-0.5895228981971741,-0.3496628701686859,0.23300324380397797,-0.5889068841934204,-0.32309046387672424,0.06845223903656006,-0.9273775815963745,-0.12895765900611877,-0.054220277816057205,-0.8356423377990723,-0.3507957458496094,-0.02122395485639572,-0.5405012369155884,-0.3105298578739166,0.046074122190475464,-0.5734348297119141,-0.2377319484949112,-0.1751425713300705,-0.8602513670921326,-0.16796739399433136,-0.25854888558387756,-0.7611415386199951,-0.29932281374931335,-0.19910530745983124,-0.5435690879821777,-0.263799786567688,-0.12636446952819824,-0.5567606091499329,-0.20392641425132751
0.0,0.0,0.0,0.3276608884334564,-0.10176330804824829,-0.2007444202899933,0.5569314360618591,-0.366206556558609,-0.2982999086380005,0.4316117465496063,-0.6830068230628967,-0.3759520351886749,0.18937279284000397,-0.8741917610168457,-0.4073258340358734,0.6574416160583496,-0.8277870416641235,-0.0822058841586113,0.6538863778114319,-1.0000958442687988,-0.3097860515117645,0.558769941329956,-0.7081298232078552,-0.41901084780693054,0.5473675727844238,-0.5990016460418701,-0.463151752948761,0.3840663731098175,-0.9204992651939392,-0.07193059474229813,0.3460145592689514,-1.0314173698425293,-0.29195570945739746,0.2942551076412201,-0.6783268451690674,-0.3218493163585663,0.317979097366333,-0.6402201652526855,-0.2901449203491211,0.11719918996095657,-0.9207159280776978,-0.10685054212808609,0.04012833908200264,-0.9455370903015137,-0.3402334153652191,0.059475407004356384,-0.6226329803466797,-0.2903093993663788,0.11847009509801865,-0.6074702739715576,-0.2029077261686325,-0.14182253181934357,-0.8653494119644165,-0.15793830156326294,-0.1898045837879181,-0.8582459688186646,-0.2929624319076538,-0.1377541720867157,-0.6139237880706787,-0.2404506951570511,-0.07127363979816437,-0.580636203289032,-0.16471369564533234
0.0,0.0,0.0,0.3525054156780243,-0.08393213152885437,-0.1632809191942215,0.6472121477127075,-0.34654074907302856,-0.2327880859375,0.5453822612762451,-0.6718405485153198,-0.29075533151626587,0.32570844888687134,-0.8662999272346497,-0.3079870343208313,0.702006995677948,-0.8046450614929199,-0.05502452701330185,0.7640342712402344,-1.0091592073440552,-0.24954405426979065,0.655201256275177,-0.6976956129074097,-0.3379353880882263,0.6273991465568542,-0.5844947695732117,-0.375899076461792,0.44035804271698,-0.8958669900894165,-0.059220243245363235,0.4682445526123047,-1.060050129890442,-0.25651541352272034,0.4008195102214813,-0.6940508484840393,-0.2781652510166168,0.4079797565937042,-0.6251224875450134,-0.2475709617137909,0.17541101574897766,-0.9045815467834473,-0.10184303671121597,0.1510484665632248,-1.013951301574707,-0.32193103432655334,0.1484648734331131,-0.6665034890174866,-0.2649136185646057,0.18262113630771637,-0.6064203381538391,-0.17650042474269867,-0.10496724396944046,-0.8629770278930664,-0.15634338557720184,-0.11051452159881592,-0.8965797424316406,-0.2970106303691864,-0.06901369243860245,-0.6385474801063538,-0.24397476017475128,-0.018610401079058647,-0.5744501948356628,-0.1686636358499527
0.0,0.0,0.0,0.3174666464328766,-0.04114989563822746,-0.1876760572195053,0.631901741027832,-0.27860698103904724,-0.26844626665115356,0.5643490552902222,-0.6011472940444946,-0.3272915780544281,0.34474965929985046,-0.7902930974960327,-0.3445746600627899,0.6512897610664368,-0.8027015924453735,-0.06747343391180038,0.7313191294670105,-0.8731988072395325,-0.2526492774486542,0.6111549735069275,-0.5779419541358948,-0.34089395403862,0.5502431392669678,-0.5437304973602295,-0.38686448335647583,0.40523573756217957,-0.9124431610107422,-0.05684554576873779,0.4571082592010498,-0.9323896169662476,-0.24717260897159576,0.37759721279144287,-0.5732203722000122,-0.2782752215862274,0.3448069095611572,-0.5811930894851685,-0.256473183631897,0.16093496978282928,-0.9157588481903076,-0.08443065732717514,0.1756308525800705,-0.8401089310646057,-0.2935841381549835,0.1600961834192276,-0.5198193192481995,-0.2526443302631378,0.14719149470329285,-0.5455769300460815,-0.17996034026145935,-0.0886310487985611,-0.8667823672294617,-0.12714149057865143,-0.05016302317380905,-0.7359040975570679,-0.2564370334148407,-0.013511636294424534,-0.5045003890991211,-0.22310388088226318,-0.0016663382994011045,-0.5207581520080566,-0.16711266338825226
0.0,0.0,0.0,0.2896609902381897,-0.012719635851681232,-0.2195928543806076,0.6231902837753296,-0.24069854617118835,-0.32098594307899475,0.6157572269439697,-0.5658317804336548,-0.3930422365665436,0.39514824748039246,-0.7668062448501587,-0.4226965606212616,0.6197980642318726,-0.804320752620697,-0.12403903901576996,0.7506563067436218,-0.8599512577056885,-0.31388118863105774,0.6259435415267944,-0.5596217513084412,-0.39265432953834534,0.5486605167388916,-0.5546503663063049,-0.43252652883529663,0.374194860458374,-0.9222370386123657,-0.09724724292755127,0.45860034227371216,-0.9203029274940491,-0.29618188738822937,0.36350178718566895,-0.5446349382400513,-0.3188094198703766,0.3245886564254761,-0.5960749387741089,-0.28991103172302246,0.12971585988998413,-0.9235785007476807,-0.10731713473796844,0.16187649965286255,-0.8420405983924866,-0.3151063024997711,0.13970857858657837,-0.5200716853141785,-0.2565692663192749,0.12587913870811462,-0.58199143409729,-0.17487536370754242,-0.11661282181739807,-0.8770793080329895,-0.1343214511871338,-0.07658927887678146,-0.7632667422294617,-0.25222986936569214,-0.03478071093559265,-0.5350698828697205,-0.2007763832807541,-0.021346647292375565,-0.5619131922721863,-0.13431614637374878
0.0,0.0,0.0,0.3035757541656494,-0.009212006814777851,-0.22087591886520386,0.6552062034606934,-0.2389751523733139,-0.3169512450695038,0.6459563970565796,-0.5775618553161621,-0.38349592685699463,0.445665568113327,-0.7959116101264954,-0.40616172552108765,0.6514707803726196,-0.7855782508850098,-0.11445018649101257,0.7984073162078857,-0.8679032325744629,-0.29979532957077026,0.6659170389175415,-0.5687973499298096,-0.37371987104415894,0.5849505662918091,-0.550895094871521,-0.4094649851322174,0.41149386763572693,-0.907249391078949,-0.08701397478580475,0.5160423517227173,-0.9364131689071655,-0.28608712553977966,0.4142129123210907,-0.5601950287818909,-0.3109336197376251,0.36517995595932007,-0.5940167307853699,-0.28172942996025085,0.16859163343906403,-0.917494535446167,-0.0968092828989029,0.2201077789068222,-0.8526313900947571,-0.3189478814601898,0.1877610832452774,-0.517447829246521,-0.26717856526374817,0.16167300939559937,-0.5590488910675049,-0.18284106254577637,-0.0807776153087616,-0.8800148963928223,-0.12219133228063583,-0.014747144654393196,-0.7721353769302368,-0.2580472230911255,0.013265717774629593,-0.5311370491981506,-0.21309000253677368,0.006816702429205179,-0.550391674041748,-0.1461983025074005
0.0,0.0,0.0,0.32882818579673767,-0.0232327189296484,-0.18875493109226227,0.6954104900360107,-0.281881183385849,-0.2674729526042938,0.6965042948722839,-0.6511354446411133,-0.3280906081199646,0.5042051672935486,-0.9044548273086548,-0.34314826130867004,0.7244198322296143,-0.7717239856719971,-0.0871504694223404,0.8994248509407043,-1.0034873485565186,-0.2998574376106262,0.7662645578384399,-0.6791370511054993,-0.38220328092575073,0.6715559363365173,-0.6020277142524719,-0.4112633764743805,0.46799638867378235,-0.8799691200256348,-0.08144793659448624,0.5853583216667175,-1.0682929754257202,-0.30708155035972595,0.4927251935005188,-0.6589145064353943,-0.336127907037735,0.4428427815437317,-0.6463723182678223,-0.3020063638687134,0.1994636058807373,-0.9054666757583618,-0.11336810886859894,0.259918212890625,-1.0093276500701904,-0.37448063492774963,0.23243319988250732,-0.617076575756073,-0.3094656765460968,0.21291768550872803,-0.6175450682640076,-0.20247066020965576,-0.09472467750310898,-0.8957502841949463,-0.15485286712646484,-0.014448250643908978,-0.9216325283050537,-0.31620243191719055,0.017098084092140198,-0.6290414929389954,-0.2489466518163681,0.01286791730672121,-0.6021329760551453,-0.15748699009418488
0.0,0.0,0.0,0.3723338544368744,-0.05155579000711441,-0.16560940444469452,0.7439557313919067,-0.35185110569000244,-0.23109039664268494,0.7196776866912842,-0.7522950768470764,-0.28584009408950806,0.544463574886322,-1.0106171369552612,-0.2934883236885071,0.7601122260093689,-0.775084376335144,-0.060280557721853256,0.950408935546875,-1.0904110670089722,-0.2677863836288452,0.8154069185256958,-0.7469918727874756,-0.3432367146015167,0.7204782366752625,-0.6270402669906616,-0.3621927499771118,0.49582353234291077,-0.8660839796066284,-0.06369892507791519,0.6364707350730896,-1.1499340534210205,-0.2735153138637543,0.5341930389404297,-0.7188919186592102,-0.28655385971069336,0.4773436486721039,-0.6557885408401489,-0.24025483429431915,0.22227342426776886,-0.8907940983772278,-0.10450083017349243,0.30405762791633606,-1.098905086517334,-0.3494407534599304,0.2626439034938812,-0.6791927814483643,-0.26106253266334534,0.23361937701702118,-0.6243380308151245,-0.13648290932178497,-0.08150814473628998,-0.8887651562690735,-0.15369912981987,0.015346732921898365,-1.0234949588775635,-0.29090502858161926,0.03014405257999897,-0.7245158553123474,-0.193853497505188,0.010456849820911884,-0.6573829054832458,-0.08338498324155807
0.0,0.0,0.0,0.3717314600944519,-0.06404606997966766,-0.15549005568027496,0.7229727506637573,-0.37346670031547546,-0.21638329327106476,0.6944385170936584,-0.7766767144203186,-0.2704794406890869,0.5140325427055359,-1.0321145057678223,-0.27863314747810364,0.7462473511695862,-0.7879359722137451,-0.03622843697667122,0.9293211102485657,-1.0931596755981445,-0.24664056301116943,0.7892051339149475,-0.7696213722229004,-0.3289429247379303,0.684319019317627,-0.642615020275116,-0.3505105972290039,0.48626017570495605,-0.8726626038551331,-0.04484519362449646,0.613837718963623,-1.139577865600586,-0.2562977075576782,0.503346860408783,-0.726813793182373,-0.2762121260166168,0.449114054441452,-0.6651460528373718,-0.23297172784805298,0.21806131303310394,-0.8921339511871338,-0.09213478118181229,0.29461538791656494,-1.0814476013183594,-0.3424358665943146,0.24133360385894775,-0.6740959286689758,-0.2644902169704437,0.21232172846794128,-0.6251185536384583,-0.14397528767585754,-0.07618892192840576,-0.8846635222434998,-0.14711102843284607,0.018932446837425232,-1.0062272548675537,-0.2876514494419098,0.020777080208063126,-0.7186868786811829,-0.19617323577404022,-0.0006998749449849129,-0.6637278199195862,-0.08806697279214859
0.0,0.0,0.0,0.3812255263328552,-0.09934691339731216,-0.1453288495540619,0.6953803300857544,-0.42668434977531433,-0.20559991896152496,0.6551531553268433,-0.8149310350418091,-0.26155105233192444,0.46509912610054016,-1.062827706336975,-0.27351364493370056,0.7025662660598755,-0.8165231943130493,-0.040094781666994095,0.8744359612464905,-1.1320747137069702,-0.24349430203437805,0.753231942653656,-0.8006957173347473,-0.3216456174850464,0.6537743806838989,-0.6678857207298279,-0.3406018018722534,0.44098028540611267,-0.8959777355194092,-0.052537791430950165,0.5580984354019165,-1.1784586906433105,-0.25278887152671814,0.4692838191986084,-0.7620210647583008,-0.2672763764858246,0.4129418134689331,-0.6816641092300415,-0.2227209359407425,0.16784101724624634,-0.9078611135482788,-0.10110864788293839,0.24120862782001495,-1.1115846633911133,-0.33437442779541016,0.2088702917098999,-0.7032989263534546,-0.24965041875839233,0.17622186243534088,-0.6325574517250061,-0.12791645526885986,-0.1277412325143814,-0.8916240334510803,-0.15701977908611298,-0.04513005539774895,-1.0341506004333496,-0.2814319431781769,-0.022449081763625145,-0.7527667880058289,-0.18187297880649567,-0.03805588558316231,-0.6811025142669678,-0.07056205719709396
0.0,0.0,0.0,0.36884745955467224,-0.10549754649400711,-0.14049305021762848,0.6638393998146057,-0.4527331590652466,-0.19564412534236908,0.6202327013015747,-0.8363556861877441,-0.24776950478553772,0.44560661911964417,-1.0866444110870361,-0.2561399042606354,0.6845137476921082,-0.8356597423553467,-0.03351348638534546,0.8490380048751831,-1.166429877281189,-0.23977884650230408,0.7325776219367981,-0.8337362408638,-0.3187078535556793,0.6318002939224243,-0.6856813430786133,-0.3336227536201477,0.4168229103088379,-0.9078407287597656,-0.04564965143799782,0.5272548198699951,-1.210417628288269,-0.2453061044216156,0.44452422857284546,-0.7908557057380676,-0.2573931813240051,0.39093726873397827,-0.6967857480049133,-0.209434375166893,0.13908319175243378,-0.91762775182724,-0.09452548623085022,0.21364960074424744,-1.1403602361679077,-0.3275946080684662,0.18363505601882935,-0.7291291952133179,-0.24149231612682343,0.1490045040845871,-0.6465038061141968,-0.11715253442525864,-0.15840324759483337,-0.9025636315345764,-0.15029148757457733,-0.07127596437931061,-1.0704050064086914,-0.27366015315055847,-0.047086264938116074,-0.7847530245780945,-0.171317920088768,-0.06337398290634155,-0.6983869671821594,-0.057065699249506
0.0,0.0,0.0,0.3539242148399353,-0.11212905496358871,-0.14644506573677063,0.6371588110923767,-0.4661450982093811,-0.20434176921844482,0.5997093319892883,-0.8565078973770142,-0.25741276144981384,0.4365730285644531,-1.1102194786071777,-0.26577436923980713,0.6595824956893921,-0.855457603931427,-0.03535301983356476,0.811246395111084,-1.1895335912704468,-0.24347655475139618,0.7018187046051025,-0.8636217713356018,-0.32341787219047546,0.6031889319419861,-0.7082799673080444,-0.3383255898952484,0.3890104293823242,-0.9202083945274353,-0.04344405606389046,0.4832293689250946,-1.2249146699905396,-0.25214633345603943,0.4120711088180542,-0.8010045289993286,-0.2706735134124756,0.3621384799480438,-0.7047861218452454,-0.22505660355091095,0.1129593625664711,-0.9237597584724426,-0.08823699504137039,0.1782270073890686,-1.1489187479019165,-0.3328113257884979,0.16209733486175537,-0.7314449548721313,-0.2517695724964142,0.1327444463968277,-0.6473573446273804,-0.127422034740448,-0.18240226805210114,-0.9017164707183838,-0.1395433098077774,-0.0951007828116417,-1.0738518238067627,-0.27344053983688354,-0.06288763880729675,-0.7807566523551941,-0.1757698506116867,-0.07893794775009155,-0.6914467811584473,-0.062172628939151764
0.0,0.0,0.0,0.3444802165031433,-0.09827163815498352,-0.14899447560310364,0.6478664875030518,-0.4517335593700409,-0.20371240377426147,0.6086480021476746,-0.8451287746429443,-0.2522694766521454,0.4278506338596344,-1.0900652408599854,-0.2553706169128418,0.6754904389381409,-0.843439519405365,-0.027107272297143936,0.8144291639328003,-1.1595288515090942,-0.2307973951101303,0.7009625434875488,-0.8407298922538757,-0.3078562617301941,0.6080982089042664,-0.7009708285331726,-0.3224411606788635,0.4069012701511383,-0.9128159284591675,-0.034619323909282684,0.49151647090911865,-1.1963220834732056,-0.24062654376029968,0.4213796854019165,-0.7817127704620361,-0.25768980383872986,0.3769237697124481,-0.7025161981582642,-0.2109832614660263,0.13709555566310883,-0.9184411764144897,-0.07975702732801437,0.194963276386261,-1.135183334350586,-0.323723703622818,0.1789993941783905,-0.7209223508834839,-0.2433510273694992,0.15280205011367798,-0.6468602418899536,-0.11981385201215744,-0.1513022929430008,-0.898188591003418,-0.13206857442855835,-0.06760477274656296,-1.0601392984390259,-0.2666841149330139,-0.0422067865729332,-0.7719478607177734,-0.17179779708385468,-0.062139540910720825,-0.6939281225204468,-0.05985906720161438
0.0,0.0,0.0,0.3500794768333435,-0.09765809774398804,-0.16123099625110626,0.6646203994750977,-0.4424474835395813,-0.21721042692661285,0.6182639598846436,-0.8358088135719299,-0.2642938196659088,0.41604623198509216,-1.070993185043335,-0.2639074921607971,0.6924948692321777,-0.8341253995895386,-0.02813960239291191,0.8213052749633789,-1.1553630828857422,-0.23111966252326965,0.7059982419013977,-0.8305853605270386,-0.30617576837539673,0.6301164627075195,-0.6942073106765747,-0.3210303485393524,0.42590466141700745,-0.9042937159538269,-0.029292812570929527,0.4978407919406891,-1.1872029304504395,-0.2366245985031128,0.4270292818546295,-0.7755664587020874,-0.25326603651046753,0.3955678343772888,-0.705603837966919,-0.20626696944236755,0.15593141317367554,-0.9091847538948059,-0.0699201300740242,0.1960315704345703,-1.1074490547180176,-0.31538626551628113,0.17849792540073395,-0.6984512805938721,-0.23796553909778595,0.16620618104934692,-0.6374324560165405,-0.11666201055049896,-0.13273818790912628,-0.890457808971405,-0.11906104534864426,-0.06977485865354538,-1.030012607574463,-0.25303277373313904,-0.0438539944589138,-0.7440235614776611,-0.1617661863565445,-0.05257260426878929,-0.6735261082649231,-0.0531466118991375
0.0,0.0,0.0,0.36131909489631653,-0.09259451925754547,-0.14906273782253265,0.6825383901596069,-0.43315666913986206,-0.2028660774230957,0.6378720998764038,-0.8201960921287537,-0.2500545382499695,0.44222724437713623,-1.0510165691375732,-0.2510882019996643,0.7068872451782227,-0.8235753774642944,-0.02912820503115654,0.8528499007225037,-1.137495994567871,-0.2296745777130127,0.7364222407341003,-0.8117141723632812,-0.30278775095939636,0.6541957855224609,-0.6794705390930176,-0.31668394804000854,0.440291166305542,-0.89711993932724,-0.03632619231939316,0.5274159908294678,-1.1828644275665283,-0.24169529974460602,0.44821834564208984,-0.7699341177940369,-0.2561568319797516,0.4079667925834656,-0.6913835406303406,-0.20779842138290405,0.17123106122016907,-0.9063021540641785,-0.08084627240896225,0.21947334706783295,-1.1052820682525635,-0.31718844175338745,0.19412778317928314,-0.6994087100028992,-0.23484580218791962,0.17809295654296875,-0.6351980566978455,-0.11243785172700882,-0.11519809812307358,-0.8895097374916077,-0.13330523669719696,-0.04592329263687134,-1.0333291292190552,-0.2560226321220398,-0.024392588064074516,-0.7481189966201782,-0.15818466246128082,-0.035648997873067856,-0.6756715178489685,-0.0471472293138504
0.0,0.0,0.0,0.3799841105937958,-0.07841554284095764,-0.13917326927185059,0.7314768433570862,-0.4019272029399872,-0.18687161803245544,0.6821749210357666,-0.7919334769248962,-0.22809509932994843,0.48947104811668396,-1.0174561738967896,-0.22564482688903809,0.7433807849884033,-0.8048376441001892,-0.025665655732154846,0.9032467007637024,-1.0927228927612305,-0.2172979712486267,0.7872017025947571,-0.7730008363723755,-0.2893774211406708,0.7085748910903931,-0.6450915932655334,-0.30491381883621216,0.47115010023117065,-0.8813105821609497,-0.0361836813390255,0.5876456499099731,-1.1416733264923096,-0.22558586299419403,0.5013152360916138,-0.7357377409934998,-0.23888076841831207,0.4491106867790222,-0.6618454456329346,-0.1964045763015747,0.2006872445344925,-0.895149827003479,-0.08228006958961487,0.2778795063495636,-1.07883620262146,-0.3051038682460785,0.247701957821846,-0.6832325458526611,-0.22792911529541016,0.2151738554239273,-0.6231553554534912,-0.11497467011213303,-0.08762449771165848,-0.8811938762664795,-0.13513901829719543,0.0180934090167284,-1.0303921699523926,-0.2475936859846115,0.029451493173837662,-0.754705548286438,-0.14846296608448029,-0.008681388571858406,-0.6873847842216492,-0.0407092459499836
0.0,0.0,0.0,0.39763695001602173,-0.06949382275342941,-0.1189248338341713,0.7666081786155701,-0.37235116958618164,-0.16644693911075592,0.7563435435295105,-0.764716386795044,-0.2143983393907547,0.5712921619415283,-1.0081673860549927,-0.22571614384651184,0.7802283763885498,-0.7704541087150574,-0.020018406212329865,0.9706665873527527,-1.0506068468093872,-0.20545794069766998,0.8410633206367493,-0.7425776124000549,-0.28312966227531433,0.7387829422950745,-0.6118965744972229,-0.3051673471927643,0.5134285092353821,-0.8572255373001099,-0.03944024816155434,0.6612195372581482,-1.1130248308181763,-0.22553998231887817,0.5561690330505371,-0.718673586845398,-0.25175490975379944,0.4788799285888672,-0.6321224570274353,-0.2234932780265808,0.24690835177898407,-0.8825759291648865,-0.08888586610555649,0.36406391859054565,-1.080526351928711,-0.3091984689235687,0.3140220046043396,-0.6879919171333313,-0.2371271252632141,0.24818000197410583,-0.5993990898132324,-0.12997540831565857,-0.04690996930003166,-0.8868481516838074,-0.14242015779018402,0.10461229830980301,-1.045571208000183,-0.26207199692726135,0.10655859112739563,-0.7669726014137268,-0.16533145308494568,0.046854790300130844,-0.678345799446106,-0.05869798734784126
0.0,0.0,0.0,0.405150830745697,-0.06491963565349579,-0.12451299279928207,0.7772542238235474,-0.34889525175094604,-0.1780315339565277,0.797082781791687,-0.7377098798751831,-0.2332773208618164,0.6356086134910583,-0.9965893030166626,-0.24822935461997986,0.7946217060089111,-0.7527269124984741,-0.01727793924510479,1.0085670948028564,-1.0144827365875244,-0.21335987746715546,0.8686884045600891,-0.6978965401649475,-0.29021546244621277,0.7658768892288208,-0.5998812317848206,-0.31129348278045654,0.5405468344688416,-0.8404450416564941,-0.03822486847639084,0.7185774445533752,-1.0725595951080322,-0.24147076904773712,0.5880900025367737,-0.6683415770530701,-0.270688533782959,0.499178946018219,-0.6287882924079895,-0.2426867038011551,0.2811347544193268,-0.8745515942573547,-0.09120451658964157,0.42846810817718506,-1.0450491905212402,-0.3339602053165436,0.3432823121547699,-0.6399640440940857,-0.25953224301338196,0.26245012879371643,-0.5920109748840332,-0.14622052013874054,-0.0070215738378465176,-0.89377760887146,-0.14780713617801666,0.17065156996250153,-1.0213311910629272,-0.2800022065639496,0.14678724110126495,-0.73833829164505,-0.18251043558120728,0.06114696338772774,-0.683372437953949,-0.07344835251569748
0.0,0.0,0.0,0.3826908469200134,-0.03102138824760914,-0.1627388894557953,0.7438135147094727,-0.2885420024394989,-0.24286103248596191,0.8097789883613586,-0.6725665926933289,-0.3180555999279022,0.6849358081817627,-0.9637714624404907,-0.34710583090782166,0.7968935966491699,-0.7243853211402893,-0.046561360359191895,1.017698884010315,-0.9659137725830078,-0.26284167170524597,0.861263632774353,-0.6533575654029846,-0.3445594906806946,0.7409229278564453,-0.5649758577346802,-0.36499568819999695,0.5578314661979675,-0.8282788991928101,-0.05270816758275032,0.7445809245109558,-1.0397335290908813,-0.2804819345474243,0.5941545367240906,-0.6303482055664062,-0.3116019070148468,0.5023201107978821,-0.6127536296844482,-0.2769775986671448,0.30815860629081726,-0.8701276779174805,-0.09557148069143295,0.46869179606437683,-1.0116305351257324,-0.36265143752098083,0.36283066868782043,-0.6037043333053589,-0.28777825832366943,0.27571871876716614,-0.5833008885383606,-0.16659194231033325,0.03136714547872543,-0.8930491805076599,-0.14478184282779694,0.22108888626098633,-0.9821558594703674,-0.29953843355178833,0.18678709864616394,-0.6919037103652954,-0.21115244925022125,0.09804091602563858,-0.6590816378593445,-0.10205119848251343
0.0,0.0,0.0,0.3885965049266815,-0.05742821469902992,-0.1027279645204544,0.7433765530586243,-0.3541201055049896,-0.1412668079137802,0.7819676399230957,-0.7154535055160522,-0.1884407252073288,0.6463133692741394,-0.9748564958572388,-0.1983335316181183,0.7973305583000183,-0.7344503402709961,0.001983376918360591,1.0430903434753418,-1.0257776975631714,-0.1937166303396225,0.9015701413154602,-0.7294108271598816,-0.2694173753261566,0.7754333019256592,-0.6002863645553589,-0.2826498746871948,0.5516934990882874,-0.8337249755859375,-0.023174108937382698,0.7261125445365906,-1.078979730606079,-0.21012790501117706,0.5904980301856995,-0.6850645542144775,-0.22070322930812836,0.5155686140060425,-0.61851966381073,-0.17847047746181488,0.29455459117889404,-0.8747075200080872,-0.08267292380332947,0.4356379806995392,-1.0605778694152832,-0.3013717532157898,0.34705850481987,-0.672853946685791,-0.2163453996181488,0.27821946144104004,-0.6103339791297913,-0.09937276691198349,0.01135281566530466,-0.896499752998352,-0.1466122716665268,0.1801430583000183,-1.0318611860275269,-0.25867462158203125,0.15258781611919403,-0.7571441531181335,-0.15399810671806335,0.0839814767241478,-0.6853914260864258,-0.041715532541275024
0.0,0.0,0.0,0.3925805389881134,-0.06507877260446548,-0.136161208152771,0.7364447712898254,-0.3699790835380554,-0.1886506825685501,0.7192383408546448,-0.7645767331123352,-0.24200400710105896,0.5736321806907654,-1.0140122175216675,-0.25560396909713745,0.7690632343292236,-0.7745267748832703,-0.01859964057803154,0.9393356442451477,-1.075461745262146,-0.22292059659957886,0.8047706484794617,-0.7689608931541443,-0.309601366519928,0.7102704644203186,-0.6152891516685486,-0.331502765417099,0.5070866942405701,-0.8614179491996765,-0.028675073757767677,0.6204870939254761,-1.101898431777954,-0.2235785871744156,0.5092383623123169,-0.7090155482292175,-0.23700320720672607,0.46678924560546875,-0.6223757266998291,-0.1968829333782196,0.24696065485477448,-0.8904608488082886,-0.07749760895967484,0.33737725019454956,-1.0856684446334839,-0.3063523769378662,0.2692607045173645,-0.696901798248291,-0.22459977865219116,0.2311045080423355,-0.6093357801437378,-0.10816560685634613,-0.039000336080789566,-0.8965383172035217,-0.13475169241428375,0.08225011825561523,-1.0394915342330933,-0.2605205774307251,0.0678030475974083,-0.7595511674880981,-0.1675359308719635,0.035215575248003006,-0.6703798174858093,-0.060969334095716476
0.0,0.0,0.0,0.3918832540512085,-0.0642615407705307,-0.13896654546260834,0.7440369725227356,-0.39349955320358276,-0.1793382614850998,0.6770585775375366,-0.7971193790435791,-0.217817023396492,0.47990745306015015,-1.0158541202545166,-0.21433019638061523,0.7729148268699646,-0.7779259085655212,-0.011240142397582531,0.9348883628845215,-1.106665849685669,-0.21021796762943268,0.7944831252098083,-0.7996863126754761,-0.28965312242507935,0.7059398889541626,-0.6308825016021729,-0.3056413531303406,0.49992287158966064,-0.8659151196479797,-0.016372276470065117,0.5983400940895081,-1.1342051029205322,-0.21087466180324554,0.4894544184207916,-0.7420363426208496,-0.21874703466892242,0.4580012261867523,-0.6355302929878235,-0.16940446197986603,0.23265399038791656,-0.8946718573570251,-0.061122894287109375,0.29530760645866394,-1.0941596031188965,-0.28566837310791016,0.2339782863855362,-0.7080766558647156,-0.20271675288677216,0.20896445214748383,-0.6070728898048401,-0.08294838666915894,-0.056068044155836105,-0.8993864059448242,-0.11511202156543732,0.03758184239268303,-1.0417847633361816,-0.23200705647468567,0.019832147285342216,-0.7671207785606384,-0.1368473768234253,-0.008412527851760387,-0.6740120053291321,-0.028524594381451607
0.0,0.0,0.0,0.38819167017936707,-0.10981893539428711,-0.13117219507694244,0.6582689881324768,-0.44122639298439026,-0.18117044866085052,0.6092283725738525,-0.8164511919021606,-0.2330855280160904,0.42922142148017883,-1.0472289323806763,-0.24804982542991638,0.7279373407363892,-0.814241886138916,-0.015078924596309662,0.8572056889533997,-1.1437957286834717,-0.2166615128517151,0.7342183589935303,-0.8690659403800964,-0.3095448315143585,0.6529691815376282,-0.6722097992897034,-0.3342556953430176,0.45164474844932556,-0.8918605446815491,-0.024532761424779892,0.5135331153869629,-1.180167555809021,-0.216990128159523,0.428573340177536,-0.8106770515441895,-0.2344781756401062,0.4163798689842224,-0.6690256595611572,-0.19284477829933167,0.17372317612171173,-0.9066866636276245,-0.07162304222583771,0.19929306209087372,-1.1163010597229004,-0.28785037994384766,0.16842924058437347,-0.7635799646377563,-0.2155597060918808,0.16745637357234955,-0.644968569278717,-0.10545852035284042,-0.11582635343074799,-0.8855903744697571,-0.12751410901546478,-0.06806567311286926,-1.0569738149642944,-0.24459822475910187,-0.05774722620844841,-0.8006255030632019,-0.1563599705696106,-0.05230442062020302,-0.6849954724311829,-0.052918531000614166
0.0,0.0,0.0,0.36616382002830505,-0.11564962565898895,-0.1829463690519333,0.6498706340789795,-0.4489193260669708,-0.25335851311683655,0.5487879514694214,-0.8436737656593323,-0.3131491243839264,0.3345697522163391,-1.055963397026062,-0.3237484097480774,0.6996179223060608,-0.8452399969100952,-0.04288549721240997,0.767779529094696,-1.1768877506256104,-0.2655862867832184,0.648764431476593,-0.8558339476585388,-0.3592089116573334,0.6123970150947571,-0.6867687702178955,-0.38331446051597595,0.4149932265281677,-0.9091304540634155,-0.035532426089048386,0.4432421624660492,-1.1924055814743042,-0.2569340765476227,0.3709535598754883,-0.7970157265663147,-0.2726152241230011,0.38504403829574585,-0.6989358067512512,-0.22219985723495483,0.1390163004398346,-0.914726734161377,-0.07362654060125351,0.13377222418785095,-1.1154323816299438,-0.3185593783855438,0.12033045291900635,-0.7387800216674805,-0.24043604731559753,0.1515992432832718,-0.6523335576057434,-0.11881167441606522,-0.14862164855003357,-0.8882648944854736,-0.12534180283546448,-0.1291910707950592,-1.0373085737228394,-0.25360924005508423,-0.1045561209321022,-0.7725096344947815,-0.1656084656715393,-0.08158009499311447,-0.6787948608398438,-0.05867310240864754
0.0,0.0,0.0,0.34022223949432373,-0.14554810523986816,-0.18752504885196686,0.5943809747695923,-0.4787081182003021,-0.26940613985061646,0.4926537275314331,-0.847175121307373,-0.33916163444519043,0.2525397837162018,-1.0547518730163574,-0.3610735237598419,0.657656192779541,-0.8763933777809143,-0.07235528528690338,0.6899043321609497,-1.1877771615982056,-0.2953161597251892,0.6007775068283081,-0.855773389339447,-0.39333027601242065,0.5824063420295715,-0.7080951929092407,-0.4234227240085602,0.3793545365333557,-0.9227927923202515,-0.06740693002939224,0.38539284467697144,-1.1818217039108276,-0.2878265380859375,0.33566656708717346,-0.7895833253860474,-0.3125498294830322,0.3379736542701721,-0.7120591998100281,-0.2733958065509796,0.10748358070850372,-0.914539635181427,-0.10470179468393326,0.07158967107534409,-1.1015900373458862,-0.35055097937583923,0.08686249703168869,-0.7221298217773438,-0.28066369891166687,0.11929962784051895,-0.6434901356697083,-0.16668368875980377,-0.17534597218036652,-0.8743022084236145,-0.15483242273330688,-0.18111039698123932,-1.0263417959213257,-0.28643128275871277,-0.13223105669021606,-0.7675255537033081,-0.20169344544410706,-0.10609862208366394,-0.6734821796417236,-0.09761197865009308
0.0,0.0,0.0,0.3435567021369934,-0.15200413763523102,-0.20204682648181915,0.5606219172477722,-0.5030655264854431,-0.28198590874671936,0.4148508608341217,-0.87379390001297,-0.34490451216697693,0.1918102651834488,-1.0817158222198486,-0.3557432293891907,0.6349762678146362,-0.9054536819458008,-0.06837135553359985,0.6295689344406128,-1.2241393327713013,-0.30631911754608154,0.5492492914199829,-0.8913009166717529,-0.4081840515136719,0.5481870174407959,-0.7317414283752441,-0.433664470911026,0.34371474385261536,-0.9375172853469849,-0.05405041575431824,0.31772539019584656,-1.20623779296875,-0.28727611899375916,0.2787390649318695,-0.8036485314369202,-0.3076527416706085,0.30319562554359436,-0.7232818603515625,-0.2587776780128479,0.0699148178100586,-0.9233936667442322,-0.08758970350027084,0.02326863631606102,-1.1239054203033447,-0.346264511346817,0.03803105652332306,-0.7392702102661133,-0.27409687638282776,0.08498544991016388,-0.6672809720039368,-0.1524239182472229,-0.20594507455825806,-0.8745602965354919,-0.13589686155319214,-0.22328153252601624,-1.0424338579177856,-0.26851558685302734,-0.17638303339481354,-0.7763187885284424,-0.18099269270896912,-0.14404630661010742,-0.6798039674758911,-0.07236980646848679
0.0,0.0,0.0,0.3471289277076721,-0.17076507210731506,-0.21606622636318207,0.5463268160820007,-0.5202178359031677,-0.30125048756599426,0.3927920162677765,-0.8828268051147461,-0.3649995028972626,0.16494812071323395,-1.0858262777328491,-0.3720852732658386,0.6443981528282166,-0.9040913581848145,-0.08959849923849106,0.6118371486663818,-1.2375314235687256,-0.33478760719299316,0.5324203372001648,-0.891785204410553,-0.4417964518070221,0.5505078434944153,-0.7343661189079285,-0.47197362780570984,0.35042911767959595,-0.9341429471969604,-0.06764909625053406,0.3079548180103302,-1.2068244218826294,-0.305000364780426,0.2672862708568573,-0.7989916205406189,-0.32550597190856934,0.3037244379520416,-0.7271084189414978,-0.27930358052253723,0.07133230566978455,-0.9238409996032715,-0.09467588365077972,0.006882410030812025,-1.1256948709487915,-0.3535228371620178,0.021747292950749397,-0.7373400926589966,-0.2757056951522827,0.08570553362369537,-0.6688089966773987,-0.1516108214855194,-0.20717120170593262,-0.8801324367523193,-0.13847070932388306,-0.23794633150100708,-1.042860746383667,-0.2648378908634186,-0.19414326548576355,-0.7837609648704529,-0.17267480492591858,-0.16024236381053925,-0.693378746509552,-0.0627366304397583
0.0,0.0,0.0,0.32702547311782837,-0.18161852657794952,-0.23116672039031982,0.5049588680267334,-0.5324785709381104,-0.32069700956344604,0.33015018701553345,-0.8887484669685364,-0.38334915041923523,0.09320202469825745,-1.0874571800231934,-0.38666272163391113,0.6359763741493225,-0.9033313393592834,-0.10214237123727798,0.5702160596847534,-1.254477620124817,-0.3453916609287262,0.5088998675346375,-0.9149953126907349,-0.44803130626678467,0.5376376509666443,-0.7696086764335632,-0.47684037685394287,0.3422829806804657,-0.9365950226783752,-0.07504786550998688,0.27438023686408997,-1.233493447303772,-0.3189792335033417,0.25796955823898315,-0.819131076335907,-0.3446560502052307,0.2969573140144348,-0.7443258166313171,-0.2979758381843567,0.06493927538394928,-0.9251428246498108,-0.09681954234838486,-0.03191811963915825,-1.126330018043518,-0.36809051036834717,0.005171204451471567,-0.7319825291633606,-0.3000132441520691,0.07999450713396072,-0.6699931621551514,-0.17710502445697784,-0.21131063997745514,-0.8757206201553345,-0.1351497918367386,-0.27931711077690125,-1.0361526012420654,-0.27384743094444275,-0.21881833672523499,-0.7804324626922607,-0.1909523606300354,-0.17072264850139618,-0.6974360942840576,-0.08460786193609238
0.0,0.0,0.0,0.31797656416893005,-0.1801968663930893,-0.2279147505760193,0.5042333602905273,-0.528276264667511,-0.3144252300262451,0.32764357328414917,-0.8815302848815918,-0.374972939491272,0.09911990165710449,-1.077143907546997,-0.3794194757938385,0.6440269351005554,-0.9151163101196289,-0.0823005810379982,0.5476042032241821,-1.2308176755905151,-0.31953659653663635,0.4882720410823822,-0.9122069478034973,-0.42920756340026855,0.5319624543190002,-0.7628313899040222,-0.46318674087524414,0.3420242965221405,-0.9382362365722656,-0.05226968601346016,0.2589930593967438,-1.2037163972854614,-0.293751060962677,0.24366845190525055,-0.8133266568183899,-0.3315020203590393,0.290753573179245,-0.7291908264160156,-0.2938171625137329,0.06889054924249649,-0.9167821407318115,-0.07036375254392624,-0.02486022561788559,-1.1076507568359375,-0.3371504247188568,0.0075742220506072044,-0.7341431379318237,-0.2829943001270294,0.07904314994812012,-0.6590685844421387,-0.1706802397966385,-0.1919739991426468,-0.8567428588867188,-0.1049242615699768,-0.2490205019712448,-1.021125316619873,-0.2468738555908203,-0.20367300510406494,-0.7677629590034485,-0.17467167973518372,-0.15995188057422638,-0.6762048602104187,-0.07457447797060013
0.0,0.0,0.0,0.31964659690856934,-0.1489490568637848,-0.24861013889312744,0.532780647277832,-0.5078991055488586,-0.33925047516822815,0.36424434185028076,-0.8858203887939453,-0.3996596336364746,0.15249808132648468,-1.1001344919204712,-0.4003320038318634,0.6723302602767944,-0.9044294357299805,-0.0937613770365715,0.6040483117103577,-1.2514944076538086,-0.3465925455093384,0.5230114459991455,-0.92507004737854,-0.46057790517807007,0.5437349677085876,-0.7571890950202942,-0.4914923310279846,0.37083184719085693,-0.9270775318145752,-0.05487213283777237,0.2977236807346344,-1.2155357599258423,-0.306963175535202,0.27143439650535583,-0.8142787218093872,-0.34331321716308594,0.3174162209033966,-0.7312435507774353,-0.2993678152561188,0.09647491574287415,-0.9083353877067566,-0.06822230666875839,0.011263936758041382,-1.1187540292739868,-0.3508363962173462,0.03262234479188919,-0.730265736579895,-0.292924702167511,0.10274948924779892,-0.6604145765304565,-0.17202019691467285,-0.17011046409606934,-0.8546401858329773,-0.09937358647584915,-0.2154580056667328,-1.0312412977218628,-0.2522064447402954,-0.17593275010585785,-0.7657980918884277,-0.1778336465358734,-0.1419193297624588,-0.6749731302261353,-0.07265672832727432
0.0,0.0,0.0,0.3273714482784271,-0.16577276587486267,-0.2282891869544983,0.5286191701889038,-0.5252687931060791,-0.31619685888290405,0.3493865728378296,-0.9049538373947144,-0.3790791630744934,0.12311635166406631,-1.1156648397445679,-0.3819960057735443,0.6533551216125488,-0.9062265753746033,-0.09396509826183319,0.5801156163215637,-1.27377188205719,-0.3385782539844513,0.5132587552070618,-0.9242306351661682,-0.4422314465045929,0.5441988706588745,-0.7679348587989807,-0.4693239629268646,0.352973997592926,-0.9332996010780334,-0.06603889167308807,0.2867732346057892,-1.2384346723556519,-0.31543904542922974,0.2638285160064697,-0.8191742897033691,-0.34342965483665466,0.29760879278182983,-0.7360624670982361,-0.295602411031723,0.07569244503974915,-0.9237669110298157,-0.08656754344701767,-0.007264075335115194,-1.1515371799468994,-0.3632335066795349,0.020329434424638748,-0.7429633736610413,-0.2913072109222412,0.08346912264823914,-0.6597627401351929,-0.16194307804107666,-0.2034362107515335,-0.8815391063690186,-0.12338002771139145,-0.2460172027349472,-1.0628794431686401,-0.2674725353717804,-0.19782748818397522,-0.793267548084259,-0.18233869969844818,-0.1649858057498932,-0.6976574063301086,-0.07076732814311981
0.0,0.0,0.0,0.32942426204681396,-0.17992354929447174,-0.22279231250286102,0.5259870886802673,-0.540027379989624,-0.3082450330257416,0.328792929649353,-0.9235444068908691,-0.36807781457901,0.08757118135690689,-1.1267831325531006,-0.3660142123699188,0.6532880663871765,-0.9047269821166992,-0.10181407630443573,0.5791332721710205,-1.2953729629516602,-0.3572518229484558,0.5080520510673523,-0.939475417137146,-0.4651673436164856,0.545013427734375,-0.7740510106086731,-0.49422287940979004,0.34607934951782227,-0.9349614381790161,-0.0779498890042305,0.27437660098075867,-1.2645645141601562,-0.32931575179100037,0.2495739459991455,-0.8410323262214661,-0.3512617349624634,0.30070850253105164,-0.7525680065155029,-0.2998829782009125,0.0671849474310875,-0.9286950826644897,-0.10327696800231934,-0.03729846701025963,-1.1587311029434204,-0.37465929985046387,-0.01281730830669403,-0.7573779821395874,-0.296036034822464,0.0698494240641594,-0.6785770654678345,-0.16449885070323944,-0.20641839504241943,-0.884172797203064,-0.1455853283405304,-0.27716854214668274,-1.066343903541565,-0.278993159532547,-0.22756986320018768,-0.8044703006744385,-0.18835993111133575,-0.17799843847751617,-0.7088086009025574,-0.07556796818971634
0.0,0.0,0.0,0.3262874186038971,-0.2010432928800583,-0.21539747714996338,0.4952213764190674,-0.5572996735572815,-0.3031836450099945,0.29401713609695435,-0.9329610466957092,-0.3697282373905182,0.05197063833475113,-1.114830493927002,-0.37867602705955505,0.6491243839263916,-0.920947790145874,-0.09261168539524078,0.5097174644470215,-1.2863435745239258,-0.3467927873134613,0.44926097989082336,-0.946986198425293,-0.4631700813770294,0.5163336992263794,-0.7821037769317627,-0.4994644224643707,0.3376770317554474,-0.9385281205177307,-0.07168878614902496,0.21318037807941437,-1.245935320854187,-0.3230592906475067,0.200193390250206,-0.8535580635070801,-0.34810197353363037,0.28382042050361633,-0.7533186078071594,-0.30184245109558105,0.058119166642427444,-0.9196330308914185,-0.09981022030115128,-0.06834327429533005,-1.1440889835357666,-0.3652825951576233,-0.04352357238531113,-0.7769771218299866,-0.2904099225997925,0.05827441066503525,-0.6786983609199524,-0.1638941913843155,-0.20950867235660553,-0.8640294075012207,-0.14572352170944214,-0.299337238073349,-1.0540202856063843,-0.2788618505001068,-0.2588846683502197,-0.8139959573745728,-0.1965111494064331,-0.19414277374744415,-0.7058690786361694,-0.08955909311771393
0.0,0.0,0.0,0.3090849220752716,-0.20914651453495026,-0.22771550714969635,0.46794798970222473,-0.583845853805542,-0.3136325776576996,0.2311074584722519,-0.9530470967292786,-0.37020981311798096,-0.01811334677040577,-1.1318572759628296,-0.36497393250465393,0.6141774654388428,-0.951339066028595,-0.11465710401535034,0.4517054259777069,-1.3187350034713745,-0.3681058883666992,0.40443265438079834,-0.9689528942108154,-0.48381853103637695,0.481901615858078,-0.8213615417480469,-0.5224016308784485,0.297799289226532,-0.9508464932441711,-0.08489099144935608,0.17170867323875427,-1.2740318775177002,-0.33501872420310974,0.1694031059741974,-0.8618656396865845,-0.36208850145339966,0.2466365098953247,-0.7829837799072266,-0.31903132796287537,0.022831857204437256,-0.9241568446159363,-0.10293463617563248,-0.11146419495344162,-1.1659681797027588,-0.3653433918952942,-0.07620985805988312,-0.7765387296676636,-0.2884858548641205,0.027994517236948013,-0.7005674839019775,-0.16276653110980988,-0.23470813035964966,-0.8628188967704773,-0.1395731419324875,-0.3398016691207886,-1.063559651374817,-0.26460155844688416,-0.2878091335296631,-0.8099451065063477,-0.17577295005321503,-0.22074221074581146,-0.7114347815513611,-0.06733758002519608
0.0,0.0,0.0,0.3197154104709625,-0.23969104886054993,-0.2353736311197281,0.462059885263443,-0.6092817187309265,-0.32447266578674316,0.20883217453956604,-0.9568893313407898,-0.3835418224334717,-0.044995758682489395,-1.119445562362671,-0.38108423352241516,0.6083025932312012,-0.9618414044380188,-0.11943957954645157,0.4285101592540741,-1.328057050704956,-0.38237622380256653,0.39561107754707336,-0.975897490978241,-0.5066918730735779,0.47982725501060486,-0.8312636017799377,-0.5495377779006958,0.2933460474014282,-0.9521342515945435,-0.08595549315214157,0.14495956897735596,-1.2776561975479126,-0.34532347321510315,0.1632334142923355,-0.8633868098258972,-0.3778519630432129,0.2529236376285553,-0.783277153968811,-0.33769872784614563,0.013665899634361267,-0.9225216507911682,-0.10201051086187363,-0.13667839765548706,-1.155719518661499,-0.36828747391700745,-0.0892777293920517,-0.7720032334327698,-0.29501858353614807,0.023371880874037743,-0.6988635659217834,-0.17121899127960205,-0.2543751001358032,-0.8617836236953735,-0.13748648762702942,-0.3751816153526306,-1.052512526512146,-0.2584390640258789,-0.315017431974411,-0.8090277314186096,-0.17090241611003876,-0.23955778777599335,-0.714275062084198,-0.06519468128681183
0.0,0.0,0.0,0.2755737006664276,-0.213068425655365,-0.28842929005622864,0.39715927839279175,-0.5790307521820068,-0.40029722452163696,0.13174498081207275,-0.9161231517791748,-0.4690204858779907,-0.12902970612049103,-1.092774510383606,-0.4732954800128937,0.5421640872955322,-0.9837009906768799,-0.16871978342533112,0.3263435959815979,-1.3063510656356812,-0.4370635747909546,0.3031688332557678,-0.9558736085891724,-0.5643961429595947,0.3925071358680725,-0.8273240923881531,-0.6106385588645935,0.2289014458656311,-0.9670013785362244,-0.11185909062623978,0.0696009173989296,-1.2474632263183594,-0.38921886682510376,0.09625589847564697,-0.831173300743103,-0.434774786233902,0.17522595822811127,-0.7673037052154541,-0.3991515636444092,-0.04694001376628876,-0.9261826872825623,-0.10702645778656006,-0.20201070606708527,-1.1292961835861206,-0.3959926664829254,-0.13773787021636963,-0.747850775718689,-0.3398233652114868,-0.029836026951670647,-0.6928088665008545,-0.22249197959899902,-0.30319836735725403,-0.8559840321540833,-0.12438531965017319,-0.4185522198677063,-1.0162150859832764,-0.27347883582115173,-0.3510797917842865,-0.7769085764884949,-0.20591796934604645,-0.2804999053478241,-0.7005337476730347,-0.10864686965942383
0.0,0.0,0.0,0.2827441692352295,-0.2142576426267624,-0.2482922077178955,0.41162410378456116,-0.5956408381462097,-0.34283873438835144,0.16743646562099457,-0.9554385542869568,-0.4069846570491791,-0.08387191593647003,-1.1467466354370117,-0.4095469117164612,0.5689072012901306,-0.9869412779808044,-0.1154307946562767,0.3899092674255371,-1.342225432395935,-0.3735505938529968,0.3663005232810974,-0.9928532242774963,-0.49247801303863525,0.451821506023407,-0.8489249348640442,-0.5320594310760498,0.24592339992523193,-0.9662027359008789,-0.0772915780544281,0.1076136976480484,-1.2881652116775513,-0.34196412563323975,0.13437487185001373,-0.8687900304794312,-0.37851959466934204,0.21476949751377106,-0.7874163389205933,-0.33663663268089294,-0.031016120687127113,-0.9222559928894043,-0.08950966596603394,-0.17768192291259766,-1.1658893823623657,-0.36791908740997314,-0.11313506215810776,-0.7755882740020752,-0.3001314401626587,-0.008383731357753277,-0.7029557228088379,-0.17593367397785187,-0.2857365012168884,-0.8468076586723328,-0.12149006128311157,-0.3988911807537079,-1.0497204065322876,-0.26364564895629883,-0.33041825890541077,-0.7940371632575989,-0.18543359637260437,-0.255512535572052,-0.6984043121337891,-0.08117851614952087
0.0,0.0,0.0,0.3279206454753876,-0.17588575184345245,-0.23854924738407135,0.4994417726993561,-0.5217223763465881,-0.3471014201641083,0.2862726151943207,-0.9013680815696716,-0.42983320355415344,0.03691793978214264,-1.114797830581665,-0.45687174797058105,0.6398204565048218,-0.9142940044403076,-0.12421347200870514,0.5260624885559082,-1.235032081604004,-0.3897956609725952,0.48422715067863464,-0.9088066220283508,-0.5135409832000732,0.5427963733673096,-0.7673812508583069,-0.5566266775131226,0.32186153531074524,-0.9418150186538696,-0.09689956158399582,0.22494643926620483,-1.223466157913208,-0.36934688687324524,0.22784608602523804,-0.8250781893730164,-0.40725764632225037,0.2830886244773865,-0.7380320429801941,-0.3652316927909851,0.03912702947854996,-0.9216713309288025,-0.11760649085044861,-0.08282967656850815,-1.1193021535873413,-0.4012572467327118,-0.035204675048589706,-0.7435367107391357,-0.3265487849712372,0.052640654146671295,-0.671301007270813,-0.1984553188085556,-0.23461395502090454,-0.8633443117141724,-0.15637993812561035,-0.3054339587688446,-1.0229790210723877,-0.30612894892692566,-0.25507864356040955,-0.7672287225723267,-0.2231583148241043,-0.20042847096920013,-0.6820198893547058,-0.11390963941812515
0.0,0.0,0.0,0.3410390019416809,-0.15581180155277252,-0.22316677868366241,0.5785344243049622,-0.5024133324623108,-0.30779269337654114,0.3635612428188324,-0.8720384836196899,-0.3643640875816345,0.09671328961849213,-1.0674434900283813,-0.36732780933380127,0.6376669406890869,-0.9045374989509583,-0.11117225885391235,0.6117991805076599,-1.213956356048584,-0.3304527699947357,0.5493301749229431,-0.8624996542930603,-0.41852277517318726,0.5767316818237305,-0.7424289584159851,-0.4471682906150818,0.33552783727645874,-0.9377428889274597,-0.08977392315864563,0.3179711103439331,-1.217726230621338,-0.3107124865055084,0.2963910400867462,-0.8035833835601807,-0.330759733915329,0.3118595480918884,-0.7375141978263855,-0.2897518277168274,0.05813318490982056,-0.9197291135787964,-0.11203236877918243,-0.004082698840647936,-1.1123050451278687,-0.3642299175262451,0.03225873410701752,-0.7162247896194458,-0.2941536009311676,0.07698528468608856,-0.6585618853569031,-0.1799454391002655,-0.22620278596878052,-0.8639328479766846,-0.1488126963376999,-0.2558974623680115,-1.0250142812728882,-0.2797900438308716,-0.19170519709587097,-0.7628868818283081,-0.19203130900859833,-0.16536347568035126,-0.681033730506897,-0.08785068988800049
0.0,0.0,0.0,0.3424625098705292,-0.15869246423244476,-0.2042073756456375,0.5774293541908264,-0.505565345287323,-0.28452807664871216,0.39853692054748535,-0.8770241141319275,-0.34342700242996216,0.15093044936656952,-1.068394422531128,-0.34949684143066406,0.6248186826705933,-0.9105688333511353,-0.0840006023645401,0.626395046710968,-1.2167353630065918,-0.30076882243156433,0.5504735708236694,-0.8675295114517212,-0.39021384716033936,0.5582987070083618,-0.7464497685432434,-0.41917675733566284,0.3289492428302765,-0.9416229128837585,-0.07168418169021606,0.3393574655056,-1.2058650255203247,-0.29477614164352417,0.3004840910434723,-0.7944249510765076,-0.3183518052101135,0.298992395401001,-0.7332822680473328,-0.2778226435184479,0.05184495821595192,-0.920983076095581,-0.10210420191287994,0.028585173189640045,-1.1131855249404907,-0.3538734018802643,0.05042164400219917,-0.7210568189620972,-0.28208738565444946,0.0731184184551239,-0.6645700335502625,-0.16535836458206177,-0.23389606177806854,-0.8619474768638611,-0.14573414623737335,-0.21873806416988373,-1.026341199874878,-0.27404046058654785,-0.16118326783180237,-0.7623562812805176,-0.18057139217853546,-0.1517373025417328,-0.6803324818611145,-0.07106081396341324
0.0,0.0,0.0,0.32747164368629456,-0.17779965698719025,-0.190816268324852,0.5491430759429932,-0.5189374089241028,-0.2734699845314026,0.4072105586528778,-0.8667940497398376,-0.34056639671325684,0.14912089705467224,-1.0463693141937256,-0.36077001690864563,0.5980926752090454,-0.9168248176574707,-0.06973005086183548,0.5795519351959229,-1.1926815509796143,-0.28615880012512207,0.522765040397644,-0.8711897134780884,-0.3870604634284973,0.5249766707420349,-0.7459551095962524,-0.4246881902217865,0.3109240233898163,-0.9482669830322266,-0.06415493041276932,0.29175248742103577,-1.178675651550293,-0.28420642018318176,0.2709609866142273,-0.7967272400856018,-0.32216203212738037,0.26772835850715637,-0.7425000667572021,-0.29460909962654114,0.038737427443265915,-0.9208952784538269,-0.09969758987426758,-0.009409574791789055,-1.0790036916732788,-0.34154555201530457,0.03336042910814285,-0.7129355072975159,-0.2811844050884247,0.062408119440078735,-0.6670963168144226,-0.1780426949262619,-0.23836074769496918,-0.8543081879615784,-0.1484207808971405,-0.2494962215423584,-0.9838151931762695,-0.2735733091831207,-0.1819908171892166,-0.7424983382225037,-0.19194969534873962,-0.15426914393901825,-0.6795467734336853,-0.09429743140935898
0.0,0.0,0.0,0.33993446826934814,-0.1790061891078949,-0.21846939623355865,0.5369184017181396,-0.5025216937065125,-0.3210114538669586,0.3839363157749176,-0.8470959663391113,-0.40584173798561096,0.15429015457630157,-1.0417085886001587,-0.44230082631111145,0.5917181372642517,-0.9358490705490112,-0.08168506622314453,0.5654253363609314,-1.2028844356536865,-0.3161921501159668,0.5070609450340271,-0.8794441819190979,-0.4281618893146515,0.509646475315094,-0.7485936284065247,-0.4696529507637024,0.290791392326355,-0.9543591737747192,-0.06810949742794037,0.2684427499771118,-1.1952654123306274,-0.3081992268562317,0.25466686487197876,-0.8092315196990967,-0.3504581153392792,0.26238444447517395,-0.7418420314788818,-0.3201300799846649,0.006068896502256393,-0.9162643551826477,-0.10112056136131287,-0.02932562679052353,-1.07331383228302,-0.36586302518844604,0.010073102079331875,-0.7097659707069397,-0.3127046823501587,0.03548337146639824,-0.6614500284194946,-0.2069646567106247,-0.2784874439239502,-0.8390219211578369,-0.1491246074438095,-0.27484750747680664,-0.9737946391105652,-0.2896755337715149,-0.20416143536567688,-0.7322599291801453,-0.21444909274578094,-0.1764247864484787,-0.669015645980835,-0.11725791543722153
0.0,0.0,0.0,0.33048778772354126,-0.1839928776025772,-0.20783840119838715,0.5340118408203125,-0.514586865901947,-0.3071835935115814,0.394176185131073,-0.8467292189598083,-0.3903762102127075,0.13488660752773285,-1.0181303024291992,-0.4271458685398102,0.5725507140159607,-0.9350133538246155,-0.08469672501087189,0.5541187524795532,-1.2011092901229858,-0.31447023153305054,0.49545517563819885,-0.87888503074646,-0.42392873764038086,0.4913918077945709,-0.7408382892608643,-0.46533316373825073,0.2772510051727295,-0.9579954743385315,-0.07332487404346466,0.25836679339408875,-1.1837743520736694,-0.3095863163471222,0.24381175637245178,-0.7976147532463074,-0.35068029165267944,0.24563559889793396,-0.7303630113601685,-0.32127442955970764,-0.003638399066403508,-0.9195452928543091,-0.10579457134008408,-0.04703005030751228,-1.0650360584259033,-0.35828712582588196,-0.002715970389544964,-0.7083027362823486,-0.30120134353637695,0.023704472929239273,-0.6625391244888306,-0.19817382097244263,-0.28632187843322754,-0.8429793119430542,-0.15306179225444794,-0.28748029470443726,-0.9476812481880188,-0.28608542680740356,-0.21793368458747864,-0.7121928930282593,-0.2119208425283432,-0.18833330273628235,-0.6618837714195251,-0.11862099915742874
0.0,0.0,0.0,0.3180050551891327,-0.18862511217594147,-0.20964813232421875,0.5188853740692139,-0.5289280414581299,-0.3061833083629608,0.3667148947715759,-0.8511486649513245,-0.3836597800254822,0.09719087928533554,-1.0124784708023071,-0.41284194588661194,0.5455912947654724,-0.9437465071678162,-0.09720732271671295,0.5277498364448547,-1.201839804649353,-0.3197222352027893,0.4913073182106018,-0.8656933307647705,-0.4225016236305237,0.49655771255493164,-0.7437553405761719,-0.46237286925315857,0.2571397125720978,-0.9626191258430481,-0.08510954678058624,0.23371632397174835,-1.1756010055541992,-0.31426143646240234,0.23435430228710175,-0.7836148142814636,-0.3518831431865692,0.23418432474136353,-0.7336443066596985,-0.3238142430782318,-0.015671348199248314,-0.9199581146240234,-0.11545403301715851,-0.06937584280967712,-1.0512501001358032,-0.3607804775238037,-0.010103092528879642,-0.6957701444625854,-0.3027575612068176,0.022391213104128838,-0.6679161190986633,-0.2024567872285843,-0.2893937826156616,-0.8408965468406677,-0.16068848967552185,-0.3043946325778961,-0.9360728859901428,-0.287502646446228,-0.22635714709758759,-0.7067162394523621,-0.21222056448459625,-0.1957463175058365,-0.6661500930786133,-0.12071486562490463
0.0,0.0,0.0,0.31501051783561707,-0.19395793974399567,-0.2068033516407013,0.5034206509590149,-0.5376850962638855,-0.30077069997787476,0.3409990668296814,-0.8657795786857605,-0.37561219930648804,0.07532091438770294,-1.0288240909576416,-0.4012622833251953,0.5431365966796875,-0.9445223808288574,-0.08487764745950699,0.5043670535087585,-1.2111841440200806,-0.3068130612373352,0.4663122296333313,-0.8884098529815674,-0.4083945155143738,0.4787371754646301,-0.775477945804596,-0.44767409563064575,0.25820842385292053,-0.9631598591804504,-0.07517646253108978,0.2198842614889145,-1.1858094930648804,-0.3015146255493164,0.21824638545513153,-0.8077903985977173,-0.3372296392917633,0.2251649647951126,-0.7675324082374573,-0.30702534317970276,-0.012301191687583923,-0.918124794960022,-0.10874862968921661,-0.07598070055246353,-1.0574394464492798,-0.3586587607860565,-0.018925407901406288,-0.7058659791946411,-0.2995569109916687,0.01932333968579769,-0.6833799481391907,-0.19605086743831635,-0.28239285945892334,-0.8337303400039673,-0.15677005052566528,-0.3082992434501648,-0.941096305847168,-0.2912878096103668,-0.22895392775535583,-0.7093623280525208,-0.2150179147720337,-0.19138365983963013,-0.6646380424499512,-0.11965084820985794
0.0,0.0,0.0,0.30722472071647644,-0.18699616193771362,-0.2385542243719101,0.48978638648986816,-0.5225573778152466,-0.3480296730995178,0.30187633633613586,-0.8468952178955078,-0.4322775900363922,0.03924782946705818,-1.013970136642456,-0.46466681361198425,0.5313720107078552,-0.9566346406936646,-0.11417049914598465,0.4506986439228058,-1.2035220861434937,-0.3585610091686249,0.41501104831695557,-0.8709153532981873,-0.47393032908439636,0.44297581911087036,-0.7508333921432495,-0.5190656185150146,0.23540905117988586,-0.9676700830459595,-0.09053877741098404,0.17551444470882416,-1.1694507598876953,-0.34120607376098633,0.18679013848304749,-0.7748831510543823,-0.3812310993671417,0.21302996575832367,-0.7360116243362427,-0.34964483976364136,-0.03774900734424591,-0.9196794033050537,-0.11472325026988983,-0.11628158390522003,-1.0429282188415527,-0.3813129961490631,-0.049798253923654556,-0.686188280582428,-0.321099191904068,0.005353217478841543,-0.6671882271766663,-0.2137409746646881,-0.30710500478744507,-0.8327285051345825,-0.15687473118305206,-0.3371148109436035,-0.9222635626792908,-0.2977486550807953,-0.257333368062973,-0.6904527544975281,-0.22465522587299347,-0.2142796814441681,-0.6547712087631226,-0.13032066822052002
0.0,0.0,0.0,0.30447259545326233,-0.18126124143600464,-0.25785523653030396,0.4877522587776184,-0.5183999538421631,-0.3704800307750702,0.285198837518692,-0.8305949568748474,-0.45196789503097534,0.012466127052903175,-0.9823028445243835,-0.47727927565574646,0.5231114625930786,-0.9564002156257629,-0.13699141144752502,0.46718770265579224,-1.2103068828582764,-0.38172999024391174,0.42766615748405457,-0.8598507642745972,-0.49109283089637756,0.4521411955356598,-0.7525975704193115,-0.5343311429023743,0.22766591608524323,-0.9680888652801514,-0.1047474816441536,0.176759734749794,-1.166772484779358,-0.3601001501083374,0.1853790134191513,-0.7554506063461304,-0.3952787220478058,0.21159487962722778,-0.7343387603759766,-0.36018428206443787,-0.0502016618847847,-0.9217013120651245,-0.12260045111179352,-0.12436427921056747,-1.0192816257476807,-0.39199042320251465,-0.06049831584095955,-0.6577973365783691,-0.3329066336154938,-0.0017809865530580282,-0.6644067168235779,-0.22676214575767517,-0.32577624917030334,-0.8416072130203247,-0.1599571257829666,-0.3517094850540161,-0.8954402208328247,-0.29311269521713257,-0.2697361409664154,-0.6645764112472534,-0.21932367980480194,-0.22821193933486938,-0.6477365493774414,-0.12784604728221893
0.0,0.0,0.0,0.3055041432380676,-0.18074820935726166,-0.23979219794273376,0.4922504425048828,-0.5079469680786133,-0.34660521149635315,0.3211840093135834,-0.8100993633270264,-0.4270051419734955,0.0601988323032856,-0.968916654586792,-0.4526703655719757,0.5505945086479187,-0.9363197684288025,-0.10867512226104736,0.5248371958732605,-1.1800884008407593,-0.3583660423755646,0.47395944595336914,-0.8558245897293091,-0.4716990888118744,0.4813321828842163,-0.7211694717407227,-0.5120849609375,0.2657127380371094,-0.9605868458747864,-0.08166801929473877,0.21098333597183228,-1.1462780237197876,-0.3370203673839569,0.20599277317523956,-0.7612825036048889,-0.3789239823818207,0.23464731872081757,-0.7236045598983765,-0.3448532521724701,-0.003977971151471138,-0.9250712990760803,-0.10503266006708145,-0.08898105472326279,-1.0026243925094604,-0.3738725483417511,-0.03413667529821396,-0.6622279286384583,-0.32721269130706787,0.03228657320141792,-0.6677671670913696,-0.2283068597316742,-0.2634238004684448,-0.8553088903427124,-0.1464153677225113,-0.30663615465164185,-0.8879976272583008,-0.28777384757995605,-0.23737967014312744,-0.659767746925354,-0.22876128554344177,-0.18551912903785706,-0.6478519439697266,-0.1452368050813675
0.0,0.0,0.0,0.3109285235404968,-0.17890115082263947,-0.20311221480369568,0.5029666423797607,-0.5091508030891418,-0.29812711477279663,0.3401186168193817,-0.8196241855621338,-0.37517449259757996,0.08290866017341614,-0.9862104058265686,-0.4024551510810852,0.5524531602859497,-0.9335768818855286,-0.08315909653902054,0.5376585125923157,-1.165122389793396,-0.3120563328266144,0.48197197914123535,-0.8454039692878723,-0.4171294867992401,0.48101571202278137,-0.7219381928443909,-0.4584568738937378,0.2655516564846039,-0.9611606597900391,-0.07518286257982254,0.22893698513507843,-1.149728775024414,-0.31144827604293823,0.2203451693058014,-0.77577805519104,-0.3497448265552521,0.23753875494003296,-0.7358760237693787,-0.31919580698013306,-0.006483362056314945,-0.9205695986747742,-0.11222993582487106,-0.07169941812753677,-1.0088425874710083,-0.36029306054115295,-0.019688844680786133,-0.6767030358314514,-0.3115464150905609,0.028189420700073242,-0.6775053143501282,-0.2189612239599228,-0.2672140300273895,-0.8383506536483765,-0.16445276141166687,-0.2927129566669464,-0.8804518580436707,-0.2953113913536072,-0.2254730612039566,-0.6593806147575378,-0.23470452427864075,-0.18195319175720215,-0.6509034633636475,-0.15456931293010712
0.0,0.0,0.0,0.3382038176059723,-0.15801239013671875,-0.19649231433868408,0.5546783208847046,-0.47250041365623474,-0.2880009412765503,0.38699105381965637,-0.7890511751174927,-0.36230334639549255,0.12599407136440277,-0.9576153755187988,-0.3881871700286865,0.5870540738105774,-0.9186439514160156,-0.08614180982112885,0.5990262031555176,-1.1500637531280518,-0.3063770532608032,0.5330629944801331,-0.8229500651359558,-0.40248027443885803,0.5308831334114075,-0.7073156833648682,-0.4395647943019867,0.29954564571380615,-0.9506520628929138,-0.08082733303308487,0.28685685992240906,-1.1409891843795776,-0.3072111904621124,0.2693463861942291,-0.7594433426856995,-0.3342727720737457,0.2873327434062958,-0.7104635834693909,-0.2982172667980194,0.027967674657702446,-0.9160757064819336,-0.11873870342969894,-0.02039486914873123,-1.01565420627594,-0.36121851205825806,0.02395693212747574,-0.6708245277404785,-0.3017450273036957,0.06893720477819443,-0.6499770283699036,-0.20268133282661438,-0.234761044383049,-0.8404303193092346,-0.1710602045059204,-0.2507270872592926,-0.8961767554283142,-0.2992593050003052,-0.19045719504356384,-0.6596547961235046,-0.2301212102174759,-0.1519044041633606,-0.6286830306053162,-0.14371685683727264
0.0,0.0,0.0,0.33864158391952515,-0.1595691442489624,-0.17152239382266998,0.5741788148880005,-0.46442386507987976,-0.2565620541572571,0.42488011717796326,-0.7772198915481567,-0.33064836263656616,0.16373763978481293,-0.941760778427124,-0.3601015508174896,0.5828610062599182,-0.9128562211990356,-0.06939104944467545,0.6255956292152405,-1.1377373933792114,-0.2759248912334442,0.5541434288024902,-0.8004677891731262,-0.3690670132637024,0.5388940572738647,-0.6898990273475647,-0.4088785946369171,0.30359596014022827,-0.9496428370475769,-0.07751131802797318,0.3200315535068512,-1.1272279024124146,-0.2846812903881073,0.29752305150032043,-0.7466522455215454,-0.31138426065444946,0.29916101694107056,-0.7061378359794617,-0.2834499776363373,0.03791093826293945,-0.9123026728630066,-0.12494149059057236,0.013556785881519318,-1.0224742889404297,-0.3504222631454468,0.05487668886780739,-0.6777627468109131,-0.29025325179100037,0.0822473093867302,-0.6563948392868042,-0.19890333712100983,-0.22750848531723022,-0.8281422853469849,-0.18457907438278198,-0.22472499310970306,-0.8927785158157349,-0.30749276280403137,-0.15657709538936615,-0.6538766026496887,-0.23545284569263458,-0.11955789476633072,-0.6176905632019043,-0.15069851279258728
0.0,0.0,0.0,0.3180220425128937,-0.11916829645633698,-0.17639009654521942,0.5688640475273132,-0.3919251561164856,-0.2541590929031372,0.4459388852119446,-0.6781496405601501,-0.31232962012290955,0.20329681038856506,-0.8369722366333008,-0.32881811261177063,0.5797207951545715,-0.8811864256858826,-0.07082953304052353,0.6294281482696533,-0.9757018089294434,-0.2508678436279297,0.544274091720581,-0.6622403264045715,-0.33385521173477173,0.5122560858726501,-0.6135597825050354,-0.376739501953125,0.31450241804122925,-0.9467584490776062,-0.06882428377866745,0.3356701135635376,-0.9948944449424744,-0.2530606687068939,0.3038548231124878,-0.6313581466674805,-0.27537229657173157,0.30034273862838745,-0.6314480900764465,-0.25056958198547363,0.063592828810215,-0.9169877767562866,-0.10383769869804382,0.04100513085722923,-0.8880313038825989,-0.3071441352367401,0.07518234103918076,-0.5702118277549744,-0.259145051240921,0.0960749164223671,-0.5940106511116028,-0.18536068499088287,-0.17994049191474915,-0.8332692980766296,-0.1524185985326767,-0.17680609226226807,-0.775385320186615,-0.2721214294433594,-0.1116262823343277,-0.5436413288116455,-0.2211007922887802,-0.07347781956195831,-0.5432839393615723,-0.154947891831398
0.0,0.0,0.0,0.3082176446914673,-0.08794332295656204,-0.16837307810783386,0.5865438580513,-0.3529617488384247,-0.24260829389095306,0.4802403450012207,-0.6502285003662109,-0.2980464994907379,0.24900081753730774,-0.8213461637496948,-0.31437432765960693,0.5732080936431885,-0.8598424792289734,-0.06619810312986374,0.6476040482521057,-0.9335713386535645,-0.2417149841785431,0.5577495098114014,-0.6312370896339417,-0.32619336247444153,0.5015409588813782,-0.580646276473999,-0.371491402387619,0.3141445517539978,-0.9472704529762268,-0.06318210810422897,0.3449043333530426,-0.9511196613311768,-0.2333703339099884,0.3060815632343292,-0.5967617630958557,-0.25817373394966125,0.28605520725250244,-0.613317608833313,-0.24131721258163452,0.07018819451332092,-0.9225980043411255,-0.09550078958272934,0.06740369647741318,-0.851452112197876,-0.2832607626914978,0.09413829445838928,-0.5449460744857788,-0.23908713459968567,0.09838411957025528,-0.5803290009498596,-0.17489652335643768,-0.167090505361557,-0.838661789894104,-0.14178943634033203,-0.14389102160930634,-0.7359306812286377,-0.2592869699001312,-0.07941991835832596,-0.5152438282966614,-0.21920791268348694,-0.051278021186590195,-0.5298011302947998,-0.16321031749248505
0.0,0.0,0.0,0.27600017189979553,-0.06996191293001175,-0.1850779801607132,0.567377507686615,-0.32250693440437317,-0.2709287703037262,0.4969843626022339,-0.6173129677772522,-0.33449721336364746,0.2688526511192322,-0.7902063727378845,-0.3553769290447235,0.5764870643615723,-0.8301613926887512,-0.08544126898050308,0.6626014113426208,-0.8981934785842896,-0.2680177390575409,0.5632011294364929,-0.5940806865692139,-0.35289016366004944,0.5009905099868774,-0.5669037699699402,-0.4008336365222931,0.33746588230133057,-0.9380366206169128,-0.07876657694578171,0.4026172161102295,-0.9532107710838318,-0.26802492141723633,0.3383876383304596,-0.5947853326797485,-0.29975810647010803,0.2978782653808594,-0.6163082122802734,-0.28180867433547974,0.09931544959545135,-0.9278473258018494,-0.10792786628007889,0.12813468277454376,-0.8404713273048401,-0.30705732107162476,0.12925878167152405,-0.5290449261665344,-0.26615214347839355,0.10958463698625565,-0.5734564065933228,-0.20004242658615112,-0.13841326534748077,-0.8619881272315979,-0.15323171019554138,-0.0942460298538208,-0.6962494254112244,-0.2780039608478546,-0.044379688799381256,-0.483951598405838,-0.2515263855457306,-0.03550773859024048,-0.5273687839508057,-0.20482996106147766
0.0,0.0,0.0,0.30997663736343384,-0.11197167634963989,-0.1540268063545227,0.5841513276100159,-0.37316787242889404,-0.22447161376476288,0.521557629108429,-0.6605588793754578,-0.2839052677154541,0.297223836183548,-0.8258712887763977,-0.3054180145263672,0.5957441329956055,-0.8541485667228699,-0.03723863884806633,0.6888474225997925,-0.9749733209609985,-0.21223591268062592,0.5981220006942749,-0.6783369779586792,-0.2967667281627655,0.5406733155250549,-0.6282978057861328,-0.3401273787021637,0.35250481963157654,-0.9346774816513062,-0.04602459445595741,0.41579651832580566,-1.0183008909225464,-0.2257460206747055,0.3614501953125,-0.6547451019287109,-0.25414416193962097,0.3282429575920105,-0.6513375639915466,-0.23364438116550446,0.10356274247169495,-0.9203578233718872,-0.08997567743062973,0.12901262938976288,-0.9435440301895142,-0.2947668135166168,0.1398567110300064,-0.606324315071106,-0.2482524961233139,0.12662820518016815,-0.6084293127059937,-0.17284108698368073,-0.15698416531085968,-0.8513558506965637,-0.14532922208309174,-0.1099790409207344,-0.8071646094322205,-0.2739345133304596,-0.053595468401908875,-0.5675780177116394,-0.22668017446994781,-0.03751291334629059,-0.5587504506111145,-0.16081595420837402
0.0,0.0,0.0,0.34575408697128296,-0.11396998912096024,-0.16399061679840088,0.6096676588058472,-0.39725467562675476,-0.2376619428396225,0.5356285572052002,-0.7127420902252197,-0.30279797315597534,0.32383862137794495,-0.9044879078865051,-0.325950562953949,0.6737961769104004,-0.8290396332740784,-0.04730056971311569,0.7541912198066711,-1.0513564348220825,-0.24900192022323608,0.6375347971916199,-0.744138777256012,-0.34043875336647034,0.5833027362823486,-0.6319792866706848,-0.3754163086414337,0.41480475664138794,-0.9084031581878662,-0.05235188826918602,0.45815226435661316,-1.1017733812332153,-0.2596515715122223,0.3832394778728485,-0.7316737174987793,-0.28581878542900085,0.369799941778183,-0.6689131259918213,-0.25176775455474854,0.15239876508712769,-0.913901150226593,-0.09625475853681564,0.14561770856380463,-1.0422319173812866,-0.32388877868652344,0.13597622513771057,-0.6836144328117371,-0.2613232135772705,0.1488574743270874,-0.6262115836143494,-0.16149009764194489,-0.12302319705486298,-0.8779024481773376,-0.1517905592918396,-0.11338630318641663,-0.9416652321815491,-0.2835857570171356,-0.07632105052471161,-0.6878591775894165,-0.21585777401924133,-0.045015811920166016,-0.6319511532783508,-0.1279565393924713
0.0,0.0,0.0,0.3416039049625397,-0.11330113559961319,-0.1781741976737976,0.6094809174537659,-0.39482563734054565,-0.26472750306129456,0.5317776203155518,-0.7224695682525635,-0.3393113911151886,0.2935766875743866,-0.923189103603363,-0.3689858317375183,0.691440999507904,-0.8183966279029846,-0.0785473883152008,0.7646631002426147,-1.0580352544784546,-0.28529900312423706,0.6472421288490295,-0.732299268245697,-0.37633031606674194,0.6046125292778015,-0.6272811889648438,-0.4134189486503601,0.4270324110984802,-0.9003766775131226,-0.08345798403024673,0.4638635814189911,-1.112664818763733,-0.2990458011627197,0.3820370137691498,-0.7300146818161011,-0.32854995131492615,0.36328771710395813,-0.6792723536491394,-0.2976633906364441,0.15602350234985352,-0.907113254070282,-0.12604914605617523,0.14443917572498322,-1.054852843284607,-0.36286959052085876,0.13411617279052734,-0.6831094622612,-0.29779914021492004,0.14638759195804596,-0.6316629648208618,-0.19507837295532227,-0.12755103409290314,-0.8731754422187805,-0.1805601567029953,-0.11607137322425842,-0.9623903036117554,-0.31438860297203064,-0.07662022858858109,-0.7127580046653748,-0.23948347568511963,-0.05210931599140167,-0.657895565032959,-0.1468346118927002
0.0,0.0,0.0,0.34740811586380005,-0.09049332141876221,-0.17458057403564453,0.6238735914230347,-0.3545162081718445,-0.25511041283607483,0.5652121901512146,-0.685939371585846,-0.3226327896118164,0.35194632411003113,-0.8953670859336853,-0.34553390741348267,0.7482627630233765,-0.7664605975151062,-0.08090689033269882,0.8201248049736023,-1.0001165866851807,-0.28550878167152405,0.6820367574691772,-0.6800236105918884,-0.37432771921157837,0.6404690146446228,-0.5711005926132202,-0.4087609350681305,0.48972266912460327,-0.8680150508880615,-0.08198538422584534,0.5211479663848877,-1.0679668188095093,-0.28989678621292114,0.4112374782562256,-0.6897889375686646,-0.3082852363586426,0.39915701746940613,-0.6291479468345642,-0.271504282951355,0.22307553887367249,-0.8992480039596558,-0.12125206738710403,0.2032163441181183,-1.0375251770019531,-0.34568339586257935,0.16248959302902222,-0.6727187037467957,-0.2731436491012573,0.18117627501487732,-0.6121141314506531,-0.16865593194961548,-0.05955928936600685,-0.8894417881965637,-0.17326360940933228,-0.06552240252494812,-0.9708436131477356,-0.29479697346687317,-0.04953162744641304,-0.7230882048606873,-0.21777217090129852,-0.021017003804445267,-0.6638692021369934,-0.12596271932125092
0.0,0.0,0.0,0.35127678513526917,-0.08072064071893692,-0.18673816323280334,0.6464436054229736,-0.3417210578918457,-0.2708742916584015,0.5852473378181458,-0.6856808066368103,-0.34119850397109985,0.38645699620246887,-0.9104653596878052,-0.36392953991889954,0.7595580220222473,-0.7540993094444275,-0.06189746409654617,0.836087703704834,-0.9897271990776062,-0.2763872444629669,0.67923903465271,-0.6873152852058411,-0.37024396657943726,0.6273733377456665,-0.5865597128868103,-0.406827837228775,0.5049889087677002,-0.8610406517982483,-0.05996011942625046,0.5535134673118591,-1.0620331764221191,-0.28410816192626953,0.43392789363861084,-0.686342179775238,-0.3139860928058624,0.4231451153755188,-0.6451603174209595,-0.2793528735637665,0.2416704297065735,-0.8912339806556702,-0.09988608211278915,0.2337549924850464,-1.0233486890792847,-0.34280258417129517,0.18144956231117249,-0.6556391716003418,-0.27665975689888,0.19960297644138336,-0.6205026507377625,-0.1719244420528412,-0.039059337228536606,-0.8831888437271118,-0.1534496396780014,-0.035034287720918655,-0.9404614567756653,-0.2889994978904724,-0.025534316897392273,-0.6862841248512268,-0.21857473254203796,0.006521966308355331,-0.6477915644645691,-0.12901173532009125
0.0,0.0,0.0,0.33005285263061523,-0.07879669219255447,-0.18376587331295013,0.6247459053993225,-0.33248457312583923,-0.2668881416320801,0.5820374488830566,-0.6605468988418579,-0.334306538105011,0.38346993923187256,-0.8831997513771057,-0.35434430837631226,0.7370054125785828,-0.7633249759674072,-0.07578593492507935,0.828422486782074,-0.9749993681907654,-0.27843254804611206,0.6779538989067078,-0.665688157081604,-0.36461883783340454,0.6256255507469177,-0.5897480249404907,-0.4011797606945038,0.49272558093070984,-0.8668646216392517,-0.07594239711761475,0.5518183708190918,-1.0529323816299438,-0.2891872823238373,0.4395271837711334,-0.6784669160842896,-0.31461474299430847,0.4219081997871399,-0.6506167650222778,-0.28180330991744995,0.23472966253757477,-0.8927712440490723,-0.11534041166305542,0.23473778367042542,-1.010427713394165,-0.3471274673938751,0.19235682487487793,-0.6481859683990479,-0.28197163343429565,0.20418360829353333,-0.6260823607444763,-0.18313078582286835,-0.03928755223751068,-0.8776874542236328,-0.16820856928825378,-0.028241675347089767,-0.922074019908905,-0.3003863990306854,-0.013783019967377186,-0.6717591285705566,-0.2328726202249527,0.009825381450355053,-0.6408014297485352,-0.1484854817390442
0.0,0.0,0.0,0.3443892300128937,-0.08291332423686981,-0.18485760688781738,0.6353685259819031,-0.34481126070022583,-0.2716729938983917,0.5765088200569153,-0.6781061291694641,-0.3448590636253357,0.35805854201316833,-0.8966947197914124,-0.371820330619812,0.7409110069274902,-0.7717444896697998,-0.07363292574882507,0.8233683705329895,-0.995779812335968,-0.2860402762889862,0.6804388165473938,-0.6904220581054688,-0.3815438449382782,0.6327009201049805,-0.593745768070221,-0.42047831416130066,0.48765161633491516,-0.8697906732559204,-0.0752333402633667,0.533541738986969,-1.0644956827163696,-0.2941368520259857,0.4286786615848541,-0.7024626731872559,-0.3263600766658783,0.41602352261543274,-0.6630085110664368,-0.29599830508232117,0.22494344413280487,-0.8936074376106262,-0.11733929812908173,0.2178676873445511,-1.018141508102417,-0.3554825484752655,0.1810021847486496,-0.6608142852783203,-0.29536888003349304,0.1978463977575302,-0.6269446015357971,-0.19716186821460724,-0.048414502292871475,-0.8769203424453735,-0.17312286794185638,-0.038344476372003555,-0.9334856271743774,-0.3076143264770508,-0.024429799988865852,-0.6837162971496582,-0.23986847698688507,-0.00023233500542119145,-0.6417123079299927,-0.1534804254770279
0.0,0.0,0.0,0.37117913365364075,-0.07100565731525421,-0.17163611948490143,0.6584246158599854,-0.34212255477905273,-0.25361427664756775,0.5718215107917786,-0.7028734087944031,-0.3243862986564636,0.36453354358673096,-0.9264476299285889,-0.3520379960536957,0.7707568407058716,-0.7731790542602539,-0.0688650980591774,0.8500681519508362,-1.0144227743148804,-0.27480384707450867,0.7227600812911987,-0.7078348994255066,-0.3656308054924011,0.6934436559677124,-0.5893456339836121,-0.4003431499004364,0.4926849603652954,-0.8671653270721436,-0.07270317524671555,0.5414174795150757,-1.0724437236785889,-0.27595940232276917,0.4527877867221832,-0.6935286521911621,-0.29201555252075195,0.4541270434856415,-0.6334124207496643,-0.25487351417541504,0.217343270778656,-0.8899607062339783,-0.11567793786525726,0.22447708249092102,-1.0591962337493896,-0.34522902965545654,0.1984020322561264,-0.6846417784690857,-0.2668738067150116,0.21697600185871124,-0.6185085773468018,-0.15918876230716705,-0.0718713104724884,-0.8681248426437378,-0.17087548971176147,-0.042407214641571045,-0.9932680130004883,-0.3036732077598572,-0.02995748072862625,-0.7139906287193298,-0.2192777693271637,-0.013401061296463013,-0.6272210478782654,-0.12061234563589096
0.0,0.0,0.0,0.38617661595344543,-0.07811548560857773,-0.15987254679203033,0.6939140558242798,-0.3486570119857788,-0.23242191970348358,0.6141339540481567,-0.7049523591995239,-0.29842108488082886,0.39107006788253784,-0.9264389872550964,-0.3231397271156311,0.7683777213096619,-0.7699747681617737,-0.04491451755166054,0.9038537740707397,-1.0234419107437134,-0.24521085619926453,0.7612334489822388,-0.7214203476905823,-0.33777353167533875,0.7019871473312378,-0.6043893098831177,-0.37418022751808167,0.5009415745735168,-0.8639309406280518,-0.051777247339487076,0.5820896029472351,-1.092429518699646,-0.2499588578939438,0.4836878180503845,-0.7218183279037476,-0.2729733884334564,0.4693322777748108,-0.6456738710403442,-0.2409120351076126,0.22999881207942963,-0.886718213558197,-0.09688428044319153,0.2522450089454651,-1.07805597782135,-0.3251780569553375,0.21807196736335754,-0.7076861262321472,-0.25318557024002075,0.217716246843338,-0.6203956604003906,-0.14792901277542114,-0.06571204960346222,-0.8682214617729187,-0.1525551974773407,-0.020447757095098495,-1.0006407499313354,-0.2879679501056671,-0.011219768784940243,-0.7258797883987427,-0.2073948085308075,-0.003913111053407192,-0.6282783150672913,-0.11037962883710861
0.0,0.0,0.0,0.34853628277778625,-0.03366127610206604,-0.16879810392856598,0.7237920165061951,-0.2913177013397217,-0.2331889271736145,0.6791297793388367,-0.6623496413230896,-0.28403428196907043,0.45686179399490356,-0.881797194480896,-0.2897682189941406,0.7916906476020813,-0.7303544282913208,-0.05404795706272125,0.9044902324676514,-0.9549845457077026,-0.2406025230884552,0.7494585514068604,-0.6331899166107178,-0.31649941205978394,0.6986843943595886,-0.5568597316741943,-0.3498106002807617,0.5413211584091187,-0.8390082120895386,-0.05510536581277847,0.6123850345611572,-1.0138006210327148,-0.25273454189300537,0.4954852759838104,-0.6236045360565186,-0.27067920565605164,0.47471490502357483,-0.6122353672981262,-0.2385837435722351,0.28045326471328735,-0.8761304616928101,-0.09348796308040619,0.3032025694847107,-1.0137099027633667,-0.3229335844516754,0.24931859970092773,-0.6249697804450989,-0.2484765648841858,0.24654535949230194,-0.602289080619812,-0.14669427275657654,-0.010560326278209686,-0.8822906613349915,-0.14257864654064178,0.03728492185473442,-0.9434136748313904,-0.2768145203590393,0.040462836623191833,-0.6593531966209412,-0.2005649358034134,0.04608969762921333,-0.6156494617462158,-0.11154093593358994
0.0,0.0,0.0,0.3306673765182495,-0.006042554508894682,-0.1809716820716858,0.7125823497772217,-0.24081677198410034,-0.2512168884277344,0.6933696269989014,-0.6074845790863037,-0.3042352795600891,0.48684728145599365,-0.8411707878112793,-0.31315475702285767,0.7669761776924133,-0.72519451379776,-0.05790700763463974,0.9195398092269897,-0.8910636305809021,-0.24395257234573364,0.7583248019218445,-0.5798475742340088,-0.31834232807159424,0.67850661277771,-0.5336751341819763,-0.3511160612106323,0.5286594033241272,-0.8473820686340332,-0.04962737113237381,0.6314127445220947,-0.9525255560874939,-0.24111907184123993,0.49729809165000916,-0.5638447999954224,-0.2606952488422394,0.4579116404056549,-0.5953616499900818,-0.23155173659324646,0.2791951596736908,-0.8846158981323242,-0.07992450147867203,0.3276970684528351,-0.9301620125770569,-0.3056069314479828,0.25798502564430237,-0.561136782169342,-0.23911689221858978,0.23798362910747528,-0.5895281434059143,-0.14593946933746338,0.0019243950955569744,-0.8915477991104126,-0.12157975882291794,0.07037444412708282,-0.8804855346679688,-0.2559322118759155,0.0655461922287941,-0.6029454469680786,-0.1880113184452057,0.05848930776119232,-0.5945338010787964,-0.10635977983474731
0.0,0.0,0.0,0.2992580831050873,0.0008992627845145762,-0.19731713831424713,0.6820472478866577,-0.2001630961894989,-0.2853353023529053,0.7030218243598938,-0.549177885055542,-0.3525020480155945,0.5079849362373352,-0.7968277931213379,-0.3763076961040497,0.7535443305969238,-0.7075318694114685,-0.07935301214456558,0.9136860966682434,-0.8102049827575684,-0.2587764859199524,0.7432553172111511,-0.5166050791740417,-0.33155274391174316,0.6591830253601074,-0.49533772468566895,-0.36771756410598755,0.5319947600364685,-0.8443303108215332,-0.06393692642450333,0.6467481851577759,-0.8784119486808777,-0.24939478933811188,0.5004115700721741,-0.5086585879325867,-0.27098527550697327,0.45597827434539795,-0.5579648613929749,-0.2464922070503235,0.2980928421020508,-0.8835353851318359,-0.08605079352855682,0.3639671504497528,-0.8529201149940491,-0.30197232961654663,0.28343433141708374,-0.5071768164634705,-0.24447287619113922,0.24672956764698029,-0.5527325868606567,-0.1612185388803482,0.042054157704114914,-0.8868175148963928,-0.12194076925516129,0.12696968019008636,-0.8062629699707031,-0.255750834941864,0.10672103613615036,-0.5540659427642822,-0.20343972742557526,0.07693514972925186,-0.5727396011352539,-0.13393864035606384
0.0,0.0,0.0,0.3049653470516205,0.009704744443297386,-0.19367064535617828,0.6775839924812317,-0.1912214457988739,-0.27984827756881714,0.7047621607780457,-0.539679229259491,-0.34817957878112793,0.5296721458435059,-0.7903148531913757,-0.37359029054641724,0.7564131021499634,-0.700832188129425,-0.05958080291748047,0.9082167148590088,-0.7995496988296509,-0.25250545144081116,0.7466310858726501,-0.5217851400375366,-0.33631810545921326,0.6586579084396362,-0.4930713176727295,-0.3742154538631439,0.5381897687911987,-0.8415584564208984,-0.046164851635694504,0.6291183233261108,-0.8592427968978882,-0.2361726313829422,0.49163195490837097,-0.4999823570251465,-0.26093775033950806,0.45663711428642273,-0.5519809722900391,-0.2359125167131424,0.3068663775920868,-0.8817929029464722,-0.07383745163679123,0.35814037919044495,-0.8380419611930847,-0.2961907386779785,0.2824419438838959,-0.5003140568733215,-0.2417333424091339,0.2569516897201538,-0.5475401878356934,-0.15728461742401123,0.052712418138980865,-0.8823184967041016,-0.11559649556875229,0.12136639654636383,-0.7968783974647522,-0.2549000084400177,0.10710589587688446,-0.5431163311004639,-0.2060597985982895,0.09351931512355804,-0.5572812557220459,-0.13601018488407135
0.0,0.0,0.0,0.30333366990089417,0.013474562205374241,-0.2182907611131668,0.6697806119918823,-0.1647462397813797,-0.3356679677963257,0.7291356921195984,-0.5129032135009766,-0.43839582800865173,0.5745421648025513,-0.7831521034240723,-0.4993399679660797,0.7818114161491394,-0.6903888583183289,-0.08158910274505615,0.9553214907646179,-0.7964015603065491,-0.2956312596797943,0.8225669860839844,-0.5579668879508972,-0.3794283866882324,0.724728524684906,-0.5186922550201416,-0.4056197702884674,0.5535145998001099,-0.8306271433830261,-0.06066407263278961,0.6526651978492737,-0.8549566864967346,-0.25663527846336365,0.5081691741943359,-0.49307894706726074,-0.2634512186050415,0.47706177830696106,-0.5598349571228027,-0.2193155437707901,0.32104915380477905,-0.878830075263977,-0.08596987277269363,0.38379013538360596,-0.847507655620575,-0.3190823197364807,0.30089834332466125,-0.5118661522865295,-0.247347891330719,0.26240992546081543,-0.5598807334899902,-0.14496271312236786,0.058023687452077866,-0.8894025087356567,-0.12818790972232819,0.14653290808200836,-0.8204159140586853,-0.2734300196170807,0.126764178276062,-0.5665665864944458,-0.21326400339603424,0.09536497294902802,-0.5741193890571594,-0.12953446805477142
0.0,0.0,0.0,0.3668444752693176,0.004798726178705692,-0.16006197035312653,0.7590831518173218,-0.22885462641716003,-0.22625604271888733,0.804750382900238,-0.607986330986023,-0.2840965688228607,0.6721712946891785,-0.8795040249824524,-0.2964983880519867,0.8426815867424011,-0.6710380911827087,-0.05566729977726936,1.0721135139465332,-0.9393043518066406,-0.2597224712371826,0.8994090557098389,-0.6198943257331848,-0.3333645164966583,0.7998923063278198,-0.5243523716926575,-0.3528827726840973,0.6023273468017578,-0.7959297299385071,-0.060807790607213974,0.7782272696495056,-1.0270768404006958,-0.27692341804504395,0.6136660575866699,-0.6210904717445374,-0.2959032952785492,0.5428720116615295,-0.5867674350738525,-0.2537725865840912,0.344502717256546,-0.8599586486816406,-0.10225768387317657,0.4649356007575989,-1.029760718345642,-0.3524344861507416,0.3594476282596588,-0.6236385107040405,-0.27130815386772156,0.30742090940475464,-0.5874156951904297,-0.1507083773612976,0.054646994918584824,-0.9003701210021973,-0.15122006833553314,0.1928248554468155,-0.9950615167617798,-0.2946487367153168,0.15492551028728485,-0.7005471587181091,-0.204833522439003,0.10105208307504654,-0.6514578461647034,-0.0977555364370346
0.0,0.0,0.0,0.3751181364059448,-0.0038543110713362694,-0.1527511030435562,0.7721261382102966,-0.2517816126346588,-0.2163238376379013,0.8159809708595276,-0.6525088548660278,-0.27365928888320923,0.669487714767456,-0.9296400547027588,-0.28573721647262573,0.8491276502609253,-0.671791136264801,-0.05052543804049492,1.0875182151794434,-0.9406924843788147,-0.2534530460834503,0.9124754667282104,-0.620948851108551,-0.32819053530693054,0.8064420819282532,-0.5307965874671936,-0.3496556878089905,0.607341468334198,-0.7920811772346497,-0.06118623539805412,0.7913610935211182,-1.0314186811447144,-0.26943275332450867,0.6301105618476868,-0.6256885528564453,-0.28481563925743103,0.5607746243476868,-0.5932297706604004,-0.24354304373264313,0.34947189688682556,-0.8494921326637268,-0.10794423520565033,0.47403684258461,-1.0279693603515625,-0.3566237688064575,0.36562734842300415,-0.618847131729126,-0.27171629667282104,0.3135374188423157,-0.5815039277076721,-0.1497221440076828,0.05861352011561394,-0.8864606618881226,-0.1615578830242157,0.19807282090187073,-0.9977287650108337,-0.3028542399406433,0.15696017444133759,-0.7045985460281372,-0.20761770009994507,0.10227058827877045,-0.653413712978363,-0.09863835573196411
0.0,0.0,0.0,0.39283859729766846,-0.017310434952378273,-0.14714382588863373,0.7747626900672913,-0.284000039100647,-0.21162553131580353,0.784593939781189,-0.700670599937439,-0.27315554022789,0.649315357208252,-0.9889773726463318,-0.28932181000709534,0.8299933075904846,-0.7040265798568726,-0.04516664519906044,1.0802162885665894,-1.0017962455749512,-0.26469799876213074,0.9089886546134949,-0.6792086958885193,-0.34844955801963806,0.7908214926719666,-0.5547890067100525,-0.3684448003768921,0.5727117657661438,-0.8175984621047974,-0.059447161853313446,0.7623276114463806,-1.0673877000808716,-0.2791043519973755,0.5997779965400696,-0.6592205762863159,-0.30007603764533997,0.5211824774742126,-0.6039055585861206,-0.2586699426174164,0.3036727011203766,-0.8680789470672607,-0.11096129566431046,0.4410226345062256,-1.0488417148590088,-0.36975717544555664,0.33066490292549133,-0.631962239742279,-0.2828717827796936,0.268482506275177,-0.576282262802124,-0.15404924750328064,0.004744487348943949,-0.8957330584526062,-0.168681338429451,0.1598837822675705,-1.0145901441574097,-0.3119473159313202,0.12109795957803726,-0.7149811387062073,-0.20955558121204376,0.06367060542106628,-0.6539140343666077,-0.09205971658229828
0.0,0.0,0.0,0.3743959665298462,-0.03896614909172058,-0.15283317863941193,0.7317521572113037,-0.31081968545913696,-0.21832413971424103,0.7622689604759216,-0.6861079931259155,-0.27814191579818726,0.6058785915374756,-0.9562292098999023,-0.29453158378601074,0.7971257567405701,-0.722903847694397,-0.04450879618525505,1.015233039855957,-0.9917253851890564,-0.25062960386276245,0.8601549863815308,-0.6818786859512329,-0.33333826065063477,0.7410653829574585,-0.5711069703102112,-0.35455068945884705,0.5506020188331604,-0.8331456184387207,-0.052018191665410995,0.700631856918335,-1.0694607496261597,-0.2577255368232727,0.5679556727409363,-0.6742008328437805,-0.281166672706604,0.4994909167289734,-0.6193439960479736,-0.24391475319862366,0.28837573528289795,-0.877494215965271,-0.09557661414146423,0.3963868319988251,-1.0325199365615845,-0.334163099527359,0.30999305844306946,-0.6341139674186707,-0.2565295994281769,0.25561919808387756,-0.5844582319259644,-0.1392967253923416,0.00272557744756341,-0.8983480930328369,-0.14676161110401154,0.128048375248909,-1.0029897689819336,-0.27635642886161804,0.10204458981752396,-0.7215578556060791,-0.18154536187648773,0.05384359136223793,-0.6675478219985962,-0.07252614200115204
0.0,0.0,0.0,0.3782433569431305,-0.04451289400458336,-0.14701223373413086,0.7434957027435303,-0.32221248745918274,-0.20450714230537415,0.7514423727989197,-0.7032502889633179,-0.25534698367118835,0.5876104831695557,-0.9573230147361755,-0.261797159910202,0.8029022812843323,-0.7262772917747498,-0.04131840169429779,1.0107508897781372,-1.0060274600982666,-0.23871535062789917,0.8551434874534607,-0.6921820640563965,-0.3132290840148926,0.7438072562217712,-0.5858590006828308,-0.3307914137840271,0.5476610064506531,-0.8351495862007141,-0.05091751739382744,0.6943666338920593,-1.088159203529358,-0.2463601976633072,0.5648271441459656,-0.6912384033203125,-0.2629615366458893,0.5001946091651917,-0.6397709250450134,-0.22338999807834625,0.2790740728378296,-0.8785908222198486,-0.09536684304475784,0.38227787613868713,-1.0554074048995972,-0.32871097326278687,0.3008958101272583,-0.6542361974716187,-0.24847041070461273,0.25219210982322693,-0.6060693264007568,-0.13137301802635193,-0.014080139808356762,-0.8980048298835754,-0.14651063084602356,0.10883407294750214,-1.0237922668457031,-0.27275794744491577,0.08976713567972183,-0.7372946739196777,-0.17347761988639832,0.04332263022661209,-0.6757898330688477,-0.0625343769788742
0.0,0.0,0.0,0.3678962290287018,-0.04687598720192909,-0.15515615046024323,0.712843656539917,-0.331387460231781,-0.21754790842533112,0.71245276927948,-0.7202398777008057,-0.27255716919898987,0.5672330856323242,-0.9901437163352966,-0.2828772962093353,0.7763797640800476,-0.7431288957595825,-0.04180411621928215,0.9785681962966919,-1.0311540365219116,-0.251664936542511,0.8385820388793945,-0.7217002511024475,-0.33276957273483276,0.7191915512084961,-0.5939583778381348,-0.34930554032325745,0.523829460144043,-0.8505660891532898,-0.04625986889004707,0.6617050766944885,-1.1110613346099854,-0.2531716227531433,0.5414364337921143,-0.7076399326324463,-0.27147376537323,0.4739883542060852,-0.6333993673324585,-0.22705768048763275,0.25444167852401733,-0.8921578526496887,-0.08869454264640808,0.3531286418437958,-1.067098617553711,-0.33271846175193787,0.27774369716644287,-0.664559543132782,-0.2579508125782013,0.2273390144109726,-0.6043758392333984,-0.13895319402217865,-0.0387892983853817,-0.9110262989997864,-0.13819146156311035,0.07716531306505203,-1.0298488140106201,-0.27311888337135315,0.0674443244934082,-0.7458028793334961,-0.18319793045520782,0.031058380380272865,-0.6862418055534363,-0.07542530447244644
0.0,0.0,0.0,0.37401220202445984,-0.06013820692896843,-0.14635784924030304,0.7023863792419434,-0.3756779432296753,-0.19983109831809998,0.709443211555481,-0.7643712759017944,-0.24941140413284302,0.5784887075424194,-1.0360561609268188,-0.25513917207717896,0.75444096326828,-0.7644512057304382,-0.026951275765895844,0.9651110172271729,-1.0668169260025024,-0.23417842388153076,0.8285404443740845,-0.7622550129890442,-0.3148757219314575,0.7010352611541748,-0.6234160661697388,-0.3292894661426544,0.5031062364578247,-0.863605260848999,-0.032711420208215714,0.6325404047966003,-1.13884437084198,-0.23755846917629242,0.518552303314209,-0.7346915006637573,-0.2584456503391266,0.45329058170318604,-0.6501969695091248,-0.21518343687057495,0.23576577007770538,-0.8970087170600891,-0.07597892731428146,0.3295312225818634,-1.0929421186447144,-0.3166429400444031,0.26495349407196045,-0.6888152360916138,-0.24247658252716064,0.21976907551288605,-0.6167964935302734,-0.1232040598988533,-0.052503831684589386,-0.9083096981048584,-0.12586717307567596,0.05765687674283981,-1.0497864484786987,-0.2577674388885498,0.056759364902973175,-0.7660909295082092,-0.16652454435825348,0.026379676535725594,-0.6942844390869141,-0.05758146569132805
0.0,0.0,0.0,0.3921504318714142,-0.05631346255540848,-0.1607053577899933,0.7419987320899963,-0.3637230396270752,-0.2187400758266449,0.7188875675201416,-0.7750613689422607,-0.2675756812095642,0.5791817903518677,-1.0420771837234497,-0.2676578164100647,0.7791343331336975,-0.7563607096672058,-0.034689225256443024,0.9843430519104004,-1.0498920679092407,-0.24385952949523926,0.8384538292884827,-0.728229284286499,-0.3182910680770874,0.7305728197097778,-0.6120359301567078,-0.3314644396305084,0.5172708630561829,-0.8550185561180115,-0.037069208920001984,0.6735867261886597,-1.1302807331085205,-0.24787230789661407,0.5489922761917114,-0.7154536843299866,-0.26474812626838684,0.4800533056259155,-0.6566078066825867,-0.21795544028282166,0.24799108505249023,-0.8900644183158875,-0.07898113876581192,0.3521444499492645,-1.0732698440551758,-0.3300504684448242,0.28272587060928345,-0.6647351384162903,-0.25471311807632446,0.23644880950450897,-0.6221414804458618,-0.13362786173820496,-0.041487500071525574,-0.9035055637359619,-0.12776246666908264,0.07917068153619766,-1.0382705926895142,-0.26353123784065247,0.07373552024364471,-0.7530629634857178,-0.17010991275310516,0.028138065710663795,-0.7017866373062134,-0.06034497171640396
0.0,0.0,0.0,0.38464146852493286,-0.05576265975832939,-0.1450071930885315,0.7464169859886169,-0.35451024770736694,-0.19780908524990082,0.7325405478477478,-0.7525874972343445,-0.24435509741306305,0.5777426958084106,-1.008817434310913,-0.24685131013393402,0.7811205387115479,-0.7519466876983643,-0.02888360247015953,0.9838035106658936,-1.0303863286972046,-0.22564731538295746,0.8430303931236267,-0.7230954170227051,-0.3006144165992737,0.7286719679832458,-0.6120039820671082,-0.31714391708374023,0.5239918828010559,-0.8508729338645935,-0.03804855793714523,0.6715977787971497,-1.1152971982955933,-0.23421995341777802,0.5517220497131348,-0.7198476195335388,-0.2548189163208008,0.47810739278793335,-0.6619522571563721,-0.21556462347507477,0.2579335570335388,-0.8851211071014404,-0.08310052752494812,0.3607610762119293,-1.0609228610992432,-0.3190963566303253,0.2899801433086395,-0.6628878116607666,-0.24889637529850006,0.23747265338897705,-0.616105318069458,-0.1357809603214264,-0.028815854340791702,-0.895809531211853,-0.13403798639774323,0.09831394255161285,-1.0258917808532715,-0.2607261836528778,0.09016622602939606,-0.7473794221878052,-0.1679920107126236,0.04070360213518143,-0.6934096813201904,-0.06130906939506531
0.0,0.0,0.0,0.399929404258728,-0.05893736332654953,-0.1257973462343216,0.7417064309120178,-0.3529760539531708,-0.17665617167949677,0.7589810490608215,-0.7393099665641785,-0.2283736616373062,0.6432183384895325,-1.0096267461776733,-0.24115343391895294,0.7975144982337952,-0.7349897027015686,-0.02023245580494404,1.0205039978027344,-1.0051113367080688,-0.2158123254776001,0.8758348822593689,-0.7132214307785034,-0.2960796356201172,0.7496067881584167,-0.5943744778633118,-0.3160105347633362,0.5421780347824097,-0.8394240736961365,-0.03755423426628113,0.715623140335083,-1.0991874933242798,-0.22613689303398132,0.5854239463806152,-0.7127346992492676,-0.24944262206554413,0.4979701638221741,-0.642539918422699,-0.2166559249162674,0.27485206723213196,-0.8813858032226562,-0.08826334029436111,0.41240569949150085,-1.0506349802017212,-0.3195182979106903,0.33056315779685974,-0.6617436408996582,-0.252360075712204,0.25297847390174866,-0.5968118906021118,-0.1437300592660904,-0.016093244776129723,-0.9012861251831055,-0.14315815269947052,0.14058737456798553,-1.03941810131073,-0.27440696954727173,0.13092531263828278,-0.7662075757980347,-0.18483568727970123,0.06858205050230026,-0.6961272954940796,-0.08044284582138062
0.0,0.0,0.0,0.4061271846294403,-0.046303194016218185,-0.12886548042297363,0.7568044662475586,-0.32678312063217163,-0.18189065158367157,0.7822352647781372,-0.7177038788795471,-0.23537950217723846,0.6853654384613037,-0.9966195225715637,-0.24698106944561005,0.8101080656051636,-0.7202921509742737,-0.021778281778097153,1.050971508026123,-0.9942848682403564,-0.22681012749671936,0.9021377563476562,-0.695146918296814,-0.3050026595592499,0.7783873081207275,-0.5827306509017944,-0.32104912400245667,0.5591503977775574,-0.8280800580978394,-0.040426161140203476,0.7538556456565857,-1.0865148305892944,-0.24536868929862976,0.6075990796089172,-0.6904325485229492,-0.27256667613983154,0.517041802406311,-0.638769805431366,-0.2382851541042328,0.29677027463912964,-0.8746926188468933,-0.09321241825819016,0.44745051860809326,-1.0435887575149536,-0.3381372094154358,0.3486059010028839,-0.6447880268096924,-0.26804599165916443,0.2711842358112335,-0.6001371145248413,-0.15345415472984314,0.009654305875301361,-0.8991346955299377,-0.14996394515037537,0.17890556156635284,-1.034024715423584,-0.28417977690696716,0.15676447749137878,-0.7541204690933228,-0.190190851688385,0.08522571623325348,-0.6984418034553528,-0.08154737949371338
0.0,0.0,0.0,0.3902726173400879,-0.02796892449259758,-0.14574861526489258,0.7497486472129822,-0.31637653708457947,-0.20241937041282654,0.7913837432861328,-0.7092260122299194,-0.2556493878364563,0.7021745443344116,-0.9900938868522644,-0.2636275887489319,0.8077974319458008,-0.7129454016685486,-0.024557823315262794,1.0449551343917847,-0.9630036354064941,-0.2361377775669098,0.8895837664604187,-0.6611061096191406,-0.3166903853416443,0.7575927376747131,-0.5624476075172424,-0.3334624469280243,0.5674707889556885,-0.8226207494735718,-0.03566683828830719,0.7606977224349976,-1.0581095218658447,-0.24804598093032837,0.6053860783576965,-0.6538834571838379,-0.273449569940567,0.5081704258918762,-0.6174507141113281,-0.23498523235321045,0.3118813931941986,-0.869797945022583,-0.08437248319387436,0.464487224817276,-1.0223616361618042,-0.3423755466938019,0.35582396388053894,-0.6147714853286743,-0.27270686626434326,0.27325257658958435,-0.5844557285308838,-0.15433169901371002,0.03152031823992729,-0.8985385894775391,-0.13792657852172852,0.20546859502792358,-1.0051170587539673,-0.2852623760700226,0.17319612205028534,-0.7197940349578857,-0.1972171813249588,0.09529619663953781,-0.6827432513237,-0.08984226733446121
0.0,0.0,0.0,0.3860952854156494,-0.035737402737140656,-0.14436359703540802,0.7461307048797607,-0.3210459351539612,-0.1960088014602661,0.8029993176460266,-0.7016232013702393,-0.24498958885669708,0.703247606754303,-0.9772736430168152,-0.2526443302631378,0.8075025081634521,-0.7072054147720337,-0.005106157157570124,1.0446542501449585,-0.9582625031471252,-0.21129068732261658,0.9045282006263733,-0.6807478070259094,-0.2996043860912323,0.7648177742958069,-0.5626429319381714,-0.3199560344219208,0.5725297331809998,-0.819786012172699,-0.012673166580498219,0.743330180644989,-1.0614933967590332,-0.21503879129886627,0.6016122102737427,-0.6729517579078674,-0.24398666620254517,0.5161961317062378,-0.6019456386566162,-0.2070905566215515,0.3177540600299835,-0.8680165410041809,-0.05868349224328995,0.45547547936439514,-1.0283262729644775,-0.3051493167877197,0.35244473814964294,-0.6346970796585083,-0.23887434601783752,0.27924397587776184,-0.5783509612083435,-0.12305884808301926,0.03460659831762314,-0.8933535814285278,-0.1105160340666771,0.1950335055589676,-1.0059874057769775,-0.24774931371212006,0.15748634934425354,-0.7270891666412354,-0.15814274549484253,0.08821719139814377,-0.6720460653305054,-0.04977215453982353
0.0,0.0,0.0,0.403128445148468,-0.06239863112568855,-0.11555935442447662,0.7307827472686768,-0.354870080947876,-0.15464191138744354,0.7623351812362671,-0.7220867872238159,-0.19970791041851044,0.6523996591567993,-0.9793192744255066,-0.20790988206863403,0.7920786738395691,-0.7299163341522217,0.013971214182674885,1.0263221263885498,-1.0084835290908813,-0.18505504727363586,0.8889478445053101,-0.7369261980056763,-0.2732973098754883,0.7570229172706604,-0.5985503196716309,-0.2949126958847046,0.5501078367233276,-0.8350836634635925,-0.004079439677298069,0.6972492337226868,-1.094536304473877,-0.19763031601905823,0.5650756359100342,-0.7246400713920593,-0.2238038331270218,0.49725592136383057,-0.6294269561767578,-0.18803474307060242,0.2892701327800751,-0.8799839019775391,-0.05922870710492134,0.39878982305526733,-1.0552682876586914,-0.28625956177711487,0.3088371455669403,-0.6893344521522522,-0.22077198326587677,0.2556016743183136,-0.6126243472099304,-0.11152605712413788,0.003022322431206703,-0.8997570872306824,-0.12011373788118362,0.12940573692321777,-1.0267221927642822,-0.24125880002975464,0.10468963533639908,-0.7638872265815735,-0.15283288061618805,0.06418762356042862,-0.6851451992988586,-0.04928584024310112
0.0,0.0,0.0,0.40304794907569885,-0.06982152909040451,-0.11416495591402054,0.7162468433380127,-0.3783983290195465,-0.14861716330051422,0.7056652307510376,-0.7505649328231812,-0.1875840276479721,0.5717503428459167,-0.990243136882782,-0.19009307026863098,0.7767481207847595,-0.7553637623786926,0.006985335145145655,0.9816729426383972,-1.0560601949691772,-0.18767288327217102,0.837870717048645,-0.7883471250534058,-0.2713668942451477,0.7139548659324646,-0.6247040033340454,-0.2899690866470337,0.5190152525901794,-0.8547157049179077,-0.009178434498608112,0.6428354382514954,-1.1313188076019287,-0.19712123274803162,0.5194740891456604,-0.7590118050575256,-0.2139805108308792,0.4662283658981323,-0.6427576541900635,-0.1715782880783081,0.2522413432598114,-0.8920130729675293,-0.06198889762163162,0.3374272584915161,-1.0856502056121826,-0.2821468412876129,0.2580702006816864,-0.7156745791435242,-0.20990851521492004,0.21470333635807037,-0.6202176213264465,-0.09714480489492416,-0.03784601762890816,-0.9006597399711609,-0.12112250924110413,0.06605018675327301,-1.0484044551849365,-0.2378634363412857,0.04338549077510834,-0.7845386862754822,-0.1465606540441513,0.01194896548986435,-0.6963080167770386,-0.04150351509451866
0.0,0.0,0.0,0.3852640390396118,-0.08306474983692169,-0.14549620449543,0.6674689054489136,-0.40005195140838623,-0.2036958783864975,0.6526316404342651,-0.7804123163223267,-0.2622070908546448,0.533622682094574,-1.04451322555542,-0.27835309505462646,0.7636948227882385,-0.7699692249298096,-0.016729988157749176,0.9423763751983643,-1.0805226564407349,-0.23553402721881866,0.805182158946991,-0.7976553440093994,-0.334028422832489,0.6927731037139893,-0.6230584979057312,-0.35898494720458984,0.49875518679618835,-0.8664278388023376,-0.023369714617729187,0.5953853726387024,-1.145875096321106,-0.23008817434310913,0.4873097240924835,-0.761121392250061,-0.2502359449863434,0.44704797863960266,-0.6475686430931091,-0.20697695016860962,0.2245686948299408,-0.900364100933075,-0.07158085703849792,0.27578696608543396,-1.1004828214645386,-0.306194007396698,0.21928848326206207,-0.7251976132392883,-0.22822542488574982,0.1962805539369583,-0.6337502002716064,-0.10953758656978607,-0.0662098154425621,-0.9018680453300476,-0.12938742339611053,0.006618236657232046,-1.0489004850387573,-0.2560819089412689,-0.0002209347003372386,-0.7790331840515137,-0.1629643440246582,-0.014157143421471119,-0.6881933212280273,-0.053687162697315216
0.0,0.0,0.0,0.379325807094574,-0.08993135392665863,-0.18762588500976562,0.6654091477394104,-0.4080260992050171,-0.2627762258052826,0.6004794239997864,-0.8095711469650269,-0.32933130860328674,0.4194321632385254,-1.0626516342163086,-0.3461892008781433,0.7611086964607239,-0.7930781245231628,-0.04046079143881798,0.8738651275634766,-1.1399868726730347,-0.2758519947528839,0.7253479957580566,-0.827457070350647,-0.37477555871009827,0.6588302254676819,-0.6482864618301392,-0.39651525020599365,0.4795355796813965,-0.8769957423210144,-0.030399290844798088,0.5336018204689026,-1.1788595914840698,-0.267593652009964,0.42734816670417786,-0.7776898145675659,-0.28943151235580444,0.4251849949359894,-0.6656474471092224,-0.2369425892829895,0.2009517252445221,-0.9048963189125061,-0.06730839610099792,0.2159673124551773,-1.1250382661819458,-0.3312161862850189,0.17023463547229767,-0.7373476624488831,-0.2549477219581604,0.18628092110157013,-0.6359938979148865,-0.12674319744110107,-0.09229093044996262,-0.9047913551330566,-0.11695830523967743,-0.049122266471385956,-1.0756651163101196,-0.26140469312667847,-0.05025340989232063,-0.7951140403747559,-0.17337854206562042,-0.0427154079079628,-0.6795827746391296,-0.060484934598207474
0.0,0.0,0.0,0.3692238926887512,-0.12212605029344559,-0.20935076475143433,0.6225866079330444,-0.43235793709754944,-0.30543050169944763,0.5579601526260376,-0.8211286664009094,-0.38825589418411255,0.36115333437919617,-1.0675839185714722,-0.4222666025161743,0.7224024534225464,-0.8271318674087524,-0.05800318345427513,0.7981365323066711,-1.137772798538208,-0.2921258509159088,0.6711422801017761,-0.8236234188079834,-0.3969598114490509,0.6285969614982605,-0.677834689617157,-0.42715954780578613,0.4475494921207428,-0.8932581543922424,-0.04229986295104027,0.4892333745956421,-1.1672316789627075,-0.28351449966430664,0.3998340368270874,-0.774009644985199,-0.3189757466316223,0.3880046308040619,-0.688583493232727,-0.27767136693000793,0.17665904760360718,-0.9066842794418335,-0.0731867104768753,0.187167689204216,-1.1032923460006714,-0.3447595238685608,0.15490679442882538,-0.712933361530304,-0.28064611554145813,0.15790268778800964,-0.6250740885734558,-0.15911340713500977,-0.1074790507555008,-0.893561601638794,-0.11758176982402802,-0.07361400127410889,-1.0592418909072876,-0.26617375016212463,-0.055736951529979706,-0.7833079099655151,-0.18346969783306122,-0.05091416463255882,-0.6761369109153748,-0.07398724555969238
0.0,0.0,0.0,0.36464133858680725,-0.1138700395822525,-0.19656223058700562,0.6227542757987976,-0.42011314630508423,-0.2814551293849945,0.563724935054779,-0.8061527013778687,-0.3527306914329529,0.3849866986274719,-1.0579012632369995,-0.3767430782318115,0.7419674396514893,-0.8144357204437256,-0.059867165982723236,0.8058784604072571,-1.1225612163543701,-0.28554385900497437,0.6852319240570068,-0.8203786015510559,-0.3839610815048218,0.6532933115959167,-0.6753162145614624,-0.4119512736797333,0.4619735777378082,-0.8855190277099609,-0.04935985803604126,0.49750250577926636,-1.1601088047027588,-0.28014689683914185,0.4123838245868683,-0.7739489078521729,-0.30911552906036377,0.4072693884372711,-0.6898106336593628,-0.2669738233089447,0.187499538064003,-0.9017892479896545,-0.08339875191450119,0.1955069750547409,-1.1028151512145996,-0.34461450576782227,0.16395533084869385,-0.7181244492530823,-0.27859771251678467,0.17577405273914337,-0.6402596831321716,-0.16058115661144257,-0.0972646176815033,-0.8838399052619934,-0.13041801750659943,-0.06410324573516846,-1.0488646030426025,-0.2722582519054413,-0.04834352806210518,-0.7786792516708374,-0.1891755610704422,-0.04333227500319481,-0.6827049851417542,-0.08299938589334488
0.0,0.0,0.0,0.34287896752357483,-0.11074849963188171,-0.199310764670372,0.6192383766174316,-0.4271186888217926,-0.28590771555900574,0.530147910118103,-0.8106509447097778,-0.3568114936351776,0.31413742899894714,-1.034888505935669,-0.37816283106803894,0.7297269701957703,-0.8220425844192505,-0.07892375439405441,0.7618177533149719,-1.1330863237380981,-0.30392977595329285,0.6493533253669739,-0.8034098148345947,-0.4035275876522064,0.6390590667724609,-0.6570731401443481,-0.4355986714363098,0.4488309621810913,-0.8911182284355164,-0.06677590310573578,0.46074000000953674,-1.150881052017212,-0.2861565351486206,0.3810090720653534,-0.7635330557823181,-0.3059823513031006,0.3929974138736725,-0.6908633708953857,-0.26529592275619507,0.17397266626358032,-0.9049534201622009,-0.09875845909118652,0.14891989529132843,-1.0923643112182617,-0.34079745411872864,0.12932616472244263,-0.7183715105056763,-0.2632359564304352,0.1654268503189087,-0.6426528692245483,-0.147467702627182,-0.1111469715833664,-0.8892388343811035,-0.14559674263000488,-0.10898732393980026,-1.0395358800888062,-0.2730045020580292,-0.09064318239688873,-0.7770206928253174,-0.18399672210216522,-0.07108763605356216,-0.6826916933059692,-0.07903239130973816
0.0,0.0,0.0,0.3347119390964508,-0.1490587294101715,-0.22782236337661743,0.5605565905570984,-0.47000548243522644,-0.3248266577720642,0.40349704027175903,-0.83894944190979,-0.3965030610561371,0.16364599764347076,-1.056252360343933,-0.4139024615287781,0.6871169805526733,-0.8658608794212341,-0.10610692203044891,0.6504397988319397,-1.1667813062667847,-0.34637996554374695,0.5789072513580322,-0.8304541110992432,-0.4581397771835327,0.6015908718109131,-0.6948323249816895,-0.49857446551322937,0.39161548018455505,-0.9162949323654175,-0.08390996605157852,0.35413551330566406,-1.1696490049362183,-0.3193318843841553,0.31590622663497925,-0.7673802971839905,-0.3516221046447754,0.34377533197402954,-0.7050005793571472,-0.3184638023376465,0.11436372995376587,-0.9176812767982483,-0.10871515423059464,0.0394430048763752,-1.1021808385849,-0.3693501353263855,0.05811906233429909,-0.7156445980072021,-0.30211085081100464,0.12135935574769974,-0.652118444442749,-0.18911664187908173,-0.16886653006076813,-0.8801910281181335,-0.15002286434173584,-0.20894818007946014,-1.0289113521575928,-0.2884431481361389,-0.16145581007003784,-0.7720338702201843,-0.20676536858081818,-0.12001021206378937,-0.6888129711151123,-0.10491259396076202
0.0,0.0,0.0,0.32791393995285034,-0.16384068131446838,-0.2369195967912674,0.5253092050552368,-0.4908980131149292,-0.33555278182029724,0.3492017686367035,-0.840792715549469,-0.4073217213153839,0.11208124458789825,-1.045221209526062,-0.4229377806186676,0.6585855484008789,-0.8856037259101868,-0.11653657257556915,0.5976856350898743,-1.196178913116455,-0.3629380166530609,0.5280728936195374,-0.8604246973991394,-0.47302496433258057,0.562393307685852,-0.7188252210617065,-0.509978175163269,0.3591127097606659,-0.9290632605552673,-0.08876757323741913,0.30122068524360657,-1.1930652856826782,-0.3338954448699951,0.26511889696121216,-0.7893171906471252,-0.3638570010662079,0.31139278411865234,-0.7202453017234802,-0.32490795850753784,0.08134741336107254,-0.9256368279457092,-0.10972188413143158,-0.014725119806826115,-1.1119076013565063,-0.37801265716552734,0.006404506042599678,-0.7313483953475952,-0.31139129400253296,0.09073053300380707,-0.6687936782836914,-0.19523446261882782,-0.19398649036884308,-0.8830028772354126,-0.14847171306610107,-0.260739266872406,-1.0368889570236206,-0.2894805669784546,-0.21144388616085052,-0.7875909209251404,-0.21032178401947021,-0.15403005480766296,-0.6994185447692871,-0.10892924666404724
0.0,0.0,0.0,0.30660054087638855,-0.16025903820991516,-0.285042405128479,0.47947365045547485,-0.4892120659351349,-0.40625834465026855,0.29767200350761414,-0.840243399143219,-0.4889642000198364,0.05844966322183609,-1.0555269718170166,-0.5115532875061035,0.6298814415931702,-0.9026917219161987,-0.1591014564037323,0.5300770998001099,-1.1901757717132568,-0.4218737483024597,0.47670218348503113,-0.8512972593307495,-0.5420270562171936,0.5353274941444397,-0.728500247001648,-0.5860936045646667,0.3291666507720947,-0.9379979372024536,-0.10867016762495041,0.2518226206302643,-1.1791551113128662,-0.3728063702583313,0.22651109099388123,-0.7669177651405334,-0.40821167826652527,0.28288885951042175,-0.727564811706543,-0.3709133267402649,0.05344129353761673,-0.9297084212303162,-0.11176975071430206,-0.052857644855976105,-1.0888406038284302,-0.3950657248497009,-0.026353441178798676,-0.7121763229370117,-0.3314558267593384,0.06710007786750793,-0.6845676898956299,-0.21612127125263214,-0.21367843449115753,-0.8894643187522888,-0.1366923600435257,-0.288862943649292,-1.0189919471740723,-0.2856738865375519,-0.23722077906131744,-0.7777034044265747,-0.21313653886318207,-0.17223620414733887,-0.7172443866729736,-0.11623423546552658
0.0,0.0,0.0,0.31918591260910034,-0.16732336580753326,-0.27311626076698303,0.49814677238464355,-0.4958566427230835,-0.3831632435321808,0.3045946955680847,-0.847899317741394,-0.4580675959587097,0.06279103457927704,-1.0528366565704346,-0.4748309254646301,0.6514512300491333,-0.8932255506515503,-0.13590753078460693,0.5613085627555847,-1.2075575590133667,-0.3908664882183075,0.48234570026397705,-0.8816091418266296,-0.5048436522483826,0.5338922142982483,-0.741741418838501,-0.5420479774475098,0.346028596162796,-0.9341683983802795,-0.08714146912097931,0.28113603591918945,-1.2118147611618042,-0.34485456347465515,0.23340420424938202,-0.811191201210022,-0.3807263970375061,0.2922171354293823,-0.7432092428207397,-0.3404923677444458,0.06522168219089508,-0.9322322607040405,-0.09063003957271576,-0.028964614495635033,-1.1191353797912598,-0.373182088136673,-0.0224276315420866,-0.7422885298728943,-0.3165920078754425,0.06700734794139862,-0.6789844036102295,-0.2019142359495163,-0.20986011624336243,-0.8946446180343628,-0.11429319530725479,-0.2794044613838196,-1.0482374429702759,-0.2669987976551056,-0.24117626249790192,-0.7997026443481445,-0.19822977483272552,-0.18190114200115204,-0.7049965858459473,-0.10100597143173218
0.0,0.0,0.0,0.30427953600883484,-0.16220970451831818,-0.3250894546508789,0.4599112570285797,-0.4860418438911438,-0.4566555917263031,0.2747207581996918,-0.8217925429344177,-0.5403907895088196,0.042447302490472794,-1.0272138118743896,-0.5604689121246338,0.6214480996131897,-0.9030653238296509,-0.1897525042295456,0.49585631489753723,-1.1874911785125732,-0.4604698121547699,0.42551642656326294,-0.8484639525413513,-0.5859230756759644,0.4841063618659973,-0.7263857126235962,-0.6316090822219849,0.3217342495918274,-0.939786434173584,-0.11527524888515472,0.22258347272872925,-1.178606390953064,-0.39300966262817383,0.18653200566768646,-0.7691959142684937,-0.4340824782848358,0.2559799551963806,-0.7234954833984375,-0.39652445912361145,0.04337094724178314,-0.9346893429756165,-0.09785503149032593,-0.07639676332473755,-1.0908620357513428,-0.3883126378059387,-0.061150092631578445,-0.7221997976303101,-0.33315613865852356,0.04540235921740532,-0.688298761844635,-0.22035594284534454,-0.2243814319372177,-0.9002509713172913,-0.1061580628156662,-0.31579527258872986,-1.0199732780456543,-0.2574992775917053,-0.27084678411483765,-0.7893056273460388,-0.19562765955924988,-0.19576823711395264,-0.7256826162338257,-0.10526122897863388
0.0,0.0,0.0,0.30065417289733887,-0.1579774171113968,-0.33191049098968506,0.46914157271385193,-0.4880804419517517,-0.4621904492378235,0.25236228108406067,-0.8287893533706665,-0.540137529373169,-0.007084082346409559,-1.0297152996063232,-0.552981436252594,0.6113824844360352,-0.9031088948249817,-0.19929198920726776,0.47348326444625854,-1.187824010848999,-0.4767032861709595,0.4181863069534302,-0.8516661524772644,-0.6077158451080322,0.48543834686279297,-0.7358846664428711,-0.6577443480491638,0.31074053049087524,-0.9425622820854187,-0.12254239618778229,0.19378353655338287,-1.1783068180084229,-0.40710368752479553,0.17640486359596252,-0.7698794603347778,-0.4539397656917572,0.25110629200935364,-0.7299403548240662,-0.42116954922676086,0.03290790319442749,-0.9412464499473572,-0.10351045429706573,-0.10645125061273575,-1.088434100151062,-0.3971272110939026,-0.07674706727266312,-0.7199217677116394,-0.3454109728336334,0.0363973006606102,-0.6958563923835754,-0.23667266964912415,-0.23851698637008667,-0.9099894165992737,-0.11084525287151337,-0.3436146676540375,-1.0062634944915771,-0.26476073265075684,-0.289192259311676,-0.7733433842658997,-0.20853692293167114,-0.20574623346328735,-0.7216282486915588,-0.12370747327804565
0.0,0.0,0.0,0.29225683212280273,-0.15592840313911438,-0.3148553669452667,0.4577772617340088,-0.4890757203102112,-0.43848663568496704,0.27019909024238586,-0.8305724263191223,-0.5159886479377747,0.04514147713780403,-1.0427290201187134,-0.5309049487113953,0.6250990629196167,-0.9006551504135132,-0.1698010414838791,0.49738696217536926,-1.188891053199768,-0.43573299050331116,0.42820805311203003,-0.8713394403457642,-0.5581591725349426,0.4912700653076172,-0.7417636513710022,-0.6003047823905945,0.32778680324554443,-0.9396321177482605,-0.09822091460227966,0.22122226655483246,-1.178351640701294,-0.37495139241218567,0.19040042161941528,-0.7868168354034424,-0.4205981194972992,0.2657267153263092,-0.7358042001724243,-0.385000616312027,0.051228027790784836,-0.9366427063941956,-0.08300469815731049,-0.07804784178733826,-1.1027790307998657,-0.3766980469226837,-0.05572626739740372,-0.7405030727386475,-0.33099889755249023,0.05384950339794159,-0.6978715658187866,-0.22391125559806824,-0.21441315114498138,-0.9020166993141174,-0.09202892333269119,-0.30494123697280884,-1.0209897756576538,-0.253246545791626,-0.2638798654079437,-0.782810389995575,-0.201698899269104,-0.19356098771095276,-0.7148532271385193,-0.11707732081413269
0.0,0.0,0.0,0.2947458326816559,-0.15997529029846191,-0.3020283877849579,0.47241827845573425,-0.4939826428890228,-0.41932523250579834,0.27254822850227356,-0.8473149538040161,-0.4938843250274658,0.03797263652086258,-1.064914345741272,-0.5058956146240234,0.6312113404273987,-0.9073504209518433,-0.14849579334259033,0.5150244832038879,-1.2030603885650635,-0.41115009784698486,0.44886261224746704,-0.8793916702270508,-0.5323366522789001,0.5048959255218506,-0.7509437799453735,-0.5736855864524841,0.3276820182800293,-0.9409834742546082,-0.08470260351896286,0.2347710281610489,-1.1890134811401367,-0.35677483677864075,0.21310311555862427,-0.7904226779937744,-0.40275809168815613,0.2778432369232178,-0.7393568754196167,-0.36720946431159973,0.04968754202127457,-0.9348099231719971,-0.07662925124168396,-0.06748443841934204,-1.1082236766815186,-0.3699389696121216,-0.03560195118188858,-0.7322860956192017,-0.3202552795410156,0.0639985129237175,-0.6896523237228394,-0.20873002707958221,-0.22076360881328583,-0.8974763751029968,-0.09135168045759201,-0.298240065574646,-1.0232075452804565,-0.24892155826091766,-0.2492610514163971,-0.7779625654220581,-0.18887218832969666,-0.1857229769229889,-0.7121400833129883,-0.09749697148799896
0.0,0.0,0.0,0.2969450354576111,-0.1790754199028015,-0.2850937247276306,0.4672004282474518,-0.5294214487075806,-0.3973434269428253,0.25622236728668213,-0.8901285529136658,-0.4705832004547119,0.0055557359009981155,-1.0994497537612915,-0.4788544774055481,0.6171483993530273,-0.9200479388237,-0.14852242171764374,0.4959677755832672,-1.2577663660049438,-0.4196103513240814,0.4366822838783264,-0.9058323502540588,-0.5450688600540161,0.48859357833862305,-0.7576663494110107,-0.5859280824661255,0.3169114589691162,-0.9437613487243652,-0.09424202144145966,0.20958003401756287,-1.2226148843765259,-0.3640842139720917,0.1916830837726593,-0.8048285841941833,-0.40378841757774353,0.25656557083129883,-0.7446305751800537,-0.36553946137428284,0.039485421031713486,-0.9349064230918884,-0.09494528919458389,-0.09238774329423904,-1.1371424198150635,-0.38071367144584656,-0.05867598205804825,-0.7474396824836731,-0.31811806559562683,0.04586802050471306,-0.6891540884971619,-0.19856740534305573,-0.23345892131328583,-0.9001180529594421,-0.11796671152114868,-0.3310219645500183,-1.0511711835861206,-0.2621432840824127,-0.2781760096549988,-0.8099333047866821,-0.18894429504871368,-0.2108440101146698,-0.7322375774383545,-0.08955349773168564
0.0,0.0,0.0,0.27851390838623047,-0.17995497584342957,-0.31536418199539185,0.4250679314136505,-0.5305911302566528,-0.4344944357872009,0.21294954419136047,-0.8832063674926758,-0.506868302822113,-0.03192376717925072,-1.0962622165679932,-0.513405978679657,0.5949675440788269,-0.9323225617408752,-0.1597556173801422,0.43711140751838684,-1.2433547973632812,-0.43115803599357605,0.373223215341568,-0.9001277089118958,-0.5632692575454712,0.4378381073474884,-0.7645437121391296,-0.6113793849945068,0.29521310329437256,-0.9513152241706848,-0.08859279006719589,0.17244070768356323,-1.2178956270217896,-0.36788418889045715,0.15260379016399384,-0.8094207644462585,-0.42265641689300537,0.2201416790485382,-0.7504008412361145,-0.3932953476905823,0.018361559137701988,-0.9375982284545898,-0.07463288307189941,-0.1148129552602768,-1.126611351966858,-0.3701511025428772,-0.08325046300888062,-0.7496814131736755,-0.3274316191673279,0.01805783063173294,-0.6989266276359558,-0.21942377090454102,-0.24499571323394775,-0.8977035880088806,-0.08489234745502472,-0.33933302760124207,-1.0358446836471558,-0.2411080002784729,-0.29251766204833984,-0.797161877155304,-0.1856190711259842,-0.23018638789653778,-0.7255074977874756,-0.09753555059432983
0.0,0.0,0.0,0.3176354467868805,-0.16603030264377594,-0.25420475006103516,0.47987547516822815,-0.5135011076927185,-0.36065903306007385,0.24467717111110687,-0.872107207775116,-0.4343777000904083,-0.005954202730208635,-1.0759310722351074,-0.4497746229171753,0.6199533939361572,-0.9207539558410645,-0.13212905824184418,0.523125171661377,-1.2084424495697021,-0.3862387239933014,0.46400192379951477,-0.8757585287094116,-0.49485477805137634,0.5224093794822693,-0.7438753843307495,-0.5306763052940369,0.30144885182380676,-0.9482356905937195,-0.09988798201084137,0.2198759764432907,-1.2243506908416748,-0.36253252625465393,0.21008557081222534,-0.8179464340209961,-0.39053237438201904,0.27241215109825134,-0.7416985630989075,-0.34420889616012573,0.018169956281781197,-0.9282435774803162,-0.11832728236913681,-0.09915132820606232,-1.1287542581558228,-0.4043046534061432,-0.057608626782894135,-0.7425824999809265,-0.33486196398735046,0.03570438176393509,-0.6813533902168274,-0.2117404341697693,-0.25103941559791565,-0.8633657097816467,-0.1553654670715332,-0.3487476110458374,-1.0352686643600464,-0.3093861937522888,-0.291104257106781,-0.7782492637634277,-0.23219247162342072,-0.22335636615753174,-0.6921265721321106,-0.12974300980567932
0.0,0.0,0.0,0.34451383352279663,-0.135208398103714,-0.23205815255641937,0.5717043280601501,-0.45330747961997986,-0.33983728289604187,0.37564074993133545,-0.8212584257125854,-0.4211210310459137,0.11801163852214813,-1.033869981765747,-0.45083045959472656,0.6607473492622375,-0.8738112449645996,-0.12026426941156387,0.6521641612052917,-1.1554369926452637,-0.36030328273773193,0.5800744891166687,-0.8303306698799133,-0.4679127037525177,0.5974247455596924,-0.7018253803253174,-0.5068110823631287,0.3583548069000244,-0.9285538792610168,-0.09679561853408813,0.34264275431632996,-1.187164306640625,-0.3421116769313812,0.3164049983024597,-0.7863932847976685,-0.3761153817176819,0.3406124413013458,-0.7139044404029846,-0.34019628167152405,0.08471832424402237,-0.923400342464447,-0.1178668811917305,0.0186616163700819,-1.1048682928085327,-0.3839431703090668,0.04765729233622551,-0.723646342754364,-0.3137512803077698,0.10338684171438217,-0.658453643321991,-0.19755586981773376,-0.19088447093963623,-0.8755898475646973,-0.15484166145324707,-0.23612108826637268,-1.027372121810913,-0.2996121346950531,-0.18733720481395721,-0.7653723955154419,-0.21713460981845856,-0.14996963739395142,-0.6783636212348938,-0.11372324079275131
0.0,0.0,0.0,0.33936285972595215,-0.1228749230504036,-0.22750461101531982,0.5836769938468933,-0.41771847009658813,-0.3371090590953827,0.44085171818733215,-0.7815072536468506,-0.4226641356945038,0.21167942881584167,-1.0076874494552612,-0.4588872492313385,0.6800763607025146,-0.8627593517303467,-0.1195918619632721,0.6732133626937866,-1.1279348134994507,-0.34672999382019043,0.5789268016815186,-0.8013591766357422,-0.44819387793540955,0.5873790383338928,-0.68031245470047,-0.48707908391952515,0.3866255283355713,-0.9167929887771606,-0.10005664080381393,0.38233718276023865,-1.1434874534606934,-0.33294692635536194,0.3255489766597748,-0.7553936839103699,-0.36515313386917114,0.33040422201156616,-0.6993536949157715,-0.3322595953941345,0.11148607730865479,-0.9124775528907776,-0.12378568202257156,0.08348384499549866,-1.0812909603118896,-0.3832683563232422,0.08005396276712418,-0.7057917714118958,-0.3163627088069916,0.10355725139379501,-0.6526987552642822,-0.20610876381397247,-0.17010940611362457,-0.8689696788787842,-0.16271424293518066,-0.16646571457386017,-1.003982424736023,-0.3073737919330597,-0.13160941004753113,-0.7454838156700134,-0.22793972492218018,-0.1150398999452591,-0.6752414107322693,-0.12760098278522491
0.0,0.0,0.0,0.3534409701824188,-0.1308368295431137,-0.17248235642910004,0.6323736310005188,-0.43035951256752014,-0.25684449076652527,0.5374887585639954,-0.7663378715515137,-0.32929733395576477,0.3006957471370697,-0.9570848941802979,-0.35926416516304016,0.6792712211608887,-0.8495917916297913,-0.07893780618906021,0.7348549962043762,-1.1039249897003174,-0.2761698067188263,0.6254122257232666,-0.7855567336082458,-0.3608718812465668,0.6041630506515503,-0.687757670879364,-0.39631691575050354,0.39353683590888977,-0.9152308702468872,-0.0864943265914917,0.44721150398254395,-1.1577701568603516,-0.291795551776886,0.3721159100532532,-0.77987140417099,-0.31495678424835205,0.35787686705589294,-0.724643349647522,-0.2829451262950897,0.11442984640598297,-0.9130306839942932,-0.12932325899600983,0.12096940726041794,-1.1055690050125122,-0.3581140637397766,0.10862595587968826,-0.7319763898849487,-0.2812512516975403,0.11535763740539551,-0.6723728179931641,-0.17474482953548431,-0.1752263456583023,-0.8701258897781372,-0.18371924757957458,-0.14622598886489868,-0.997185230255127,-0.3109378516674042,-0.11430386453866959,-0.7373074889183044,-0.22287635505199432,-0.10033547878265381,-0.669054388999939,-0.12423337250947952
0.0,0.0,0.0,0.36453235149383545,-0.0951058492064476,-0.1919432431459427,0.6529996991157532,-0.3682364523410797,-0.28306958079338074,0.550081729888916,-0.7264174818992615,-0.363310307264328,0.3450332283973694,-0.9541192650794983,-0.39848142862319946,0.7245527505874634,-0.8133978247642517,-0.054755792021751404,0.7964989542961121,-1.0817670822143555,-0.2936788499355316,0.6633281707763672,-0.7806617021560669,-0.4078035056591034,0.6038948893547058,-0.6340577006340027,-0.4487845301628113,0.4424341022968292,-0.8951983451843262,-0.05359062924981117,0.48895129561424255,-1.1249480247497559,-0.29592928290367126,0.397083580493927,-0.7453390955924988,-0.340353399515152,0.3828134834766388,-0.6670856475830078,-0.30973806977272034,0.1629621386528015,-0.9068468809127808,-0.09737984836101532,0.16944950819015503,-1.0695518255233765,-0.36817848682403564,0.14247596263885498,-0.6892409324645996,-0.3129771947860718,0.1532619148492813,-0.62068110704422,-0.20589227974414825,-0.13549448549747467,-0.8769030570983887,-0.15326735377311707,-0.10003698617219925,-0.9688284993171692,-0.31605827808380127,-0.073210209608078,-0.6913493275642395,-0.24905893206596375,-0.04798853397369385,-0.6210758090019226,-0.15341943502426147
0.0,0.0,0.0,0.36040809750556946,-0.11661971360445023,-0.17098577320575714,0.6095287799835205,-0.4147528409957886,-0.2572935223579407,0.3826974332332611,-0.735930860042572,-0.3319042921066284,0.10536891222000122,-0.9069481492042542,-0.3533133268356323,0.6990439891815186,-0.8244380354881287,-0.09509715437889099,0.8205370306968689,-1.1744285821914673,-0.3372078239917755,0.6807376742362976,-0.8261659145355225,-0.4368458092212677,0.6248950958251953,-0.6686109304428101,-0.46599674224853516,0.40153762698173523,-0.9099144339561462,-0.10403477400541306,0.48961153626441956,-1.2188138961791992,-0.3331449329853058,0.37874743342399597,-0.8109985589981079,-0.34737175703048706,0.3775026798248291,-0.7196103930473328,-0.30188432335853577,0.1111886128783226,-0.9297312498092651,-0.15472735464572906,0.1408589780330658,-1.1833611726760864,-0.3835623860359192,0.09913898259401321,-0.7985427975654602,-0.2885572612285614,0.12612062692642212,-0.7130957245826721,-0.16787020862102509,-0.19020304083824158,-0.9110369682312012,-0.21930596232414246,-0.16307996213436127,-1.0353097915649414,-0.3311672508716583,-0.14719624817371368,-0.768652617931366,-0.23117320239543915,-0.11848879605531693,-0.6891683340072632,-0.1241886168718338
0.0,0.0,0.0,0.34431949257850647,-0.12611199915409088,-0.18445497751235962,0.5849969983100891,-0.4085022211074829,-0.28056079149246216,0.3518715500831604,-0.7169860601425171,-0.3616667091846466,0.08052895963191986,-0.8814849257469177,-0.3926405906677246,0.6636673212051392,-0.8456421494483948,-0.10997633635997772,0.7566443681716919,-1.1606494188308716,-0.35044482350349426,0.6436468958854675,-0.8207395672798157,-0.4558448791503906,0.600016176700592,-0.6720686554908752,-0.49240073561668396,0.36886414885520935,-0.922408401966095,-0.11446381360292435,0.434357613325119,-1.2045600414276123,-0.34044522047042847,0.35241448879241943,-0.7971265316009521,-0.36133241653442383,0.3551463782787323,-0.7172048091888428,-0.3257800042629242,0.08833274990320206,-0.9291918277740479,-0.16010960936546326,0.10219027101993561,-1.1713359355926514,-0.3956200182437897,0.08367016911506653,-0.7833079099655151,-0.3070407807826996,0.11211056262254715,-0.6980332136154175,-0.1925806999206543,-0.20873364806175232,-0.8952348828315735,-0.21964047849178314,-0.1898554265499115,-1.0292320251464844,-0.34646937251091003,-0.1610567420721054,-0.7566882371902466,-0.25141641497612,-0.13225248456001282,-0.6676863431930542,-0.14663977921009064
0.0,0.0,0.0,0.3520621061325073,-0.1213948130607605,-0.20661170780658722,0.5778234601020813,-0.3919401168823242,-0.315578818321228,0.33855587244033813,-0.6873264312744141,-0.40525007247924805,0.07664110511541367,-0.8506003022193909,-0.44246572256088257,0.6579744219779968,-0.8487904071807861,-0.1179061010479927,0.731931746006012,-1.1462222337722778,-0.3672570288181305,0.606216549873352,-0.8032907843589783,-0.47855934500694275,0.5633078813552856,-0.6591934561729431,-0.519926905632019,0.3598693609237671,-0.9259163737297058,-0.1147729903459549,0.4158164858818054,-1.1869311332702637,-0.35916829109191895,0.32606273889541626,-0.7717044949531555,-0.3871406316757202,0.3326103389263153,-0.6963891983032227,-0.3507683575153351,0.07418598234653473,-0.9307363629341125,-0.15609227120876312,0.09069149196147919,-1.1348241567611694,-0.4039793312549591,0.06344717741012573,-0.7552690505981445,-0.32124441862106323,0.09079278260469437,-0.692034900188446,-0.2073451578617096,-0.2225518524646759,-0.8934585452079773,-0.21361538767814636,-0.2004818171262741,-0.9816157817840576,-0.34591391682624817,-0.17934302985668182,-0.7177910208702087,-0.25794151425361633,-0.1535148322582245,-0.6576148271560669,-0.15747611224651337
0.0,0.0,0.0,0.32536497712135315,-0.11702968925237656,-0.20535288751125336,0.5439727902412415,-0.40047767758369446,-0.3018649220466614,0.29498761892318726,-0.6860284209251404,-0.3751649260520935,0.04472604766488075,-0.8384997844696045,-0.39457887411117554,0.6376192569732666,-0.8608933687210083,-0.11855273693799973,0.6736292839050293,-1.123536467552185,-0.35151976346969604,0.5659356713294983,-0.7752570509910583,-0.44790855050086975,0.5495666265487671,-0.6530778408050537,-0.48641401529312134,0.3381507098674774,-0.9336976408958435,-0.11774027347564697,0.3753092885017395,-1.1653939485549927,-0.35043928027153015,0.30676987767219543,-0.737846314907074,-0.36449623107910156,0.3270423412322998,-0.6788181662559509,-0.32136625051498413,0.05531202256679535,-0.9322516918182373,-0.16181673109531403,0.04728962853550911,-1.108365535736084,-0.4052903354167938,0.043487533926963806,-0.7174884080886841,-0.3215710520744324,0.08750634640455246,-0.6797519326210022,-0.21071560680866241,-0.23448194563388824,-0.8814694881439209,-0.2223818451166153,-0.23685574531555176,-0.9489067792892456,-0.35756757855415344,-0.1952696293592453,-0.6807686686515808,-0.27539998292922974,-0.15403412282466888,-0.6424052715301514,-0.1813051700592041
0.0,0.0,0.0,0.3253154456615448,-0.12328602373600006,-0.1719343513250351,0.5337846875190735,-0.3973386883735657,-0.2562789022922516,0.32195237278938293,-0.670762836933136,-0.32582956552505493,0.08513709902763367,-0.8213383555412292,-0.3483279049396515,0.640785276889801,-0.8432243466377258,-0.08665971457958221,0.6890354156494141,-1.0933420658111572,-0.3102753758430481,0.5829566121101379,-0.7842636108398438,-0.41083550453186035,0.547266960144043,-0.6386879086494446,-0.44851601123809814,0.3562794625759125,-0.9291834235191345,-0.09840270131826401,0.401195764541626,-1.1462740898132324,-0.3056313395500183,0.3300427794456482,-0.7607865929603577,-0.3229946792125702,0.33657515048980713,-0.6904506683349609,-0.2881065607070923,0.0787113606929779,-0.9313508868217468,-0.15167419612407684,0.09320521354675293,-1.0986000299453735,-0.3728415071964264,0.0848931074142456,-0.7245922088623047,-0.2981875538825989,0.11158854514360428,-0.6616005301475525,-0.19775108993053436,-0.21101635694503784,-0.8751370310783386,-0.2191285938024521,-0.19587691128253937,-0.9553597569465637,-0.3438562750816345,-0.15292568504810333,-0.7025964260101318,-0.26530691981315613,-0.1164361909031868,-0.6467708349227905,-0.17495553195476532
0.0,0.0,0.0,0.3273988962173462,-0.11969549208879471,-0.17940941452980042,0.5449971556663513,-0.3869045376777649,-0.2774244248867035,0.33307236433029175,-0.6636675000190735,-0.36161738634109497,0.08653249591588974,-0.8282641172409058,-0.3983251452445984,0.6572045087814331,-0.8418773412704468,-0.1034955233335495,0.7227932214736938,-1.1101104021072388,-0.33973363041877747,0.6086435317993164,-0.7906914949417114,-0.4462599456310272,0.5662373900413513,-0.637942910194397,-0.4862213134765625,0.3665860593318939,-0.9234933257102966,-0.11302535980939865,0.4172447621822357,-1.1528042554855347,-0.3353874683380127,0.33343490958213806,-0.7580810189247131,-0.3570926785469055,0.3346076011657715,-0.6837617754936218,-0.32390347123146057,0.08804021030664444,-0.9279130697250366,-0.16460931301116943,0.09895827621221542,-1.1140401363372803,-0.3980748653411865,0.08255976438522339,-0.7431541085243225,-0.3229045271873474,0.10821325331926346,-0.6768292784690857,-0.2202674299478531,-0.2001587152481079,-0.8820292353630066,-0.23063620924949646,-0.18698854744434357,-0.9736325740814209,-0.365372896194458,-0.1519698053598404,-0.7205947637557983,-0.28916388750076294,-0.11648761481046677,-0.6614238023757935,-0.19900213181972504
0.0,0.0,0.0,0.34315648674964905,-0.11487532407045364,-0.17201411724090576,0.5808557868003845,-0.39393553137779236,-0.2641002833843231,0.3670694828033447,-0.6871953010559082,-0.3444497585296631,0.11111544072628021,-0.8620645999908447,-0.37807121872901917,0.6901057362556458,-0.8283045887947083,-0.09714266657829285,0.7791306376457214,-1.1337642669677734,-0.34046804904937744,0.6531485915184021,-0.8209128975868225,-0.4483853280544281,0.5971972346305847,-0.6520484685897827,-0.4839022755622864,0.39268237352371216,-0.9128831028938293,-0.11155734211206436,0.46466881036758423,-1.1855438947677612,-0.34183892607688904,0.36482369899749756,-0.7928059697151184,-0.36794543266296387,0.35433679819107056,-0.702288806438446,-0.33154842257499695,0.10364802181720734,-0.9258299469947815,-0.16757582128047943,0.12264691293239594,-1.1475756168365479,-0.4105558693408966,0.09702152758836746,-0.7708248496055603,-0.3373693823814392,0.11724066734313965,-0.6958016753196716,-0.22929225862026215,-0.19914691150188446,-0.890188992023468,-0.23587916791439056,-0.1769607961177826,-1.0132375955581665,-0.3723931908607483,-0.1434236317873001,-0.7509320974349976,-0.28870144486427307,-0.11317383497953415,-0.6805269718170166,-0.18995200097560883
0.0,0.0,0.0,0.3489042818546295,-0.12021110206842422,-0.17238374054431915,0.6058692336082458,-0.4022568464279175,-0.2668984532356262,0.397097110748291,-0.7198259830474854,-0.3489205539226532,0.12675386667251587,-0.9001630544662476,-0.3821721076965332,0.6905017495155334,-0.8257611393928528,-0.11555160582065582,0.7990081310272217,-1.1557567119598389,-0.3563147187232971,0.6734467148780823,-0.8094390630722046,-0.45708751678466797,0.6253971457481384,-0.6528904438018799,-0.49067363142967224,0.3924154043197632,-0.9105668067932129,-0.12991636991500854,0.4773133099079132,-1.2113925218582153,-0.35497066378593445,0.3771137297153473,-0.7968642711639404,-0.3712032437324524,0.3658318519592285,-0.711638331413269,-0.33256131410598755,0.1046588346362114,-0.9222762584686279,-0.18373644351959229,0.12948624789714813,-1.1746454238891602,-0.4182385504245758,0.10063349455595016,-0.7840138673782349,-0.32612261176109314,0.11712835729122162,-0.7058849334716797,-0.21012140810489655,-0.1999603658914566,-0.8915686011314392,-0.2499912679195404,-0.18030913174152374,-1.0369338989257812,-0.3719518184661865,-0.15107277035713196,-0.7695813775062561,-0.2718816101551056,-0.12676197290420532,-0.6914764046669006,-0.16615991294384003
