feature_0,feature_1,feature_2,feature_3,feature_4,feature_5,feature_6,feature_7,feature_8,feature_9,feature_10,feature_11,feature_12,feature_13,feature_14,feature_15,feature_16,feature_17,feature_18,feature_19,feature_20,feature_21,feature_22,feature_23,feature_24,feature_25,feature_26,feature_27,feature_28,feature_29,feature_30,feature_31,feature_32,feature_33,feature_34,feature_35,feature_36,feature_37,feature_38,feature_39,feature_40,feature_41,feature_42,feature_43,feature_44,feature_45,feature_46,feature_47,feature_48,feature_49,feature_50,feature_51,feature_52,feature_53,feature_54,feature_55,feature_56,feature_57,feature_58,feature_59,feature_60,feature_61,feature_62
0.0,0.0,0.0,0.18487107753753662,-0.1648193746805191,-0.20726169645786285,0.22924788296222687,-0.5011973977088928,-0.2692497670650482,-0.03987885266542435,-0.7661042809486389,-0.29968079924583435,-0.27654916048049927,-0.9557273983955383,-0.32867851853370667,0.40228724479675293,-0.9457622170448303,-0.1169084683060646,0.4612191617488861,-1.3904591798782349,-0.18189406394958496,0.4746794104576111,-1.6577407121658325,-0.23948712646961212,0.4642590880393982,-1.9049662351608276,-0.28996965289115906,0.15035095810890198,-0.9831438660621643,-0.10403197258710861,0.17542791366577148,-1.4692339897155762,-0.17444732785224915,0.15846170485019684,-1.76433265209198,-0.2572537958621979,0.13983456790447235,-2.0352330207824707,-0.3040122389793396,-0.08087874948978424,-0.9132145643234253,-0.11298133432865143,-0.17526647448539734,-1.3271193504333496,-0.28084564208984375,-0.22156791388988495,-1.5889546871185303,-0.41547656059265137,-0.2616206109523773,-1.8397071361541748,-0.48940348625183105,-0.2791435718536377,-0.7631447315216064,-0.13156239688396454,-0.2970661222934723,-0.921114981174469,-0.35339951515197754,-0.2647632956504822,-0.7166648507118225,-0.40750476717948914,-0.24011379480361938,-0.5281926393508911,-0.410786509513855
0.0,0.0,0.0,0.18898409605026245,-0.20083463191986084,-0.19389747083187103,0.2243468016386032,-0.5445512533187866,-0.24884721636772156,-0.026913782581686974,-0.8075271844863892,-0.2784078121185303,-0.2494923174381256,-1.000882625579834,-0.30913203954696655,0.40841007232666016,-0.9519546627998352,-0.10260046273469925,0.4656335115432739,-1.3923780918121338,-0.17142531275749207,0.47855764627456665,-1.6632544994354248,-0.23574641346931458,0.4731551706790924,-1.9112982749938965,-0.2923230528831482,0.1615990698337555,-0.9818100929260254,-0.09967290610074997,0.18939805030822754,-1.4628926515579224,-0.17196425795555115,0.17697995901107788,-1.765881061553955,-0.2643117904663086,0.16764689981937408,-2.0384979248046875,-0.31968575716018677,-0.07404139637947083,-0.9010379910469055,-0.11817562580108643,-0.16547508537769318,-1.3241910934448242,-0.29046520590782166,-0.19861367344856262,-1.5963882207870483,-0.43861594796180725,-0.2243998646736145,-1.8526637554168701,-0.5234763026237488,-0.27308154106140137,-0.7322078943252563,-0.14477857947349548,-0.2972601652145386,-0.872463583946228,-0.3756842315196991,-0.26210835576057434,-0.686734139919281,-0.4438999593257904,-0.2350391447544098,-0.5122286677360535,-0.4583900570869446
0.0,0.0,0.0,0.20598755776882172,-0.19363649189472198,-0.21095648407936096,0.25759750604629517,-0.534321129322052,-0.26346325874328613,0.01825859397649765,-0.8154532313346863,-0.2862987518310547,-0.20595957338809967,-1.0110958814620972,-0.3074425756931305,0.43082401156425476,-0.9406827092170715,-0.09180834144353867,0.4819948375225067,-1.357400894165039,-0.1584036499261856,0.49360981583595276,-1.6168736219406128,-0.2253723293542862,0.4865063726902008,-1.8536180257797241,-0.2842978537082672,0.19234111905097961,-0.9783099889755249,-0.07690522074699402,0.21589335799217224,-1.4334275722503662,-0.14530523121356964,0.20020265877246857,-1.718422532081604,-0.2406042516231537,0.18942223489284515,-1.9700590372085571,-0.30025559663772583,-0.03730570152401924,-0.9045301675796509,-0.08696737885475159,-0.12033895403146744,-1.3134835958480835,-0.25688865780830383,-0.15101668238639832,-1.5638211965560913,-0.40433260798454285,-0.1722470074892044,-1.7998024225234985,-0.4879748821258545,-0.23097559809684753,-0.7422798871994019,-0.1068338006734848,-0.24117128551006317,-0.9168644547462463,-0.3334672152996063,-0.200492262840271,-0.7468344569206238,-0.4031829237937927,-0.17000964283943176,-0.5836179256439209,-0.419388085603714
0.0,0.0,0.0,0.23964636027812958,-0.2011016309261322,-0.19867952167987823,0.30884066224098206,-0.5534785985946655,-0.23318776488304138,0.06994227319955826,-0.8463414907455444,-0.23549944162368774,-0.16046996414661407,-1.027573585510254,-0.23275604844093323,0.44379520416259766,-0.9457364082336426,-0.06196669489145279,0.5038881897926331,-1.366590976715088,-0.10836479067802429,0.5162326097488403,-1.6205523014068604,-0.16380029916763306,0.5142344832420349,-1.8580293655395508,-0.2152746468782425,0.20447133481502533,-0.9777079224586487,-0.047734811902046204,0.22818715870380402,-1.4404100179672241,-0.09124952554702759,0.21678964793682098,-1.7183283567428589,-0.17432011663913727,0.2110913097858429,-1.9699534177780151,-0.22800348699092865,-0.020872067660093307,-0.908482015132904,-0.05838744342327118,-0.09900542348623276,-1.330448865890503,-0.21161195635795593,-0.12009879946708679,-1.5769397020339966,-0.3479771912097931,-0.1358521580696106,-1.8186652660369873,-0.4244332015514374,-0.20631912350654602,-0.7502135038375854,-0.07857223600149155,-0.21034207940101624,-0.9755611419677734,-0.28400692343711853,-0.1764366179704666,-0.7908040285110474,-0.3318771719932556,-0.16036063432693481,-0.6048151254653931,-0.33433791995048523
0.0,0.0,0.0,0.2636362910270691,-0.1884525865316391,-0.1793515384197235,0.34702497720718384,-0.5372257232666016,-0.22135089337825775,0.12217558920383453,-0.8315152525901794,-0.23683325946331024,-0.10740348696708679,-1.0157203674316406,-0.25000786781311035,0.4616321921348572,-0.9293226599693298,-0.07752004265785217,0.5267583727836609,-1.3554226160049438,-0.129575714468956,0.5462597012519836,-1.611121654510498,-0.1843825727701187,0.5451039671897888,-1.8474713563919067,-0.23406915366649628,0.22283652424812317,-0.9722321033477783,-0.07147476822137833,0.24440859258174896,-1.43641197681427,-0.12023754417896271,0.23906318843364716,-1.7131712436676025,-0.19616220891475677,0.23486047983169556,-1.9601083993911743,-0.24419432878494263,-0.0037281825207173824,-0.9120091199874878,-0.08588501811027527,-0.07134773582220078,-1.3372235298156738,-0.23134586215019226,-0.08113498985767365,-1.5881030559539795,-0.35157936811447144,-0.08550385385751724,-1.8276607990264893,-0.4201144576072693,-0.19342465698719025,-0.7688300013542175,-0.10844973474740982,-0.190878763794899,-0.9780051112174988,-0.30102720856666565,-0.15711824595928192,-0.7964921593666077,-0.33786192536354065,-0.13836731016635895,-0.6114845275878906,-0.3344852924346924
0.0,0.0,0.0,0.25398385524749756,-0.1695328652858734,-0.1803705394268036,0.35529911518096924,-0.5318357944488525,-0.21585310995578766,0.13711126148700714,-0.8392691612243652,-0.22273722290992737,-0.10209996998310089,-1.0198049545288086,-0.22608031332492828,0.4600185453891754,-0.9278170466423035,-0.06754811853170395,0.5423880815505981,-1.3435202836990356,-0.11665520071983337,0.574448823928833,-1.5912009477615356,-0.1692081093788147,0.5848924517631531,-1.8235396146774292,-0.2168927788734436,0.22511988878250122,-0.9723090529441833,-0.06273934245109558,0.26367640495300293,-1.4247416257858276,-0.10408515483140945,0.27135610580444336,-1.6923381090164185,-0.1718149036169052,0.2783504128456116,-1.9349050521850586,-0.21378672122955322,0.002548515098169446,-0.9119683504104614,-0.08022212237119675,-0.029248693957924843,-1.3297735452651978,-0.2236872762441635,-0.014910094439983368,-1.5722218751907349,-0.340690016746521,-0.00015413406072184443,-1.8146709203720093,-0.4064766466617584,-0.18658389151096344,-0.7653236389160156,-0.10654564946889877,-0.15938261151313782,-0.9684073328971863,-0.30068671703338623,-0.12375091761350632,-0.7798948884010315,-0.336047500371933,-0.11188451945781708,-0.5960263609886169,-0.33113688230514526
0.0,0.0,0.0,0.25735604763031006,-0.17399856448173523,-0.1768331527709961,0.3705468773841858,-0.5385876893997192,-0.2025781124830246,0.14024578034877777,-0.8457242846488953,-0.19946527481079102,-0.09832411259412766,-1.020594596862793,-0.19161288440227509,0.4599904716014862,-0.9323292374610901,-0.044937875121831894,0.5527334213256836,-1.3509035110473633,-0.08288297057151794,0.5945804715156555,-1.5966002941131592,-0.12717211246490479,0.613170862197876,-1.8310421705245972,-0.16959509253501892,0.22699572145938873,-0.9731225371360779,-0.03880137950181961,0.27986758947372437,-1.428215503692627,-0.08002670854330063,0.2880781888961792,-1.6950448751449585,-0.14970310032367706,0.2951999008655548,-1.9460291862487793,-0.19214273989200592,0.00749258603900671,-0.9187899231910706,-0.055157434195280075,-0.017236240208148956,-1.329795479774475,-0.19984044134616852,-0.0005376165499910712,-1.5706169605255127,-0.31410491466522217,0.016705600544810295,-1.821427345275879,-0.3762672543525696,-0.18570515513420105,-0.7792800068855286,-0.08008868247270584,-0.13911278545856476,-1.0080024003982544,-0.2624984681606293,-0.09938831627368927,-0.8063132166862488,-0.28555864095687866,-0.08174073696136475,-0.6131879091262817,-0.27415621280670166
0.0,0.0,0.0,0.25949403643608093,-0.17537078261375427,-0.16439829766750336,0.37809109687805176,-0.5361922979354858,-0.1952088326215744,0.16171787679195404,-0.8420316576957703,-0.20204168558120728,-0.07604830712080002,-1.0189822912216187,-0.20638811588287354,0.4801079034805298,-0.9221287965774536,-0.04913393780589104,0.5789468288421631,-1.3330284357070923,-0.09425137937068939,0.6186305284500122,-1.581215262413025,-0.14275145530700684,0.6324408054351807,-1.8126602172851562,-0.18768897652626038,0.24056626856327057,-0.9692785739898682,-0.05125284194946289,0.2931842803955078,-1.4215705394744873,-0.09607306122779846,0.30968889594078064,-1.6854524612426758,-0.16109828650951385,0.3265431821346283,-1.9300425052642822,-0.1996554732322693,0.0124202324077487,-0.9158962368965149,-0.07455231994390488,-0.004052451346069574,-1.3356887102127075,-0.2177594006061554,0.02527535893023014,-1.5703635215759277,-0.32504329085350037,0.054717376828193665,-1.8097126483917236,-0.38349348306655884,-0.18790887296199799,-0.777305543422699,-0.10559533536434174,-0.13794073462486267,-0.9866355061531067,-0.29032769799232483,-0.10041055828332901,-0.7912106513977051,-0.31443580985069275,-0.08356767892837524,-0.6050493717193604,-0.30319201946258545
0.0,0.0,0.0,0.25444820523262024,-0.1685369610786438,-0.1636037826538086,0.38836008310317993,-0.5337808132171631,-0.1864309012889862,0.17595648765563965,-0.8465224504470825,-0.18332688510417938,-0.06044783443212509,-1.0266790390014648,-0.17702092230319977,0.47762641310691833,-0.9198814630508423,-0.03508887067437172,0.5792295932769775,-1.3265589475631714,-0.07240956276655197,0.6277711391448975,-1.5676541328430176,-0.11539912968873978,0.6481482982635498,-1.7946381568908691,-0.15516898036003113,0.24772362411022186,-0.9682857394218445,-0.03249061852693558,0.3095846474170685,-1.412799596786499,-0.06864959001541138,0.32497888803482056,-1.674406886100769,-0.13262449204921722,0.337196946144104,-1.9135037660598755,-0.1718161255121231,0.028664475306868553,-0.9219944477081299,-0.05164407193660736,0.015943152830004692,-1.3303219079971313,-0.18962056934833527,0.034218039363622665,-1.568323016166687,-0.30308565497398376,0.05018225684762001,-1.8084145784378052,-0.36693933606147766,-0.17010386288166046,-0.7973445057868958,-0.07841187715530396,-0.10168047249317169,-1.009324312210083,-0.2585725784301758,-0.0664268508553505,-0.8090643286705017,-0.2872116267681122,-0.05637413263320923,-0.6220799088478088,-0.28077709674835205
0.0,0.0,0.0,0.25675442814826965,-0.1725822389125824,-0.16114722192287445,0.38343673944473267,-0.5380268096923828,-0.18463467061519623,0.1675855666399002,-0.865300178527832,-0.18288977444171906,-0.06493595242500305,-1.0590318441390991,-0.17738787829875946,0.48697587847709656,-0.9112834334373474,-0.034314077347517014,0.5835487246513367,-1.3214069604873657,-0.06577598303556442,0.6192370653152466,-1.561835527420044,-0.1048264130949974,0.6345569491386414,-1.7884633541107178,-0.14369718730449677,0.25257614254951477,-0.967103123664856,-0.03028022311627865,0.3140004873275757,-1.4163818359375,-0.06622125953435898,0.330481618642807,-1.678996205329895,-0.1273096203804016,0.34420791268348694,-1.915221095085144,-0.1635987013578415,0.03191136568784714,-0.9262636303901672,-0.046954452991485596,0.007240287493914366,-1.3565595149993896,-0.18548274040222168,0.02080376259982586,-1.6032013893127441,-0.2951309084892273,0.03132886067032814,-1.8439016342163086,-0.354684978723526,-0.16549289226531982,-0.8043302893638611,-0.07035738974809647,-0.11595696210861206,-1.039839506149292,-0.2514358162879944,-0.08966482430696487,-0.8443737626075745,-0.27790123224258423,-0.08484608680009842,-0.6515581011772156,-0.26819923520088196
0.0,0.0,0.0,0.24632397294044495,-0.17715266346931458,-0.18426397442817688,0.3469165861606598,-0.5359708666801453,-0.21841566264629364,0.12442667782306671,-0.8595576882362366,-0.2247484177350998,-0.10095202177762985,-1.0636446475982666,-0.2262517362833023,0.471327543258667,-0.9202700257301331,-0.045012716203927994,0.5499000549316406,-1.3306703567504883,-0.0835234671831131,0.5719411373138428,-1.5787626504898071,-0.1332450658082962,0.5798640251159668,-1.813659429550171,-0.18258176743984222,0.23601962625980377,-0.971199631690979,-0.03264830261468887,0.28161612153053284,-1.4256861209869385,-0.07548206299543381,0.28616321086883545,-1.691546082496643,-0.14909802377223969,0.29164859652519226,-1.9336861371994019,-0.19767628610134125,0.015094640664756298,-0.9257193803787231,-0.04370304197072983,-0.02368580363690853,-1.3567485809326172,-0.1897622048854828,-0.020900733768939972,-1.6001920700073242,-0.3060940206050873,-0.01855320669710636,-1.8370803594589233,-0.3713711202144623,-0.17696741223335266,-0.800908625125885,-0.0637633427977562,-0.1514395922422409,-1.0543919801712036,-0.253025621175766,-0.12401888519525528,-0.8682665824890137,-0.28556111454963684,-0.11364149302244186,-0.6776994466781616,-0.28096017241477966
0.0,0.0,0.0,0.2505187392234802,-0.17382267117500305,-0.16765347123146057,0.33960384130477905,-0.5261107087135315,-0.20214012265205383,0.13296684622764587,-0.8215590119361877,-0.21452036499977112,-0.06963346898555756,-1.01899254322052,-0.22459402680397034,0.4717821180820465,-0.9151253700256348,-0.05550320819020271,0.5525357723236084,-1.3149175643920898,-0.10198590904474258,0.5828322172164917,-1.5604521036148071,-0.1539207398891449,0.5924780368804932,-1.7846481800079346,-0.2009173333644867,0.24152320623397827,-0.9691064953804016,-0.04999160021543503,0.278640478849411,-1.4159785509109497,-0.09127474576234818,0.28559792041778564,-1.680738925933838,-0.15657201409339905,0.29471999406814575,-1.9103803634643555,-0.1970808357000351,0.02031918801367283,-0.9204161167144775,-0.06572375446557999,-0.018068809062242508,-1.3392242193222046,-0.19751034677028656,-0.012646644376218319,-1.5775461196899414,-0.30688878893852234,-0.0058171674609184265,-1.7985823154449463,-0.3690529763698578,-0.1699867844581604,-0.7885276675224304,-0.0903366431593895,-0.1543804556131363,-0.9913145303726196,-0.27116355299949646,-0.13092732429504395,-0.8171656131744385,-0.30688759684562683,-0.121302530169487,-0.6373177766799927,-0.3036511540412903
0.0,0.0,0.0,0.28444212675094604,-0.1636992245912552,-0.1558161973953247,0.40228480100631714,-0.5032767653465271,-0.18972396850585938,0.19470612704753876,-0.7980288863182068,-0.20451989769935608,0.004709502216428518,-0.9930413961410522,-0.21959462761878967,0.48737022280693054,-0.9121934175491333,-0.05124593898653984,0.5761391520500183,-1.3042001724243164,-0.09820040315389633,0.6132122278213501,-1.5427556037902832,-0.15003816783428192,0.6255948543548584,-1.7593193054199219,-0.1961674690246582,0.24694322049617767,-0.9677824378013611,-0.04915517196059227,0.2790372669696808,-1.4007079601287842,-0.08963532745838165,0.28620490431785583,-1.6615192890167236,-0.15494145452976227,0.2956767678260803,-1.8872942924499512,-0.1965191662311554,0.02073964662849903,-0.9208747148513794,-0.0670885369181633,-0.0041762785986065865,-1.3365063667297363,-0.19846121966838837,0.00421290984377265,-1.5804320573806763,-0.3127409815788269,0.011410150676965714,-1.8014296293258667,-0.37951287627220154,-0.17971663177013397,-0.7895007729530334,-0.09210697561502457,-0.15513581037521362,-0.9777050614356995,-0.27358078956604004,-0.1252240240573883,-0.8125399351119995,-0.3162890672683716,-0.11429453641176224,-0.6403680443763733,-0.3184964656829834
0.0,0.0,0.0,0.3002576529979706,-0.16630154848098755,-0.14819051325321198,0.4270502030849457,-0.5244584083557129,-0.17126193642616272,0.21973854303359985,-0.8323392868041992,-0.1745879054069519,0.02305881679058075,-1.017266869544983,-0.17959502339363098,0.4957064092159271,-0.9135484099388123,-0.04239647835493088,0.5981554388999939,-1.3030585050582886,-0.08245840668678284,0.6419112086296082,-1.5442737340927124,-0.1277577430009842,0.6597938537597656,-1.7599101066589355,-0.16874538362026215,0.25181737542152405,-0.9668972492218018,-0.04120126739144325,0.2906917929649353,-1.4024200439453125,-0.07424167543649673,0.30219900608062744,-1.6668003797531128,-0.13444556295871735,0.31871363520622253,-1.8961436748504639,-0.1715465784072876,0.02352301962673664,-0.916256844997406,-0.05890905484557152,0.008270114660263062,-1.3472468852996826,-0.18797427415847778,0.023330923169851303,-1.6009529829025269,-0.3053469657897949,0.03857605159282684,-1.8313161134719849,-0.3740033507347107,-0.18068499863147736,-0.780688464641571,-0.08212905377149582,-0.1413237303495407,-0.9666034579277039,-0.26457616686820984,-0.09901851415634155,-0.7967402338981628,-0.30945560336112976,-0.07777924835681915,-0.6217318773269653,-0.3129939138889313
0.0,0.0,0.0,0.28445085883140564,-0.1705058068037033,-0.1453188806772232,0.4116027355194092,-0.5268405675888062,-0.17086295783519745,0.2060541808605194,-0.8352698683738708,-0.17620894312858582,0.010618557222187519,-1.0358383655548096,-0.18312174081802368,0.4910547137260437,-0.91541987657547,-0.047809451818466187,0.5950567126274109,-1.3144780397415161,-0.08908811956644058,0.643707275390625,-1.558829426765442,-0.13388265669345856,0.6644240021705627,-1.7820496559143066,-0.1732412725687027,0.2442382574081421,-0.9684339761734009,-0.04983249679207802,0.2909659743309021,-1.4172613620758057,-0.0884707048535347,0.3045949935913086,-1.690015196800232,-0.15257950127124786,0.32300832867622375,-1.9295129776000977,-0.19153307378292084,0.010865814052522182,-0.9219921827316284,-0.0695541501045227,-0.010788440704345703,-1.359344244003296,-0.20432449877262115,0.003848112653940916,-1.6185803413391113,-0.3225782513618469,0.02080349251627922,-1.8569689989089966,-0.3918173313140869,-0.19906002283096313,-0.7956934571266174,-0.09400617331266403,-0.13200147449970245,-0.9865956902503967,-0.2748664617538452,-0.07991116493940353,-0.795186460018158,-0.3130047619342804,-0.05031578242778778,-0.6027505397796631,-0.3129846155643463
0.0,0.0,0.0,0.2939454913139343,-0.1678798794746399,-0.13658560812473297,0.4278148412704468,-0.5278202891349792,-0.1615511029958725,0.23733794689178467,-0.8328403234481812,-0.1680447906255722,0.03686164692044258,-1.0228742361068726,-0.1760503202676773,0.5050241947174072,-0.9109112024307251,-0.04990031197667122,0.6170215606689453,-1.3102213144302368,-0.08959920704364777,0.6701992154121399,-1.5555680990219116,-0.13239602744579315,0.6942692399024963,-1.7743886709213257,-0.1687689870595932,0.26148930191993713,-0.9636728763580322,-0.05438621714711189,0.31341227889060974,-1.4157884120941162,-0.08871584385633469,0.3327852189540863,-1.6901706457138062,-0.14809978008270264,0.3528755009174347,-1.9235998392105103,-0.18474213778972626,0.02768280729651451,-0.9216978549957275,-0.07534846663475037,0.014664486050605774,-1.3582762479782104,-0.19770511984825134,0.03905731812119484,-1.6194238662719727,-0.3131578266620636,0.059913668781518936,-1.851203203201294,-0.3831716477870941,-0.18597154319286346,-0.8027533292770386,-0.10113085061311722,-0.10783807933330536,-0.9887056946754456,-0.26479271054267883,-0.05407087877392769,-0.8095844984054565,-0.30120742321014404,-0.027353238314390182,-0.6249688863754272,-0.3036365211009979
0.0,0.0,0.0,0.28663313388824463,-0.16064438223838806,-0.13640645146369934,0.4253427982330322,-0.5170655846595764,-0.15738850831985474,0.22380025684833527,-0.8360623717308044,-0.1601293385028839,0.010774890892207623,-1.0236316919326782,-0.16519713401794434,0.493575781583786,-0.9152307510375977,-0.03518286347389221,0.601024329662323,-1.3085931539535522,-0.0662631243467331,0.6518192887306213,-1.5490682125091553,-0.10573383420705795,0.674127995967865,-1.7681291103363037,-0.14244824647903442,0.2521746754646301,-0.9668405055999756,-0.040340691804885864,0.3150571882724762,-1.4140348434448242,-0.06895089894533157,0.33438992500305176,-1.680415153503418,-0.12642334401607513,0.3551638126373291,-1.9139509201049805,-0.16396194696426392,0.022832127287983894,-0.9227240085601807,-0.06256670504808426,0.015041159465909004,-1.3522684574127197,-0.1840491145849228,0.03853327035903931,-1.6138651371002197,-0.2950620949268341,0.05808711051940918,-1.8501641750335693,-0.3627707362174988,-0.1956149935722351,-0.8018346428871155,-0.08970845490694046,-0.12269183993339539,-1.0233838558197021,-0.2491503208875656,-0.07222720235586166,-0.8409939408302307,-0.27623915672302246,-0.046091146767139435,-0.6477888226509094,-0.27367103099823
0.0,0.0,0.0,0.28069034218788147,-0.1699146330356598,-0.15142704546451569,0.40890541672706604,-0.5169624090194702,-0.17721576988697052,0.20506353676319122,-0.8181082606315613,-0.17967447638511658,-0.027613239362835884,-0.9995009303092957,-0.18089760839939117,0.47609665989875793,-0.907913088798523,-0.04506450146436691,0.575543224811554,-1.3073036670684814,-0.07988560199737549,0.6140918731689453,-1.548600673675537,-0.12057989090681076,0.63018798828125,-1.7691787481307983,-0.15697655081748962,0.2415303885936737,-0.9694259762763977,-0.04331664368510246,0.30196720361709595,-1.4056851863861084,-0.0702766552567482,0.31997615098953247,-1.6689027547836304,-0.12581884860992432,0.3387446701526642,-1.8962703943252563,-0.1610289067029953,0.01746763475239277,-0.9341617226600647,-0.06101342663168907,-0.005564980208873749,-1.3594861030578613,-0.1836680918931961,0.005259320139884949,-1.610558032989502,-0.29691314697265625,0.011807669885456562,-1.8391398191452026,-0.36441323161125183,-0.18468588590621948,-0.8192806243896484,-0.08529800176620483,-0.12954354286193848,-1.0334748029708862,-0.25119149684906006,-0.09314899891614914,-0.8493519425392151,-0.2840077877044678,-0.08305565267801285,-0.6566051840782166,-0.28275999426841736
0.0,0.0,0.0,0.2870246171951294,-0.16466860473155975,-0.16330119967460632,0.40385133028030396,-0.5023901462554932,-0.190517857670784,0.17203329503536224,-0.7867042422294617,-0.1905442327260971,-0.07152603566646576,-0.9412546157836914,-0.18729345500469208,0.45101314783096313,-0.9252740144729614,-0.057403404265642166,0.5326231718063354,-1.3311562538146973,-0.08837482333183289,0.5632747411727905,-1.575282335281372,-0.12431031465530396,0.5720618367195129,-1.7975382804870605,-0.1569538116455078,0.20934367179870605,-0.976514995098114,-0.0509282611310482,0.2553289830684662,-1.4203630685806274,-0.07495491206645966,0.2711947560310364,-1.6896603107452393,-0.126994326710701,0.2849677801132202,-1.9199368953704834,-0.15991778671741486,-0.018412521108984947,-0.932339608669281,-0.06524235010147095,-0.059545669704675674,-1.3586636781692505,-0.18710501492023468,-0.06034642457962036,-1.6197535991668701,-0.3040293753147125,-0.06864462047815323,-1.8521841764450073,-0.372977077960968,-0.21906235814094543,-0.8076452612876892,-0.08711272478103638,-0.17402686178684235,-1.0420897006988525,-0.24609360098838806,-0.1279945820569992,-0.8643887639045715,-0.2765721380710602,-0.11148952692747116,-0.664290189743042,-0.2749306559562683
0.0,0.0,0.0,0.266631156206131,-0.1731710135936737,-0.16387028992176056,0.35551053285598755,-0.5121031999588013,-0.19917824864387512,0.09443547576665878,-0.7717494368553162,-0.21026426553726196,-0.14803209900856018,-0.9196464419364929,-0.2192411571741104,0.42508548498153687,-0.9305095076560974,-0.06224919110536575,0.5011956691741943,-1.3298283815383911,-0.09762803465127945,0.5316240787506104,-1.572185754776001,-0.13734346628189087,0.5378154516220093,-1.7912678718566895,-0.17411117255687714,0.18957774341106415,-0.9802585244178772,-0.056157421320676804,0.23184193670749664,-1.4140477180480957,-0.08047240972518921,0.2405947744846344,-1.6832109689712524,-0.1366700679063797,0.2461826503276825,-1.9141322374343872,-0.175697460770607,-0.030504966154694557,-0.9321938157081604,-0.07085856050252914,-0.0901130810379982,-1.3467910289764404,-0.1864667534828186,-0.10472393035888672,-1.6027860641479492,-0.3065415620803833,-0.12306256592273712,-1.8262355327606201,-0.38249969482421875,-0.22540776431560516,-0.8095993995666504,-0.09403077512979507,-0.192610502243042,-1.0182034969329834,-0.2554013133049011,-0.1370994597673416,-0.848655104637146,-0.29833412170410156,-0.10461905598640442,-0.6644043326377869,-0.3076573610305786
0.0,0.0,0.0,0.24653203785419464,-0.18271945416927338,-0.16288626194000244,0.3163549602031708,-0.5278998613357544,-0.19572149217128754,0.0323147252202034,-0.7730878591537476,-0.2055547833442688,-0.2226114422082901,-0.9063174724578857,-0.21323969960212708,0.3821268677711487,-0.9472527503967285,-0.04998592659831047,0.43349289894104004,-1.3381202220916748,-0.08567585051059723,0.4480070173740387,-1.5797059535980225,-0.12784436345100403,0.44192779064178467,-1.803621530532837,-0.16719190776348114,0.148775115609169,-0.9879186153411865,-0.04339151456952095,0.17602933943271637,-1.423874020576477,-0.06823565810918808,0.17371870577335358,-1.6931743621826172,-0.12470164149999619,0.16918404400348663,-1.9304248094558716,-0.16376157104969025,-0.06573986262083054,-0.9278032183647156,-0.058289919048547745,-0.14470411837100983,-1.3316415548324585,-0.17198066413402557,-0.1755072921514511,-1.5698015689849854,-0.2857806086540222,-0.21212786436080933,-1.7815122604370117,-0.3557591438293457,-0.25168487429618835,-0.7944346070289612,-0.08252927660942078,-0.21545974910259247,-0.9953615069389343,-0.242257758975029,-0.152195543050766,-0.8246208429336548,-0.28232520818710327,-0.11542391777038574,-0.6479043960571289,-0.2884904146194458
0.0,0.0,0.0,0.24445858597755432,-0.17758817970752716,-0.17168013751506805,0.30936378240585327,-0.5083958506584167,-0.21685774624347687,0.021916588768363,-0.7330883741378784,-0.23742546141147614,-0.23173360526561737,-0.8631590604782104,-0.2572630047798157,0.37231096625328064,-0.9477647542953491,-0.08140664547681808,0.41499292850494385,-1.337974190711975,-0.13093958795070648,0.4223653972148895,-1.5813534259796143,-0.18041664361953735,0.40877455472946167,-1.8082656860351562,-0.22488725185394287,0.13700222969055176,-0.9877207279205322,-0.07508698105812073,0.15695863962173462,-1.4207013845443726,-0.11756435036659241,0.14939868450164795,-1.6913044452667236,-0.18467456102371216,0.13651061058044434,-1.9334585666656494,-0.22964833676815033,-0.07705330103635788,-0.9245238900184631,-0.08952111750841141,-0.1604136973619461,-1.3182337284088135,-0.2185722291469574,-0.20160062611103058,-1.553762435913086,-0.3422276973724365,-0.249545156955719,-1.7654521465301514,-0.4177650213241577,-0.2611245810985565,-0.7886079549789429,-0.1127941757440567,-0.21826520562171936,-0.9687793850898743,-0.28620362281799316,-0.15238040685653687,-0.8003839254379272,-0.3364684283733368,-0.11416228115558624,-0.6334617137908936,-0.34874406456947327
0.0,0.0,0.0,0.24535198509693146,-0.16585226356983185,-0.18198788166046143,0.3133268654346466,-0.4905853569507599,-0.23176640272140503,0.026347650215029716,-0.7206045389175415,-0.25465336441993713,-0.22297003865242004,-0.8616491556167603,-0.2764231264591217,0.3561765253543854,-0.9532027244567871,-0.08754649013280869,0.40134769678115845,-1.3429617881774902,-0.14092181622982025,0.4131322205066681,-1.5864442586898804,-0.1929842233657837,0.401838093996048,-1.8116227388381958,-0.23903946578502655,0.1229914054274559,-0.9893194437026978,-0.07823167741298676,0.13429081439971924,-1.4244362115859985,-0.12415970861911774,0.12456224113702774,-1.6932315826416016,-0.1947760134935379,0.11010310053825378,-1.9328618049621582,-0.24161052703857422,-0.08590962737798691,-0.9205776453018188,-0.09065590798854828,-0.1696292757987976,-1.31052565574646,-0.22499381005764008,-0.20852474868297577,-1.5480773448944092,-0.3521764278411865,-0.2520597279071808,-1.7654005289077759,-0.4301515519618988,-0.2642788887023926,-0.7772955894470215,-0.11254176497459412,-0.2278674840927124,-0.9503201246261597,-0.2947344183921814,-0.15728040039539337,-0.7753087282180786,-0.34886422753334045,-0.1118263527750969,-0.6066924929618835,-0.36272791028022766
0.0,0.0,0.0,0.241352379322052,-0.18641716241836548,-0.17377805709838867,0.3037954270839691,-0.5251082181930542,-0.21394817531108856,0.022314967587590218,-0.7568792700767517,-0.22786583006381989,-0.2215317040681839,-0.8894283771514893,-0.2413015216588974,0.38135915994644165,-0.9505408406257629,-0.07689023017883301,0.43516820669174194,-1.3516846895217896,-0.12867151200771332,0.4524879455566406,-1.5971673727035522,-0.18035122752189636,0.4489668309688568,-1.8238277435302734,-0.22614072263240814,0.14836634695529938,-0.986402690410614,-0.07069028913974762,0.1564233899116516,-1.4287238121032715,-0.11396338790655136,0.1389090120792389,-1.6980375051498413,-0.1844058483839035,0.12481069564819336,-1.9365342855453491,-0.2303502857685089,-0.06440107524394989,-0.9213681817054749,-0.0859760269522667,-0.14165551960468292,-1.328009009361267,-0.22138525545597076,-0.17319786548614502,-1.571685791015625,-0.35160747170448303,-0.20324888825416565,-1.8004714250564575,-0.4306754767894745,-0.24334195256233215,-0.7793131470680237,-0.10953406989574432,-0.21953314542770386,-0.9565067291259766,-0.2959250509738922,-0.15271584689617157,-0.7783879041671753,-0.3495246469974518,-0.10568845272064209,-0.6066766381263733,-0.36141788959503174
0.0,0.0,0.0,0.24152107536792755,-0.1643773913383484,-0.17739896476268768,0.32342907786369324,-0.496909499168396,-0.21831728518009186,0.0748991146683693,-0.7425999045372009,-0.2333461195230484,-0.16711515188217163,-0.8790866732597351,-0.24737583100795746,0.3914452791213989,-0.9454070925712585,-0.06577262282371521,0.4483431875705719,-1.3240631818771362,-0.10937602818012238,0.4707815647125244,-1.5592987537384033,-0.1614372581243515,0.47064030170440674,-1.7790132761001587,-0.20847579836845398,0.16229549050331116,-0.9851706624031067,-0.055668365210294724,0.17155995965003967,-1.400937795639038,-0.08903365582227707,0.16022856533527374,-1.6590793132781982,-0.15601985156536102,0.15076351165771484,-1.892578363418579,-0.2023499459028244,-0.0492316409945488,-0.9261896014213562,-0.06812795251607895,-0.09927629679441452,-1.3154634237289429,-0.1931048184633255,-0.1115870326757431,-1.5581854581832886,-0.3222810924053192,-0.129558265209198,-1.7825489044189453,-0.40365955233573914,-0.2305527776479721,-0.7929047346115112,-0.09048251807689667,-0.18825465440750122,-0.966926097869873,-0.26695770025253296,-0.12581303715705872,-0.7906641364097595,-0.32082414627075195,-0.0893675908446312,-0.6136812567710876,-0.335884153842926
0.0,0.0,0.0,0.24895820021629333,-0.1628614217042923,-0.18093854188919067,0.34518250823020935,-0.5040246248245239,-0.21420910954475403,0.09458262473344803,-0.7649889588356018,-0.22044874727725983,-0.14556021988391876,-0.9073108434677124,-0.2241389900445938,0.40007030963897705,-0.9412919282913208,-0.05472021922469139,0.4636386036872864,-1.330140471458435,-0.09691863507032394,0.49225476384162903,-1.5715768337249756,-0.14664702117443085,0.49689847230911255,-1.7913545370101929,-0.1905849277973175,0.17174051702022552,-0.9843777418136597,-0.03880155086517334,0.18185028433799744,-1.3992505073547363,-0.06814464926719666,0.16885407269001007,-1.6561720371246338,-0.13223709166049957,0.15586338937282562,-1.8810490369796753,-0.1754920333623886,-0.03562277555465698,-0.9282166957855225,-0.04682523384690285,-0.07469169050455093,-1.3166942596435547,-0.16793401539325714,-0.08247163146734238,-1.5577397346496582,-0.29506915807724,-0.10116960853338242,-1.7768282890319824,-0.37335607409477234,-0.21362967789173126,-0.7981206774711609,-0.06529539823532104,-0.17433638870716095,-0.9683292508125305,-0.24084272980690002,-0.1133817508816719,-0.8032082319259644,-0.29671651124954224,-0.08294703811407089,-0.6334646344184875,-0.31095603108406067
0.0,0.0,0.0,0.25230512022972107,-0.16685688495635986,-0.18502333760261536,0.34915968775749207,-0.5109788775444031,-0.21456138789653778,0.10780318826436996,-0.7834206223487854,-0.21494349837303162,-0.13559022545814514,-0.9359875917434692,-0.21092326939105988,0.4127565920352936,-0.9359177947044373,-0.04699566960334778,0.4815616011619568,-1.3264654874801636,-0.08662813156843185,0.5084236264228821,-1.569378137588501,-0.13647891581058502,0.5123239755630493,-1.7885611057281494,-0.18088413774967194,0.1817474514245987,-0.9829109907150269,-0.029222974553704262,0.19303905963897705,-1.3968106508255005,-0.05561297386884689,0.18203629553318024,-1.6542415618896484,-0.12012164294719696,0.1734125316143036,-1.8750851154327393,-0.16483470797538757,-0.03354988619685173,-0.9303590655326843,-0.036954112350940704,-0.06912965327501297,-1.3321012258529663,-0.16019925475120544,-0.0710337683558464,-1.5712865591049194,-0.288580983877182,-0.0830860510468483,-1.789252758026123,-0.36705780029296875,-0.21798262000083923,-0.8022662997245789,-0.05527694523334503,-0.1757073849439621,-0.9981173276901245,-0.23169727623462677,-0.115057073533535,-0.838805615901947,-0.2867650091648102,-0.08932071924209595,-0.6678256392478943,-0.30074891448020935
0.0,0.0,0.0,0.2561570405960083,-0.153935506939888,-0.16975905001163483,0.36063581705093384,-0.4877566695213318,-0.2031366527080536,0.14157280325889587,-0.7641082406044006,-0.2126191407442093,-0.07560650259256363,-0.9383603930473328,-0.22059720754623413,0.42218372225761414,-0.9313574433326721,-0.052177172154188156,0.5022064447402954,-1.320934772491455,-0.09812235087156296,0.542496919631958,-1.5621179342269897,-0.14812961220741272,0.5589705109596252,-1.7765429019927979,-0.1902630478143692,0.19785796105861664,-0.9792801141738892,-0.04315751791000366,0.2242448627948761,-1.3986178636550903,-0.07637061923742294,0.224110946059227,-1.6586151123046875,-0.13804428279399872,0.22784551978111267,-1.8802300691604614,-0.178939551115036,-0.015439520590007305,-0.9292102456092834,-0.05749233439564705,-0.03866714984178543,-1.3311420679092407,-0.1838788092136383,-0.03285636752843857,-1.571501612663269,-0.30502039194107056,-0.031397316604852676,-1.7893129587173462,-0.3786892294883728,-0.20763301849365234,-0.8033999800682068,-0.08118339627981186,-0.16078098118305206,-0.9834468364715576,-0.2605477273464203,-0.10632714629173279,-0.8093582987785339,-0.3127060830593109,-0.07713870704174042,-0.6307045221328735,-0.3239481449127197
0.0,0.0,0.0,0.24286918342113495,-0.17050974071025848,-0.17021866142749786,0.33169129490852356,-0.5105136036872864,-0.20480655133724213,0.07005792111158371,-0.7576040625572205,-0.21647775173187256,-0.17070657014846802,-0.900564968585968,-0.22653208673000336,0.39309799671173096,-0.9421756267547607,-0.050504472106695175,0.45278364419937134,-1.3348575830459595,-0.0950174406170845,0.4723294675350189,-1.5809694528579712,-0.14646942913532257,0.4705609381198883,-1.800758957862854,-0.19037561118602753,0.16474924981594086,-0.9856741428375244,-0.036114826798439026,0.17494063079357147,-1.4000211954116821,-0.06668652594089508,0.1644643247127533,-1.6612353324890137,-0.13134066760540009,0.15588246285915375,-1.8770393133163452,-0.1757495403289795,-0.042626578360795975,-0.9362820386886597,-0.04465002194046974,-0.08318813145160675,-1.3330544233322144,-0.15755794942378998,-0.08841660618782043,-1.5793536901474,-0.28290507197380066,-0.10506860166788101,-1.7888150215148926,-0.3620467782020569,-0.22380350530147552,-0.8182709813117981,-0.06338057667016983,-0.1855544000864029,-0.9839311838150024,-0.22780029475688934,-0.1313699632883072,-0.8285579681396484,-0.2841448485851288,-0.10336972028017044,-0.6582684516906738,-0.30056995153427124
0.0,0.0,0.0,0.22935988008975983,-0.17746825516223907,-0.179605633020401,0.3007309138774872,-0.519646406173706,-0.2160860300064087,0.038566216826438904,-0.769858717918396,-0.22746917605400085,-0.20174898207187653,-0.9129680395126343,-0.23590797185897827,0.3951927721500397,-0.9451599717140198,-0.051878318190574646,0.44800862669944763,-1.3441534042358398,-0.09771797806024551,0.462619811296463,-1.592130422592163,-0.15162357687950134,0.4564601480960846,-1.81143319606781,-0.1982833743095398,0.16815036535263062,-0.9852173924446106,-0.03274355083703995,0.1722925305366516,-1.4011929035186768,-0.06719430536031723,0.15364883840084076,-1.6593843698501587,-0.13582779467105865,0.13793011009693146,-1.8783801794052124,-0.1827048659324646,-0.03876660764217377,-0.9316129684448242,-0.03747968003153801,-0.08871310949325562,-1.3338605165481567,-0.15510711073875427,-0.10408605635166168,-1.57733154296875,-0.27848511934280396,-0.1267949342727661,-1.789115309715271,-0.3540968596935272,-0.21760426461696625,-0.8103175759315491,-0.05292555317282677,-0.2043415904045105,-0.9993478655815125,-0.21761731803417206,-0.15787222981452942,-0.853166937828064,-0.2696476876735687,-0.1302512288093567,-0.6878912448883057,-0.2821265459060669
0.0,0.0,0.0,0.21644257009029388,-0.18445661664009094,-0.17903564870357513,0.2654506266117096,-0.5239645838737488,-0.22060458362102509,-0.0025057292077690363,-0.7617120742797852,-0.23869535326957703,-0.2388017475605011,-0.9026280641555786,-0.2543637454509735,0.3756044805049896,-0.9448240995407104,-0.061168186366558075,0.4140055179595947,-1.3385981321334839,-0.11484222114086151,0.4233067035675049,-1.5922343730926514,-0.17281228303909302,0.4122276306152344,-1.8155944347381592,-0.22199268639087677,0.15352649986743927,-0.9871851801872253,-0.04353185370564461,0.14520901441574097,-1.3962841033935547,-0.08598119020462036,0.11902064085006714,-1.6541849374771118,-0.15480411052703857,0.10178770869970322,-1.868769884109497,-0.1993633508682251,-0.0469573512673378,-0.9333435893058777,-0.049688272178173065,-0.10841517895460129,-1.3321857452392578,-0.17069046199321747,-0.13662923872470856,-1.574889898300171,-0.2948664128780365,-0.1622336506843567,-1.7827061414718628,-0.37023791670799255,-0.2178572118282318,-0.8090572357177734,-0.067006915807724,-0.21758027374744415,-0.9644691348075867,-0.23643428087234497,-0.17100629210472107,-0.8206429481506348,-0.29618343710899353,-0.13135972619056702,-0.6601112484931946,-0.31283050775527954
0.0,0.0,0.0,0.21264834702014923,-0.21007056534290314,-0.17257221043109894,0.2413252592086792,-0.5513500571250916,-0.21675094962120056,-0.0369492769241333,-0.7601028680801392,-0.24121342599391937,-0.2909712791442871,-0.8660112023353577,-0.2659111022949219,0.35306960344314575,-0.9604900479316711,-0.060538195073604584,0.37512704730033875,-1.3562790155410767,-0.11100786924362183,0.37007418274879456,-1.6070666313171387,-0.1686742901802063,0.3483814597129822,-1.8291337490081787,-0.2192390263080597,0.12728579342365265,-0.9907505512237549,-0.04702821746468544,0.10931698232889175,-1.4045010805130005,-0.08579292893409729,0.07661837339401245,-1.6636440753936768,-0.15620991587638855,0.054335735738277435,-1.8792167901992798,-0.20331765711307526,-0.07490894198417664,-0.923176646232605,-0.05588603392243385,-0.15760253369808197,-1.321200966835022,-0.1654861867427826,-0.19633683562278748,-1.5641791820526123,-0.2866382300853729,-0.22807057201862335,-1.774749755859375,-0.3627570867538452,-0.2448187619447708,-0.78549724817276,-0.07621966302394867,-0.26740092039108276,-0.9407979249954224,-0.23296694457530975,-0.22491060197353363,-0.8113773465156555,-0.2876449227333069,-0.18287444114685059,-0.6637348532676697,-0.3034895360469818
0.0,0.0,0.0,0.19952604174613953,-0.17490534484386444,-0.20009523630142212,0.21224603056907654,-0.4891313910484314,-0.26614272594451904,-0.07202372699975967,-0.7088568210601807,-0.30841773748397827,-0.3334631621837616,-0.8514940142631531,-0.35117506980895996,0.3692430853843689,-0.9555688500404358,-0.10516558587551117,0.3772236406803131,-1.372410774230957,-0.17122308909893036,0.3621118664741516,-1.6363059282302856,-0.23664076626300812,0.33875519037246704,-1.869933843612671,-0.2934752106666565,0.14168094098567963,-0.9858170747756958,-0.08995100855827332,0.10319848358631134,-1.4219729900360107,-0.1484992653131485,0.05497927963733673,-1.7021063566207886,-0.2323194146156311,0.023961888626217842,-1.9388093948364258,-0.2884705662727356,-0.06884319335222244,-0.9116648435592651,-0.09806168079376221,-0.1801772564649582,-1.317922592163086,-0.23209840059280396,-0.24247100949287415,-1.569318413734436,-0.36597663164138794,-0.28447049856185913,-1.796968698501587,-0.4494795501232147,-0.24728058278560638,-0.7631809711456299,-0.11848580837249756,-0.31049060821533203,-0.9143489003181458,-0.301618754863739,-0.2836098074913025,-0.7782169580459595,-0.3682388961315155,-0.24471530318260193,-0.6334516406059265,-0.39079582691192627
0.0,0.0,0.0,0.1816970258951187,-0.18239401280879974,-0.18834170699119568,0.17856132984161377,-0.49293455481529236,-0.24647966027259827,-0.11428539454936981,-0.7015963792800903,-0.28228601813316345,-0.3740254044532776,-0.833564817905426,-0.3177468478679657,0.34215211868286133,-0.9617637991905212,-0.08321335911750793,0.34450557827949524,-1.3746614456176758,-0.14207200706005096,0.3265412151813507,-1.6339144706726074,-0.20455746352672577,0.29992398619651794,-1.8653665781021118,-0.25995951890945435,0.1163710281252861,-0.9906133413314819,-0.07171495258808136,0.0709848552942276,-1.4212522506713867,-0.12219640612602234,0.016778072342276573,-1.693433403968811,-0.20275934040546417,-0.019181234762072563,-1.9293440580368042,-0.2559947073459625,-0.09068886935710907,-0.9121872186660767,-0.08300453424453735,-0.2082909196615219,-1.3104850053787231,-0.21241538226604462,-0.27342838048934937,-1.556618571281433,-0.3412296175956726,-0.3174905776977539,-1.7862716913223267,-0.41958194971084595,-0.2668967545032501,-0.7563914060592651,-0.10556842386722565,-0.34896236658096313,-0.906940758228302,-0.2811908423900604,-0.3198488652706146,-0.7676229476928711,-0.33855295181274414,-0.27224352955818176,-0.6210106611251831,-0.35367366671562195
0.0,0.0,0.0,0.16130468249320984,-0.157008096575737,-0.2143426388502121,0.16521669924259186,-0.439451664686203,-0.2915723919868469,-0.11816349625587463,-0.6426254510879517,-0.3429281413555145,-0.3873851001262665,-0.7895674109458923,-0.3953385055065155,0.32999035716056824,-0.96550452709198,-0.11650293320417404,0.32996806502342224,-1.3675203323364258,-0.18593740463256836,0.3079608976840973,-1.6237496137619019,-0.2579086124897003,0.27813634276390076,-1.8505048751831055,-0.3208249509334564,0.10671784728765488,-0.9895606637001038,-0.09685555100440979,0.058824777603149414,-1.4060256481170654,-0.1610502153635025,-0.00021707394625991583,-1.6755660772323608,-0.2537056505680084,-0.041408471763134,-1.9097329378128052,-0.31521910429000854,-0.09738996624946594,-0.9028083086013794,-0.10087797790765762,-0.2145654857158661,-1.292830467224121,-0.24392838776111603,-0.28880396485328674,-1.5385018587112427,-0.3807838559150696,-0.33738943934440613,-1.7690677642822266,-0.46441707015037537,-0.27150362730026245,-0.7354749441146851,-0.11762037128210068,-0.370562344789505,-0.8673254251480103,-0.306696355342865,-0.3507002592086792,-0.7365464568138123,-0.3739108443260193,-0.3051489591598511,-0.5951980352401733,-0.39541998505592346
0.0,0.0,0.0,0.14279328286647797,-0.1614195853471756,-0.21356570720672607,0.12132231891155243,-0.46129894256591797,-0.2800642251968384,-0.17158319056034088,-0.6610041856765747,-0.3163970708847046,-0.44153261184692383,-0.8014792799949646,-0.3514596223831177,0.2894088327884674,-0.9715617299079895,-0.10316867381334305,0.2858808636665344,-1.3685895204544067,-0.16995353996753693,0.26098304986953735,-1.6174551248550415,-0.2419125735759735,0.2206811010837555,-1.8435189723968506,-0.305398553609848,0.07105761766433716,-0.9940211772918701,-0.082901231944561,0.018436025828123093,-1.4087121486663818,-0.1455129086971283,-0.054269108921289444,-1.674048900604248,-0.23953388631343842,-0.11479582637548447,-1.9119906425476074,-0.3009966015815735,-0.12816323339939117,-0.9027193188667297,-0.08708412200212479,-0.24803949892520905,-1.2773374319076538,-0.23778922855854034,-0.3307965397834778,-1.5263280868530273,-0.3834727704524994,-0.3951760530471802,-1.7682127952575684,-0.4705604910850525,-0.29917845129966736,-0.7285109758377075,-0.10255832970142365,-0.4101056754589081,-0.8565829992294312,-0.2984984815120697,-0.3907824456691742,-0.7174851298332214,-0.3658004701137543,-0.35191187262535095,-0.5736626386642456,-0.3863651752471924
0.0,0.0,0.0,0.12770743668079376,-0.1605856865644455,-0.22093726694583893,0.09674377739429474,-0.45527639985084534,-0.2889753580093384,-0.19006213545799255,-0.6656454801559448,-0.3247818052768707,-0.4538783133029938,-0.8139775395393372,-0.3578059673309326,0.27531710267066956,-0.9715293049812317,-0.11042296141386032,0.26875370740890503,-1.3682235479354858,-0.17877227067947388,0.24268214404582977,-1.6171813011169434,-0.25020062923431396,0.20470362901687622,-1.8432254791259766,-0.3125900626182556,0.06431004405021667,-0.9942254424095154,-0.08590694516897202,0.004565174225717783,-1.4098626375198364,-0.14939658343791962,-0.0687635987997055,-1.6750659942626953,-0.24074970185756683,-0.12794166803359985,-1.9134769439697266,-0.300228089094162,-0.13041625916957855,-0.9028928279876709,-0.08671070635318756,-0.2573479115962982,-1.271843671798706,-0.23701797425746918,-0.3409897983074188,-1.5163986682891846,-0.3800497055053711,-0.4039669632911682,-1.756127119064331,-0.46549686789512634,-0.2942911684513092,-0.7293787002563477,-0.10001971572637558,-0.4055263102054596,-0.8503741025924683,-0.29604634642601013,-0.38885119557380676,-0.7035993933677673,-0.3636414706707001,-0.3542388677597046,-0.554926335811615,-0.38430798053741455
0.0,0.0,0.0,0.11614375561475754,-0.17180870473384857,-0.2188282608985901,0.08440949767827988,-0.4744361340999603,-0.2790210247039795,-0.18851128220558167,-0.6857168078422546,-0.30852457880973816,-0.44298526644706726,-0.8258914351463318,-0.33487558364868164,0.2763524353504181,-0.974863588809967,-0.09276466816663742,0.2777443826198578,-1.3705302476882935,-0.15209956467151642,0.2525831162929535,-1.6180737018585205,-0.220504492521286,0.21421760320663452,-1.8375136852264404,-0.2805105745792389,0.06598857045173645,-0.9958419799804688,-0.06280378252267838,0.013893011957406998,-1.405971884727478,-0.11330707371234894,-0.056897133588790894,-1.6694035530090332,-0.20288200676441193,-0.11295516788959503,-1.897324800491333,-0.26251816749572754,-0.12885782122612,-0.9069951772689819,-0.0587778240442276,-0.25152552127838135,-1.2795592546463013,-0.18641847372055054,-0.3300519287586212,-1.5179601907730103,-0.32773536443710327,-0.38617226481437683,-1.7401365041732788,-0.4150009751319885,-0.2896004021167755,-0.7394517064094543,-0.06877203285694122,-0.4067748785018921,-0.8607326745986938,-0.2475019246339798,-0.39626190066337585,-0.7407712936401367,-0.3190206289291382,-0.36394941806793213,-0.6071509122848511,-0.3438604176044464
0.0,0.0,0.0,0.1848926544189453,-0.1737322211265564,-0.20871935784816742,0.18650151789188385,-0.47512543201446533,-0.2775983512401581,-0.09090329706668854,-0.7016807794570923,-0.3214406371116638,-0.3252502977848053,-0.8486337661743164,-0.3645060956478119,0.3511676788330078,-0.9633949995040894,-0.09998347610235214,0.37671440839767456,-1.3646221160888672,-0.17194508016109467,0.3706960380077362,-1.6147886514663696,-0.24685455858707428,0.35613322257995605,-1.8336572647094727,-0.30970707535743713,0.12396621704101562,-0.9891000986099243,-0.07945696264505386,0.08280283212661743,-1.4185585975646973,-0.14092573523521423,0.03484547883272171,-1.6896042823791504,-0.23169445991516113,0.004853164777159691,-1.9288527965545654,-0.2908507287502289,-0.08572450280189514,-0.9088281989097595,-0.0829753652215004,-0.19482870399951935,-1.309858798980713,-0.21330662071704865,-0.2542855739593506,-1.554966926574707,-0.3435525596141815,-0.2892322838306427,-1.7783091068267822,-0.4237271845340729,-0.26358532905578613,-0.7507742643356323,-0.10039924830198288,-0.3563857078552246,-0.8954659700393677,-0.2802278399467468,-0.32534438371658325,-0.7673634886741638,-0.3423890173435211,-0.27498480677604675,-0.6283352971076965,-0.3593451976776123
0.0,0.0,0.0,0.1922854483127594,-0.16811497509479523,-0.2100902795791626,0.21334944665431976,-0.47764426469802856,-0.28352463245391846,-0.053241848945617676,-0.743681013584137,-0.33036473393440247,-0.2887001633644104,-0.9168660044670105,-0.37598904967308044,0.42299342155456543,-0.9224007725715637,-0.11877790093421936,0.4739063084125519,-1.339409351348877,-0.19487330317497253,0.4861401617527008,-1.6013554334640503,-0.2700514793395996,0.4867500066757202,-1.8344604969024658,-0.3339335322380066,0.19322237372398376,-0.9760602116584778,-0.0998578891158104,0.18018856644630432,-1.4259711503982544,-0.16921262443065643,0.1539703905582428,-1.7122405767440796,-0.25976574420928955,0.14518114924430847,-1.9525201320648193,-0.31953853368759155,-0.02094731666147709,-0.91925048828125,-0.10433924198150635,-0.10181952267885208,-1.3498737812042236,-0.24652673304080963,-0.13668762147426605,-1.609858512878418,-0.3803006708621979,-0.14802159368991852,-1.8376846313476562,-0.4624050557613373,-0.20679783821105957,-0.7825923562049866,-0.1214321181178093,-0.29032307863235474,-0.9578949809074402,-0.31264904141426086,-0.27617713809013367,-0.8342636227607727,-0.3800392150878906,-0.24238745868206024,-0.6959482431411743,-0.40104061365127563
0.0,0.0,0.0,0.18433475494384766,-0.16507527232170105,-0.2337605357170105,0.20427916944026947,-0.4703448414802551,-0.316344290971756,-0.03531627729535103,-0.7360708713531494,-0.3683287799358368,-0.2581929862499237,-0.92347252368927,-0.4172162711620331,0.44596338272094727,-0.9140245914459229,-0.12403595447540283,0.49742379784584045,-1.3086755275726318,-0.20488432049751282,0.5092085003852844,-1.55991530418396,-0.28838494420051575,0.5091521143913269,-1.7868423461914062,-0.35862624645233154,0.2267312854528427,-0.969542920589447,-0.09262546896934509,0.22602763772010803,-1.3969582319259644,-0.16792245209217072,0.20646896958351135,-1.6730085611343384,-0.26767247915267944,0.20196504890918732,-1.9111852645874023,-0.33473867177963257,0.012623995542526245,-0.9214731454849243,-0.0881422758102417,-0.04666486009955406,-1.317510724067688,-0.23473335802555084,-0.07360406219959259,-1.5698720216751099,-0.3800956606864929,-0.08331399410963058,-1.7943737506866455,-0.4708208739757538,-0.17420713603496552,-0.7999240756034851,-0.09857584536075592,-0.2395963966846466,-0.9463443756103516,-0.29280969500541687,-0.23212803900241852,-0.8248746395111084,-0.3714686632156372,-0.21032416820526123,-0.6946799755096436,-0.4022357165813446
0.0,0.0,0.0,0.20194855332374573,-0.1854478418827057,-0.20063821971416473,0.22459517419338226,-0.513228178024292,-0.2531929314136505,-0.04236616939306259,-0.7591179013252258,-0.2791632413864136,-0.26680687069892883,-0.9158763885498047,-0.30184778571128845,0.41300031542778015,-0.936751663684845,-0.07049226015806198,0.4636041820049286,-1.339289903640747,-0.13230854272842407,0.4765346050262451,-1.5895236730575562,-0.20051711797714233,0.4745573103427887,-1.8211605548858643,-0.26024317741394043,0.18583564460277557,-0.9812701940536499,-0.05073365941643715,0.1787714809179306,-1.4141101837158203,-0.10642033815383911,0.1523117870092392,-1.6811165809631348,-0.19249607622623444,0.14129787683486938,-1.9222115278244019,-0.24981875717639923,-0.02765003964304924,-0.9261326193809509,-0.05727221071720123,-0.09164693206548691,-1.3222216367721558,-0.1941382884979248,-0.11938656866550446,-1.5653396844863892,-0.3281440734863281,-0.1352221965789795,-1.7959927320480347,-0.4086529016494751,-0.2097741812467575,-0.7974205017089844,-0.07645030319690704,-0.24688972532749176,-0.9655934572219849,-0.2590765357017517,-0.21850453317165375,-0.8198369741439819,-0.3196834921836853,-0.18544594943523407,-0.6749823689460754,-0.33672645688056946
0.0,0.0,0.0,0.2219819724559784,-0.18648307025432587,-0.18057723343372345,0.2620607614517212,-0.5237998962402344,-0.2200806438922882,0.003945357631891966,-0.7587447166442871,-0.23550908267498016,-0.2230284959077835,-0.8997411727905273,-0.24874429404735565,0.38914594054222107,-0.9470838904380798,-0.05339701846241951,0.4454733431339264,-1.342217206954956,-0.10226038843393326,0.4622814357280731,-1.586586833000183,-0.16127467155456543,0.4580543339252472,-1.8116178512573242,-0.21430900692939758,0.1605735570192337,-0.9862917065620422,-0.0380125530064106,0.156734898686409,-1.4068549871444702,-0.07772291451692581,0.1316351294517517,-1.6650137901306152,-0.15460680425167084,0.11434351652860641,-1.8931756019592285,-0.20769068598747253,-0.05023501440882683,-0.9271616339683533,-0.04672938212752342,-0.105638787150383,-1.3186779022216797,-0.16965852677822113,-0.1300543248653412,-1.5559359788894653,-0.29885202646255493,-0.15439756214618683,-1.7726067304611206,-0.3786047399044037,-0.2272152304649353,-0.7956585884094238,-0.06657221168279648,-0.22752203047275543,-0.9669799208641052,-0.2399211972951889,-0.1820652037858963,-0.8160566091537476,-0.2971307635307312,-0.14741182327270508,-0.6597037315368652,-0.31293773651123047
0.0,0.0,0.0,0.2368706464767456,-0.16855484247207642,-0.18826383352279663,0.3133503794670105,-0.5101756453514099,-0.23053304851055145,0.056615542620420456,-0.7582125663757324,-0.24374447762966156,-0.1951850950717926,-0.8851266503334045,-0.2552057206630707,0.3838733434677124,-0.9476072788238525,-0.07606735825538635,0.44340044260025024,-1.340448260307312,-0.1250493973493576,0.46596845984458923,-1.5828547477722168,-0.17835834622383118,0.46760430932044983,-1.8049236536026,-0.22508808970451355,0.15724243223667145,-0.98578941822052,-0.059110984206199646,0.15550954639911652,-1.405792236328125,-0.09718799591064453,0.13646386563777924,-1.6629079580307007,-0.1646328866481781,0.12330321967601776,-1.8895565271377563,-0.2094343900680542,-0.04996646195650101,-0.9275431036949158,-0.06585484743118286,-0.10527921468019485,-1.3212016820907593,-0.19408738613128662,-0.12046428769826889,-1.5652987957000732,-0.3244055509567261,-0.13721944391727448,-1.7924106121063232,-0.40507757663726807,-0.22407907247543335,-0.7949784994125366,-0.08342482894659042,-0.19676558673381805,-0.9626924991607666,-0.26011601090431213,-0.14051584899425507,-0.7912082672119141,-0.31565895676612854,-0.10682874917984009,-0.6206666231155396,-0.33130428194999695
0.0,0.0,0.0,0.22974181175231934,-0.17782895267009735,-0.17525243759155273,0.3053998351097107,-0.5291086435317993,-0.20887824892997742,0.038021255284547806,-0.7671405076980591,-0.2165008932352066,-0.2232116162776947,-0.8794385194778442,-0.22237765789031982,0.3721596598625183,-0.9475191235542297,-0.05967876687645912,0.446196049451828,-1.3467600345611572,-0.10038639605045319,0.47642913460731506,-1.5905632972717285,-0.14686772227287292,0.48073193430900574,-1.808580756187439,-0.18779058754444122,0.1430896669626236,-0.9887610077857971,-0.04332413896918297,0.15808573365211487,-1.4110445976257324,-0.06884830445051193,0.14651399850845337,-1.6705882549285889,-0.12824705243110657,0.1325628161430359,-1.8886466026306152,-0.16834744811058044,-0.06284475326538086,-0.9322442412376404,-0.049589719623327255,-0.1082657128572464,-1.331440806388855,-0.15712150931358337,-0.11165071278810501,-1.5803357362747192,-0.2807588279247284,-0.12882457673549652,-1.7971148490905762,-0.3586901128292084,-0.23560942709445953,-0.8035395741462708,-0.06668995320796967,-0.20354440808296204,-0.9732680320739746,-0.2249251753091812,-0.14654335379600525,-0.823512852191925,-0.27743780612945557,-0.11881737411022186,-0.6588661074638367,-0.2915923297405243
0.0,0.0,0.0,0.23694820702075958,-0.18294507265090942,-0.16502231359481812,0.3109491169452667,-0.5287272930145264,-0.20172199606895447,0.028068577870726585,-0.7545052766799927,-0.2157486379146576,-0.23210807144641876,-0.8581820130348206,-0.23060226440429688,0.3640475869178772,-0.9551180005073547,-0.06468576192855835,0.4199029505252838,-1.3595178127288818,-0.10921663045883179,0.4395405054092407,-1.6127301454544067,-0.15697412192821503,0.4362526834011078,-1.8365775346755981,-0.19802674651145935,0.1332792043685913,-0.9895480871200562,-0.055056069046258926,0.13220661878585815,-1.414311408996582,-0.08309940248727798,0.11539971083402634,-1.6767604351043701,-0.14077696204185486,0.10166236758232117,-1.8967043161392212,-0.17980647087097168,-0.07223094254732132,-0.9303042888641357,-0.06605494022369385,-0.13731370866298676,-1.3360992670059204,-0.176335409283638,-0.1521095186471939,-1.5880392789840698,-0.2951439619064331,-0.17234620451927185,-1.8061349391937256,-0.3702315390110016,-0.25001370906829834,-0.80018150806427,-0.0866052582859993,-0.23267287015914917,-0.974730908870697,-0.2461792528629303,-0.17769679427146912,-0.811340868473053,-0.292685866355896,-0.1413600891828537,-0.634128987789154,-0.3025583028793335
0.0,0.0,0.0,0.23672617971897125,-0.19078566133975983,-0.16639836132526398,0.2979586720466614,-0.5266478061676025,-0.21059589087963104,0.03159905597567558,-0.7553848028182983,-0.23364399373531342,-0.2191886603832245,-0.8805980682373047,-0.2577745020389557,0.36183157563209534,-0.9592854976654053,-0.06793821603059769,0.40366238355636597,-1.3662610054016113,-0.11826526373624802,0.4162609279155731,-1.6170799732208252,-0.17173384130001068,0.41005298495292664,-1.8388162851333618,-0.21693448722362518,0.13159219920635223,-0.9896072149276733,-0.05797528848052025,0.11625900864601135,-1.4194873571395874,-0.09892372041940689,0.09354110062122345,-1.6819941997528076,-0.1657758504152298,0.0773831307888031,-1.9054558277130127,-0.20902855694293976,-0.07434187829494476,-0.9284749627113342,-0.06826334446668625,-0.15312448143959045,-1.3345645666122437,-0.1875009834766388,-0.1792939305305481,-1.5807723999023438,-0.30774790048599243,-0.2034207582473755,-1.7965540885925293,-0.3815470039844513,-0.251804918050766,-0.7988932132720947,-0.08770620822906494,-0.2521456778049469,-0.9752942323684692,-0.25325825810432434,-0.2019949108362198,-0.8191556334495544,-0.30208921432495117,-0.15986663103103638,-0.6527811884880066,-0.3119390904903412
0.0,0.0,0.0,0.24430619180202484,-0.19182176887989044,-0.17865073680877686,0.28759273886680603,-0.5239881277084351,-0.23162832856178284,0.020295755937695503,-0.7632445693016052,-0.26173919439315796,-0.2254691869020462,-0.8984959721565247,-0.29226553440093994,0.38879019021987915,-0.9505969882011414,-0.08424273133277893,0.42576533555984497,-1.3598246574401855,-0.14560067653656006,0.43276384472846985,-1.6120476722717285,-0.208637997508049,0.4233017861843109,-1.839904546737671,-0.2626853287220001,0.16098283231258392,-0.9841543436050415,-0.07432897388935089,0.14045146107673645,-1.4186110496520996,-0.12653027474880219,0.1060805469751358,-1.6838061809539795,-0.20590682327747345,0.08406306803226471,-1.9148385524749756,-0.2599351406097412,-0.04805466905236244,-0.9228851199150085,-0.08558706194162369,-0.13305817544460297,-1.3233321905136108,-0.21424603462219238,-0.17159725725650787,-1.5700442790985107,-0.3411756753921509,-0.1982690989971161,-1.7933011054992676,-0.42131268978118896,-0.2305617481470108,-0.7927852869033813,-0.10688184201717377,-0.26102763414382935,-0.9608426094055176,-0.27936312556266785,-0.21111148595809937,-0.8134178519248962,-0.3330610394477844,-0.16050687432289124,-0.6613271236419678,-0.3484172224998474
0.0,0.0,0.0,0.24763871729373932,-0.197958841919899,-0.20705382525920868,0.30100464820861816,-0.5474451184272766,-0.2642865478992462,0.004954296164214611,-0.8076925277709961,-0.2909151315689087,-0.26669132709503174,-0.9470394849777222,-0.315939724445343,0.4156118333339691,-0.9504531621932983,-0.09803638607263565,0.4604718089103699,-1.3698643445968628,-0.1578645259141922,0.47270405292510986,-1.626869797706604,-0.22070278227329254,0.4716314971446991,-1.862721562385559,-0.2754133939743042,0.17978617548942566,-0.9811131358146667,-0.07137244194746017,0.16280081868171692,-1.4204106330871582,-0.12523116171360016,0.12798164784908295,-1.68858802318573,-0.20570988953113556,0.10904363542795181,-1.9255198240280151,-0.2613179087638855,-0.03079582192003727,-0.9250444769859314,-0.0685095265507698,-0.12063697725534439,-1.33854341506958,-0.20601709187030792,-0.16714835166931152,-1.601844310760498,-0.3372272551059723,-0.19824591279029846,-1.8401190042495728,-0.4178296625614166,-0.20992550253868103,-0.8050124049186707,-0.07726427912712097,-0.24849948287010193,-1.009056568145752,-0.2500004172325134,-0.21436847746372223,-0.8658173084259033,-0.3017047345638275,-0.17690429091453552,-0.7093263864517212,-0.31660863757133484
0.0,0.0,0.0,0.24763990938663483,-0.18984033167362213,-0.2011781930923462,0.2920140326023102,-0.532531201839447,-0.26049181818962097,0.017622238025069237,-0.8019048571586609,-0.2924458980560303,-0.2376672923564911,-0.9613739848136902,-0.32303208112716675,0.4299716353416443,-0.9408367276191711,-0.09964228421449661,0.4841407537460327,-1.3630850315093994,-0.16185203194618225,0.49602892994880676,-1.6215921640396118,-0.2268509715795517,0.4933234453201294,-1.859812617301941,-0.2832280993461609,0.19445256888866425,-0.9779611825942993,-0.0760265365242958,0.18326795101165771,-1.4127901792526245,-0.13602758944034576,0.15007421374320984,-1.6816127300262451,-0.2189510017633438,0.13045647740364075,-1.9242874383926392,-0.275920569896698,-0.01953776925802231,-0.9272430539131165,-0.07523240894079208,-0.10591776669025421,-1.342636227607727,-0.21205328404903412,-0.15268297493457794,-1.6014339923858643,-0.33601391315460205,-0.18326091766357422,-1.8375345468521118,-0.4112858474254608,-0.20364809036254883,-0.8107900619506836,-0.08594770729541779,-0.252638041973114,-1.0271010398864746,-0.25367212295532227,-0.22407688200473785,-0.8928757905960083,-0.29979848861694336,-0.18553557991981506,-0.7423498034477234,-0.3105836510658264
0.0,0.0,0.0,0.2504914402961731,-0.1968355029821396,-0.21230247616767883,0.2954070568084717,-0.5385254621505737,-0.2793711721897125,0.030008360743522644,-0.8284140229225159,-0.31726208329200745,-0.2202874720096588,-1.0018415451049805,-0.35313349962234497,0.45325884222984314,-0.931887149810791,-0.10893775522708893,0.4991614818572998,-1.357800841331482,-0.18391038477420807,0.5058863759040833,-1.622178316116333,-0.25880032777786255,0.5012872815132141,-1.8671716451644897,-0.32222703099250793,0.21381011605262756,-0.9732269644737244,-0.08434736728668213,0.20194286108016968,-1.409395456314087,-0.157470703125,0.16356351971626282,-1.6832877397537231,-0.24937063455581665,0.14270839095115662,-1.9272061586380005,-0.31264910101890564,-0.008715931326150894,-0.9277437329292297,-0.0838690921664238,-0.08915065228939056,-1.348149061203003,-0.23972004652023315,-0.13925233483314514,-1.6091649532318115,-0.3706432580947876,-0.17147614061832428,-1.8416855335235596,-0.4488479197025299,-0.20569676160812378,-0.8189826607704163,-0.09496593475341797,-0.2499837428331375,-1.0314750671386719,-0.28515541553497314,-0.22573162615299225,-0.8914194107055664,-0.3395962715148926,-0.19379527866840363,-0.7383371591567993,-0.3536301851272583
0.0,0.0,0.0,0.2583676874637604,-0.23136624693870544,-0.20525485277175903,0.29343172907829285,-0.6076746582984924,-0.24690578877925873,-0.002329801442101598,-0.8976063132286072,-0.256681352853775,-0.26981619000434875,-1.0431991815567017,-0.26209789514541626,0.4529096782207489,-0.9389967918395996,-0.07153452932834625,0.5016717910766602,-1.3684076070785522,-0.1261960119009018,0.5117587447166443,-1.6339077949523926,-0.18765854835510254,0.5125943422317505,-1.8800714015960693,-0.24254997074604034,0.21106469631195068,-0.976460337638855,-0.04446142911911011,0.20022240281105042,-1.4188084602355957,-0.09543439745903015,0.16543908417224884,-1.6987048387527466,-0.1779373437166214,0.15359295904636383,-1.9462300539016724,-0.2357148379087448,-0.012489449232816696,-0.9316462278366089,-0.04349088296294212,-0.09826037287712097,-1.3643298149108887,-0.1880491077899933,-0.1417553871870041,-1.631398320198059,-0.3254990875720978,-0.16828343272209167,-1.873814582824707,-0.40729740262031555,-0.20159968733787537,-0.8224995136260986,-0.05375312641263008,-0.24479557573795319,-1.0392364263534546,-0.2366064041852951,-0.21717225015163422,-0.8919926285743713,-0.2926979064941406,-0.1909894347190857,-0.7297025322914124,-0.30857953429222107
0.0,0.0,0.0,0.24235431849956512,-0.2435910999774933,-0.19863569736480713,0.25936979055404663,-0.6075748205184937,-0.23429326713085175,-0.03406626358628273,-0.8721908926963806,-0.2401656061410904,-0.2903609871864319,-1.0106767416000366,-0.24127060174942017,0.42929598689079285,-0.9504018425941467,-0.04880373179912567,0.46965211629867554,-1.3763842582702637,-0.09417393058538437,0.4710230231285095,-1.6405235528945923,-0.1521625965833664,0.46426379680633545,-1.8824167251586914,-0.2046421468257904,0.18830378353595734,-0.9819110035896301,-0.019809892401099205,0.17639929056167603,-1.416961431503296,-0.061337731778621674,0.1377369463443756,-1.699911117553711,-0.14351505041122437,0.12124153226613998,-1.9461157321929932,-0.2017642706632614,-0.03524155914783478,-0.9328919649124146,-0.01769803650677204,-0.12264878302812576,-1.3656078577041626,-0.15594828128814697,-0.17206761240959167,-1.6272432804107666,-0.3004055917263031,-0.20426994562149048,-1.8587918281555176,-0.38590842485427856,-0.22353622317314148,-0.821304202079773,-0.02584049291908741,-0.29699647426605225,-1.0367971658706665,-0.2038886547088623,-0.2688553035259247,-0.9044008255004883,-0.2668318748474121,-0.23247621953487396,-0.7501446008682251,-0.2875511348247528
0.0,0.0,0.0,0.2226303368806839,-0.2442067712545395,-0.19577990472316742,0.22366613149642944,-0.6047456860542297,-0.2362341582775116,-0.07529520243406296,-0.8642706274986267,-0.24959129095077515,-0.3312421143054962,-1.0055105686187744,-0.2590304911136627,0.4049363136291504,-0.9557920098304749,-0.05144881457090378,0.4326514005661011,-1.377730131149292,-0.0988474115729332,0.4280107915401459,-1.6415802240371704,-0.15902894735336304,0.4147527515888214,-1.8816311359405518,-0.2141607254743576,0.16328546404838562,-0.9863088130950928,-0.023083114996552467,0.1369238793849945,-1.417459487915039,-0.06888347119092941,0.09382691234350204,-1.695809006690979,-0.15226025879383087,0.07283782958984375,-1.9393885135650635,-0.21141178905963898,-0.05880482494831085,-0.9326251745223999,-0.020817959681153297,-0.15510518848896027,-1.3590261936187744,-0.15374985337257385,-0.20653417706489563,-1.6144671440124512,-0.29149743914604187,-0.24034452438354492,-1.8432141542434692,-0.3741459250450134,-0.2462104856967926,-0.8169857263565063,-0.029278002679347992,-0.329616904258728,-1.0246573686599731,-0.20164494216442108,-0.30675363540649414,-0.9063606858253479,-0.26418381929397583,-0.2689017951488495,-0.7711231112480164,-0.2856828570365906
0.0,0.0,0.0,0.221868634223938,-0.23999987542629242,-0.2063034623861313,0.22019994258880615,-0.5974485874176025,-0.24261201918125153,-0.07876836508512497,-0.8568077087402344,-0.2485797256231308,-0.3338889479637146,-0.9941557049751282,-0.24792411923408508,0.4027881622314453,-0.9557028412818909,-0.04279085993766785,0.42364031076431274,-1.3694257736206055,-0.08358638733625412,0.41008493304252625,-1.629852294921875,-0.1409074068069458,0.3898489773273468,-1.8655592203140259,-0.19650541245937347,0.16097407042980194,-0.9869120717048645,-0.009588600136339664,0.12409228086471558,-1.4138431549072266,-0.04821432754397392,0.0740639716386795,-1.6888937950134277,-0.13389338552951813,0.04733980447053909,-1.9283124208450317,-0.19724586606025696,-0.060938455164432526,-0.9300956726074219,-0.004985932260751724,-0.16834548115730286,-1.3414032459259033,-0.13241606950759888,-0.2292591631412506,-1.5930347442626953,-0.2807435989379883,-0.2716474235057831,-1.8171658515930176,-0.37317928671836853,-0.2442006915807724,-0.8091658353805542,-0.01288770604878664,-0.34291961789131165,-0.9990010857582092,-0.18895818293094635,-0.3228335976600647,-0.9007818102836609,-0.2686639428138733,-0.2886772155761719,-0.787565290927887,-0.3039516806602478
0.0,0.0,0.0,0.23314067721366882,-0.2568473815917969,-0.2138291597366333,0.2272781878709793,-0.628901481628418,-0.24034054577350616,-0.08872160315513611,-0.881024956703186,-0.22919127345085144,-0.3591800332069397,-0.9859616160392761,-0.21160703897476196,0.398845911026001,-0.9596336483955383,-0.05125655606389046,0.42555999755859375,-1.3853294849395752,-0.08785717189311981,0.41418150067329407,-1.6492177248001099,-0.14069075882434845,0.4014541506767273,-1.89240300655365,-0.19117800891399384,0.15492531657218933,-0.9878343939781189,-0.013470502570271492,0.12187346816062927,-1.428910732269287,-0.04018794372677803,0.07130907475948334,-1.7107404470443726,-0.11843373626470566,0.05160997435450554,-1.9572502374649048,-0.17735065519809723,-0.07075581699609756,-0.9363096356391907,-0.005156364291906357,-0.18362616002559662,-1.35887610912323,-0.12870857119560242,-0.2444167137145996,-1.6177736520767212,-0.27945494651794434,-0.27728670835494995,-1.85538911819458,-0.37401077151298523,-0.2565036714076996,-0.8157555460929871,-0.009710429236292839,-0.3566608428955078,-1.021095633506775,-0.1753402054309845,-0.3189024329185486,-0.8883043527603149,-0.24196338653564453,-0.2707410454750061,-0.7350916266441345,-0.2700839638710022
0.0,0.0,0.0,0.23120374977588654,-0.25752219557762146,-0.2064543515443802,0.23326507210731506,-0.6285833716392517,-0.23854941129684448,-0.06747118383646011,-0.894619345664978,-0.23579394817352295,-0.33318835496902466,-1.0228302478790283,-0.22665508091449738,0.4151207506656647,-0.9492861032485962,-0.05649108067154884,0.4468225836753845,-1.3817137479782104,-0.09744805097579956,0.4388366639614105,-1.6457087993621826,-0.15362203121185303,0.42826271057128906,-1.8888239860534668,-0.2060520350933075,0.16704951226711273,-0.985709547996521,-0.021705929189920425,0.1346709430217743,-1.4288489818572998,-0.05157247558236122,0.08551814407110214,-1.709397554397583,-0.13077542185783386,0.06531740725040436,-1.953554391860962,-0.1891942322254181,-0.05714964494109154,-0.937824010848999,-0.01388650294393301,-0.16850927472114563,-1.3654388189315796,-0.13592423498630524,-0.22844593226909637,-1.6247684955596924,-0.27840784192085266,-0.2630976140499115,-1.8613991737365723,-0.36713066697120667,-0.23381023108959198,-0.8208793997764587,-0.018238946795463562,-0.32253608107566833,-1.031173586845398,-0.1844317764043808,-0.288101464509964,-0.896473228931427,-0.24489985406398773,-0.24351991713047028,-0.7385277152061462,-0.2660108804702759
0.0,0.0,0.0,0.24696867167949677,-0.2315136343240738,-0.191139355301857,0.27714258432388306,-0.5933138132095337,-0.23597580194473267,-0.016986770555377007,-0.8725684881210327,-0.2516113817691803,-0.27769580483436584,-1.0185598134994507,-0.2650162875652313,0.4216184616088867,-0.9402391314506531,-0.07612483948469162,0.4610753655433655,-1.3657183647155762,-0.1301691234111786,0.4623429775238037,-1.6289154291152954,-0.1917818933725357,0.4558694362640381,-1.8698925971984863,-0.2476666420698166,0.1723988652229309,-0.983430802822113,-0.05605778098106384,0.1480647623538971,-1.4216469526290894,-0.10262855887413025,0.11347361654043198,-1.7000176906585693,-0.18661005795001984,0.09923633933067322,-1.9460325241088867,-0.24628086388111115,-0.04819468781352043,-0.9331888556480408,-0.05840512365102768,-0.14517976343631744,-1.3677667379379272,-0.19502268731594086,-0.192561075091362,-1.6392203569412231,-0.3356647789478302,-0.22855356335639954,-1.8775371313095093,-0.42240118980407715,-0.22545550763607025,-0.8152135014533997,-0.0699799582362175,-0.2785704433917999,-1.0212976932525635,-0.2536928653717041,-0.24074490368366241,-0.8808413743972778,-0.3150934875011444,-0.2089042365550995,-0.71864914894104,-0.33366158604621887
0.0,0.0,0.0,0.2679974138736725,-0.22273175418376923,-0.18052521347999573,0.3131650984287262,-0.5917397141456604,-0.22233295440673828,0.023842308670282364,-0.8807141184806824,-0.2364656627178192,-0.241291806101799,-1.0260809659957886,-0.24997855722904205,0.4323633015155792,-0.9396924376487732,-0.08575441688299179,0.48817911744117737,-1.3708161115646362,-0.13986264169216156,0.5012176632881165,-1.6338229179382324,-0.1972021907567978,0.501303493976593,-1.8750324249267578,-0.2491602599620819,0.18132978677749634,-0.9805676341056824,-0.0748770609498024,0.1675882190465927,-1.4365571737289429,-0.12134377658367157,0.14348909258842468,-1.7188923358917236,-0.19974084198474884,0.13687629997730255,-1.9684605598449707,-0.2547858953475952,-0.044168293476104736,-0.9254670143127441,-0.08415976911783218,-0.13287658989429474,-1.3728753328323364,-0.22347290813922882,-0.16681507229804993,-1.6500149965286255,-0.359739750623703,-0.19384068250656128,-1.896203875541687,-0.4436589777469635,-0.23312224447727203,-0.8011688590049744,-0.10118455439805984,-0.25181272625923157,-1.019472599029541,-0.2859886884689331,-0.19759811460971832,-0.866873025894165,-0.34003546833992004,-0.16168402135372162,-0.6963285803794861,-0.35380297899246216
0.0,0.0,0.0,0.2797893285751343,-0.2125656008720398,-0.19140739738941193,0.3435635268688202,-0.5814784169197083,-0.22465325891971588,0.06885667890310287,-0.8764988780021667,-0.22278915345668793,-0.19096748530864716,-1.022627592086792,-0.216404989361763,0.44894590973854065,-0.9340171813964844,-0.08920422941446304,0.528252363204956,-1.3741247653961182,-0.1348983347415924,0.5522750020027161,-1.6369765996932983,-0.18390659987926483,0.5608832240104675,-1.8853143453598022,-0.2291341871023178,0.20037508010864258,-0.9769797921180725,-0.07321394234895706,0.21871422231197357,-1.4525461196899414,-0.11348555237054825,0.20565733313560486,-1.742989420890808,-0.18801923096179962,0.20225517451763153,-1.998878836631775,-0.2389434427022934,-0.02629878558218479,-0.9316415786743164,-0.07892821729183197,-0.09970029443502426,-1.3875454664230347,-0.22126445174217224,-0.12658222019672394,-1.6732665300369263,-0.3623374402523041,-0.14888720214366913,-1.9306014776229858,-0.4473503530025482,-0.21481171250343323,-0.8133576512336731,-0.09301263093948364,-0.21038976311683655,-1.0557793378829956,-0.2757418751716614,-0.15229682624340057,-0.8816649913787842,-0.32248201966285706,-0.12011807411909103,-0.6842113137245178,-0.33120501041412354
0.0,0.0,0.0,0.2781566083431244,-0.18751439452171326,-0.185330331325531,0.3655003011226654,-0.5404818058013916,-0.22500914335250854,0.11828772723674774,-0.8438164591789246,-0.2333131581544876,-0.13198275864124298,-1.0128051042556763,-0.23854368925094604,0.4650513529777527,-0.9175375699996948,-0.08587726950645447,0.5455462336540222,-1.3414617776870728,-0.1345859318971634,0.5770695805549622,-1.5948894023895264,-0.18673528730869293,0.5898189544677734,-1.8353456258773804,-0.23452597856521606,0.22063380479812622,-0.9727234244346619,-0.07162358611822128,0.2545187473297119,-1.4247080087661743,-0.1173192635178566,0.25547489523887634,-1.7030326128005981,-0.19346925616264343,0.25625142455101013,-1.9522955417633057,-0.24558129906654358,-0.007056626491248608,-0.9311380386352539,-0.07810152322053909,-0.07321203500032425,-1.3736501932144165,-0.22004084289073944,-0.09773986786603928,-1.6495959758758545,-0.3523469865322113,-0.12421546876430511,-1.896164894104004,-0.4318453073501587,-0.20622524619102478,-0.8182021379470825,-0.09254805743694305,-0.18349407613277435,-1.063413381576538,-0.2736838757991791,-0.12403244525194168,-0.9008668661117554,-0.3192296326160431,-0.09488455951213837,-0.7204379439353943,-0.32726940512657166
0.0,0.0,0.0,0.27496299147605896,-0.17744536697864532,-0.19129759073257446,0.3712657392024994,-0.531973659992218,-0.2305639237165451,0.11351186037063599,-0.8312802314758301,-0.23753486573696136,-0.15162387490272522,-0.9887081384658813,-0.2400137186050415,0.4459356665611267,-0.9336784482002258,-0.08011505752801895,0.5236141681671143,-1.3611482381820679,-0.12004029750823975,0.5544509887695312,-1.6144914627075195,-0.16489839553833008,0.5603207945823669,-1.8531901836395264,-0.20680390298366547,0.20282801985740662,-0.9773917198181152,-0.05971705541014671,0.24581925570964813,-1.4310389757156372,-0.09523271024227142,0.24983727931976318,-1.7074605226516724,-0.16481457650661469,0.2441704124212265,-1.9524800777435303,-0.21405044198036194,-0.01929662562906742,-0.9275779724121094,-0.06121189892292023,-0.08588907867670059,-1.3378689289093018,-0.19373080134391785,-0.11201883107423782,-1.6001524925231934,-0.3202318847179413,-0.14722959697246552,-1.8294340372085571,-0.39604613184928894,-0.21669216454029083,-0.8123666048049927,-0.07211967557668686,-0.1855590045452118,-1.057761549949646,-0.24140200018882751,-0.12493395805358887,-0.8976645469665527,-0.2810481786727905,-0.10000982880592346,-0.7170817255973816,-0.2868354618549347
0.0,0.0,0.0,0.2561233341693878,-0.19698466360569,-0.21238502860069275,0.3181716501712799,-0.559559166431427,-0.2485615611076355,0.04954688996076584,-0.8554790616035461,-0.24888062477111816,-0.20043447613716125,-1.0247564315795898,-0.24142427742481232,0.4276536703109741,-0.9431027770042419,-0.06801557540893555,0.4984813928604126,-1.3669581413269043,-0.11160999536514282,0.5264732241630554,-1.6205354928970337,-0.1616300344467163,0.5292275547981262,-1.8656235933303833,-0.20680877566337585,0.19107352197170258,-0.9808334112167358,-0.03816647455096245,0.23112641274929047,-1.4408679008483887,-0.07492320984601974,0.2306320071220398,-1.716423511505127,-0.1453605741262436,0.22505486011505127,-1.9664453268051147,-0.19287027418613434,-0.030292266979813576,-0.9238151907920837,-0.035055842250585556,-0.09760772436857224,-1.3077547550201416,-0.16997237503528595,-0.114253930747509,-1.5393778085708618,-0.2896643280982971,-0.13690921664237976,-1.7533652782440186,-0.3560834527015686,-0.22165773808956146,-0.7997348308563232,-0.04518546164035797,-0.20633801817893982,-1.032590389251709,-0.218098446726799,-0.15074793994426727,-0.8663288950920105,-0.2534240484237671,-0.12570053339004517,-0.6876415014266968,-0.2523251175880432
0.0,0.0,0.0,0.255651593208313,-0.187877357006073,-0.2202121764421463,0.3279174566268921,-0.5486453175544739,-0.25776907801628113,0.047389768064022064,-0.8471696376800537,-0.2570423185825348,-0.2021615207195282,-1.015029788017273,-0.24821345508098602,0.43292438983917236,-0.942009687423706,-0.07494840025901794,0.5098947882652283,-1.3668955564498901,-0.12311717122793198,0.5392249226570129,-1.6202762126922607,-0.174314484000206,0.5392302870750427,-1.8643548488616943,-0.21915115416049957,0.19685062766075134,-0.9794856905937195,-0.043099772185087204,0.24464371800422668,-1.4447957277297974,-0.08314471691846848,0.2420356571674347,-1.7190227508544922,-0.15350568294525146,0.23191919922828674,-1.969519019126892,-0.19910739362239838,-0.02341187186539173,-0.9232192635536194,-0.0391697883605957,-0.0800563246011734,-1.2955968379974365,-0.17820842564105988,-0.09314435720443726,-1.5227338075637817,-0.29907089471817017,-0.11383182555437088,-1.7411800622940063,-0.36493486166000366,-0.2138330489397049,-0.7991020679473877,-0.049116406589746475,-0.19914288818836212,-1.0109851360321045,-0.2265385091304779,-0.14947806298732758,-0.8349728584289551,-0.26234549283981323,-0.13154113292694092,-0.6561795473098755,-0.2601257562637329
0.0,0.0,0.0,0.2622274160385132,-0.17005503177642822,-0.20309346914291382,0.3409852981567383,-0.5139302015304565,-0.24507220089435577,0.08255308121442795,-0.7957679629325867,-0.25007230043411255,-0.16476395726203918,-0.963869035243988,-0.25122886896133423,0.4269493520259857,-0.9385905265808105,-0.10088318586349487,0.5117088556289673,-1.3552048206329346,-0.1488025039434433,0.5475879907608032,-1.6067770719528198,-0.1984502226114273,0.5627527832984924,-1.841550350189209,-0.2420036941766739,0.19277046620845795,-0.9780181050300598,-0.0794987604022026,0.22796842455863953,-1.4258781671524048,-0.11840154975652695,0.22545361518859863,-1.7034354209899902,-0.1894579827785492,0.22789207100868225,-1.9476433992385864,-0.2381998747587204,-0.025468148291110992,-0.9250264167785645,-0.0815182700753212,-0.08171448111534119,-1.3550411462783813,-0.227025106549263,-0.10258153080940247,-1.6218175888061523,-0.36494725942611694,-0.12061036378145218,-1.8660764694213867,-0.44807130098342896,-0.21677298843860626,-0.7971453070640564,-0.0928044244647026,-0.17811794579029083,-1.0338265895843506,-0.28313252329826355,-0.11755272001028061,-0.8498526811599731,-0.3324027359485626,-0.08675752580165863,-0.6523192524909973,-0.34224390983581543
0.0,0.0,0.0,0.2658397853374481,-0.17180684208869934,-0.1954122632741928,0.34913015365600586,-0.5053902864456177,-0.24005365371704102,0.11895186454057693,-0.7894986271858215,-0.2533072233200073,-0.11747070401906967,-0.9679931998252869,-0.26399171352386475,0.44723445177078247,-0.9264746308326721,-0.08858802914619446,0.5358116626739502,-1.3461076021194458,-0.13778644800186157,0.5719935894012451,-1.6012036800384521,-0.1899285763502121,0.5880880951881409,-1.8327476978302002,-0.23521582782268524,0.2176152914762497,-0.9735957384109497,-0.06895666569471359,0.25094419717788696,-1.418830156326294,-0.11136287450790405,0.25307565927505493,-1.694246768951416,-0.18583479523658752,0.2603272795677185,-1.9288002252578735,-0.235944926738739,0.0009929841617122293,-0.9268165230751038,-0.07228130102157593,-0.049560822546482086,-1.3575454950332642,-0.21511097252368927,-0.06532677263021469,-1.6256959438323975,-0.35160958766937256,-0.07842089980840683,-1.8634581565856934,-0.433342307806015,-0.1887333244085312,-0.8053268194198608,-0.08462908864021301,-0.16113518178462982,-1.0311774015426636,-0.2722764015197754,-0.1133996844291687,-0.859329104423523,-0.323917955160141,-0.09147486090660095,-0.6694227457046509,-0.3345467150211334
0.0,0.0,0.0,0.27762067317962646,-0.16957640647888184,-0.17731857299804688,0.3663505017757416,-0.51006019115448,-0.21427109837532043,0.14710399508476257,-0.801612913608551,-0.22391892969608307,-0.08536373823881149,-0.9781981110572815,-0.2324327528476715,0.47105738520622253,-0.9143239259719849,-0.07628511637449265,0.5683925747871399,-1.3335576057434082,-0.12286292016506195,0.6130027174949646,-1.5885541439056396,-0.17209284007549286,0.6363269090652466,-1.8206546306610107,-0.21582213044166565,0.24404357373714447,-0.9675585031509399,-0.06537003815174103,0.28038254380226135,-1.4199564456939697,-0.1040276512503624,0.2882624566555023,-1.6977792978286743,-0.17542867362499237,0.3030506670475006,-1.9373104572296143,-0.22369985282421112,0.02777576446533203,-0.9256613850593567,-0.07568948715925217,-0.01799635775387287,-1.3563427925109863,-0.21468406915664673,-0.022075124084949493,-1.6276648044586182,-0.3513759970664978,-0.023807941004633904,-1.8709443807601929,-0.4350730776786804,-0.16388331353664398,-0.8097350001335144,-0.09370765835046768,-0.13394740223884583,-1.0160176753997803,-0.2801321744918823,-0.08718366175889969,-0.8401951193809509,-0.33374398946762085,-0.06554241478443146,-0.6546658277511597,-0.3470175862312317
0.0,0.0,0.0,0.29002639651298523,-0.15796175599098206,-0.1719605177640915,0.3900127112865448,-0.5020855069160461,-0.19419901072978973,0.15422803163528442,-0.7823160886764526,-0.18608598411083221,-0.08387946337461472,-0.9412999153137207,-0.176384836435318,0.4770556390285492,-0.9165775179862976,-0.07856405526399612,0.5860738158226013,-1.335616946220398,-0.11973731219768524,0.6341080665588379,-1.5899109840393066,-0.16151928901672363,0.6592198014259338,-1.8195325136184692,-0.19812363386154175,0.24607327580451965,-0.9667105078697205,-0.07013427466154099,0.30723196268081665,-1.4239990711212158,-0.09841683506965637,0.32677319645881653,-1.7024339437484741,-0.16065193712711334,0.3463723063468933,-1.9348344802856445,-0.20242726802825928,0.024304958060383797,-0.9209479689598083,-0.08291871100664139,-0.005804057698696852,-1.3651533126831055,-0.2180243730545044,-0.005483396351337433,-1.6380650997161865,-0.3552611768245697,-0.009631013497710228,-1.884886622428894,-0.43767377734184265,-0.17265328764915466,-0.794264018535614,-0.10227567702531815,-0.11608961969614029,-1.0226223468780518,-0.2820744216442108,-0.06575524061918259,-0.8471031188964844,-0.3290235698223114,-0.05343862250447273,-0.655174732208252,-0.33748722076416016
0.0,0.0,0.0,0.29557615518569946,-0.14992009103298187,-0.14253413677215576,0.40507984161376953,-0.48991554975509644,-0.16748280823230743,0.18120943009853363,-0.7743907570838928,-0.1715867668390274,-0.06151384487748146,-0.9398351311683655,-0.17994442582130432,0.48205429315567017,-0.9107378125190735,-0.06652094423770905,0.6016631722450256,-1.3152973651885986,-0.10199180245399475,0.6589000225067139,-1.562235951423645,-0.13960295915603638,0.687279224395752,-1.7909904718399048,-0.1755758374929428,0.2506534457206726,-0.9652397632598877,-0.0740608274936676,0.31215301156044006,-1.4210724830627441,-0.1017267107963562,0.33503445982933044,-1.6988345384597778,-0.16395215690135956,0.3547985255718231,-1.9356740713119507,-0.20632967352867126,0.03036464750766754,-0.9109646081924438,-0.09797509014606476,-0.01269374880939722,-1.3489911556243896,-0.22959217429161072,-0.015714989975094795,-1.6277965307235718,-0.3659282326698303,-0.020305495709180832,-1.880695104598999,-0.45220184326171875,-0.1679132729768753,-0.7787299156188965,-0.12553395330905914,-0.08828677982091904,-0.9760770797729492,-0.30552560091018677,-0.032520852982997894,-0.7844302654266357,-0.3550672233104706,-0.007169146090745926,-0.5925725698471069,-0.36845695972442627
0.0,0.0,0.0,0.28638994693756104,-0.13511836528778076,-0.14348691701889038,0.4068918526172638,-0.4533233642578125,-0.17256741225719452,0.21091502904891968,-0.7338392734527588,-0.180632084608078,-0.009382935240864754,-0.9213169813156128,-0.19201329350471497,0.5038483738899231,-0.8879177570343018,-0.0727648138999939,0.6198827624320984,-1.2931668758392334,-0.11075596511363983,0.6767029166221619,-1.5391619205474854,-0.14779318869113922,0.7069138288497925,-1.7639851570129395,-0.18083453178405762,0.28255996108055115,-0.956221878528595,-0.07615579664707184,0.3494895100593567,-1.3985551595687866,-0.10516105592250824,0.3707963228225708,-1.670554757118225,-0.1624063402414322,0.39416274428367615,-1.9020334482192993,-0.1997397243976593,0.06329413503408432,-0.920829176902771,-0.09624691307544708,0.03307933360338211,-1.3515198230743408,-0.22655870020389557,0.035040587186813354,-1.6233556270599365,-0.35463911294937134,0.038622889667749405,-1.867722511291504,-0.4337511658668518,-0.14302152395248413,-0.8062460422515869,-0.12030965089797974,-0.06492289900779724,-1.0044758319854736,-0.2950952649116516,-0.02001337707042694,-0.8105030655860901,-0.3380291759967804,-0.0028885009232908487,-0.6120548248291016,-0.3452526926994324
0.0,0.0,0.0,0.29264894127845764,-0.13792838156223297,-0.1497434377670288,0.4174990653991699,-0.45727500319480896,-0.18263863027095795,0.20488189160823822,-0.7413369417190552,-0.19324560463428497,-0.020158996805548668,-0.9237946271896362,-0.2065364122390747,0.5140796303749084,-0.8977521657943726,-0.07947149872779846,0.6418692469596863,-1.3130494356155396,-0.1189626157283783,0.7000839710235596,-1.5635188817977905,-0.15682227909564972,0.7339105010032654,-1.790427803993225,-0.19057577848434448,0.28479069471359253,-0.9551709890365601,-0.08088693767786026,0.35614684224128723,-1.4103795289993286,-0.11370757967233658,0.3776252269744873,-1.685375452041626,-0.17346754670143127,0.4023730456829071,-1.9163511991500854,-0.21386884152889252,0.06245245784521103,-0.9151774644851685,-0.09909500926733017,0.03900238499045372,-1.3603655099868774,-0.23345284163951874,0.03912089392542839,-1.6369843482971191,-0.3598894774913788,0.04131345450878143,-1.8829554319381714,-0.43706420063972473,-0.14599135518074036,-0.7981147766113281,-0.12147022783756256,-0.06941331923007965,-1.0335948467254639,-0.29294663667678833,-0.032252952456474304,-0.8430452942848206,-0.3282311260700226,-0.02123981900513172,-0.6380696296691895,-0.33078622817993164
0.0,0.0,0.0,0.2856963872909546,-0.12687882781028748,-0.1682911068201065,0.4269818067550659,-0.43537473678588867,-0.21287909150123596,0.24137787520885468,-0.7400287985801697,-0.23050528764724731,0.04357878118753433,-0.9518405199050903,-0.2497091293334961,0.531059205532074,-0.8757051825523376,-0.10464160889387131,0.677716851234436,-1.2884503602981567,-0.15518660843372345,0.746812641620636,-1.5352939367294312,-0.200157031416893,0.7851195335388184,-1.7621383666992188,-0.2373684048652649,0.3020545542240143,-0.9485923647880554,-0.09452828019857407,0.3717884421348572,-1.396047592163086,-0.14594526588916779,0.3902421295642853,-1.6723034381866455,-0.21232634782791138,0.40669843554496765,-1.9073351621627808,-0.2522100806236267,0.0812995657324791,-0.9249128103256226,-0.10205644369125366,0.058503828942775726,-1.3704193830490112,-0.24974766373634338,0.05361352860927582,-1.65714693069458,-0.37956857681274414,0.05198807641863823,-1.907730221748352,-0.4552001655101776,-0.12525217235088348,-0.8253194689750671,-0.11465251445770264,-0.05794215202331543,-1.0371687412261963,-0.2964893579483032,-0.028134243562817574,-0.8506713509559631,-0.3397059142589569,-0.02299255132675171,-0.6496961116790771,-0.3442695438861847
0.0,0.0,0.0,0.2928054630756378,-0.15607227385044098,-0.16101869940757751,0.41092321276664734,-0.47108209133148193,-0.2067890167236328,0.2007676064968109,-0.7639489769935608,-0.2299206703901291,-0.006149886641651392,-0.9542180299758911,-0.2562522888183594,0.516598641872406,-0.883893609046936,-0.09562783688306808,0.6607122421264648,-1.2931041717529297,-0.14919641613960266,0.7282359004020691,-1.5461647510528564,-0.20217499136924744,0.766193151473999,-1.7784488201141357,-0.24721451103687286,0.281594842672348,-0.9550725221633911,-0.09241650998592377,0.34688252210617065,-1.3983087539672852,-0.13706229627132416,0.3650621771812439,-1.6818803548812866,-0.2095678746700287,0.3836389482021332,-1.9217153787612915,-0.26007080078125,0.05689888074994087,-0.9275588393211365,-0.10650019347667694,0.031429775059223175,-1.376611351966858,-0.24527880549430847,0.021505681797862053,-1.665688395500183,-0.3834642469882965,0.013705258257687092,-1.9097992181777954,-0.47074174880981445,-0.14657889306545258,-0.8255841135978699,-0.12570855021476746,-0.09420379251241684,-1.0386474132537842,-0.30509889125823975,-0.062315478920936584,-0.8647292852401733,-0.3568921387195587,-0.05130443349480629,-0.6709561944007874,-0.37108999490737915
0.0,0.0,0.0,0.28890126943588257,-0.13331183791160583,-0.19474366307258606,0.41020575165748596,-0.44563502073287964,-0.2571917176246643,0.20217736065387726,-0.7550581097602844,-0.2895852029323578,-0.0008043803973123431,-0.9647368788719177,-0.32444244623184204,0.5177661180496216,-0.8682575821876526,-0.1380322128534317,0.674426794052124,-1.2769765853881836,-0.20583505928516388,0.7478043437004089,-1.5312107801437378,-0.2638294994831085,0.7837623357772827,-1.7595646381378174,-0.3099508285522461,0.27917733788490295,-0.9527305364608765,-0.119852215051651,0.3534204959869385,-1.4049005508422852,-0.17986522614955902,0.3748529255390167,-1.6854441165924072,-0.25242817401885986,0.38935139775276184,-1.9113136529922485,-0.2954194247722626,0.05211390554904938,-0.9298393726348877,-0.12037315219640732,0.029690532013773918,-1.3798426389694214,-0.26569509506225586,0.022549204528331757,-1.66511070728302,-0.3981045186519623,0.020881418138742447,-1.90365469455719,-0.47852078080177307,-0.15206290781497955,-0.8230254054069519,-0.1290048211812973,-0.12155073881149292,-0.9908117651939392,-0.32366421818733215,-0.10004895180463791,-0.8172046542167664,-0.3824041783809662,-0.08993669599294662,-0.6338760852813721,-0.39576488733291626
0.0,0.0,0.0,0.2934315502643585,-0.17285865545272827,-0.17002429068088531,0.40491941571235657,-0.4995761811733246,-0.2202753871679306,0.1674615740776062,-0.7878400683403015,-0.24555842578411102,-0.04593976214528084,-0.9690079092979431,-0.2741400897502899,0.49708038568496704,-0.8972451090812683,-0.10827406495809555,0.6365029215812683,-1.296993613243103,-0.16459999978542328,0.7068870067596436,-1.5453698635101318,-0.21547558903694153,0.7530655264854431,-1.76792311668396,-0.25912487506866455,0.24390080571174622,-0.9645221829414368,-0.10104125738143921,0.30191072821617126,-1.4125157594680786,-0.15101459622383118,0.32482555508613586,-1.6992887258529663,-0.22220054268836975,0.34910258650779724,-1.9400099515914917,-0.2677399814128876,0.01601230539381504,-0.9303034543991089,-0.11129773408174515,-0.020184054970741272,-1.3736032247543335,-0.24481773376464844,-0.02529311180114746,-1.6691124439239502,-0.38264569640159607,-0.02602100558578968,-1.9185444116592407,-0.46957430243492126,-0.17961540818214417,-0.8146414756774902,-0.1282864511013031,-0.15476855635643005,-0.9828644394874573,-0.3099929392337799,-0.11445515602827072,-0.819412887096405,-0.3719777762889862,-0.09107284247875214,-0.6427933573722839,-0.39164748787879944
0.0,0.0,0.0,0.3101670444011688,-0.15870755910873413,-0.15864378213882446,0.4447769224643707,-0.4957103133201599,-0.18816345930099487,0.23986518383026123,-0.8008050918579102,-0.19162610173225403,0.024581987410783768,-0.9814805388450623,-0.19878815114498138,0.5409291982650757,-0.8740203976631165,-0.07326003909111023,0.6900568008422852,-1.2642902135849,-0.10896693170070648,0.7644223570823669,-1.5027470588684082,-0.14694298803806305,0.8135782480239868,-1.7205890417099,-0.18226680159568787,0.2949076294898987,-0.9532284736633301,-0.0662195235490799,0.3667275011539459,-1.3953468799591064,-0.09514421224594116,0.39923444390296936,-1.6747008562088013,-0.1580180823802948,0.43267664313316345,-1.9030548334121704,-0.19762778282165527,0.06392928957939148,-0.925803005695343,-0.07689888775348663,0.03209314122796059,-1.375361442565918,-0.20760422945022583,0.040962111204862595,-1.668989658355713,-0.3539734482765198,0.052336931228637695,-1.916738510131836,-0.44593679904937744,-0.136793315410614,-0.8117900490760803,-0.0920744463801384,-0.08561284840106964,-0.9752159118652344,-0.2788703441619873,-0.04495730996131897,-0.7794238924980164,-0.34391841292381287,-0.026641981676220894,-0.5739929676055908,-0.3650820255279541
0.0,0.0,0.0,0.312237024307251,-0.17239022254943848,-0.15725010633468628,0.44528132677078247,-0.5154468417167664,-0.17994335293769836,0.22030934691429138,-0.8178868889808655,-0.1771761029958725,0.009904306381940842,-1.004257321357727,-0.178447425365448,0.5331600904464722,-0.889876127243042,-0.05974145978689194,0.6837608218193054,-1.2805120944976807,-0.09003099799156189,0.7602293491363525,-1.5235151052474976,-0.12476273626089096,0.8151594400405884,-1.7441562414169312,-0.1577921211719513,0.2733389437198639,-0.9604457020759583,-0.05319735407829285,0.34475812315940857,-1.407448410987854,-0.08214835822582245,0.3876814544200897,-1.6953009366989136,-0.14426325261592865,0.4344429075717926,-1.9295533895492554,-0.1819472312927246,0.034066829830408096,-0.9242096543312073,-0.06553001701831818,0.01707325130701065,-1.3890222311019897,-0.20280684530735016,0.03904199227690697,-1.689321756362915,-0.3524678349494934,0.06139158830046654,-1.9457182884216309,-0.4434775412082672,-0.17092587053775787,-0.7962605357170105,-0.08145160228013992,-0.08874175697565079,-0.9826982617378235,-0.2720232903957367,-0.04751937836408615,-0.7804955840110779,-0.33591219782829285,-0.03147845342755318,-0.5689137578010559,-0.35532963275909424
0.0,0.0,0.0,0.3166956603527069,-0.148273766040802,-0.14880526065826416,0.46976006031036377,-0.5026175379753113,-0.17509733140468597,0.25445935130119324,-0.8213334679603577,-0.17734667658805847,0.03839248791337013,-1.0021483898162842,-0.18572501838207245,0.5314258337020874,-0.8810469508171082,-0.07828330248594284,0.6861951947212219,-1.264931559562683,-0.11639811843633652,0.7690030336380005,-1.506160020828247,-0.1544889509677887,0.8296629190444946,-1.7220133543014526,-0.189623162150383,0.27682286500930786,-0.9576069116592407,-0.07973828166723251,0.3470682203769684,-1.409523844718933,-0.10629072040319443,0.3901863694190979,-1.69723641872406,-0.16488011181354523,0.43987518548965454,-1.927226185798645,-0.20274676382541656,0.045273080468177795,-0.9236059188842773,-0.09733529388904572,0.033742304891347885,-1.386062741279602,-0.22762955725193024,0.0583253875374794,-1.6972564458847046,-0.377231627702713,0.08491842448711395,-1.9587985277175903,-0.47496992349624634,-0.1576230525970459,-0.8023279905319214,-0.11788135021924973,-0.0832449197769165,-0.9554945826530457,-0.30646947026252747,-0.04172203317284584,-0.7585488557815552,-0.37449029088020325,-0.026251349598169327,-0.556262195110321,-0.400937020778656
0.0,0.0,0.0,0.3307255208492279,-0.14779824018478394,-0.13855962455272675,0.4876428544521332,-0.5151615142822266,-0.15241310000419617,0.265951931476593,-0.8354589343070984,-0.14205928146839142,0.04200693592429161,-1.0129817724227905,-0.13871543109416962,0.5304308533668518,-0.8831796050071716,-0.06902172416448593,0.695533275604248,-1.2764654159545898,-0.09726373106241226,0.7861879467964172,-1.5214203596115112,-0.12669360637664795,0.8499132394790649,-1.7426292896270752,-0.15431268513202667,0.2773507237434387,-0.9581173062324524,-0.07132801413536072,0.3544437885284424,-1.4115933179855347,-0.08688642829656601,0.40297698974609375,-1.705641508102417,-0.14275257289409637,0.451241135597229,-1.9429415464401245,-0.17973527312278748,0.04554096609354019,-0.9265910387039185,-0.08906421810388565,0.03303531929850578,-1.3854036331176758,-0.21718555688858032,0.06320057809352875,-1.7041927576065063,-0.3786219358444214,0.0873919129371643,-1.9722349643707275,-0.4850776791572571,-0.1602029949426651,-0.811935544013977,-0.1076507642865181,-0.0446820966899395,-0.953339159488678,-0.29375332593917847,0.013020535930991173,-0.7401815056800842,-0.3673669099807739,0.030671419575810432,-0.5220126509666443,-0.3999415934085846
0.0,0.0,0.0,0.32557031512260437,-0.16313406825065613,-0.14569000899791718,0.4573354125022888,-0.5187070369720459,-0.1573406606912613,0.23194734752178192,-0.8297972083091736,-0.1423243135213852,0.016737738624215126,-1.0090017318725586,-0.132276251912117,0.5135204195976257,-0.8899847269058228,-0.07292456924915314,0.6760740876197815,-1.2968266010284424,-0.10497786849737167,0.7573514580726624,-1.546495795249939,-0.1349894255399704,0.8113278746604919,-1.7741347551345825,-0.1618909239768982,0.26429906487464905,-0.9616913795471191,-0.07277114689350128,0.342426598072052,-1.4202829599380493,-0.09409749507904053,0.3771974742412567,-1.7107254266738892,-0.14876745641231537,0.41529473662376404,-1.9427934885025024,-0.1828053891658783,0.030315136536955833,-0.930454432964325,-0.0898410975933075,0.007447804324328899,-1.393247365951538,-0.2256239950656891,0.025376982986927032,-1.7003917694091797,-0.3809638023376465,0.04485510662198067,-1.9637020826339722,-0.4795771539211273,-0.1781085729598999,-0.8121324777603149,-0.10881447046995163,-0.07510405033826828,-0.9811861515045166,-0.29791614413261414,-0.012158962897956371,-0.7628989815711975,-0.3638065457344055,0.01640080101788044,-0.5382915735244751,-0.3880491256713867
0.0,0.0,0.0,0.31613290309906006,-0.1513536125421524,-0.16577565670013428,0.44892749190330505,-0.4826803207397461,-0.19459868967533112,0.21609942615032196,-0.8019546866416931,-0.19345463812351227,0.0016846096841618419,-1.0096685886383057,-0.19571678340435028,0.5274006724357605,-0.878506600856781,-0.08680076897144318,0.6799288988113403,-1.2852133512496948,-0.12738902866840363,0.7517206072807312,-1.533252239227295,-0.1671013981103897,0.7973313331604004,-1.7652037143707275,-0.20251475274562836,0.27230992913246155,-0.9588646292686462,-0.08016179502010345,0.34210091829299927,-1.4138376712799072,-0.11114712804555893,0.3662530183792114,-1.6973445415496826,-0.1753542572259903,0.39482590556144714,-1.9307249784469604,-0.21719679236412048,0.033669475466012955,-0.926777720451355,-0.09175830334424973,-0.006765777710825205,-1.377933144569397,-0.23387232422828674,-0.006156622897833586,-1.6659574508666992,-0.3798314034938812,-0.0027284901589155197,-1.9178224802017212,-0.4704533815383911,-0.18148809671401978,-0.8045129776000977,-0.1072775200009346,-0.09724876284599304,-1.0009609460830688,-0.29804202914237976,-0.03826316446065903,-0.7931633591651917,-0.35475167632102966,-0.012645931914448738,-0.5784739851951599,-0.37052711844444275
0.0,0.0,0.0,0.30480483174324036,-0.15477508306503296,-0.1769491583108902,0.4393106698989868,-0.4974074363708496,-0.20582331717014313,0.20097436010837555,-0.8115059733390808,-0.20091412961483002,-0.025503898039460182,-1.0103087425231934,-0.19663061201572418,0.5005547404289246,-0.8919285535812378,-0.09555737674236298,0.65228670835495,-1.3140532970428467,-0.13772191107273102,0.724219024181366,-1.569428563117981,-0.17771703004837036,0.7664546370506287,-1.8047319650650024,-0.21132926642894745,0.2465638369321823,-0.965825080871582,-0.0799272209405899,0.3134796917438507,-1.4211938381195068,-0.10913801938295364,0.33540838956832886,-1.701208233833313,-0.16770952939987183,0.36046966910362244,-1.92540442943573,-0.2045077532529831,0.01432901993393898,-0.9355283379554749,-0.08411523699760437,-0.0268408190459013,-1.3859840631484985,-0.2208413928747177,-0.03068559058010578,-1.6710205078125,-0.3602867126464844,-0.03214062377810478,-1.916602373123169,-0.4449552595615387,-0.18636751174926758,-0.8158441781997681,-0.09410163760185242,-0.12336511164903641,-1.0222676992416382,-0.2747422754764557,-0.08228160440921783,-0.8202496767044067,-0.32278141379356384,-0.07334420830011368,-0.6019807457923889,-0.33158600330352783
0.0,0.0,0.0,0.3034653663635254,-0.1397157460451126,-0.1821979135274887,0.43052777647972107,-0.45470717549324036,-0.23201380670070648,0.20355041325092316,-0.7593259811401367,-0.2534973621368408,0.0008267739322036505,-0.9750955104827881,-0.2787283658981323,0.4883040189743042,-0.8837843537330627,-0.12376369535923004,0.6344573497772217,-1.2996939420700073,-0.18624615669250488,0.7046804428100586,-1.5580075979232788,-0.24248486757278442,0.7432583570480347,-1.7990092039108276,-0.2885359823703766,0.24019473791122437,-0.9644105434417725,-0.11053866147994995,0.3010912537574768,-1.4100885391235352,-0.16020607948303223,0.31895145773887634,-1.690618634223938,-0.23240575194358826,0.3370228707790375,-1.9195291996002197,-0.27996060252189636,0.012771336361765862,-0.9357454776763916,-0.1153717041015625,-0.03404286876320839,-1.3794605731964111,-0.25770413875579834,-0.048311997205019,-1.659399390220642,-0.39310768246650696,-0.05836740881204605,-1.892012357711792,-0.47763314843177795,-0.18785664439201355,-0.8208996057510376,-0.12712667882442474,-0.13983413577079773,-1.0106931924819946,-0.31417208909988403,-0.09481508284807205,-0.8200805187225342,-0.3681025505065918,-0.07221410423517227,-0.6139559745788574,-0.380858451128006
0.0,0.0,0.0,0.2847626507282257,-0.12734302878379822,-0.194895938038826,0.41361409425735474,-0.43128421902656555,-0.2535235285758972,0.19379986822605133,-0.7257400155067444,-0.2815893590450287,0.0028836186975240707,-0.9410398006439209,-0.3140674829483032,0.48406484723091125,-0.8827012777328491,-0.1422681212425232,0.6252482533454895,-1.2944567203521729,-0.21078315377235413,0.6890566349029541,-1.5518635511398315,-0.27035287022590637,0.7236137390136719,-1.7872226238250732,-0.3176549971103668,0.2396516054868698,-0.9630085229873657,-0.12321443110704422,0.29866713285446167,-1.4029667377471924,-0.17828227579593658,0.3109164237976074,-1.6794135570526123,-0.25213804841041565,0.32607558369636536,-1.9014018774032593,-0.29853513836860657,0.01669193059206009,-0.9334166049957275,-0.12263558804988861,-0.03075357899069786,-1.3644945621490479,-0.26234135031700134,-0.051682308316230774,-1.639276146888733,-0.39747855067253113,-0.0603899322450161,-1.8668335676193237,-0.4820343554019928,-0.17514149844646454,-0.8157211542129517,-0.13070139288902283,-0.170394167304039,-0.9737964868545532,-0.3176780641078949,-0.1506205052137375,-0.7879766821861267,-0.37529122829437256,-0.13723507523536682,-0.5889471769332886,-0.3894566297531128
0.0,0.0,0.0,0.2921065390110016,-0.13750779628753662,-0.21138454973697662,0.40584224462509155,-0.46467339992523193,-0.26997697353363037,0.1747496873140335,-0.7679756879806519,-0.2929065227508545,-0.03134121000766754,-0.9768568873405457,-0.31691446900367737,0.49549224972724915,-0.8971079587936401,-0.13882900774478912,0.6226024031639099,-1.3181934356689453,-0.2024020552635193,0.6772665977478027,-1.5731171369552612,-0.259747713804245,0.7044503092765808,-1.8108272552490234,-0.30708059668540955,0.24809680879116058,-0.9625468254089355,-0.10932383686304092,0.29569360613822937,-1.4007092714309692,-0.1645389348268509,0.2992015779018402,-1.6785255670547485,-0.2404383271932602,0.3044411838054657,-1.9101459980010986,-0.28871676325798035,0.022113298997282982,-0.9290229678153992,-0.1009560227394104,-0.03219662979245186,-1.3646323680877686,-0.2504808306694031,-0.06371989846229553,-1.636539101600647,-0.3911266028881073,-0.08624009042978287,-1.8653262853622437,-0.4763299524784088,-0.16829998791217804,-0.8146019577980042,-0.10196927934885025,-0.16182757914066315,-0.9916837811470032,-0.30364060401916504,-0.14180020987987518,-0.8020123839378357,-0.36829185485839844,-0.13397881388664246,-0.6009784936904907,-0.38523560762405396
0.0,0.0,0.0,0.30684763193130493,-0.15421991050243378,-0.2042665183544159,0.4070817828178406,-0.4786190986633301,-0.257129430770874,0.17525315284729004,-0.769432783126831,-0.27582183480262756,-0.020694473758339882,-0.9745851159095764,-0.29598307609558105,0.49847596883773804,-0.8966063261032104,-0.12772676348686218,0.6427443027496338,-1.3174057006835938,-0.18681031465530396,0.7073745727539062,-1.5736863613128662,-0.24257637560367584,0.7468392252922058,-1.8141841888427734,-0.2883717715740204,0.2469305694103241,-0.9638370275497437,-0.10021724551916122,0.3003627359867096,-1.4056967496871948,-0.14785617589950562,0.3077765107154846,-1.6880656480789185,-0.22430388629436493,0.32085275650024414,-1.923125147819519,-0.27444353699684143,0.01718147099018097,-0.9332714676856995,-0.09381316602230072,-0.035376373678445816,-1.376357078552246,-0.23831807076931,-0.0588555783033371,-1.656177043914795,-0.38254299759864807,-0.07138148695230484,-1.89322829246521,-0.4713149964809418,-0.17214906215667725,-0.8188261985778809,-0.09624921530485153,-0.15476544201374054,-1.0097604990005493,-0.2870895564556122,-0.12923093140125275,-0.8161585330963135,-0.34518080949783325,-0.11997514963150024,-0.6038205027580261,-0.35977092385292053
0.0,0.0,0.0,0.316893070936203,-0.152475506067276,-0.19561408460140228,0.4224170744419098,-0.4777105748653412,-0.24702738225460052,0.2026551216840744,-0.77458655834198,-0.26653799414634705,0.002465957310050726,-0.982558012008667,-0.2879445552825928,0.516799807548523,-0.8882015943527222,-0.12218858301639557,0.6570223569869995,-1.3022865056991577,-0.1808289736509323,0.720625102519989,-1.5570732355117798,-0.235738143324852,0.7597715258598328,-1.7944430112838745,-0.2817819118499756,0.2669685482978821,-0.9584798216819763,-0.10022100806236267,0.31353580951690674,-1.3968863487243652,-0.1480240523815155,0.3204589784145355,-1.676906943321228,-0.22369669377803802,0.3346661329269409,-1.909136176109314,-0.27415403723716736,0.034304190427064896,-0.9269261360168457,-0.09834256768226624,-0.02116112783551216,-1.3676869869232178,-0.2430046647787094,-0.04358292743563652,-1.6419886350631714,-0.3840591609477997,-0.05554020777344704,-1.872423768043518,-0.47158387303352356,-0.16287994384765625,-0.8119741678237915,-0.10477866977453232,-0.13219590485095978,-0.9961757659912109,-0.2983989119529724,-0.0928150936961174,-0.8021047115325928,-0.3584982752799988,-0.07452674955129623,-0.5906223058700562,-0.3746839165687561
0.0,0.0,0.0,0.3144986629486084,-0.1363254338502884,-0.1977507472038269,0.4265047609806061,-0.44896313548088074,-0.2538757622241974,0.21184737980365753,-0.7499237060546875,-0.279405802488327,0.030883340165019035,-0.9688556790351868,-0.30758723616600037,0.5258579850196838,-0.8731002807617188,-0.12855514883995056,0.6751787066459656,-1.2883477210998535,-0.19196712970733643,0.7453963756561279,-1.5455297231674194,-0.24930992722511292,0.7877524495124817,-1.7833483219146729,-0.296382874250412,0.27472877502441406,-0.9557508826255798,-0.10518687963485718,0.3285490572452545,-1.3929651975631714,-0.1571144014596939,0.340300977230072,-1.6732292175292969,-0.23277200758457184,0.35651856660842896,-1.9029242992401123,-0.2818402945995331,0.04181547462940216,-0.9312998056411743,-0.1019512191414833,-0.006509262137115002,-1.3705692291259766,-0.24558080732822418,-0.02579382434487343,-1.6477433443069458,-0.3867061138153076,-0.03706655278801918,-1.8763967752456665,-0.4742574989795685,-0.15679116547107697,-0.8197199702262878,-0.10723564773797989,-0.13752922415733337,-0.9875761866569519,-0.30080312490463257,-0.10955648869276047,-0.8033096790313721,-0.36482149362564087,-0.09827487170696259,-0.6019978523254395,-0.383114755153656
0.0,0.0,0.0,0.3190768361091614,-0.1278533935546875,-0.1769225150346756,0.4471568167209625,-0.4463983476161957,-0.22016777098178864,0.24304302036762238,-0.7496700286865234,-0.23516477644443512,0.05948464199900627,-0.9608022570610046,-0.25353938341140747,0.5378909111022949,-0.8713117241859436,-0.11907648295164108,0.6984826326370239,-1.2946895360946655,-0.1727360337972641,0.7728739976882935,-1.5561906099319458,-0.2210894525051117,0.8194049000740051,-1.7961937189102173,-0.2615499198436737,0.2838958203792572,-0.9532607197761536,-0.10342644155025482,0.3469112813472748,-1.4029152393341064,-0.14660777151584625,0.365669846534729,-1.682990550994873,-0.2145700603723526,0.39161255955696106,-1.9080768823623657,-0.2591609060764313,0.04868992790579796,-0.9274923801422119,-0.10482954233884811,0.0019471104023978114,-1.3764797449111938,-0.24180902540683746,-0.008934886194765568,-1.6584370136260986,-0.3754110038280487,-0.010371719487011433,-1.8885021209716797,-0.45829448103904724,-0.15442264080047607,-0.8125742673873901,-0.11249629408121109,-0.12542034685611725,-1.0062980651855469,-0.2914010286331177,-0.09542771428823471,-0.8188717365264893,-0.34022271633148193,-0.08281681686639786,-0.6077311038970947,-0.35021716356277466
0.0,0.0,0.0,0.3057801425457001,-0.13133907318115234,-0.17217959463596344,0.44014784693717957,-0.44455042481422424,-0.2150505781173706,0.2519530951976776,-0.7402370572090149,-0.23093515634536743,0.06524200737476349,-0.9468808770179749,-0.2523556351661682,0.5071389079093933,-0.8674629926681519,-0.1268642693758011,0.6633473038673401,-1.278512716293335,-0.19020670652389526,0.7362784147262573,-1.542238712310791,-0.24510324001312256,0.7788177132606506,-1.7789645195007324,-0.28870290517807007,0.26126816868782043,-0.9583514928817749,-0.11533118039369583,0.32050859928131104,-1.3930630683898926,-0.16014185547828674,0.33877959847450256,-1.6661863327026367,-0.22762326896190643,0.3626192808151245,-1.8757624626159668,-0.27228274941444397,0.03130229562520981,-0.9365012049674988,-0.12075147777795792,-0.004599560517817736,-1.3723013401031494,-0.2534756064414978,-0.014097588136792183,-1.652984380722046,-0.3902265429496765,-0.01623430848121643,-1.8765888214111328,-0.4781205356121063,-0.16775941848754883,-0.8230452537536621,-0.1326751410961151,-0.1446448117494583,-0.9736141562461853,-0.31112462282180786,-0.11508738994598389,-0.7982397675514221,-0.36968761682510376,-0.10515649616718292,-0.599313497543335,-0.38749146461486816
0.0,0.0,0.0,0.2980704605579376,-0.14490972459316254,-0.18821577727794647,0.4175977408885956,-0.4583495557308197,-0.2437501847743988,0.21929989755153656,-0.7494164109230042,-0.270682156085968,0.02511627785861492,-0.9557967782020569,-0.3028743267059326,0.4936237931251526,-0.8886106014251709,-0.1380704641342163,0.6314404606819153,-1.310970664024353,-0.2030806690454483,0.6915541887283325,-1.5752507448196411,-0.26135924458503723,0.7205382585525513,-1.8144093751907349,-0.30828535556793213,0.24189850687980652,-0.962938129901886,-0.11931166052818298,0.29205161333084106,-1.4023510217666626,-0.17328542470932007,0.2983916699886322,-1.6752268075942993,-0.2478063404560089,0.3083696961402893,-1.8907997608184814,-0.2951447665691376,0.009874362498521805,-0.9310169219970703,-0.1178656816482544,-0.04844733700156212,-1.3713971376419067,-0.2574838399887085,-0.07934284955263138,-1.6508228778839111,-0.3915950357913971,-0.09795425087213516,-1.8744158744812012,-0.4750126004219055,-0.18999502062797546,-0.814156711101532,-0.12417731434106827,-0.18220199644565582,-0.983135461807251,-0.30850949883461,-0.15814784169197083,-0.804222047328949,-0.36358603835105896,-0.14447404444217682,-0.6014934182167053,-0.37618109583854675
0.0,0.0,0.0,0.2992444336414337,-0.15411785244941711,-0.20844772458076477,0.3952175974845886,-0.47711241245269775,-0.2687009871006012,0.1695580929517746,-0.7804668545722961,-0.2965405285358429,-0.035601962357759476,-0.988806962966919,-0.3266635835170746,0.4968574643135071,-0.8968522548675537,-0.1358557939529419,0.6244722604751587,-1.3236467838287354,-0.2057088166475296,0.6812043786048889,-1.5850201845169067,-0.2693737745285034,0.7133458852767944,-1.8282402753829956,-0.3214155435562134,0.2438594400882721,-0.9635025262832642,-0.11043301224708557,0.28394562005996704,-1.4066237211227417,-0.17106910049915314,0.2840718626976013,-1.68864107131958,-0.2522144317626953,0.2909518778324127,-1.921775221824646,-0.3037797212600708,0.013391897082328796,-0.9219512939453125,-0.10587478429079056,-0.051430173218250275,-1.3615925312042236,-0.25933271646499634,-0.08741461485624313,-1.643560528755188,-0.40207821130752563,-0.10997212678194046,-1.8768869638442993,-0.4882979094982147,-0.1792125701904297,-0.7940719127655029,-0.110475555062294,-0.17807863652706146,-0.9729300737380981,-0.31443023681640625,-0.153291255235672,-0.7923247814178467,-0.3783308267593384,-0.1380760222673416,-0.5947253108024597,-0.3940381407737732
0.0,0.0,0.0,0.29066312313079834,-0.13498622179031372,-0.19536900520324707,0.4006977379322052,-0.445604145526886,-0.2558671236038208,0.20311525464057922,-0.746191680431366,-0.28764620423316956,0.01818980649113655,-0.9661470055580139,-0.32247263193130493,0.5077856779098511,-0.8833214044570923,-0.13652336597442627,0.6458929181098938,-1.3029260635375977,-0.20511485636234283,0.707821249961853,-1.565024495124817,-0.266250878572464,0.7394407987594604,-1.80609929561615,-0.3157460689544678,0.2608676552772522,-0.9586660861968994,-0.11361080408096313,0.309530109167099,-1.3906112909317017,-0.17269185185432434,0.3151456117630005,-1.6634591817855835,-0.24884967505931854,0.32319119572639465,-1.8901088237762451,-0.29787886142730713,0.030468109995126724,-0.9272524118423462,-0.10949303954839706,-0.026389339938759804,-1.3566327095031738,-0.25170475244522095,-0.05791090056300163,-1.6259931325912476,-0.3815341889858246,-0.07901982218027115,-1.846221685409546,-0.46109405159950256,-0.16810812056064606,-0.8132853507995605,-0.11457934230566025,-0.15848258137702942,-0.9832700490951538,-0.3036479353904724,-0.13262347877025604,-0.8095777034759521,-0.3617722988128662,-0.1172613874077797,-0.6182292699813843,-0.37551918625831604
0.0,0.0,0.0,0.28893184661865234,-0.15505826473236084,-0.19287388026714325,0.3886146545410156,-0.48739421367645264,-0.24462930858135223,0.17943628132343292,-0.7957738041877747,-0.2658376395702362,-0.014880719594657421,-1.0136549472808838,-0.29039373993873596,0.4993734061717987,-0.8914077877998352,-0.12286778539419174,0.6353664994239807,-1.3100889921188354,-0.18429099023342133,0.6987468004226685,-1.570440649986267,-0.2426641285419464,0.7334700226783752,-1.8142246007919312,-0.29075413942337036,0.24773390591144562,-0.9636301398277283,-0.10022372752428055,0.3000296354293823,-1.4023834466934204,-0.15198040008544922,0.3078424632549286,-1.6779075860977173,-0.22650887072086334,0.31828004121780396,-1.9049108028411865,-0.27354303002357483,0.011359957046806812,-0.9265396595001221,-0.0966501459479332,-0.04270520433783531,-1.372649073600769,-0.2426057904958725,-0.06613058596849442,-1.6496187448501587,-0.37917444109916687,-0.08336026966571808,-1.8786848783493042,-0.4613809883594513,-0.19200178980827332,-0.8033142685890198,-0.10063748806715012,-0.16395463049411774,-0.9878527522087097,-0.2947674095630646,-0.13081607222557068,-0.8031604290008545,-0.3517298102378845,-0.1158205196261406,-0.6025670766830444,-0.36377018690109253
0.0,0.0,0.0,0.309876948595047,-0.1717296689748764,-0.1885080635547638,0.41534414887428284,-0.510617733001709,-0.22801198065280914,0.20072168111801147,-0.812930166721344,-0.2343301624059677,-0.014307653531432152,-1.0033689737319946,-0.2425287812948227,0.49881234765052795,-0.8917064070701599,-0.1105353906750679,0.645715057849884,-1.3038119077682495,-0.16250662505626678,0.7171429991722107,-1.5643947124481201,-0.20950624346733093,0.7618311643600464,-1.7995036840438843,-0.2481084167957306,0.24500252306461334,-0.9655118584632874,-0.08809395879507065,0.2945595383644104,-1.404172420501709,-0.12396303564310074,0.311830073595047,-1.6868494749069214,-0.1898973286151886,0.33337706327438354,-1.908960223197937,-0.23064586520195007,0.008445906452834606,-0.9298378229141235,-0.0860983282327652,-0.046421900391578674,-1.3695987462997437,-0.2242015153169632,-0.052408408373594284,-1.6644716262817383,-0.38029807806015015,-0.05663296952843666,-1.9060173034667969,-0.47738540172576904,-0.18678508698940277,-0.8034505844116211,-0.09082474559545517,-0.15018589794635773,-0.9425603151321411,-0.28422635793685913,-0.10093876719474792,-0.7608910202980042,-0.3601412773132324,-0.08437173068523407,-0.5613263845443726,-0.3872588872909546
0.0,0.0,0.0,0.3239595890045166,-0.15703876316547394,-0.1511286497116089,0.45198771357536316,-0.49853625893592834,-0.1817421168088913,0.25008660554885864,-0.8096163272857666,-0.18793106079101562,0.04347608610987663,-1.002095103263855,-0.20047633349895477,0.5129411816596985,-0.8758922815322876,-0.10146083682775497,0.6700251698493958,-1.2786668539047241,-0.1467055082321167,0.7514126300811768,-1.5360212326049805,-0.18593275547027588,0.8045250773429871,-1.7666947841644287,-0.21961872279644012,0.2573409378528595,-0.9614845514297485,-0.09655658155679703,0.3107810914516449,-1.4041787385940552,-0.12394002079963684,0.34304216504096985,-1.6895740032196045,-0.1786169558763504,0.37924259901046753,-1.9158798456192017,-0.21385519206523895,0.022416388615965843,-0.930666446685791,-0.10665358603000641,-0.02784154936671257,-1.3734091520309448,-0.2326972931623459,-0.02125551924109459,-1.6801562309265137,-0.3795236051082611,-0.01712271384894848,-1.9278113842010498,-0.47510233521461487,-0.178283229470253,-0.8115745782852173,-0.11991827189922333,-0.11740416288375854,-0.9503431916236877,-0.3014351427555084,-0.05836673080921173,-0.7695515751838684,-0.36957892775535583,-0.03589927405118942,-0.571316123008728,-0.39497098326683044
0.0,0.0,0.0,0.3437442481517792,-0.14986465871334076,-0.1512376368045807,0.48681625723838806,-0.5093347430229187,-0.16289584338665009,0.26448604464530945,-0.8355627655982971,-0.14439813792705536,0.03595319762825966,-1.0202628374099731,-0.1304723620414734,0.5430046916007996,-0.86818927526474,-0.08938167244195938,0.707697331905365,-1.2708271741867065,-0.1234501302242279,0.7929791808128357,-1.5291223526000977,-0.1535295695066452,0.8503257036209106,-1.756123423576355,-0.1808614730834961,0.28014472126960754,-0.9562018513679504,-0.08483543246984482,0.34264788031578064,-1.4123698472976685,-0.0946466252207756,0.3759375214576721,-1.7014820575714111,-0.14394205808639526,0.41034218668937683,-1.919710636138916,-0.17898736894130707,0.0363607294857502,-0.928884744644165,-0.0976981669664383,-0.0007079015485942364,-1.3818421363830566,-0.2244933694601059,0.019485963508486748,-1.688744068145752,-0.387574166059494,0.02746974490582943,-1.941733479499817,-0.4959736466407776,-0.17722663283348083,-0.808264434337616,-0.1126101091504097,-0.07637786865234375,-0.9486681818962097,-0.29838311672210693,-0.0029736733995378017,-0.7524387240409851,-0.3764858841896057,0.009699955582618713,-0.540451169013977,-0.4124607741832733
0.0,0.0,0.0,0.3536667823791504,-0.158105731010437,-0.14743287861347198,0.4853008985519409,-0.5289064645767212,-0.1545698493719101,0.27100616693496704,-0.8552684783935547,-0.13361887633800507,0.036251090466976166,-1.0372438430786133,-0.11755943298339844,0.5434077382087708,-0.8676083087921143,-0.08293823897838593,0.7213396430015564,-1.2839758396148682,-0.11799578368663788,0.8100520372390747,-1.5448907613754272,-0.1496468484401703,0.8692488670349121,-1.7770543098449707,-0.1778847724199295,0.2813594341278076,-0.9562680721282959,-0.07992611080408096,0.3518023192882538,-1.419649600982666,-0.09110067039728165,0.3854128420352936,-1.710044026374817,-0.1398427039384842,0.42260465025901794,-1.932005763053894,-0.1737482249736786,0.0359809547662735,-0.932110071182251,-0.09413924813270569,0.005389883182942867,-1.38602876663208,-0.21908676624298096,0.028264103457331657,-1.6948394775390625,-0.374550461769104,0.04386162757873535,-1.9509855508804321,-0.47739437222480774,-0.1801273375749588,-0.8140937089920044,-0.11084245890378952,-0.08733729273080826,-0.9602695107460022,-0.2913965582847595,-0.01135850977152586,-0.7597859501838684,-0.3603702783584595,0.013918797485530376,-0.5427077412605286,-0.38979384303092957
0.0,0.0,0.0,0.30732423067092896,-0.1355757713317871,-0.1525331288576126,0.4484953284263611,-0.47765523195266724,-0.18481749296188354,0.238264262676239,-0.7822160124778748,-0.18999281525611877,0.031487394124269485,-0.9825661182403564,-0.20169812440872192,0.49455979466438293,-0.8853691816329956,-0.11844681203365326,0.6559059023857117,-1.2868763208389282,-0.16330017149448395,0.7341664433479309,-1.537119746208191,-0.19886240363121033,0.782589316368103,-1.765238881111145,-0.22884051501750946,0.2444855123758316,-0.9624443650245667,-0.11801555007696152,0.3137485980987549,-1.4087138175964355,-0.14584827423095703,0.3461841642856598,-1.6864311695098877,-0.19761143624782562,0.382951021194458,-1.9035860300064087,-0.2315540313720703,0.00832387711852789,-0.9283467531204224,-0.13234931230545044,-0.016811367124319077,-1.3725093603134155,-0.2655794620513916,0.0017929518362507224,-1.6694589853286743,-0.41219931840896606,0.019231632351875305,-1.914306640625,-0.5091795921325684,-0.20540452003479004,-0.8088479042053223,-0.14915582537651062,-0.10240735858678818,-0.9398494958877563,-0.3337624669075012,-0.037172723561525345,-0.7281153798103333,-0.3982553780078888,-0.008964759297668934,-0.5079606175422668,-0.4236913025379181
0.0,0.0,0.0,0.2992807924747467,-0.145661398768425,-0.1545901596546173,0.41848182678222656,-0.4811294674873352,-0.19537651538848877,0.20625193417072296,-0.7682436108589172,-0.21239064633846283,-0.009123058058321476,-0.9547106027603149,-0.23789440095424652,0.47292011976242065,-0.895354688167572,-0.1281818002462387,0.6212692856788635,-1.314046025276184,-0.18900999426841736,0.693667471408844,-1.5787497758865356,-0.2370755672454834,0.7386207580566406,-1.813170075416565,-0.2740081548690796,0.2167644053697586,-0.9674396514892578,-0.13066628575325012,0.271511048078537,-1.427699089050293,-0.17247821390628815,0.2969924211502075,-1.7192686796188354,-0.23096206784248352,0.33188748359680176,-1.9445890188217163,-0.2665191888809204,-0.020189089700579643,-0.9242751598358154,-0.14753741025924683,-0.05204271152615547,-1.3697054386138916,-0.2800403833389282,-0.04001938924193382,-1.6674858331680298,-0.4175085425376892,-0.023443015292286873,-1.9087051153182983,-0.5069894790649414,-0.22857876121997833,-0.7913053631782532,-0.16871844232082367,-0.16544045507907867,-0.9089133143424988,-0.3480454087257385,-0.10520121455192566,-0.7189093232154846,-0.40566137433052063,-0.0726548582315445,-0.5199082493782043,-0.42456746101379395
0.0,0.0,0.0,0.29363295435905457,-0.15152984857559204,-0.15168948471546173,0.40958696603775024,-0.48562052845954895,-0.18582288920879364,0.18827234208583832,-0.7550142407417297,-0.19739845395088196,-0.020055465400218964,-0.9357608556747437,-0.21886272728443146,0.4681384563446045,-0.902161180973053,-0.10527276992797852,0.6033551692962646,-1.3077881336212158,-0.1600848138332367,0.6729505658149719,-1.560421347618103,-0.20847676694393158,0.7170934677124023,-1.790985345840454,-0.24763742089271545,0.21199645102024078,-0.9709972143173218,-0.11055292934179306,0.2579312324523926,-1.4164525270462036,-0.1491306871175766,0.2706959843635559,-1.7110332250595093,-0.21662038564682007,0.2976266145706177,-1.949732780456543,-0.25947922468185425,-0.02386125922203064,-0.9255940914154053,-0.13144581019878387,-0.050885431468486786,-1.351608395576477,-0.2699568569660187,-0.04485718160867691,-1.6511176824569702,-0.4246631860733032,-0.031363505870103836,-1.9000511169433594,-0.5260803699493408,-0.22920124232769012,-0.7891619205474854,-0.15585710108280182,-0.1583016812801361,-0.8862397074699402,-0.34948936104774475,-0.10261325538158417,-0.6753999590873718,-0.4203384518623352,-0.06769794970750809,-0.4652569591999054,-0.44770798087120056
0.0,0.0,0.0,0.2765633761882782,-0.14450624585151672,-0.14028684794902802,0.38983720541000366,-0.4800409972667694,-0.17346377670764923,0.1751953363418579,-0.7437265515327454,-0.18873339891433716,-0.02922230027616024,-0.9183346033096313,-0.21603399515151978,0.4611456096172333,-0.9054948091506958,-0.10500089079141617,0.5944423675537109,-1.3135981559753418,-0.16389961540699005,0.6639572978019714,-1.5687425136566162,-0.21345126628875732,0.7129037380218506,-1.7948871850967407,-0.2529526352882385,0.20731595158576965,-0.9709071516990662,-0.1198308914899826,0.254120409488678,-1.419304609298706,-0.16224363446235657,0.27121156454086304,-1.7178266048431396,-0.231850728392601,0.30756062269210815,-1.959079623222351,-0.2756058871746063,-0.02814001962542534,-0.9159465432167053,-0.14881162345409393,-0.04968568682670593,-1.3471437692642212,-0.28762874007225037,-0.03955375403165817,-1.6431219577789307,-0.44111379981040955,-0.01923900656402111,-1.8918601274490356,-0.5417318344116211,-0.2369278371334076,-0.7668167948722839,-0.18040181696414948,-0.17129142582416534,-0.8561038374900818,-0.3726479709148407,-0.11206400394439697,-0.6574563384056091,-0.4426696300506592,-0.07385128736495972,-0.46394962072372437,-0.46977660059928894
0.0,0.0,0.0,0.2892143428325653,-0.14788320660591125,-0.11748124659061432,0.38211342692375183,-0.5028030276298523,-0.11355163156986237,0.16180162131786346,-0.7673625946044922,-0.0900653600692749,-0.04788679629564285,-0.9128225445747375,-0.07482611387968063,0.42209693789482117,-0.9244672060012817,-0.055131543427705765,0.5617728233337402,-1.3281631469726562,-0.08360253274440765,0.6364883780479431,-1.5816205739974976,-0.10869944095611572,0.6856052279472351,-1.8052371740341187,-0.12894000113010406,0.17905987799167633,-0.9815623760223389,-0.06687871366739273,0.22438782453536987,-1.442345380783081,-0.08043096214532852,0.24638378620147705,-1.742319941520691,-0.1213759034872055,0.28014320135116577,-1.9831622838974,-0.1454046219587326,-0.04691922664642334,-0.9270434379577637,-0.09466546028852463,-0.06949732452630997,-1.356012225151062,-0.21245962381362915,-0.06305769830942154,-1.6564221382141113,-0.35888752341270447,-0.05951825529336929,-1.9049370288848877,-0.45256051421165466,-0.24399378895759583,-0.7822364568710327,-0.12443070113658905,-0.14841580390930176,-0.9049939513206482,-0.2889266312122345,-0.08657371997833252,-0.7018091678619385,-0.3491940498352051,-0.06216714158654213,-0.48687466979026794,-0.3726862668991089
0.0,0.0,0.0,0.2842048108577728,-0.1103362888097763,-0.13513442873954773,0.4034273028373718,-0.454363614320755,-0.14457836747169495,0.18625302612781525,-0.7194875478744507,-0.13266533613204956,-0.016884056851267815,-0.8738430142402649,-0.12886519730091095,0.39528512954711914,-0.934450626373291,-0.07382342964410782,0.5294342637062073,-1.3356667757034302,-0.11061877757310867,0.6007843613624573,-1.5883471965789795,-0.14162874221801758,0.6415602564811707,-1.8073716163635254,-0.166026309132576,0.14890554547309875,-0.9857434034347534,-0.07833991944789886,0.18720850348472595,-1.4389252662658691,-0.09488459676504135,0.20630057156085968,-1.7254284620285034,-0.139323890209198,0.23088715970516205,-1.9517943859100342,-0.16770899295806885,-0.06957334280014038,-0.9204849004745483,-0.0999387577176094,-0.09439477324485779,-1.3274751901626587,-0.2178046703338623,-0.08640112727880478,-1.6060705184936523,-0.3597252070903778,-0.08411063998937607,-1.8332020044326782,-0.45259711146354675,-0.2606051564216614,-0.7690660953521729,-0.125441774725914,-0.15469327569007874,-0.8824215531349182,-0.2964661121368408,-0.08139938116073608,-0.6795682311058044,-0.3608458638191223,-0.0466146320104599,-0.4727609157562256,-0.38709747791290283
0.0,0.0,0.0,0.2806192636489868,-0.13727036118507385,-0.12615329027175903,0.4046197533607483,-0.47569960355758667,-0.13684751093387604,0.17431995272636414,-0.7179739475250244,-0.12869124114513397,-0.04879594221711159,-0.8451026082038879,-0.1283341497182846,0.38895726203918457,-0.9455412030220032,-0.05864943936467171,0.5186110138893127,-1.3232181072235107,-0.08912672102451324,0.5879570841789246,-1.566612958908081,-0.1214778795838356,0.6258389353752136,-1.783324956893921,-0.1493282914161682,0.14403240382671356,-0.987185537815094,-0.06869728118181229,0.1798752099275589,-1.4156333208084106,-0.07343921810388565,0.19568102061748505,-1.6928623914718628,-0.11913574486970901,0.2134166657924652,-1.9220354557037354,-0.15504008531570435,-0.07423066347837448,-0.9180111885070801,-0.09540703892707825,-0.10261507332324982,-1.301391839981079,-0.1999652087688446,-0.09296554327011108,-1.5721317529678345,-0.34231701493263245,-0.0951969102025032,-1.7963871955871582,-0.4412256181240082,-0.26801666617393494,-0.7695907354354858,-0.1262996941804886,-0.15081878006458282,-0.8845958113670349,-0.2847861349582672,-0.06535489857196808,-0.6916491389274597,-0.3475419580936432,-0.02636026032269001,-0.4902137815952301,-0.37744346261024475
0.0,0.0,0.0,0.2856256365776062,-0.131910040974617,-0.13546349108219147,0.43178167939186096,-0.47287464141845703,-0.1514262855052948,0.21406207978725433,-0.7224128246307373,-0.14715023338794708,-0.01593097485601902,-0.8495205640792847,-0.15081168711185455,0.3942260146141052,-0.9406506419181824,-0.06908825039863586,0.5229350924491882,-1.3151119947433472,-0.1070089191198349,0.6010075807571411,-1.5602980852127075,-0.14447282254695892,0.6509942412376404,-1.775314211845398,-0.17451593279838562,0.14888180792331696,-0.9860527515411377,-0.07439173758029938,0.192280575633049,-1.41303551197052,-0.08709773421287537,0.21994952857494354,-1.6943047046661377,-0.1356421858072281,0.24585866928100586,-1.9246468544006348,-0.17101043462753296,-0.06819020956754684,-0.9178490042686462,-0.09630532562732697,-0.08650217950344086,-1.298603892326355,-0.20458078384399414,-0.05801019445061684,-1.5672597885131836,-0.3431999385356903,-0.044364023953676224,-1.7845311164855957,-0.43690022826194763,-0.2603563070297241,-0.7698958516120911,-0.12315314263105392,-0.14594095945358276,-0.8829323649406433,-0.2848151922225952,-0.06487172096967697,-0.6946415901184082,-0.3447836935520172,-0.031520549207925797,-0.4945935010910034,-0.3698832392692566
0.0,0.0,0.0,0.288938045501709,-0.11849847435951233,-0.14538607001304626,0.45908844470977783,-0.4509328603744507,-0.1667596995830536,0.24383357167243958,-0.7105773091316223,-0.1661568284034729,0.01623900607228279,-0.8438642621040344,-0.17308957874774933,0.39546462893486023,-0.9390603303909302,-0.07519180327653885,0.5340628027915955,-1.3172374963760376,-0.1164713203907013,0.6173669695854187,-1.5634812116622925,-0.15546441078186035,0.6706975698471069,-1.7745119333267212,-0.1851920187473297,0.15249039232730865,-0.9853875041007996,-0.0758826956152916,0.20165351033210754,-1.4205563068389893,-0.09307806938886642,0.23080779612064362,-1.700866460800171,-0.14288178086280823,0.2583597004413605,-1.9311678409576416,-0.17758575081825256,-0.06086110323667526,-0.9198552370071411,-0.09372740983963013,-0.06262246519327164,-1.2988988161087036,-0.20394420623779297,-0.023293253034353256,-1.5666249990463257,-0.33767208456993103,0.0023372916039079428,-1.7867183685302734,-0.4271354079246521,-0.2568535804748535,-0.773161768913269,-0.11745645850896835,-0.13827171921730042,-0.8894727826118469,-0.2800913453102112,-0.047184474766254425,-0.7039487957954407,-0.3364868462085724,-0.002080681035295129,-0.5083593726158142,-0.35759273171424866
0.0,0.0,0.0,0.2969818413257599,-0.12681391835212708,-0.14471435546875,0.46793460845947266,-0.4621638059616089,-0.16544590890407562,0.25181376934051514,-0.7201025485992432,-0.16355988383293152,0.015219388529658318,-0.8412389755249023,-0.1680213063955307,0.41008460521698,-0.9281913638114929,-0.06840826570987701,0.5664275884628296,-1.2940233945846558,-0.10944049805402756,0.6544706225395203,-1.5391114950180054,-0.15065737068653107,0.705832839012146,-1.7538838386535645,-0.18436172604560852,0.17161238193511963,-0.9825557470321655,-0.07164737582206726,0.23733559250831604,-1.4129407405853271,-0.08878780156373978,0.2745525538921356,-1.6882067918777466,-0.13669948279857635,0.3009060323238373,-1.920033574104309,-0.17178262770175934,-0.03908473998308182,-0.9266646504402161,-0.09280122816562653,-0.025862352922558784,-1.2894368171691895,-0.1977480947971344,0.024439038708806038,-1.555402159690857,-0.3250778615474701,0.049153007566928864,-1.7822837829589844,-0.4125002920627594,-0.22734352946281433,-0.7896968722343445,-0.120920330286026,-0.12543055415153503,-0.9005122780799866,-0.27683234214782715,-0.054411210119724274,-0.7199994921684265,-0.3270801603794098,-0.03201180696487427,-0.5329293608665466,-0.3459520936012268
0.0,0.0,0.0,0.2990321218967438,-0.13909658789634705,-0.121272973716259,0.4490817189216614,-0.47283899784088135,-0.13351255655288696,0.2454441487789154,-0.7136566042900085,-0.126710906624794,0.017608707770705223,-0.8293980360031128,-0.12824372947216034,0.4253805875778198,-0.9360232353210449,-0.05159114673733711,0.5554436445236206,-1.3079030513763428,-0.07462429255247116,0.6274128556251526,-1.5438450574874878,-0.10624207556247711,0.6696065664291382,-1.7613942623138428,-0.13710591197013855,0.18741515278816223,-0.9800092577934265,-0.06676370650529861,0.23293402791023254,-1.4163192510604858,-0.07354850322008133,0.25194141268730164,-1.6916046142578125,-0.12568458914756775,0.2683994770050049,-1.9188812971115112,-0.1661042720079422,-0.024692639708518982,-0.9128952026367188,-0.09646144509315491,-0.05327072739601135,-1.311186671257019,-0.2074270397424698,-0.041326891630887985,-1.5909733772277832,-0.3471834063529968,-0.04277169331908226,-1.8275476694107056,-0.44214168190956116,-0.21375249326229095,-0.7656369805335999,-0.12851737439632416,-0.10790769755840302,-0.9315265417098999,-0.28558555245399475,-0.03818122670054436,-0.7332873940467834,-0.3328284025192261,-0.012577313929796219,-0.5217512845993042,-0.3512919545173645
0.0,0.0,0.0,0.2738947570323944,-0.15900978446006775,-0.11695124208927155,0.3823716342449188,-0.48281845450401306,-0.12979508936405182,0.20639503002166748,-0.7035890817642212,-0.12623949348926544,-0.013280224055051804,-0.8248519897460938,-0.12585800886154175,0.37503737211227417,-0.9503186345100403,-0.04389260709285736,0.49835094809532166,-1.3228007555007935,-0.06690569967031479,0.5600362420082092,-1.556614637374878,-0.0971047654747963,0.5872947573661804,-1.77076256275177,-0.12506385147571564,0.14289560914039612,-0.9881024956703186,-0.056871961802244186,0.17581357061862946,-1.42405366897583,-0.06950247287750244,0.18812257051467896,-1.6921828985214233,-0.11462707072496414,0.18918843567371368,-1.9203628301620483,-0.14640727639198303,-0.06602229177951813,-0.9160026907920837,-0.08443722873926163,-0.10923972725868225,-1.2923901081085205,-0.18461452424526215,-0.10467687994241714,-1.546595811843872,-0.2948104739189148,-0.12319400906562805,-1.7677148580551147,-0.36524632573127747,-0.24078330397605896,-0.7617673277854919,-0.1168656125664711,-0.13481274247169495,-0.9597917795181274,-0.24800384044647217,-0.060593534260988235,-0.7878432869911194,-0.2696165144443512,-0.038870420306921005,-0.5936587452888489,-0.2686021625995636
0.0,0.0,0.0,0.28195229172706604,-0.14853952825069427,-0.12492670863866806,0.40424656867980957,-0.4747067093849182,-0.1432182788848877,0.19129393994808197,-0.6987932920455933,-0.1459941416978836,-0.04845018684864044,-0.8105105757713318,-0.15291336178779602,0.37846559286117554,-0.9519196152687073,-0.05050095170736313,0.4723387360572815,-1.3298276662826538,-0.080481618642807,0.52419513463974,-1.565659999847412,-0.11747376620769501,0.5496442914009094,-1.782556176185608,-0.15164026618003845,0.13429248332977295,-0.9890970587730408,-0.0604371652007103,0.15622591972351074,-1.4178324937820435,-0.08105926215648651,0.16418316960334778,-1.690653681755066,-0.13540665805339813,0.16204051673412323,-1.9264554977416992,-0.1751595139503479,-0.07662985473871231,-0.9145654439926147,-0.0850953459739685,-0.14072303473949432,-1.2912040948867798,-0.19070304930210114,-0.1518585979938507,-1.540833592414856,-0.30310264229774475,-0.18230199813842773,-1.7543213367462158,-0.3745062053203583,-0.2554907500743866,-0.7610831260681152,-0.1149451956152916,-0.17112381756305695,-0.9649878144264221,-0.25295573472976685,-0.09442131966352463,-0.8068428039550781,-0.2808730900287628,-0.06450609117746353,-0.6283631920814514,-0.28335991501808167
0.0,0.0,0.0,0.2505243718624115,-0.15123586356639862,-0.14553819596767426,0.34593111276626587,-0.4714149236679077,-0.17663809657096863,0.10279939323663712,-0.6897360682487488,-0.18617397546768188,-0.12649603188037872,-0.8248900175094604,-0.19662024080753326,0.33443015813827515,-0.9525821805000305,-0.07642074674367905,0.4380793869495392,-1.3265976905822754,-0.11440852284431458,0.4957762658596039,-1.5550563335418701,-0.15288051962852478,0.5208617448806763,-1.7700176239013672,-0.18751215934753418,0.09431900084018707,-0.9925521016120911,-0.07709918171167374,0.11211667954921722,-1.4266777038574219,-0.10020331293344498,0.11415029317140579,-1.6870650053024292,-0.1499175727367401,0.10317439585924149,-1.9163976907730103,-0.1848524510860443,-0.10547244548797607,-0.916642427444458,-0.09403475373983383,-0.20000120997428894,-1.2797194719314575,-0.196060910820961,-0.2322578728199005,-1.5215957164764404,-0.29874521493911743,-0.27302396297454834,-1.7317376136779785,-0.3650091588497162,-0.27012884616851807,-0.7614448666572571,-0.11906944215297699,-0.21213623881340027,-0.9521089196205139,-0.25543805956840515,-0.12469178438186646,-0.7892611622810364,-0.2807788848876953,-0.07478941977024078,-0.6132633686065674,-0.2811689078807831
0.0,0.0,0.0,0.24075309932231903,-0.16135042905807495,-0.13737714290618896,0.3087836802005768,-0.4747893810272217,-0.16878755390644073,0.05062530189752579,-0.6817061305046082,-0.18195943534374237,-0.1850033551454544,-0.795678973197937,-0.19528016448020935,0.3041040897369385,-0.9673125743865967,-0.07287317514419556,0.40073278546333313,-1.3560999631881714,-0.11065748333930969,0.4421323537826538,-1.5914314985275269,-0.14887700974941254,0.44659650325775146,-1.8074692487716675,-0.18344831466674805,0.06104065850377083,-0.9952041506767273,-0.07643730193376541,0.07102300226688385,-1.43645179271698,-0.10277000814676285,0.06481587886810303,-1.7006107568740845,-0.15316051244735718,0.045126769691705704,-1.9306210279464722,-0.1889188140630722,-0.13971073925495148,-0.9099090099334717,-0.09533766657114029,-0.25198179483413696,-1.2777074575424194,-0.19048598408699036,-0.2948303520679474,-1.5220686197280884,-0.2869288921356201,-0.3465941250324249,-1.7321381568908691,-0.3486616909503937,-0.3036305606365204,-0.7475129961967468,-0.12219084799289703,-0.2807295620441437,-0.9599841237068176,-0.23842844367027283,-0.2007090002298355,-0.8323244452476501,-0.25401487946510315,-0.1498994529247284,-0.6807590126991272,-0.25007715821266174
0.0,0.0,0.0,0.22887951135635376,-0.16627991199493408,-0.15630321204662323,0.28421786427497864,-0.48194780945777893,-0.196491539478302,0.0011419288348406553,-0.6753012537956238,-0.2134096324443817,-0.24107475578784943,-0.7870136499404907,-0.22962616384029388,0.272802472114563,-0.9714592695236206,-0.08625271916389465,0.35265040397644043,-1.3693289756774902,-0.12904663383960724,0.38698968291282654,-1.6061674356460571,-0.1712597906589508,0.3860458433628082,-1.825486183166504,-0.20857761800289154,0.03608506917953491,-0.996049165725708,-0.08114154636859894,0.0382222943007946,-1.4299354553222656,-0.11343744397163391,0.019726701080799103,-1.6923941373825073,-0.1693265289068222,-0.010303692892193794,-1.922276258468628,-0.20770417153835297,-0.15859104692935944,-0.9185817837715149,-0.09329421073198318,-0.2678214907646179,-1.2830994129180908,-0.19580362737178802,-0.3162717819213867,-1.527462363243103,-0.30050230026245117,-0.37279561161994934,-1.74019455909729,-0.3675028085708618,-0.316214919090271,-0.7672839760780334,-0.11468444764614105,-0.3096613883972168,-0.9626398086547852,-0.24429629743099213,-0.23593996465206146,-0.8154739141464233,-0.2684173285961151,-0.18663503229618073,-0.6515020728111267,-0.2681962847709656
0.0,0.0,0.0,0.22765621542930603,-0.17273947596549988,-0.16873303055763245,0.2759612500667572,-0.48404982686042786,-0.22014972567558289,-0.009039094671607018,-0.6755379438400269,-0.24626362323760986,-0.2555863559246063,-0.7994397282600403,-0.27150729298591614,0.2809540331363678,-0.9716087579727173,-0.10046079754829407,0.3427576422691345,-1.3729760646820068,-0.1506868451833725,0.36365875601768494,-1.6144523620605469,-0.20085470378398895,0.3503381311893463,-1.8405064344406128,-0.244606614112854,0.04208064079284668,-0.9948154091835022,-0.09258265793323517,0.03394366428256035,-1.4304325580596924,-0.13123512268066406,0.008538701571524143,-1.690693736076355,-0.19419963657855988,-0.027744539082050323,-1.9241416454315186,-0.23901723325252533,-0.15827035903930664,-0.9194052815437317,-0.10278713703155518,-0.2681111693382263,-1.2905876636505127,-0.21135671436786652,-0.3195357322692871,-1.5335780382156372,-0.31765347719192505,-0.3796806037425995,-1.7505662441253662,-0.3869253396987915,-0.3224475085735321,-0.7752034664154053,-0.12313968688249588,-0.3123877942562103,-0.9843924045562744,-0.26089853048324585,-0.23831014335155487,-0.8368359208106995,-0.28690335154533386,-0.18944407999515533,-0.677986741065979,-0.2879451513290405
0.0,0.0,0.0,0.22739940881729126,-0.17094899713993073,-0.1867840439081192,0.2706366181373596,-0.4873781204223633,-0.24601034820079803,-0.024579942226409912,-0.689410388469696,-0.2758086025714874,-0.2777700126171112,-0.8199024200439453,-0.3041485548019409,0.2842174470424652,-0.9743945598602295,-0.11550913006067276,0.3280255198478699,-1.3847910165786743,-0.17235948145389557,0.3390667736530304,-1.6296343803405762,-0.227428138256073,0.320076584815979,-1.8614519834518433,-0.27449390292167664,0.040927305817604065,-0.9941098690032959,-0.10035168379545212,0.02225342206656933,-1.4321873188018799,-0.14545592665672302,-0.0113984989002347,-1.6940521001815796,-0.21320436894893646,-0.0517844520509243,-1.9294267892837524,-0.26044610142707825,-0.1646263599395752,-0.9182714223861694,-0.10483171790838242,-0.27562835812568665,-1.2937091588974,-0.22220629453659058,-0.3256314992904663,-1.5418717861175537,-0.3345540761947632,-0.3843798041343689,-1.7653720378875732,-0.40706658363342285,-0.33241167664527893,-0.7771939039230347,-0.1205272376537323,-0.32074302434921265,-0.9818606972694397,-0.26949089765548706,-0.24009720981121063,-0.830120861530304,-0.3012326657772064,-0.1871865838766098,-0.6702679991722107,-0.30490976572036743
0.0,0.0,0.0,0.21767199039459229,-0.17918889224529266,-0.18364201486110687,0.2389518767595291,-0.5004361271858215,-0.2431662380695343,-0.0682292953133583,-0.6915407776832581,-0.2746453583240509,-0.33074602484703064,-0.8116034269332886,-0.3054678440093994,0.25303417444229126,-0.9785817265510559,-0.1166386604309082,0.28201934695243835,-1.3871312141418457,-0.1759740263223648,0.2860774099826813,-1.6311779022216797,-0.2331462949514389,0.2613101601600647,-1.86253023147583,-0.2816770672798157,0.012350321747362614,-0.994554340839386,-0.10348491370677948,-0.01660834439098835,-1.430261254310608,-0.14959418773651123,-0.055581480264663696,-1.6910046339035034,-0.2156042605638504,-0.0995427593588829,-1.9256930351257324,-0.26059138774871826,-0.19045640528202057,-0.9107328057289124,-0.10958907008171082,-0.3084065318107605,-1.2868034839630127,-0.2285124808549881,-0.3627314269542694,-1.5316425561904907,-0.34018421173095703,-0.4257203936576843,-1.7526062726974487,-0.41078490018844604,-0.35435837507247925,-0.7592182755470276,-0.12646038830280304,-0.3495017886161804,-0.9524229168891907,-0.28048208355903625,-0.27224966883659363,-0.798049807548523,-0.3137425184249878,-0.22087383270263672,-0.636082112789154,-0.31625211238861084
0.0,0.0,0.0,0.21049869060516357,-0.172655388712883,-0.20399051904678345,0.2201293259859085,-0.4816420078277588,-0.2784876227378845,-0.08752039819955826,-0.6661396622657776,-0.3227556645870209,-0.35778287053108215,-0.7928469181060791,-0.3660881519317627,0.23701146245002747,-0.9816920757293701,-0.14622031152248383,0.2468714565038681,-1.4001890420913696,-0.21841467916965485,0.23824340105056763,-1.651004433631897,-0.28194355964660645,0.2035490870475769,-1.8831822872161865,-0.33442315459251404,-0.0013334649847820401,-0.9917771220207214,-0.12796983122825623,-0.04526809602975845,-1.4289034605026245,-0.18895258009433746,-0.0945102721452713,-1.6927582025527954,-0.2655554711818695,-0.14587000012397766,-1.9266048669815063,-0.316427618265152,-0.2027895301580429,-0.9022586941719055,-0.13025543093681335,-0.34232279658317566,-1.2770730257034302,-0.2647886872291565,-0.4116079807281494,-1.5190759897232056,-0.3872826099395752,-0.4828207194805145,-1.7373230457305908,-0.46385714411735535,-0.3621847331523895,-0.745940089225769,-0.1441003829240799,-0.3706454336643219,-0.921912431716919,-0.3163421154022217,-0.28934910893440247,-0.7712633013725281,-0.362446129322052,-0.2304355502128601,-0.6155468225479126,-0.3719728887081146
0.0,0.0,0.0,0.20376287400722504,-0.17461539804935455,-0.20781150460243225,0.20328527688980103,-0.4721740484237671,-0.28679996728897095,-0.09977328032255173,-0.6459924578666687,-0.33540078997612,-0.3684682250022888,-0.7687450051307678,-0.38220083713531494,0.22110289335250854,-0.9775224924087524,-0.15675628185272217,0.2262704074382782,-1.3844093084335327,-0.23451071977615356,0.21550200879573822,-1.6328840255737305,-0.301831990480423,0.17796878516674042,-1.8643239736557007,-0.35684841871261597,-0.015709247440099716,-0.9902308583259583,-0.13854964077472687,-0.07380989193916321,-1.4167543649673462,-0.20394404232501984,-0.13076592981815338,-1.6767903566360474,-0.2819760739803314,-0.18729834258556366,-1.9105068445205688,-0.33443325757980347,-0.21707747876644135,-0.9037536978721619,-0.14147384464740753,-0.3698439300060272,-1.2665727138519287,-0.2784416973590851,-0.4473469853401184,-1.5069315433502197,-0.4049851894378662,-0.522686243057251,-1.7235221862792969,-0.4852251708507538,-0.37861987948417664,-0.7510443329811096,-0.15673644840717316,-0.3884107768535614,-0.9124925136566162,-0.3284876048564911,-0.3005482852458954,-0.7681325078010559,-0.3805411756038666,-0.2320420891046524,-0.6195279955863953,-0.3959088921546936
0.0,0.0,0.0,0.20313352346420288,-0.18714238703250885,-0.21819265186786652,0.18669641017913818,-0.4917452037334442,-0.29954472184181213,-0.12814946472644806,-0.6729356646537781,-0.3481657803058624,-0.3982617259025574,-0.8002764582633972,-0.3962608277797699,0.233171746134758,-0.9853941202163696,-0.1591997891664505,0.23239295184612274,-1.401281714439392,-0.2353115975856781,0.2147446721792221,-1.6530365943908691,-0.30394044518470764,0.17768803238868713,-1.8838894367218018,-0.360087513923645,-0.0016044697258621454,-0.9910972118377686,-0.13313007354736328,-0.06372660398483276,-1.4272607564926147,-0.19759613275527954,-0.12521874904632568,-1.6926506757736206,-0.27912798523902893,-0.18005961179733276,-1.9253242015838623,-0.3325214982032776,-0.19705379009246826,-0.8987988829612732,-0.1280011385679245,-0.35773003101348877,-1.2768274545669556,-0.266826331615448,-0.44606876373291016,-1.5231001377105713,-0.3933273255825043,-0.5219588279724121,-1.7437138557434082,-0.47143784165382385,-0.34879931807518005,-0.7388858795166016,-0.13523828983306885,-0.39895960688591003,-0.9103518724441528,-0.3106119930744171,-0.3323138356208801,-0.7598139643669128,-0.358657568693161,-0.26750919222831726,-0.5980369448661804,-0.3688262701034546
0.0,0.0,0.0,0.18282808363437653,-0.20556625723838806,-0.21060386300086975,0.14254215359687805,-0.5175260901451111,-0.2832498848438263,-0.18673746287822723,-0.6872866153717041,-0.32546982169151306,-0.4641095697879791,-0.8026224970817566,-0.3669932186603546,0.20789891481399536,-0.9898810982704163,-0.13688158988952637,0.19053366780281067,-1.3974612951278687,-0.21053282916545868,0.1589611917734146,-1.6531981229782104,-0.2783551812171936,0.1125006452202797,-1.8858669996261597,-0.3347190022468567,-0.01717524044215679,-0.9934022426605225,-0.11338856816291809,-0.08887321501970291,-1.4211689233779907,-0.17554959654808044,-0.1602662354707718,-1.686922311782837,-0.25427043437957764,-0.21830007433891296,-1.9215006828308105,-0.3058586120605469,-0.20699846744537354,-0.8979746699333191,-0.11208376288414001,-0.3770306408405304,-1.2695748805999756,-0.24896202981472015,-0.4747447669506073,-1.5116854906082153,-0.3737953305244446,-0.5542647242546082,-1.7325575351715088,-0.45009297132492065,-0.3547295928001404,-0.7348985075950623,-0.12326847016811371,-0.4341939091682434,-0.8871062397956848,-0.3008570671081543,-0.3751702904701233,-0.7446938753128052,-0.3531045615673065,-0.30748897790908813,-0.5974156260490417,-0.36535510420799255
0.0,0.0,0.0,0.16954992711544037,-0.20826125144958496,-0.21353933215141296,0.12140458822250366,-0.5284555554389954,-0.2774677276611328,-0.18804848194122314,-0.7322690486907959,-0.3094722032546997,-0.44721758365631104,-0.8543177247047424,-0.3375326097011566,0.22605158388614655,-0.9920937418937683,-0.1053212359547615,0.2089831531047821,-1.3954248428344727,-0.16850920021533966,0.1818942278623581,-1.6368858814239502,-0.2352871596813202,0.13989470899105072,-1.8590562343597412,-0.2936376929283142,0.0006160077755339444,-0.9970934987068176,-0.0761852040886879,-0.07426624745130539,-1.427222728729248,-0.13026438653469086,-0.13834574818611145,-1.68184232711792,-0.21439310908317566,-0.19338718056678772,-1.9151790142059326,-0.27129989862442017,-0.19067077338695526,-0.9040033221244812,-0.07133900374174118,-0.35212504863739014,-1.2795604467391968,-0.1986910104751587,-0.43954432010650635,-1.5214756727218628,-0.33273419737815857,-0.5113760828971863,-1.7445999383926392,-0.41762492060661316,-0.33629676699638367,-0.7436824440956116,-0.07966664433479309,-0.42892876267433167,-0.9070892930030823,-0.24835149943828583,-0.372449666261673,-0.7761610746383667,-0.3066388964653015,-0.3051466941833496,-0.6397439241409302,-0.3265983760356903
0.0,0.0,0.0,0.19392146170139313,-0.20764625072479248,-0.21312373876571655,0.1834246814250946,-0.5458365678787231,-0.26997697353363037,-0.11912621557712555,-0.7701587080955505,-0.29366329312324524,-0.37961649894714355,-0.9039396047592163,-0.3122926652431488,0.30117708444595337,-0.9749093055725098,-0.09833478182554245,0.3149436116218567,-1.3777519464492798,-0.15519924461841583,0.3063138425350189,-1.6203045845031738,-0.21669723093509674,0.27862513065338135,-1.845534324645996,-0.27146202325820923,0.06976792216300964,-0.9953158497810364,-0.0669243186712265,0.027882149443030357,-1.4243167638778687,-0.11506084352731705,-0.01774328015744686,-1.6803016662597656,-0.19536332786083221,-0.05617089569568634,-1.914188265800476,-0.2502787411212921,-0.13249029219150543,-0.919289767742157,-0.06049081310629845,-0.2607329785823822,-1.3030588626861572,-0.18586024641990662,-0.3213661313056946,-1.554322361946106,-0.32159459590911865,-0.37416872382164,-1.7855278253555298,-0.4076951742172241,-0.2924695611000061,-0.7783098220825195,-0.06707827746868134,-0.34228816628456116,-0.9449223279953003,-0.23327438533306122,-0.2797352969646454,-0.8162702322006226,-0.2929685413837433,-0.22158068418502808,-0.679904580116272,-0.3147517740726471
0.0,0.0,0.0,0.2096489667892456,-0.18668444454669952,-0.20668330788612366,0.21867148578166962,-0.5199073553085327,-0.26107528805732727,-0.07448869943618774,-0.7425599694252014,-0.28394508361816406,-0.32605674862861633,-0.8803103566169739,-0.30249452590942383,0.304866224527359,-0.9703481197357178,-0.09553713351488113,0.33220818638801575,-1.3715513944625854,-0.15289337933063507,0.3346274495124817,-1.6154347658157349,-0.21367651224136353,0.31366005539894104,-1.8396559953689575,-0.26761242747306824,0.06815894693136215,-0.9952896237373352,-0.06894081085920334,0.0340426042675972,-1.422330379486084,-0.11920125782489777,-0.00467754015699029,-1.6829832792282104,-0.19982796907424927,-0.0408509187400341,-1.914617896080017,-0.2548946738243103,-0.1371868997812271,-0.91825932264328,-0.06690185517072678,-0.24371007084846497,-1.3001943826675415,-0.19590024650096893,-0.29329296946525574,-1.546586036682129,-0.33063554763793945,-0.34479114413261414,-1.7665551900863647,-0.41496941447257996,-0.29989489912986755,-0.7720321416854858,-0.07727289199829102,-0.3118533194065094,-0.9463343620300293,-0.2513764500617981,-0.24069282412528992,-0.8125817775726318,-0.3135693073272705,-0.18851585686206818,-0.6697840094566345,-0.33504578471183777
0.0,0.0,0.0,0.22032667696475983,-0.17584650218486786,-0.20420190691947937,0.25780171155929565,-0.5020349025726318,-0.2663353383541107,-0.03610258176922798,-0.7252585887908936,-0.29891327023506165,-0.2908216416835785,-0.8638197779655457,-0.3305301070213318,0.2970733940601349,-0.9728338122367859,-0.11036089807748795,0.34099510312080383,-1.3797085285186768,-0.17682060599327087,0.35084056854248047,-1.6297720670700073,-0.24248787760734558,0.33676260709762573,-1.8567945957183838,-0.2989639937877655,0.05158982053399086,-0.9946249127388,-0.0897759199142456,0.018914563581347466,-1.4295930862426758,-0.14962519705295563,-0.016468219459056854,-1.6979477405548096,-0.2328978329896927,-0.04805634170770645,-1.9339877367019653,-0.2887458801269531,-0.15557464957237244,-0.9148663282394409,-0.09201362729072571,-0.24918724596500397,-1.3070802688598633,-0.2289084643125534,-0.2886914014816284,-1.554726004600525,-0.36198368668556213,-0.32991206645965576,-1.774153709411621,-0.44523248076438904,-0.3193238377571106,-0.7622729539871216,-0.10594028979539871,-0.3202438950538635,-0.9286482334136963,-0.29228517413139343,-0.24468383193016052,-0.7820515632629395,-0.35527172684669495,-0.1877145767211914,-0.6314070224761963,-0.37474146485328674
0.0,0.0,0.0,0.22980575263500214,-0.17094185948371887,-0.18377186357975006,0.2816179394721985,-0.50815349817276,-0.2342684268951416,-0.015003111213445663,-0.7358537912368774,-0.25709500908851624,-0.2669379413127899,-0.8771597743034363,-0.27878034114837646,0.3107958436012268,-0.9706035256385803,-0.09252307564020157,0.3652068078517914,-1.3728914260864258,-0.14724229276180267,0.3818128705024719,-1.6197737455368042,-0.2021738439798355,0.3696136772632599,-1.8462820053100586,-0.2508685290813446,0.06508320569992065,-0.99477219581604,-0.07869286835193634,0.0426434688270092,-1.425649881362915,-0.12789824604988098,0.008947378024458885,-1.6884266138076782,-0.20003245770931244,-0.023425143212080002,-1.920536756515503,-0.24866503477096558,-0.14200790226459503,-0.9190206527709961,-0.08561370521783829,-0.2303421050310135,-1.3108254671096802,-0.21419425308704376,-0.2650330066680908,-1.5600430965423584,-0.33604395389556885,-0.3062569200992584,-1.7838550806045532,-0.41227588057518005,-0.31269800662994385,-0.7740383148193359,-0.1025296226143837,-0.28666582703590393,-0.9611091017723083,-0.276977002620697,-0.19937624037265778,-0.8085741400718689,-0.3273198902606964,-0.1411355584859848,-0.6531696915626526,-0.3392127454280853
0.0,0.0,0.0,0.22799310088157654,-0.174967959523201,-0.19501082599163055,0.27044302225112915,-0.5034518241882324,-0.25506141781806946,-0.023181309923529625,-0.7228215932846069,-0.2850925624370575,-0.29079902172088623,-0.8547286987304688,-0.3149341344833374,0.30186110734939575,-0.96922367811203,-0.11652182042598724,0.3531966805458069,-1.3812705278396606,-0.17678989470005035,0.3668670952320099,-1.630467176437378,-0.23317618668079376,0.3512919247150421,-1.8599061965942383,-0.2803402245044708,0.05947292596101761,-0.9934694170951843,-0.09737267345190048,0.04062823951244354,-1.428120732307434,-0.14550718665122986,0.006497855763882399,-1.6931889057159424,-0.21426159143447876,-0.02849307842552662,-1.9249058961868286,-0.2588506042957306,-0.14754636585712433,-0.9166547060012817,-0.09897829592227936,-0.2513469457626343,-1.3078079223632812,-0.2288418412208557,-0.29194921255111694,-1.560689926147461,-0.35245281457901,-0.3383042514324188,-1.785165786743164,-0.42851632833480835,-0.31581443548202515,-0.7714994549751282,-0.11121046543121338,-0.30423077940940857,-0.9509618878364563,-0.2879898250102997,-0.2274829000234604,-0.7876361012458801,-0.33720874786376953,-0.17493000626564026,-0.6178924441337585,-0.3463207483291626
0.0,0.0,0.0,0.21616002917289734,-0.1813293993473053,-0.1916588395833969,0.24460579454898834,-0.5017136335372925,-0.2557678520679474,-0.052956998348236084,-0.7032334208488464,-0.2915247976779938,-0.32485026121139526,-0.818640410900116,-0.32797470688819885,0.27418413758277893,-0.9766218662261963,-0.12413962930440903,0.3095743656158447,-1.3901768922805786,-0.18743664026260376,0.3155304491519928,-1.640326738357544,-0.24620124697685242,0.29346925020217896,-1.8725024461746216,-0.29494941234588623,0.031229885295033455,-0.9937211275100708,-0.10743825137615204,-0.0030744990799576044,-1.4283074140548706,-0.1566764861345291,-0.04559065029025078,-1.691498875617981,-0.22553686797618866,-0.08625535666942596,-1.9226601123809814,-0.2715093791484833,-0.1763802021741867,-0.9127606153488159,-0.1106187105178833,-0.29309704899787903,-1.2940689325332642,-0.23350681364536285,-0.3430144786834717,-1.5447869300842285,-0.3538377285003662,-0.39746662974357605,-1.7664268016815186,-0.4303990602493286,-0.3463274836540222,-0.7648724913597107,-0.12526433169841766,-0.3372030556201935,-0.9333048462867737,-0.29219624400138855,-0.2568202018737793,-0.7753381729125977,-0.33880266547203064,-0.2005860060453415,-0.6108026504516602,-0.3486354351043701
0.0,0.0,0.0,0.2198653668165207,-0.1745806783437729,-0.20905594527721405,0.24489997327327728,-0.491244375705719,-0.27985912561416626,-0.05702313408255577,-0.697340190410614,-0.31928959488868713,-0.3231408894062042,-0.8294891119003296,-0.35858017206192017,0.282569020986557,-0.9721247553825378,-0.13492676615715027,0.31381601095199585,-1.3866034746170044,-0.20592297613620758,0.31737032532691956,-1.6384906768798828,-0.2703855335712433,0.29615896940231323,-1.870739459991455,-0.3240377604961395,0.04016595706343651,-0.9927008748054504,-0.11371706426143646,0.0012723742984235287,-1.4267278909683228,-0.1750938594341278,-0.0471821203827858,-1.6904317140579224,-0.2546212673187256,-0.08975990116596222,-1.9207825660705566,-0.30650395154953003,-0.16670502722263336,-0.9140651226043701,-0.11434398591518402,-0.2859068214893341,-1.2990286350250244,-0.25453251600265503,-0.34289416670799255,-1.5464587211608887,-0.3847995102405548,-0.3997243344783783,-1.7684922218322754,-0.4656529724597931,-0.33547866344451904,-0.7642389535903931,-0.12672235071659088,-0.3353586792945862,-0.9310533404350281,-0.31339409947395325,-0.2553362250328064,-0.7669562101364136,-0.36978474259376526,-0.19506287574768066,-0.6009219288825989,-0.3838483989238739
0.0,0.0,0.0,0.22405241429805756,-0.18412373960018158,-0.20321783423423767,0.2455083578824997,-0.5039417147636414,-0.2707250714302063,-0.05770660564303398,-0.713445246219635,-0.30725428462028503,-0.3287448585033417,-0.8470932841300964,-0.3439915180206299,0.28654980659484863,-0.9746772646903992,-0.13464666903018951,0.3231038749217987,-1.3951104879379272,-0.20264692604541779,0.3257327079772949,-1.6490795612335205,-0.26499083638191223,0.3039199113845825,-1.8831225633621216,-0.31661808490753174,0.04264620691537857,-0.9924936890602112,-0.11461956053972244,0.007054219022393227,-1.4336029291152954,-0.17233045399188995,-0.03894675523042679,-1.7027814388275146,-0.24901458621025085,-0.08078581094741821,-1.9375286102294922,-0.29958808422088623,-0.16637223958969116,-0.9107930660247803,-0.11523925513029099,-0.2915209233760834,-1.3071346282958984,-0.25276634097099304,-0.3481733500957489,-1.5606964826583862,-0.3784410357475281,-0.40540120005607605,-1.7881274223327637,-0.4556944966316223,-0.3350467085838318,-0.7596213221549988,-0.12680169939994812,-0.3422401547431946,-0.952877938747406,-0.30644872784614563,-0.26613128185272217,-0.7934436202049255,-0.35361772775650024,-0.20934845507144928,-0.6235693097114563,-0.36153116822242737
0.0,0.0,0.0,0.21685633063316345,-0.18709906935691833,-0.19326645135879517,0.23071540892124176,-0.5101585984230042,-0.2580176591873169,-0.08044297248125076,-0.7178577184677124,-0.2949022054672241,-0.3486756384372711,-0.8460236191749573,-0.33203452825546265,0.27637436985969543,-0.9831467866897583,-0.1176241859793663,0.299023300409317,-1.3974443674087524,-0.18187542259693146,0.2990121841430664,-1.647918701171875,-0.24280203878879547,0.2767043709754944,-1.8769044876098633,-0.2941650152206421,0.03428078815340996,-0.9940493702888489,-0.10339619219303131,-0.011750909499824047,-1.428026556968689,-0.15880528092384338,-0.06093336641788483,-1.6943835020065308,-0.23448161780834198,-0.10326908528804779,-1.926507830619812,-0.28417831659317017,-0.17100471258163452,-0.9045202732086182,-0.10976191610097885,-0.30077144503593445,-1.3005212545394897,-0.24655210971832275,-0.3639583885669708,-1.5498355627059937,-0.37078359723091125,-0.42425328493118286,-1.7738080024719238,-0.44682130217552185,-0.3394659161567688,-0.7439084649085999,-0.12608686089515686,-0.355216920375824,-0.9355342984199524,-0.3043590188026428,-0.2829397916793823,-0.7783657908439636,-0.35057294368743896,-0.22618484497070312,-0.6136061549186707,-0.3583824634552002
0.0,0.0,0.0,0.21570760011672974,-0.19458363950252533,-0.19415467977523804,0.22416116297245026,-0.5195031762123108,-0.25701704621315,-0.0963277593255043,-0.7088798880577087,-0.29110631346702576,-0.3681572675704956,-0.8191424012184143,-0.32533594965934753,0.273108571767807,-0.9801236391067505,-0.11485549062490463,0.3018244802951813,-1.3913558721542358,-0.1773557811975479,0.3012843132019043,-1.640397071838379,-0.23678237199783325,0.2779921591281891,-1.8677022457122803,-0.28776898980140686,0.030995571985840797,-0.9945523738861084,-0.09952330589294434,-0.013048844411969185,-1.4287776947021484,-0.15205112099647522,-0.06240420788526535,-1.691245436668396,-0.22859375178813934,-0.10467159003019333,-1.9205732345581055,-0.2797221839427948,-0.17601898312568665,-0.9097838401794434,-0.10525543242692947,-0.3086392283439636,-1.30085289478302,-0.240224227309227,-0.3700738251209259,-1.5464677810668945,-0.3712972402572632,-0.43094420433044434,-1.7668123245239258,-0.4529987871646881,-0.3438299000263214,-0.7545316815376282,-0.1210208386182785,-0.3612959682941437,-0.9310109615325928,-0.3009536862373352,-0.2853893041610718,-0.7719040513038635,-0.35432347655296326,-0.22651535272598267,-0.6076396107673645,-0.36763840913772583
0.0,0.0,0.0,0.2113361656665802,-0.1999792903661728,-0.19665387272834778,0.2095268815755844,-0.5311241149902344,-0.2530982196331024,-0.12017378211021423,-0.7238184809684753,-0.280555784702301,-0.3915270268917084,-0.8285766243934631,-0.30691438913345337,0.264230877161026,-0.9902425408363342,-0.09908357262611389,0.2807857096195221,-1.4025218486785889,-0.1579611897468567,0.271114319562912,-1.6528503894805908,-0.21750475466251373,0.24261298775672913,-1.8820816278457642,-0.2697370946407318,0.018686499446630478,-0.9964160919189453,-0.08249697834253311,-0.03817698359489441,-1.430765986442566,-0.1343352198600769,-0.09425216168165207,-1.6952723264694214,-0.2120308130979538,-0.1391422003507614,-1.9314970970153809,-0.26451438665390015,-0.18933776021003723,-0.9033847451210022,-0.08861236274242401,-0.3267573416233063,-1.2967396974563599,-0.22524236142635345,-0.39318838715553284,-1.5366705656051636,-0.35311779379844666,-0.45637327432632446,-1.7592273950576782,-0.43056365847587585,-0.3546968102455139,-0.7381395101547241,-0.10532672703266144,-0.3884795308113098,-0.9354649782180786,-0.282918244600296,-0.31500154733657837,-0.7837636470794678,-0.3309624493122101,-0.2554575204849243,-0.6272926926612854,-0.34041011333465576
0.0,0.0,0.0,0.20884649455547333,-0.19949929416179657,-0.19129881262779236,0.20332255959510803,-0.532004177570343,-0.24834071099758148,-0.1271260529756546,-0.723624050617218,-0.27643734216690063,-0.4007572531700134,-0.831433117389679,-0.30429333448410034,0.26020485162734985,-0.9871779680252075,-0.10453782975673676,0.2695245146751404,-1.400180459022522,-0.16318340599536896,0.25640663504600525,-1.6499764919281006,-0.22119058668613434,0.22656521201133728,-1.8799384832382202,-0.2722148299217224,0.013365555554628372,-0.9958496689796448,-0.09002593904733658,-0.04687727987766266,-1.435686469078064,-0.14140059053897858,-0.10564323514699936,-1.7008466720581055,-0.2164192944765091,-0.15284132957458496,-1.9365429878234863,-0.26624730229377747,-0.19535131752490997,-0.9064532518386841,-0.09654112905263901,-0.33779454231262207,-1.3044859170913696,-0.2318228781223297,-0.4102211594581604,-1.5452936887741089,-0.35659632086753845,-0.4764326512813568,-1.7679250240325928,-0.4323280155658722,-0.36074039340019226,-0.7456151843070984,-0.11289770156145096,-0.4032450318336487,-0.9389720559120178,-0.2901231646537781,-0.3305230736732483,-0.7798748016357422,-0.33593377470970154,-0.2673322856426239,-0.6182883977890015,-0.3434733748435974
0.0,0.0,0.0,0.2036948800086975,-0.20376400649547577,-0.20694799721240997,0.18361559510231018,-0.5349034667015076,-0.2650131285190582,-0.1449260413646698,-0.7211945652961731,-0.2916402816772461,-0.4154062867164612,-0.8211959004402161,-0.3163496255874634,0.25007617473602295,-0.991573691368103,-0.1002395823597908,0.2554919123649597,-1.4009536504745483,-0.1575944870710373,0.23743072152137756,-1.648542881011963,-0.2182123064994812,0.20321737229824066,-1.8753321170806885,-0.2723172903060913,0.008356270380318165,-0.9968670010566711,-0.07865368574857712,-0.056376680731773376,-1.4322487115859985,-0.12882637977600098,-0.11798416823148727,-1.6952906847000122,-0.2105836272239685,-0.16665969789028168,-1.9302916526794434,-0.2664942741394043,-0.1997215747833252,-0.9039729237556458,-0.08106017857789993,-0.3466225564479828,-1.2980595827102661,-0.21842296421527863,-0.41922900080680847,-1.534940481185913,-0.355517715215683,-0.4853037893772125,-1.7537366151809692,-0.43981632590293884,-0.3634433448314667,-0.7394941449165344,-0.09465156495571136,-0.4151201844215393,-0.928225040435791,-0.27542567253112793,-0.3409191966056824,-0.7766213417053223,-0.33177968859672546,-0.27455776929855347,-0.6203662753105164,-0.34791645407676697
0.0,0.0,0.0,0.205275759100914,-0.17813169956207275,-0.21583984792232513,0.20616760849952698,-0.49264898896217346,-0.2903062403202057,-0.09603555500507355,-0.7086013555526733,-0.33547672629356384,-0.3646906614303589,-0.8465788960456848,-0.3781765401363373,0.2965880334377289,-0.9804695844650269,-0.11099915206432343,0.31111887097358704,-1.385946273803711,-0.1765298843383789,0.3009689748287201,-1.62799072265625,-0.24450325965881348,0.27074477076530457,-1.8536678552627563,-0.3044240176677704,0.051795490086078644,-0.9947214126586914,-0.08858107775449753,-0.0025747502222657204,-1.4229989051818848,-0.15297946333885193,-0.06058033928275108,-1.682424783706665,-0.24243023991584778,-0.1104016825556755,-1.9185993671417236,-0.3035946190357208,-0.164270281791687,-0.9128932952880859,-0.09081069380044937,-0.2978041172027588,-1.3033262491226196,-0.23632380366325378,-0.3687739670276642,-1.5396826267242432,-0.37281182408332825,-0.43423816561698914,-1.757536768913269,-0.4573054313659668,-0.33970773220062256,-0.7630550265312195,-0.10552158206701279,-0.37212440371513367,-0.9463146924972534,-0.294343501329422,-0.2996784746646881,-0.7965644001960754,-0.356940895318985,-0.23596157133579254,-0.6479280591011047,-0.37735164165496826
0.0,0.0,0.0,0.22687393426895142,-0.18282164633274078,-0.1949792504310608,0.23270641267299652,-0.5027320384979248,-0.26425808668136597,-0.06069421023130417,-0.723800003528595,-0.30718764662742615,-0.3235428035259247,-0.8606665730476379,-0.34894824028015137,0.31009232997894287,-0.9679933786392212,-0.10945659875869751,0.3322010338306427,-1.3689050674438477,-0.17258018255233765,0.3276490271091461,-1.6071890592575073,-0.2355431616306305,0.3027975559234619,-1.8309699296951294,-0.290842205286026,0.07296033203601837,-0.9928377270698547,-0.0946047231554985,0.02423909306526184,-1.418585181236267,-0.15410485863685608,-0.029963744804263115,-1.675252914428711,-0.23512060940265656,-0.07552799582481384,-1.9109470844268799,-0.29007309675216675,-0.13600850105285645,-0.9200567007064819,-0.10114248096942902,-0.2726665735244751,-1.3061500787734985,-0.23640720546245575,-0.3472369611263275,-1.54938542842865,-0.36281391978263855,-0.4127351939678192,-1.7763867378234863,-0.44247281551361084,-0.3124828040599823,-0.7762429118156433,-0.1186470091342926,-0.349886953830719,-0.9551816582679749,-0.29143503308296204,-0.28629836440086365,-0.8045156002044678,-0.3434934914112091,-0.22633004188537598,-0.6573002338409424,-0.3590388298034668
0.0,0.0,0.0,0.22190052270889282,-0.1886945515871048,-0.20329797267913818,0.24972882866859436,-0.5233081579208374,-0.2735302448272705,-0.04399293288588524,-0.7686381936073303,-0.3159342110157013,-0.3069407343864441,-0.9171879291534424,-0.3572644889354706,0.32840496301651,-0.9662144780158997,-0.12317869067192078,0.3648701608181,-1.3730344772338867,-0.19639094173908234,0.36310437321662903,-1.619315266609192,-0.26520833373069763,0.34251344203948975,-1.8468682765960693,-0.32409432530403137,0.0836276262998581,-0.9909563064575195,-0.10493844747543335,0.04112311825156212,-1.4199440479278564,-0.17631858587265015,-0.00987076573073864,-1.6798745393753052,-0.2625425159931183,-0.048284851014614105,-1.9140299558639526,-0.3209468424320221,-0.12929385900497437,-0.9192606210708618,-0.10827352106571198,-0.2582413852214813,-1.322224736213684,-0.25265026092529297,-0.3285442292690277,-1.5644302368164062,-0.37365734577178955,-0.38461121916770935,-1.7873528003692627,-0.4484301507472992,-0.30962231755256653,-0.7762260437011719,-0.12318293005228043,-0.33269527554512024,-0.9762242436408997,-0.30093908309936523,-0.27406203746795654,-0.8383788466453552,-0.3505385220050812,-0.2207098752260208,-0.7012699246406555,-0.36352038383483887
0.0,0.0,0.0,0.24637334048748016,-0.19604827463626862,-0.19092969596385956,0.2842665910720825,-0.5307004451751709,-0.25562265515327454,-0.003490994218736887,-0.7857556343078613,-0.29361990094184875,-0.2536170482635498,-0.9427427649497986,-0.33047470450401306,0.35194072127342224,-0.9632631540298462,-0.10887277126312256,0.3927534818649292,-1.3805571794509888,-0.17254270613193512,0.39648985862731934,-1.6269612312316895,-0.23396256566047668,0.3795994818210602,-1.854885458946228,-0.28664177656173706,0.10264711081981659,-0.9904096722602844,-0.09247805178165436,0.07177934050559998,-1.4270226955413818,-0.1557932049036026,0.02689431980252266,-1.6941344738006592,-0.23825770616531372,-0.005324518773704767,-1.9305814504623413,-0.2936476469039917,-0.11590773612260818,-0.9270915389060974,-0.09688536077737808,-0.23152995109558105,-1.3456077575683594,-0.24073775112628937,-0.3038465976715088,-1.6116827726364136,-0.37149283289909363,-0.3610471189022064,-1.8446813821792603,-0.45202744007110596,-0.30176112055778503,-0.7985261678695679,-0.11036298424005508,-0.3142203688621521,-1.0047802925109863,-0.28772684931755066,-0.2520260810852051,-0.8640347123146057,-0.34135615825653076,-0.194335475564003,-0.7137013077735901,-0.35696375370025635
0.0,0.0,0.0,0.23515857756137848,-0.1933049112558365,-0.21326880156993866,0.2623847723007202,-0.5291926860809326,-0.28832587599754333,-0.03221144154667854,-0.7930309176445007,-0.33147117495536804,-0.29346928000450134,-0.9531763792037964,-0.3732391893863678,0.356584370136261,-0.9513530135154724,-0.13493949174880981,0.3988041281700134,-1.3753079175949097,-0.20692062377929688,0.4024467468261719,-1.6300684213638306,-0.2764669358730316,0.38554492592811584,-1.8691209554672241,-0.3358224928379059,0.10924556106328964,-0.9880979061126709,-0.10829538851976395,0.08387138694524765,-1.425292730331421,-0.1776803433895111,0.03488544747233391,-1.697596788406372,-0.26659587025642395,-0.006536726374179125,-1.9387956857681274,-0.3284400701522827,-0.10970033705234528,-0.933846116065979,-0.10317303985357285,-0.22107163071632385,-1.3525078296661377,-0.24977953732013702,-0.2976923882961273,-1.6217491626739502,-0.3821548521518707,-0.36258405447006226,-1.8544175624847412,-0.46480438113212585,-0.29385295510292053,-0.8156001567840576,-0.1090557649731636,-0.32303687930107117,-1.0316535234451294,-0.2883998155593872,-0.2786165475845337,-0.8996325731277466,-0.3431062400341034,-0.23599742352962494,-0.7503750920295715,-0.3602721393108368
0.0,0.0,0.0,0.22863724827766418,-0.2041730284690857,-0.23346446454524994,0.24041558802127838,-0.5721583366394043,-0.29803332686424255,-0.08712061494588852,-0.8337287306785583,-0.32274162769317627,-0.3717518448829651,-0.9648460745811462,-0.34248098731040955,0.33511731028556824,-0.9672439098358154,-0.12939371168613434,0.3638714849948883,-1.3907899856567383,-0.1940045803785324,0.3636288344860077,-1.6474084854125977,-0.25681790709495544,0.34445297718048096,-1.886020541191101,-0.3113172650337219,0.08789292722940445,-0.9920934438705444,-0.0895845890045166,0.04933016747236252,-1.428134799003601,-0.14831410348415375,0.00010915641178144142,-1.700968861579895,-0.23111166059970856,-0.036407846957445145,-1.9410499334335327,-0.28855377435684204,-0.12864269316196442,-0.9297105669975281,-0.07517853379249573,-0.2501794397830963,-1.3437621593475342,-0.224415123462677,-0.3179002106189728,-1.6087167263031006,-0.3711826205253601,-0.37612539529800415,-1.8384748697280884,-0.46164625883102417,-0.3050037920475006,-0.8087897300720215,-0.07306986302137375,-0.3345332145690918,-1.0027402639389038,-0.2673683166503906,-0.27448922395706177,-0.8544347882270813,-0.33883070945739746,-0.22725829482078552,-0.6924482583999634,-0.3654947578907013
0.0,0.0,0.0,0.21672633290290833,-0.2123282104730606,-0.21716782450675964,0.2122337520122528,-0.5707980394363403,-0.2734920382499695,-0.10868223756551743,-0.8088958263397217,-0.29303672909736633,-0.3854053318500519,-0.9251793622970581,-0.30835428833961487,0.30615130066871643,-0.9702682495117188,-0.10871611535549164,0.3272152543067932,-1.3852672576904297,-0.16504794359207153,0.32059067487716675,-1.6367021799087524,-0.22421875596046448,0.29688599705696106,-1.8699133396148682,-0.2776421308517456,0.06278397142887115,-0.9951657652854919,-0.07552028447389603,0.010817471891641617,-1.4281466007232666,-0.12655799090862274,-0.04158162325620651,-1.6980583667755127,-0.2075357586145401,-0.08039966970682144,-1.9349697828292847,-0.2636452913284302,-0.14891259372234344,-0.9261832237243652,-0.06639810651540756,-0.2849498689174652,-1.3394359350204468,-0.2078407257795334,-0.35768231749534607,-1.600967288017273,-0.3533494174480438,-0.4216059744358063,-1.8271985054016113,-0.44324642419815063,-0.3170335590839386,-0.794089138507843,-0.068208709359169,-0.36075761914253235,-0.9839597940444946,-0.2564527690410614,-0.29833072423934937,-0.8402494192123413,-0.3256077170372009,-0.245523139834404,-0.6819992661476135,-0.35054388642311096
0.0,0.0,0.0,0.24685810506343842,-0.20014077425003052,-0.1805092692375183,0.27878960967063904,-0.5607368350028992,-0.2319776564836502,-0.017726892605423927,-0.8231567144393921,-0.2540173828601837,-0.28618323802948,-0.9520683884620667,-0.2760230004787445,0.3469230830669403,-0.9531975388526917,-0.10791157931089401,0.3844497501850128,-1.3702633380889893,-0.16227272152900696,0.39021191000938416,-1.6230745315551758,-0.21676570177078247,0.3818560540676117,-1.856912612915039,-0.2658475935459137,0.09842562675476074,-0.9906871914863586,-0.09408104419708252,0.06676594913005829,-1.4282416105270386,-0.1389530897140503,0.03526875376701355,-1.6985119581222534,-0.20987726747989655,0.016604337841272354,-1.9411989450454712,-0.2580804228782654,-0.11666715145111084,-0.9297210574150085,-0.0979451835155487,-0.22721832990646362,-1.360538363456726,-0.22310423851013184,-0.2741653323173523,-1.6300119161605835,-0.35192275047302246,-0.31757432222366333,-1.8676294088363647,-0.43430325388908386,-0.2907659709453583,-0.8024118542671204,-0.11019138991832733,-0.3074895441532135,-0.9905025959014893,-0.2817189693450928,-0.23783379793167114,-0.8387277722358704,-0.3360218107700348,-0.1863127052783966,-0.6739116907119751,-0.35175639390945435
0.0,0.0,0.0,0.24664156138896942,-0.18005868792533875,-0.15619757771492004,0.3034786581993103,-0.5371987223625183,-0.1915556639432907,0.050829578191041946,-0.7992756366729736,-0.2047932744026184,-0.19965578615665436,-0.9235355257987976,-0.219936802983284,0.35538190603256226,-0.9493246078491211,-0.07530685514211655,0.42823174595832825,-1.3378669023513794,-0.11910593509674072,0.4590984880924225,-1.5823359489440918,-0.1705455482006073,0.46945542097091675,-1.8041340112686157,-0.21848264336585999,0.11183176189661026,-0.9910237789154053,-0.07324974238872528,0.09815238416194916,-1.420422077178955,-0.10877625644207001,0.085115447640419,-1.6875317096710205,-0.174286887049675,0.07737241685390472,-1.9232298135757446,-0.2195425033569336,-0.0989253893494606,-0.9267556667327881,-0.08810212463140488,-0.1702391356229782,-1.353785753250122,-0.20209738612174988,-0.18342679738998413,-1.6167583465576172,-0.3237839341163635,-0.20528274774551392,-1.8436403274536133,-0.4023146331310272,-0.2756231427192688,-0.7889103293418884,-0.11058123409748077,-0.25307849049568176,-0.9814719557762146,-0.27268707752227783,-0.17545868456363678,-0.8372150659561157,-0.3220323324203491,-0.12812243402004242,-0.6728489995002747,-0.33516350388526917
0.0,0.0,0.0,0.2567526400089264,-0.1540103703737259,-0.1568503975868225,0.33378541469573975,-0.511397659778595,-0.19039084017276764,0.0794810950756073,-0.7841922640800476,-0.2015402764081955,-0.16277360916137695,-0.9419382214546204,-0.21657167375087738,0.3940841257572174,-0.9357982277870178,-0.0762970820069313,0.48825719952583313,-1.3414870500564575,-0.12807947397232056,0.5387176275253296,-1.5907225608825684,-0.1831931322813034,0.5653737783432007,-1.8209688663482666,-0.23259465396404266,0.14776574075222015,-0.9857544302940369,-0.08033420145511627,0.16920334100723267,-1.429903268814087,-0.12386007606983185,0.17136794328689575,-1.707600474357605,-0.19441956281661987,0.17617352306842804,-1.9582682847976685,-0.24070864915847778,-0.06948545575141907,-0.926188051700592,-0.10199101269245148,-0.10329243540763855,-1.3567075729370117,-0.23348893225193024,-0.09944387525320053,-1.624111533164978,-0.35539764165878296,-0.09727402776479721,-1.877750039100647,-0.43154314160346985,-0.2547997832298279,-0.7861252427101135,-0.13016377389431,-0.20918190479278564,-0.9763873815536499,-0.31222033500671387,-0.15146604180335999,-0.7951036095619202,-0.3551277220249176,-0.11824867874383926,-0.6185895204544067,-0.36040687561035156
0.0,0.0,0.0,0.257639080286026,-0.1340869516134262,-0.15505820512771606,0.3654966354370117,-0.46249067783355713,-0.19011789560317993,0.11176707595586777,-0.7019771337509155,-0.20302706956863403,-0.10996303707361221,-0.8501412868499756,-0.21723760664463043,0.38747718930244446,-0.9513883590698242,-0.07778225094079971,0.49384185671806335,-1.3647762537002563,-0.12091182917356491,0.5525828003883362,-1.608546495437622,-0.1640215665102005,0.5729476809501648,-1.8397010564804077,-0.2010360211133957,0.14127834141254425,-0.9871057271957397,-0.07525138556957245,0.171463280916214,-1.4444986581802368,-0.10916157811880112,0.18212072551250458,-1.7155776023864746,-0.16227436065673828,0.18504591286182404,-1.9621787071228027,-0.19825205206871033,-0.07483790814876556,-0.9224034547805786,-0.09057292342185974,-0.09991662204265594,-1.272413730621338,-0.1996084451675415,-0.07805391401052475,-1.5116090774536133,-0.29556554555892944,-0.07045598328113556,-1.739617943763733,-0.3559776246547699,-0.2652851641178131,-0.7850397229194641,-0.11590531468391418,-0.19497598707675934,-0.9649932980537415,-0.25132203102111816,-0.13613703846931458,-0.7773499488830566,-0.262865275144577,-0.11048344522714615,-0.5952194929122925,-0.25378885865211487
0.0,0.0,0.0,0.24483013153076172,-0.15200752019882202,-0.15517757833003998,0.34270286560058594,-0.49281901121139526,-0.19168621301651,0.07464471459388733,-0.7197741270065308,-0.21027356386184692,-0.14751693606376648,-0.8674503564834595,-0.22521840035915375,0.3622608482837677,-0.96601402759552,-0.06926901638507843,0.4647290110588074,-1.364256501197815,-0.12769387662410736,0.5192299485206604,-1.606119990348816,-0.17553065717220306,0.5303311347961426,-1.837019443511963,-0.21257051825523376,0.12302447855472565,-0.9896132946014404,-0.07436744123697281,0.15260449051856995,-1.449333667755127,-0.12836076319217682,0.15981194376945496,-1.7270969152450562,-0.18603120744228363,0.15558543801307678,-1.987414836883545,-0.22061589360237122,-0.08801814913749695,-0.9029260873794556,-0.09988589584827423,-0.1166069358587265,-1.1889867782592773,-0.2321142703294754,-0.07460188120603561,-1.3526852130889893,-0.3193974792957306,-0.048062652349472046,-1.521213173866272,-0.3614736795425415,-0.27656298875808716,-0.7462529540061951,-0.136339470744133,-0.18951410055160522,-0.8923990726470947,-0.2821846008300781,-0.1098821833729744,-0.7046912908554077,-0.2910982370376587,-0.06522736698389053,-0.535931408405304,-0.27480751276016235
0.0,0.0,0.0,0.24728912115097046,-0.14223867654800415,-0.14558209478855133,0.3498009145259857,-0.480779767036438,-0.17542536556720734,0.09731147438287735,-0.7110971808433533,-0.18677641451358795,-0.12458768486976624,-0.8559274673461914,-0.1970643550157547,0.37585362792015076,-0.9636006355285645,-0.0642203763127327,0.47448572516441345,-1.358994960784912,-0.11279390752315521,0.5289468765258789,-1.5977964401245117,-0.15543556213378906,0.5434709787368774,-1.8249235153198242,-0.18987849354743958,0.1350088268518448,-0.9882066249847412,-0.07225167751312256,0.16903720796108246,-1.4488763809204102,-0.11355580389499664,0.18378368020057678,-1.7263411283493042,-0.1684769093990326,0.18645210564136505,-1.9818974733352661,-0.20189626514911652,-0.07952044904232025,-0.9000323414802551,-0.09906888008117676,-0.10714224725961685,-1.211179494857788,-0.22499988973140717,-0.0710822269320488,-1.4114748239517212,-0.32680463790893555,-0.052574239671230316,-1.6098392009735107,-0.3824768364429474,-0.2663882374763489,-0.7402990460395813,-0.13471931219100952,-0.17287951707839966,-0.87921142578125,-0.28459006547927856,-0.09821077436208725,-0.6950609087944031,-0.3057171404361725,-0.06563801318407059,-0.5298618674278259,-0.2992058992385864
0.0,0.0,0.0,0.23643477261066437,-0.14526838064193726,-0.1490304321050644,0.32884952425956726,-0.470784455537796,-0.1784486621618271,0.08827421814203262,-0.6970700025558472,-0.1863245815038681,-0.1322038471698761,-0.8393250703811646,-0.19730989634990692,0.38706690073013306,-0.9534709453582764,-0.06493125110864639,0.4863148033618927,-1.3441280126571655,-0.1083822250366211,0.5428266525268555,-1.580843210220337,-0.15357868373394012,0.5629163980484009,-1.8036582469940186,-0.19254371523857117,0.15553005039691925,-0.9852961897850037,-0.07072252035140991,0.188967764377594,-1.4221181869506836,-0.10288716107606888,0.19765816628932953,-1.6892584562301636,-0.16211716830730438,0.20255276560783386,-1.9331071376800537,-0.2002989798784256,-0.05349116399884224,-0.9108762741088867,-0.09541831165552139,-0.07022663950920105,-1.278782606124878,-0.2151370346546173,-0.05740146338939667,-1.537535548210144,-0.3389396071434021,-0.05115993320941925,-1.7854975461959839,-0.4173354208469391,-0.2355799823999405,-0.7581740617752075,-0.12801851332187653,-0.15583762526512146,-0.8942646384239197,-0.2916908264160156,-0.09731817245483398,-0.7028489112854004,-0.33341288566589355,-0.06614607572555542,-0.5262004137039185,-0.3417209982872009
0.0,0.0,0.0,0.24406568706035614,-0.15691198408603668,-0.14474985003471375,0.3420749306678772,-0.482133150100708,-0.1745007187128067,0.09063363820314407,-0.7090824246406555,-0.18301811814308167,-0.13511145114898682,-0.8489648103713989,-0.1936991959810257,0.3958550691604614,-0.9447481632232666,-0.06089048832654953,0.491616427898407,-1.3319271802902222,-0.10681420564651489,0.544755220413208,-1.5666557550430298,-0.15364693105220795,0.5692728757858276,-1.7868001461029053,-0.19358928501605988,0.16038765013217926,-0.9845702052116394,-0.06998038291931152,0.20573510229587555,-1.4189609289169312,-0.10355652123689651,0.22529573738574982,-1.6854469776153564,-0.1616491675376892,0.24151834845542908,-1.9273681640625,-0.19833864271640778,-0.053963661193847656,-0.9173736572265625,-0.09819050133228302,-0.08254013955593109,-1.3063324689865112,-0.22185663878917694,-0.06992512196302414,-1.5578886270523071,-0.34216007590293884,-0.06109064817428589,-1.801376223564148,-0.41658738255500793,-0.23938246071338654,-0.7674688696861267,-0.1333048939704895,-0.1693861037492752,-0.9302377104759216,-0.3008654713630676,-0.11084849387407303,-0.7361679673194885,-0.3385814428329468,-0.07665348052978516,-0.5575978755950928,-0.3425251543521881
0.0,0.0,0.0,0.24322721362113953,-0.1480962485074997,-0.14894050359725952,0.34520965814590454,-0.46658191084861755,-0.18517565727233887,0.08327802270650864,-0.6951906681060791,-0.2014675736427307,-0.14732638001441956,-0.8345426321029663,-0.22130537033081055,0.4074499309062958,-0.9350267052650452,-0.06694421172142029,0.5052435994148254,-1.325569987297058,-0.11423029750585556,0.5615025162696838,-1.5637669563293457,-0.16152237355709076,0.5862634181976318,-1.7851030826568604,-0.20149289071559906,0.16886736452579498,-0.9829509854316711,-0.07274020463228226,0.2165006399154663,-1.4176629781723022,-0.10571091622114182,0.2367807775735855,-1.68849515914917,-0.1658840775489807,0.2518311142921448,-1.9315234422683716,-0.2051112949848175,-0.04728473722934723,-0.9231001138687134,-0.09751303493976593,-0.08172985911369324,-1.308266282081604,-0.21491463482379913,-0.0763971284031868,-1.5632734298706055,-0.34082379937171936,-0.07604830712080002,-1.8004419803619385,-0.4221903383731842,-0.23918460309505463,-0.7827968001365662,-0.1299656629562378,-0.17593508958816528,-0.9184371829032898,-0.2957322597503662,-0.12020602822303772,-0.7258316874504089,-0.3433784246444702,-0.08549942821264267,-0.549734354019165,-0.3558112382888794
0.0,0.0,0.0,0.23278476297855377,-0.13094159960746765,-0.1552700400352478,0.338599294424057,-0.4346436560153961,-0.19578535854816437,0.0917467474937439,-0.6633593440055847,-0.2150261253118515,-0.14516764879226685,-0.8018693923950195,-0.23659731447696686,0.4098655879497528,-0.9245853424072266,-0.07771571725606918,0.5135942101478577,-1.3119815587997437,-0.12912480533123016,0.5758232474327087,-1.5431872606277466,-0.1769760400056839,0.6055744290351868,-1.7600685358047485,-0.2163068950176239,0.17466172575950623,-0.9811233282089233,-0.08300741761922836,0.2222605049610138,-1.421671748161316,-0.12006398290395737,0.23900476098060608,-1.6924113035202026,-0.17852236330509186,0.2488773912191391,-1.9305858612060547,-0.2141575813293457,-0.038604870438575745,-0.9229586720466614,-0.10787668824195862,-0.07855921238660812,-1.3011912107467651,-0.2282973974943161,-0.08118889480829239,-1.559342622756958,-0.353066623210907,-0.08830330520868301,-1.7956656217575073,-0.4311861991882324,-0.22817036509513855,-0.7775383591651917,-0.1410006433725357,-0.16582219302654266,-0.9094206094741821,-0.30455833673477173,-0.11126435548067093,-0.7237426042556763,-0.34996819496154785,-0.08157828450202942,-0.5524156093597412,-0.3599275052547455
0.0,0.0,0.0,0.2374826967716217,-0.12904900312423706,-0.1596107929944992,0.35364222526550293,-0.43373340368270874,-0.2009490579366684,0.09742410480976105,-0.6570922136306763,-0.2196672111749649,-0.14234952628612518,-0.7901039123535156,-0.23961877822875977,0.41366860270500183,-0.9242332577705383,-0.07999773323535919,0.5318392515182495,-1.317469596862793,-0.13169802725315094,0.6016092300415039,-1.5511277914047241,-0.17919479310512543,0.6400245428085327,-1.7690244913101196,-0.21893584728240967,0.17125317454338074,-0.9817110300064087,-0.08316139131784439,0.21993601322174072,-1.427674651145935,-0.12111075222492218,0.23735560476779938,-1.7024824619293213,-0.18019090592861176,0.2473459243774414,-1.945202350616455,-0.21664918959140778,-0.040986232459545135,-0.9256036281585693,-0.10618408769369125,-0.07554447650909424,-1.3041813373565674,-0.2252126783132553,-0.07193063944578171,-1.5646941661834717,-0.3490545153617859,-0.07379972189664841,-1.805482029914856,-0.42699262499809265,-0.22292834520339966,-0.7815778851509094,-0.13809733092784882,-0.17343875765800476,-0.9149158000946045,-0.301110178232193,-0.12512972950935364,-0.7337030172348022,-0.34598222374916077,-0.10016348958015442,-0.5661332011222839,-0.3554173707962036
0.0,0.0,0.0,0.2422267347574234,-0.13089270889759064,-0.1550801396369934,0.35885822772979736,-0.432422935962677,-0.194315105676651,0.11168403178453445,-0.6564233303070068,-0.21262504160404205,-0.13156472146511078,-0.7894821763038635,-0.23253120481967926,0.42687880992889404,-0.9239389300346375,-0.0667438730597496,0.5445619821548462,-1.313085913658142,-0.11569569259881973,0.6133527159690857,-1.545114278793335,-0.16296690702438354,0.6509077548980713,-1.759859561920166,-0.2026965618133545,0.18570509552955627,-0.9799590706825256,-0.07206808030605316,0.23693633079528809,-1.4170101881027222,-0.10705718398094177,0.25567126274108887,-1.6891931295394897,-0.1679784655570984,0.2657337188720703,-1.927207350730896,-0.20596353709697723,-0.028186166658997536,-0.9228796362876892,-0.09792262315750122,-0.057653799653053284,-1.2972700595855713,-0.21766750514507294,-0.052535273134708405,-1.5550578832626343,-0.3456074297428131,-0.05431360751390457,-1.7915146350860596,-0.4258526563644409,-0.21067915856838226,-0.7788001894950867,-0.1321963369846344,-0.15225708484649658,-0.90479576587677,-0.297863632440567,-0.10365881025791168,-0.7247699499130249,-0.34693583846092224,-0.08142730593681335,-0.5575882196426392,-0.35893216729164124
0.0,0.0,0.0,0.23374754190444946,-0.15331728756427765,-0.149591326713562,0.32900869846343994,-0.4599873125553131,-0.1903621107339859,0.08018199354410172,-0.6567700505256653,-0.21053816378116608,-0.16295647621154785,-0.7775608897209167,-0.23351697623729706,0.40473249554634094,-0.9283081889152527,-0.0787094309926033,0.533290684223175,-1.3166488409042358,-0.12848837673664093,0.6061045527458191,-1.5481749773025513,-0.17523084580898285,0.6481786966323853,-1.7631908655166626,-0.21512320637702942,0.1663106381893158,-0.9821977019309998,-0.08734113723039627,0.22773180902004242,-1.41868257522583,-0.12344158440828323,0.2496183216571808,-1.6914159059524536,-0.18547792732715607,0.26048508286476135,-1.9335130453109741,-0.22600165009498596,-0.05041145905852318,-0.9261468648910522,-0.11472764611244202,-0.08112039417028427,-1.3013676404953003,-0.2329929918050766,-0.07737982273101807,-1.56011962890625,-0.36277785897254944,-0.08122942596673965,-1.799559473991394,-0.44684720039367676,-0.23499642312526703,-0.7841808199882507,-0.149721160531044,-0.18130095303058624,-0.9124882221221924,-0.31359806656837463,-0.13112279772758484,-0.7312291860580444,-0.3620707094669342,-0.1047820970416069,-0.5615888237953186,-0.37564441561698914
0.0,0.0,0.0,0.24889318645000458,-0.1499401181936264,-0.14318765699863434,0.35655584931373596,-0.45236867666244507,-0.1796375811100006,0.12903395295143127,-0.6561850905418396,-0.1961849480867386,-0.12287396192550659,-0.7700597643852234,-0.21583755314350128,0.43621405959129333,-0.9199602603912354,-0.07389884442090988,0.5802386403083801,-1.3035444021224976,-0.12154112756252289,0.6562063097953796,-1.5342381000518799,-0.164936825633049,0.7031989693641663,-1.7466198205947876,-0.2031211107969284,0.19397714734077454,-0.9769080877304077,-0.08957330137491226,0.25768232345581055,-1.4138628244400024,-0.12734141945838928,0.28563037514686584,-1.685286045074463,-0.1906295269727707,0.3055344521999359,-1.9239341020584106,-0.23062297701835632,-0.02752530947327614,-0.9192711710929871,-0.12349708378314972,-0.05871269106864929,-1.3024736642837524,-0.24945440888404846,-0.052413929253816605,-1.5667215585708618,-0.38466548919677734,-0.049199145287275314,-1.8164266347885132,-0.47031670808792114,-0.2159903645515442,-0.769263744354248,-0.16350771486759186,-0.15170037746429443,-0.8985149264335632,-0.33180418610572815,-0.09247352182865143,-0.7188253402709961,-0.38141295313835144,-0.06014934927225113,-0.5499759912490845,-0.3954099416732788
0.0,0.0,0.0,0.22915568947792053,-0.17619727551937103,-0.1367565393447876,0.31564944982528687,-0.4862116277217865,-0.17294557392597198,0.10888749361038208,-0.6806215643882751,-0.19267809391021729,-0.13245566189289093,-0.7811123132705688,-0.2167060226202011,0.3987731635570526,-0.92864990234375,-0.0672929435968399,0.5482254028320312,-1.3079227209091187,-0.11500135064125061,0.6333993673324585,-1.5446237325668335,-0.1636153608560562,0.688789963722229,-1.7588545083999634,-0.20620211958885193,0.1636446863412857,-0.9828552603721619,-0.08494605869054794,0.22816169261932373,-1.4127792119979858,-0.11328160762786865,0.2668285071849823,-1.683351755142212,-0.1749553382396698,0.2972552478313446,-1.9154375791549683,-0.21828263998031616,-0.056860193610191345,-0.919981837272644,-0.12055661529302597,-0.06710752844810486,-1.299053430557251,-0.2303718477487564,-0.03741871938109398,-1.5666530132293701,-0.36299166083335876,-0.016389792785048485,-1.8150473833084106,-0.4523981511592865,-0.24429938197135925,-0.7683891654014587,-0.16290423274040222,-0.1784045249223709,-0.8960187435150146,-0.31785550713539124,-0.11802610754966736,-0.7367979288101196,-0.3654077649116516,-0.09053350239992142,-0.5770261287689209,-0.3819155693054199
0.0,0.0,0.0,0.24763169884681702,-0.14891311526298523,-0.13622711598873138,0.3691355586051941,-0.45272982120513916,-0.17144793272018433,0.15675263106822968,-0.6580311059951782,-0.1888917088508606,-0.06544053554534912,-0.7800427079200745,-0.21227560937404633,0.42881548404693604,-0.920942485332489,-0.08214336633682251,0.5803446173667908,-1.3024204969406128,-0.1339280605316162,0.668021023273468,-1.5404911041259766,-0.17935840785503387,0.7152571678161621,-1.756700873374939,-0.2145548015832901,0.19369065761566162,-0.9761946201324463,-0.0976116880774498,0.2824362814426422,-1.4101166725158691,-0.13027547299861908,0.32500651478767395,-1.6877979040145874,-0.1879824995994568,0.3541751205921173,-1.9287387132644653,-0.22465038299560547,-0.025844283401966095,-0.9199020266532898,-0.12933607399463654,-0.02920583076775074,-1.2925225496292114,-0.23986101150512695,-0.00023102214618120342,-1.5650827884674072,-0.3696643114089966,0.017284443601965904,-1.8098170757293701,-0.45587238669395447,-0.22151504456996918,-0.7788483500480652,-0.1677858531475067,-0.13632212579250336,-0.8873282074928284,-0.3209984600543976,-0.0828750878572464,-0.7035301327705383,-0.36499711871147156,-0.05933487042784691,-0.5289419293403625,-0.37742695212364197
0.0,0.0,0.0,0.2519005537033081,-0.13324451446533203,-0.14273202419281006,0.36276116967201233,-0.43610498309135437,-0.18130755424499512,0.14835065603256226,-0.6730209589004517,-0.20197980105876923,-0.051811590790748596,-0.8297346830368042,-0.22672758996486664,0.4426949918270111,-0.9201754927635193,-0.08667745441198349,0.5724860429763794,-1.3086042404174805,-0.14281845092773438,0.6486597061157227,-1.5451626777648926,-0.1916157454252243,0.687838077545166,-1.759029746055603,-0.22930410504341125,0.20355862379074097,-0.9738964438438416,-0.10044730454683304,0.2654949128627777,-1.4123356342315674,-0.1426137089729309,0.29414480924606323,-1.6927887201309204,-0.20221616327762604,0.3182026147842407,-1.9350789785385132,-0.23822587728500366,-0.020754417404532433,-0.9172917604446411,-0.13174834847450256,-0.039876122027635574,-1.3118846416473389,-0.2580297291278839,-0.026387693360447884,-1.5788633823394775,-0.38553059101104736,-0.015262695960700512,-1.8193154335021973,-0.4657737910747528,-0.22536320984363556,-0.7702816128730774,-0.1694820523262024,-0.14577768743038177,-0.9033148288726807,-0.3398926854133606,-0.09684997797012329,-0.7158935070037842,-0.3878639042377472,-0.06931882351636887,-0.5386101603507996,-0.3991999626159668
0.0,0.0,0.0,0.27933475375175476,-0.1369081437587738,-0.12885917723178864,0.4053093492984772,-0.46239984035491943,-0.1499754637479782,0.16009476780891418,-0.7022908926010132,-0.15379191935062408,-0.06640767306089401,-0.8259879946708679,-0.1653197556734085,0.44948747754096985,-0.9290509819984436,-0.06837119907140732,0.589065432548523,-1.3162841796875,-0.109503835439682,0.6717885136604309,-1.5562087297439575,-0.14924490451812744,0.7180296182632446,-1.7747384309768677,-0.18328692018985748,0.19908571243286133,-0.9761271476745605,-0.08683759719133377,0.2634892463684082,-1.4274468421936035,-0.11116786301136017,0.29696568846702576,-1.7182849645614624,-0.16833287477493286,0.32691892981529236,-1.9709726572036743,-0.20724962651729584,-0.027515867725014687,-0.9106419086456299,-0.1212531179189682,-0.045519907027482986,-1.3176220655441284,-0.2432970255613327,-0.032034266740083694,-1.6050190925598145,-0.38584795594215393,-0.022163348272442818,-1.8605579137802124,-0.4794688820838928,-0.23324494063854218,-0.7601032257080078,-0.15952236950397491,-0.1456180363893509,-0.8958256244659424,-0.3324262797832489,-0.0881536528468132,-0.7039859890937805,-0.3880122900009155,-0.05876818671822548,-0.5194994807243347,-0.4079087972640991
0.0,0.0,0.0,0.2843582332134247,-0.10804234445095062,-0.13770435750484467,0.4261423945426941,-0.43603992462158203,-0.153829425573349,0.1900869458913803,-0.7017333507537842,-0.14837072789669037,-0.03879779577255249,-0.8303624391555786,-0.1495070457458496,0.4616721272468567,-0.9238315224647522,-0.06870485097169876,0.5945624709129333,-1.2985777854919434,-0.1082281544804573,0.6770604848861694,-1.535750150680542,-0.1480000615119934,0.7330347895622253,-1.7511699199676514,-0.1824537217617035,0.21646523475646973,-0.9727025628089905,-0.08362123370170593,0.2716328501701355,-1.4109808206558228,-0.0976661816239357,0.30066385865211487,-1.6895869970321655,-0.14854416251182556,0.3313085436820984,-1.9269280433654785,-0.1854775995016098,-0.008494683541357517,-0.9055832624435425,-0.1172688752412796,-0.014039453119039536,-1.306469440460205,-0.23587191104888916,0.014538752846419811,-1.5815584659576416,-0.3800159990787506,0.03361468017101288,-1.8327471017837524,-0.47668296098709106,-0.21619504690170288,-0.749230682849884,-0.15594634413719177,-0.10163272172212601,-0.8742812871932983,-0.32217904925346375,-0.0356028787791729,-0.6820807456970215,-0.379729688167572,-0.016508959233760834,-0.49792543053627014,-0.4050309360027313
0.0,0.0,0.0,0.2822793126106262,-0.1139511913061142,-0.13371337950229645,0.44777393341064453,-0.44857776165008545,-0.14781072735786438,0.24537979066371918,-0.710230827331543,-0.14251956343650818,0.01623193733394146,-0.8385630249977112,-0.14326585829257965,0.47278133034706116,-0.9143337607383728,-0.054785147309303284,0.6203791499137878,-1.2773970365524292,-0.09347673505544662,0.7157938480377197,-1.5093438625335693,-0.13147668540477753,0.779269814491272,-1.7148768901824951,-0.16201335191726685,0.2380024641752243,-0.9689058661460876,-0.06764773279428482,0.3199457824230194,-1.389095664024353,-0.0838293731212616,0.3706466555595398,-1.6576552391052246,-0.13201354444026947,0.41171544790267944,-1.8871370553970337,-0.1641961932182312,0.017911719158291817,-0.9138988256454468,-0.09915663301944733,0.042879872024059296,-1.2923518419265747,-0.21397075057029724,0.09386325627565384,-1.5518053770065308,-0.3487846255302429,0.12539814412593842,-1.7874644994735718,-0.43713751435279846,-0.18622636795043945,-0.7743690609931946,-0.1360030174255371,-0.04868350178003311,-0.8859391808509827,-0.3011094629764557,0.009506946429610252,-0.690608561038971,-0.35483261942863464,0.01824023202061653,-0.5060552358627319,-0.3747350871562958
0.0,0.0,0.0,0.2869656980037689,-0.1218414455652237,-0.1293186992406845,0.4327925741672516,-0.45552539825439453,-0.13805760443210602,0.2401748150587082,-0.7059228420257568,-0.12761180102825165,0.01290810201317072,-0.8160243630409241,-0.12034725397825241,0.473651647567749,-0.9147409796714783,-0.0446978360414505,0.6321472525596619,-1.2765408754348755,-0.07745455950498581,0.7273538112640381,-1.5060795545578003,-0.11072974652051926,0.7873260378837585,-1.7133634090423584,-0.13884326815605164,0.24409107863903046,-0.9680843353271484,-0.05685148015618324,0.33790865540504456,-1.393341302871704,-0.0738346055150032,0.39727914333343506,-1.6602727174758911,-0.11713473498821259,0.443171888589859,-1.8930050134658813,-0.14554902911186218,0.024798844009637833,-0.9155992865562439,-0.08786849677562714,0.04763469099998474,-1.2846133708953857,-0.19762393832206726,0.10375357419252396,-1.5413354635238647,-0.32261472940444946,0.1362556666135788,-1.7756348848342896,-0.40227484703063965,-0.17598405480384827,-0.7779098153114319,-0.12501567602157593,-0.05369073897600174,-0.9075754880905151,-0.2739395797252655,0.0070046414621174335,-0.7265208959579468,-0.314932644367218,0.016575850546360016,-0.5484073758125305,-0.327088326215744
0.0,0.0,0.0,0.27187401056289673,-0.13196688890457153,-0.12880845367908478,0.40698909759521484,-0.4450283646583557,-0.1429654210805893,0.2184784710407257,-0.6819251775741577,-0.13951021432876587,0.004688245244324207,-0.8127046227455139,-0.1375889778137207,0.4492882490158081,-0.9217043519020081,-0.035383790731430054,0.5945925712585449,-1.280430555343628,-0.06960522383451462,0.6809611916542053,-1.5091750621795654,-0.10726197808980942,0.7356629967689514,-1.7182667255401611,-0.13911038637161255,0.2216918170452118,-0.9740005731582642,-0.04664354771375656,0.3000161349773407,-1.3995169401168823,-0.07025618106126785,0.34676799178123474,-1.6627243757247925,-0.11823289096355438,0.3825582265853882,-1.8920838832855225,-0.14924933016300201,0.008434006944298744,-0.9201265573501587,-0.07695326954126358,0.018590545281767845,-1.2781306505203247,-0.18448948860168457,0.059353191405534744,-1.52545964717865,-0.2996875047683716,0.07944782078266144,-1.7514921426773071,-0.37185975909233093,-0.17981983721256256,-0.7805387377738953,-0.1145186722278595,-0.07007014751434326,-0.9293453097343445,-0.25354716181755066,-0.01734176091849804,-0.7517995834350586,-0.28429362177848816,-0.008370034396648407,-0.5733414888381958,-0.28889620304107666
0.0,0.0,0.0,0.26575523614883423,-0.14671340584754944,-0.1400723159313202,0.39984551072120667,-0.45980069041252136,-0.16791047155857086,0.1715570092201233,-0.6878379583358765,-0.1762034147977829,-0.0516817569732666,-0.8112508058547974,-0.18631084263324738,0.42105501890182495,-0.9280807375907898,-0.06627210229635239,0.5612847805023193,-1.3029919862747192,-0.1095103994011879,0.6389661431312561,-1.5386672019958496,-0.15365055203437805,0.6792488694190979,-1.7614401578903198,-0.19003982841968536,0.18552111089229584,-0.9800190925598145,-0.07172420620918274,0.2579704821109772,-1.4238625764846802,-0.0989367663860321,0.29127007722854614,-1.6952741146087646,-0.1486833542585373,0.30598515272140503,-1.934324026107788,-0.18210075795650482,-0.02397691085934639,-0.9255096912384033,-0.09405511617660522,-0.03639736771583557,-1.2775943279266357,-0.19236674904823303,-0.006157165393233299,-1.518795371055603,-0.2928299009799957,-0.0022397595457732677,-1.7349853515625,-0.35641318559646606,-0.20582164824008942,-0.789721667766571,-0.1257375329732895,-0.11991693079471588,-0.9459307789802551,-0.2537013590335846,-0.059929683804512024,-0.7698354721069336,-0.27141013741493225,-0.042614493519067764,-0.5887776613235474,-0.2660427689552307
0.0,0.0,0.0,0.2460804432630539,-0.14187964797019958,-0.15272937715053558,0.3574463427066803,-0.4529881775379181,-0.1867101788520813,0.11896403133869171,-0.6686734557151794,-0.20067806541919708,-0.10195324569940567,-0.7907896041870117,-0.21081864833831787,0.3791305124759674,-0.9310812950134277,-0.05938611924648285,0.5102483630180359,-1.292814016342163,-0.10022007673978806,0.5801442861557007,-1.5153197050094604,-0.14135225117206573,0.6098570227622986,-1.7251312732696533,-0.17596249282360077,0.15171121060848236,-0.9868448376655579,-0.055865634232759476,0.20413272082805634,-1.4185751676559448,-0.08042220026254654,0.2285742461681366,-1.6736973524093628,-0.12098059058189392,0.2321109175682068,-1.9035894870758057,-0.14794544875621796,-0.04647313430905342,-0.9351821541786194,-0.072975292801857,-0.09250529110431671,-1.2624622583389282,-0.15985557436943054,-0.07305072993040085,-1.4657297134399414,-0.2371928095817566,-0.07456047087907791,-1.6537472009658813,-0.2852139174938202,-0.21404342353343964,-0.806620180606842,-0.10339726507663727,-0.1461266130208969,-0.9742733836174011,-0.21459877490997314,-0.07823716104030609,-0.8079257607460022,-0.22121240198612213,-0.047064442187547684,-0.6400471329689026,-0.2099452018737793
0.0,0.0,0.0,0.23576200008392334,-0.14853748679161072,-0.14815817773342133,0.3366633951663971,-0.46355801820755005,-0.18240611255168915,0.09044037759304047,-0.6683463454246521,-0.1980130523443222,-0.13726413249969482,-0.7850766181945801,-0.2108771651983261,0.3515130579471588,-0.9501637816429138,-0.06199023127555847,0.457523912191391,-1.3279398679733276,-0.10211271047592163,0.5180262327194214,-1.5571444034576416,-0.14254964888095856,0.5400839447975159,-1.7717186212539673,-0.17723429203033447,0.119890958070755,-0.9907389283180237,-0.06373754888772964,0.14756974577903748,-1.4412634372711182,-0.09412151575088501,0.16163434088230133,-1.7020363807678223,-0.13793860375881195,0.1608637571334839,-1.9396179914474487,-0.16653940081596375,-0.08023048937320709,-0.9231246113777161,-0.08429307490587234,-0.12049482017755508,-1.2580735683441162,-0.17993584275245667,-0.08975210040807724,-1.468176245689392,-0.25368019938468933,-0.07647406309843063,-1.6686564683914185,-0.2968224287033081,-0.25178349018096924,-0.777949333190918,-0.11689291894435883,-0.17810429632663727,-0.977370023727417,-0.2287360280752182,-0.10597258061170578,-0.8086583018302917,-0.22262178361415863,-0.0686805322766304,-0.6325644254684448,-0.20188988745212555
0.0,0.0,0.0,0.23256544768810272,-0.1394578218460083,-0.1477041393518448,0.33232611417770386,-0.45774513483047485,-0.17650169134140015,0.08964083343744278,-0.6648129224777222,-0.18523858487606049,-0.13688352704048157,-0.7794023156166077,-0.1906794309616089,0.342559814453125,-0.9517915844917297,-0.057076189666986465,0.4452364146709442,-1.3285590410232544,-0.0955657884478569,0.5070309042930603,-1.5587468147277832,-0.13335807621479034,0.5318555235862732,-1.7710840702056885,-0.16534218192100525,0.11281787604093552,-0.9919877052307129,-0.056856151670217514,0.13090504705905914,-1.4406734704971313,-0.09015289694070816,0.13977141678333282,-1.7030991315841675,-0.1341284215450287,0.13601936399936676,-1.9396508932113647,-0.16063693165779114,-0.08386803418397903,-0.9245942234992981,-0.0756542757153511,-0.12275796383619308,-1.2586256265640259,-0.17657294869422913,-0.09678991138935089,-1.4696613550186157,-0.2538855969905853,-0.08789268881082535,-1.6698338985443115,-0.2966037690639496,-0.2519151568412781,-0.7791212201118469,-0.10586540400981903,-0.177738755941391,-0.9767711758613586,-0.22151534259319305,-0.10773530602455139,-0.8067821264266968,-0.21865969896316528,-0.07333564758300781,-0.6291605234146118,-0.1987237185239792
0.0,0.0,0.0,0.23548804223537445,-0.14615842700004578,-0.14405739307403564,0.3258131146430969,-0.46484941244125366,-0.17204414308071136,0.08904775977134705,-0.667972207069397,-0.1799454689025879,-0.13388918340206146,-0.7848623394966125,-0.18650972843170166,0.3534381091594696,-0.9523873925209045,-0.056388821452856064,0.4527212679386139,-1.3299702405929565,-0.09449231624603271,0.511296272277832,-1.564307451248169,-0.1363886594772339,0.5377117395401001,-1.780429482460022,-0.1721034049987793,0.12427088618278503,-0.9905381202697754,-0.058232422918081284,0.1440233290195465,-1.4276115894317627,-0.08857174962759018,0.15244236588478088,-1.6889151334762573,-0.13841038942337036,0.15206268429756165,-1.928046703338623,-0.17161990702152252,-0.07721929997205734,-0.9283827543258667,-0.07826793193817139,-0.10855001211166382,-1.2852280139923096,-0.17827340960502625,-0.08649522811174393,-1.513474464416504,-0.26291847229003906,-0.08138838410377502,-1.7312763929367065,-0.31342020630836487,-0.25147145986557007,-0.7879984974861145,-0.10871871560811996,-0.1702750027179718,-1.001639723777771,-0.2266647070646286,-0.10136397927999496,-0.8302750587463379,-0.22659631073474884,-0.06955993175506592,-0.6477253437042236,-0.20956704020500183
0.0,0.0,0.0,0.24719840288162231,-0.13004061579704285,-0.1462787538766861,0.3539173901081085,-0.4420885741710663,-0.17545616626739502,0.11612172424793243,-0.6609692573547363,-0.18389306962490082,-0.10698552429676056,-0.7845691442489624,-0.19173796474933624,0.3879954218864441,-0.9382885694503784,-0.058137502521276474,0.49791407585144043,-1.320447564125061,-0.09518424421548843,0.5610100030899048,-1.5531151294708252,-0.13741286098957062,0.5918712615966797,-1.7653181552886963,-0.17349828779697418,0.1560409516096115,-0.9859670400619507,-0.05933224782347679,0.19965781271457672,-1.4153342247009277,-0.08872006833553314,0.22249417006969452,-1.675240397453308,-0.1394883245229721,0.2324577420949936,-1.9092084169387817,-0.17292030155658722,-0.0503639280796051,-0.9337312579154968,-0.07930831611156464,-0.06304604560136795,-1.3110918998718262,-0.17989987134933472,-0.033961448818445206,-1.5524044036865234,-0.2723246216773987,-0.025297818705439568,-1.7798829078674316,-0.32917529344558716,-0.23671916127204895,-0.7994665503501892,-0.10898457467556,-0.14456993341445923,-1.022803783416748,-0.2302127331495285,-0.08318807184696198,-0.8560775518417358,-0.23693504929542542,-0.061538297683000565,-0.6783611178398132,-0.22502963244915009
0.0,0.0,0.0,0.24302464723587036,-0.1491059809923172,-0.14736631512641907,0.3328329920768738,-0.46699899435043335,-0.17769132554531097,0.07803015410900116,-0.6791080832481384,-0.18724413216114044,-0.15122273564338684,-0.7962222695350647,-0.19719284772872925,0.3539785146713257,-0.9483940005302429,-0.05969313532114029,0.4590509831905365,-1.3380275964736938,-0.09904961287975311,0.5177991986274719,-1.5731472969055176,-0.1440553516149521,0.5448665022850037,-1.7897400856018066,-0.18286308646202087,0.12188145518302917,-0.9907591342926025,-0.05950907990336418,0.16821201145648956,-1.4195414781570435,-0.08584163337945938,0.1897231936454773,-1.6789289712905884,-0.13862113654613495,0.19889985024929047,-1.916318655014038,-0.17661191523075104,-0.08532484620809555,-0.9365228414535522,-0.07851068675518036,-0.10427876561880112,-1.312991976737976,-0.172901451587677,-0.08468327671289444,-1.5650215148925781,-0.27050653100013733,-0.08375494182109833,-1.801485538482666,-0.33530476689338684,-0.27092236280441284,-0.806935727596283,-0.10747332125902176,-0.208905428647995,-1.0196043252944946,-0.22458197176456451,-0.14565005898475647,-0.8660463094711304,-0.2364174872636795,-0.11547306925058365,-0.7027069330215454,-0.23127324879169464
0.0,0.0,0.0,0.23890724778175354,-0.15505436062812805,-0.1539684683084488,0.3174292743206024,-0.4798744022846222,-0.18779152631759644,0.053928032517433167,-0.6964154243469238,-0.19943715631961823,-0.1680269092321396,-0.8207163214683533,-0.21034564077854156,0.3451946973800659,-0.9540216326713562,-0.06310964375734329,0.4430292248725891,-1.3476427793502808,-0.10419835895299911,0.49489280581474304,-1.5838813781738281,-0.1509430855512619,0.5137532949447632,-1.8021321296691895,-0.19184300303459167,0.10830501466989517,-0.9923537373542786,-0.05919472128152847,0.14157915115356445,-1.4196282625198364,-0.08979089558124542,0.15075302124023438,-1.6737102270126343,-0.1453746110200882,0.1511012315750122,-1.9089635610580444,-0.18485933542251587,-0.1009882241487503,-0.9380397200584412,-0.07478751242160797,-0.12505356967449188,-1.3112504482269287,-0.1698462963104248,-0.11185669153928757,-1.5598455667495728,-0.2642328143119812,-0.1124168187379837,-1.795487403869629,-0.3268345892429352,-0.28681284189224243,-0.8108282089233398,-0.10114845633506775,-0.2419120967388153,-1.0254404544830322,-0.21733053028583527,-0.18234147131443024,-0.8786316514015198,-0.22823180258274078,-0.14653274416923523,-0.7246479392051697,-0.22244307398796082
0.0,0.0,0.0,0.24016651511192322,-0.15522941946983337,-0.15353071689605713,0.31428083777427673,-0.4814543128013611,-0.18616284430027008,0.04944797605276108,-0.698313295841217,-0.19688358902931213,-0.17660370469093323,-0.8259887099266052,-0.20759062469005585,0.3503148853778839,-0.9530389308929443,-0.05858985334634781,0.4418366849422455,-1.3451309204101562,-0.0975729301571846,0.4899155795574188,-1.5817509889602661,-0.14391526579856873,0.5074822306632996,-1.801243543624878,-0.18592502176761627,0.11188751459121704,-0.9921209216117859,-0.05636761710047722,0.13938617706298828,-1.413809895515442,-0.08401193469762802,0.1433594673871994,-1.6669909954071045,-0.1424063742160797,0.1430124193429947,-1.90159273147583,-0.184866264462471,-0.09981832653284073,-0.935827374458313,-0.07383834570646286,-0.13201205432415009,-1.3155876398086548,-0.1738506406545639,-0.12574243545532227,-1.5661916732788086,-0.27784788608551025,-0.13145789504051208,-1.8039408922195435,-0.3475883901119232,-0.28770530223846436,-0.805812418460846,-0.10129576921463013,-0.23695069551467896,-1.010839581489563,-0.23144064843654633,-0.17174102365970612,-0.8540171384811401,-0.25358933210372925,-0.1327318549156189,-0.6942955255508423,-0.2544455826282501
0.0,0.0,0.0,0.2390674501657486,-0.15620377659797668,-0.1573333442211151,0.30519533157348633,-0.48945024609565735,-0.19002777338027954,0.03151139244437218,-0.7121376991271973,-0.19891196489334106,-0.19706697762012482,-0.8468008041381836,-0.20745961368083954,0.3500288426876068,-0.9557068347930908,-0.0631885826587677,0.4394164979457855,-1.3519096374511719,-0.10168691724538803,0.4883580505847931,-1.589938759803772,-0.14569683372974396,0.5080041885375977,-1.8101840019226074,-0.18569977581501007,0.11205236613750458,-0.9919370412826538,-0.05920403078198433,0.13685393333435059,-1.4215421676635742,-0.08863862603902817,0.13985690474510193,-1.679490327835083,-0.14568468928337097,0.14028997719287872,-1.9178078174591064,-0.18547973036766052,-0.1001717671751976,-0.9340838193893433,-0.07520432770252228,-0.13876011967658997,-1.3260116577148438,-0.1825997531414032,-0.13469363749027252,-1.5806236267089844,-0.2900417447090149,-0.14141404628753662,-1.822763204574585,-0.3598816394805908,-0.2899753153324127,-0.8022301197052002,-0.10066436231136322,-0.2374066263437271,-1.0095136165618896,-0.2416694164276123,-0.16724032163619995,-0.8397842645645142,-0.2677401602268219,-0.1249285489320755,-0.6696799397468567,-0.26885196566581726
0.0,0.0,0.0,0.243951678276062,-0.15007631480693817,-0.15645644068717957,0.31823796033859253,-0.48510992527008057,-0.18585892021656036,0.04733475297689438,-0.7070344686508179,-0.19254045188426971,-0.18485073745250702,-0.8299576640129089,-0.1999855637550354,0.35655754804611206,-0.948880136013031,-0.05637702718377113,0.449113130569458,-1.3401623964309692,-0.09472876042127609,0.49938786029815674,-1.582052230834961,-0.14062047004699707,0.5204423666000366,-1.7996983528137207,-0.18282996118068695,0.11938031762838364,-0.9914419054985046,-0.052832942456007004,0.14474084973335266,-1.41367769241333,-0.07794537395238876,0.14909641444683075,-1.6747970581054688,-0.13585324585437775,0.15249913930892944,-1.9061644077301025,-0.1774369180202484,-0.0905386209487915,-0.9380839467048645,-0.0701078251004219,-0.12233702838420868,-1.3400158882141113,-0.1778387725353241,-0.11740000545978546,-1.5965017080307007,-0.2940560281276703,-0.12041570246219635,-1.8335108757019043,-0.3705434203147888,-0.2740636169910431,-0.8075639009475708,-0.09648074954748154,-0.2415931522846222,-1.0045650005340576,-0.2486782968044281,-0.1798197627067566,-0.8441283106803894,-0.2884916365146637,-0.14120252430438995,-0.6773457527160645,-0.29801106452941895
0.0,0.0,0.0,0.25029313564300537,-0.14565984904766083,-0.14863668382167816,0.3326164782047272,-0.468704491853714,-0.1737855076789856,0.06774511933326721,-0.682417094707489,-0.17733778059482574,-0.15850521624088287,-0.7976929545402527,-0.1817886084318161,0.3609258234500885,-0.9441155791282654,-0.0533398874104023,0.46120941638946533,-1.3203566074371338,-0.08806174248456955,0.5082526803016663,-1.5577752590179443,-0.13244695961475372,0.5236667990684509,-1.7734295129776,-0.17315703630447388,0.1261148303747177,-0.9906647205352783,-0.05175376683473587,0.15806429088115692,-1.402462363243103,-0.06899641454219818,0.17020460963249207,-1.6529825925827026,-0.11928512156009674,0.17813938856124878,-1.87389075756073,-0.1568983495235443,-0.08226925134658813,-0.9383057951927185,-0.07052703201770782,-0.10767529904842377,-1.3248885869979858,-0.1647842675447464,-0.09215781092643738,-1.5757638216018677,-0.27312085032463074,-0.09106592833995819,-1.8054094314575195,-0.346657931804657,-0.2632252275943756,-0.8080303072929382,-0.0989643856883049,-0.2122245579957962,-1.0004408359527588,-0.22972652316093445,-0.14739151298999786,-0.8451166749000549,-0.2594621181488037,-0.11270857602357864,-0.6767963171005249,-0.2658085525035858
0.0,0.0,0.0,0.252375990152359,-0.1559893935918808,-0.12633934617042542,0.3289456069469452,-0.48949384689331055,-0.14098814129829407,0.08165473490953445,-0.7025334239006042,-0.13777385652065277,-0.14150188863277435,-0.814120888710022,-0.13726188242435455,0.3748137950897217,-0.9436295032501221,-0.043289631605148315,0.47602716088294983,-1.3247158527374268,-0.07371167093515396,0.52598637342453,-1.5600640773773193,-0.1125710979104042,0.543671190738678,-1.7702802419662476,-0.1473531424999237,0.14520372450351715,-0.9880295395851135,-0.052091341465711594,0.1840493083000183,-1.40412437915802,-0.06112862750887871,0.19928565621376038,-1.6603350639343262,-0.10545746982097626,0.21203958988189697,-1.8829419612884521,-0.1391361802816391,-0.06594932824373245,-0.932684063911438,-0.07940296083688736,-0.08796674013137817,-1.3310455083847046,-0.17203746736049652,-0.0696549043059349,-1.5902644395828247,-0.28461140394210815,-0.06518340855836868,-1.8229373693466187,-0.3611680865287781,-0.2534477710723877,-0.8005622029304504,-0.11354924738407135,-0.19287075102329254,-0.9894301891326904,-0.2466057687997818,-0.1256370097398758,-0.8318803906440735,-0.27808046340942383,-0.09575742483139038,-0.6568707227706909,-0.28542742133140564
0.0,0.0,0.0,0.267821341753006,-0.1339525431394577,-0.13853518664836884,0.3810134530067444,-0.46773210167884827,-0.1526528149843216,0.14296181499958038,-0.7038927674293518,-0.1451706737279892,-0.0778469517827034,-0.8192304968833923,-0.1402226835489273,0.37538042664527893,-0.9389200806617737,-0.05238907411694527,0.4875720739364624,-1.3179962635040283,-0.08021143823862076,0.5441712737083435,-1.5557682514190674,-0.11649587750434875,0.5694160461425781,-1.7653383016586304,-0.14863261580467224,0.15036025643348694,-0.9872047901153564,-0.05308939889073372,0.19484782218933105,-1.4006168842315674,-0.05602128803730011,0.2152641862630844,-1.6583411693572998,-0.09757545590400696,0.23183369636535645,-1.8747611045837402,-0.13054302334785461,-0.05629698932170868,-0.9344757199287415,-0.07301509380340576,-0.07141181081533432,-1.3326725959777832,-0.16229358315467834,-0.0458981916308403,-1.5906509160995483,-0.27603891491889954,-0.03706678748130798,-1.8182824850082397,-0.3546830415725708,-0.24761873483657837,-0.8032745718955994,-0.1004725769162178,-0.17125511169433594,-1.0053346157073975,-0.23138706386089325,-0.09818242490291595,-0.8498174548149109,-0.2636370062828064,-0.07124653458595276,-0.6721010804176331,-0.2725455164909363
0.0,0.0,0.0,0.27596744894981384,-0.14421524107456207,-0.12345603108406067,0.3783368766307831,-0.474245548248291,-0.12712572515010834,0.16137908399105072,-0.7024334073066711,-0.11168493330478668,-0.04799588769674301,-0.8142454624176025,-0.09837325662374496,0.38032084703445435,-0.9386951327323914,-0.03755703568458557,0.5052004456520081,-1.315421462059021,-0.06010851636528969,0.5676876306533813,-1.55106782913208,-0.09325455129146576,0.5966666340827942,-1.7624177932739258,-0.12394099682569504,0.1569068431854248,-0.9865875840187073,-0.04500193893909454,0.21151992678642273,-1.4069268703460693,-0.0458531454205513,0.23978902399539948,-1.6662815809249878,-0.08574359118938446,0.26117488741874695,-1.8869225978851318,-0.11843836307525635,-0.053819429129362106,-0.9346738457679749,-0.07084454596042633,-0.05652882531285286,-1.3297779560089111,-0.1583303064107895,-0.021127229556441307,-1.5866200923919678,-0.2684487998485565,-0.005566535051912069,-1.817657232284546,-0.3440132439136505,-0.24611687660217285,-0.8002972602844238,-0.1032402440905571,-0.16032131016254425,-1.0200448036193848,-0.22315160930156708,-0.0868656188249588,-0.8680636286735535,-0.24558265507221222,-0.06255215406417847,-0.6881448030471802,-0.2500039339065552
0.0,0.0,0.0,0.2756044268608093,-0.13629589974880219,-0.12428731471300125,0.37732261419296265,-0.4689754843711853,-0.13333481550216675,0.1587926596403122,-0.7163472175598145,-0.12388874590396881,-0.05247766152024269,-0.8504617810249329,-0.11688508838415146,0.3709064722061157,-0.9339585900306702,-0.04055364429950714,0.4975709319114685,-1.3125673532485962,-0.06350994110107422,0.5665901899337769,-1.5485823154449463,-0.09542647749185562,0.6033274531364441,-1.7573031187057495,-0.12415076047182083,0.1508505493402481,-0.9874780178070068,-0.04616634547710419,0.20216692984104156,-1.4133806228637695,-0.04686574265360832,0.23221826553344727,-1.6753191947937012,-0.0834440141916275,0.2536327838897705,-1.888489842414856,-0.11353784799575806,-0.05759494751691818,-0.9383606910705566,-0.07026976346969604,-0.06812579929828644,-1.3373926877975464,-0.1592734158039093,-0.03127510845661163,-1.5999870300292969,-0.2721326947212219,-0.017544467002153397,-1.824713110923767,-0.35049882531166077,-0.2526675760746002,-0.810518741607666,-0.10026320815086365,-0.14397579431533813,-1.0252792835235596,-0.22589512169361115,-0.05774308368563652,-0.8613811135292053,-0.254116952419281,-0.029639333486557007,-0.6660006642341614,-0.2624495029449463
0.0,0.0,0.0,0.28385716676712036,-0.127628356218338,-0.13279232382774353,0.4084204435348511,-0.4528787136077881,-0.14477971196174622,0.18850120902061462,-0.6907694935798645,-0.1365683674812317,-0.02096451073884964,-0.8146724104881287,-0.13118557631969452,0.38624146580696106,-0.9339024424552917,-0.05606568604707718,0.5200282335281372,-1.311167597770691,-0.0835162028670311,0.5894614458084106,-1.550046443939209,-0.11723547428846359,0.62530118227005,-1.760668396949768,-0.14721328020095825,0.16132451593875885,-0.9851547479629517,-0.05868932604789734,0.21803708374500275,-1.40864896774292,-0.06547623127698898,0.24891498684883118,-1.671099066734314,-0.10684062540531158,0.27009573578834534,-1.8877975940704346,-0.1401861310005188,-0.048877328634262085,-0.9345027208328247,-0.07932593673467636,-0.047615692019462585,-1.3275045156478882,-0.17286983132362366,-0.0060142045840620995,-1.5863993167877197,-0.2868652939796448,0.01165769062936306,-1.8111412525177002,-0.3651362359523773,-0.2452775537967682,-0.8033801317214966,-0.10631390661001205,-0.1338508427143097,-1.0162736177444458,-0.23412925004959106,-0.047543272376060486,-0.8606932759284973,-0.2625748813152313,-0.018116025254130363,-0.6744970679283142,-0.270423948764801
0.0,0.0,0.0,0.27356410026550293,-0.13532912731170654,-0.1577373743057251,0.40506836771965027,-0.44118645787239075,-0.20508085191249847,0.15590611100196838,-0.6997036933898926,-0.2306981384754181,-0.06254834681749344,-0.8546563982963562,-0.26097390055656433,0.4244280457496643,-0.9176541566848755,-0.09400063008069992,0.5512876510620117,-1.3056817054748535,-0.15209349989891052,0.6219547986984253,-1.5492076873779297,-0.20507165789604187,0.6593251824378967,-1.755271077156067,-0.24419242143630981,0.18402732908725739,-0.9785207509994507,-0.09290381520986557,0.2500400245189667,-1.4196795225143433,-0.12876664102077484,0.284665584564209,-1.6878174543380737,-0.1838805079460144,0.3157562017440796,-1.9051882028579712,-0.2187146246433258,-0.03744196146726608,-0.935611367225647,-0.11032592505216599,-0.03895723074674606,-1.334600806236267,-0.21682967245578766,-0.004120358731597662,-1.5992729663848877,-0.32783037424087524,0.02620738185942173,-1.8265539407730103,-0.40078234672546387,-0.2403154820203781,-0.8126600980758667,-0.1362627148628235,-0.16996480524539948,-0.9695507287979126,-0.2824711501598358,-0.11448422074317932,-0.8050339818000793,-0.31731557846069336,-0.08606785535812378,-0.6314030885696411,-0.32191699743270874
0.0,0.0,0.0,0.26530975103378296,-0.1267332136631012,-0.1617688536643982,0.388370543718338,-0.44852161407470703,-0.20377998054027557,0.15946392714977264,-0.7187997102737427,-0.22178508341312408,-0.05032875016331673,-0.8883270621299744,-0.24276135861873627,0.4338056445121765,-0.9080125093460083,-0.09978193789720535,0.5662378072738647,-1.291932225227356,-0.15435828268527985,0.6357553601264954,-1.5372828245162964,-0.20436415076255798,0.6677470207214355,-1.7506425380706787,-0.24219340085983276,0.2006341814994812,-0.9753147959709167,-0.09223353117704391,0.2550662159919739,-1.401827096939087,-0.12610022723674774,0.2792336344718933,-1.6729458570480347,-0.18031121790409088,0.3012462556362152,-1.8994903564453125,-0.2151498794555664,-0.017207367345690727,-0.942716658115387,-0.10283911228179932,-0.03200967609882355,-1.344207525253296,-0.20950359106063843,-0.003296643029898405,-1.6049094200134277,-0.325885534286499,0.016553238034248352,-1.8249945640563965,-0.4022058844566345,-0.21619772911071777,-0.834420919418335,-0.12244202196598053,-0.14605237543582916,-0.9740422368049622,-0.27838554978370667,-0.07817897200584412,-0.8104257583618164,-0.3281286954879761,-0.04213567450642586,-0.6388192176818848,-0.3415713906288147
0.0,0.0,0.0,0.2663974165916443,-0.13407929241657257,-0.15465129911899567,0.3823127746582031,-0.4664875864982605,-0.19114531576633453,0.1463060826063156,-0.7368819713592529,-0.2054966390132904,-0.08533985912799835,-0.8914734721183777,-0.22305983304977417,0.40883034467697144,-0.9241814017295837,-0.08197169005870819,0.5237487554550171,-1.319455862045288,-0.12855017185211182,0.5822991728782654,-1.565893292427063,-0.17747846245765686,0.604751706123352,-1.7862370014190674,-0.21814487874507904,0.17347458004951477,-0.9817349910736084,-0.0781213566660881,0.2169550061225891,-1.4130338430404663,-0.10782207548618317,0.22941114008426666,-1.6812530755996704,-0.16422070562839508,0.2366480529308319,-1.9127963781356812,-0.204691082239151,-0.04142118617892265,-0.9416527152061462,-0.09181936830282211,-0.06064298376441002,-1.3449573516845703,-0.19485488533973694,-0.046971116214990616,-1.6049238443374634,-0.3034012019634247,-0.04321569949388504,-1.8313826322555542,-0.37595653533935547,-0.2387249916791916,-0.8283454775810242,-0.11434205621480942,-0.18030524253845215,-1.0170608758926392,-0.2589709460735321,-0.1203475371003151,-0.8620402216911316,-0.2944183349609375,-0.0867002010345459,-0.6927935481071472,-0.30100002884864807
0.0,0.0,0.0,0.2608228325843811,-0.1448306441307068,-0.15985868871212006,0.34959909319877625,-0.48791417479515076,-0.19248813390731812,0.09190979599952698,-0.7556439638137817,-0.20162980258464813,-0.1411224752664566,-0.9095853567123413,-0.21240705251693726,0.39246031641960144,-0.9323594570159912,-0.06858784705400467,0.49814096093177795,-1.3361669778823853,-0.11219640076160431,0.5525301098823547,-1.5873587131500244,-0.1589116007089615,0.5718926787376404,-1.8124768733978271,-0.19931459426879883,0.151519775390625,-0.9864673614501953,-0.06264038383960724,0.18173736333847046,-1.4214916229248047,-0.09721636027097702,0.18907977640628815,-1.6999820470809937,-0.1587100625038147,0.19407248497009277,-1.9426738023757935,-0.20036403834819794,-0.0655122622847557,-0.9430556297302246,-0.07629478722810745,-0.10270917415618896,-1.3523030281066895,-0.19315648078918457,-0.09737440943717957,-1.6223233938217163,-0.3134077489376068,-0.09703132510185242,-1.858484148979187,-0.3901781737804413,-0.25819072127342224,-0.8266733884811401,-0.09819447249174118,-0.21215426921844482,-1.016920804977417,-0.2588317394256592,-0.1490025818347931,-0.8550736904144287,-0.30401870608329773,-0.10489481687545776,-0.6819566488265991,-0.31538206338882446
0.0,0.0,0.0,0.27504077553749084,-0.14757873117923737,-0.15792742371559143,0.37562593817710876,-0.4923913776874542,-0.193033367395401,0.11234317719936371,-0.7631233334541321,-0.20492351055145264,-0.12062130123376846,-0.9170346260070801,-0.22121886909008026,0.40688279271125793,-0.9319055676460266,-0.08385352790355682,0.5166431665420532,-1.3381952047348022,-0.12916754186153412,0.5729033946990967,-1.5932196378707886,-0.17492255568504333,0.5954805016517639,-1.8225395679473877,-0.21477067470550537,0.16202081739902496,-0.9833686947822571,-0.08206871896982193,0.19786480069160461,-1.4256561994552612,-0.11423470824956894,0.20992746949195862,-1.7140071392059326,-0.1766827553510666,0.22299900650978088,-1.9657114744186401,-0.22066237032413483,-0.05795403942465782,-0.9366624355316162,-0.09808183461427689,-0.1004532128572464,-1.3598806858062744,-0.22007538378238678,-0.09170939028263092,-1.6387299299240112,-0.3516395688056946,-0.08665451407432556,-1.8791195154190063,-0.4383212924003601,-0.25622525811195374,-0.815912663936615,-0.12094203382730484,-0.20439833402633667,-0.9908117055892944,-0.29631051421165466,-0.132114440202713,-0.807166576385498,-0.35246798396110535,-0.08394289016723633,-0.6143856644630432,-0.3712801933288574
0.0,0.0,0.0,0.2777847945690155,-0.14037184417247772,-0.14734052121639252,0.3928890526294708,-0.49135878682136536,-0.17226627469062805,0.15588125586509705,-0.7746254205703735,-0.17474378645420074,-0.06077752262353897,-0.9379708170890808,-0.1814531832933426,0.4288594126701355,-0.9207855463027954,-0.07266584783792496,0.5498650074005127,-1.314736008644104,-0.10812327265739441,0.6148625612258911,-1.5621298551559448,-0.14716622233390808,0.6490859389305115,-1.7849875688552856,-0.18310144543647766,0.19024811685085297,-0.9792026281356812,-0.07048357278108597,0.23438888788223267,-1.4133528470993042,-0.09326175600290298,0.25826671719551086,-1.690685749053955,-0.1478397101163864,0.2830318808555603,-1.9330816268920898,-0.18696635961532593,-0.026117846369743347,-0.941534161567688,-0.08511845767498016,-0.05133811756968498,-1.3608969449996948,-0.19609934091567993,-0.02885977365076542,-1.636997938156128,-0.32301825284957886,-0.016199754551053047,-1.8755475282669067,-0.407754510641098,-0.2223759889602661,-0.8322106599807739,-0.10608693212270737,-0.16665489971637726,-1.0004136562347412,-0.26875749230384827,-0.0972907766699791,-0.8211110830307007,-0.32138964533805847,-0.061041638255119324,-0.6303862929344177,-0.3393918573856354
0.0,0.0,0.0,0.28305691480636597,-0.14692924916744232,-0.1473555713891983,0.4005974531173706,-0.48364174365997314,-0.18048541247844696,0.16933290660381317,-0.7672118544578552,-0.19216416776180267,-0.04228126257658005,-0.9377950429916382,-0.20877037942409515,0.4398869574069977,-0.9173293113708496,-0.08282458782196045,0.5752968788146973,-1.3116631507873535,-0.1262563169002533,0.6478009223937988,-1.5634633302688599,-0.1713871955871582,0.687639594078064,-1.7888683080673218,-0.21083790063858032,0.20108962059020996,-0.9759001135826111,-0.08474669605493546,0.2559477984905243,-1.411831021308899,-0.11637531965970993,0.2875707149505615,-1.7002614736557007,-0.18177101016044617,0.3187367022037506,-1.9487253427505493,-0.22993279993534088,-0.018140504136681557,-0.9337010979652405,-0.10273809731006622,-0.04355355724692345,-1.3630568981170654,-0.2241426259279251,-0.019193412736058235,-1.6489821672439575,-0.36017921566963196,-0.002726595150306821,-1.8907506465911865,-0.451316773891449,-0.21974854171276093,-0.8167508244514465,-0.12583096325397491,-0.14675650000572205,-1.0112764835357666,-0.2950090765953064,-0.06914827227592468,-0.8421252369880676,-0.3511945903301239,-0.02484852261841297,-0.654341995716095,-0.3727290630340576
0.0,0.0,0.0,0.28233012557029724,-0.13642336428165436,-0.1511833816766739,0.4043910503387451,-0.4734259843826294,-0.18282122910022736,0.19489751756191254,-0.7606969475746155,-0.19163855910301208,-0.030715906992554665,-0.9234484434127808,-0.203152135014534,0.44677942991256714,-0.9102912545204163,-0.08250319957733154,0.5867598652839661,-1.3002794981002808,-0.12115229666233063,0.6605464816093445,-1.5516562461853027,-0.16411606967449188,0.7028522491455078,-1.7756906747817993,-0.2014968991279602,0.20806938409805298,-0.9748331308364868,-0.08004637807607651,0.2631950080394745,-1.4104493856430054,-0.1057339534163475,0.2951657176017761,-1.6979924440383911,-0.16529342532157898,0.3249921500682831,-1.9398726224899292,-0.20963428914546967,-0.010639871470630169,-0.9396470785140991,-0.094196617603302,-0.026759065687656403,-1.3644979000091553,-0.2076176106929779,0.002603369066491723,-1.6532208919525146,-0.34071850776672363,0.017399532720446587,-1.8907270431518555,-0.4300527274608612,-0.20970137417316437,-0.8305641412734985,-0.11454345285892487,-0.12034353613853455,-1.0329771041870117,-0.2714942693710327,-0.0454728789627552,-0.8674763441085815,-0.3228365480899811,-0.009945989586412907,-0.673222005367279,-0.3424720764160156
0.0,0.0,0.0,0.2874937355518341,-0.1391064077615738,-0.13100408017635345,0.41743534803390503,-0.478097528219223,-0.15734289586544037,0.21122373640537262,-0.7612932324409485,-0.16431935131549835,0.005557074677199125,-0.9257462024688721,-0.17697329819202423,0.45361071825027466,-0.9079083800315857,-0.07876856625080109,0.6010674238204956,-1.2923060655593872,-0.11632256209850311,0.6835424900054932,-1.5397158861160278,-0.15720748901367188,0.7320643067359924,-1.7617380619049072,-0.19388657808303833,0.21700742840766907,-0.9723255634307861,-0.0865495428442955,0.27923300862312317,-1.4026981592178345,-0.11307629942893982,0.3171381950378418,-1.6886348724365234,-0.17261607944965363,0.3518078327178955,-1.9348702430725098,-0.21794180572032928,-0.0027450737543404102,-0.9372479319572449,-0.10831237584352493,-0.011914087459445,-1.366561770439148,-0.22432568669319153,0.024102257564663887,-1.6529059410095215,-0.35728320479393005,0.046463701874017715,-1.8924016952514648,-0.4477963149547577,-0.20865146815776825,-0.8302885293960571,-0.13359643518924713,-0.09660379588603973,-1.0326743125915527,-0.2920929491519928,-0.010353163816034794,-0.8597288131713867,-0.34196737408638,0.029181282967329025,-0.6635697484016418,-0.36169424653053284
0.0,0.0,0.0,0.28616049885749817,-0.13890568912029266,-0.14418479800224304,0.417257159948349,-0.4808986783027649,-0.17353880405426025,0.219593346118927,-0.7793140411376953,-0.18284517526626587,0.005675930995494127,-0.9518839120864868,-0.19745437800884247,0.44717973470687866,-0.896641194820404,-0.08594436943531036,0.6045788526535034,-1.2921513319015503,-0.13490797579288483,0.69734787940979,-1.5438376665115356,-0.1827625036239624,0.7562214136123657,-1.7641557455062866,-0.22195450961589813,0.21097926795482635,-0.973537027835846,-0.0878264307975769,0.28190335631370544,-1.415549874305725,-0.11756797879934311,0.32922104001045227,-1.704822063446045,-0.17582286894321442,0.37320390343666077,-1.9469025135040283,-0.2180776596069336,-0.009883335791528225,-0.9468445777893066,-0.10580702871084213,-0.01591460220515728,-1.369459867477417,-0.21549777686595917,0.03102271258831024,-1.651425838470459,-0.34410956501960754,0.06407508254051208,-1.8839670419692993,-0.4321291446685791,-0.215056374669075,-0.8424964547157288,-0.1302601546049118,-0.13920912146568298,-1.0006730556488037,-0.2906551957130432,-0.05975770205259323,-0.8404043912887573,-0.34711337089538574,-0.018187806010246277,-0.6634447574615479,-0.3691369891166687
0.0,0.0,0.0,0.2919286787509918,-0.15373757481575012,-0.13300439715385437,0.42323726415634155,-0.5108660459518433,-0.15726566314697266,0.23321476578712463,-0.8155694007873535,-0.16248252987861633,0.0013272969517856836,-0.9839264154434204,-0.17184506356716156,0.4498324692249298,-0.9058735966682434,-0.07285863906145096,0.6060749888420105,-1.3032057285308838,-0.10987062752246857,0.6952798366546631,-1.553992748260498,-0.15046146512031555,0.751537024974823,-1.7772159576416016,-0.18693149089813232,0.21054084599018097,-0.9743161201477051,-0.07987949252128601,0.27648186683654785,-1.4097005128860474,-0.10361993312835693,0.32249191403388977,-1.7005335092544556,-0.16073331236839294,0.35986247658729553,-1.9468075037002563,-0.20547570288181305,-0.012057376094162464,-0.9407569766044617,-0.10160462558269501,-0.019061824306845665,-1.376122236251831,-0.21582698822021484,0.02801888808608055,-1.672747015953064,-0.3464033305644989,0.05543728172779083,-1.918161392211914,-0.4357190430164337,-0.21806401014328003,-0.8368434309959412,-0.1270158588886261,-0.10947279632091522,-1.0570979118347168,-0.28251582384109497,-0.016352474689483643,-0.9025055766105652,-0.3282439112663269,0.02275131642818451,-0.7139729857444763,-0.34591880440711975
0.0,0.0,0.0,0.2910078465938568,-0.13899604976177216,-0.12370911985635757,0.421220988035202,-0.4851541519165039,-0.14230886101722717,0.22019383311271667,-0.7710009813308716,-0.14323444664478302,0.00515351165086031,-0.9223324060440063,-0.15026932954788208,0.45127034187316895,-0.9019222855567932,-0.07337158918380737,0.6109297871589661,-1.3005597591400146,-0.10816626995801926,0.7012010216712952,-1.552175521850586,-0.1457628309726715,0.7586634159088135,-1.7767248153686523,-0.17929618060588837,0.21438352763652802,-0.973121166229248,-0.08411311358213425,0.2886478304862976,-1.4190541505813599,-0.10468706488609314,0.3354530334472656,-1.708749532699585,-0.1573760062456131,0.3762074410915375,-1.9528788328170776,-0.19825920462608337,-0.006629389710724354,-0.9406836032867432,-0.10860703885555267,-0.006509872153401375,-1.3706724643707275,-0.21662482619285583,0.04353547841310501,-1.6563339233398438,-0.34462928771972656,0.07428184151649475,-1.8930649757385254,-0.43306273221969604,-0.21246576309204102,-0.8313614130020142,-0.13664411008358002,-0.09545253962278366,-1.034049153327942,-0.28568848967552185,-0.01189108844846487,-0.8643041849136353,-0.32882001996040344,0.02134467475116253,-0.6687993407249451,-0.3456401824951172
0.0,0.0,0.0,0.29349660873413086,-0.1652914583683014,-0.13642992079257965,0.39929497241973877,-0.49994125962257385,-0.16107569634914398,0.1632278859615326,-0.7758080363273621,-0.17057250440120697,-0.04678620770573616,-0.93635094165802,-0.18961875140666962,0.42311176657676697,-0.9081419706344604,-0.06361221522092819,0.572370707988739,-1.326754093170166,-0.11539379507303238,0.6619958877563477,-1.5891066789627075,-0.16920675337314606,0.7202186584472656,-1.8202767372131348,-0.2106587141752243,0.18714332580566406,-0.979708731174469,-0.07175003737211227,0.2529972791671753,-1.4419126510620117,-0.10352642089128494,0.2888834476470947,-1.7409210205078125,-0.1647683084011078,0.3256339430809021,-1.9889527559280396,-0.2068275362253189,-0.03403283655643463,-0.9429653882980347,-0.09808028489351273,-0.02836747281253338,-1.387156367301941,-0.21572516858577728,0.008943209424614906,-1.6773629188537598,-0.3479885756969452,0.037336282432079315,-1.91988205909729,-0.43603619933128357,-0.24068814516067505,-0.823227047920227,-0.12958747148513794,-0.13303419947624207,-1.008164882659912,-0.29036808013916016,-0.061819806694984436,-0.8229518532752991,-0.3351316750049591,-0.027261430397629738,-0.619225800037384,-0.3479769825935364
0.0,0.0,0.0,0.28499776124954224,-0.11939994245767593,-0.1441929042339325,0.42774727940559387,-0.45173266530036926,-0.1664293259382248,0.19945570826530457,-0.7274611592292786,-0.16929841041564941,0.0031242885161191225,-0.8892773389816284,-0.1809980571269989,0.43708494305610657,-0.9075221419334412,-0.07189115136861801,0.5891565084457397,-1.2931315898895264,-0.11982504278421402,0.6739442944526672,-1.5426095724105835,-0.16738691926002502,0.7273558974266052,-1.7566815614700317,-0.20477350056171417,0.19696810841560364,-0.9776334762573242,-0.07373188436031342,0.2654360234737396,-1.4124430418014526,-0.10298435389995575,0.3092101812362671,-1.6922751665115356,-0.15926644206047058,0.3546697199344635,-1.9174975156784058,-0.1962660551071167,-0.0222159530967474,-0.9355928301811218,-0.09359665215015411,-0.01428308431059122,-1.359208106994629,-0.20955240726470947,0.02889649197459221,-1.6279430389404297,-0.34159302711486816,0.0629819855093956,-1.8484973907470703,-0.4290253520011902,-0.22581233084201813,-0.806694746017456,-0.11927039176225662,-0.1335752159357071,-0.9478841423988342,-0.28961607813835144,-0.07531179487705231,-0.7620635628700256,-0.34755679965019226,-0.049403831362724304,-0.566218376159668,-0.3672979176044464
0.0,0.0,0.0,0.2921614348888397,-0.11315099895000458,-0.1463543027639389,0.4408893883228302,-0.4324599504470825,-0.17298264801502228,0.22361983358860016,-0.6871587038040161,-0.17928758263587952,0.008666575886309147,-0.8254373073577881,-0.19515123963356018,0.4055306315422058,-0.9179774522781372,-0.08467542380094528,0.5636674761772156,-1.3014172315597534,-0.136476069688797,0.6529764533042908,-1.5514596700668335,-0.18730783462524414,0.7111534476280212,-1.7687164545059204,-0.2255856841802597,0.16756930947303772,-0.9819281101226807,-0.08796461671590805,0.24421195685863495,-1.4156806468963623,-0.11632871627807617,0.2932659387588501,-1.6996012926101685,-0.1713709831237793,0.33923661708831787,-1.933577060699463,-0.20817016065120697,-0.047946929931640625,-0.9352238774299622,-0.10878541320562363,-0.02575860545039177,-1.3408870697021484,-0.21921969950199127,0.0275439266115427,-1.6213610172271729,-0.34898775815963745,0.06523462384939194,-1.8543390035629272,-0.435949444770813,-0.24581216275691986,-0.8019775748252869,-0.1361413449048996,-0.14986811578273773,-0.9407411813735962,-0.2925824522972107,-0.08520520478487015,-0.7624582648277283,-0.3400239944458008,-0.05941350385546684,-0.5708989500999451,-0.35490599274635315
0.0,0.0,0.0,0.2792128026485443,-0.10315544903278351,-0.14006748795509338,0.42428159713745117,-0.41515490412712097,-0.16747328639030457,0.21610958874225616,-0.6600198745727539,-0.17569270730018616,0.010980043560266495,-0.7897485494613647,-0.19285500049591064,0.3987830579280853,-0.9259822964668274,-0.07835333794355392,0.5487920045852661,-1.3069124221801758,-0.12365246564149857,0.6368523836135864,-1.5504777431488037,-0.17212074995040894,0.6905596256256104,-1.7605211734771729,-0.21017113327980042,0.16822431981563568,-0.9823833107948303,-0.08138527721166611,0.23110681772232056,-1.4073436260223389,-0.09977029263973236,0.2679937481880188,-1.677113652229309,-0.1511700451374054,0.3045233488082886,-1.8965691328048706,-0.19007976353168488,-0.04216010123491287,-0.931449294090271,-0.10136347264051437,-0.02918730117380619,-1.3272032737731934,-0.20075026154518127,0.01924288459122181,-1.5950502157211304,-0.32211339473724365,0.057841651141643524,-1.8160055875778198,-0.4076283872127533,-0.24133671820163727,-0.7979469895362854,-0.12806710600852966,-0.15674546360969543,-0.9477887153625488,-0.2745077908039093,-0.0854005292057991,-0.7809249758720398,-0.31687575578689575,-0.04839674383401871,-0.5947577357292175,-0.33159905672073364
0.0,0.0,0.0,0.28080689907073975,-0.11306212842464447,-0.1340101808309555,0.4319073259830475,-0.4275622069835663,-0.15355844795703888,0.2093087136745453,-0.6612323522567749,-0.1551429182291031,-0.006060605403035879,-0.7692986726760864,-0.16456204652786255,0.392088383436203,-0.9384430050849915,-0.054908692836761475,0.5385037660598755,-1.3019300699234009,-0.08843791484832764,0.6230043768882751,-1.5370354652404785,-0.13040699064731598,0.672463059425354,-1.7445563077926636,-0.1659068763256073,0.1566629558801651,-0.9858380556106567,-0.0598340667784214,0.21671363711357117,-1.4007946252822876,-0.06681998074054718,0.24997733533382416,-1.6610944271087646,-0.11141756922006607,0.27884581685066223,-1.876814842224121,-0.14723841845989227,-0.05563661828637123,-0.9269375205039978,-0.08263911306858063,-0.04181639477610588,-1.3046252727508545,-0.17565421760082245,0.005209211725741625,-1.5638355016708374,-0.29371657967567444,0.03595302999019623,-1.78014075756073,-0.3767866790294647,-0.25323987007141113,-0.7853238582611084,-0.1124584972858429,-0.15946994721889496,-0.9372351765632629,-0.2520054876804352,-0.08904679119586945,-0.764488697052002,-0.2906014025211334,-0.058964669704437256,-0.5725975632667542,-0.30381885170936584
0.0,0.0,0.0,0.27802860736846924,-0.13238489627838135,-0.1247946247458458,0.4067968726158142,-0.45259857177734375,-0.13699057698249817,0.1956058144569397,-0.66974276304245,-0.13348372280597687,-0.027965491637587547,-0.77263343334198,-0.13587859272956848,0.3840223252773285,-0.9418564438819885,-0.032678619027137756,0.5205089449882507,-1.29390549659729,-0.05686647817492485,0.6013734936714172,-1.5209351778030396,-0.09357054531574249,0.6463901996612549,-1.7237821817398071,-0.1260872483253479,0.14820966124534607,-0.9881583452224731,-0.0397108756005764,0.197640061378479,-1.386647343635559,-0.03753127530217171,0.2263522893190384,-1.633536458015442,-0.07728427648544312,0.2505384683609009,-1.8477842807769775,-0.11002535372972488,-0.06631120294332504,-0.9311646223068237,-0.0651869848370552,-0.062210507690906525,-1.2858425378799438,-0.1483183205127716,-0.017863040789961815,-1.5404067039489746,-0.26369479298591614,0.005437511019408703,-1.7582627534866333,-0.3452547490596771,-0.25981366634368896,-0.7969239354133606,-0.09782525897026062,-0.15265856683254242,-0.942158043384552,-0.22668017446994781,-0.06862588971853256,-0.772402286529541,-0.2625497877597809,-0.03005676530301571,-0.5858103632926941,-0.2748919725418091
0.0,0.0,0.0,0.2611062824726105,-0.1556859016418457,-0.11559150367975235,0.36025476455688477,-0.49032846093177795,-0.1249447613954544,0.13226187229156494,-0.7040497064590454,-0.12156730890274048,-0.08528558164834976,-0.7809592485427856,-0.12391196936368942,0.3544999361038208,-0.9587676525115967,-0.023439863696694374,0.46433520317077637,-1.3213210105895996,-0.05086599290370941,0.5284258127212524,-1.5501827001571655,-0.09203071892261505,0.5602677464485168,-1.7492873668670654,-0.12820683419704437,0.11776949465274811,-0.9924426674842834,-0.034464359283447266,0.14250850677490234,-1.399700403213501,-0.03735160082578659,0.15826594829559326,-1.651316523551941,-0.08009851723909378,0.17371657490730286,-1.8667746782302856,-0.11416953802108765,-0.09385336190462112,-0.9246892333030701,-0.06312790513038635,-0.11283282190561295,-1.3008079528808594,-0.14327451586723328,-0.08439889550209045,-1.5534240007400513,-0.24917519092559814,-0.0707223117351532,-1.7730518579483032,-0.3232862651348114,-0.28747016191482544,-0.7775242328643799,-0.09885800629854202,-0.2333298772573471,-0.9502251744270325,-0.21998421847820282,-0.1585666835308075,-0.8082655072212219,-0.2474239319562912,-0.11841956526041031,-0.6444958448410034,-0.25334858894348145
