feature_0,feature_1,feature_2,feature_3,feature_4,feature_5,feature_6,feature_7,feature_8,feature_9,feature_10,feature_11,feature_12,feature_13,feature_14,feature_15,feature_16,feature_17,feature_18,feature_19,feature_20,feature_21,feature_22,feature_23,feature_24,feature_25,feature_26,feature_27,feature_28,feature_29,feature_30,feature_31,feature_32,feature_33,feature_34,feature_35,feature_36,feature_37,feature_38,feature_39,feature_40,feature_41,feature_42,feature_43,feature_44,feature_45,feature_46,feature_47,feature_48,feature_49,feature_50,feature_51,feature_52,feature_53,feature_54,feature_55,feature_56,feature_57,feature_58,feature_59,feature_60,feature_61,feature_62
0.0,0.0,0.0,0.29499366879463196,-0.18354547023773193,-0.29167574644088745,0.5113404393196106,-0.5269193649291992,-0.434244304895401,0.3366381525993347,-0.814815104007721,-0.5474367737770081,0.12251898646354675,-0.9953286647796631,-0.6165578961372375,0.3575226068496704,-1.069584846496582,-0.1960182934999466,0.4000605046749115,-1.477470874786377,-0.4773693382740021,0.3203660249710083,-1.5583977699279785,-0.5753364562988281,0.23717160522937775,-1.4620213508605957,-0.5752809047698975,0.049407199025154114,-0.9889724254608154,-0.13961529731750488,-0.004726763814687729,-1.0908724069595337,-0.40300485491752625,0.04663555696606636,-0.6743820309638977,-0.3708850145339966,0.12340608984231949,-0.6235078573226929,-0.2677410840988159,-0.21917729079723358,-0.8969576358795166,-0.14246325194835663,-0.29452523589134216,-0.9419963955879211,-0.4351997971534729,-0.18563023209571838,-0.5869565606117249,-0.3226541578769684,-0.10380826145410538,-0.5780782699584961,-0.16574090719223022,-0.49128901958465576,-0.7714062333106995,-0.17190200090408325,-0.5381965041160583,-0.8368593454360962,-0.3416154384613037,-0.4053306579589844,-0.5794034004211426,-0.2402539998292923,-0.33625587821006775,-0.517255961894989,-0.10868506878614426
0.0,0.0,0.0,0.28389275074005127,-0.18858034908771515,-0.2980940341949463,0.4878859519958496,-0.5217858552932739,-0.44598260521888733,0.32340455055236816,-0.7976863384246826,-0.5650856494903564,0.1149493008852005,-0.9767221808433533,-0.6405067443847656,0.3425302803516388,-1.077717900276184,-0.2015383392572403,0.39457350969314575,-1.484676480293274,-0.48549318313598633,0.30613988637924194,-1.5681358575820923,-0.5849168300628662,0.20900537073612213,-1.4798545837402344,-0.5856990814208984,0.040280360728502274,-0.9889708161354065,-0.14252839982509613,-0.022879725322127342,-1.0862455368041992,-0.4094274342060089,0.03143448755145073,-0.6735504269599915,-0.3795299232006073,0.11311408132314682,-0.6321874856948853,-0.27818581461906433,-0.2243165820837021,-0.893473744392395,-0.1436178833246231,-0.30661362409591675,-0.9299805164337158,-0.4370552897453308,-0.194844052195549,-0.5825310945510864,-0.3278927206993103,-0.10885441303253174,-0.5819296836853027,-0.17347663640975952,-0.4906291961669922,-0.7672749757766724,-0.1721699982881546,-0.5470223426818848,-0.8353848457336426,-0.3389917314052582,-0.41418221592903137,-0.5843899250030518,-0.2386675924062729,-0.3409411609172821,-0.5225344896316528,-0.10882633924484253
0.0,0.0,0.0,0.29564735293388367,-0.1843792200088501,-0.2809528112411499,0.5198468565940857,-0.5304774045944214,-0.4119814336299896,0.3473007082939148,-0.8174824714660645,-0.514600932598114,0.13951967656612396,-0.9953063130378723,-0.5750347375869751,0.3592558801174164,-1.0666333436965942,-0.18888019025325775,0.41602373123168945,-1.485095500946045,-0.46138036251068115,0.33096960186958313,-1.565141201019287,-0.5561859607696533,0.24271363019943237,-1.4690724611282349,-0.556011438369751,0.056228309869766235,-0.9896824955940247,-0.13178379833698273,-0.0004771914391312748,-1.0928856134414673,-0.391558438539505,0.044600408524274826,-0.6857720613479614,-0.36495164036750793,0.1232154592871666,-0.6261013150215149,-0.26769208908081055,-0.21053719520568848,-0.9025514125823975,-0.13139738142490387,-0.2894970774650574,-0.9394547343254089,-0.41577091813087463,-0.18868514895439148,-0.5926877856254578,-0.30987733602523804,-0.10210627317428589,-0.5831962823867798,-0.1603197157382965,-0.4807550609111786,-0.7837284803390503,-0.15636876225471497,-0.5299220085144043,-0.8398587703704834,-0.3181261420249939,-0.4056827127933502,-0.5861393213272095,-0.21983462572097778,-0.3340263366699219,-0.5255378484725952,-0.0926114171743393
0.0,0.0,0.0,0.3099742829799652,-0.17752374708652496,-0.2663974165916443,0.5393655896186829,-0.5090397000312805,-0.3978133797645569,0.36382535099983215,-0.7956011891365051,-0.5048997402191162,0.15443865954875946,-0.9780973196029663,-0.5744783282279968,0.38513487577438354,-1.057956337928772,-0.16394579410552979,0.44501179456710815,-1.4624981880187988,-0.428660124540329,0.3708016276359558,-1.5551578998565674,-0.5308629274368286,0.2922742962837219,-1.4529175758361816,-0.5397442579269409,0.07374796271324158,-0.9904682040214539,-0.11633526533842087,0.039576455950737,-1.1052316427230835,-0.3752492368221283,0.07241382449865341,-0.7034685015678406,-0.3610300123691559,0.14831408858299255,-0.6169325709342957,-0.2716444134712219,-0.19585904479026794,-0.9016735553741455,-0.12356795370578766,-0.24785831570625305,-0.9319629073143005,-0.4083261489868164,-0.16177503764629364,-0.5939844250679016,-0.31603333353996277,-0.08160217851400375,-0.5765909552574158,-0.1749412715435028,-0.4661143124103546,-0.7796881794929504,-0.15425613522529602,-0.4876970052719116,-0.8329318761825562,-0.32292577624320984,-0.37270551919937134,-0.5815868973731995,-0.2343243807554245,-0.3054034411907196,-0.5224305391311646,-0.11377909779548645
0.0,0.0,0.0,0.3089309632778168,-0.17119097709655762,-0.2763986885547638,0.5446100234985352,-0.5080397725105286,-0.41288504004478455,0.37309661507606506,-0.8066422939300537,-0.5229058861732483,0.17878113687038422,-1.0042401552200317,-0.592132568359375,0.39771202206611633,-1.0585471391677856,-0.1802564561367035,0.4583579897880554,-1.4626359939575195,-0.44982200860977173,0.3952352702617645,-1.5522249937057495,-0.5440043807029724,0.3258274495601654,-1.4497575759887695,-0.544065535068512,0.08168153464794159,-0.9882611036300659,-0.12910519540309906,0.04405852407217026,-1.108472228050232,-0.38817742466926575,0.08025886863470078,-0.691821277141571,-0.35850876569747925,0.15414008498191833,-0.616557240486145,-0.2574716806411743,-0.1903160959482193,-0.9019908905029297,-0.13441582024097443,-0.255154013633728,-0.9568467736244202,-0.42231398820877075,-0.16375982761383057,-0.5986503958702087,-0.3110710382461548,-0.08611179143190384,-0.5752431154251099,-0.15658119320869446,-0.46725359559059143,-0.7809874415397644,-0.1645018756389618,-0.5037079453468323,-0.8469564318656921,-0.3341391086578369,-0.3826654255390167,-0.5836647152900696,-0.23478198051452637,-0.3182186782360077,-0.5167025327682495,-0.10575928539037704
0.0,0.0,0.0,0.30625003576278687,-0.17189086973667145,-0.2783500552177429,0.5500296950340271,-0.5039058327674866,-0.4200476109981537,0.38765498995780945,-0.8032371997833252,-0.5351897478103638,0.18282559514045715,-1.0007086992263794,-0.6101740598678589,0.40165430307388306,-1.0495433807373047,-0.1811768263578415,0.46030154824256897,-1.4445269107818604,-0.44804060459136963,0.40205174684524536,-1.5315613746643066,-0.5449936389923096,0.3341030180454254,-1.428416132926941,-0.5493992567062378,0.08704254776239395,-0.9875138401985168,-0.13130119442939758,0.06337539106607437,-1.105780005455017,-0.3893013894557953,0.09643096476793289,-0.6960926651954651,-0.3657769560813904,0.1576082557439804,-0.6195661425590515,-0.27092379331588745,-0.1840510368347168,-0.9026378989219666,-0.1372310370206833,-0.2297603040933609,-0.9538815021514893,-0.42029160261154175,-0.14334389567375183,-0.6039960384368896,-0.31270915269851685,-0.07931281626224518,-0.5830143094062805,-0.16377004981040955,-0.4616384208202362,-0.7826510071754456,-0.16834653913974762,-0.47456860542297363,-0.8372430801391602,-0.3331688642501831,-0.35603252053260803,-0.5813878774642944,-0.23645950853824615,-0.30250194668769836,-0.5235044360160828,-0.1123010441660881
0.0,0.0,0.0,0.31327614188194275,-0.15652713179588318,-0.2791098952293396,0.5606213212013245,-0.5003135800361633,-0.4155941903591156,0.39835599064826965,-0.8123794198036194,-0.5256060361862183,0.21363431215286255,-1.015852928161621,-0.5939772725105286,0.4210192859172821,-1.0517841577529907,-0.16809412837028503,0.4872547388076782,-1.44361412525177,-0.4369754195213318,0.437837690114975,-1.5437250137329102,-0.5310688018798828,0.37370604276657104,-1.4546130895614624,-0.5311605930328369,0.09665025770664215,-0.9882268905639648,-0.11860200762748718,0.07777231931686401,-1.1117388010025024,-0.3742181062698364,0.1153913289308548,-0.6838309168815613,-0.3388563096523285,0.1758720725774765,-0.6169752478599548,-0.2329314649105072,-0.18058212101459503,-0.9024925231933594,-0.1276981383562088,-0.22220122814178467,-0.9739549160003662,-0.4115660488605499,-0.13509204983711243,-0.6076087951660156,-0.29023176431655884,-0.07871091365814209,-0.5898462533950806,-0.12995272874832153,-0.46536120772361755,-0.77942955493927,-0.1628783494234085,-0.4800020456314087,-0.850254476070404,-0.325461208820343,-0.36216363310813904,-0.5892717838287354,-0.22014258801937103,-0.3185628652572632,-0.5346202254295349,-0.08898212760686874
0.0,0.0,0.0,0.30827316641807556,-0.16649682819843292,-0.2840955853462219,0.5467680096626282,-0.501059353351593,-0.42319488525390625,0.3877599835395813,-0.7945109009742737,-0.5349679589271545,0.18634968996047974,-0.9831665754318237,-0.6045984625816345,0.4109160602092743,-1.0461146831512451,-0.17728061974048615,0.4782273769378662,-1.4388095140457153,-0.4479999542236328,0.4321386218070984,-1.5376473665237427,-0.5438966155052185,0.36974602937698364,-1.4446834325790405,-0.5437601208686829,0.09576567262411118,-0.9874107837677002,-0.12589268386363983,0.07574230432510376,-1.0931123495101929,-0.3800335228443146,0.10565484315156937,-0.6805137991905212,-0.34701281785964966,0.16204121708869934,-0.6221915483474731,-0.2432372272014618,-0.17760427296161652,-0.9055613279342651,-0.1336270421743393,-0.2211473286151886,-0.9535926580429077,-0.4132843315601349,-0.13700315356254578,-0.5996584296226501,-0.2988063395023346,-0.07689548283815384,-0.5906461477279663,-0.14382825791835785,-0.4587554335594177,-0.7870560884475708,-0.16813871264457703,-0.48011624813079834,-0.8377446532249451,-0.3243161737918854,-0.3613663911819458,-0.58689284324646,-0.2212827205657959,-0.3108753263950348,-0.5381602048873901,-0.09242907911539078
0.0,0.0,0.0,0.31538113951683044,-0.17156796157360077,-0.28149867057800293,0.5551403164863586,-0.5116654634475708,-0.42010897397994995,0.39575523138046265,-0.8190476894378662,-0.5331699252128601,0.20824182033538818,-1.0190764665603638,-0.603945255279541,0.4165818691253662,-1.0530351400375366,-0.17087094485759735,0.4888586103916168,-1.446631669998169,-0.4419291913509369,0.4382686913013458,-1.548637866973877,-0.5344706773757935,0.3668448030948639,-1.4615975618362427,-0.5312684178352356,0.09584079682826996,-0.9880813956260681,-0.12045609951019287,0.07462430000305176,-1.1138534545898438,-0.377780944108963,0.10913188755512238,-0.6898963451385498,-0.34120094776153564,0.1624697744846344,-0.629089891910553,-0.23332370817661285,-0.18027767539024353,-0.9041682481765747,-0.12911581993103027,-0.22031211853027344,-0.978488564491272,-0.41398856043815613,-0.13532958924770355,-0.6115056872367859,-0.29145777225494385,-0.08389341831207275,-0.5913454294204712,-0.12830297648906708,-0.46651512384414673,-0.7847962975502014,-0.16424064338207245,-0.480733186006546,-0.8632911443710327,-0.3221951127052307,-0.3659154772758484,-0.6061456203460693,-0.21398140490055084,-0.3256188631057739,-0.5488853454589844,-0.08048895001411438
0.0,0.0,0.0,0.30540791153907776,-0.16672369837760925,-0.28908827900886536,0.545231282711029,-0.49815911054611206,-0.43378910422325134,0.38797441124916077,-0.7888460755348206,-0.5519342422485352,0.18147316575050354,-0.9748415946960449,-0.6275984644889832,0.40160268545150757,-1.058206558227539,-0.18276113271713257,0.46541494131088257,-1.457560420036316,-0.45193028450012207,0.412752628326416,-1.549391508102417,-0.5405006408691406,0.345927357673645,-1.450016736984253,-0.5349352359771729,0.08275829255580902,-0.9881262183189392,-0.12945139408111572,0.05898762494325638,-1.0978683233261108,-0.3829891085624695,0.09620506316423416,-0.6809375882148743,-0.34617769718170166,0.1550471931695938,-0.6354032158851624,-0.24031871557235718,-0.19284819066524506,-0.8984058499336243,-0.13509513437747955,-0.23834648728370667,-0.9505271315574646,-0.41535434126853943,-0.1501455456018448,-0.5942426323890686,-0.29529884457588196,-0.09247270971536636,-0.59248286485672,-0.13685886561870575,-0.4782712459564209,-0.7749418020248413,-0.16783300042152405,-0.5030089020729065,-0.8361253142356873,-0.3228960931301117,-0.3845011591911316,-0.5820006132125854,-0.21465203166007996,-0.33751487731933594,-0.5321206450462341,-0.08239617943763733
0.0,0.0,0.0,0.30910733342170715,-0.18116138875484467,-0.28802433609962463,0.5420559644699097,-0.5148801207542419,-0.4287441372871399,0.37445926666259766,-0.8035381436347961,-0.5420809388160706,0.1709364354610443,-0.9864718914031982,-0.6128100752830505,0.39067938923835754,-1.0516564846038818,-0.18851953744888306,0.4516308903694153,-1.451112985610962,-0.4550914168357849,0.39483213424682617,-1.5385750532150269,-0.5445935726165771,0.3250058591365814,-1.4405688047409058,-0.5411954522132874,0.07782453298568726,-0.9880462884902954,-0.13307136297225952,0.048377010971307755,-1.0902099609375,-0.38750073313713074,0.08320698142051697,-0.6903068423271179,-0.35821154713630676,0.1416010856628418,-0.6399068832397461,-0.2590563893318176,-0.193437397480011,-0.9065113067626953,-0.13525983691215515,-0.24542082846164703,-0.945408821105957,-0.4131322205066681,-0.15526516735553741,-0.6022585034370422,-0.3047967851161957,-0.09097021818161011,-0.5981067419052124,-0.15547728538513184,-0.47274652123451233,-0.7908970713615417,-0.1642504334449768,-0.4979873299598694,-0.8412849307060242,-0.31854119896888733,-0.3789557218551636,-0.5977526903152466,-0.22028081119060516,-0.3265596926212311,-0.5492817759513855,-0.09590806812047958
0.0,0.0,0.0,0.2971503436565399,-0.17780159413814545,-0.2819198668003082,0.5217346549034119,-0.5148241519927979,-0.4255959689617157,0.37148454785346985,-0.80750972032547,-0.5454551577568054,0.18647296726703644,-1.0012532472610474,-0.6252153515815735,0.38313862681388855,-1.0575741529464722,-0.18410074710845947,0.4475061893463135,-1.4564790725708008,-0.4499199390411377,0.3854016363620758,-1.5419944524765015,-0.5372132062911987,0.3148086369037628,-1.434104323387146,-0.532491147518158,0.06864844262599945,-0.9888238310813904,-0.13234372437000275,0.02843821607530117,-1.0848444700241089,-0.390384703874588,0.06646430492401123,-0.6797189712524414,-0.3573805093765259,0.13559633493423462,-0.6239461898803711,-0.25368738174438477,-0.2050972729921341,-0.896490216255188,-0.13760906457901,-0.26553240418434143,-0.925271213054657,-0.4206463396549225,-0.17228344082832336,-0.5825839638710022,-0.30716684460639954,-0.09939801692962646,-0.5749444961547852,-0.15247842669487,-0.4847356677055359,-0.7699388265609741,-0.1686643660068512,-0.5215325951576233,-0.8152800798416138,-0.33319246768951416,-0.39983537793159485,-0.5664177536964417,-0.23431311547756195,-0.3355981409549713,-0.5146559476852417,-0.10605552047491074
0.0,0.0,0.0,0.3042292594909668,-0.17569459974765778,-0.2978885769844055,0.5308465957641602,-0.5121493339538574,-0.4427947998046875,0.3643036484718323,-0.8073894381523132,-0.5591781735420227,0.17273525893688202,-1.0032228231430054,-0.632005512714386,0.3858824670314789,-1.0680943727493286,-0.19855743646621704,0.44985607266426086,-1.4766526222229004,-0.4722806215286255,0.37391310930252075,-1.5554519891738892,-0.5582014322280884,0.29168814420700073,-1.4491088390350342,-0.5492880940437317,0.07152235507965088,-0.9876678586006165,-0.1392725706100464,0.020984798669815063,-1.097193956375122,-0.4003024697303772,0.0599176362156868,-0.6819230914115906,-0.36390170454978943,0.13358062505722046,-0.6291810274124146,-0.2573488652706146,-0.20261123776435852,-0.8952013254165649,-0.13930851221084595,-0.26930150389671326,-0.9419635534286499,-0.4301588535308838,-0.1726648211479187,-0.5875623822212219,-0.3148747384548187,-0.09844983369112015,-0.5756978988647461,-0.15644027292728424,-0.48362815380096436,-0.7685446739196777,-0.16637830436229706,-0.5252215266227722,-0.8411117792129517,-0.33360010385513306,-0.3982388973236084,-0.5857757329940796,-0.2309732437133789,-0.33456510305404663,-0.5211933851242065,-0.09906105697154999
0.0,0.0,0.0,0.3044281601905823,-0.19571155309677124,-0.27357229590415955,0.5254755616188049,-0.5381960272789001,-0.40408018231391907,0.3462294042110443,-0.8139722347259521,-0.5088846683502197,0.1348819136619568,-0.9781284928321838,-0.5740311741828918,0.3752942681312561,-1.0518879890441895,-0.1887538731098175,0.44816118478775024,-1.4505102634429932,-0.4488914906978607,0.36868637800216675,-1.5310640335083008,-0.5356134176254272,0.2793201506137848,-1.433437466621399,-0.5336365699768066,0.06612945348024368,-0.9883010387420654,-0.13743393123149872,0.00992152001708746,-1.0762311220169067,-0.3852471113204956,0.049368370324373245,-0.6805245876312256,-0.35500362515449524,0.12609080970287323,-0.6205342411994934,-0.2597119212150574,-0.2053559571504593,-0.9007982611656189,-0.14114004373550415,-0.2809417247772217,-0.9183639883995056,-0.41472184658050537,-0.18329903483390808,-0.5792845487594604,-0.3100263178348541,-0.10111028701066971,-0.5660657286643982,-0.16531112790107727,-0.4796755611896515,-0.778562605381012,-0.16985276341438293,-0.5269192457199097,-0.8178662657737732,-0.3246039152145386,-0.4036552906036377,-0.5732160806655884,-0.22945231199264526,-0.33346042037010193,-0.5179537534713745,-0.10795552283525467
0.0,0.0,0.0,0.3013790249824524,-0.18015989661216736,-0.2911248803138733,0.5217680335044861,-0.5170793533325195,-0.43643733859062195,0.3558085858821869,-0.8065125942230225,-0.555066704750061,0.16261844336986542,-1.0003349781036377,-0.6321554183959961,0.3722860813140869,-1.071935772895813,-0.2049783617258072,0.440504789352417,-1.484610676765442,-0.4820255935192108,0.3520769774913788,-1.565225601196289,-0.5722631216049194,0.2608194649219513,-1.4644882678985596,-0.5674951076507568,0.058916978538036346,-0.9870588183403015,-0.14914339780807495,0.0024716078769415617,-1.0878863334655762,-0.4166899621486664,0.04293455928564072,-0.6714344620704651,-0.3855968117713928,0.1225685253739357,-0.6130414009094238,-0.28380051255226135,-0.21514272689819336,-0.8909784555435181,-0.15044118463993073,-0.288135290145874,-0.9299547672271729,-0.44786232709884644,-0.1884230375289917,-0.5751956105232239,-0.33573442697525024,-0.10721804201602936,-0.5590571761131287,-0.1787063032388687,-0.49331551790237427,-0.7615633606910706,-0.17751337587833405,-0.5418196320533752,-0.8389976620674133,-0.3510638177394867,-0.40934452414512634,-0.5784801244735718,-0.24860231578350067,-0.33397790789604187,-0.5038638710975647,-0.11579732596874237
0.0,0.0,0.0,0.29629379510879517,-0.17590858042240143,-0.2986295223236084,0.5159084796905518,-0.5107343196868896,-0.4439302682876587,0.3462793827056885,-0.8046190738677979,-0.5595657825469971,0.15125487744808197,-0.9977253675460815,-0.6314715147018433,0.37220802903175354,-1.0699279308319092,-0.20866873860359192,0.43570685386657715,-1.4762624502182007,-0.48557963967323303,0.3504140079021454,-1.556183099746704,-0.5724233388900757,0.2643284201622009,-1.4573942422866821,-0.5654144287109375,0.059915896505117416,-0.9872039556503296,-0.14777861535549164,-0.0036424139980226755,-1.0937728881835938,-0.4105234742164612,0.046434495598077774,-0.6763038635253906,-0.37244555354118347,0.13619127869606018,-0.6253020167350769,-0.2660854458808899,-0.21306577324867249,-0.8945817351341248,-0.1456691473722458,-0.29472121596336365,-0.9304227232933044,-0.4407479166984558,-0.18727603554725647,-0.574144721031189,-0.3264453709125519,-0.09605986624956131,-0.5642938017845154,-0.16824977099895477,-0.4899001717567444,-0.7674230933189392,-0.1702338308095932,-0.5451959371566772,-0.831946074962616,-0.3425358235836029,-0.4114208519458771,-0.5728229284286499,-0.24244670569896698,-0.3328513205051422,-0.5045586824417114,-0.11186159402132034
0.0,0.0,0.0,0.29280275106430054,-0.19520582258701324,-0.2971731424331665,0.5089661478996277,-0.5326932072639465,-0.44351595640182495,0.3423846364021301,-0.8126832246780396,-0.5610109567642212,0.13361498713493347,-0.9853219985961914,-0.6384990811347961,0.355232298374176,-1.056565523147583,-0.21180129051208496,0.41666677594184875,-1.442732572555542,-0.48174625635147095,0.33768147230148315,-1.5215067863464355,-0.5726585388183594,0.2483207732439041,-1.428761601448059,-0.572795033454895,0.046110279858112335,-0.9870121479034424,-0.15388578176498413,-0.009423497132956982,-1.0726670026779175,-0.41570568084716797,0.03268953040242195,-0.6726503372192383,-0.3890746235847473,0.1032385528087616,-0.6165326237678528,-0.2923424541950226,-0.22432996332645416,-0.8951078057289124,-0.15333519876003265,-0.2942517399787903,-0.9019114971160889,-0.44267889857292175,-0.19239060580730438,-0.5643267631530762,-0.3435485064983368,-0.11495515704154968,-0.5570828318595886,-0.19837038218975067,-0.495575487613678,-0.7684005498886108,-0.17929716408252716,-0.5340768098831177,-0.7997946739196777,-0.34464672207832336,-0.40240004658699036,-0.558474063873291,-0.2551032304763794,-0.3316195607185364,-0.5090392231941223,-0.13585199415683746
0.0,0.0,0.0,0.29344531893730164,-0.17436864972114563,-0.3017483055591583,0.507516086101532,-0.5159175395965576,-0.44313758611679077,0.3245394229888916,-0.7961147427558899,-0.553297221660614,0.11044822633266449,-0.9681806564331055,-0.6187746524810791,0.35387107729911804,-1.0634865760803223,-0.20536229014396667,0.40532392263412476,-1.4719231128692627,-0.48248690366744995,0.32396984100341797,-1.5422483682632446,-0.5707672834396362,0.24316509068012238,-1.4388127326965332,-0.5651291012763977,0.045391205698251724,-0.9884076714515686,-0.14487887918949127,-0.014038012363016605,-1.0709186792373657,-0.4078662693500519,0.04167128726840019,-0.6637449860572815,-0.3743963837623596,0.12681514024734497,-0.6240898370742798,-0.271434485912323,-0.22595000267028809,-0.8940509557723999,-0.14461512863636017,-0.30142688751220703,-0.8996096849441528,-0.4395706355571747,-0.19118721783161163,-0.554374098777771,-0.3341817855834961,-0.10513725876808167,-0.5645584464073181,-0.18317703902721405,-0.49869728088378906,-0.7640821933746338,-0.17155304551124573,-0.5540338754653931,-0.7975939512252808,-0.34501323103904724,-0.4172094762325287,-0.547673761844635,-0.25234392285346985,-0.3388287127017975,-0.4986881911754608,-0.12763839960098267
0.0,0.0,0.0,0.28916335105895996,-0.17969068884849548,-0.2978886067867279,0.49593427777290344,-0.5309710502624512,-0.4371052384376526,0.3209405839443207,-0.8237529397010803,-0.5463057160377502,0.12764872610569,-1.0099098682403564,-0.6112214922904968,0.3601204454898834,-1.06148362159729,-0.2020108550786972,0.41370776295661926,-1.4693876504898071,-0.48522281646728516,0.32338884472846985,-1.5451427698135376,-0.5821283459663391,0.23165293037891388,-1.4486682415008545,-0.5826880931854248,0.053716935217380524,-0.9885264039039612,-0.1411740928888321,-0.019576314836740494,-1.0748568773269653,-0.4107381999492645,0.03603101149201393,-0.6618257164955139,-0.37871217727661133,0.1320744901895523,-0.606651782989502,-0.27578943967819214,-0.21739225089550018,-0.8977072238922119,-0.1407650113105774,-0.3087884485721588,-0.9148284196853638,-0.4415889382362366,-0.19529271125793457,-0.5627499222755432,-0.33582907915115356,-0.09353295713663101,-0.5563542246818542,-0.18205556273460388,-0.48855242133140564,-0.7725314497947693,-0.1671105921268463,-0.5523138046264648,-0.8178413510322571,-0.3452370762825012,-0.4149364233016968,-0.5623459219932556,-0.25455549359321594,-0.3256082832813263,-0.503679633140564,-0.12997989356517792
0.0,0.0,0.0,0.2898205518722534,-0.1888238936662674,-0.3047438859939575,0.4978851079940796,-0.5430102944374084,-0.44565558433532715,0.3278968632221222,-0.8402565121650696,-0.5546823740005493,0.13947834074497223,-1.0278087854385376,-0.6186437010765076,0.3528940677642822,-1.0609210729599,-0.20216965675354004,0.40458813309669495,-1.4577864408493042,-0.48141103982925415,0.31496304273605347,-1.5323349237442017,-0.5747659802436829,0.2229927033185959,-1.438742995262146,-0.5737019181251526,0.047118108719587326,-0.9891590476036072,-0.13908398151397705,-0.017826829105615616,-1.0748984813690186,-0.40989911556243896,0.03280343487858772,-0.6706640124320984,-0.3820086121559143,0.11606687307357788,-0.6195774078369141,-0.2812102735042572,-0.22215139865875244,-0.899709165096283,-0.13695655763149261,-0.3027942478656769,-0.9095922708511353,-0.4402519166469574,-0.19400863349437714,-0.5640231370925903,-0.34170326590538025,-0.10394158214330673,-0.5624581575393677,-0.19218526780605316,-0.490906298160553,-0.7773099541664124,-0.1618959605693817,-0.539394736289978,-0.8103247880935669,-0.3413527011871338,-0.40614527463912964,-0.5584206581115723,-0.25649264454841614,-0.3282271921634674,-0.5050789713859558,-0.13632960617542267
0.0,0.0,0.0,0.27902063727378845,-0.18051503598690033,-0.30836325883865356,0.4849657416343689,-0.5209932923316956,-0.46058422327041626,0.3199068009853363,-0.8046666979789734,-0.5815603137016296,0.11958971619606018,-0.9844034910202026,-0.6566049456596375,0.34356939792633057,-1.066182017326355,-0.21762992441654205,0.39593705534935,-1.4593441486358643,-0.5068891644477844,0.30525660514831543,-1.5292222499847412,-0.6011304259300232,0.20944064855575562,-1.4295660257339478,-0.5971370935440063,0.03835984319448471,-0.9873923063278198,-0.153573676943779,-0.029594900086522102,-1.0637071132659912,-0.42605361342430115,0.029926633462309837,-0.6539226174354553,-0.3899071216583252,0.11643844097852707,-0.6198184490203857,-0.2829386293888092,-0.23027098178863525,-0.8952487111091614,-0.15093497931957245,-0.31433603167533875,-0.9030658602714539,-0.45342227816581726,-0.19767720997333527,-0.557384729385376,-0.34323570132255554,-0.10667248070240021,-0.5637737512588501,-0.18651734292507172,-0.4994453489780426,-0.770512580871582,-0.1761143058538437,-0.553754448890686,-0.80690997838974,-0.35309335589408875,-0.4190033972263336,-0.5545687675476074,-0.259272038936615,-0.34084612131118774,-0.5017687678337097,-0.1321972906589508
0.0,0.0,0.0,0.28202763199806213,-0.17244106531143188,-0.3034512400627136,0.48683249950408936,-0.5130860209465027,-0.4483613669872284,0.32014092803001404,-0.7958585619926453,-0.5622798204421997,0.13071362674236298,-0.9853520393371582,-0.6288987398147583,0.34445422887802124,-1.0685170888900757,-0.21849653124809265,0.3859501779079437,-1.4804414510726929,-0.5079727172851562,0.29443371295928955,-1.5411245822906494,-0.5992714762687683,0.20741301774978638,-1.4349861145019531,-0.5922346711158752,0.04186275228857994,-0.9869294166564941,-0.15562070906162262,-0.03597595915198326,-1.0581386089324951,-0.42611438035964966,0.028751270845532417,-0.6492692828178406,-0.3883761167526245,0.12188243120908737,-0.6215843558311462,-0.28136372566223145,-0.22412046790122986,-0.8936511278152466,-0.15358084440231323,-0.3218936324119568,-0.8999836444854736,-0.45423609018325806,-0.19835469126701355,-0.555683434009552,-0.34217092394828796,-0.09835127741098404,-0.5672857165336609,-0.18541821837425232,-0.48924562335014343,-0.7677635550498962,-0.17885960638523102,-0.5583416223526001,-0.8065089583396912,-0.3573831021785736,-0.4183827340602875,-0.5536684989929199,-0.2618710696697235,-0.33209237456321716,-0.5004959106445312,-0.13233675062656403
0.0,0.0,0.0,0.29273736476898193,-0.1966221183538437,-0.2886473834514618,0.4968107044696808,-0.5317689180374146,-0.4423905909061432,0.35052916407585144,-0.8139254450798035,-0.5726171731948853,0.16670076549053192,-0.9995584487915039,-0.6628511548042297,0.36777547001838684,-1.0592204332351685,-0.20454761385917664,0.4278310537338257,-1.4659695625305176,-0.49180907011032104,0.34160783886909485,-1.546213984489441,-0.5970621705055237,0.24729900062084198,-1.4395464658737183,-0.6033698916435242,0.06116513907909393,-0.9867042899131775,-0.15057694911956787,-0.009488887153565884,-1.076216697692871,-0.43150386214256287,0.03471262753009796,-0.6680704355239868,-0.4078470766544342,0.1238330826163292,-0.6026907563209534,-0.3084084391593933,-0.2084789127111435,-0.8984978199005127,-0.1546664834022522,-0.2979905903339386,-0.9158767461776733,-0.4568401873111725,-0.19521279633045197,-0.5714247226715088,-0.3510676920413971,-0.09822436422109604,-0.552486777305603,-0.197164848446846,-0.47769537568092346,-0.7809568047523499,-0.1849530190229416,-0.5331100225448608,-0.819991409778595,-0.3635126054286957,-0.4064348638057709,-0.5629943609237671,-0.2718367874622345,-0.31999602913856506,-0.5003355741500854,-0.14596064388751984
0.0,0.0,0.0,0.28892403841018677,-0.18910063803195953,-0.30014902353286743,0.4956432580947876,-0.5294707417488098,-0.4448980987071991,0.3230738043785095,-0.8140581250190735,-0.5588089227676392,0.12413164228200912,-0.9986041188240051,-0.6277456283569336,0.35619795322418213,-1.0691667795181274,-0.21319912374019623,0.41720038652420044,-1.4776585102081299,-0.4992825388908386,0.32516032457351685,-1.5538330078125,-0.5959869027137756,0.22778229415416718,-1.4617422819137573,-0.5948541164398193,0.05043216794729233,-0.9870360493659973,-0.1523693948984146,-0.01396235916763544,-1.0810775756835938,-0.4189855456352234,0.03684432804584503,-0.6657221913337708,-0.3859013020992279,0.11998508870601654,-0.6220980882644653,-0.28411126136779785,-0.21951380372047424,-0.8965975642204285,-0.15143674612045288,-0.30157148838043213,-0.9307219982147217,-0.44867634773254395,-0.19034802913665771,-0.5770882368087769,-0.33974868059158325,-0.10110941529273987,-0.5740278959274292,-0.18591010570526123,-0.4912351071834564,-0.7726828455924988,-0.1774917095899582,-0.5474605560302734,-0.8377309441566467,-0.34814485907554626,-0.411144495010376,-0.5826056599617004,-0.24929139018058777,-0.33399638533592224,-0.5177267789840698,-0.1206316351890564
0.0,0.0,0.0,0.30837276577949524,-0.1872820258140564,-0.28080180287361145,0.5446815490722656,-0.5294371843338013,-0.4244346618652344,0.36818888783454895,-0.8198721408843994,-0.5432659983634949,0.16093115508556366,-1.0056072473526,-0.6223116517066956,0.3708837032318115,-1.0717931985855103,-0.1793578714132309,0.43823009729385376,-1.463078498840332,-0.45327600836753845,0.37673497200012207,-1.5661228895187378,-0.5480841994285583,0.3066876232624054,-1.4731571674346924,-0.5468973517417908,0.04964422434568405,-0.9905822277069092,-0.12760235369205475,0.02034876123070717,-1.099076747894287,-0.38875293731689453,0.07634460180997849,-0.6883761882781982,-0.35554268956184387,0.14598004519939423,-0.6282637715339661,-0.2503265142440796,-0.22443872690200806,-0.8916386961936951,-0.13365167379379272,-0.2712790369987488,-0.9305431246757507,-0.42391303181648254,-0.16712428629398346,-0.5849545001983643,-0.3096849024295807,-0.10049200803041458,-0.5766513347625732,-0.15126730501651764,-0.5045965313911438,-0.7598786354064941,-0.16488580405712128,-0.5181620717048645,-0.8224402666091919,-0.3322272300720215,-0.38856425881385803,-0.5704342722892761,-0.23010875284671783,-0.33424341678619385,-0.5137939453125,-0.09833524376153946
0.0,0.0,0.0,0.32700175046920776,-0.1832398921251297,-0.26652616262435913,0.5750927329063416,-0.5489751696586609,-0.39582595229148865,0.3927968740463257,-0.8613564372062683,-0.5014575719833374,0.18883149325847626,-1.0545092821121216,-0.567375659942627,0.38831627368927,-1.0775665044784546,-0.16155706346035004,0.45301002264022827,-1.4862265586853027,-0.43645724654197693,0.4110632538795471,-1.5953192710876465,-0.5369794368743896,0.35977259278297424,-1.501031756401062,-0.539223849773407,0.056338705122470856,-0.991421103477478,-0.11794085800647736,0.05083669722080231,-1.1248180866241455,-0.3771824538707733,0.10613306611776352,-0.7022745609283447,-0.3454362452030182,0.15878956019878387,-0.6300979256629944,-0.24149075150489807,-0.22373081743717194,-0.8871293663978577,-0.13164129853248596,-0.24948598444461823,-0.9629451632499695,-0.42284703254699707,-0.1447315812110901,-0.5982123613357544,-0.30477041006088257,-0.10000361502170563,-0.5753297805786133,-0.1438266932964325,-0.5127645134925842,-0.746425986289978,-0.16939716041088104,-0.5066030621528625,-0.8261201977729797,-0.3371192514896393,-0.3687414824962616,-0.5660906434059143,-0.23084509372711182,-0.3295709788799286,-0.5052086114883423,-0.09690100699663162
0.0,0.0,0.0,0.32927170395851135,-0.16835665702819824,-0.26516851782798767,0.5791047811508179,-0.5411234498023987,-0.39185112714767456,0.4238837659358978,-0.8686527609825134,-0.49471211433410645,0.23956184089183807,-1.0779956579208374,-0.5570486783981323,0.40453389286994934,-1.0446950197219849,-0.1448303908109665,0.4686621129512787,-1.412805438041687,-0.41212329268455505,0.46223050355911255,-1.545307993888855,-0.5122165083885193,0.4326123595237732,-1.5060662031173706,-0.5224993824958801,0.06390354037284851,-0.9919941425323486,-0.10892204940319061,0.1028650552034378,-1.1137094497680664,-0.3734757900238037,0.1646372377872467,-0.6812593340873718,-0.34360894560813904,0.17941127717494965,-0.6210945844650269,-0.2395906299352646,-0.2196844518184662,-0.901887834072113,-0.13161829113960266,-0.20466798543930054,-0.9535090327262878,-0.4322074055671692,-0.09965775161981583,-0.5857565402984619,-0.32096028327941895,-0.09183847904205322,-0.5878871083259583,-0.16454753279685974,-0.5070080757141113,-0.7734289169311523,-0.1780349314212799,-0.4587087035179138,-0.8084313273429871,-0.3542301058769226,-0.3251819312572479,-0.5557259321212769,-0.26237043738365173,-0.31832391023635864,-0.530048131942749,-0.14147022366523743
0.0,0.0,0.0,0.3362710773944855,-0.15449319779872894,-0.25136619806289673,0.5940685868263245,-0.5325160622596741,-0.3571057915687561,0.437174916267395,-0.8608920574188232,-0.43795183300971985,0.2527102530002594,-1.065384030342102,-0.4797619879245758,0.4090287685394287,-1.0322612524032593,-0.1269586831331253,0.4781174957752228,-1.3961035013198853,-0.3724216818809509,0.4864192008972168,-1.5301257371902466,-0.4622478485107422,0.47564220428466797,-1.5313720703125,-0.47384682297706604,0.07218808680772781,-0.9929406046867371,-0.09411574900150299,0.13300183415412903,-1.100517749786377,-0.3358743488788605,0.1872633397579193,-0.6673725247383118,-0.30510184168815613,0.18288813531398773,-0.6233812570571899,-0.21022342145442963,-0.21409673988819122,-0.9092544913291931,-0.11777029931545258,-0.17485515773296356,-0.9541862607002258,-0.41210615634918213,-0.07451294362545013,-0.5730648040771484,-0.30983850359916687,-0.08453821390867233,-0.5811424851417542,-0.1645219773054123,-0.5070004463195801,-0.7823861241340637,-0.16278381645679474,-0.443850040435791,-0.8116250038146973,-0.340204119682312,-0.3084535300731659,-0.552642822265625,-0.2549547851085663,-0.31511130928993225,-0.5288427472114563,-0.14286822080612183
0.0,0.0,0.0,0.32330700755119324,-0.1515653133392334,-0.23437431454658508,0.5752317309379578,-0.5216477513313293,-0.326903760433197,0.41825780272483826,-0.8253294229507446,-0.393466055393219,0.2206912487745285,-0.9917333722114563,-0.4227445721626282,0.38734424114227295,-1.0044138431549072,-0.11945090442895889,0.4534395933151245,-1.2949923276901245,-0.34422197937965393,0.4626123905181885,-1.4216217994689941,-0.42259472608566284,0.4598577320575714,-1.471412181854248,-0.43702852725982666,0.055750418454408646,-0.9940038323402405,-0.09406520426273346,0.11902335286140442,-1.028467059135437,-0.31715938448905945,0.17669691145420074,-0.6165640950202942,-0.28315162658691406,0.16852585971355438,-0.5970404744148254,-0.19185546040534973,-0.22428332269191742,-0.9136271476745605,-0.12206828594207764,-0.16361556947231293,-0.8778672814369202,-0.40189361572265625,-0.06462579220533371,-0.5179294347763062,-0.3099473714828491,-0.07970280945301056,-0.5460453629493713,-0.17583809792995453,-0.4975348711013794,-0.778645932674408,-0.17050473392009735,-0.4196569323539734,-0.7478999495506287,-0.3441331386566162,-0.29322874546051025,-0.5065970420837402,-0.2730101943016052,-0.3087269365787506,-0.503681480884552,-0.17300914227962494
0.0,0.0,0.0,0.33202505111694336,-0.15418741106987,-0.25699320435523987,0.5824457406997681,-0.5430240631103516,-0.35765770077705383,0.4105544984340668,-0.8752542734146118,-0.4311603903770447,0.2115996927022934,-1.0768917798995972,-0.4622085988521576,0.4042842984199524,-1.029213786125183,-0.1144414097070694,0.4708904027938843,-1.3755854368209839,-0.3701217770576477,0.4748682677745819,-1.4970506429672241,-0.46374961733818054,0.4678386151790619,-1.4916844367980957,-0.47483158111572266,0.07425005733966827,-0.9939834475517273,-0.08052308857440948,0.114159494638443,-1.079464316368103,-0.3293679654598236,0.170805424451828,-0.6522438526153564,-0.2995988726615906,0.18084952235221863,-0.6177440881729126,-0.19989816844463348,-0.20834946632385254,-0.9098531603813171,-0.10693114995956421,-0.18242566287517548,-0.925534188747406,-0.40628084540367126,-0.07844671607017517,-0.5551344156265259,-0.3061046600341797,-0.07342585176229477,-0.5836372375488281,-0.15777161717414856,-0.49352291226387024,-0.7785646319389343,-0.15612749755382538,-0.43796104192733765,-0.7783379554748535,-0.33547112345695496,-0.30836397409439087,-0.526384711265564,-0.25310036540031433,-0.31405818462371826,-0.5192263126373291,-0.13931410014629364
0.0,0.0,0.0,0.3245367109775543,-0.187108114361763,-0.22250960767269135,0.5557782649993896,-0.5648225545883179,-0.3326176404953003,0.3620540499687195,-0.8535503149032593,-0.4288441836833954,0.13199922442436218,-1.0079219341278076,-0.48954349756240845,0.3709830641746521,-1.0662420988082886,-0.1330684870481491,0.4027770757675171,-1.4808897972106934,-0.3745515048503876,0.37058427929878235,-1.5637943744659424,-0.4586002230644226,0.32991334795951843,-1.4595025777816772,-0.4594409763813019,0.03958984091877937,-0.9933133721351624,-0.10844934731721878,0.0403234101831913,-1.0974849462509155,-0.33745869994163513,0.10168302804231644,-0.7035092115402222,-0.311214804649353,0.1350155621767044,-0.6544800400733948,-0.22552379965782166,-0.23931019008159637,-0.88770991563797,-0.1336279958486557,-0.2535518407821655,-0.9353067278862,-0.3836936056613922,-0.14713343977928162,-0.5985987782478333,-0.27220287919044495,-0.12141312658786774,-0.5941874980926514,-0.13433046638965607,-0.5262060761451721,-0.7441102266311646,-0.18033279478549957,-0.5067699551582336,-0.7825182676315308,-0.31702950596809387,-0.3728879690170288,-0.5447096824645996,-0.21587404608726501,-0.34699082374572754,-0.5113738179206848,-0.09903374314308167
0.0,0.0,0.0,0.30064132809638977,-0.21471548080444336,-0.27595508098602295,0.5052410960197449,-0.5788921117782593,-0.41781482100486755,0.31415221095085144,-0.8518398404121399,-0.5368708372116089,0.10372073203325272,-1.0191746950149536,-0.6180832982063293,0.3002760410308838,-1.0814838409423828,-0.18794849514961243,0.3314112722873688,-1.4807428121566772,-0.4547283947467804,0.27168044447898865,-1.57106351852417,-0.5493109822273254,0.21080707013607025,-1.4726611375808716,-0.5510062575340271,-0.015455340035259724,-0.9901325106620789,-0.13927945494651794,-0.040416792035102844,-1.0852762460708618,-0.39257171750068665,0.03159094974398613,-0.6901833415031433,-0.36412313580513,0.0881439670920372,-0.6376950740814209,-0.2676815092563629,-0.28093981742858887,-0.87896329164505,-0.1459484100341797,-0.32167547941207886,-0.9150876998901367,-0.4220612049102783,-0.20440664887428284,-0.581748366355896,-0.3091309666633606,-0.15203428268432617,-0.5694281458854675,-0.1585502028465271,-0.5518567562103271,-0.734271228313446,-0.17841699719429016,-0.5624033212661743,-0.7859504222869873,-0.33581405878067017,-0.42292413115501404,-0.5498796701431274,-0.23650921881198883,-0.37334147095680237,-0.5008377432823181,-0.11167009174823761
0.0,0.0,0.0,0.27831485867500305,-0.2444499135017395,-0.2738415002822876,0.45191922783851624,-0.5994766354560852,-0.4104302227497101,0.2483607828617096,-0.8448200225830078,-0.523285984992981,0.029423939064145088,-0.9895495176315308,-0.6003284454345703,0.24181656539440155,-1.0831162929534912,-0.20611363649368286,0.267662912607193,-1.5038081407546997,-0.46783238649368286,0.16218651831150055,-1.5664029121398926,-0.5652786493301392,0.06135154142975807,-1.4514895677566528,-0.5727509260177612,-0.05114046111702919,-0.9869128465652466,-0.1529301255941391,-0.12369995564222336,-1.080438256263733,-0.41389545798301697,-0.046862632036209106,-0.688813328742981,-0.40199044346809387,0.03824970871210098,-0.5970634818077087,-0.3201793134212494,-0.3090771436691284,-0.8744825124740601,-0.151150181889534,-0.3829897344112396,-0.9166085720062256,-0.4320090115070343,-0.25286808609962463,-0.5840773582458496,-0.3379690647125244,-0.16768333315849304,-0.528357982635498,-0.1988667994737625,-0.570720374584198,-0.7267714142799377,-0.1736178696155548,-0.6021430492401123,-0.8087958693504333,-0.3401481807231903,-0.45522376894950867,-0.5701349973678589,-0.2517269551753998,-0.37638235092163086,-0.48530057072639465,-0.13283193111419678
0.0,0.0,0.0,0.2606034576892853,-0.23646044731140137,-0.28295791149139404,0.414004921913147,-0.5787448287010193,-0.419199138879776,0.2112838327884674,-0.8068331480026245,-0.5292591452598572,-0.024725841358304024,-0.9365672469139099,-0.6048771739006042,0.21377591788768768,-1.0798691511154175,-0.21536603569984436,0.2163950502872467,-1.5076956748962402,-0.47898223996162415,0.09720206260681152,-1.5574865341186523,-0.5873293876647949,-0.012270447798073292,-1.440173625946045,-0.6039546132087708,-0.05961707979440689,-0.9859740138053894,-0.15588800609111786,-0.17503505945205688,-1.054099678993225,-0.43021759390830994,-0.09106287360191345,-0.6729006171226501,-0.4378589987754822,0.01661931350827217,-0.5637730956077576,-0.3684704005718231,-0.31060850620269775,-0.8726786375045776,-0.14723388850688934,-0.42663881182670593,-0.8888630867004395,-0.43688806891441345,-0.29098886251449585,-0.5687986612319946,-0.36221322417259216,-0.1786748617887497,-0.5012534856796265,-0.23357175290584564,-0.564322292804718,-0.7288089394569397,-0.16310222446918488,-0.6379955410957336,-0.7867501974105835,-0.3462287485599518,-0.48805123567581177,-0.5494981408119202,-0.27458634972572327,-0.38175979256629944,-0.45496997237205505,-0.1629859358072281
0.0,0.0,0.0,0.2503439784049988,-0.24537953734397888,-0.28758731484413147,0.3948460817337036,-0.5811126828193665,-0.4246353209018707,0.194792702794075,-0.8039963245391846,-0.5329129695892334,-0.03780575096607208,-0.9445496201515198,-0.6001697778701782,0.1889246106147766,-1.093542218208313,-0.21563108265399933,0.17325295507907867,-1.5016591548919678,-0.49150514602661133,0.043328020721673965,-1.5538526773452759,-0.5969858765602112,-0.07280078530311584,-1.457498550415039,-0.6068692803382874,-0.08099561184644699,-0.9844562411308289,-0.15583883225917816,-0.22499527037143707,-1.0390347242355347,-0.41776248812675476,-0.11747950315475464,-0.6574103832244873,-0.4015515148639679,0.0043669892475008965,-0.6066321134567261,-0.3171134293079376,-0.32765716314315796,-0.8661616444587708,-0.15155065059661865,-0.47902849316596985,-0.8731524348258972,-0.43811649084091187,-0.31633320450782776,-0.5552646517753601,-0.3436962366104126,-0.1880568563938141,-0.5367228984832764,-0.2027679830789566,-0.5727644562721252,-0.7177935838699341,-0.17374293506145477,-0.6953096985816956,-0.7706374526023865,-0.348031610250473,-0.5332155227661133,-0.5392537713050842,-0.2612232267856598,-0.4156898260116577,-0.4639534652233124,-0.13974672555923462
0.0,0.0,0.0,0.25052744150161743,-0.24233917891979218,-0.2659054100513458,0.38452282547950745,-0.5791177153587341,-0.39672791957855225,0.18277259171009064,-0.804779589176178,-0.5049564242362976,-0.04353751242160797,-0.9336684346199036,-0.5773642659187317,0.19401045143604279,-1.0834472179412842,-0.19224771857261658,0.16605313122272491,-1.4943861961364746,-0.44861215353012085,0.034434616565704346,-1.5392972230911255,-0.551181972026825,-0.07926508039236069,-1.4296588897705078,-0.5650341510772705,-0.07244279235601425,-0.9876867532730103,-0.138661727309227,-0.21249376237392426,-1.0370757579803467,-0.40323519706726074,-0.12257053703069687,-0.6693559288978577,-0.40645772218704224,-0.0005231454852037132,-0.5869070887565613,-0.3346863090991974,-0.31259042024612427,-0.8736920356750488,-0.13469843566417694,-0.45090800523757935,-0.8686479926109314,-0.415266215801239,-0.30967044830322266,-0.5614801645278931,-0.3380930423736572,-0.17851296067237854,-0.518441915512085,-0.20896583795547485,-0.5510560274124146,-0.7320181727409363,-0.15439236164093018,-0.6464564204216003,-0.7693283557891846,-0.3313002288341522,-0.4990898370742798,-0.5383169054985046,-0.25900331139564514,-0.3776056170463562,-0.46434786915779114,-0.14685854315757751
0.0,0.0,0.0,0.25754788517951965,-0.24541199207305908,-0.2927609980106354,0.3817381262779236,-0.5952214002609253,-0.4170048236846924,0.17414048314094543,-0.8213445544242859,-0.5112079977989197,-0.05294876545667648,-0.9509926438331604,-0.5639020204544067,0.2030162215232849,-1.0999484062194824,-0.19886648654937744,0.17701636254787445,-1.5306698083877563,-0.46519485116004944,0.03263702616095543,-1.5849690437316895,-0.5704734325408936,-0.07999798655509949,-1.4800420999526978,-0.5808830857276917,-0.060862213373184204,-0.9890009760856628,-0.1348065733909607,-0.22795026004314423,-1.0598300695419312,-0.39956414699554443,-0.14565040171146393,-0.6891169548034668,-0.39787042140960693,-0.0019756504334509373,-0.6161949634552002,-0.3207382261753082,-0.30208221077919006,-0.8695347905158997,-0.1268576830625534,-0.46477457880973816,-0.8864755034446716,-0.41174790263175964,-0.32954898476600647,-0.5750694274902344,-0.33533117175102234,-0.18526186048984528,-0.5433697700500488,-0.20358547568321228,-0.5334008932113647,-0.7237809300422668,-0.14630980789661407,-0.6730898022651672,-0.7878419160842896,-0.3196563422679901,-0.5325201749801636,-0.560581624507904,-0.24215465784072876,-0.4040732681751251,-0.47485774755477905,-0.1255912333726883
0.0,0.0,0.0,0.24193842709064484,-0.2561657726764679,-0.28901949524879456,0.3538840711116791,-0.5891320705413818,-0.4191805124282837,0.1399824023246765,-0.7992674708366394,-0.5209355354309082,-0.10053107887506485,-0.9180524349212646,-0.5856102108955383,0.1591491848230362,-1.0899560451507568,-0.20515239238739014,0.12754395604133606,-1.5125807523727417,-0.463716983795166,-0.02222948521375656,-1.5641005039215088,-0.5705965161323547,-0.14479798078536987,-1.456298828125,-0.5860528945922852,-0.09650598466396332,-0.9849637150764465,-0.14329299330711365,-0.27141377329826355,-1.044824242591858,-0.41343140602111816,-0.18308354914188385,-0.6813257336616516,-0.4251301884651184,-0.04200667887926102,-0.5855845808982849,-0.3573440611362457,-0.33315742015838623,-0.8626746535301208,-0.13405199348926544,-0.5017678737640381,-0.8663840889930725,-0.4229053854942322,-0.3564823865890503,-0.5621768236160278,-0.3596172630786896,-0.21126146614551544,-0.5096043348312378,-0.23519465327262878,-0.5627767443656921,-0.7128217816352844,-0.15056435763835907,-0.7048290371894836,-0.7678337693214417,-0.33194106817245483,-0.5534769892692566,-0.5489452481269836,-0.2654516398906708,-0.4164746105670929,-0.4587481915950775,-0.15550504624843597
0.0,0.0,0.0,0.24908767640590668,-0.2441735714673996,-0.29249075055122375,0.3741791248321533,-0.5774718523025513,-0.43031322956085205,0.16524456441402435,-0.7968170642852783,-0.538577139377594,-0.07316228747367859,-0.9271583557128906,-0.6071816086769104,0.17111849784851074,-1.1000255346298218,-0.21100744605064392,0.11889085173606873,-1.5198445320129395,-0.49041277170181274,-0.032096587121486664,-1.5668103694915771,-0.608289361000061,-0.15052218735218048,-1.4607266187667847,-0.6273895502090454,-0.0925779938697815,-0.9846768379211426,-0.1477864682674408,-0.2740630507469177,-1.0477455854415894,-0.42469486594200134,-0.18346437811851501,-0.6720752120018005,-0.42695754766464233,-0.046776916831731796,-0.6030862331390381,-0.35008594393730164,-0.33057552576065063,-0.8619988560676575,-0.13954220712184906,-0.5081481337547302,-0.870089590549469,-0.43866991996765137,-0.364277720451355,-0.5575177669525146,-0.3591476082801819,-0.2218795269727707,-0.5305865406990051,-0.2216743379831314,-0.5615044236183167,-0.7148419618606567,-0.15721476078033447,-0.7014959454536438,-0.766575813293457,-0.3438456356525421,-0.5558133125305176,-0.5338347554206848,-0.26615527272224426,-0.42763614654541016,-0.4613947570323944,-0.14618581533432007
0.0,0.0,0.0,0.25691455602645874,-0.26301079988479614,-0.25706562399864197,0.38266313076019287,-0.6168685555458069,-0.36879679560661316,0.1773304045200348,-0.8457505106925964,-0.4573436975479126,-0.04727993905544281,-0.9720696210861206,-0.5091115832328796,0.18764977157115936,-1.0895614624023438,-0.1725165992975235,0.17694252729415894,-1.5116900205612183,-0.4378752112388611,0.03868741914629936,-1.5671125650405884,-0.5534276366233826,-0.08924909681081772,-1.4708900451660156,-0.5750603675842285,-0.06678473949432373,-0.9898115396499634,-0.12574957311153412,-0.2293262481689453,-1.0475925207138062,-0.3985864520072937,-0.1498279571533203,-0.6954557299613953,-0.41812101006507874,-0.028014201670885086,-0.6162313222885132,-0.35656023025512695,-0.30155980587005615,-0.8727431893348694,-0.1296309381723404,-0.4612480103969574,-0.8708472847938538,-0.41988763213157654,-0.3237968683242798,-0.5675939917564392,-0.35866478085517883,-0.1897447258234024,-0.540467381477356,-0.23726046085357666,-0.5272924900054932,-0.7270916104316711,-0.1561182588338852,-0.6522693037986755,-0.7555881142616272,-0.33365747332572937,-0.5018444657325745,-0.5326272249221802,-0.2652788758277893,-0.3719616234302521,-0.4698774516582489,-0.15582312643527985
0.0,0.0,0.0,0.27102869749069214,-0.25626853108406067,-0.22542127966880798,0.42235735058784485,-0.6195383667945862,-0.3239113688468933,0.23095703125,-0.8702407479286194,-0.4057050049304962,0.009603427723050117,-1.00783371925354,-0.457023024559021,0.20577867329120636,-1.090877652168274,-0.14547540247440338,0.20326699316501617,-1.5372340679168701,-0.38677698373794556,0.08651366084814072,-1.608324408531189,-0.496509850025177,-0.015823571011424065,-1.5028458833694458,-0.5201418995857239,-0.05638847127556801,-0.9923124313354492,-0.11016536504030228,-0.17313754558563232,-1.0783541202545166,-0.3647623360157013,-0.09931464493274689,-0.7230383157730103,-0.3866152763366699,0.006853037513792515,-0.607002317905426,-0.3323819637298584,-0.2957921326160431,-0.8716543316841125,-0.11971888691186905,-0.4146885573863983,-0.9006335139274597,-0.39266079664230347,-0.2850629687309265,-0.5937541127204895,-0.3312141001224518,-0.17014114558696747,-0.5348876714706421,-0.21601781249046326,-0.5323919057846069,-0.7186853885650635,-0.14869257807731628,-0.6190063953399658,-0.7841491103172302,-0.32038000226020813,-0.47271546721458435,-0.5586437582969666,-0.2499857097864151,-0.3607719838619232,-0.47745993733406067,-0.14290505647659302
0.0,0.0,0.0,0.2983481287956238,-0.23958580195903778,-0.2308322787284851,0.48796600103378296,-0.6031612753868103,-0.34246736764907837,0.2733241021633148,-0.8483931422233582,-0.4379938542842865,0.02130865305662155,-0.9688290357589722,-0.5035468935966492,0.24519559741020203,-1.098220944404602,-0.15070649981498718,0.25830915570259094,-1.5513620376586914,-0.39843371510505676,0.1672489494085312,-1.6402095556259155,-0.5054602026939392,0.08870149403810501,-1.529096245765686,-0.5247231125831604,-0.03993096575140953,-0.9923034310340881,-0.11721529811620712,-0.10316329449415207,-1.091289758682251,-0.36599621176719666,-0.019310880452394485,-0.7211918234825134,-0.3740311861038208,0.06453752517700195,-0.6275935769081116,-0.31082630157470703,-0.2896701693534851,-0.8708599805831909,-0.13077524304389954,-0.35809269547462463,-0.8984519839286804,-0.40501102805137634,-0.22659458220005035,-0.5823203325271606,-0.33261796832084656,-0.14481398463249207,-0.5461844801902771,-0.21237850189208984,-0.543194591999054,-0.7177215814590454,-0.163979172706604,-0.5700769424438477,-0.7781766653060913,-0.3311627209186554,-0.4221770763397217,-0.5418838858604431,-0.2508348822593689,-0.347634881734848,-0.47223570942878723,-0.14032629132270813
0.0,0.0,0.0,0.30392321944236755,-0.22571523487567902,-0.24851030111312866,0.5084299445152283,-0.6024437546730042,-0.36911723017692566,0.2951427400112152,-0.8748728036880493,-0.47061288356781006,0.06300312280654907,-1.0282926559448242,-0.5382900834083557,0.27655676007270813,-1.1020413637161255,-0.14568275213241577,0.31142276525497437,-1.5281565189361572,-0.41063180565834045,0.24096278846263885,-1.6433721780776978,-0.5156289339065552,0.18346042931079865,-1.541545033454895,-0.5241237878799438,-0.028066329658031464,-0.9940871596336365,-0.10489509999752045,-0.06926945596933365,-1.1216270923614502,-0.366815447807312,0.012426380068063736,-0.7281773686408997,-0.3511488139629364,0.0984073281288147,-0.6361591815948486,-0.25734010338783264,-0.2851269841194153,-0.8698369264602661,-0.11769335716962814,-0.34059423208236694,-0.9205452799797058,-0.4009608030319214,-0.21583892405033112,-0.5906206369400024,-0.30075061321258545,-0.1367550492286682,-0.5629363656044006,-0.15182694792747498,-0.5437886714935303,-0.7120472192764282,-0.1528482437133789,-0.5670680403709412,-0.7810981869697571,-0.3170185387134552,-0.42058035731315613,-0.5429605841636658,-0.22085003554821014,-0.3495851457118988,-0.48103025555610657,-0.09331516176462173
0.0,0.0,0.0,0.31382226943969727,-0.2196405678987503,-0.23909246921539307,0.5283376574516296,-0.6088728904724121,-0.3519183099269867,0.2954202890396118,-0.893435537815094,-0.44569990038871765,0.04430822283029556,-1.0438534021377563,-0.5030797719955444,0.2940830886363983,-1.1091431379318237,-0.13515621423721313,0.30967968702316284,-1.54430091381073,-0.4023052155971527,0.2485235631465912,-1.661792516708374,-0.5072506070137024,0.20675182342529297,-1.5670791864395142,-0.5149204730987549,-0.026734985411167145,-0.9943627119064331,-0.10260598361492157,-0.053464941680431366,-1.1362160444259644,-0.35323312878608704,0.03214830532670021,-0.7333272695541382,-0.3285595774650574,0.1039833053946495,-0.6533583998680115,-0.2316524088382721,-0.29418495297431946,-0.865553081035614,-0.12450800091028214,-0.3394795358181,-0.9392311573028564,-0.4009036421775818,-0.2101677507162094,-0.6011462807655334,-0.2904915511608124,-0.14997348189353943,-0.5818004012107849,-0.13818174600601196,-0.5627648830413818,-0.6997007727622986,-0.1688963770866394,-0.5783204436302185,-0.7781984210014343,-0.32266488671302795,-0.42661187052726746,-0.5440155863761902,-0.21641674637794495,-0.3722926080226898,-0.4900917708873749,-0.08540669083595276
0.0,0.0,0.0,0.3064255118370056,-0.22735251486301422,-0.23523978888988495,0.5109896063804626,-0.6094862222671509,-0.36117157340049744,0.2766953706741333,-0.8822035789489746,-0.473237007856369,0.035733193159103394,-1.0301711559295654,-0.5513438582420349,0.2722541093826294,-1.105845332145691,-0.13245613873004913,0.2685471177101135,-1.531450867652893,-0.39728114008903503,0.2214057892560959,-1.6502541303634644,-0.5040110945701599,0.19552181661128998,-1.5419284105300903,-0.5150323510169983,-0.05179997533559799,-0.9932554960250854,-0.10373199731111526,-0.0771464854478836,-1.1252062320709229,-0.3635627031326294,0.019767364487051964,-0.726111114025116,-0.344413697719574,0.09126865118741989,-0.6385819315910339,-0.24899563193321228,-0.3162192702293396,-0.8618879318237305,-0.12806612253189087,-0.36148205399513245,-0.9263381361961365,-0.4072451889514923,-0.22101831436157227,-0.5941051244735718,-0.29726096987724304,-0.1571212112903595,-0.5658758282661438,-0.14501576125621796,-0.5840208530426025,-0.6927059888839722,-0.17464597523212433,-0.5960388779640198,-0.7530947327613831,-0.33469900488853455,-0.43635255098342896,-0.5242725610733032,-0.23503975570201874,-0.3731786906719208,-0.47838327288627625,-0.10799292474985123
0.0,0.0,0.0,0.306171715259552,-0.22756734490394592,-0.24000954627990723,0.50154048204422,-0.6207535266876221,-0.3531140685081482,0.25713294744491577,-0.8878618478775024,-0.44856420159339905,0.016696937382221222,-1.022580623626709,-0.508949875831604,0.24297615885734558,-1.1080132722854614,-0.13795845210552216,0.2407994121313095,-1.5376579761505127,-0.3942880928516388,0.184809610247612,-1.6482232809066772,-0.48883095383644104,0.16053128242492676,-1.5551522970199585,-0.49122491478919983,-0.06659799069166183,-0.9927573800086975,-0.0999867171049118,-0.10991387814283371,-1.1129631996154785,-0.34757155179977417,-0.008138397708535194,-0.7235842347145081,-0.3233027756214142,0.06876474618911743,-0.6564357876777649,-0.22737349569797516,-0.3224639296531677,-0.8596133589744568,-0.11437402665615082,-0.37651193141937256,-0.9091576337814331,-0.38806185126304626,-0.2321494072675705,-0.5801947712898254,-0.2785245180130005,-0.16281811892986298,-0.564836323261261,-0.12634806334972382,-0.5801811218261719,-0.6905592083930969,-0.15059684216976166,-0.6039853096008301,-0.7565520405769348,-0.3024868965148926,-0.446939080953598,-0.5284190773963928,-0.19875915348529816,-0.3858748972415924,-0.48021015524864197,-0.06874413043260574
0.0,0.0,0.0,0.2921767234802246,-0.24247299134731293,-0.20200897753238678,0.46564775705337524,-0.6227514743804932,-0.30699533224105835,0.23516568541526794,-0.8693931102752686,-0.40235456824302673,-0.013516164384782314,-0.9905271530151367,-0.47235631942749023,0.2020244002342224,-1.1089868545532227,-0.11571475118398666,0.19385644793510437,-1.5431709289550781,-0.3607053756713867,0.12687034904956818,-1.6563563346862793,-0.4754430651664734,0.0931713879108429,-1.5483883619308472,-0.4987463057041168,-0.09805246442556381,-0.9903613328933716,-0.09782774746417999,-0.14930839836597443,-1.1258125305175781,-0.34257930517196655,-0.046031784266233444,-0.7563088536262512,-0.3465777635574341,0.04631225764751434,-0.6333081722259521,-0.27617722749710083,-0.34987345337867737,-0.8450642228126526,-0.12495885789394379,-0.40425798296928406,-0.9138297438621521,-0.3868442177772522,-0.25876057147979736,-0.6022900938987732,-0.2977020740509033,-0.17779749631881714,-0.5399444699287415,-0.16534674167633057,-0.5977166891098022,-0.6593607068061829,-0.17010235786437988,-0.6169520616531372,-0.7507052421569824,-0.32565954327583313,-0.4582182765007019,-0.5301461815834045,-0.23112377524375916,-0.38164427876472473,-0.4561571776866913,-0.10965049266815186
0.0,0.0,0.0,0.3049596846103668,-0.22352366149425507,-0.2061970829963684,0.4893825352191925,-0.6021695137023926,-0.30597856640815735,0.24404209852218628,-0.8464106321334839,-0.3909980058670044,-0.013244764879345894,-0.9549261331558228,-0.44861024618148804,0.22751657664775848,-1.0933537483215332,-0.10891993343830109,0.25052589178085327,-1.4909638166427612,-0.33954891562461853,0.19922630488872528,-1.6050595045089722,-0.44848164916038513,0.1534394472837448,-1.5199482440948486,-0.47313055396080017,-0.08115274459123611,-0.9927610754966736,-0.08854176849126816,-0.10417329519987106,-1.1073135137557983,-0.3122026324272156,0.005007521249353886,-0.740780234336853,-0.3154228627681732,0.06849043816328049,-0.6429846882820129,-0.25171157717704773,-0.33508065342903137,-0.86131751537323,-0.11322885751724243,-0.3637506365776062,-0.9145854711532593,-0.3586231470108032,-0.2222384214401245,-0.6066854000091553,-0.2764066159725189,-0.17888766527175903,-0.5742332339286804,-0.15679562091827393,-0.5795942544937134,-0.6892704367637634,-0.15625500679016113,-0.574150800704956,-0.7712870240211487,-0.2959740161895752,-0.4295254647731781,-0.5489039421081543,-0.20245689153671265,-0.39498409628868103,-0.492176353931427,-0.08914085477590561
0.0,0.0,0.0,0.30596044659614563,-0.19286061823368073,-0.22558461129665375,0.49714869260787964,-0.5828936696052551,-0.32768750190734863,0.2637157440185547,-0.8480940461158752,-0.4107442796230316,0.022017406299710274,-0.9722458124160767,-0.45929858088493347,0.2598244249820709,-1.0694736242294312,-0.10893905907869339,0.27590274810791016,-1.442823052406311,-0.34602802991867065,0.24253427982330322,-1.5542643070220947,-0.442630797624588,0.21655401587486267,-1.4877372980117798,-0.45660433173179626,-0.055978644639253616,-0.9951827526092529,-0.08048466593027115,-0.05460470914840698,-1.0646047592163086,-0.30620452761650085,0.04629633203148842,-0.6794750094413757,-0.2862106263637543,0.0929911658167839,-0.6171892881393433,-0.20291242003440857,-0.31484711170196533,-0.8768652081489563,-0.10397625714540482,-0.32312333583831787,-0.884288489818573,-0.3568018972873688,-0.19021236896514893,-0.5642157793045044,-0.2608466148376465,-0.1557634174823761,-0.565807044506073,-0.1301192343235016,-0.5658568739891052,-0.715866208076477,-0.14879854023456573,-0.5506181120872498,-0.7372679710388184,-0.29209232330322266,-0.40796732902526855,-0.5118798017501831,-0.2018709033727646,-0.37806451320648193,-0.48559388518333435,-0.09026732295751572
0.0,0.0,0.0,0.28641852736473083,-0.17024534940719604,-0.21135395765304565,0.4769604504108429,-0.5539215803146362,-0.2923738360404968,0.29061415791511536,-0.8447258472442627,-0.3530394732952118,0.11136256903409958,-1.0145422220230103,-0.3797551691532135,0.2759970724582672,-1.0249247550964355,-0.08834447711706161,0.30728092789649963,-1.3149501085281372,-0.2894422113895416,0.2959473729133606,-1.428950309753418,-0.36574259400367737,0.27804508805274963,-1.4394725561141968,-0.3820582330226898,-0.03569307178258896,-0.9972679018974304,-0.0646742731332779,-0.002880435436964035,-1.003453254699707,-0.2576266825199127,0.09028232097625732,-0.621293306350708,-0.2273511439561844,0.10965321213006973,-0.5835903882980347,-0.14750656485557556,-0.28873905539512634,-0.893856406211853,-0.09059396386146545,-0.25561660528182983,-0.8374189734458923,-0.32854390144348145,-0.13028842210769653,-0.5180545449256897,-0.24423904716968536,-0.1236671432852745,-0.5392810106277466,-0.1286531686782837,-0.528636634349823,-0.7373079657554626,-0.13697151839733124,-0.4696682095527649,-0.6787945628166199,-0.28354570269584656,-0.3362365961074829,-0.4650254547595978,-0.21987973153591156,-0.33771705627441406,-0.4685764014720917,-0.1328781694173813
0.0,0.0,0.0,0.2681608498096466,-0.18725956976413727,-0.19064806401729584,0.4489859342575073,-0.5548987984657288,-0.28520363569259644,0.2603941261768341,-0.7991285920143127,-0.3688437044620514,0.040808796882629395,-0.9165602326393127,-0.4230674207210541,0.24809522926807404,-1.0341026782989502,-0.08679890632629395,0.2653363347053528,-1.348246455192566,-0.2870505452156067,0.25032296776771545,-1.4564844369888306,-0.3648804724216461,0.23759737610816956,-1.4117895364761353,-0.37897399067878723,-0.06266836076974869,-0.9954079389572144,-0.07235852628946304,-0.026590516790747643,-1.003344178199768,-0.26546865701675415,0.06561452895402908,-0.6401309370994568,-0.2416212409734726,0.08654189854860306,-0.5932814478874207,-0.16622234880924225,-0.3113444745540619,-0.885202944278717,-0.10334993153810501,-0.27494576573371887,-0.8269475698471069,-0.3260577321052551,-0.1508512794971466,-0.5336863994598389,-0.24237647652626038,-0.14287996292114258,-0.5424675941467285,-0.13092674314975739,-0.5494669079780579,-0.7269516587257385,-0.15351703763008118,-0.4845149517059326,-0.6615387797355652,-0.28622856736183167,-0.3491925299167633,-0.46198031306266785,-0.21952463686466217,-0.34038153290748596,-0.46762263774871826,-0.13212370872497559
0.0,0.0,0.0,0.26529258489608765,-0.19807712733745575,-0.20971748232841492,0.4435090124607086,-0.5645002722740173,-0.3160959780216217,0.25098320841789246,-0.8142025470733643,-0.408823698759079,0.04256097227334976,-0.9488832950592041,-0.4703793525695801,0.2357795238494873,-1.0458954572677612,-0.09662707895040512,0.2640014886856079,-1.3541089296340942,-0.3063162565231323,0.2577823996543884,-1.469655156135559,-0.3924574851989746,0.2467144876718521,-1.4393177032470703,-0.41221824288368225,-0.07929114997386932,-0.9934767484664917,-0.08195678144693375,-0.03851964324712753,-1.020750641822815,-0.2842746376991272,0.055561479181051254,-0.647643506526947,-0.2646321654319763,0.06562075763940811,-0.608832061290741,-0.19091621041297913,-0.3271040618419647,-0.8735119104385376,-0.11487103998661041,-0.29364073276519775,-0.848754346370697,-0.35029295086860657,-0.16323719918727875,-0.5437378883361816,-0.2612946927547455,-0.16213582456111908,-0.5567275881767273,-0.14430788159370422,-0.5622327327728271,-0.7017017602920532,-0.16851069033145905,-0.506113588809967,-0.6744744181632996,-0.31226104497909546,-0.3653251528739929,-0.4708811342716217,-0.23762089014053345,-0.3611140251159668,-0.4710606634616852,-0.14229325950145721
0.0,0.0,0.0,0.28717106580734253,-0.2046617567539215,-0.2301972508430481,0.46847888827323914,-0.5917209386825562,-0.3403124511241913,0.2629995346069336,-0.8566874861717224,-0.433038592338562,0.05110251158475876,-0.9997678399085999,-0.4910977780818939,0.2414918839931488,-1.064955234527588,-0.11515584588050842,0.2587664723396301,-1.4215738773345947,-0.3554977476596832,0.23014092445373535,-1.531820297241211,-0.45061179995536804,0.20276546478271484,-1.4864966869354248,-0.465127170085907,-0.07527495175600052,-0.9931703209877014,-0.089142344892025,-0.07653393596410751,-1.066487431526184,-0.3221495747566223,0.030368292704224586,-0.678412914276123,-0.2988802492618561,0.06586536020040512,-0.628169059753418,-0.21149659156799316,-0.33667364716529846,-0.8738293051719666,-0.11570680886507034,-0.3413967192173004,-0.8841767311096191,-0.38002297282218933,-0.19817179441452026,-0.5565619468688965,-0.27947497367858887,-0.1702701449394226,-0.5628147125244141,-0.14264073967933655,-0.5931086540222168,-0.7083605527877808,-0.16380806267261505,-0.5739478468894958,-0.7174423336982727,-0.3162979483604431,-0.41827520728111267,-0.49555131793022156,-0.2283315509557724,-0.3861159384250641,-0.47925859689712524,-0.11712687462568283
0.0,0.0,0.0,0.27181825041770935,-0.2187609076499939,-0.24689655005931854,0.43539756536483765,-0.6016820669174194,-0.3788621425628662,0.20140419900417328,-0.8475263714790344,-0.49340906739234924,-0.03033723682165146,-0.9830711483955383,-0.5716053247451782,0.1914340704679489,-1.0977511405944824,-0.15953052043914795,0.17327016592025757,-1.4999170303344727,-0.4110233783721924,0.11958520859479904,-1.5804740190505981,-0.49785274267196655,0.08713320642709732,-1.4642754793167114,-0.49719393253326416,-0.11679995805025101,-0.9855507016181946,-0.12266809493303299,-0.1508140116930008,-1.0752990245819092,-0.3712595999240875,-0.03332597389817238,-0.6893828511238098,-0.3434711694717407,0.029907243326306343,-0.6314916014671326,-0.24692277610301971,-0.36952710151672363,-0.8486922383308411,-0.13673238456249237,-0.4087538421154022,-0.8802247047424316,-0.4111781418323517,-0.24811317026615143,-0.5578641295433044,-0.29720398783683777,-0.1907486915588379,-0.542572557926178,-0.14526024460792542,-0.6206569671630859,-0.6759220361709595,-0.17282406985759735,-0.6277735233306885,-0.7223381996154785,-0.33603137731552124,-0.45959171652793884,-0.4951159358024597,-0.23722323775291443,-0.39979031682014465,-0.45583370327949524,-0.11040176451206207
0.0,0.0,0.0,0.27534645795822144,-0.24151746928691864,-0.27648618817329407,0.42183175683021545,-0.6334142684936523,-0.4108973443508148,0.1722395271062851,-0.8794164061546326,-0.5201959013938904,-0.058446068316698074,-1.0171613693237305,-0.5909425616264343,0.16767294704914093,-1.1106659173965454,-0.17906446754932404,0.13827374577522278,-1.5119539499282837,-0.444538414478302,0.0665622130036354,-1.5921698808670044,-0.5456315279006958,0.015815597027540207,-1.4839195013046265,-0.5543435215950012,-0.1310805380344391,-0.9825820922851562,-0.13172048330307007,-0.18284595012664795,-1.082631230354309,-0.3952503502368927,-0.0564894825220108,-0.6971993446350098,-0.382171630859375,0.015964096412062645,-0.6300879120826721,-0.2937265932559967,-0.3750864863395691,-0.8382635116577148,-0.13916783034801483,-0.43347135186195374,-0.8817707896232605,-0.4285356104373932,-0.2593674957752228,-0.5543104410171509,-0.3299758732318878,-0.18920396268367767,-0.5310829281806946,-0.1842247098684311,-0.6141660809516907,-0.6570380330085754,-0.17146281898021698,-0.6378312110900879,-0.706741988658905,-0.3448494076728821,-0.45648646354675293,-0.4850342869758606,-0.2567302882671356,-0.38707080483436584,-0.4385981857776642,-0.1366667002439499
0.0,0.0,0.0,0.25847381353378296,-0.2446964681148529,-0.28800803422927856,0.3906801640987396,-0.6179786920547485,-0.4312655031681061,0.15120483934879303,-0.864342212677002,-0.5474852919578552,-0.07111342251300812,-1.014626145362854,-0.6240489482879639,0.14075937867164612,-1.1082433462142944,-0.1827520728111267,0.10560844838619232,-1.496549129486084,-0.4557041823863983,0.023676956072449684,-1.5678486824035645,-0.5636999011039734,-0.036211948841810226,-1.4631747007369995,-0.5757834911346436,-0.1443096250295639,-0.9813554286956787,-0.12695066630840302,-0.21549521386623383,-1.066041111946106,-0.3899464011192322,-0.0823356881737709,-0.681882917881012,-0.376071959733963,0.008174112066626549,-0.6234278678894043,-0.2866840660572052,-0.38088881969451904,-0.8386706709861755,-0.1280183494091034,-0.4551088213920593,-0.8585749864578247,-0.4196997880935669,-0.27777501940727234,-0.540780246257782,-0.3243190050125122,-0.18990285694599152,-0.5279943943023682,-0.17839892208576202,-0.6121020913124084,-0.6619510650634766,-0.15482397377490997,-0.6564227342605591,-0.7109957337379456,-0.32967785000801086,-0.4753510057926178,-0.487502783536911,-0.24170617759227753,-0.3904365599155426,-0.43334072828292847,-0.11955152451992035
0.0,0.0,0.0,0.24749942123889923,-0.26262181997299194,-0.2870122790336609,0.3565208911895752,-0.6486943960189819,-0.4149901866912842,0.12002922594547272,-0.8789132237434387,-0.5138329267501831,-0.11821076273918152,-0.9947549104690552,-0.5754908919334412,0.10965904593467712,-1.1115666627883911,-0.18495310842990875,0.07011336833238602,-1.5160515308380127,-0.4435926675796509,-0.04491270333528519,-1.5821044445037842,-0.543870747089386,-0.12150521576404572,-1.4631472826004028,-0.5523439049720764,-0.15625131130218506,-0.9800277948379517,-0.12300793081521988,-0.2666904628276825,-1.0625581741333008,-0.386036217212677,-0.13811498880386353,-0.6841766238212585,-0.37709853053092957,-0.017914075404405594,-0.5962291359901428,-0.2904510200023651,-0.3878611922264099,-0.8354091048240662,-0.11619150638580322,-0.49330219626426697,-0.8557664155960083,-0.4086949825286865,-0.31456151604652405,-0.5407809019088745,-0.32668644189834595,-0.1954563409090042,-0.5000584721565247,-0.18671786785125732,-0.6143146753311157,-0.6594270467758179,-0.13406987488269806,-0.6881512403488159,-0.7112595438957214,-0.31656762957572937,-0.5097172856330872,-0.48747727274894714,-0.2400507628917694,-0.40243732929229736,-0.4177819490432739,-0.12342845648527145
0.0,0.0,0.0,0.24218305945396423,-0.2721288800239563,-0.2821456789970398,0.3459588289260864,-0.6454147100448608,-0.41901224851608276,0.11246125400066376,-0.878735363483429,-0.532402753829956,-0.09845529496669769,-1.018126368522644,-0.6101140975952148,0.09820228815078735,-1.114098072052002,-0.18946386873722076,0.0601184144616127,-1.5241247415542603,-0.45851752161979675,-0.06270276010036469,-1.5791704654693604,-0.5690949559211731,-0.15249603986740112,-1.4603734016418457,-0.5855366587638855,-0.16440434753894806,-0.9773703217506409,-0.13311028480529785,-0.28751301765441895,-1.0561152696609497,-0.4053322672843933,-0.16522638499736786,-0.6829322576522827,-0.40328359603881836,-0.04721325635910034,-0.6018295288085938,-0.32308700680732727,-0.3901233673095703,-0.8272718787193298,-0.1309315264225006,-0.5095908045768738,-0.8453332781791687,-0.4253441095352173,-0.33517757058143616,-0.5339870452880859,-0.34006941318511963,-0.2147912234067917,-0.49239838123321533,-0.19939036667346954,-0.6099873781204224,-0.6469709277153015,-0.15378694236278534,-0.696628212928772,-0.7065437436103821,-0.33469846844673157,-0.5235084891319275,-0.4878286123275757,-0.2553655505180359,-0.4110915958881378,-0.419234961271286,-0.1374000906944275
0.0,0.0,0.0,0.2425944209098816,-0.27126866579055786,-0.27343860268592834,0.345027893781662,-0.6517220139503479,-0.3985040485858917,0.10341291129589081,-0.8810914754867554,-0.5001463890075684,-0.11711351573467255,-1.009777307510376,-0.5653027296066284,0.09280871599912643,-1.1127897500991821,-0.1725456267595291,0.05317215621471405,-1.5184255838394165,-0.4344791769981384,-0.06700550019741058,-1.572478175163269,-0.5404552817344666,-0.16004790365695953,-1.4608720541000366,-0.5542582273483276,-0.16697171330451965,-0.9789310097694397,-0.1175348088145256,-0.2864282727241516,-1.051589846611023,-0.38454729318618774,-0.1540689468383789,-0.682641327381134,-0.3839487135410309,-0.03730573132634163,-0.6070202589035034,-0.3057691752910614,-0.3910289406776428,-0.8315566182136536,-0.11606161296367645,-0.5088294744491577,-0.8525428175926208,-0.40892019867897034,-0.3241419196128845,-0.5424773693084717,-0.3289206922054291,-0.20327357947826385,-0.5012603402137756,-0.19196252524852753,-0.6110859513282776,-0.6530832648277283,-0.13858962059020996,-0.6909750699996948,-0.7119140625,-0.3213963210582733,-0.5108989477157593,-0.4921541213989258,-0.24695608019828796,-0.3989769220352173,-0.42060497403144836,-0.13220103085041046
0.0,0.0,0.0,0.2373800128698349,-0.2729192078113556,-0.28427547216415405,0.3279387950897217,-0.6517165303230286,-0.41412195563316345,0.08851345628499985,-0.8832702040672302,-0.5189265012741089,-0.13565364480018616,-1.008104920387268,-0.5847181081771851,0.08679117262363434,-1.1151005029678345,-0.18687769770622253,0.045975252985954285,-1.5338910818099976,-0.4537399113178253,-0.080429807305336,-1.5928566455841064,-0.5528436899185181,-0.1758253425359726,-1.4813776016235352,-0.5592049360275269,-0.17374856770038605,-0.9765044450759888,-0.12747758626937866,-0.3037763833999634,-1.0495612621307373,-0.39834967255592346,-0.17368188500404358,-0.675909698009491,-0.3883804678916931,-0.058986272662878036,-0.6167762279510498,-0.3007962107658386,-0.39904701709747314,-0.8289194703102112,-0.12331552803516388,-0.5233616828918457,-0.8454900979995728,-0.4227953553199768,-0.3404105603694916,-0.5319725871086121,-0.33718931674957275,-0.22303268313407898,-0.507206380367279,-0.19349771738052368,-0.6156579852104187,-0.6539885997772217,-0.14390243589878082,-0.7036650776863098,-0.7066875100135803,-0.3271600306034088,-0.5258389711380005,-0.4884711503982544,-0.24810950458049774,-0.41689926385879517,-0.4278813898563385,-0.1284051239490509
0.0,0.0,0.0,0.24183976650238037,-0.26209890842437744,-0.2713295519351959,0.34052062034606934,-0.6520330309867859,-0.3848523795604706,0.09013976901769638,-0.8776172995567322,-0.47178739309310913,-0.15787285566329956,-0.982344388961792,-0.5214832425117493,0.08283183723688126,-1.1221733093261719,-0.16561953723430634,0.03412614390254021,-1.538256287574768,-0.4316937327384949,-0.08494353294372559,-1.596540093421936,-0.547223687171936,-0.17256416380405426,-1.4917594194412231,-0.5671029686927795,-0.1752110868692398,-0.9781894087791443,-0.1115642637014389,-0.29691919684410095,-1.055760145187378,-0.3734302222728729,-0.1616930514574051,-0.6840488910675049,-0.3758588433265686,-0.047728125005960464,-0.613862931728363,-0.30169233679771423,-0.39875391125679016,-0.8245698809623718,-0.11212620884180069,-0.5230485796928406,-0.8507104516029358,-0.3993683457374573,-0.3403683006763458,-0.5353778004646301,-0.3202455937862396,-0.22683462500572205,-0.5035592913627625,-0.186214417219162,-0.6148629188537598,-0.6407714486122131,-0.13697867095470428,-0.7072834372520447,-0.6989482045173645,-0.31140968203544617,-0.5295421481132507,-0.4800356924533844,-0.2316230684518814,-0.4256645739078522,-0.412710040807724,-0.11494137346744537
0.0,0.0,0.0,0.242747500538826,-0.2583189308643341,-0.21107088029384613,0.33415648341178894,-0.6357124447822571,-0.32205334305763245,0.10135191679000854,-0.8703407645225525,-0.4238544702529907,-0.15336617827415466,-0.9787811636924744,-0.5022339224815369,0.09315567463636398,-1.1070817708969116,-0.13901786506175995,0.019571134820580482,-1.5517021417617798,-0.37763512134552,-0.0960795059800148,-1.6211687326431274,-0.4970901310443878,-0.1628277450799942,-1.4879437685012817,-0.5292273759841919,-0.16884109377861023,-0.9790683388710022,-0.11365664750337601,-0.2829459011554718,-1.059938907623291,-0.3606635332107544,-0.16452975571155548,-0.724579393863678,-0.38403621315956116,-0.048397745937108994,-0.6054030060768127,-0.33605363965034485,-0.3920179307460785,-0.8200612664222717,-0.12997442483901978,-0.49501076340675354,-0.8528932929039001,-0.3824261724948883,-0.34578168392181396,-0.5705556869506836,-0.3064444661140442,-0.24416662752628326,-0.49084633588790894,-0.18938994407653809,-0.6103794574737549,-0.6252627372741699,-0.1657395362854004,-0.6859878897666931,-0.6939219236373901,-0.321673184633255,-0.5280662178993225,-0.49060338735580444,-0.23895058035850525,-0.4257216453552246,-0.4082449674606323,-0.12762585282325745
0.0,0.0,0.0,0.24750961363315582,-0.2486972212791443,-0.23391862213611603,0.35663658380508423,-0.6477823257446289,-0.3406817615032196,0.10021065920591354,-0.8814506530761719,-0.42860740423202515,-0.16977892816066742,-0.9791125059127808,-0.48810598254203796,0.09241857379674911,-1.115857720375061,-0.16051048040390015,0.027047863230109215,-1.564911961555481,-0.4138658940792084,-0.10172319412231445,-1.646802306175232,-0.5336253643035889,-0.18154177069664001,-1.5305373668670654,-0.5614830255508423,-0.176686093211174,-0.9766781330108643,-0.12199107557535172,-0.3000790774822235,-1.0605347156524658,-0.3691801428794861,-0.16902880370616913,-0.7039966583251953,-0.37893542647361755,-0.0422787219285965,-0.605684757232666,-0.3194631338119507,-0.4031483232975006,-0.8153752088546753,-0.12931998074054718,-0.5252158641815186,-0.8479756712913513,-0.3896108567714691,-0.3591953217983246,-0.5548718571662903,-0.3029274344444275,-0.24588781595230103,-0.5030624270439148,-0.17669162154197693,-0.6243062615394592,-0.6187196373939514,-0.15802684426307678,-0.7161986827850342,-0.6781792640686035,-0.3205097019672394,-0.5478090643882751,-0.46705901622772217,-0.2312915176153183,-0.4401118755340576,-0.3920176029205322,-0.1130390614271164
0.0,0.0,0.0,0.2577562630176544,-0.2833128571510315,-0.22721639275550842,0.3563286364078522,-0.6624199748039246,-0.3478147089481354,0.1344815045595169,-0.8937879204750061,-0.45815345644950867,-0.10212530940771103,-1.004249095916748,-0.5437154769897461,0.09108658134937286,-1.1147600412368774,-0.1370188146829605,0.04847017303109169,-1.5573434829711914,-0.39089131355285645,-0.06575559824705124,-1.6373801231384277,-0.5196719765663147,-0.13333360850811005,-1.494455337524414,-0.5534675717353821,-0.17140482366085052,-0.9797692894935608,-0.10330788791179657,-0.2890278697013855,-1.079911470413208,-0.37575268745422363,-0.18861733376979828,-0.7366104125976562,-0.4049421548843384,-0.07732484489679337,-0.6041140556335449,-0.3472580909729004,-0.39507073163986206,-0.821819007396698,-0.11500554531812668,-0.4946494996547699,-0.8525072932243347,-0.3883223533630371,-0.35566896200180054,-0.5621911883354187,-0.31870725750923157,-0.2557770609855652,-0.48725536465644836,-0.1945538967847824,-0.6053094863891602,-0.6384183764457703,-0.14645861089229584,-0.6755837798118591,-0.6950413584709167,-0.31097212433815,-0.5323638916015625,-0.47688087821006775,-0.2308090478181839,-0.43034443259239197,-0.40479356050491333,-0.11471254378557205
0.0,0.0,0.0,0.2515970766544342,-0.2730506956577301,-0.2871074974536896,0.361259788274765,-0.6531252264976501,-0.43239402770996094,0.13135696947574615,-0.884565532207489,-0.5550660490989685,-0.1051962822675705,-0.9939090609550476,-0.6422219276428223,0.12128818780183792,-1.1226806640625,-0.1661464124917984,0.09171164035797119,-1.5166348218917847,-0.4483379125595093,-0.018465986475348473,-1.6178333759307861,-0.5733602046966553,-0.10213956981897354,-1.5101311206817627,-0.5960414409637451,-0.15843303501605988,-0.9806158542633057,-0.1152893453836441,-0.25448018312454224,-1.0783042907714844,-0.4065680503845215,-0.13762660324573517,-0.7081098556518555,-0.41506460309028625,-0.04758835211396217,-0.6331921815872192,-0.3305305242538452,-0.3924410939216614,-0.827055811882019,-0.12246908992528915,-0.4799136221408844,-0.8490949869155884,-0.43104228377342224,-0.31218042969703674,-0.5447629690170288,-0.35107868909835815,-0.22195030748844147,-0.5256075859069824,-0.20666560530662537,-0.6159652471542358,-0.6464246511459351,-0.155441015958786,-0.6668581962585449,-0.6950626969337463,-0.3384362757205963,-0.5005008578300476,-0.48004159331321716,-0.2574566900730133,-0.4150245189666748,-0.4313421845436096,-0.13552463054656982
0.0,0.0,0.0,0.2561626434326172,-0.28091961145401,-0.18873712420463562,0.36189380288124084,-0.6737610697746277,-0.2785673439502716,0.14148078858852386,-0.8994603157043457,-0.36087092757225037,-0.11635629087686539,-0.9833902716636658,-0.4206238090991974,0.1158655658364296,-1.108582615852356,-0.10738157480955124,0.08377372473478317,-1.549558401107788,-0.3453221619129181,-0.029617052525281906,-1.6314324140548706,-0.47113028168678284,-0.10929781943559647,-1.5158919095993042,-0.5082961320877075,-0.14649498462677002,-0.9848889112472534,-0.09237438440322876,-0.2587948143482208,-1.085496425628662,-0.3476950228214264,-0.16285845637321472,-0.7508478164672852,-0.381582111120224,-0.05745251476764679,-0.6237046122550964,-0.33466604351997375,-0.3737974762916565,-0.8276076912879944,-0.11801386624574661,-0.47308340668678284,-0.8649508357048035,-0.3780616521835327,-0.3308750092983246,-0.5783582329750061,-0.31330159306526184,-0.23014597594738007,-0.5141006112098694,-0.1981118768453598,-0.5898046493530273,-0.6370997428894043,-0.16024968028068542,-0.6496445536613464,-0.7001562118530273,-0.31406351923942566,-0.5033450722694397,-0.49405962228775024,-0.23294754326343536,-0.40788570046424866,-0.42488381266593933,-0.12148110568523407
0.0,0.0,0.0,0.2710905075073242,-0.262419193983078,-0.160652294754982,0.3836635649204254,-0.6549575924873352,-0.2502085566520691,0.13768810033798218,-0.8675207495689392,-0.339728444814682,-0.15075574815273285,-0.9212716817855835,-0.41299134492874146,0.12796741724014282,-1.1005008220672607,-0.10648038238286972,0.08391555398702621,-1.5517003536224365,-0.33632802963256836,-0.011366752907633781,-1.643720030784607,-0.4676610827445984,-0.0802440419793129,-1.5227596759796143,-0.5116521120071411,-0.14529311656951904,-0.9835705161094666,-0.10713963210582733,-0.2317420393228531,-1.0996739864349365,-0.34820738434791565,-0.1178634762763977,-0.7886486649513245,-0.38967621326446533,-0.019756708294153214,-0.6230579018592834,-0.358637273311615,-0.3758283853530884,-0.8203242421150208,-0.14248566329479218,-0.4488283693790436,-0.8926656246185303,-0.3791671097278595,-0.30125486850738525,-0.620948076248169,-0.31524229049682617,-0.22003181278705597,-0.5060080289840698,-0.21174407005310059,-0.597486138343811,-0.6176513433456421,-0.19253218173980713,-0.6257819533348083,-0.7251784801483154,-0.33016669750213623,-0.4785793721675873,-0.5350451469421387,-0.24706266820430756,-0.4000500440597534,-0.4409528970718384,-0.14247535169124603
0.0,0.0,0.0,0.27564531564712524,-0.272792786359787,-0.2506382167339325,0.41031429171562195,-0.6742855906486511,-0.35636410117149353,0.14703430235385895,-0.9243879914283752,-0.4370364844799042,-0.10505245625972748,-1.04818856716156,-0.4804130792617798,0.15315435826778412,-1.1397368907928467,-0.14244158565998077,0.1324998289346695,-1.5621898174285889,-0.4051235616207123,0.0278372410684824,-1.675828456878662,-0.512079656124115,-0.0330863893032074,-1.5750491619110107,-0.5212927460670471,-0.13081221282482147,-0.9863027930259705,-0.10047344863414764,-0.21963715553283691,-1.1396563053131104,-0.3512822091579437,-0.10173144191503525,-0.7509608268737793,-0.33453798294067383,0.006904231384396553,-0.6545039415359497,-0.24123060703277588,-0.3669632375240326,-0.8315362334251404,-0.11256743967533112,-0.4568370282649994,-0.9213373064994812,-0.3957202136516571,-0.2907017469406128,-0.5911716222763062,-0.29973188042640686,-0.19680213928222656,-0.5496890544891357,-0.15048439800739288,-0.5957861542701721,-0.6385411024093628,-0.1470046043395996,-0.6564591526985168,-0.7480471730232239,-0.3104323446750641,-0.48502323031425476,-0.5271002054214478,-0.21095354855060577,-0.4022454023361206,-0.45186883211135864,-0.08021296560764313
0.0,0.0,0.0,0.2598949670791626,-0.28135964274406433,-0.22281445562839508,0.3882593810558319,-0.6778742074966431,-0.31614619493484497,0.12876318395137787,-0.9092656970024109,-0.3907748758792877,-0.1263945996761322,-1.0226109027862549,-0.4316713213920593,0.1365218162536621,-1.1310575008392334,-0.13424506783485413,0.11481548100709915,-1.5736632347106934,-0.39667078852653503,0.000357502925908193,-1.6775970458984375,-0.5168102979660034,-0.07086706161499023,-1.5835075378417969,-0.539750874042511,-0.14335663616657257,-0.9841551780700684,-0.10434307157993317,-0.2466011494398117,-1.1198384761810303,-0.3578571081161499,-0.12358295917510986,-0.7482681274414062,-0.36208197474479675,0.0002087980101350695,-0.6495494842529297,-0.2904748320579529,-0.38148975372314453,-0.8309773802757263,-0.12322375178337097,-0.4780033230781555,-0.9065014123916626,-0.40048712491989136,-0.3114522695541382,-0.5890988707542419,-0.31905755400657654,-0.20361217856407166,-0.5474591851234436,-0.18517348170280457,-0.6077305674552917,-0.6422935128211975,-0.1616918444633484,-0.6639379262924194,-0.7430467009544373,-0.317376047372818,-0.4988148808479309,-0.527955174446106,-0.22174924612045288,-0.4092639684677124,-0.4537063539028168,-0.09742627292871475
0.0,0.0,0.0,0.26319995522499084,-0.26000601053237915,-0.20942680537700653,0.38528621196746826,-0.6575860977172852,-0.3181349039077759,0.12254902720451355,-0.8771577477455139,-0.417154461145401,-0.14295215904712677,-0.9710386991500854,-0.48887285590171814,0.11895639449357986,-1.1189793348312378,-0.1236748918890953,0.07948493212461472,-1.5487982034683228,-0.3672317862510681,-0.008963149040937424,-1.6349201202392578,-0.4758184552192688,-0.06940246373414993,-1.5108414888381958,-0.4950345754623413,-0.1661248356103897,-0.9807626008987427,-0.10250481218099594,-0.2401418536901474,-1.0969560146331787,-0.34629684686660767,-0.10743465274572372,-0.735420823097229,-0.3462756872177124,-0.020460667088627815,-0.6345958709716797,-0.2737337648868561,-0.3983698785305023,-0.8227525949478149,-0.12674523890018463,-0.4726245701313019,-0.8846932649612427,-0.38754862546920776,-0.29577383399009705,-0.577629804611206,-0.29218268394470215,-0.21900948882102966,-0.5204919576644897,-0.15514646470546722,-0.6243460774421692,-0.6293699145317078,-0.17004984617233276,-0.6614900827407837,-0.7147300243377686,-0.3226570188999176,-0.48768746852874756,-0.5017715692520142,-0.22493070363998413,-0.41634613275527954,-0.43569856882095337,-0.10149358212947845
0.0,0.0,0.0,0.2728929817676544,-0.25844940543174744,-0.20264795422554016,0.40849706530570984,-0.6607831120491028,-0.30469807982444763,0.14809264242649078,-0.8776350021362305,-0.39654475450515747,-0.1059042438864708,-0.9692835211753845,-0.46323925256729126,0.13769549131393433,-1.1135368347167969,-0.11949757486581802,0.10868973284959793,-1.5338629484176636,-0.3547258675098419,0.016106538474559784,-1.6289856433868408,-0.4627143144607544,-0.05484933778643608,-1.5126771926879883,-0.48404842615127563,-0.15213601291179657,-0.9832794070243835,-0.10008131712675095,-0.21796606481075287,-1.1059861183166504,-0.33489200472831726,-0.09710060805082321,-0.7503990530967712,-0.3370009958744049,-0.017933785915374756,-0.6356222033500671,-0.26876896619796753,-0.3860833942890167,-0.826377809047699,-0.1243937611579895,-0.4517937898635864,-0.9006459712982178,-0.37757137417793274,-0.2829534709453583,-0.591571569442749,-0.28593215346336365,-0.2116340845823288,-0.5208843946456909,-0.15367114543914795,-0.6136131286621094,-0.6322394609451294,-0.1668643206357956,-0.6417087912559509,-0.7242094278335571,-0.3163204789161682,-0.4767795205116272,-0.5121593475341797,-0.22162410616874695,-0.41329333186149597,-0.44451624155044556,-0.10223796963691711
0.0,0.0,0.0,0.2916982173919678,-0.25907647609710693,-0.2038850486278534,0.44626662135124207,-0.6570389866828918,-0.316670686006546,0.18966569006443024,-0.8814791440963745,-0.42342787981033325,-0.06347835063934326,-0.978986382484436,-0.5066177248954773,0.16655538976192474,-1.1233787536621094,-0.11507969349622726,0.1374741494655609,-1.557456612586975,-0.3585011959075928,0.054643236100673676,-1.6652772426605225,-0.4689885675907135,0.0012289918959140778,-1.5373504161834717,-0.4874047040939331,-0.13374105095863342,-0.9863616824150085,-0.09593760222196579,-0.19767798483371735,-1.1285185813903809,-0.3387692868709564,-0.08062711358070374,-0.7586637735366821,-0.3347068727016449,0.0030208569951355457,-0.634393572807312,-0.25596773624420166,-0.37605318427085876,-0.826337993144989,-0.1216893270611763,-0.4399266839027405,-0.9156469106674194,-0.38277679681777954,-0.27924686670303345,-0.5938819050788879,-0.2783510386943817,-0.21132634580135345,-0.5109561681747437,-0.13177704811096191,-0.6167746782302856,-0.6303895115852356,-0.16553479433059692,-0.6453643441200256,-0.7441724538803101,-0.31600329279899597,-0.486616849899292,-0.523845374584198,-0.20932887494564056,-0.4262322187423706,-0.4487159550189972,-0.07771419733762741
0.0,0.0,0.0,0.2757212221622467,-0.26124027371406555,-0.22643698751926422,0.40045082569122314,-0.6641088128089905,-0.3305746912956238,0.14645151793956757,-0.8983305096626282,-0.4182966649532318,-0.10442465543746948,-0.9898172616958618,-0.4743906855583191,0.1666991412639618,-1.1269227266311646,-0.11649364978075027,0.14190028607845306,-1.5383296012878418,-0.3611215054988861,0.04734644666314125,-1.64765465259552,-0.46375757455825806,-0.024568956345319748,-1.5366297960281372,-0.47493651509284973,-0.12289451062679291,-0.9885137677192688,-0.08796321600675583,-0.19477742910385132,-1.1208157539367676,-0.3196074664592743,-0.06869126856327057,-0.7440967559814453,-0.3007551431655884,0.018098365515470505,-0.6540390849113464,-0.21231193840503693,-0.36249715089797974,-0.8365833163261414,-0.11101237684488297,-0.4344952702522278,-0.9200264811515808,-0.36868971586227417,-0.2689177095890045,-0.5964736938476562,-0.263261079788208,-0.2003406137228012,-0.548646092414856,-0.1165834292769432,-0.5976896286010742,-0.645304799079895,-0.15589560568332672,-0.642970085144043,-0.7430264353752136,-0.2993827164173126,-0.47821566462516785,-0.5258046984672546,-0.19349583983421326,-0.4190531373023987,-0.4612327516078949,-0.06485792994499207
0.0,0.0,0.0,0.2855529189109802,-0.25153493881225586,-0.2058836966753006,0.40622377395629883,-0.6754647493362427,-0.28731343150138855,0.1390475183725357,-0.9194979667663574,-0.3510036766529083,-0.1367357224225998,-0.9997789859771729,-0.3862190544605255,0.1615125983953476,-1.1224631071090698,-0.12655313313007355,0.11958900839090347,-1.5661401748657227,-0.36107608675956726,0.008922068402171135,-1.6645680665969849,-0.4662121832370758,-0.06799446791410446,-1.5538597106933594,-0.4848245680332184,-0.1229647845029831,-0.9868940114974976,-0.10449836403131485,-0.21263134479522705,-1.1239019632339478,-0.3336605429649353,-0.07965686172246933,-0.7605812549591064,-0.3317109942436218,0.025310441851615906,-0.6396932601928711,-0.2642988860607147,-0.3659324049949646,-0.8267423510551453,-0.1267194002866745,-0.4559996724128723,-0.9202274084091187,-0.38049736618995667,-0.28489699959754944,-0.6037105917930603,-0.2873350977897644,-0.20551688969135284,-0.528358519077301,-0.15471404790878296,-0.6046981811523438,-0.6222303509712219,-0.16729716956615448,-0.6599169373512268,-0.7471201419830322,-0.31404706835746765,-0.4927346110343933,-0.5340188145637512,-0.21120047569274902,-0.42823880910873413,-0.44354769587516785,-0.08730972558259964
0.0,0.0,0.0,0.26718178391456604,-0.2832361161708832,-0.24245783686637878,0.37325090169906616,-0.667908251285553,-0.35435518622398376,0.12496835738420486,-0.9078500866889954,-0.44919803738594055,-0.11331076174974442,-1.034853219985962,-0.5107972621917725,0.12851981818675995,-1.132628083229065,-0.1279967725276947,0.1001792773604393,-1.5556994676589966,-0.38802385330200195,-0.013919604010879993,-1.657553791999817,-0.5012621879577637,-0.10155705362558365,-1.5523878335952759,-0.5179007053375244,-0.148625910282135,-0.9843583106994629,-0.09459908306598663,-0.25686976313591003,-1.111355185508728,-0.34213167428970337,-0.1256265938282013,-0.7368028163909912,-0.3276675343513489,-0.013982986100018024,-0.6566942930221558,-0.24006421864032745,-0.3823430836200714,-0.8199575543403625,-0.11572825908660889,-0.48366063833236694,-0.8875099420547485,-0.389525830745697,-0.3098684847354889,-0.5694782137870789,-0.28637588024139404,-0.2183953821659088,-0.5321950912475586,-0.1371031552553177,-0.6072543263435364,-0.6174749135971069,-0.1601305902004242,-0.6839157938957214,-0.7175331711769104,-0.31570348143577576,-0.5114442706108093,-0.4999336898326874,-0.21067164838314056,-0.4300691485404968,-0.43137940764427185,-0.0787838026881218
0.0,0.0,0.0,0.26932311058044434,-0.2812550365924835,-0.25786277651786804,0.3761399984359741,-0.6706452369689941,-0.383522629737854,0.1370316445827484,-0.9217509627342224,-0.4933086633682251,-0.07729967683553696,-1.0544508695602417,-0.5690178275108337,0.14220619201660156,-1.1385524272918701,-0.13917408883571625,0.09923061728477478,-1.561724066734314,-0.40251249074935913,-0.018225451931357384,-1.6597708463668823,-0.512550413608551,-0.09815040975809097,-1.5441724061965942,-0.5266847610473633,-0.14066216349601746,-0.9850937724113464,-0.09901731461286545,-0.2550410032272339,-1.1158910989761353,-0.362572580575943,-0.13096821308135986,-0.7354481220245361,-0.34945735335350037,-0.014976557344198227,-0.6524283289909363,-0.25720977783203125,-0.3754331171512604,-0.8242447972297668,-0.11463198810815811,-0.4812178909778595,-0.8924909830093384,-0.40218424797058105,-0.31142324209213257,-0.5682037472724915,-0.2987777888774872,-0.20995362102985382,-0.5182127952575684,-0.14443223178386688,-0.6019688844680786,-0.6285055875778198,-0.15496483445167542,-0.6747843623161316,-0.7273108959197998,-0.3244256377220154,-0.5084645748138428,-0.5022038221359253,-0.2272217720746994,-0.4183492362499237,-0.42945122718811035,-0.09732024371623993
0.0,0.0,0.0,0.274368554353714,-0.2756825089454651,-0.23293782770633698,0.3946130871772766,-0.6791618466377258,-0.3333033621311188,0.13993248343467712,-0.915855884552002,-0.4150107502937317,-0.09898394346237183,-1.0138574838638306,-0.46153366565704346,0.14392530918121338,-1.1437069177627563,-0.12000526487827301,0.1096716821193695,-1.5619183778762817,-0.3795247972011566,-0.00660679629072547,-1.6711313724517822,-0.4937068223953247,-0.09382712095975876,-1.5778555870056152,-0.5106917023658752,-0.1398077756166458,-0.9862920641899109,-0.08764587342739105,-0.23254252970218658,-1.1224247217178345,-0.32613450288772583,-0.10606169700622559,-0.7403522729873657,-0.3087599575519562,-0.008712191134691238,-0.6663264632225037,-0.22067351639270782,-0.3748560845851898,-0.8269766569137573,-0.10909093171358109,-0.46592700481414795,-0.9190570116043091,-0.3754488527774811,-0.296187162399292,-0.5872136354446411,-0.26895126700401306,-0.21302254498004913,-0.5477508902549744,-0.11890359222888947,-0.6024602651596069,-0.6299924254417419,-0.15346574783325195,-0.6631011366844177,-0.7394082546234131,-0.3001764714717865,-0.4930853545665741,-0.5164744853973389,-0.19068914651870728,-0.4200380742549896,-0.446605920791626,-0.05753479152917862
0.0,0.0,0.0,0.2779201865196228,-0.26871535181999207,-0.21235589683055878,0.4045710563659668,-0.6735623478889465,-0.3114142417907715,0.16282548010349274,-0.907361626625061,-0.3980991542339325,-0.07707950472831726,-1.0063586235046387,-0.4606349766254425,0.12178327143192291,-1.1199246644973755,-0.14911986887454987,0.08284248411655426,-1.576611876487732,-0.3944275975227356,-0.025486772879958153,-1.6770356893539429,-0.5127379298210144,-0.09775593131780624,-1.5649868249893188,-0.5423427224159241,-0.16468939185142517,-0.9784963130950928,-0.12418707460165024,-0.2518264055252075,-1.1146920919418335,-0.3792499005794525,-0.1384461373090744,-0.7505310773849487,-0.39420393109321594,-0.03846845030784607,-0.6047520041465759,-0.3346561789512634,-0.4032738208770752,-0.8132858276367188,-0.14190655946731567,-0.4776788651943207,-0.8975694179534912,-0.4067413806915283,-0.31995901465415955,-0.5826834440231323,-0.32300421595573425,-0.23508085310459137,-0.4909367263317108,-0.19474376738071442,-0.6315234899520874,-0.6100956201553345,-0.17806236445903778,-0.6661989092826843,-0.732556939125061,-0.3306989371776581,-0.5092636346817017,-0.5159726142883301,-0.2361646294593811,-0.43135133385658264,-0.4296644628047943,-0.11722663044929504
0.0,0.0,0.0,0.2664535641670227,-0.2738439440727234,-0.151264488697052,0.3655956983566284,-0.67060387134552,-0.22619710862636566,0.13531258702278137,-0.8892224431037903,-0.3009524941444397,-0.12553653120994568,-0.9620223641395569,-0.35535356402397156,0.13362863659858704,-1.1139850616455078,-0.10556764900684357,0.05379537492990494,-1.5942388772964478,-0.3353499472141266,-0.06866787374019623,-1.6651047468185425,-0.46441927552223206,-0.14246730506420135,-1.5311466455459595,-0.5065703988075256,-0.1458105891942978,-0.9836485385894775,-0.1057111918926239,-0.25717031955718994,-1.1140843629837036,-0.33845460414886475,-0.15879833698272705,-0.7879517674446106,-0.3763858675956726,-0.042240459471940994,-0.6377740502357483,-0.34675702452659607,-0.3840998113155365,-0.8203758001327515,-0.13954751193523407,-0.4816964268684387,-0.9178534150123596,-0.36663123965263367,-0.3492652177810669,-0.6325313448905945,-0.29893529415130615,-0.25250378251075745,-0.5401816368103027,-0.1971292495727539,-0.6067068576812744,-0.6265132427215576,-0.1879790723323822,-0.6592741012573242,-0.7387909889221191,-0.3148135244846344,-0.5237334370613098,-0.5363256335258484,-0.2238101363182068,-0.43447697162628174,-0.45097652077674866,-0.11592770367860794
0.0,0.0,0.0,0.2772901654243469,-0.2712870240211487,-0.24874825775623322,0.40279901027679443,-0.6707543730735779,-0.353174090385437,0.16221509873867035,-0.9107982516288757,-0.4373728930950165,-0.06339164078235626,-1.0214887857437134,-0.4869893789291382,0.13729913532733917,-1.1319063901901245,-0.16547639667987823,0.08026110380887985,-1.6007640361785889,-0.41289952397346497,-0.05129419267177582,-1.652509093284607,-0.5058802962303162,-0.12925313413143158,-1.500179409980774,-0.5125331878662109,-0.13911186158657074,-0.9828927516937256,-0.12070546299219131,-0.2555656135082245,-1.119016408920288,-0.3807646334171295,-0.14541059732437134,-0.7325832843780518,-0.37648332118988037,-0.026490015909075737,-0.6142908930778503,-0.29701584577560425,-0.3768782317638397,-0.8277470469474792,-0.12528930604457855,-0.4808802902698517,-0.8941054940223694,-0.4075360894203186,-0.32178157567977905,-0.5666274428367615,-0.3201611042022705,-0.21824102103710175,-0.5023276805877686,-0.18124400079250336,-0.6105677485466003,-0.6418300271034241,-0.15124493837356567,-0.6724792122840881,-0.7438609600067139,-0.3197188973426819,-0.5100843906402588,-0.5126075744628906,-0.23015239834785461,-0.4163599908351898,-0.4309673011302948,-0.10834401845932007
0.0,0.0,0.0,0.25884145498275757,-0.26214951276779175,-0.1956898421049118,0.3693496584892273,-0.6255049705505371,-0.2954179644584656,0.15460547804832458,-0.8473018407821655,-0.3897861838340759,-0.08244030922651291,-0.9573503732681274,-0.46310147643089294,0.1293674260377884,-1.0963447093963623,-0.11238910257816315,0.08451385796070099,-1.524612307548523,-0.34415334463119507,-0.01765916496515274,-1.5894607305526733,-0.477949857711792,-0.0951719656586647,-1.4591823816299438,-0.5232073068618774,-0.1315712034702301,-0.9869714379310608,-0.09260895848274231,-0.23189061880111694,-1.0965805053710938,-0.34830784797668457,-0.14502514898777008,-0.7755036950111389,-0.40607357025146484,-0.044809192419052124,-0.599169135093689,-0.37945377826690674,-0.3568912446498871,-0.8364081382751465,-0.11130917072296143,-0.4370279312133789,-0.899509072303772,-0.363307923078537,-0.31544390320777893,-0.6204457879066467,-0.31921276450157166,-0.22560341656208038,-0.5010395050048828,-0.2204357087612152,-0.5738428235054016,-0.6508841514587402,-0.1473095417022705,-0.6064931154251099,-0.7575510740280151,-0.3019792437553406,-0.482151597738266,-0.5582987070083618,-0.23877571523189545,-0.3981427550315857,-0.4585078954696655,-0.1418086141347885
0.0,0.0,0.0,0.25200340151786804,-0.2774930000305176,-0.24152809381484985,0.3640963137149811,-0.6688905358314514,-0.35049739480018616,0.13765224814414978,-0.8993092179298401,-0.4422784745693207,-0.09335187077522278,-1.0126092433929443,-0.4999845027923584,0.1214149072766304,-1.1227654218673706,-0.13142924010753632,0.08064275979995728,-1.5281739234924316,-0.3870517313480377,-0.029740581288933754,-1.5989853143692017,-0.4962468445301056,-0.10830532014369965,-1.4852683544158936,-0.5122913718223572,-0.1503022313117981,-0.9842196702957153,-0.09338624030351639,-0.2576836049556732,-1.0777652263641357,-0.34829166531562805,-0.13555915653705597,-0.7059683799743652,-0.3453909754753113,-0.026306582614779472,-0.6304680109024048,-0.26520970463752747,-0.38101518154144287,-0.8336427807807922,-0.10802233219146729,-0.4898243844509125,-0.8627896904945374,-0.3840155303478241,-0.3230186104774475,-0.5493764877319336,-0.2972002923488617,-0.21760618686676025,-0.5215311050415039,-0.15869194269180298,-0.6040351390838623,-0.6500453352928162,-0.14522172510623932,-0.6838647127151489,-0.7082393169403076,-0.3044648766517639,-0.518631637096405,-0.49207863211631775,-0.21639926731586456,-0.42338311672210693,-0.4347294270992279,-0.09621702879667282
0.0,0.0,0.0,0.2807881236076355,-0.26362207531929016,-0.23901382088661194,0.4258958697319031,-0.6612679362297058,-0.351924866437912,0.17515693604946136,-0.8892055153846741,-0.44683101773262024,-0.08203169703483582,-0.9840955138206482,-0.5087740421295166,0.15574921667575836,-1.1255261898040771,-0.13473618030548096,0.12965331971645355,-1.534602403640747,-0.39105790853500366,0.038826920092105865,-1.6189591884613037,-0.4971383213996887,-0.02154582180082798,-1.5057634115219116,-0.5094584226608276,-0.13075143098831177,-0.9866306185722351,-0.09728296101093292,-0.20623798668384552,-1.097287654876709,-0.348886638879776,-0.08156289160251617,-0.7224299907684326,-0.33891376852989197,0.015698151662945747,-0.6432883739471436,-0.25383201241493225,-0.37110623717308044,-0.8355396389961243,-0.11151399463415146,-0.44985365867614746,-0.8833559155464172,-0.3845505714416504,-0.2845115661621094,-0.5646871328353882,-0.28544336557388306,-0.1960674673318863,-0.5330573916435242,-0.13959676027297974,-0.6098484396934509,-0.6520611047744751,-0.1476256549358368,-0.6548241972923279,-0.720416247844696,-0.30142566561698914,-0.4865575432777405,-0.497976154088974,-0.20288221538066864,-0.4077354967594147,-0.4422175884246826,-0.07656679302453995
0.0,0.0,0.0,0.302322655916214,-0.23000864684581757,-0.24517616629600525,0.4652552306652069,-0.6481353640556335,-0.3602546453475952,0.22143426537513733,-0.9344174265861511,-0.457486093044281,0.02244406007230282,-1.0986086130142212,-0.5165340304374695,0.21498319506645203,-1.118029236793518,-0.13443970680236816,0.22118911147117615,-1.5245413780212402,-0.39031729102134705,0.16179749369621277,-1.6245592832565308,-0.4773847162723541,0.11079341918230057,-1.526355504989624,-0.47621023654937744,-0.0978267565369606,-0.9902215003967285,-0.09945478290319443,-0.1200278103351593,-1.1291743516921997,-0.3571667969226837,0.004858539905399084,-0.7217286825180054,-0.3260937035083771,0.058774933218955994,-0.6535239815711975,-0.22106923162937164,-0.3500105142593384,-0.8473257422447205,-0.1186036467552185,-0.38612741231918335,-0.929049551486969,-0.41002368927001953,-0.2184057980775833,-0.5781722068786621,-0.2912808358669281,-0.1753784567117691,-0.5503857135772705,-0.128119096159935,-0.6044551730155945,-0.665827751159668,-0.15946033596992493,-0.6013724207878113,-0.7398340106010437,-0.3347204029560089,-0.42373165488243103,-0.5079572200775146,-0.2380380779504776,-0.3743598759174347,-0.4661175608634949,-0.10972898453474045
0.0,0.0,0.0,0.29119375348091125,-0.2329653948545456,-0.22533614933490753,0.44570812582969666,-0.6332871317863464,-0.34437745809555054,0.22713680565357208,-0.9130958318710327,-0.45129451155662537,0.02105635218322277,-1.0692030191421509,-0.5253626704216003,0.20904801785945892,-1.100325345993042,-0.12311411648988724,0.21480664610862732,-1.490305781364441,-0.3762495517730713,0.17739562690258026,-1.6036481857299805,-0.47660353779792786,0.15160655975341797,-1.516157865524292,-0.48763465881347656,-0.10313726216554642,-0.9896904230117798,-0.09937569499015808,-0.11243686825037003,-1.1180319786071777,-0.3444969654083252,0.004482597578316927,-0.7250849604606628,-0.3168591856956482,0.054665643721818924,-0.6527126431465149,-0.21995176374912262,-0.354236364364624,-0.8501822352409363,-0.1275266706943512,-0.3735145926475525,-0.9159802198410034,-0.3992842435836792,-0.21707111597061157,-0.5835047364234924,-0.28167155385017395,-0.17577914893627167,-0.5532888770103455,-0.12633036077022552,-0.6043915152549744,-0.6694654226303101,-0.17699392139911652,-0.5975601673126221,-0.7296490669250488,-0.33502867817878723,-0.4263291656970978,-0.5081477165222168,-0.23583978414535522,-0.3751521408557892,-0.4664687514305115,-0.11105749756097794
0.0,0.0,0.0,0.3206787705421448,-0.22373877465724945,-0.21469782292842865,0.5026913285255432,-0.635781466960907,-0.3151097595691681,0.2776780426502228,-0.9335465431213379,-0.40081626176834106,0.061987925320863724,-1.0980700254440308,-0.4539943039417267,0.24703699350357056,-1.1023814678192139,-0.10210448503494263,0.262193500995636,-1.494354486465454,-0.3469308018684387,0.2365109771490097,-1.621450662612915,-0.44933655858039856,0.21512523293495178,-1.546883463859558,-0.4645344316959381,-0.06955194473266602,-0.9940658211708069,-0.08364031463861465,-0.056475233286619186,-1.163271188735962,-0.31515660881996155,0.0594085156917572,-0.7541385293006897,-0.28770530223846436,0.09579887241125107,-0.6571835875511169,-0.19486260414123535,-0.3265235126018524,-0.8543063998222351,-0.11684918403625488,-0.3288980722427368,-0.972585141658783,-0.38440370559692383,-0.1780480146408081,-0.6218112111091614,-0.26919808983802795,-0.16569946706295013,-0.577282190322876,-0.1178966835141182,-0.5828171968460083,-0.666562557220459,-0.16966617107391357,-0.5530567169189453,-0.7772343158721924,-0.32510218024253845,-0.38556984066963196,-0.5468120574951172,-0.22176769375801086,-0.36613669991493225,-0.49107399582862854,-0.09794650226831436
0.0,0.0,0.0,0.3102736473083496,-0.22035644948482513,-0.2124277800321579,0.4908543527126312,-0.6377074122428894,-0.3062479496002197,0.2545554041862488,-0.9099993705749512,-0.38700273633003235,0.015370993874967098,-1.03694486618042,-0.43406376242637634,0.2476292848587036,-1.1029781103134155,-0.10106939822435379,0.23955829441547394,-1.5153101682662964,-0.3353477120399475,0.18503938615322113,-1.61576509475708,-0.42270827293395996,0.14800593256950378,-1.5278440713882446,-0.42787784337997437,-0.06386832892894745,-0.9949631094932556,-0.0772605836391449,-0.08636845648288727,-1.1154448986053467,-0.30214977264404297,0.016393128782510757,-0.7371734976768494,-0.2799999415874481,0.07194332033395767,-0.6855916976928711,-0.1945263296365738,-0.3180446922779083,-0.8624809980392456,-0.10330250859260559,-0.35360607504844666,-0.9221145510673523,-0.3465184271335602,-0.2137586921453476,-0.6025323271751404,-0.23388415575027466,-0.16829021275043488,-0.597100555896759,-0.09305907040834427,-0.5735231637954712,-0.6910319328308105,-0.15079757571220398,-0.5852588415145874,-0.7452850937843323,-0.2798653841018677,-0.4322175681591034,-0.5268203616142273,-0.17425735294818878,-0.38780996203422546,-0.49249330163002014,-0.05306378751993179
0.0,0.0,0.0,0.28265708684921265,-0.25124886631965637,-0.23243974149227142,0.4351198375225067,-0.6534756422042847,-0.3520054221153259,0.2064538598060608,-0.9092096090316772,-0.457322895526886,-0.008997365832328796,-1.0578835010528564,-0.5306646227836609,0.17946290969848633,-1.1059238910675049,-0.14690899848937988,0.16174691915512085,-1.517756700515747,-0.3932245373725891,0.0982004925608635,-1.612410306930542,-0.48670950531959534,0.059991661459207535,-1.50532865524292,-0.4926271438598633,-0.12445295602083206,-0.9855737686157227,-0.11469940841197968,-0.1641622632741928,-1.1029531955718994,-0.3549775779247284,-0.057520750910043716,-0.7241371273994446,-0.33371859788894653,0.006693150848150253,-0.6477411389350891,-0.24438872933387756,-0.3702656626701355,-0.8447014689445496,-0.131334125995636,-0.4177236258983612,-0.9011853933334351,-0.3910069465637207,-0.2709921598434448,-0.5786737203598022,-0.27693235874176025,-0.21307921409606934,-0.5436480045318604,-0.12774446606636047,-0.6141822934150696,-0.6682392954826355,-0.16981934010982513,-0.6352969408035278,-0.7345577478408813,-0.3166753053665161,-0.47516462206840515,-0.5139675736427307,-0.2127937376499176,-0.4149184226989746,-0.4651423990726471,-0.08593369275331497
0.0,0.0,0.0,0.26987597346305847,-0.26164019107818604,-0.2157193124294281,0.41732707619667053,-0.6501215696334839,-0.32363227009773254,0.19441653788089752,-0.8822248578071594,-0.4194980263710022,-0.043318506330251694,-1.0037823915481567,-0.48813214898109436,0.160019189119339,-1.10482919216156,-0.1434536576271057,0.14057792723178864,-1.5306075811386108,-0.3844453990459442,0.04677707329392433,-1.6049063205718994,-0.4905838370323181,-0.019165275618433952,-1.4831968545913696,-0.5103103518486023,-0.12322008609771729,-0.9854338765144348,-0.11720442026853561,-0.20253558456897736,-1.0804641246795654,-0.3575906753540039,-0.10077816992998123,-0.7216745615005493,-0.36013463139533997,-0.005687084048986435,-0.6216604709625244,-0.294815331697464,-0.36223873496055603,-0.8388395309448242,-0.13569268584251404,-0.44563642144203186,-0.8702614307403564,-0.3876582086086273,-0.29824569821357727,-0.5693652033805847,-0.2979116141796112,-0.20745694637298584,-0.5178564786911011,-0.1710961014032364,-0.597676157951355,-0.6561452746391296,-0.1744856834411621,-0.6533670425415039,-0.7137024402618408,-0.31955358386039734,-0.495950311422348,-0.5003208518028259,-0.2272869050502777,-0.4095783233642578,-0.4357261657714844,-0.11201408505439758
0.0,0.0,0.0,0.2570345997810364,-0.263792484998703,-0.25149574875831604,0.38639035820961,-0.6578507423400879,-0.3636002838611603,0.14395968616008759,-0.8896198272705078,-0.4540551006793976,-0.08760207146406174,-1.0251202583312988,-0.5098034143447876,0.12820015847682953,-1.1159946918487549,-0.17287886142730713,0.09837590903043747,-1.5412908792495728,-0.43237677216529846,-0.01902121491730213,-1.5955801010131836,-0.536258339881897,-0.10803557932376862,-1.4808681011199951,-0.5499782562255859,-0.15045522153377533,-0.9800376892089844,-0.12995921075344086,-0.2639278769493103,-1.0757814645767212,-0.38951414823532104,-0.1358598917722702,-0.6904529333114624,-0.3823821246623993,-0.017944850027561188,-0.6066949963569641,-0.30365651845932007,-0.3904126286506653,-0.8296034932136536,-0.13770443201065063,-0.5117906332015991,-0.8704114556312561,-0.42042362689971924,-0.3326703608036041,-0.5472373366355896,-0.3271377384662628,-0.21629956364631653,-0.5077558755874634,-0.18786032497882843,-0.6242049932479858,-0.6434304118156433,-0.16781039535999298,-0.7101138830184937,-0.7165530323982239,-0.33867374062538147,-0.5295722484588623,-0.49037379026412964,-0.24904437363147736,-0.4221252202987671,-0.4193291664123535,-0.12841357290744781
0.0,0.0,0.0,0.2524453401565552,-0.2652228772640228,-0.2447347342967987,0.36345502734184265,-0.6381773352622986,-0.3476948142051697,0.12281716614961624,-0.8598663806915283,-0.43184807896614075,-0.10855252295732498,-0.9821915626525879,-0.4848458468914032,0.12630753219127655,-1.1082067489624023,-0.1615799218416214,0.08576664328575134,-1.5575929880142212,-0.40773677825927734,-0.04573263227939606,-1.6007050275802612,-0.5193955302238464,-0.1484702229499817,-1.4764842987060547,-0.5422762632369995,-0.13410216569900513,-0.9840181469917297,-0.1171538457274437,-0.27592384815216064,-1.0634987354278564,-0.3823701739311218,-0.168817937374115,-0.7063713669776917,-0.41091737151145935,-0.03665928542613983,-0.5861616134643555,-0.3586375415325165,-0.36677590012550354,-0.8391106724739075,-0.11877550929784775,-0.4993896186351776,-0.8640891909599304,-0.3973005712032318,-0.3442577123641968,-0.5620488524436951,-0.33931028842926025,-0.21318067610263824,-0.49234849214553833,-0.22221128642559052,-0.5926399827003479,-0.6635876297950745,-0.14136378467082977,-0.6947193145751953,-0.7429921627044678,-0.3144349455833435,-0.5348758697509766,-0.5277141332626343,-0.2446443885564804,-0.4102441668510437,-0.43756943941116333,-0.1353076696395874
0.0,0.0,0.0,0.24408115446567535,-0.2563244104385376,-0.2566237449645996,0.3531811833381653,-0.605915904045105,-0.38294652104377747,0.1306355744600296,-0.8300836086273193,-0.4898066520690918,-0.1151307001709938,-0.9564554691314697,-0.5676066279411316,0.12777914106845856,-1.1043329238891602,-0.19969262182712555,0.05790729075670242,-1.5497888326644897,-0.4551906883716583,-0.10464698076248169,-1.5776457786560059,-0.5780761241912842,-0.21841037273406982,-1.4330910444259644,-0.6106213331222534,-0.12697771191596985,-0.9801982045173645,-0.1519477814435959,-0.29305487871170044,-1.0493396520614624,-0.42375797033309937,-0.1977495551109314,-0.6924746632575989,-0.4553406536579132,-0.05939484387636185,-0.5653840899467468,-0.40863922238349915,-0.3594438433647156,-0.8338044881820679,-0.14896322786808014,-0.5183648467063904,-0.8599365949630737,-0.42191675305366516,-0.37779486179351807,-0.5657591223716736,-0.35710158944129944,-0.24372044205665588,-0.48420071601867676,-0.24148908257484436,-0.5872732400894165,-0.6602891683578491,-0.1686347872018814,-0.7039804458618164,-0.7248327732086182,-0.34128132462501526,-0.5562225580215454,-0.5144126415252686,-0.2713172435760498,-0.4259715974330902,-0.4241613447666168,-0.16382035613059998
0.0,0.0,0.0,0.24386875331401825,-0.2722143232822418,-0.2387237399816513,0.3492612838745117,-0.6401289701461792,-0.3391256630420685,0.0930233970284462,-0.8463448286056519,-0.4208256006240845,-0.14868611097335815,-0.9471023082733154,-0.47135692834854126,0.10079397261142731,-1.1103246212005615,-0.1600751429796219,0.023111913353204727,-1.5475293397903442,-0.38980695605278015,-0.12852466106414795,-1.5565599203109741,-0.48804646730422974,-0.22782862186431885,-1.4099606275558472,-0.5066146850585938,-0.14483506977558136,-0.9827048778533936,-0.11538653820753098,-0.32006579637527466,-1.043766975402832,-0.3776772916316986,-0.22727657854557037,-0.6912177205085754,-0.40860578417778015,-0.08507518470287323,-0.5719960331916809,-0.35956358909606934,-0.3655988574028015,-0.8339252471923828,-0.1135823205113411,-0.5284720063209534,-0.8409011363983154,-0.38763558864593506,-0.38212886452674866,-0.5485706329345703,-0.3357139229774475,-0.2341461330652237,-0.4835933744907379,-0.22554990649223328,-0.5800275206565857,-0.6581170558929443,-0.13165757060050964,-0.7075731158256531,-0.7070678472518921,-0.3088812828063965,-0.5544424057006836,-0.49465903639793396,-0.24863828718662262,-0.4116594195365906,-0.4154408872127533,-0.14670708775520325
0.0,0.0,0.0,0.2299235761165619,-0.2861403226852417,-0.23367786407470703,0.3249499797821045,-0.6401728391647339,-0.3404940664768219,0.09274697303771973,-0.8363428711891174,-0.43078967928886414,-0.14521634578704834,-0.9372907280921936,-0.4915584921836853,0.08401224762201309,-1.1120585203170776,-0.16168542206287384,0.009423471055924892,-1.5309700965881348,-0.4035351872444153,-0.13542647659778595,-1.5504374504089355,-0.5179253816604614,-0.2443477064371109,-1.4191017150878906,-0.5479641556739807,-0.1604517251253128,-0.9794727563858032,-0.12201768159866333,-0.3322657346725464,-1.0303239822387695,-0.38442477583885193,-0.2243156135082245,-0.6862953901290894,-0.41737261414527893,-0.09025394916534424,-0.5800389051437378,-0.37254706025123596,-0.37871217727661133,-0.8280787467956543,-0.12587763369083405,-0.5436930656433105,-0.8304250240325928,-0.39775577187538147,-0.3833189308643341,-0.5442386865615845,-0.34352320432662964,-0.2409663051366806,-0.4883451461791992,-0.2348306030035019,-0.5878852605819702,-0.6507751941680908,-0.14997227489948273,-0.7162063717842102,-0.6834153532981873,-0.32319238781929016,-0.5495215058326721,-0.47856128215789795,-0.2612256407737732,-0.4077235460281372,-0.4152602255344391,-0.160644069314003
0.0,0.0,0.0,0.22517211735248566,-0.30059438943862915,-0.23302419483661652,0.30148547887802124,-0.6538881659507751,-0.33973032236099243,0.06791114807128906,-0.8448284864425659,-0.4317814111709595,-0.17090430855751038,-0.9278717041015625,-0.49756327271461487,0.06900540739297867,-1.0998927354812622,-0.15164048969745636,0.007005288731306791,-1.5114827156066895,-0.3842385709285736,-0.13963156938552856,-1.5435525178909302,-0.5014205574989319,-0.2543123662471771,-1.418668270111084,-0.5368872284889221,-0.16492629051208496,-0.9798973798751831,-0.11225101351737976,-0.34668996930122375,-1.021679162979126,-0.38044798374176025,-0.2458273321390152,-0.6991565227508545,-0.4297083616256714,-0.10564227402210236,-0.5705767273902893,-0.39442726969718933,-0.37636545300483704,-0.8317716121673584,-0.11474575102329254,-0.5460039973258972,-0.8251054286956787,-0.3832187056541443,-0.3958205580711365,-0.5562344789505005,-0.34285837411880493,-0.25009608268737793,-0.48210373520851135,-0.24249348044395447,-0.5755162835121155,-0.6572785377502441,-0.13788361847400665,-0.7064135074615479,-0.6846627593040466,-0.31013500690460205,-0.5518020987510681,-0.49214228987693787,-0.25834617018699646,-0.4077122211456299,-0.42370158433914185,-0.16442041099071503
0.0,0.0,0.0,0.23076051473617554,-0.290507435798645,-0.24371841549873352,0.3150481879711151,-0.6592936515808105,-0.35170090198516846,0.07300744205713272,-0.8668393492698669,-0.4429018199443817,-0.1702665239572525,-0.9661185145378113,-0.5037143230438232,0.06260544061660767,-1.1165663003921509,-0.15912018716335297,-0.01695249043405056,-1.5490198135375977,-0.4069712162017822,-0.16417832672595978,-1.5748567581176758,-0.5219770669937134,-0.2690204381942749,-1.4406307935714722,-0.5494794845581055,-0.1790280044078827,-0.9770283102989197,-0.11560555547475815,-0.36359259486198425,-1.0258638858795166,-0.38622617721557617,-0.23956291377544403,-0.6771457195281982,-0.41568058729171753,-0.09295050799846649,-0.5676284432411194,-0.363597571849823,-0.39595139026641846,-0.8186747431755066,-0.11802913248538971,-0.5657874345779419,-0.8210941553115845,-0.40069741010665894,-0.3939124345779419,-0.5335016250610352,-0.34346306324005127,-0.24830666184425354,-0.47484609484672546,-0.22683623433113098,-0.6016297936439514,-0.6346688270568848,-0.14138638973236084,-0.7330338358879089,-0.6797524094581604,-0.3205825090408325,-0.5618204474449158,-0.47375014424324036,-0.25516602396965027,-0.42095670104026794,-0.4052269756793976,-0.14853230118751526
0.0,0.0,0.0,0.225330650806427,-0.27711448073387146,-0.23441046476364136,0.29748496413230896,-0.627882182598114,-0.3467743396759033,0.06954412162303925,-0.826564610004425,-0.44413691759109497,-0.1706545054912567,-0.9307518005371094,-0.5133534669876099,0.03730044886469841,-1.1100860834121704,-0.17594186961650848,-0.04772330820560455,-1.5488353967666626,-0.4158731698989868,-0.20459416508674622,-1.572533369064331,-0.5300789475440979,-0.3104306161403656,-1.429168462753296,-0.5621204376220703,-0.201375812292099,-0.9697294235229492,-0.13810405135154724,-0.396390438079834,-1.0108556747436523,-0.4079376757144928,-0.27985456585884094,-0.6767743825912476,-0.4479977786540985,-0.12650556862354279,-0.5590872764587402,-0.40793702006340027,-0.4156965911388397,-0.8054037690162659,-0.14093132317066193,-0.5936213731765747,-0.8027294278144836,-0.41142749786376953,-0.4320795238018036,-0.531705379486084,-0.3566124141216278,-0.28615742921829224,-0.465547651052475,-0.24802713096141815,-0.6153877973556519,-0.6155386567115784,-0.16414208710193634,-0.7502923607826233,-0.6506153345108032,-0.3381101191043854,-0.5897070169448853,-0.4607901871204376,-0.27506500482559204,-0.44718196988105774,-0.3987945020198822,-0.1722417026758194
0.0,0.0,0.0,0.21695993840694427,-0.29434144496917725,-0.2173919826745987,0.2786402404308319,-0.6498646140098572,-0.32463520765304565,0.051954157650470734,-0.8506150245666504,-0.42147696018218994,-0.18567177653312683,-0.9569783806800842,-0.49198096990585327,0.01819956675171852,-1.1059941053390503,-0.15889641642570496,-0.08760298043489456,-1.5398154258728027,-0.3986455798149109,-0.2379026859998703,-1.556414246559143,-0.5189327597618103,-0.3390413224697113,-1.4141596555709839,-0.5548654198646545,-0.21962009370326996,-0.9672428965568542,-0.12731145322322845,-0.4091804027557373,-1.0057706832885742,-0.3917943835258484,-0.2802508771419525,-0.682804524898529,-0.4335304796695709,-0.1263507455587387,-0.5664011240005493,-0.39649802446365356,-0.43278661370277405,-0.801917314529419,-0.1353326290845871,-0.6008175611495972,-0.8077566027641296,-0.39705991744995117,-0.42893144488334656,-0.544503927230835,-0.34075409173965454,-0.27895060181617737,-0.4778013229370117,-0.23397952318191528,-0.6303938627243042,-0.6105592846870422,-0.16304346919059753,-0.7596102952957153,-0.6537958979606628,-0.32870057225227356,-0.59000563621521,-0.4684181809425354,-0.2630150616168976,-0.44154033064842224,-0.4060603976249695,-0.16066846251487732
0.0,0.0,0.0,0.2313118577003479,-0.2731705904006958,-0.2173726111650467,0.30912816524505615,-0.6245880722999573,-0.3291303813457489,0.06954135000705719,-0.8247336745262146,-0.42999112606048584,-0.16662338376045227,-0.9273089170455933,-0.5054173469543457,0.04051599279046059,-1.0967063903808594,-0.16004107892513275,-0.06481548398733139,-1.5275352001190186,-0.406939297914505,-0.19814084470272064,-1.5314487218856812,-0.5407736301422119,-0.28016775846481323,-1.3881198167800903,-0.5871585607528687,-0.20187227427959442,-0.970661997795105,-0.1306249350309372,-0.3657509684562683,-1.006582498550415,-0.4028790593147278,-0.2618243098258972,-0.6921189427375793,-0.4580574929714203,-0.12754540145397186,-0.5698814988136292,-0.4302311837673187,-0.41397756338119507,-0.8134345412254333,-0.14079448580741882,-0.5528168082237244,-0.8008667230606079,-0.40532007813453674,-0.4004489779472351,-0.5408239364624023,-0.35864487290382385,-0.26257961988449097,-0.4764164090156555,-0.25902894139289856,-0.608404278755188,-0.6295222640037537,-0.17051056027412415,-0.7098574042320251,-0.6594218015670776,-0.33765989542007446,-0.5580360889434814,-0.46768683195114136,-0.2775699496269226,-0.42468833923339844,-0.4080359637737274,-0.17948609590530396
0.0,0.0,0.0,0.23241782188415527,-0.2708432376384735,-0.22900988161563873,0.3110469877719879,-0.6416413187980652,-0.3355347216129303,0.0603761225938797,-0.848697304725647,-0.4283292889595032,-0.17553327977657318,-0.9580289721488953,-0.4930989146232605,0.047612693160772324,-1.106735110282898,-0.16103008389472961,-0.041451387107372284,-1.5536787509918213,-0.3952184021472931,-0.18322409689426422,-1.5759930610656738,-0.4995232820510864,-0.26862016320228577,-1.4295982122421265,-0.5225107073783875,-0.19582374393939972,-0.9729282259941101,-0.12273428589105606,-0.3708637058734894,-1.0246716737747192,-0.3845473527908325,-0.2601346969604492,-0.687831461429596,-0.41403499245643616,-0.11777827888727188,-0.5787413120269775,-0.36478954553604126,-0.4046364426612854,-0.8175051212310791,-0.1256600022315979,-0.5668522119522095,-0.8079367876052856,-0.3922687768936157,-0.40691637992858887,-0.5339271426200867,-0.33187949657440186,-0.26113784313201904,-0.48232272267341614,-0.21926705539226532,-0.6001542210578918,-0.6385154724121094,-0.14824961125850677,-0.732158362865448,-0.66661536693573,-0.31849876046180725,-0.5712898373603821,-0.46774399280548096,-0.25125226378440857,-0.4286901652812958,-0.4105343222618103,-0.14551863074302673
0.0,0.0,0.0,0.23049381375312805,-0.2684117555618286,-0.2589004635810852,0.307649701833725,-0.6262056827545166,-0.3905096650123596,0.07349240034818649,-0.8383916020393372,-0.5049864053726196,-0.14950302243232727,-0.9625844955444336,-0.5890637636184692,0.05208282917737961,-1.1061245203018188,-0.182792067527771,-0.04115154594182968,-1.5356546640396118,-0.4299398958683014,-0.17824825644493103,-1.5630419254302979,-0.537362277507782,-0.25205597281455994,-1.4141684770584106,-0.559016764163971,-0.1984124332666397,-0.9707977175712585,-0.13484936952590942,-0.3585347831249237,-1.0317957401275635,-0.4029006063938141,-0.24417632818222046,-0.6842911243438721,-0.42180898785591125,-0.10585491359233856,-0.5843608975410461,-0.3616285026073456,-0.4113089144229889,-0.8172949552536011,-0.13314911723136902,-0.5550598502159119,-0.8106440901756287,-0.408672034740448,-0.3933101296424866,-0.5276098847389221,-0.3368951678276062,-0.25370240211486816,-0.47713783383369446,-0.2137141227722168,-0.6130459308624268,-0.639272928237915,-0.15457990765571594,-0.7300112247467041,-0.6699613928794861,-0.33244267106056213,-0.5673022866249084,-0.4614998400211334,-0.261862576007843,-0.4316030740737915,-0.3987589180469513,-0.15183532238006592
0.0,0.0,0.0,0.23477382957935333,-0.2670157253742218,-0.2621452510356903,0.3055649399757385,-0.6487136483192444,-0.3755325376987457,0.0536893829703331,-0.8713342547416687,-0.46428272128105164,-0.19334837794303894,-0.9724998474121094,-0.5117758512496948,0.06316234171390533,-1.1224339008331299,-0.17963778972625732,-0.04594705253839493,-1.5498707294464111,-0.44120466709136963,-0.17730887234210968,-1.5634994506835938,-0.5406696796417236,-0.2488536685705185,-1.423028588294983,-0.5494186878204346,-0.18529987335205078,-0.9742743372917175,-0.1282711625099182,-0.3421408534049988,-1.0440092086791992,-0.38611456751823425,-0.20609621703624725,-0.682563066482544,-0.37734586000442505,-0.07803179323673248,-0.6260012984275818,-0.29886722564697266,-0.40130555629730225,-0.8191249370574951,-0.1294504851102829,-0.5413157343864441,-0.8311406373977661,-0.4030609130859375,-0.3656507730484009,-0.5342530608177185,-0.31331226229667664,-0.24350221455097198,-0.5172083377838135,-0.17859116196632385,-0.6065146327018738,-0.6368361711502075,-0.15522943437099457,-0.7123917937278748,-0.6776916980743408,-0.3201536238193512,-0.5449018478393555,-0.47011399269104004,-0.23712396621704102,-0.43369022011756897,-0.4153149425983429,-0.12091986835002899
0.0,0.0,0.0,0.2186150848865509,-0.2911306321620941,-0.2388681024312973,0.28184348344802856,-0.6385961771011353,-0.35909631848335266,0.06539607793092728,-0.8440715670585632,-0.4653017222881317,-0.1768907755613327,-0.9526393413543701,-0.5411230325698853,0.05981292948126793,-1.1091278791427612,-0.16377319395542145,-0.01939508505165577,-1.5415493249893188,-0.4114084839820862,-0.16096694767475128,-1.5771759748458862,-0.5311082005500793,-0.2594450116157532,-1.4433926343917847,-0.5632192492485046,-0.18120014667510986,-0.9753090143203735,-0.1262490302324295,-0.35100919008255005,-1.0500266551971436,-0.38630959391593933,-0.2342667579650879,-0.7238744497299194,-0.4147035479545593,-0.09778758138418198,-0.630391001701355,-0.36747655272483826,-0.3942888379096985,-0.8206784725189209,-0.1337781697511673,-0.5424192547798157,-0.8387452363967896,-0.3963589072227478,-0.38006407022476196,-0.569001317024231,-0.33012837171554565,-0.24562323093414307,-0.5222232937812805,-0.21588526666164398,-0.5952189564704895,-0.6414726376533508,-0.16400448977947235,-0.7027776837348938,-0.6943257451057434,-0.3228382468223572,-0.5436504483222961,-0.5026856660842896,-0.24933086335659027,-0.4164343774318695,-0.4389660358428955,-0.14358265697956085
0.0,0.0,0.0,0.22576016187667847,-0.2868348956108093,-0.2686079740524292,0.29038769006729126,-0.6500416398048401,-0.3917061388492584,0.05746753513813019,-0.8624422550201416,-0.492657870054245,-0.18138784170150757,-0.9691874384880066,-0.5593110918998718,0.046995315700769424,-1.1144274473190308,-0.17532844841480255,-0.03188241273164749,-1.5411683320999146,-0.4256270229816437,-0.1775011122226715,-1.5744415521621704,-0.5387636423110962,-0.2700759768486023,-1.4365835189819336,-0.563579261302948,-0.19044090807437897,-0.9742120504379272,-0.1210084930062294,-0.3529573380947113,-1.0573251247406006,-0.387204110622406,-0.24081510305404663,-0.7133763432502747,-0.409201979637146,-0.10234002023935318,-0.6141219139099121,-0.35102713108062744,-0.4006618559360504,-0.8188753724098206,-0.11607202887535095,-0.5440463423728943,-0.8346269726753235,-0.39359238743782043,-0.3826902210712433,-0.5519559979438782,-0.3317369222640991,-0.24313519895076752,-0.5056607127189636,-0.21244913339614868,-0.5990713238716125,-0.6414949893951416,-0.13511234521865845,-0.7092425227165222,-0.6962146759033203,-0.3070487380027771,-0.5514873266220093,-0.4940265417098999,-0.23998603224754333,-0.4224449396133423,-0.4274207651615143,-0.13426825404167175
0.0,0.0,0.0,0.22022207081317902,-0.3074418604373932,-0.23711137473583221,0.2757129967212677,-0.6739596128463745,-0.3404303193092346,0.044284164905548096,-0.8827523589134216,-0.427322119474411,-0.19924211502075195,-0.9792172312736511,-0.481246680021286,0.053752265870571136,-1.1205488443374634,-0.1494555026292801,-0.030890129506587982,-1.5570507049560547,-0.3929486870765686,-0.1784570962190628,-1.5963002443313599,-0.5026905536651611,-0.27251163125038147,-1.4653964042663574,-0.5268538594245911,-0.1840045303106308,-0.9768438339233398,-0.10917161405086517,-0.37497103214263916,-1.0656293630599976,-0.361975759267807,-0.2552895247936249,-0.7255093455314636,-0.3756236135959625,-0.10864859074354172,-0.6346144676208496,-0.3162716329097748,-0.3946252763271332,-0.8196725249290466,-0.11626860499382019,-0.5659211874008179,-0.8463025093078613,-0.3820003867149353,-0.397695928812027,-0.5637316703796387,-0.3122885525226593,-0.25636008381843567,-0.519210159778595,-0.19248421490192413,-0.5903401374816895,-0.6375501751899719,-0.14568988978862762,-0.7236590385437012,-0.6866782903671265,-0.3086972236633301,-0.5588656663894653,-0.49206307530403137,-0.23672457039356232,-0.4269484877586365,-0.4309193193912506,-0.1307259500026703
0.0,0.0,0.0,0.23190423846244812,-0.29876551032066345,-0.20732881128787994,0.3011935353279114,-0.6726078987121582,-0.3003588914871216,0.06151498854160309,-0.8688501119613647,-0.3817999064922333,-0.1851254254579544,-0.9560077786445618,-0.4372272491455078,0.06163768097758293,-1.1090421676635742,-0.13041841983795166,-0.01904732547700405,-1.5338280200958252,-0.3684570789337158,-0.1623639017343521,-1.5742989778518677,-0.4907305836677551,-0.25806498527526855,-1.452756404876709,-0.5275812745094299,-0.18797358870506287,-0.976579487323761,-0.1046825721859932,-0.3612545430660248,-1.0572841167449951,-0.3544901907444,-0.24283626675605774,-0.7223724722862244,-0.3840866982936859,-0.10213200002908707,-0.6131585240364075,-0.339172899723053,-0.4043359160423279,-0.8211614489555359,-0.12139546871185303,-0.5639931559562683,-0.8449289798736572,-0.37679097056388855,-0.3995043635368347,-0.5617216229438782,-0.3128749132156372,-0.26370304822921753,-0.504180371761322,-0.201203390955925,-0.6039436459541321,-0.6359290480613708,-0.15756455063819885,-0.7268957495689392,-0.6909322142601013,-0.3105677664279938,-0.5678906440734863,-0.4914451241493225,-0.2351030856370926,-0.44213932752609253,-0.4254699945449829,-0.12966041266918182
0.0,0.0,0.0,0.2392244040966034,-0.29811060428619385,-0.22162459790706635,0.3180248737335205,-0.6781940460205078,-0.3114373981952667,0.07040438055992126,-0.8880441188812256,-0.3861488103866577,-0.17399033904075623,-0.9802799820899963,-0.4301050007343292,0.08254416286945343,-1.1185299158096313,-0.1319078803062439,0.008652961812913418,-1.5527786016464233,-0.37220168113708496,-0.1352294236421585,-1.5971990823745728,-0.48564982414245605,-0.2328515350818634,-1.4785487651824951,-0.513512134552002,-0.16533268988132477,-0.9813694357872009,-0.09787268936634064,-0.34265562891960144,-1.0713632106781006,-0.34451454877853394,-0.223599374294281,-0.7306789755821228,-0.36247333884239197,-0.07951638102531433,-0.6378702521324158,-0.30818799138069153,-0.38293224573135376,-0.8283109664916992,-0.10970483720302582,-0.5492236614227295,-0.8583180904388428,-0.3717767894268036,-0.3812492787837982,-0.5681982040405273,-0.3037429451942444,-0.24012476205825806,-0.5251134037971497,-0.18614697456359863,-0.5868757963180542,-0.6457059979438782,-0.14216862618923187,-0.7158058285713196,-0.7094298005104065,-0.29747503995895386,-0.5551265478134155,-0.5079711079597473,-0.22002069652080536,-0.42863917350769043,-0.4446054995059967,-0.11204993724822998
0.0,0.0,0.0,0.23616939783096313,-0.2869357466697693,-0.20561277866363525,0.31653282046318054,-0.6529359221458435,-0.3014064431190491,0.08260498195886612,-0.8612536787986755,-0.38779759407043457,-0.15791521966457367,-0.9666872620582581,-0.4475398063659668,0.08886189758777618,-1.1092557907104492,-0.12809866666793823,0.01882218010723591,-1.5448895692825317,-0.36209970712661743,-0.12673775851726532,-1.5931748151779175,-0.4767813980579376,-0.2259727120399475,-1.468988299369812,-0.508063554763794,-0.16470234096050262,-0.98089200258255,-0.10355687886476517,-0.34177178144454956,-1.0677931308746338,-0.3515978157520294,-0.23392784595489502,-0.7268773317337036,-0.37661901116371155,-0.0948600023984909,-0.616651177406311,-0.3284659683704376,-0.3860281705856323,-0.8287546634674072,-0.12103711813688278,-0.5491268038749695,-0.8600184917449951,-0.3780326545238495,-0.39004695415496826,-0.572361171245575,-0.30916184186935425,-0.252955824136734,-0.5088198781013489,-0.1937052458524704,-0.5932390689849854,-0.643679678440094,-0.15764674544334412,-0.7149278521537781,-0.7121647596359253,-0.31375718116760254,-0.5616219639778137,-0.5086109042167664,-0.23581060767173767,-0.43669450283050537,-0.43389126658439636,-0.1275608241558075
0.0,0.0,0.0,0.24559444189071655,-0.2752297520637512,-0.22391147911548615,0.32721635699272156,-0.6497387886047363,-0.3248635530471802,0.09141471236944199,-0.8669580221176147,-0.4106444716453552,-0.14042018353939056,-0.972640872001648,-0.46455103158950806,0.10549744218587875,-1.1140707731246948,-0.1462986171245575,0.020942041650414467,-1.5477321147918701,-0.39176231622695923,-0.11437249183654785,-1.5816318988800049,-0.5039406418800354,-0.19701211154460907,-1.44644296169281,-0.5286455750465393,-0.1524001508951187,-0.9816907048225403,-0.11426936835050583,-0.31694135069847107,-1.0715768337249756,-0.36378443241119385,-0.20233114063739777,-0.7254010438919067,-0.37546366453170776,-0.06575961410999298,-0.6316636800765991,-0.3150720000267029,-0.3766610026359558,-0.8309422135353088,-0.12845848500728607,-0.530270516872406,-0.8594042062759399,-0.3873247504234314,-0.37061819434165955,-0.5685275793075562,-0.31107550859451294,-0.24294009804725647,-0.52577805519104,-0.1895662546157837,-0.5836391448974609,-0.648041844367981,-0.16386359930038452,-0.7026547789573669,-0.7043942213058472,-0.3161194324493408,-0.5480387210845947,-0.5002205967903137,-0.2335655838251114,-0.4343467950820923,-0.4379136860370636,-0.12190109491348267
0.0,0.0,0.0,0.25182411074638367,-0.27967220544815063,-0.2104681432247162,0.3302772343158722,-0.6579651236534119,-0.3124949038028717,0.08238626271486282,-0.8865387439727783,-0.40519413352012634,-0.15725402534008026,-0.9997453689575195,-0.47039318084716797,0.11371590942144394,-1.1080281734466553,-0.14534510672092438,0.01442389003932476,-1.5637390613555908,-0.3863946497440338,-0.12462259829044342,-1.5755541324615479,-0.5045409202575684,-0.202205628156662,-1.4210078716278076,-0.5384564399719238,-0.1503119319677353,-0.9814103841781616,-0.1193314790725708,-0.3273825943470001,-1.0699247121810913,-0.38571473956108093,-0.22607655823230743,-0.7381254434585571,-0.4226931929588318,-0.0905897468328476,-0.6164268255233765,-0.3801603317260742,-0.37750983238220215,-0.8284304141998291,-0.13382311165332794,-0.5299789905548096,-0.851569652557373,-0.3988504707813263,-0.38257452845573425,-0.5734785199165344,-0.33761292695999146,-0.25423622131347656,-0.5103972554206848,-0.22655873000621796,-0.5863601565361023,-0.6480038166046143,-0.1666678935289383,-0.6982154846191406,-0.7072263956069946,-0.3278545141220093,-0.55442214012146,-0.5016425848007202,-0.25435611605644226,-0.435065358877182,-0.43513771891593933,-0.147840678691864
0.0,0.0,0.0,0.2414705455303192,-0.2776194214820862,-0.21586105227470398,0.33338963985443115,-0.6561022996902466,-0.3095841109752655,0.09390351921319962,-0.8780449032783508,-0.3904835283756256,-0.14648038148880005,-0.9859805107116699,-0.4419293999671936,0.10214769095182419,-1.1112761497497559,-0.14726722240447998,0.03216404840350151,-1.5648469924926758,-0.3841986358165741,-0.111973837018013,-1.6007568836212158,-0.49121206998825073,-0.21002575755119324,-1.4706398248672485,-0.5159498453140259,-0.14891524612903595,-0.9820230007171631,-0.11599592864513397,-0.32914888858795166,-1.0742073059082031,-0.36925041675567627,-0.21602855622768402,-0.728061854839325,-0.3905535638332367,-0.07431883364915848,-0.618959903717041,-0.33921173214912415,-0.37102967500686646,-0.8325030207633972,-0.12693440914154053,-0.5373687148094177,-0.8660705089569092,-0.39092573523521423,-0.374469131231308,-0.5746174454689026,-0.3224026560783386,-0.23569528758525848,-0.5131271481513977,-0.20548084378242493,-0.5808715224266052,-0.6533238291740417,-0.15695306658744812,-0.7078580260276794,-0.727210521697998,-0.3175538182258606,-0.5502814054489136,-0.5228366851806641,-0.2402981072664261,-0.422378808259964,-0.4465367794036865,-0.13127562403678894
0.0,0.0,0.0,0.2511398196220398,-0.26947957277297974,-0.2260136902332306,0.351002961397171,-0.6313421726226807,-0.33305394649505615,0.12146367132663727,-0.8494943380355835,-0.4275926351547241,-0.11198905110359192,-0.9694411158561707,-0.4961917996406555,0.1158207505941391,-1.104570984840393,-0.15835492312908173,0.0477273091673851,-1.5544265508651733,-0.396744042634964,-0.09739025682210922,-1.58736252784729,-0.5161451101303101,-0.1949203610420227,-1.448929786682129,-0.5521742105484009,-0.14021393656730652,-0.9821911454200745,-0.12506283819675446,-0.3265681266784668,-1.0609272718429565,-0.39507612586021423,-0.22500737011432648,-0.7280000448226929,-0.4389353096485138,-0.08092214167118073,-0.5939269661903381,-0.4005504548549652,-0.36566704511642456,-0.8312915563583374,-0.13234251737594604,-0.5361911058425903,-0.8441012501716614,-0.4040992259979248,-0.3812107741832733,-0.5615657567977905,-0.3490901589393616,-0.23507115244865417,-0.4802287220954895,-0.23935644328594208,-0.5761326551437378,-0.6524665951728821,-0.15904033184051514,-0.7042988538742065,-0.7024518847465515,-0.33142396807670593,-0.5543542504310608,-0.4966498017311096,-0.26577091217041016,-0.41814735531806946,-0.41921746730804443,-0.16192427277565002
0.0,0.0,0.0,0.24736671149730682,-0.2707062065601349,-0.2585107386112213,0.34330081939697266,-0.6310431361198425,-0.3790881931781769,0.1096857562661171,-0.8611477017402649,-0.47984686493873596,-0.11784344911575317,-0.9940853714942932,-0.5491653680801392,0.11007118970155716,-1.1125247478485107,-0.1991509646177292,0.04100389406085014,-1.5759191513061523,-0.4531407058238983,-0.1083512008190155,-1.6149473190307617,-0.5647317171096802,-0.20453794300556183,-1.4752863645553589,-0.589501142501831,-0.14897948503494263,-0.9769213795661926,-0.15306773781776428,-0.33883729577064514,-1.0730254650115967,-0.42848607897758484,-0.22839462757110596,-0.7164413332939148,-0.4490434229373932,-0.07951228320598602,-0.5921278595924377,-0.3910195827484131,-0.3766089081764221,-0.8216496109962463,-0.1528293937444687,-0.5462458729743958,-0.8494226336479187,-0.43881744146347046,-0.38008973002433777,-0.5501921772956848,-0.3689534664154053,-0.23492170870304108,-0.4755169451236725,-0.24449659883975983,-0.5896341800689697,-0.636581301689148,-0.17479808628559113,-0.7235067486763,-0.707838237285614,-0.355975866317749,-0.5605818629264832,-0.49805665016174316,-0.2836962938308716,-0.4235452115535736,-0.41681402921676636,-0.1728164404630661
0.0,0.0,0.0,0.27373453974723816,-0.2929379940032959,-0.21285349130630493,0.3516576588153839,-0.6724802255630493,-0.3122711181640625,0.12181700766086578,-0.9002729058265686,-0.4031217098236084,-0.08781465888023376,-1.00888991355896,-0.46846306324005127,0.1239292174577713,-1.1171793937683105,-0.15330761671066284,0.04402346909046173,-1.5935872793197632,-0.3973161578178406,-0.11016371846199036,-1.6288410425186157,-0.5175034403800964,-0.19856630265712738,-1.4664783477783203,-0.5505840182304382,-0.1443730592727661,-0.9814118146896362,-0.12644051015377045,-0.30981606245040894,-1.0855447053909302,-0.4008488059043884,-0.21870818734169006,-0.733911395072937,-0.44215327501296997,-0.07788438349962234,-0.5760781168937683,-0.399093359708786,-0.37437885999679565,-0.8256020545959473,-0.13961216807365417,-0.5196129083633423,-0.861763060092926,-0.40873897075653076,-0.3803897798061371,-0.5665600299835205,-0.34957602620124817,-0.24753427505493164,-0.46804237365722656,-0.23557230830192566,-0.5855062007904053,-0.6415373086929321,-0.17141124606132507,-0.6918060183525085,-0.7178744077682495,-0.3319857120513916,-0.5470559000968933,-0.5075817704200745,-0.2551480233669281,-0.41748252511024475,-0.41914305090904236,-0.1441096067428589
0.0,0.0,0.0,0.2601020336151123,-0.27938905358314514,-0.2279643714427948,0.3547579348087311,-0.6372567415237427,-0.34716543555259705,0.12135963886976242,-0.853986918926239,-0.45647257566452026,-0.09933939576148987,-0.9786337614059448,-0.5382928848266602,0.09868991374969482,-1.1197762489318848,-0.1758647859096527,0.006377102341502905,-1.597330927848816,-0.4309522211551666,-0.14247655868530273,-1.6281627416610718,-0.554128885269165,-0.22382976114749908,-1.4530218839645386,-0.5875861048698425,-0.17358802258968353,-0.9739528298377991,-0.14588691294193268,-0.3365016579627991,-1.0762630701065063,-0.42529183626174927,-0.23064857721328735,-0.7186471223831177,-0.4640578627586365,-0.08505123853683472,-0.5763118863105774,-0.4199993312358856,-0.40104568004608154,-0.8117371201515198,-0.157237708568573,-0.5492320656776428,-0.851354718208313,-0.43119800090789795,-0.39793747663497925,-0.5585941672325134,-0.3626497983932495,-0.26440247893333435,-0.4698982536792755,-0.24365326762199402,-0.6143251061439514,-0.6211379170417786,-0.188822939991951,-0.7250401973724365,-0.7008061408996582,-0.35487619042396545,-0.5711984038352966,-0.49480533599853516,-0.273352712392807,-0.4397144317626953,-0.41566067934036255,-0.15822704136371613
0.0,0.0,0.0,0.24293439090251923,-0.2637331187725067,-0.2252245396375656,0.329183429479599,-0.6271362900733948,-0.33797189593315125,0.08915688097476959,-0.83558589220047,-0.43787693977355957,-0.14460967481136322,-0.9500028491020203,-0.5104104280471802,0.08335067331790924,-1.1047043800354004,-0.171289324760437,0.0009994013234972954,-1.5569514036178589,-0.41428321599960327,-0.1410968005657196,-1.5743277072906494,-0.5334824919700623,-0.23436710238456726,-1.42726469039917,-0.5687897801399231,-0.16940751671791077,-0.9758340120315552,-0.13801804184913635,-0.3390556275844574,-1.0422879457473755,-0.4064231514930725,-0.23389635980129242,-0.7111154794692993,-0.4453872740268707,-0.10080425441265106,-0.5923869013786316,-0.4053608775138855,-0.3884940445423126,-0.822220504283905,-0.14456136524677277,-0.5410450100898743,-0.8323153853416443,-0.41005003452301025,-0.38546091318130493,-0.5569471120834351,-0.3484780490398407,-0.25251656770706177,-0.4941770136356354,-0.23824845254421234,-0.5904537439346313,-0.6436641216278076,-0.17072729766368866,-0.7008504271507263,-0.6924618482589722,-0.33656075596809387,-0.5492544174194336,-0.4904407262802124,-0.26537883281707764,-0.42352402210235596,-0.4282706677913666,-0.15958842635154724
0.0,0.0,0.0,0.23652879893779755,-0.25113728642463684,-0.2638261318206787,0.32541561126708984,-0.6138831377029419,-0.3869434893131256,0.08479538559913635,-0.8428949117660522,-0.4894683063030243,-0.13994503021240234,-0.9767880439758301,-0.559640109539032,0.06800917536020279,-1.1044492721557617,-0.19695693254470825,-0.009411931037902832,-1.557687759399414,-0.4412173628807068,-0.14947430789470673,-1.566493034362793,-0.5461688041687012,-0.2324896603822708,-1.4127655029296875,-0.5685443878173828,-0.17561523616313934,-0.9738525748252869,-0.14411945641040802,-0.3440532386302948,-1.031663417816162,-0.4134584069252014,-0.2366715520620346,-0.6958320140838623,-0.44008657336235046,-0.09652362763881683,-0.5913833379745483,-0.38896864652633667,-0.38839325308799744,-0.8193760514259338,-0.136003777384758,-0.5347782969474792,-0.8131797313690186,-0.4108571410179138,-0.3794848620891571,-0.5376651287078857,-0.34743088483810425,-0.23915506899356842,-0.4862001836299896,-0.23210838437080383,-0.5891751050949097,-0.6420186758041382,-0.150582417845726,-0.7007652521133423,-0.6775302290916443,-0.32924044132232666,-0.5479546189308167,-0.47674766182899475,-0.26481279730796814,-0.41427212953567505,-0.4154234528541565,-0.1600216180086136
0.0,0.0,0.0,0.23724861443042755,-0.2559807598590851,-0.24159759283065796,0.32133710384368896,-0.6178028583526611,-0.3623814284801483,0.08275565505027771,-0.8341651558876038,-0.4674350917339325,-0.14051401615142822,-0.9535340666770935,-0.5419725775718689,0.08195142447948456,-1.0987800359725952,-0.18182671070098877,0.006708038970828056,-1.5414841175079346,-0.43024536967277527,-0.1275034248828888,-1.5488896369934082,-0.5479614734649658,-0.2131873369216919,-1.4003167152404785,-0.580677330493927,-0.1722000390291214,-0.9748973250389099,-0.14114631712436676,-0.3262377679347992,-1.0316153764724731,-0.4092020094394684,-0.2214227318763733,-0.7087060809135437,-0.44272515177726746,-0.09125414490699768,-0.6083041429519653,-0.3988170325756073,-0.39165082573890686,-0.825677752494812,-0.14324966073036194,-0.5248128175735474,-0.8240340352058411,-0.4067535400390625,-0.3744264841079712,-0.5563294291496277,-0.3428061008453369,-0.24507418274879456,-0.5094204545021057,-0.23235395550727844,-0.5934215784072876,-0.6532503366470337,-0.16734614968299866,-0.6872525215148926,-0.6836487054824829,-0.33128610253334045,-0.5423470735549927,-0.48513132333755493,-0.26259157061576843,-0.4219605624675751,-0.43108588457107544,-0.1591249257326126
0.0,0.0,0.0,0.23526136577129364,-0.23805119097232819,-0.23864252865314484,0.33176615834236145,-0.5929274559020996,-0.35412678122520447,0.10577169805765152,-0.8132055401802063,-0.4525316655635834,-0.11537210643291473,-0.9491472840309143,-0.5212947130203247,0.08478131890296936,-1.0921168327331543,-0.2039339393377304,0.007975670509040356,-1.5685979127883911,-0.4403128921985626,-0.13489679992198944,-1.5649330615997314,-0.5490191578865051,-0.22219283878803253,-1.3976801633834839,-0.5786392688751221,-0.16270281374454498,-0.9732487201690674,-0.16221797466278076,-0.32736626267433167,-1.0286697149276733,-0.42394158244132996,-0.22995083034038544,-0.7003534436225891,-0.4623984098434448,-0.09200781583786011,-0.5734274983406067,-0.42841097712516785,-0.38342997431755066,-0.819988489151001,-0.1584549844264984,-0.5273981094360352,-0.820046603679657,-0.4160872995853424,-0.38457080721855164,-0.5497722029685974,-0.3570408821105957,-0.2500132620334625,-0.47818171977996826,-0.2542937397956848,-0.5900071263313293,-0.6390786170959473,-0.17504845559597015,-0.6934527158737183,-0.6816403865814209,-0.3409988582134247,-0.5478995442390442,-0.48475706577301025,-0.2738412320613861,-0.41592323780059814,-0.4116547703742981,-0.17229776084423065
0.0,0.0,0.0,0.24630726873874664,-0.2638203501701355,-0.23737290501594543,0.33524778485298157,-0.6276159286499023,-0.35987621545791626,0.09190486371517181,-0.8535609245300293,-0.4678337574005127,-0.13498590886592865,-0.9772961139678955,-0.5454722046852112,0.0741591528058052,-1.107807993888855,-0.20250332355499268,-0.014254603534936905,-1.5818262100219727,-0.45444342494010925,-0.164880633354187,-1.5749659538269043,-0.5726212859153748,-0.2518852651119232,-1.3884536027908325,-0.6042860150337219,-0.1834309995174408,-0.9692793488502502,-0.16386175155639648,-0.33714088797569275,-1.0313384532928467,-0.4394643008708954,-0.23327243328094482,-0.6906877160072327,-0.478904128074646,-0.09398584812879562,-0.5631276369094849,-0.4395638406276703,-0.40490657091140747,-0.8128306269645691,-0.16450972855091095,-0.5422385931015015,-0.818031370639801,-0.42947500944137573,-0.3942355513572693,-0.5397778749465942,-0.36382824182510376,-0.2591930627822876,-0.46311378479003906,-0.25182244181632996,-0.6136965155601501,-0.6327165961265564,-0.1861022561788559,-0.7133476734161377,-0.6707491278648376,-0.3500365912914276,-0.5601505041122437,-0.472238689661026,-0.27556976675987244,-0.4244067072868347,-0.4074963927268982,-0.16649766266345978
0.0,0.0,0.0,0.24990132451057434,-0.2549188733100891,-0.2386915385723114,0.3545873761177063,-0.6336609125137329,-0.3437691032886505,0.10868380963802338,-0.8516196012496948,-0.4314138889312744,-0.1230175644159317,-0.9716209769248962,-0.4898306429386139,0.07775577157735825,-1.1065253019332886,-0.17860469222068787,0.029728513211011887,-1.5673460960388184,-0.4275527894496918,-0.11859431117773056,-1.593080759048462,-0.5396102666854858,-0.2262955605983734,-1.4630646705627441,-0.5669537782669067,-0.17403122782707214,-0.9754809141159058,-0.1347222626209259,-0.3455546796321869,-1.023674726486206,-0.4060148000717163,-0.22154909372329712,-0.6684384942054749,-0.431414395570755,-0.07524798810482025,-0.5591675639152527,-0.38039854168891907,-0.3953067362308502,-0.8205173015594482,-0.13360750675201416,-0.5605746507644653,-0.8239611983299255,-0.4127858877182007,-0.38699594140052795,-0.5287777185440063,-0.34335413575172424,-0.23952063918113708,-0.4624003469944,-0.22265185415744781,-0.6049725413322449,-0.6390669345855713,-0.15242040157318115,-0.7303151488304138,-0.6788921356201172,-0.33170557022094727,-0.5614335536956787,-0.4681239128112793,-0.2605370581150055,-0.4206189513206482,-0.3989100456237793,-0.15003201365470886
0.0,0.0,0.0,0.23669524490833282,-0.26800960302352905,-0.2268984168767929,0.32683587074279785,-0.6393359899520874,-0.3300434350967407,0.07350046932697296,-0.8482248783111572,-0.41711190342903137,-0.15453994274139404,-0.9777392148971558,-0.4728289246559143,0.060890570282936096,-1.1115543842315674,-0.16208288073539734,0.02074958011507988,-1.553653597831726,-0.41129806637763977,-0.10718388110399246,-1.6058156490325928,-0.5215688347816467,-0.19561243057250977,-1.4903215169906616,-0.5449302196502686,-0.19528160989284515,-0.9724429249763489,-0.12735730409622192,-0.33868926763534546,-1.049014925956726,-0.37805068492889404,-0.21839262545108795,-0.7024248242378235,-0.3897668719291687,-0.09230299293994904,-0.6172543168067932,-0.3321272134780884,-0.4136762022972107,-0.8141806721687317,-0.13715453445911407,-0.5510790348052979,-0.8443376421928406,-0.40124353766441345,-0.3806101977825165,-0.5543402433395386,-0.3232469856739044,-0.25778841972351074,-0.513397753238678,-0.2010974884033203,-0.6168330311775208,-0.6226304769515991,-0.16711528599262238,-0.7251042723655701,-0.6837454438209534,-0.32648196816444397,-0.554983913898468,-0.486056923866272,-0.24342751502990723,-0.4359535574913025,-0.4276767075061798,-0.1299462467432022
0.0,0.0,0.0,0.23812805116176605,-0.28253287076950073,-0.23824316263198853,0.3129531443119049,-0.6569892168045044,-0.3440219759941101,0.049920350313186646,-0.865444540977478,-0.43242666125297546,-0.17648866772651672,-0.9812940955162048,-0.489877849817276,0.056626543402671814,-1.1090260744094849,-0.16276738047599792,0.015107706189155579,-1.5421514511108398,-0.4042263627052307,-0.12384207546710968,-1.581200122833252,-0.5084003806114197,-0.22750471532344818,-1.4571492671966553,-0.5290899872779846,-0.19181424379348755,-0.9739615321159363,-0.12085603922605515,-0.3444845676422119,-1.0310394763946533,-0.3775361180305481,-0.22153161466121674,-0.68498694896698,-0.39254480600357056,-0.08548276126384735,-0.5891607999801636,-0.33344313502311707,-0.40884971618652344,-0.818593442440033,-0.12411458790302277,-0.5539419054985046,-0.8266828656196594,-0.3958127200603485,-0.37890711426734924,-0.5384474992752075,-0.3269592523574829,-0.24157266318798065,-0.48784610629081726,-0.20602627098560333,-0.6119467616081238,-0.633558988571167,-0.14803053438663483,-0.7248676419258118,-0.6848191618919373,-0.3191569447517395,-0.5504899024963379,-0.48327144980430603,-0.24732933938503265,-0.41851523518562317,-0.41914036870002747,-0.137870192527771
0.0,0.0,0.0,0.2500809133052826,-0.2639804482460022,-0.23971840739250183,0.3343535363674164,-0.6379612684249878,-0.34898728132247925,0.07332330197095871,-0.8348650932312012,-0.4400171935558319,-0.16522282361984253,-0.9392426013946533,-0.49965938925743103,0.0849253460764885,-1.1026861667633057,-0.1712331473827362,0.04786258935928345,-1.530657410621643,-0.4218742549419403,-0.08001396805047989,-1.574806809425354,-0.5344906449317932,-0.17813828587532043,-1.4548301696777344,-0.5599732995033264,-0.17784082889556885,-0.9754257202148438,-0.1300666630268097,-0.3131106197834015,-1.0185291767120361,-0.3870760202407837,-0.17874865233898163,-0.6691290736198425,-0.4001499116420746,-0.04300253838300705,-0.580549955368042,-0.3406431972980499,-0.4075358211994171,-0.8235111832618713,-0.1349918693304062,-0.5386645197868347,-0.8189769983291626,-0.4022866487503052,-0.3570733070373535,-0.5293465256690979,-0.32866719365119934,-0.22396348416805267,-0.4894125461578369,-0.20690679550170898,-0.6214094758033752,-0.6422291398048401,-0.1614362895488739,-0.7174605131149292,-0.6794672608375549,-0.32371941208839417,-0.5418868064880371,-0.4747128188610077,-0.24668745696544647,-0.4192330241203308,-0.4179873764514923,-0.13598808646202087
0.0,0.0,0.0,0.2522304058074951,-0.2639414072036743,-0.23761437833309174,0.3609352707862854,-0.6426504850387573,-0.34684404730796814,0.11825001239776611,-0.8544420003890991,-0.4397552013397217,-0.11122579127550125,-0.9647911190986633,-0.5018414855003357,0.0994686707854271,-1.103076457977295,-0.1657135784626007,0.07404639571905136,-1.543939471244812,-0.41004374623298645,-0.04651179909706116,-1.6006749868392944,-0.5103781223297119,-0.12923410534858704,-1.4783520698547363,-0.5258033871650696,-0.16593946516513824,-0.9782708287239075,-0.12429895251989365,-0.2910188138484955,-1.0285873413085938,-0.3778221607208252,-0.16197215020656586,-0.6744558215141296,-0.38132089376449585,-0.030862748622894287,-0.5892701148986816,-0.3137763738632202,-0.39726579189300537,-0.8287588953971863,-0.12879939377307892,-0.514031708240509,-0.8195207118988037,-0.397844135761261,-0.33769723773002625,-0.5237511396408081,-0.31775492429733276,-0.2094607800245285,-0.4836898446083069,-0.19019290804862976,-0.6195706129074097,-0.6499758958816528,-0.1541578769683838,-0.7029449343681335,-0.6810166835784912,-0.3164432644844055,-0.5305341482162476,-0.47120657563209534,-0.2360766977071762,-0.41343945264816284,-0.4140419065952301,-0.12205220758914948
0.0,0.0,0.0,0.24565373361110687,-0.27338144183158875,-0.18488793075084686,0.33653512597084045,-0.6494669318199158,-0.27749529480934143,0.10423721373081207,-0.8767960071563721,-0.3650113046169281,-0.15142464637756348,-0.9778434634208679,-0.43251633644104004,0.08460614830255508,-1.0916827917099,-0.1183088943362236,0.04641150310635567,-1.5458593368530273,-0.3481186628341675,-0.06471897661685944,-1.6359013319015503,-0.4758308231830597,-0.13654127717018127,-1.5315830707550049,-0.5173025131225586,-0.175908163189888,-0.9790923595428467,-0.10214906930923462,-0.2926761507987976,-1.0512828826904297,-0.3504074215888977,-0.190250962972641,-0.7403392195701599,-0.3973599076271057,-0.07126705348491669,-0.5966870784759521,-0.3677617907524109,-0.4027032256126404,-0.8249949812889099,-0.12269364297389984,-0.5080453753471375,-0.8560539484024048,-0.3654691278934479,-0.3689728379249573,-0.5923870205879211,-0.3091186583042145,-0.2580048143863678,-0.4997778832912445,-0.20720799267292023,-0.615345299243927,-0.6366466283798218,-0.1601700484752655,-0.6927048563957214,-0.7013223767280579,-0.3081320524215698,-0.5414923429489136,-0.5155338644981384,-0.23515810072422028,-0.42788219451904297,-0.43452948331832886,-0.1315600723028183
0.0,0.0,0.0,0.23655301332473755,-0.27347666025161743,-0.20238268375396729,0.31813719868659973,-0.6505686640739441,-0.3028373718261719,0.0702943280339241,-0.8416891098022461,-0.3929610252380371,-0.20133236050605774,-0.9112090468406677,-0.4616965651512146,0.05580318719148636,-1.102374792098999,-0.1401509940624237,-0.003117153886705637,-1.5608017444610596,-0.3795592188835144,-0.1275433450937271,-1.6518341302871704,-0.5123865604400635,-0.20185181498527527,-1.549878478050232,-0.5560828447341919,-0.20617203414440155,-0.9710925221443176,-0.12030128389596939,-0.3341691792011261,-1.0540285110473633,-0.3712656497955322,-0.22477461397647858,-0.7289054989814758,-0.4125863313674927,-0.09869737178087234,-0.5982601642608643,-0.3768199384212494,-0.42948564887046814,-0.8030426502227783,-0.1394990086555481,-0.5491319298744202,-0.8325750231742859,-0.38424068689346313,-0.4052082300186157,-0.5636370182037354,-0.32253262400627136,-0.29172804951667786,-0.4984856843948364,-0.216038778424263,-0.631973922252655,-0.6027109026908875,-0.17720741033554077,-0.7347004413604736,-0.6609139442443848,-0.3167227506637573,-0.5857837200164795,-0.47329479455947876,-0.23203711211681366,-0.47573161125183105,-0.4052332937717438,-0.12172125279903412
0.0,0.0,0.0,0.2256770133972168,-0.2856651842594147,-0.17705072462558746,0.2922420799732208,-0.6721677184104919,-0.2605896592140198,0.06985572725534439,-0.8752086758613586,-0.3390911817550659,-0.1898355484008789,-0.9371105432510376,-0.39773064851760864,0.03373723477125168,-1.1063759326934814,-0.1198142021894455,-0.048628512769937515,-1.56817626953125,-0.35812756419181824,-0.18368741869926453,-1.6391608715057373,-0.494276225566864,-0.269195556640625,-1.5203518867492676,-0.5407347083091736,-0.22052280604839325,-0.9694332480430603,-0.10755812376737595,-0.37320196628570557,-1.0422866344451904,-0.36035528779029846,-0.2510857880115509,-0.7279128432273865,-0.41106513142585754,-0.11133502423763275,-0.5983244180679321,-0.38394075632095337,-0.4373202621936798,-0.7969740629196167,-0.13144078850746155,-0.5755311846733093,-0.8148890733718872,-0.37602731585502625,-0.4177658259868622,-0.556276261806488,-0.3221887946128845,-0.28549692034721375,-0.4882605969905853,-0.22239995002746582,-0.6358359456062317,-0.5963103771209717,-0.17150002717971802,-0.7442853450775146,-0.635064959526062,-0.3189536929130554,-0.5831504464149475,-0.4511568248271942,-0.24435141682624817,-0.45115238428115845,-0.389041930437088,-0.13993985950946808
0.0,0.0,0.0,0.2284083217382431,-0.2855725586414337,-0.2316601276397705,0.28751063346862793,-0.6618837118148804,-0.33562448620796204,0.03474431112408638,-0.8636050224304199,-0.42439979314804077,-0.22335131466388702,-0.950123131275177,-0.487043172121048,0.009114065207540989,-1.1149442195892334,-0.16180269420146942,-0.07263074815273285,-1.5755293369293213,-0.41265013813972473,-0.2215600460767746,-1.62891685962677,-0.5371392965316772,-0.30784615874290466,-1.5006978511810303,-0.5702360272407532,-0.2373618483543396,-0.9632334113121033,-0.12586022913455963,-0.4141424298286438,-1.034430742263794,-0.39545759558677673,-0.27613526582717896,-0.6893090009689331,-0.42416903376579285,-0.1150139644742012,-0.5658970475196838,-0.3722728192806244,-0.45257535576820374,-0.7882626056671143,-0.1347752809524536,-0.6153749823570251,-0.8049710392951965,-0.40926459431648254,-0.43504172563552856,-0.519973635673523,-0.3432561755180359,-0.2815401256084442,-0.44555115699768066,-0.222225621342659,-0.650280773639679,-0.5843022465705872,-0.16435939073562622,-0.791308581829071,-0.6454778909683228,-0.33687084913253784,-0.6193851828575134,-0.4495861828327179,-0.2633613646030426,-0.47495052218437195,-0.36559027433395386,-0.15127745270729065
0.0,0.0,0.0,0.21262125670909882,-0.28690117597579956,-0.23866400122642517,0.26029378175735474,-0.6704388856887817,-0.3431665301322937,0.014330017380416393,-0.8569202423095703,-0.428345650434494,-0.23516853153705597,-0.9328057765960693,-0.47838330268859863,-0.012862571515142918,-1.1181421279907227,-0.15348224341869354,-0.09454469382762909,-1.54660165309906,-0.41109997034072876,-0.23122011125087738,-1.6005860567092896,-0.5200030207633972,-0.31806421279907227,-1.4864134788513184,-0.5366443991661072,-0.2535907030105591,-0.9606562852859497,-0.11327522993087769,-0.404354065656662,-1.0239285230636597,-0.36388665437698364,-0.2473962903022766,-0.6716092824935913,-0.35780635476112366,-0.11978699266910553,-0.6184565424919128,-0.2815324664115906,-0.46196115016937256,-0.7947741746902466,-0.12405861914157867,-0.6097787022590637,-0.8024021983146667,-0.38954296708106995,-0.41070935130119324,-0.5111126899719238,-0.2981243133544922,-0.2877912223339081,-0.4973260462284088,-0.16245834529399872,-0.6545828580856323,-0.6004535555839539,-0.15773212909698486,-0.7791698575019836,-0.6385310888290405,-0.3124789893627167,-0.5967081189155579,-0.43837520480155945,-0.22127100825309753,-0.4819658100605011,-0.3864743411540985,-0.10000740736722946
0.0,0.0,0.0,0.20270249247550964,-0.3188295364379883,-0.2105776071548462,0.2202315628528595,-0.6920111179351807,-0.2975262999534607,-0.02258477918803692,-0.8915505409240723,-0.37070325016975403,-0.24828524887561798,-0.9822108149528503,-0.41234058141708374,0.001935247564688325,-1.1152219772338867,-0.10860344767570496,-0.06676212698221207,-1.5294489860534668,-0.34999486804008484,-0.21646550297737122,-1.6055139303207397,-0.45966431498527527,-0.3113916516304016,-1.4988477230072021,-0.48041731119155884,-0.24226191639900208,-0.9671409130096436,-0.07712036371231079,-0.40857309103012085,-1.0424920320510864,-0.3264662027359009,-0.2764636278152466,-0.6896888017654419,-0.3322356939315796,-0.13616079092025757,-0.6032926440238953,-0.26049360632896423,-0.45181676745414734,-0.806148111820221,-0.09345123916864395,-0.6128509640693665,-0.8326075077056885,-0.3574068546295166,-0.4286186099052429,-0.5404145121574402,-0.28115594387054443,-0.29219451546669006,-0.5009604096412659,-0.15086086094379425,-0.6420959234237671,-0.6130054593086243,-0.12978146970272064,-0.7819907665252686,-0.6711799502372742,-0.2871634066104889,-0.6093079447746277,-0.4746498167514801,-0.20630629360675812,-0.48331403732299805,-0.41495850682258606,-0.08997861295938492
0.0,0.0,0.0,0.20843079686164856,-0.30429115891456604,-0.18253955245018005,0.21961750090122223,-0.6510130167007446,-0.26702871918678284,-0.003547548083588481,-0.8514075875282288,-0.3435528874397278,-0.23133806884288788,-0.9422970414161682,-0.39445462822914124,0.022924184799194336,-1.1010714769363403,-0.09246820956468582,-0.0245533250272274,-1.5147737264633179,-0.3248077929019928,-0.169876366853714,-1.615931749343872,-0.43937599658966064,-0.26418715715408325,-1.5226008892059326,-0.46825703978538513,-0.23210634291172028,-0.9697168469429016,-0.07599939405918121,-0.4048973023891449,-1.0919272899627686,-0.32666799426078796,-0.29140332341194153,-0.7493368983268738,-0.346231073141098,-0.14553424715995789,-0.6167548894882202,-0.28495079278945923,-0.4464704096317291,-0.8090152740478516,-0.10159701108932495,-0.60610032081604,-0.8806492686271667,-0.3582203984260559,-0.44199976325035095,-0.5940397381782532,-0.28898030519485474,-0.3035094141960144,-0.5164791941642761,-0.16540035605430603,-0.6319512128829956,-0.6129252314567566,-0.14395566284656525,-0.7716547846794128,-0.7016976475715637,-0.30163630843162537,-0.6234056353569031,-0.5074049830436707,-0.22678527235984802,-0.5016037821769714,-0.43378034234046936,-0.11600301414728165
0.0,0.0,0.0,0.21553203463554382,-0.30176833271980286,-0.17481142282485962,0.2202245444059372,-0.6489653587341309,-0.2626788318157196,0.0005362994852475822,-0.8679443001747131,-0.3467908501625061,-0.21465875208377838,-0.9871971011161804,-0.406739205121994,0.046752940863370895,-1.095779538154602,-0.09505985677242279,0.014355456456542015,-1.5242654085159302,-0.3282555937767029,-0.12913592159748077,-1.6156697273254395,-0.4420464336872101,-0.22431519627571106,-1.5162163972854614,-0.4700060486793518,-0.21220025420188904,-0.9739956855773926,-0.07939427345991135,-0.3800950050354004,-1.1062768697738647,-0.3328562378883362,-0.2795325517654419,-0.7567633390426636,-0.3521122634410858,-0.14099964499473572,-0.6137502789497375,-0.29082074761390686,-0.43372538685798645,-0.8231202960014343,-0.10372469574213028,-0.592288076877594,-0.9124577641487122,-0.3590954840183258,-0.44303810596466064,-0.6170119047164917,-0.2842455804347992,-0.3106400966644287,-0.5186498165130615,-0.15681283175945282,-0.6271716356277466,-0.6386384963989258,-0.1437697410583496,-0.7726093530654907,-0.7477022409439087,-0.29851555824279785,-0.6391163468360901,-0.5480559468269348,-0.220394566655159,-0.5207687616348267,-0.466110497713089,-0.1070520281791687
0.0,0.0,0.0,0.21656709909439087,-0.2933368682861328,-0.193899005651474,0.23382246494293213,-0.6268312335014343,-0.2998929023742676,0.012091370299458504,-0.8319068551063538,-0.40049076080322266,-0.20148007571697235,-0.9384214878082275,-0.4776281416416168,0.04067980498075485,-1.0965561866760254,-0.11952149122953415,0.004339111503213644,-1.5249602794647217,-0.3602449595928192,-0.1353098750114441,-1.6158252954483032,-0.4793913662433624,-0.22786016762256622,-1.5141825675964355,-0.5110682845115662,-0.21473757922649384,-0.9715971350669861,-0.09943167120218277,-0.38315892219543457,-1.089356780052185,-0.3625697195529938,-0.27866998314857483,-0.7435005307197571,-0.3862096965312958,-0.13536019623279572,-0.6009896993637085,-0.3274420201778412,-0.43293553590774536,-0.818459689617157,-0.12059938907623291,-0.5968881249427795,-0.8951424360275269,-0.3864925503730774,-0.43829643726348877,-0.6034975647926331,-0.3167935311794281,-0.2926596403121948,-0.5028425455093384,-0.1913263499736786,-0.6261100769042969,-0.632933497428894,-0.1590014100074768,-0.7770029306411743,-0.7285591959953308,-0.32883837819099426,-0.633619487285614,-0.5285941958427429,-0.2593735158443451,-0.4995559751987457,-0.44453272223472595,-0.1495177298784256
0.0,0.0,0.0,0.22040289640426636,-0.3018234670162201,-0.17868809401988983,0.24411790072917938,-0.6599271297454834,-0.2584177553653717,0.006574541795998812,-0.8655469417572021,-0.3294471502304077,-0.21172556281089783,-0.9634774327278137,-0.37430188059806824,0.05118321627378464,-1.1033111810684204,-0.1037055104970932,0.02466863952577114,-1.5406215190887451,-0.33337706327438354,-0.11679576337337494,-1.634460210800171,-0.44133061170578003,-0.21399855613708496,-1.5399051904678345,-0.46508702635765076,-0.20516879856586456,-0.9750412106513977,-0.08485465496778488,-0.36770063638687134,-1.0996251106262207,-0.32797661423683167,-0.2665337920188904,-0.7490662336349487,-0.3397919535636902,-0.12990285456180573,-0.6172963380813599,-0.2772533893585205,-0.4267135262489319,-0.8261983394622803,-0.1067347303032875,-0.5894006490707397,-0.9123615026473999,-0.3594578802585602,-0.430746465921402,-0.6103725433349609,-0.28538617491722107,-0.29367849230766296,-0.5232346653938293,-0.16070790588855743,-0.6231347918510437,-0.6422055959701538,-0.1445346474647522,-0.7711824178695679,-0.747830867767334,-0.2983782887458801,-0.6278682947158813,-0.5440854430198669,-0.22002242505550385,-0.506948709487915,-0.46323588490486145,-0.10784318298101425
0.0,0.0,0.0,0.21636229753494263,-0.28543466329574585,-0.1911942958831787,0.24269935488700867,-0.6352748274803162,-0.2925053834915161,0.015619846992194653,-0.8377824425697327,-0.38854825496673584,-0.1853666603565216,-0.9511341452598572,-0.4603562653064728,0.048416346311569214,-1.0989176034927368,-0.11835678666830063,0.017274899408221245,-1.5376795530319214,-0.3561798632144928,-0.11626996845006943,-1.6334806680679321,-0.46724385023117065,-0.20518064498901367,-1.5312243700027466,-0.49169033765792847,-0.21319152414798737,-0.9720561504364014,-0.09826646745204926,-0.3666171431541443,-1.08637273311615,-0.35966768860816956,-0.26167553663253784,-0.7260459661483765,-0.3732936680316925,-0.13007867336273193,-0.594161331653595,-0.3059873580932617,-0.43319573998451233,-0.8241443037986755,-0.11959944665431976,-0.5936115384101868,-0.8963675498962402,-0.38511332869529724,-0.4303411543369293,-0.5900114178657532,-0.3038768768310547,-0.2931579351425171,-0.4988994896411896,-0.170495867729187,-0.63149493932724,-0.6420504450798035,-0.1579342633485794,-0.7737040519714355,-0.7387833595275879,-0.3226662278175354,-0.6252455711364746,-0.5221372246742249,-0.24040260910987854,-0.4994070529937744,-0.4356894791126251,-0.12141428142786026
0.0,0.0,0.0,0.21150638163089752,-0.27774444222450256,-0.20892591774463654,0.2484520524740219,-0.6100155711174011,-0.3245123326778412,0.02891174703836441,-0.8169819712638855,-0.43116533756256104,-0.19402210414409637,-0.9307584762573242,-0.5118831396102905,0.04915919527411461,-1.0987962484359741,-0.1480102688074112,0.022186296060681343,-1.5389846563339233,-0.3919219374656677,-0.12670189142227173,-1.6284458637237549,-0.5032212734222412,-0.2245287150144577,-1.5182901620864868,-0.5272698402404785,-0.20369046926498413,-0.9714212417602539,-0.12186536937952042,-0.366598516702652,-1.0739705562591553,-0.38250765204429626,-0.27480849623680115,-0.7216251492500305,-0.3932066261768341,-0.1436813324689865,-0.6038998365402222,-0.326522558927536,-0.4215913712978363,-0.8238531947135925,-0.13776451349258423,-0.5933727025985718,-0.888049840927124,-0.4045131206512451,-0.4442863464355469,-0.590961217880249,-0.32028162479400635,-0.306151807308197,-0.5104508399963379,-0.18723827600479126,-0.6190987825393677,-0.6445985436439514,-0.17255163192749023,-0.7757691740989685,-0.7353559136390686,-0.344527006149292,-0.6366341710090637,-0.5243346095085144,-0.2631259560585022,-0.5057427287101746,-0.4383503198623657,-0.14360323548316956
0.0,0.0,0.0,0.22313292324543,-0.27606192231178284,-0.20256809890270233,0.2757306396961212,-0.6250593662261963,-0.31533733010292053,0.04529233276844025,-0.8411036133766174,-0.4213424026966095,-0.16470418870449066,-0.9666457176208496,-0.5028207898139954,0.07290074229240417,-1.1006953716278076,-0.12145904451608658,0.0699661523103714,-1.5275768041610718,-0.3626686930656433,-0.06396116316318512,-1.640411376953125,-0.477804034948349,-0.16099022328853607,-1.541635274887085,-0.505262553691864,-0.1944701075553894,-0.9757140278816223,-0.1008138433098793,-0.3324908912181854,-1.0926382541656494,-0.36760878562927246,-0.23339302837848663,-0.7348066568374634,-0.3842609226703644,-0.10551323741674423,-0.5979315042495728,-0.3174111247062683,-0.4173332750797272,-0.8246158361434937,-0.12258066236972809,-0.5635597705841064,-0.8979836702346802,-0.3937176764011383,-0.40796685218811035,-0.5955830812454224,-0.31231969594955444,-0.27691787481307983,-0.5034225583076477,-0.17789536714553833,-0.620315670967102,-0.6389234662055969,-0.1624264419078827,-0.7516108155250549,-0.7323249578475952,-0.3341881334781647,-0.6056790351867676,-0.5244615077972412,-0.25463324785232544,-0.4832752048969269,-0.44492703676223755,-0.13616688549518585
0.0,0.0,0.0,0.22404184937477112,-0.2785794138908386,-0.21478848159313202,0.2753925621509552,-0.6351111531257629,-0.3285014033317566,0.030891062691807747,-0.8435465097427368,-0.43265819549560547,-0.19152052700519562,-0.9602919220924377,-0.5105910301208496,0.0717182382941246,-1.1063991785049438,-0.11657004803419113,0.06472884863615036,-1.5155502557754517,-0.3582846224308014,-0.054659560322761536,-1.6412086486816406,-0.4718979597091675,-0.1452265828847885,-1.5556308031082153,-0.49667707085609436,-0.19956186413764954,-0.9755253791809082,-0.09233313053846359,-0.32093876600265503,-1.1005349159240723,-0.35092654824256897,-0.20311403274536133,-0.7422504425048828,-0.3570978045463562,-0.07831311970949173,-0.6262431740760803,-0.2813878059387207,-0.4246538281440735,-0.8244514465332031,-0.11488347500562668,-0.5535140633583069,-0.8962645530700684,-0.38314956426620483,-0.38332200050354004,-0.5947617292404175,-0.29736799001693726,-0.2588465213775635,-0.525397777557373,-0.1590810865163803,-0.630891740322113,-0.6391310691833496,-0.1575898826122284,-0.7444483041763306,-0.7357007265090942,-0.31862732768058777,-0.5902504324913025,-0.5294995307922363,-0.23319047689437866,-0.4791692793369293,-0.4578807055950165,-0.11327481269836426
0.0,0.0,0.0,0.21818187832832336,-0.28881606459617615,-0.20011873543262482,0.2694120407104492,-0.6416746377944946,-0.310455322265625,0.025548608973622322,-0.8462238907814026,-0.4140552282333374,-0.1967480629682541,-0.9612919092178345,-0.4911850392818451,0.06342055648565292,-1.114767074584961,-0.11773768067359924,0.057417210191488266,-1.5397346019744873,-0.35916635394096375,-0.07364646345376968,-1.657732605934143,-0.46790197491645813,-0.16661778092384338,-1.5590139627456665,-0.488086074590683,-0.20421230792999268,-0.97405606508255,-0.09753013402223587,-0.336309015750885,-1.1030726432800293,-0.34991052746772766,-0.21911843121051788,-0.7418069839477539,-0.3493061661720276,-0.09133246541023254,-0.6324566006660461,-0.2720473110675812,-0.4282306730747223,-0.8181345462799072,-0.1217382550239563,-0.5712202787399292,-0.9085699319839478,-0.3828459084033966,-0.4008403718471527,-0.6060755252838135,-0.28822439908981323,-0.2729071378707886,-0.5326035618782043,-0.14712566137313843,-0.6347151398658752,-0.627474308013916,-0.16486692428588867,-0.763001024723053,-0.7335608005523682,-0.3230850398540497,-0.6087746620178223,-0.5305693745613098,-0.2324482649564743,-0.49255824089050293,-0.45625752210617065,-0.10904701054096222
0.0,0.0,0.0,0.22729681432247162,-0.28245672583580017,-0.20074035227298737,0.29104989767074585,-0.6413606405258179,-0.3147622346878052,0.04255782067775726,-0.8423826098442078,-0.42236581444740295,-0.19097650051116943,-0.9414131045341492,-0.5051406025886536,0.07021287828683853,-1.1124906539916992,-0.1200178936123848,0.06822735071182251,-1.534995675086975,-0.3646854758262634,-0.059505727142095566,-1.6528877019882202,-0.47475534677505493,-0.1495327353477478,-1.5504734516143799,-0.49520155787467957,-0.20386764407157898,-0.9737812876701355,-0.1009351834654808,-0.3210802376270294,-1.098738670349121,-0.3629879355430603,-0.2049763798713684,-0.7306734919548035,-0.3646683394908905,-0.0780787393450737,-0.6072282791137695,-0.28528469800949097,-0.4316115081310272,-0.8148412108421326,-0.12576410174369812,-0.5597583651542664,-0.9000460505485535,-0.3955737054347992,-0.3909236788749695,-0.5922090411186218,-0.3006621301174164,-0.26627519726753235,-0.5093473792076111,-0.15584231913089752,-0.6435626745223999,-0.6191099882125854,-0.1686442792415619,-0.7521536350250244,-0.7190114855766296,-0.332469642162323,-0.5973320603370667,-0.5102460980415344,-0.24095241725444794,-0.48649534583091736,-0.4377478361129761,-0.11480726301670074
0.0,0.0,0.0,0.22686102986335754,-0.28523778915405273,-0.2117323875427246,0.29210612177848816,-0.6499432325363159,-0.3250105082988739,0.03950131684541702,-0.8657305240631104,-0.4283493757247925,-0.1811838448047638,-0.9913529753684998,-0.5035496950149536,0.06961262226104736,-1.1210566759109497,-0.11436640471220016,0.06412044912576675,-1.5377299785614014,-0.35959768295288086,-0.05550491064786911,-1.662914752960205,-0.4667259752750397,-0.13573457300662994,-1.563689947128296,-0.483233243227005,-0.20337256789207458,-0.9748995900154114,-0.09061021357774734,-0.31167474389076233,-1.1107845306396484,-0.3455673158168793,-0.18856357038021088,-0.7339714169502258,-0.33692383766174316,-0.06654762476682663,-0.6183246970176697,-0.24928522109985352,-0.430772989988327,-0.8139252066612244,-0.11443178355693817,-0.5492329597473145,-0.9103122353553772,-0.3840333819389343,-0.37697428464889526,-0.5946481823921204,-0.2814978063106537,-0.262079119682312,-0.5216541886329651,-0.13061918318271637,-0.6440610885620117,-0.6145099997520447,-0.15792115032672882,-0.7498719096183777,-0.7257039546966553,-0.3200361728668213,-0.5895513296127319,-0.5159593820571899,-0.22364270687103271,-0.48527437448501587,-0.44533395767211914,-0.0941840335726738
0.0,0.0,0.0,0.2352784425020218,-0.28164777159690857,-0.21578484773635864,0.3016315698623657,-0.662449836730957,-0.32088136672973633,0.038497984409332275,-0.8823591470718384,-0.4130978286266327,-0.18448330461978912,-1.0013055801391602,-0.4756940007209778,0.07260936498641968,-1.1214796304702759,-0.11191736161708832,0.06870118528604507,-1.534286379814148,-0.3607773780822754,-0.04534262791275978,-1.6584323644638062,-0.4712361693382263,-0.12652774155139923,-1.569431185722351,-0.4898483455181122,-0.19940440356731415,-0.9762130975723267,-0.08512271195650101,-0.31211501359939575,-1.1048271656036377,-0.3363626301288605,-0.18194034695625305,-0.7322514653205872,-0.32603752613067627,-0.05941753089427948,-0.6298099160194397,-0.2393769919872284,-0.4259940981864929,-0.8177266716957092,-0.10801269859075546,-0.5486443042755127,-0.8994116187095642,-0.3790801167488098,-0.3683587312698364,-0.5836373567581177,-0.27931278944015503,-0.2520206868648529,-0.5258219242095947,-0.13117694854736328,-0.6378413438796997,-0.6214792132377625,-0.15111728012561798,-0.743700385093689,-0.7209464907646179,-0.3135174512863159,-0.579164445400238,-0.5066564679145813,-0.21902260184288025,-0.47842127084732056,-0.44102561473846436,-0.09238306432962418
0.0,0.0,0.0,0.2323800027370453,-0.2822955846786499,-0.185100257396698,0.31700828671455383,-0.6543526649475098,-0.2857498824596405,0.05807970091700554,-0.860088050365448,-0.3811478912830353,-0.1783604770898819,-0.9656064510345459,-0.4527975916862488,0.07894271612167358,-1.1108516454696655,-0.0939963087439537,0.07311968505382538,-1.5325977802276611,-0.3330667316913605,-0.03898567333817482,-1.6584466695785522,-0.44913437962532043,-0.11307436972856522,-1.56563138961792,-0.475760817527771,-0.19386707246303558,-0.9777287840843201,-0.08038651943206787,-0.29759761691093445,-1.1021803617477417,-0.33799296617507935,-0.18165549635887146,-0.7420111298561096,-0.34963858127593994,-0.059909433126449585,-0.6120260953903198,-0.27869537472724915,-0.4206778407096863,-0.8190207481384277,-0.10920843482017517,-0.5357349514961243,-0.8988006711006165,-0.3735082745552063,-0.3721945881843567,-0.5941334366798401,-0.2846316695213318,-0.25639986991882324,-0.5151845812797546,-0.14651496708393097,-0.6343183517456055,-0.622124433517456,-0.15469461679458618,-0.7249718904495239,-0.7094782590866089,-0.3160088360309601,-0.5708445906639099,-0.499749094247818,-0.22711890935897827,-0.46852001547813416,-0.43279004096984863,-0.1042124405503273
0.0,0.0,0.0,0.2507075369358063,-0.2718183696269989,-0.1766025573015213,0.3543755114078522,-0.6487487554550171,-0.2699527144432068,0.08047908544540405,-0.8502764701843262,-0.357819139957428,-0.17975349724292755,-0.930171012878418,-0.42441198229789734,0.11647766083478928,-1.1085944175720215,-0.09529716521501541,0.11565566807985306,-1.5399819612503052,-0.33091509342193604,0.00662354938685894,-1.6665781736373901,-0.45431479811668396,-0.06502749770879745,-1.5823774337768555,-0.4894168972969055,-0.15477493405342102,-0.9842169880867004,-0.08580029755830765,-0.26310282945632935,-1.1069389581680298,-0.3441983163356781,-0.15797975659370422,-0.7639424800872803,-0.3761594593524933,-0.029808616265654564,-0.6187810301780701,-0.3239325284957886,-0.3827824294567108,-0.8295062184333801,-0.11502332985401154,-0.503514289855957,-0.8990657329559326,-0.370843768119812,-0.35245561599731445,-0.6102188229560852,-0.29918041825294495,-0.23008842766284943,-0.5294008851051331,-0.17748267948627472,-0.5992584228515625,-0.6379398107528687,-0.15977202355861664,-0.6929120421409607,-0.7257300615310669,-0.3081200122833252,-0.550102174282074,-0.5256062150001526,-0.22274872660636902,-0.4464014768600464,-0.45627719163894653,-0.10734064877033234
0.0,0.0,0.0,0.26445308327674866,-0.26985839009284973,-0.1629617065191269,0.37607234716415405,-0.6651056408882141,-0.2368868887424469,0.08677154034376144,-0.8667227029800415,-0.3035508990287781,-0.17215026915073395,-0.9388593435287476,-0.3499080538749695,0.1312350034713745,-1.1033146381378174,-0.07392600923776627,0.1386619359254837,-1.522580623626709,-0.3060249090194702,0.05319729819893837,-1.656753420829773,-0.4337926208972931,-0.013868195936083794,-1.5917644500732422,-0.47168001532554626,-0.15167774260044098,-0.9858391880989075,-0.07151885330677032,-0.23177075386047363,-1.1303430795669556,-0.31746670603752136,-0.11452209204435349,-0.7692320346832275,-0.3469608426094055,-0.0035418649204075336,-0.5978662967681885,-0.29396018385887146,-0.38770899176597595,-0.8338136076927185,-0.1079680398106575,-0.4830850064754486,-0.9406095147132874,-0.3612785339355469,-0.31758642196655273,-0.6215560436248779,-0.2890366315841675,-0.21324370801448822,-0.5125437378883362,-0.16557283699512482,-0.606230616569519,-0.6329917907714844,-0.158308744430542,-0.6789581775665283,-0.7557002305984497,-0.30167263746261597,-0.519331157207489,-0.5417969822883606,-0.2100909948348999,-0.43066638708114624,-0.4520718455314636,-0.0918986052274704
0.0,0.0,0.0,0.27729707956314087,-0.2571333050727844,-0.2114073485136032,0.3974097967147827,-0.6459168791770935,-0.3187698721885681,0.14172211289405823,-0.8835793137550354,-0.4149099290370941,-0.09280170500278473,-1.0060851573944092,-0.48469269275665283,0.15593260526657104,-1.117042899131775,-0.10727802664041519,0.16867880523204803,-1.5248498916625977,-0.35497209429740906,0.08552642911672592,-1.6604565382003784,-0.4723671078681946,0.02168302610516548,-1.5784543752670288,-0.4974723756313324,-0.13804472982883453,-0.9867209792137146,-0.08558791130781174,-0.2154577523469925,-1.144108772277832,-0.33235499262809753,-0.09355150908231735,-0.7529172897338867,-0.3256506025791168,0.012572985142469406,-0.6218529343605042,-0.24205704033374786,-0.3812428414821625,-0.8351240754127502,-0.11224190890789032,-0.4676039516925812,-0.9472082853317261,-0.37443020939826965,-0.305588036775589,-0.6112479567527771,-0.26932504773139954,-0.2163439691066742,-0.528714120388031,-0.12063013017177582,-0.6149692535400391,-0.6420873999595642,-0.15902869403362274,-0.67745041847229,-0.756483793258667,-0.3072313070297241,-0.5196168422698975,-0.5350165367126465,-0.20477493107318878,-0.44182202219963074,-0.46519947052001953,-0.07741070538759232
0.0,0.0,0.0,0.2573075592517853,-0.2568114697933197,-0.20539963245391846,0.37152814865112305,-0.6334417462348938,-0.3265366554260254,0.13239195942878723,-0.8635607361793518,-0.4420916438102722,-0.09724164754152298,-0.9878730773925781,-0.5324578881263733,0.1460527628660202,-1.1122864484786987,-0.11070869117975235,0.15303009748458862,-1.5261958837509155,-0.3576918840408325,0.0775751993060112,-1.6671886444091797,-0.4686655104160309,0.021277016028761864,-1.578932285308838,-0.487309992313385,-0.15057502686977386,-0.9840003848075867,-0.09523861855268478,-0.21929624676704407,-1.1282413005828857,-0.34965357184410095,-0.09716904163360596,-0.7376056909561157,-0.3389037549495697,0.001436595804989338,-0.612413763999939,-0.24805670976638794,-0.3951496183872223,-0.8360953330993652,-0.12626244127750397,-0.47090470790863037,-0.931549072265625,-0.39271876215934753,-0.31398048996925354,-0.5986818075180054,-0.2791686952114105,-0.2320355623960495,-0.5179824233055115,-0.12171749770641327,-0.6318351030349731,-0.6507778763771057,-0.1764974445104599,-0.6854667067527771,-0.7541660070419312,-0.3280559778213501,-0.5311262607574463,-0.5251912474632263,-0.21849249303340912,-0.4526109993457794,-0.4566825032234192,-0.08189556002616882
0.0,0.0,0.0,0.2577488124370575,-0.25758302211761475,-0.1609562337398529,0.37137505412101746,-0.6487548351287842,-0.25448155403137207,0.11691158264875412,-0.8562585711479187,-0.34704720973968506,-0.14124561846256256,-0.9406541585922241,-0.4227878749370575,0.13361923396587372,-1.0989463329315186,-0.09419248253107071,0.1413455307483673,-1.5271852016448975,-0.31505340337753296,0.05290580168366432,-1.6696102619171143,-0.42385366559028625,-0.027217276394367218,-1.604451298713684,-0.4517948627471924,-0.15987350046634674,-0.98255455493927,-0.09500991553068161,-0.22187891602516174,-1.1149617433547974,-0.32624906301498413,-0.10390102863311768,-0.7510831952095032,-0.33166950941085815,-0.021392863243818283,-0.6167386770248413,-0.26702240109443665,-0.39775773882865906,-0.8318728804588318,-0.131856769323349,-0.47873038053512573,-0.9276705980300903,-0.3675450384616852,-0.3237708806991577,-0.6122031211853027,-0.26285749673843384,-0.2491154968738556,-0.5215988755226135,-0.12625566124916077,-0.6243387460708618,-0.6394411325454712,-0.18347567319869995,-0.6868087649345398,-0.7401072978973389,-0.31514233350753784,-0.53330397605896,-0.5214461088180542,-0.20373809337615967,-0.4606146514415741,-0.4480573534965515,-0.07501381635665894
0.0,0.0,0.0,0.254861444234848,-0.26197510957717896,-0.18351717293262482,0.3709799647331238,-0.6469053030014038,-0.2830345332622528,0.1318870335817337,-0.8623315095901489,-0.3764650821685791,-0.1135985255241394,-0.9668704867362976,-0.4473945200443268,0.12493705004453659,-1.105124831199646,-0.10165577381849289,0.12043395638465881,-1.5205439329147339,-0.3248387277126312,0.022697076201438904,-1.6568548679351807,-0.4250757098197937,-0.05957441031932831,-1.5933253765106201,-0.4438810646533966,-0.16601762175559998,-0.9820125102996826,-0.08994186669588089,-0.23157745599746704,-1.1042964458465576,-0.3161499500274658,-0.11353334039449692,-0.7326782941818237,-0.30669111013412476,-0.027623893693089485,-0.627712070941925,-0.2302723228931427,-0.40576499700546265,-0.8330643773078918,-0.11944926530122757,-0.4845358729362488,-0.9124212861061096,-0.3568347990512848,-0.3294742703437805,-0.5929135680198669,-0.24701060354709625,-0.2535276710987091,-0.5317453145980835,-0.10593189299106598,-0.6370598077774048,-0.6466442942619324,-0.16654720902442932,-0.6992878317832947,-0.7303378582000732,-0.2965785562992096,-0.5419933199882507,-0.5097548365592957,-0.18517401814460754,-0.46741750836372375,-0.45049259066581726,-0.05668051540851593
0.0,0.0,0.0,0.2785677909851074,-0.2724902033805847,-0.20967848598957062,0.39912182092666626,-0.6689540147781372,-0.30299001932144165,0.12995846569538116,-0.8915025591850281,-0.38007140159606934,-0.10635791718959808,-1.003479242324829,-0.43131422996520996,0.13723386824131012,-1.1150695085525513,-0.09890119731426239,0.1381804645061493,-1.5165477991104126,-0.3360564112663269,0.04046587646007538,-1.685060977935791,-0.45088380575180054,-0.04609068110585213,-1.6769468784332275,-0.48257240653038025,-0.16107816994190216,-0.9836634397506714,-0.08037488162517548,-0.24281157553195953,-1.1425864696502686,-0.3295218050479889,-0.10850860923528671,-0.7439209222793579,-0.32672443985939026,-0.005339335184544325,-0.618952751159668,-0.24541713297367096,-0.4114440977573395,-0.8309696912765503,-0.10917475074529648,-0.5098615288734436,-0.9390630125999451,-0.38275206089019775,-0.3317858874797821,-0.5876458883285522,-0.27951812744140625,-0.23858429491519928,-0.5205450654029846,-0.12877100706100464,-0.6439696550369263,-0.6314968466758728,-0.15685702860355377,-0.7302144169807434,-0.7406027317047119,-0.31260421872138977,-0.5609182119369507,-0.5067686438560486,-0.20703956484794617,-0.4765720069408417,-0.44105443358421326,-0.07653979957103729
0.0,0.0,0.0,0.295236200094223,-0.2635602056980133,-0.20970302820205688,0.4393230676651001,-0.6725799441337585,-0.3040415346622467,0.1699693202972412,-0.9140189290046692,-0.3828132152557373,-0.07579177618026733,-1.0289177894592285,-0.4370393753051758,0.17788773775100708,-1.1157580614089966,-0.1047503650188446,0.19482026994228363,-1.532467007637024,-0.3483291566371918,0.11036591231822968,-1.6957956552505493,-0.46596649289131165,0.03354218602180481,-1.6752241849899292,-0.4975089728832245,-0.13359202444553375,-0.987224817276001,-0.08683516830205917,-0.19766438007354736,-1.1545052528381348,-0.3545023500919342,-0.06233387812972069,-0.743417501449585,-0.3604874610900879,0.04040001332759857,-0.5961398482322693,-0.27989134192466736,-0.39521652460098267,-0.8372328877449036,-0.11529625952243805,-0.4735819399356842,-0.9440193176269531,-0.4094981551170349,-0.296583890914917,-0.5816068053245544,-0.3158704340457916,-0.2072087973356247,-0.5005372166633606,-0.1650903970003128,-0.6414422988891602,-0.6447054147720337,-0.16057704389095306,-0.7077428102493286,-0.7579934597015381,-0.33424443006515503,-0.5379683971405029,-0.5099892616271973,-0.23625490069389343,-0.45656880736351013,-0.43608054518699646,-0.10690309852361679
0.0,0.0,0.0,0.28828614950180054,-0.24983400106430054,-0.20268681645393372,0.43650582432746887,-0.6553241610527039,-0.2974819242954254,0.18200406432151794,-0.8948670625686646,-0.37935885787010193,-0.0571175143122673,-1.0139085054397583,-0.43788138031959534,0.18052679300308228,-1.109000325202942,-0.09467075020074844,0.19635556638240814,-1.5064761638641357,-0.3312946856021881,0.11874490231275558,-1.6764012575149536,-0.4483239948749542,0.04757789149880409,-1.6607885360717773,-0.4828740954399109,-0.1351228654384613,-0.9873138666152954,-0.08338533341884613,-0.1871986836194992,-1.1409045457839966,-0.347505658864975,-0.055825624614953995,-0.7333976030349731,-0.3563293516635895,0.04089246690273285,-0.5842085480690002,-0.27926909923553467,-0.3954620063304901,-0.8351136445999146,-0.11749491095542908,-0.4658779799938202,-0.9369997382164001,-0.4052514433860779,-0.29175132513046265,-0.5821954011917114,-0.313273161649704,-0.20624881982803345,-0.5004253387451172,-0.16707998514175415,-0.6382759213447571,-0.6376904249191284,-0.16847531497478485,-0.6937801241874695,-0.7354653477668762,-0.3420056402683258,-0.5275256633758545,-0.4943031072616577,-0.24818871915340424,-0.45060741901397705,-0.4273051917552948,-0.12327471375465393
0.0,0.0,0.0,0.27944305539131165,-0.257412314414978,-0.19425171613693237,0.4211801290512085,-0.6547837257385254,-0.2797330915927887,0.15389427542686462,-0.8826462626457214,-0.35183292627334595,-0.09148460626602173,-0.9942362308502197,-0.39974552392959595,0.1544555127620697,-1.1126303672790527,-0.0892430767416954,0.16323669254779816,-1.503865122795105,-0.3239506781101227,0.07417995482683182,-1.6446080207824707,-0.43839970231056213,-0.005569729954004288,-1.5971084833145142,-0.4673505425453186,-0.14805753529071808,-0.9861742854118347,-0.07442577928304672,-0.21716801822185516,-1.1492555141448975,-0.30883508920669556,-0.08938949555158615,-0.7503032684326172,-0.3034675419330597,0.008919909596443176,-0.6146169304847717,-0.22673769295215607,-0.398309588432312,-0.8300597667694092,-0.10544344037771225,-0.4880574345588684,-0.9540200233459473,-0.367677241563797,-0.3144499361515045,-0.5985478758811951,-0.2668212354183197,-0.2270796000957489,-0.510240912437439,-0.12353143841028214,-0.6383175253868103,-0.6242018938064575,-0.1535710245370865,-0.7056803703308105,-0.7464185953140259,-0.3067725896835327,-0.5377808809280396,-0.5131856203079224,-0.20542821288108826,-0.46269604563713074,-0.43699395656585693,-0.0815279558300972
0.0,0.0,0.0,0.26524874567985535,-0.2758789360523224,-0.20389610528945923,0.3895012140274048,-0.6598584055900574,-0.29119250178337097,0.1178911030292511,-0.877932608127594,-0.36283907294273376,-0.1275438815355301,-0.9928505420684814,-0.4066791236400604,0.12024270743131638,-1.118152379989624,-0.08176310360431671,0.10955516248941422,-1.49824857711792,-0.32188087701797485,-0.0018250575521960855,-1.625605583190918,-0.43936052918434143,-0.09124864637851715,-1.5751478672027588,-0.4683980941772461,-0.1721487194299698,-0.9831940531730652,-0.060780879110097885,-0.2697030305862427,-1.1382369995117188,-0.30930760502815247,-0.13455919921398163,-0.7435868382453918,-0.3128935396671295,-0.012220175005495548,-0.6210145950317383,-0.2351331263780594,-0.41840454936027527,-0.8314876556396484,-0.08804591745138168,-0.5332064032554626,-0.934604823589325,-0.360730916261673,-0.3558044135570526,-0.5981473326683044,-0.27262571454048157,-0.24523799121379852,-0.5352388024330139,-0.1320880800485611,-0.647895872592926,-0.6355859041213989,-0.13336510956287384,-0.7405262589454651,-0.7361600995063782,-0.2955872416496277,-0.5705519318580627,-0.505721926689148,-0.20437084138393402,-0.4742307662963867,-0.43696025013923645,-0.08250635862350464
0.0,0.0,0.0,0.2669020891189575,-0.2752625644207001,-0.21429038047790527,0.39574965834617615,-0.6614859700202942,-0.3060934543609619,0.12246999144554138,-0.8750691413879395,-0.3797621428966522,-0.12790636718273163,-0.983264148235321,-0.4274824261665344,0.10999605059623718,-1.1147481203079224,-0.09600093960762024,0.09687522053718567,-1.494113802909851,-0.3324104845523834,-0.02138223871588707,-1.6106879711151123,-0.4468894600868225,-0.12138698995113373,-1.5458861589431763,-0.4753844738006592,-0.17941255867481232,-0.9813616275787354,-0.0688515231013298,-0.2764427065849304,-1.1305259466171265,-0.31688833236694336,-0.13374243676662445,-0.7337859869003296,-0.3210873603820801,-0.00960374716669321,-0.6015527248382568,-0.2454269975423813,-0.42495524883270264,-0.8220418691635132,-0.08932265639305115,-0.5357382893562317,-0.9300938844680786,-0.3646679222583771,-0.3505433201789856,-0.5839670896530151,-0.27370187640190125,-0.23891451954841614,-0.5020135045051575,-0.1306360960006714,-0.6584306955337524,-0.6154721975326538,-0.12808384001255035,-0.7463959455490112,-0.7283170819282532,-0.296572744846344,-0.5739439725875854,-0.4968247711658478,-0.20670564472675323,-0.47991830110549927,-0.4232797622680664,-0.08511726558208466
0.0,0.0,0.0,0.2695331573486328,-0.28841209411621094,-0.2137700319290161,0.38439691066741943,-0.6850893497467041,-0.30461156368255615,0.09978499263525009,-0.8994424939155579,-0.37705349922180176,-0.1509401649236679,-1.004073143005371,-0.41957855224609375,0.10875684767961502,-1.119951605796814,-0.08151925355195999,0.0880623534321785,-1.4769283533096313,-0.3198470175266266,-0.026980668306350708,-1.5861868858337402,-0.43528106808662415,-0.11964093148708344,-1.5297125577926636,-0.4644009470939636,-0.1838878095149994,-0.9813085198402405,-0.056734345853328705,-0.2874720096588135,-1.1274470090866089,-0.30025655031204224,-0.14163988828659058,-0.7366672158241272,-0.3018653094768524,-0.018228407949209213,-0.6306791305541992,-0.22454692423343658,-0.43070006370544434,-0.8253834843635559,-0.08167789876461029,-0.5502343773841858,-0.9273843765258789,-0.3476841151714325,-0.36786308884620667,-0.5929771065711975,-0.2531433701515198,-0.2570064663887024,-0.5413230061531067,-0.11092628538608551,-0.661270022392273,-0.6258718371391296,-0.12664081156253815,-0.755284309387207,-0.7160271406173706,-0.2819863557815552,-0.5873968601226807,-0.49193114042282104,-0.1878041923046112,-0.49654144048690796,-0.4382430911064148,-0.06595750898122787
0.0,0.0,0.0,0.2575022280216217,-0.2750856280326843,-0.2316487431526184,0.3584917187690735,-0.6812843084335327,-0.31972193717956543,0.07478606700897217,-0.9058976173400879,-0.38251855969429016,-0.15643219649791718,-1.0210224390029907,-0.4113787114620209,0.10629161447286606,-1.1104936599731445,-0.10470552742481232,0.08757605403661728,-1.4685178995132446,-0.3465777039527893,-0.02592810057103634,-1.5624499320983887,-0.4576019048690796,-0.12348106503486633,-1.5071135759353638,-0.48302945494651794,-0.18928401172161102,-0.9790539145469666,-0.07499966025352478,-0.29245492815971375,-1.1202709674835205,-0.32125595211982727,-0.1503436416387558,-0.7271990180015564,-0.31854167580604553,-0.0381370484828949,-0.624422550201416,-0.2383360117673874,-0.4403919577598572,-0.8244376182556152,-0.09756163507699966,-0.5538676977157593,-0.9191591739654541,-0.37199506163597107,-0.3682478070259094,-0.5790464282035828,-0.28164589405059814,-0.2729818522930145,-0.5328795909881592,-0.1410147100687027,-0.6680423021316528,-0.6208823323249817,-0.14144249260425568,-0.7594801783561707,-0.7133014798164368,-0.3017881512641907,-0.5857529640197754,-0.49203261733055115,-0.2114725112915039,-0.5051220655441284,-0.4386131763458252,-0.0927346870303154
0.0,0.0,0.0,0.24218373000621796,-0.27670639753341675,-0.237916961312294,0.32333651185035706,-0.6755495071411133,-0.3337882161140442,0.044479891657829285,-0.8893903493881226,-0.40365180373191833,-0.2081221044063568,-0.9918085932731628,-0.4397180378437042,0.06983638554811478,-1.109975814819336,-0.1217876672744751,0.024836352095007896,-1.4672127962112427,-0.3667861521244049,-0.10654531419277191,-1.5535024404525757,-0.4804588556289673,-0.22229044139385223,-1.4969273805618286,-0.5072440505027771,-0.21073581278324127,-0.9736630916595459,-0.08700964599847794,-0.3319009244441986,-1.0987770557403564,-0.3316509425640106,-0.18128202855587006,-0.7193411588668823,-0.33063605427742004,-0.06476797163486481,-0.6348575949668884,-0.25492504239082336,-0.4506252110004425,-0.8208041191101074,-0.10378038883209229,-0.590097963809967,-0.90605229139328,-0.37492242455482483,-0.3940364420413971,-0.5811502933502197,-0.2872922420501709,-0.2839677929878235,-0.5424590110778809,-0.15070900321006775,-0.6709613800048828,-0.6254777312278748,-0.14252464473247528,-0.7926502227783203,-0.7152755856513977,-0.3023568391799927,-0.6104535460472107,-0.5034293532371521,-0.21406003832817078,-0.5104381442070007,-0.44739195704460144,-0.09705698490142822
0.0,0.0,0.0,0.23052415251731873,-0.29357171058654785,-0.23590907454490662,0.2975936830043793,-0.6547650098800659,-0.3491165041923523,0.06019512936472893,-0.8493695855140686,-0.44257861375808716,-0.17884722352027893,-0.9438214302062988,-0.5081870555877686,0.03712037205696106,-1.1001713275909424,-0.1318015605211258,-0.026475785300135612,-1.4493622779846191,-0.3735513389110565,-0.17627005279064178,-1.5286707878112793,-0.49519583582878113,-0.2961493730545044,-1.456229329109192,-0.5300655961036682,-0.23269061744213104,-0.9675456881523132,-0.09854154288768768,-0.38463571667671204,-1.0784797668457031,-0.34339335560798645,-0.25297990441322327,-0.723837673664093,-0.35202914476394653,-0.12227217108011246,-0.6344214081764221,-0.2853013575077057,-0.46499741077423096,-0.8124511241912842,-0.11431853473186493,-0.6205623149871826,-0.8784565329551697,-0.3731810748577118,-0.447831928730011,-0.5865068435668945,-0.28927305340766907,-0.3216472864151001,-0.5419228672981262,-0.15851274132728577,-0.6709726452827454,-0.6187019348144531,-0.15327078104019165,-0.8191224336624146,-0.7087518572807312,-0.3064555525779724,-0.654495120048523,-0.5156928300857544,-0.21975085139274597,-0.5335882902145386,-0.4532942771911621,-0.10447871685028076
0.0,0.0,0.0,0.2269497513771057,-0.2999397814273834,-0.23791302740573883,0.2817939519882202,-0.6693504452705383,-0.34045499563217163,0.028276391327381134,-0.8651456236839294,-0.4192962944507599,-0.2205127626657486,-0.953689694404602,-0.46859532594680786,0.018690258264541626,-1.1009758710861206,-0.13573428988456726,-0.05894894525408745,-1.45474112033844,-0.38276445865631104,-0.21928469836711884,-1.5243263244628906,-0.5129116177558899,-0.34787094593048096,-1.4606437683105469,-0.5548879504203796,-0.2452739179134369,-0.9644763469696045,-0.09811215847730637,-0.4196777641773224,-1.0617475509643555,-0.35034143924713135,-0.27920904755592346,-0.7110085487365723,-0.36930978298187256,-0.1303805261850357,-0.6223089694976807,-0.31119629740715027,-0.4756368398666382,-0.8102176785469055,-0.10956063866615295,-0.6579566597938538,-0.8674759268760681,-0.3735421299934387,-0.47633904218673706,-0.5756799578666687,-0.2984502911567688,-0.3280220031738281,-0.5337411761283875,-0.17354361712932587,-0.6762337684631348,-0.6193961501121521,-0.14421796798706055,-0.8460627794265747,-0.7030745148658752,-0.3018088936805725,-0.6796593070030212,-0.5075787901878357,-0.2210339605808258,-0.5432034730911255,-0.4417026937007904,-0.1095329225063324
0.0,0.0,0.0,0.23456338047981262,-0.2977445423603058,-0.25513502955436707,0.28761520981788635,-0.6758219003677368,-0.35504215955734253,0.0050601651892066,-0.8773218989372253,-0.4238101541996002,-0.2546592354774475,-0.9620494246482849,-0.4578615427017212,0.023591723293066025,-1.1000350713729858,-0.1547284573316574,-0.07248227298259735,-1.4638158082962036,-0.40582987666130066,-0.2533028721809387,-1.5140280723571777,-0.5313533544540405,-0.3951420783996582,-1.4497140645980835,-0.5698675513267517,-0.23820556700229645,-0.9651898145675659,-0.10801278054714203,-0.4362154006958008,-1.0613219738006592,-0.36524754762649536,-0.3021323084831238,-0.7005705833435059,-0.37914809584617615,-0.15014897286891937,-0.6189385056495667,-0.3166603446006775,-0.46829453110694885,-0.8189656138420105,-0.11294247210025787,-0.677946150302887,-0.8686954379081726,-0.3859366178512573,-0.49097031354904175,-0.5716443657875061,-0.3131657838821411,-0.3311554789543152,-0.5354681015014648,-0.1883106678724289,-0.6674878597259521,-0.6362550258636475,-0.14233584702014923,-0.8571508526802063,-0.7066082954406738,-0.30961233377456665,-0.6911081671714783,-0.5080012083053589,-0.2365599423646927,-0.5502758026123047,-0.4438735544681549,-0.12927043437957764
0.0,0.0,0.0,0.22262457013130188,-0.3130270838737488,-0.22894182801246643,0.2508205771446228,-0.6799802184104919,-0.31589266657829285,-0.03776724636554718,-0.8647492527961731,-0.3793479800224304,-0.29304802417755127,-0.9342794418334961,-0.4149908423423767,-0.003283536294475198,-1.0900003910064697,-0.12330451607704163,-0.11820123344659805,-1.4543932676315308,-0.3550783097743988,-0.3028181493282318,-1.504575252532959,-0.48253992199897766,-0.44378045201301575,-1.4412285089492798,-0.5283119082450867,-0.2581574022769928,-0.962221086025238,-0.08651728183031082,-0.4704090654850006,-1.052284836769104,-0.3332787752151489,-0.3436366319656372,-0.7111247181892395,-0.3640676736831665,-0.18095482885837555,-0.6141467690467834,-0.3163757622241974,-0.4821661412715912,-0.813581645488739,-0.0965580940246582,-0.6960482001304626,-0.8593613505363464,-0.35602161288261414,-0.5278623700141907,-0.5817729830741882,-0.30216363072395325,-0.36649057269096375,-0.5363156199455261,-0.192046120762825,-0.6734356880187988,-0.6256363987922668,-0.12839560210704803,-0.8744333386421204,-0.7048496603965759,-0.28954312205314636,-0.7231991291046143,-0.5221075415611267,-0.22530721127986908,-0.5765422582626343,-0.45483607053756714,-0.12548263370990753
0.0,0.0,0.0,0.21516241133213043,-0.31502625346183777,-0.25267231464385986,0.24364978075027466,-0.6685351729393005,-0.35425636172294617,-0.02502920851111412,-0.8627836108207703,-0.4273284077644348,-0.2811579406261444,-0.9355971813201904,-0.46819984912872314,-0.015420866198837757,-1.0924285650253296,-0.14774931967258453,-0.14409023523330688,-1.4467744827270508,-0.38908320665359497,-0.3373393416404724,-1.4935824871063232,-0.5191890597343445,-0.48012280464172363,-1.4276362657546997,-0.5655170679092407,-0.2664600908756256,-0.9585414528846741,-0.10098192095756531,-0.49413275718688965,-1.041127324104309,-0.35761210322380066,-0.362992525100708,-0.6968075037002563,-0.3870221674442291,-0.19521191716194153,-0.6054333448410034,-0.3364821970462799,-0.48766082525253296,-0.8084554672241211,-0.1036839485168457,-0.7164942622184753,-0.8476001024246216,-0.37048962712287903,-0.542367696762085,-0.569495439529419,-0.31391897797584534,-0.3716997802257538,-0.5250776410102844,-0.20121505856513977,-0.6746799349784851,-0.6217820048332214,-0.13094641268253326,-0.8819636106491089,-0.6770042777061462,-0.2995957136154175,-0.7261757254600525,-0.49567222595214844,-0.2401064932346344,-0.571609616279602,-0.43492963910102844,-0.14268867671489716
0.0,0.0,0.0,0.2193291187286377,-0.3105930685997009,-0.2391459345817566,0.23430120944976807,-0.6746671795845032,-0.32358160614967346,-0.05012594535946846,-0.8679147362709045,-0.37936869263648987,-0.2963782846927643,-0.9490742683410645,-0.4012942612171173,-0.020216625183820724,-1.099806308746338,-0.1396770030260086,-0.16248875856399536,-1.4579980373382568,-0.37792471051216125,-0.3567478656768799,-1.4935448169708252,-0.50318843126297,-0.49611616134643555,-1.4274516105651855,-0.5455236434936523,-0.27083852887153625,-0.9578222632408142,-0.09603716433048248,-0.49658823013305664,-1.0363637208938599,-0.3420500159263611,-0.36202648282051086,-0.6950373649597168,-0.36516469717025757,-0.19520303606987,-0.617734968662262,-0.3139011561870575,-0.490788072347641,-0.8036572933197021,-0.10109513252973557,-0.7182171940803528,-0.8426424860954285,-0.3616105020046234,-0.5414040684700012,-0.5630312561988831,-0.303923636674881,-0.37469199299812317,-0.5315375328063965,-0.193036288022995,-0.6742218732833862,-0.6117520928382874,-0.12924981117248535,-0.8836941123008728,-0.6685693264007568,-0.29178377985954285,-0.7222710847854614,-0.48701760172843933,-0.22851654887199402,-0.5678013563156128,-0.4286823868751526,-0.12989488244056702
0.0,0.0,0.0,0.20980319380760193,-0.323604553937912,-0.24501730501651764,0.21557247638702393,-0.6971136331558228,-0.32532262802124023,-0.07180027663707733,-0.9003105163574219,-0.37565335631370544,-0.3196013569831848,-0.9855353832244873,-0.39127346873283386,-0.03553228825330734,-1.0969789028167725,-0.1320570707321167,-0.176029771566391,-1.4574589729309082,-0.3676261007785797,-0.3736150860786438,-1.4943232536315918,-0.4894044101238251,-0.5190724730491638,-1.426849603652954,-0.5284152626991272,-0.27878373861312866,-0.9567078948020935,-0.0836043432354927,-0.5099302530288696,-1.026639461517334,-0.32659241557121277,-0.3717559278011322,-0.6905639171600342,-0.3478984534740448,-0.20247256755828857,-0.6172519326210022,-0.29488077759742737,-0.4944138526916504,-0.804233193397522,-0.08549442887306213,-0.7230402231216431,-0.8377320766448975,-0.3477462828159332,-0.5422232151031494,-0.5611539483070374,-0.2914991080760956,-0.3749357759952545,-0.5294645428657532,-0.17996075749397278,-0.6766753196716309,-0.6141780614852905,-0.1111893504858017,-0.884628176689148,-0.6722140908241272,-0.2777714729309082,-0.7235985994338989,-0.4901348352432251,-0.21742723882198334,-0.5719149112701416,-0.4258378744125366,-0.11941622197628021
0.0,0.0,0.0,0.2084035724401474,-0.28469571471214294,-0.24747198820114136,0.24504613876342773,-0.6406682133674622,-0.3520794212818146,-0.024625636637210846,-0.8256767988204956,-0.43084779381752014,-0.2900647521018982,-0.9155367612838745,-0.48490357398986816,-0.05876344069838524,-1.0847597122192383,-0.16666600108146667,-0.21020399034023285,-1.448239803314209,-0.3863704800605774,-0.4124956727027893,-1.4601058959960938,-0.5050811171531677,-0.5556513071060181,-1.365073323249817,-0.5506229996681213,-0.3010576367378235,-0.9464353322982788,-0.11672366410493851,-0.5299829840660095,-1.0027416944503784,-0.38148441910743713,-0.4092352092266083,-0.6663030385971069,-0.43342360854148865,-0.24440254271030426,-0.531727135181427,-0.40066632628440857,-0.5132049918174744,-0.7775540947914124,-0.10803472995758057,-0.7377997636795044,-0.799166202545166,-0.3746441900730133,-0.5801088213920593,-0.5273449420928955,-0.3348589837551117,-0.42168158292770386,-0.45327115058898926,-0.2359393686056137,-0.6949942708015442,-0.580025851726532,-0.12006405740976334,-0.8877067565917969,-0.6236580014228821,-0.2988277077674866,-0.7369967103004456,-0.4344390034675598,-0.25211450457572937,-0.5845886468887329,-0.36397284269332886,-0.16311465203762054
0.0,0.0,0.0,0.1952451765537262,-0.3080468475818634,-0.267091304063797,0.19214536249637604,-0.6665498614311218,-0.3676062822341919,-0.11769182980060577,-0.8269990682601929,-0.43385136127471924,-0.39021235704421997,-0.8823500871658325,-0.4655267596244812,-0.09843122214078903,-1.080561876296997,-0.17113786935806274,-0.2620219886302948,-1.4223450422286987,-0.4238680899143219,-0.46052658557891846,-1.4419972896575928,-0.5565863847732544,-0.6042867302894592,-1.3775380849838257,-0.6032536625862122,-0.34266918897628784,-0.9318154454231262,-0.11957325041294098,-0.5849334001541138,-0.9758641719818115,-0.3911692500114441,-0.4220901131629944,-0.6333940029144287,-0.42309731245040894,-0.2454049289226532,-0.5646011829376221,-0.3711993098258972,-0.556065022945404,-0.7673243284225464,-0.11851624399423599,-0.7955027222633362,-0.7661563158035278,-0.4011511504650116,-0.5929715633392334,-0.49304118752479553,-0.3477158844470978,-0.4160163998603821,-0.4751853942871094,-0.2329307198524475,-0.7321470379829407,-0.5693332552909851,-0.14238205552101135,-0.9498196840286255,-0.5899836421012878,-0.3223095238208771,-0.7716289162635803,-0.41676467657089233,-0.2656502425670624,-0.6073588132858276,-0.3724863529205322,-0.16694895923137665
0.0,0.0,0.0,0.19052042067050934,-0.3062826097011566,-0.25111517310142517,0.185431569814682,-0.6701079607009888,-0.3528195917606354,-0.08576283603906631,-0.8572205901145935,-0.4266151189804077,-0.3423365652561188,-0.9219394326210022,-0.4718998670578003,-0.06784436851739883,-1.0837599039077759,-0.16349516808986664,-0.23813793063163757,-1.4500066041946411,-0.4067837595939636,-0.44262468814849854,-1.4687505960464478,-0.5506801605224609,-0.5853152275085449,-1.3737956285476685,-0.6098112463951111,-0.30640989542007446,-0.9446055293083191,-0.11761515587568283,-0.5598336458206177,-1.0034953355789185,-0.4038706421852112,-0.4177386164665222,-0.6732648611068726,-0.4684253931045532,-0.23301154375076294,-0.5390750765800476,-0.43866708874702454,-0.5147042870521545,-0.7846707105636597,-0.1157301589846611,-0.7526604533195496,-0.7987372875213623,-0.3975675404071808,-0.5740545392036438,-0.5291154384613037,-0.36331045627593994,-0.39531752467155457,-0.44916394352912903,-0.2617488205432892,-0.6864567399024963,-0.5961241722106934,-0.13671442866325378,-0.8916364312171936,-0.6355535387992859,-0.32298383116722107,-0.7389771938323975,-0.45225653052330017,-0.27995312213897705,-0.5816132426261902,-0.37955471873283386,-0.1905926913022995
0.0,0.0,0.0,0.17518362402915955,-0.31872352957725525,-0.23849095404148102,0.1391177624464035,-0.6826861500740051,-0.32652518153190613,-0.16037599742412567,-0.866672158241272,-0.38732343912124634,-0.41749730706214905,-0.9410383701324463,-0.4198025166988373,-0.07485531270503998,-1.0872986316680908,-0.1315811723470688,-0.2510395050048828,-1.4296296834945679,-0.3660089373588562,-0.4500415325164795,-1.457065224647522,-0.5112259984016418,-0.5968873500823975,-1.3958706855773926,-0.5748950839042664,-0.3134324252605438,-0.9450626969337463,-0.09282571822404861,-0.5575370788574219,-1.0060420036315918,-0.3580494821071625,-0.411498099565506,-0.6900875568389893,-0.4185073673725128,-0.23274387419223785,-0.5742238759994507,-0.3922058045864105,-0.5221130847930908,-0.7818731665611267,-0.09947077184915543,-0.7561612129211426,-0.8067128658294678,-0.3658905029296875,-0.5735524296760559,-0.5462773442268372,-0.33259838819503784,-0.3992885649204254,-0.47883960604667664,-0.2365708202123642,-0.6893418431282043,-0.5854048132896423,-0.128831684589386,-0.9066208004951477,-0.6381968259811401,-0.2981630563735962,-0.7542765140533447,-0.46551403403282166,-0.2504643201828003,-0.6016169190406799,-0.3921864926815033,-0.1627369374036789
0.0,0.0,0.0,0.16593696177005768,-0.32215258479118347,-0.2172711193561554,0.140485942363739,-0.6906145811080933,-0.29651421308517456,-0.14722654223442078,-0.8725907802581787,-0.3563478887081146,-0.4204557240009308,-0.9349525570869446,-0.39391905069351196,-0.06698126345872879,-1.0803502798080444,-0.10611805319786072,-0.2407897710800171,-1.4312958717346191,-0.3260810971260071,-0.45001742243766785,-1.467923879623413,-0.4722718596458435,-0.6131956577301025,-1.4079786539077759,-0.5414643883705139,-0.298343300819397,-0.9516289234161377,-0.0734420195221901,-0.5673863887786865,-0.9981405735015869,-0.33845460414886475,-0.4358925521373749,-0.6988275647163391,-0.41620296239852905,-0.25335693359375,-0.5705868601799011,-0.4041779935359955,-0.5029016733169556,-0.7913676500320435,-0.08165435492992401,-0.7636818885803223,-0.7999874353408813,-0.34014809131622314,-0.5905742645263672,-0.5576609969139099,-0.3198051154613495,-0.4026097357273102,-0.4808467626571655,-0.23592206835746765,-0.6723617911338806,-0.5960431694984436,-0.11076901108026505,-0.9011149406433105,-0.6239532232284546,-0.28154265880584717,-0.7505530118942261,-0.4602186977863312,-0.24450217187404633,-0.5787684321403503,-0.3854818046092987,-0.16487029194831848
0.0,0.0,0.0,0.1522577553987503,-0.3067632019519806,-0.2493705004453659,0.14094358682632446,-0.6370225548744202,-0.3605831563472748,-0.09616456925868988,-0.813377320766449,-0.44986698031425476,-0.3557471036911011,-0.8790009021759033,-0.5134686231613159,-0.10968657582998276,-1.0758588314056396,-0.14006642997264862,-0.2880403697490692,-1.3999179601669312,-0.3687881529331207,-0.4950660467147827,-1.428922176361084,-0.512498676776886,-0.6484373211860657,-1.3547238111495972,-0.577688992023468,-0.33176589012145996,-0.938535213470459,-0.095304936170578,-0.599457859992981,-0.9850810766220093,-0.3663196265697479,-0.45994383096694946,-0.6786597371101379,-0.435019850730896,-0.2791913151741028,-0.5638319253921509,-0.4134504795074463,-0.5290732383728027,-0.7725613713264465,-0.09475059807300568,-0.7838544249534607,-0.7749807834625244,-0.35945960879325867,-0.6085351705551147,-0.5368513464927673,-0.3316117823123932,-0.4267943203449249,-0.4789222180843353,-0.24072378873825073,-0.6946200728416443,-0.5757629871368408,-0.11808577924966812,-0.9203277230262756,-0.5930753946304321,-0.29478657245635986,-0.7618513107299805,-0.4336438775062561,-0.2587057948112488,-0.5883935689926147,-0.37587809562683105,-0.178630530834198
0.0,0.0,0.0,0.16309531033039093,-0.3126671016216278,-0.26701048016548157,0.11829540133476257,-0.6631110310554504,-0.36649492383003235,-0.16024871170520782,-0.8430572748184204,-0.43347397446632385,-0.41845858097076416,-0.8950614333152771,-0.4690515398979187,-0.11338774114847183,-1.0862990617752075,-0.1630742996931076,-0.32278046011924744,-1.4233393669128418,-0.4097025394439697,-0.5379283428192139,-1.4303553104400635,-0.5630298256874084,-0.6876946091651917,-1.3502287864685059,-0.6304166316986084,-0.34408625960350037,-0.9322712421417236,-0.1116914376616478,-0.6171982884407043,-0.9868938326835632,-0.3916435241699219,-0.46418431401252747,-0.6662057042121887,-0.4608485996723175,-0.2752092480659485,-0.5513566136360168,-0.43754440546035767,-0.5467031598091125,-0.7637965083122253,-0.10797081887722015,-0.8047848343849182,-0.7850341200828552,-0.386382520198822,-0.6183145642280579,-0.5202377438545227,-0.36317119002342224,-0.43696653842926025,-0.44829779863357544,-0.27008357644081116,-0.7047591805458069,-0.5670652389526367,-0.1294722855091095,-0.943522036075592,-0.6108266115188599,-0.30833908915519714,-0.7946614027023315,-0.44564390182495117,-0.2716091573238373,-0.6352354288101196,-0.3759119510650635,-0.18983788788318634
0.0,0.0,0.0,0.12354657053947449,-0.31266143918037415,-0.2626376450061798,0.06181969866156578,-0.645224928855896,-0.36755725741386414,-0.22382274270057678,-0.8273231983184814,-0.44238752126693726,-0.49457234144210815,-0.9000739455223083,-0.4849424362182617,-0.1422281265258789,-1.084734559059143,-0.15506897866725922,-0.36602064967155457,-1.39382004737854,-0.40471935272216797,-0.5753721594810486,-1.3817262649536133,-0.5620676279067993,-0.7414124011993408,-1.3119735717773438,-0.6345268487930298,-0.3629220724105835,-0.9263935685157776,-0.10041168332099915,-0.6646880507469177,-0.9529876112937927,-0.3771936893463135,-0.4841281771659851,-0.6598144173622131,-0.4457225501537323,-0.2929737865924835,-0.5812172889709473,-0.428698867559433,-0.559405505657196,-0.7529438734054565,-0.0931386724114418,-0.8421812057495117,-0.7510644197463989,-0.3691830337047577,-0.6305269598960876,-0.5047588348388672,-0.3382309675216675,-0.43459081649780273,-0.45587801933288574,-0.24495317041873932,-0.7184908390045166,-0.5555735230445862,-0.11081476509571075,-0.9634414315223694,-0.5695245862007141,-0.2918800115585327,-0.7941527366638184,-0.40455710887908936,-0.2562803626060486,-0.6155659556388855,-0.34582462906837463,-0.17662648856639862
0.0,0.0,0.0,0.10936898738145828,-0.33569788932800293,-0.24222102761268616,0.023751286789774895,-0.6811195611953735,-0.3098643124103546,-0.2556529641151428,-0.8470056653022766,-0.34697437286376953,-0.49879711866378784,-0.9076108932495117,-0.35075077414512634,-0.17876571416854858,-1.0819257497787476,-0.09635379910469055,-0.39950957894325256,-1.3861029148101807,-0.3138827979564667,-0.6228980422019958,-1.3834518194198608,-0.45754069089889526,-0.7780356407165527,-1.3108816146850586,-0.5221824645996094,-0.3916665017604828,-0.9189910292625427,-0.04530727490782738,-0.6828071475028992,-0.987228512763977,-0.2978990972042084,-0.5361613631248474,-0.6762465834617615,-0.3733477294445038,-0.3475707471370697,-0.5599970817565918,-0.35700327157974243,-0.5769534707069397,-0.7480553984642029,-0.040801532566547394,-0.8440982699394226,-0.777816653251648,-0.30276206135749817,-0.6593128442764282,-0.5233833193778992,-0.2999274730682373,-0.4754897654056549,-0.449322909116745,-0.21982412040233612,-0.7167530059814453,-0.5556012988090515,-0.05864138528704643,-0.972930371761322,-0.6111598014831543,-0.22397564351558685,-0.8401059508323669,-0.45702996850013733,-0.19676293432712555,-0.6881261467933655,-0.38491925597190857,-0.12378174811601639
0.0,0.0,0.0,0.12223289906978607,-0.299899697303772,-0.27579501271247864,0.06697332859039307,-0.6360187530517578,-0.3758585453033447,-0.16167593002319336,-0.8305255174636841,-0.44074466824531555,-0.3920045793056488,-0.906118631362915,-0.4689739942550659,-0.15209363400936127,-1.0767983198165894,-0.1468321681022644,-0.3669571876525879,-1.3781907558441162,-0.3888012766838074,-0.5895076990127563,-1.3779480457305908,-0.5391565561294556,-0.7441418766975403,-1.3034008741378784,-0.6035089492797852,-0.36386945843696594,-0.9276424646377563,-0.08413407951593399,-0.6554792523384094,-0.966356098651886,-0.35616281628608704,-0.5136073231697083,-0.6447535753250122,-0.42113590240478516,-0.3293524980545044,-0.5512382388114929,-0.39383310079574585,-0.550661563873291,-0.7669731974601746,-0.07149245589971542,-0.8189723491668701,-0.7597241401672363,-0.34305307269096375,-0.6481502056121826,-0.5076629519462585,-0.32111987471580505,-0.4703488051891327,-0.46305233240127563,-0.22871705889701843,-0.6983435153961182,-0.5851620435714722,-0.08541977405548096,-0.9435825347900391,-0.6011038422584534,-0.2554106116294861,-0.8098665475845337,-0.44372084736824036,-0.22054241597652435,-0.6558385491371155,-0.3918758034706116,-0.1404324620962143
0.0,0.0,0.0,0.12960626184940338,-0.310729444026947,-0.28556758165359497,0.054755453020334244,-0.6395393013954163,-0.39216354489326477,-0.18870218098163605,-0.8173313736915588,-0.4641593396663666,-0.4217013418674469,-0.8912294507026672,-0.49917563796043396,-0.15086807310581207,-1.0736207962036133,-0.153366819024086,-0.3682272136211395,-1.3636212348937988,-0.3997724652290344,-0.5860573053359985,-1.3553966283798218,-0.5533810257911682,-0.7436302900314331,-1.2811801433563232,-0.6204814910888672,-0.3698877990245819,-0.9248375296592712,-0.08864887058734894,-0.6519700288772583,-0.9518357515335083,-0.3665737509727478,-0.5071284770965576,-0.6378587484359741,-0.43432989716529846,-0.32445961236953735,-0.5568082332611084,-0.40832826495170593,-0.5621629357337952,-0.7630751132965088,-0.07581401616334915,-0.8218308091163635,-0.7549994587898254,-0.3495103120803833,-0.6524822115898132,-0.5098453164100647,-0.3291389048099518,-0.4769664406776428,-0.47913599014282227,-0.23771142959594727,-0.7147168517112732,-0.581874430179596,-0.09116142988204956,-0.9456796050071716,-0.5976887345314026,-0.260597288608551,-0.812524139881134,-0.4469320476055145,-0.22848527133464813,-0.6619422435760498,-0.4071108102798462,-0.15125416219234467
0.0,0.0,0.0,0.13000522553920746,-0.321140319108963,-0.2643626630306244,0.06896903365850449,-0.6729079484939575,-0.35367971658706665,-0.18611352145671844,-0.8651511073112488,-0.4094245135784149,-0.4216035306453705,-0.9399815797805786,-0.4269425868988037,-0.12815706431865692,-1.0789631605148315,-0.13318146765232086,-0.3384508192539215,-1.395555853843689,-0.3756871521472931,-0.5613382458686829,-1.3930617570877075,-0.5241990685462952,-0.7210857272148132,-1.3187402486801147,-0.5870880484580994,-0.34889012575149536,-0.9340952038764954,-0.07577456533908844,-0.6397310495376587,-0.9783697128295898,-0.3428226113319397,-0.501828670501709,-0.6564834713935852,-0.40248027443885803,-0.3202419877052307,-0.5735593438148499,-0.37341389060020447,-0.543362021446228,-0.7818933129310608,-0.06927928328514099,-0.8097321391105652,-0.7804263830184937,-0.33367788791656494,-0.6427350640296936,-0.5302262902259827,-0.30637243390083313,-0.47098326683044434,-0.5021525621414185,-0.21428413689136505,-0.6992607116699219,-0.6092457175254822,-0.08960285782814026,-0.9344072341918945,-0.6229572892189026,-0.2501947581768036,-0.7990639805793762,-0.4659428000450134,-0.21026653051376343,-0.6495083570480347,-0.42497873306274414,-0.12981674075126648
0.0,0.0,0.0,0.14508579671382904,-0.31802549958229065,-0.2644701600074768,0.08581411838531494,-0.6722244620323181,-0.35245341062545776,-0.16120347380638123,-0.8771008253097534,-0.40563714504241943,-0.3969567120075226,-0.9554725289344788,-0.424212783575058,-0.11214981228113174,-1.083634614944458,-0.1408272534608841,-0.30562809109687805,-1.42266845703125,-0.37729352712631226,-0.5293188095092773,-1.439699411392212,-0.523838460445404,-0.686363160610199,-1.3661147356033325,-0.5869720578193665,-0.33467838168144226,-0.9386008381843567,-0.08377957344055176,-0.6197740435600281,-1.01621675491333,-0.3550189435482025,-0.48344096541404724,-0.6920920014381409,-0.42128512263298035,-0.2981433570384979,-0.5700606107711792,-0.3945740759372711,-0.5293911099433899,-0.7805089354515076,-0.07531296461820602,-0.7877750992774963,-0.8031295537948608,-0.34515583515167236,-0.6166563034057617,-0.5393307209014893,-0.32379403710365295,-0.4440453052520752,-0.47455283999443054,-0.23164772987365723,-0.6795775890350342,-0.6003189086914062,-0.09213253110647202,-0.9216437935829163,-0.6433306336402893,-0.2586109936237335,-0.7911246418952942,-0.4759959280490875,-0.22218631207942963,-0.6469745635986328,-0.41197726130485535,-0.14289240539073944
0.0,0.0,0.0,0.14326812326908112,-0.3301347494125366,-0.2506447732448578,0.07463990896940231,-0.6798374056816101,-0.3338729441165924,-0.20462484657764435,-0.8705238699913025,-0.38600361347198486,-0.44839924573898315,-0.9518017172813416,-0.40343108773231506,-0.11372044682502747,-1.0899603366851807,-0.1210118979215622,-0.3188764154911041,-1.420914888381958,-0.357336163520813,-0.5389755964279175,-1.439286470413208,-0.49964186549186707,-0.6980935335159302,-1.376275658607483,-0.5598363876342773,-0.3407827615737915,-0.9371780157089233,-0.07459428906440735,-0.6174187064170837,-1.0267997980117798,-0.3441544771194458,-0.4661142826080322,-0.6959318518638611,-0.40279772877693176,-0.28318825364112854,-0.5856654047966003,-0.37014925479888916,-0.5389311909675598,-0.7747196555137634,-0.07708670943975449,-0.7929143309593201,-0.813306987285614,-0.3544425666332245,-0.6009447574615479,-0.5379340052604675,-0.324413001537323,-0.42694196105003357,-0.4752994179725647,-0.22346295416355133,-0.6943097710609436,-0.5803879499435425,-0.1034013107419014,-0.9294673204421997,-0.637441098690033,-0.2736358046531677,-0.775731086730957,-0.46599024534225464,-0.2287919670343399,-0.6255218982696533,-0.39844584465026855,-0.14178216457366943
0.0,0.0,0.0,0.1479041874408722,-0.3337244987487793,-0.25162777304649353,0.0762978196144104,-0.6959676742553711,-0.33645281195640564,-0.18863031268119812,-0.9008477926254272,-0.39004114270210266,-0.41482114791870117,-0.9891737699508667,-0.41170522570610046,-0.10633015632629395,-1.088392734527588,-0.12923265993595123,-0.3067377507686615,-1.4154372215270996,-0.36377042531967163,-0.5254676938056946,-1.4505236148834229,-0.5125373601913452,-0.6922518610954285,-1.3958042860031128,-0.5803167223930359,-0.340198278427124,-0.9367875456809998,-0.08181802183389664,-0.6187657117843628,-1.0357167720794678,-0.3582010567188263,-0.4679720401763916,-0.7140886187553406,-0.4281063675880432,-0.28475943207740784,-0.5859578251838684,-0.40241146087646484,-0.5388181805610657,-0.7738708257675171,-0.08097371459007263,-0.7935625314712524,-0.8087488412857056,-0.3577837646007538,-0.6033145785331726,-0.5443111062049866,-0.3347848355770111,-0.42798855900764465,-0.4757060408592224,-0.23901864886283875,-0.6940888166427612,-0.5860443115234375,-0.10386689752340317,-0.9323668479919434,-0.6449945569038391,-0.27327805757522583,-0.7828406691551208,-0.47280508279800415,-0.231983944773674,-0.6347925662994385,-0.40885114669799805,-0.14918333292007446
0.0,0.0,0.0,0.1468203365802765,-0.3483585715293884,-0.24482928216457367,0.08769058436155319,-0.7117258906364441,-0.312625914812088,-0.19708071649074554,-0.8946489095687866,-0.34800902009010315,-0.4445067048072815,-0.9549463987350464,-0.3462108075618744,-0.09450217336416245,-1.0990232229232788,-0.10201029479503632,-0.2960679829120636,-1.4438841342926025,-0.34556952118873596,-0.5260883569717407,-1.483346700668335,-0.49706438183784485,-0.6854197382926941,-1.4323713779449463,-0.5605530738830566,-0.32183530926704407,-0.9451273083686829,-0.05618123710155487,-0.6045452356338501,-1.0366113185882568,-0.32599255442619324,-0.4744985103607178,-0.7045150399208069,-0.38829487562179565,-0.29058393836021423,-0.5966667532920837,-0.3566836416721344,-0.5267517566680908,-0.7869575023651123,-0.0616917721927166,-0.7912137508392334,-0.8266561627388,-0.3411204218864441,-0.6141931414604187,-0.5477900505065918,-0.31940898299217224,-0.43382564187049866,-0.49694445729255676,-0.22194266319274902,-0.6903026700019836,-0.5989927649497986,-0.09081558138132095,-0.9316754341125488,-0.6462234854698181,-0.2588592767715454,-0.7846153378486633,-0.47281548380851746,-0.2159598171710968,-0.6312447190284729,-0.41346004605293274,-0.12989623844623566
0.0,0.0,0.0,0.1646283119916916,-0.35315200686454773,-0.23094528913497925,0.11750543862581253,-0.7166061401367188,-0.30703049898147583,-0.14638711512088776,-0.898502767086029,-0.35750049352645874,-0.3994249701499939,-0.9432960748672485,-0.3790118992328644,-0.10129529237747192,-1.098395824432373,-0.1240568459033966,-0.28653112053871155,-1.486029028892517,-0.3709509074687958,-0.5178003907203674,-1.5576932430267334,-0.527018666267395,-0.6838937997817993,-1.5128717422485352,-0.5948615074157715,-0.32904526591300964,-0.9403474926948547,-0.08646216988563538,-0.6126376390457153,-1.0128648281097412,-0.36644279956817627,-0.47242605686187744,-0.6820733547210693,-0.4314059615135193,-0.28158068656921387,-0.5547988414764404,-0.4017044007778168,-0.5331928730010986,-0.7701531052589417,-0.09522257000207901,-0.7980566620826721,-0.796212375164032,-0.37135136127471924,-0.6149325966835022,-0.5199013948440552,-0.3395597040653229,-0.4318579435348511,-0.4570901691913605,-0.23839174211025238,-0.6929222941398621,-0.5719520449638367,-0.12644793093204498,-0.9354233145713806,-0.6019310355186462,-0.2928069531917572,-0.7734684348106384,-0.42370104789733887,-0.24155133962631226,-0.6057612299919128,-0.3665944039821625,-0.14989863336086273
0.0,0.0,0.0,0.1632617712020874,-0.35706037282943726,-0.23833344876766205,0.12805916368961334,-0.6914862990379333,-0.3228755295276642,-0.14267906546592712,-0.867924153804779,-0.38013896346092224,-0.40197908878326416,-0.9367838501930237,-0.4079410135746002,-0.11540630459785461,-1.0874141454696655,-0.12585270404815674,-0.2428317368030548,-1.4553943872451782,-0.3915412724018097,-0.45409995317459106,-1.5215286016464233,-0.5737237334251404,-0.6392098069190979,-1.4696987867355347,-0.656977653503418,-0.3407386243343353,-0.9364323616027832,-0.0836164578795433,-0.5859531760215759,-0.9916576743125916,-0.37595152854919434,-0.4380760192871094,-0.6749910116195679,-0.46593308448791504,-0.25868189334869385,-0.5209544897079468,-0.45319515466690063,-0.5428946614265442,-0.7657713890075684,-0.08843535929918289,-0.7780315279960632,-0.7852229475975037,-0.3762705326080322,-0.5834307670593262,-0.5230417847633362,-0.3651615083217621,-0.39936527609825134,-0.4354535937309265,-0.27349916100502014,-0.7009874582290649,-0.5681726932525635,-0.11501079797744751,-0.926582932472229,-0.5939351320266724,-0.2913515269756317,-0.7624617218971252,-0.42812955379486084,-0.25398150086402893,-0.5987465381622314,-0.36484551429748535,-0.16883844137191772
0.0,0.0,0.0,0.17858296632766724,-0.35725802183151245,-0.2333698272705078,0.15403562784194946,-0.7068140506744385,-0.3115050494670868,-0.11996932327747345,-0.8647753596305847,-0.3604663014411926,-0.3819139003753662,-0.9013323783874512,-0.377747505903244,-0.10563977807760239,-1.0910590887069702,-0.13243190944194794,-0.23038138449192047,-1.4619804620742798,-0.37795254588127136,-0.4295484125614166,-1.5070997476577759,-0.5328905582427979,-0.588530421257019,-1.4278496503829956,-0.5970455408096313,-0.33175793290138245,-0.9392052888870239,-0.08848871290683746,-0.5779809355735779,-0.9845584034919739,-0.36707571148872375,-0.4309808611869812,-0.6626861691474915,-0.4456258714199066,-0.2516689896583557,-0.5176555514335632,-0.4268026351928711,-0.5373746752738953,-0.771550714969635,-0.08869048953056335,-0.7732807397842407,-0.7723308205604553,-0.36280086636543274,-0.5786574482917786,-0.5131411552429199,-0.35012322664260864,-0.3963091969490051,-0.4446033537387848,-0.26184117794036865,-0.7026752829551697,-0.5788469910621643,-0.1095983162522316,-0.923805296421051,-0.5912559628486633,-0.2763230800628662,-0.7569223642349243,-0.4264298677444458,-0.23597529530525208,-0.5926437973976135,-0.3721874952316284,-0.15103451907634735
0.0,0.0,0.0,0.16067521274089813,-0.33343982696533203,-0.22384947538375854,0.13765312731266022,-0.6917397379875183,-0.29543545842170715,-0.14355476200580597,-0.8586075305938721,-0.34110477566719055,-0.399731308221817,-0.9082823991775513,-0.35270851850509644,-0.1066383570432663,-1.0917576551437378,-0.10938803851604462,-0.2479533851146698,-1.4605796337127686,-0.34223613142967224,-0.4450802206993103,-1.4984674453735352,-0.4852646589279175,-0.5864503979682922,-1.4169923067092896,-0.541622519493103,-0.3305295407772064,-0.9412568211555481,-0.06918037682771683,-0.5752848386764526,-0.9896553754806519,-0.3156040906906128,-0.4373112916946411,-0.6958021521568298,-0.3770195543766022,-0.25913023948669434,-0.60184246301651,-0.35598325729370117,-0.5312472581863403,-0.7783626914024353,-0.07463620603084564,-0.7636266350746155,-0.7886066436767578,-0.32512742280960083,-0.5813907980918884,-0.5525795817375183,-0.30543479323387146,-0.40274590253829956,-0.5161490440368652,-0.22204872965812683,-0.6957632899284363,-0.5907682180404663,-0.10183748602867126,-0.9128599762916565,-0.6173129081726074,-0.25390514731407166,-0.7599297165870667,-0.46441617608070374,-0.209125354886055,-0.602584958076477,-0.4136601388454437,-0.12566834688186646
0.0,0.0,0.0,0.16593794524669647,-0.33494094014167786,-0.22938597202301025,0.15448817610740662,-0.7021660804748535,-0.29836568236351013,-0.1298021823167801,-0.8845489621162415,-0.3380412459373474,-0.3846116065979004,-0.9418502449989319,-0.3414000868797302,-0.07669219374656677,-1.096536636352539,-0.11284404247999191,-0.21120072901248932,-1.468824863433838,-0.34605735540390015,-0.4050283133983612,-1.5058871507644653,-0.48260119557380676,-0.5484731197357178,-1.4303767681121826,-0.5332500338554382,-0.2967337965965271,-0.9524857401847839,-0.06870163232088089,-0.5372136235237122,-0.9980820417404175,-0.30784380435943604,-0.3981035351753235,-0.7030428647994995,-0.3569711148738861,-0.22707456350326538,-0.625819206237793,-0.32870277762413025,-0.497172474861145,-0.7970208525657654,-0.07169786840677261,-0.7239328622817993,-0.8015371561050415,-0.32379579544067383,-0.5386508703231812,-0.5579157471656799,-0.29465433955192566,-0.3650156557559967,-0.5317997336387634,-0.20512424409389496,-0.6651352047920227,-0.6139328479766846,-0.0968378558754921,-0.866478443145752,-0.632686972618103,-0.25328513979911804,-0.7060697674751282,-0.46569791436195374,-0.20416313409805298,-0.5538995265960693,-0.41141846776008606,-0.11651458591222763
0.0,0.0,0.0,0.17621751129627228,-0.332498699426651,-0.22954408824443817,0.1696297973394394,-0.6787567734718323,-0.3117181658744812,-0.09669951349496841,-0.8535212278366089,-0.3654564321041107,-0.35002583265304565,-0.9139798283576965,-0.3873192071914673,-0.09191739559173584,-1.092523455619812,-0.1343083381652832,-0.20803368091583252,-1.4661039113998413,-0.3742726445198059,-0.399814248085022,-1.5253684520721436,-0.518149733543396,-0.5443103909492493,-1.451249361038208,-0.5734594464302063,-0.3195253610610962,-0.9431923031806946,-0.09105908125638962,-0.5345137119293213,-1.0012762546539307,-0.339459627866745,-0.3921014368534088,-0.6871761083602905,-0.3931686282157898,-0.2281152755022049,-0.5790315270423889,-0.36557692289352417,-0.524740993976593,-0.7778378129005432,-0.09217198938131332,-0.7306334972381592,-0.7998631596565247,-0.3488062620162964,-0.5450611710548401,-0.5404196977615356,-0.3163813650608063,-0.37961336970329285,-0.48864319920539856,-0.2223426103591919,-0.6949217319488525,-0.5838141441345215,-0.1142328530550003,-0.8965391516685486,-0.6268262267112732,-0.27261269092559814,-0.7361404299736023,-0.4523562490940094,-0.2176939845085144,-0.5862559080123901,-0.3884030282497406,-0.12468383461236954
0.0,0.0,0.0,0.1909056007862091,-0.3247617483139038,-0.21460145711898804,0.19473697245121002,-0.6805266737937927,-0.3012678623199463,-0.07576505094766617,-0.8605666756629944,-0.36743029952049255,-0.33115673065185547,-0.9319245219230652,-0.40798419713974,-0.08569318056106567,-1.091718077659607,-0.12791189551353455,-0.2026810199022293,-1.4867134094238281,-0.36164194345474243,-0.3920009732246399,-1.5418236255645752,-0.49347972869873047,-0.5310268998146057,-1.4546464681625366,-0.5400986075401306,-0.31794220209121704,-0.9437987208366394,-0.09031485766172409,-0.5330415964126587,-0.9992968440055847,-0.35072752833366394,-0.3903641104698181,-0.6721413731575012,-0.3987943232059479,-0.2261497676372528,-0.5470162034034729,-0.3613539934158325,-0.5206107497215271,-0.773470938205719,-0.09380901604890823,-0.7366563081741333,-0.7906832098960876,-0.3622857332229614,-0.5445190072059631,-0.5228761434555054,-0.3186073303222656,-0.3759594261646271,-0.45282235741615295,-0.21192266047000885,-0.6918277740478516,-0.5737034678459167,-0.11524730175733566,-0.8919724822044373,-0.6163912415504456,-0.28919193148612976,-0.7212402820587158,-0.43016669154167175,-0.23154380917549133,-0.564988911151886,-0.3644700348377228,-0.13137921690940857
0.0,0.0,0.0,0.18694807589054108,-0.319184809923172,-0.1964927464723587,0.1890108436346054,-0.6679896712303162,-0.281193345785141,-0.06530892848968506,-0.8300297260284424,-0.3515147268772125,-0.3165418207645416,-0.8818934559822083,-0.39753714203834534,-0.09577256441116333,-1.0864238739013672,-0.12086045742034912,-0.21255429089069366,-1.4886984825134277,-0.35795527696609497,-0.39380836486816406,-1.541947841644287,-0.49974390864372253,-0.5223795175552368,-1.4467196464538574,-0.5533444881439209,-0.3279789984226227,-0.9401039481163025,-0.0929209440946579,-0.5328636169433594,-0.9753283262252808,-0.35942405462265015,-0.38847869634628296,-0.6747318506240845,-0.42483699321746826,-0.21975292265415192,-0.5457961559295654,-0.40229910612106323,-0.5288530588150024,-0.7665671706199646,-0.1031222715973854,-0.7238619327545166,-0.7649879455566406,-0.36451464891433716,-0.5342711210250854,-0.5204563140869141,-0.3334689736366272,-0.36141476035118103,-0.4511283040046692,-0.23917633295059204,-0.7010513544082642,-0.5710150003433228,-0.13025832176208496,-0.8836501836776733,-0.6051700711250305,-0.2945170998573303,-0.7217469215393066,-0.42901068925857544,-0.24156931042671204,-0.565900981426239,-0.3662164509296417,-0.14713266491889954
0.0,0.0,0.0,0.1921406388282776,-0.31989046931266785,-0.21910099685192108,0.19547665119171143,-0.6900485754013062,-0.29441770911216736,-0.08420705050230026,-0.8795709013938904,-0.34471699595451355,-0.32977667450904846,-0.9478448629379272,-0.3613670766353607,-0.05033155903220177,-1.1009756326675415,-0.12310270220041275,-0.144703671336174,-1.495998740196228,-0.3555257320404053,-0.330147385597229,-1.5604963302612305,-0.47474032640457153,-0.46446529030799866,-1.4730091094970703,-0.5082980394363403,-0.28077539801597595,-0.9563663005828857,-0.08080043643712997,-0.4880770444869995,-1.0085302591323853,-0.31419408321380615,-0.35652288794517517,-0.6901059150695801,-0.3368963599205017,-0.20506037771701813,-0.6104182004928589,-0.2874917984008789,-0.484952449798584,-0.7998358607292175,-0.08384034037590027,-0.6894105672836304,-0.8105616569519043,-0.3325941860675812,-0.5110362768173218,-0.5491061806678772,-0.2779146432876587,-0.35745176672935486,-0.5207486152648926,-0.17032861709594727,-0.6609827876091003,-0.6158782243728638,-0.10739726573228836,-0.8487218618392944,-0.6528023481369019,-0.2599743604660034,-0.6897125840187073,-0.47384366393089294,-0.19371333718299866,-0.550765872001648,-0.4234796166419983,-0.09222065657377243
0.0,0.0,0.0,0.21161934733390808,-0.3104786276817322,-0.23135140538215637,0.23717430233955383,-0.6644372940063477,-0.3354712426662445,-0.029081251472234726,-0.8434986472129822,-0.42018699645996094,-0.27476879954338074,-0.9102231860160828,-0.4794372022151947,-0.03298935666680336,-1.1015312671661377,-0.1470143347978592,-0.11865349858999252,-1.512195110321045,-0.3881053030490875,-0.2995479106903076,-1.5954722166061401,-0.5165872573852539,-0.432473361492157,-1.509627103805542,-0.5581243634223938,-0.2749457061290741,-0.9552602171897888,-0.10900834947824478,-0.47378095984458923,-1.0219781398773193,-0.37780433893203735,-0.34299466013908386,-0.6881058216094971,-0.41781893372535706,-0.19183528423309326,-0.5697669982910156,-0.3719075918197632,-0.4820018708705902,-0.7904171347618103,-0.11421701312065125,-0.6892799735069275,-0.8200083374977112,-0.39000803232192993,-0.5068567395210266,-0.541723906993866,-0.3346235454082489,-0.34824976325035095,-0.47229084372520447,-0.21902866661548615,-0.6609511375427246,-0.5946663618087769,-0.1395293027162552,-0.849713146686554,-0.6501249074935913,-0.3165990114212036,-0.6826655864715576,-0.45419442653656006,-0.25044164061546326,-0.5332818627357483,-0.37974849343299866,-0.1432342827320099
0.0,0.0,0.0,0.2105756551027298,-0.3040395975112915,-0.21091358363628387,0.234005868434906,-0.6765705943107605,-0.29081782698631287,-0.048208676278591156,-0.8611149787902832,-0.351256400346756,-0.3047544062137604,-0.9190905094146729,-0.3853011727333069,-0.037497200071811676,-1.1053190231323242,-0.12549033761024475,-0.1270478367805481,-1.5211275815963745,-0.3607547879219055,-0.29960235953330994,-1.594674825668335,-0.489735871553421,-0.4309907555580139,-1.517364740371704,-0.5331436991691589,-0.276901513338089,-0.9565701484680176,-0.09109892696142197,-0.4692685604095459,-1.0129845142364502,-0.3423098027706146,-0.32521340250968933,-0.6862025856971741,-0.3781863749027252,-0.17233552038669586,-0.5845801830291748,-0.336298406124115,-0.4809688329696655,-0.7933831214904785,-0.09895588457584381,-0.6802058815956116,-0.8100074529647827,-0.3611423969268799,-0.4881500005722046,-0.5346588492393494,-0.30696502327919006,-0.32708582282066345,-0.47753825783729553,-0.19740013778209686,-0.6592799425125122,-0.6024976968765259,-0.12550106644630432,-0.842849850654602,-0.6462535262107849,-0.2906991243362427,-0.67057865858078,-0.45323649048805237,-0.22360359132289886,-0.5207696557044983,-0.3839122951030731,-0.11921144276857376
0.0,0.0,0.0,0.21382121741771698,-0.3037898540496826,-0.21474143862724304,0.24408051371574402,-0.6611740589141846,-0.3096954822540283,-0.018621794879436493,-0.8399211168289185,-0.3885516822338104,-0.2720363438129425,-0.8932396173477173,-0.4444494843482971,-0.02663913555443287,-1.0999850034713745,-0.13333283364772797,-0.1191813051700592,-1.5213919878005981,-0.36828264594078064,-0.29979702830314636,-1.6028379201889038,-0.5007185935974121,-0.4310322403907776,-1.5169166326522827,-0.5472490191459656,-0.264864444732666,-0.9590913653373718,-0.09995279461145401,-0.47222191095352173,-1.0167452096939087,-0.3710644543170929,-0.3517005145549774,-0.6903266310691833,-0.42383891344070435,-0.19678820669651031,-0.5577025413513184,-0.3872925639152527,-0.46781113743782043,-0.7982240319252014,-0.10666291415691376,-0.6803033351898193,-0.8147686719894409,-0.37688323855400085,-0.5109350681304932,-0.5432056188583374,-0.33289510011672974,-0.34584152698516846,-0.4664667844772339,-0.2261338233947754,-0.6438239812850952,-0.6114467978477478,-0.13187192380428314,-0.8371647596359253,-0.6528381109237671,-0.3064328730106354,-0.680229663848877,-0.45864155888557434,-0.24750645458698273,-0.5224807858467102,-0.3838752508163452,-0.1453305333852768
0.0,0.0,0.0,0.20885856449604034,-0.29590335488319397,-0.22073021531105042,0.24106673896312714,-0.6503683924674988,-0.32439175248146057,-0.004781563300639391,-0.8378887176513672,-0.4112708866596222,-0.25358402729034424,-0.9115166664123535,-0.4735226631164551,-0.027590319514274597,-1.101805567741394,-0.14274512231349945,-0.11372444033622742,-1.5213687419891357,-0.38988691568374634,-0.29607561230659485,-1.6135205030441284,-0.5297077298164368,-0.4307199716567993,-1.5380120277404785,-0.5793033838272095,-0.266489177942276,-0.9577748775482178,-0.10793908685445786,-0.4677915573120117,-1.0145343542099,-0.370382696390152,-0.33995187282562256,-0.6837050914764404,-0.40972137451171875,-0.18746064603328705,-0.5759595036506653,-0.36792638897895813,-0.47164028882980347,-0.7957842350006104,-0.1156395971775055,-0.6790610551834106,-0.8180621266365051,-0.38363951444625854,-0.5038602948188782,-0.5426210165023804,-0.32390493154525757,-0.3435177803039551,-0.4805891513824463,-0.2093186378479004,-0.6507413983345032,-0.6079689860343933,-0.1431988626718521,-0.8414425253868103,-0.6608837842941284,-0.31277990341186523,-0.6801815032958984,-0.461948961019516,-0.24124303460121155,-0.5286667346954346,-0.38944128155708313,-0.1322837918996811
0.0,0.0,0.0,0.20844286680221558,-0.30614611506462097,-0.19612114131450653,0.23124568164348602,-0.6716552972793579,-0.27593716979026794,-0.029279880225658417,-0.8463327288627625,-0.34252145886421204,-0.2755865752696991,-0.9038960933685303,-0.38655930757522583,-0.016914740204811096,-1.0931965112686157,-0.10673356056213379,-0.08815357834100723,-1.510583758354187,-0.34355273842811584,-0.2624630033969879,-1.602941870689392,-0.4848969876766205,-0.3978053331375122,-1.5402857065200806,-0.5387133955955505,-0.2554786503314972,-0.9632666110992432,-0.08275341987609863,-0.44669532775878906,-1.018310785293579,-0.3436763882637024,-0.33619365096092224,-0.7014573812484741,-0.3984147012233734,-0.19108113646507263,-0.5813066363334656,-0.3678564429283142,-0.46254292130470276,-0.8055328130722046,-0.09917754679918289,-0.649006724357605,-0.8172922730445862,-0.36077505350112915,-0.49138978123664856,-0.5479204058647156,-0.31838735938072205,-0.34061768651008606,-0.49015745520591736,-0.21618758141994476,-0.6393747925758362,-0.6223167777061462,-0.1332452893257141,-0.807663083076477,-0.6615524888038635,-0.2912295460700989,-0.6603430509567261,-0.47161397337913513,-0.22639796137809753,-0.5209121108055115,-0.4105265140533447,-0.12491501122713089
0.0,0.0,0.0,0.2106330245733261,-0.30828091502189636,-0.19353120028972626,0.23727768659591675,-0.6603401303291321,-0.2816423177719116,-0.0037113649304956198,-0.8435071706771851,-0.35972103476524353,-0.2502780258655548,-0.9190254807472229,-0.4174845814704895,-0.006373319774866104,-1.0986413955688477,-0.11295385658740997,-0.07060635834932327,-1.5231627225875854,-0.3512761890888214,-0.23965632915496826,-1.6264705657958984,-0.4954693615436554,-0.37282365560531616,-1.5582913160324097,-0.5501582026481628,-0.25006502866744995,-0.9638291597366333,-0.09220027178525925,-0.43292760848999023,-1.041985034942627,-0.3499252200126648,-0.3150098919868469,-0.719011664390564,-0.3995097279548645,-0.17160341143608093,-0.5866051316261292,-0.3660399913787842,-0.4578818678855896,-0.8057035207748413,-0.11138244718313217,-0.6457817554473877,-0.8460096120834351,-0.3647878170013428,-0.483716756105423,-0.573311984539032,-0.31112170219421387,-0.33812806010246277,-0.491403728723526,-0.20360468327999115,-0.6366826891899109,-0.61676025390625,-0.14879563450813293,-0.8128452301025391,-0.6872387528419495,-0.30118146538734436,-0.6614450812339783,-0.49788203835487366,-0.2275153249502182,-0.5224499702453613,-0.41754212975502014,-0.12038801610469818
0.0,0.0,0.0,0.20832644402980804,-0.3090747892856598,-0.2205384373664856,0.22128801047801971,-0.6799340844154358,-0.3042242228984833,-0.051769111305475235,-0.8689841032028198,-0.3661693036556244,-0.2978126108646393,-0.9411289691925049,-0.3968835175037384,-0.034033581614494324,-1.1135258674621582,-0.13379302620887756,-0.11910268664360046,-1.540264368057251,-0.3820875883102417,-0.29763874411582947,-1.6316425800323486,-0.5148481726646423,-0.42299985885620117,-1.5541592836380005,-0.5550333261489868,-0.2692645788192749,-0.9581257700920105,-0.09742546826601028,-0.4657488763332367,-1.032116174697876,-0.3376401662826538,-0.33089250326156616,-0.7043450474739075,-0.3580795228481293,-0.175065279006958,-0.6236323714256287,-0.3070910573005676,-0.47401562333106995,-0.7970768809318542,-0.10797546058893204,-0.6812829971313477,-0.8329184651374817,-0.3588353097438812,-0.5000495314598083,-0.5591341853141785,-0.291828453540802,-0.34204337000846863,-0.5230044722557068,-0.17692090570926666,-0.6491696834564209,-0.6073877811431885,-0.14031977951526642,-0.8522260189056396,-0.6693943738937378,-0.2888822853565216,-0.6869243383407593,-0.4833686351776123,-0.20845738053321838,-0.5389162302017212,-0.4159282147884369,-0.09734047204256058
0.0,0.0,0.0,0.20452512800693512,-0.31508487462997437,-0.1931907832622528,0.22528988122940063,-0.6684006452560425,-0.28061941266059875,-0.032520342618227005,-0.8480201363563538,-0.3583276867866516,-0.2797386050224304,-0.918303906917572,-0.41580629348754883,-0.03104185126721859,-1.097533941268921,-0.11174938827753067,-0.10995081067085266,-1.526269555091858,-0.34745290875434875,-0.2889789044857025,-1.6151117086410522,-0.4868443012237549,-0.42647701501846313,-1.541916012763977,-0.5393201112747192,-0.2689268887042999,-0.9589536786079407,-0.08992307633161545,-0.46659815311431885,-1.0229427814483643,-0.3543880581855774,-0.3440467417240143,-0.7065780758857727,-0.40763843059539795,-0.1895834058523178,-0.5803138017654419,-0.37540504336357117,-0.4735223948955536,-0.7959290742874146,-0.10743892937898636,-0.6766777634620667,-0.8191501498222351,-0.36944249272346497,-0.5065225958824158,-0.5532664656639099,-0.32110264897346497,-0.34460166096687317,-0.48003363609313965,-0.21487011015415192,-0.6504132747650146,-0.6062597036361694,-0.14243121445178986,-0.8431600332260132,-0.6590666770935059,-0.3065517246723175,-0.689064085483551,-0.4693576991558075,-0.24131330847740173,-0.5358763337135315,-0.39693593978881836,-0.13759745657444
0.0,0.0,0.0,0.20078450441360474,-0.29026761651039124,-0.23076128959655762,0.23665638267993927,-0.6535733342170715,-0.3221048414707184,-0.028134947642683983,-0.8243429660797119,-0.39198756217956543,-0.29452067613601685,-0.8855539560317993,-0.43476587533950806,-0.032756026834249496,-1.097872257232666,-0.1491510421037674,-0.12018754333257675,-1.5349494218826294,-0.395903617143631,-0.298910915851593,-1.6139671802520752,-0.5348407030105591,-0.42982587218284607,-1.5414735078811646,-0.5835612416267395,-0.26767635345458984,-0.9571948051452637,-0.11012516170740128,-0.46117836236953735,-1.0055127143859863,-0.36693260073661804,-0.32791203260421753,-0.6925765872001648,-0.4105778932571411,-0.16997888684272766,-0.5973791480064392,-0.37561166286468506,-0.47592848539352417,-0.7968090772628784,-0.11532249301671982,-0.6721690893173218,-0.801205575466156,-0.38154786825180054,-0.49163445830345154,-0.5357764363288879,-0.3339925706386566,-0.32897430658340454,-0.4906688630580902,-0.22935491800308228,-0.6599704623222351,-0.6102333664894104,-0.1412348747253418,-0.843726396560669,-0.647130012512207,-0.31025460362434387,-0.6745167374610901,-0.4601123332977295,-0.24532867968082428,-0.5192035436630249,-0.3920687735080719,-0.14136487245559692
